day,side,qty,entry_ts,entry_px,exit_ts,exit_px,stop_px,pnl,reason_in,reason_out
2016-01-14,-1,21,2016-01-14 09:00:00-06:00,100.89099999999999,2016-01-14 09:17:00-06:00,101.819,101.8,-194.88,short: close 100.91 < lower 101.19,stop
2016-01-20,-1,12,2016-01-20 09:30:00-06:00,98.67099999999999,2016-01-20 13:55:00-06:00,100.209,100.19,-184.56,short: close 98.69 < lower 98.76,stop
2016-01-27,-1,20,2016-01-27 09:30:00-06:00,101.40599999999999,2016-01-27 10:36:00-06:00,102.379,102.36,-194.6,short: close 101.43 < lower 101.91,stop
2016-01-29,1,24,2016-01-29 09:30:00-06:00,102.879,2016-01-29 14:52:00-06:00,104.106,102.11,294.48,long: close 102.86 > upper 102.76,flatten
2016-02-03,-1,16,2016-02-03 09:30:00-06:00,100.451,2016-02-03 13:24:00-06:00,101.60900000000001,101.59,-185.28,short: close 100.47 < lower 101.34,stop
2016-02-05,-1,19,2016-02-05 09:00:00-06:00,100.14099999999999,2016-02-05 14:52:00-06:00,97.909,101.11,424.08,short: close 100.15 < lower 100.50,flatten
2016-03-01,1,16,2016-03-01 10:00:00-06:00,104.289,2016-03-01 14:52:00-06:00,105.491,103.09,192.32,long: close 104.27 > upper 104.19,flatten
2016-03-18,-1,42,2016-03-18 09:00:00-05:00,106.92099999999999,2016-03-18 10:01:00-05:00,107.36900000000001,107.35000000000001,-188.16,short: close 106.94 < lower 107.05,stop
2016-03-30,1,28,2016-03-30 09:30:00-05:00,109.869,2016-03-30 10:37:00-05:00,109.181,109.2,-192.64,long: close 109.85 > upper 109.81,stop
2016-04-01,1,23,2016-04-01 10:00:00-05:00,109.71900000000001,2016-04-01 14:52:00-05:00,110.306,108.92,135.01,long: close 109.71 > upper 109.69,flatten
2016-04-06,1,29,2016-04-06 10:00:00-05:00,109.674,2016-04-06 14:52:00-05:00,110.541,109.02,251.43,long: close 109.66 > upper 109.60,flatten
2016-04-07,-1,26,2016-04-07 09:30:00-05:00,109.50099999999999,2016-04-07 14:52:00-05:00,108.899,110.22,156.52,short: close 109.52 < lower 109.63,flatten
2016-04-12,-1,40,2016-04-12 09:30:00-05:00,108.131,2016-04-12 09:31:00-05:00,108.60900000000001,108.59,-191.2,short: close 108.15 < lower 108.18,stop
2016-04-13,1,27,2016-04-13 09:00:00-05:00,110.744,2016-04-13 14:52:00-05:00,110.84599999999999,110.04,27.54,long: close 110.72 > upper 110.63,flatten
2016-04-18,1,31,2016-04-18 09:30:00-05:00,111.159,2016-04-18 14:52:00-05:00,111.181,110.56,6.82,long: close 111.14 > upper 111.08,flatten
2016-04-19,-1,46,2016-04-19 09:00:00-05:00,110.651,2016-04-19 14:52:00-05:00,110.569,111.04,37.72,short: close 110.68 < lower 110.94,flatten
2016-04-22,-1,16,2016-04-22 10:00:00-05:00,108.271,2016-04-22 14:52:00-05:00,108.924,109.47,-104.48,short: close 108.28 < lower 108.72,flatten
2016-04-27,-1,18,2016-04-27 09:30:00-05:00,106.821,2016-04-27 14:52:00-05:00,107.619,107.87,-143.64,short: close 106.84 < lower 106.86,flatten
2016-04-28,1,32,2016-04-28 10:00:00-05:00,108.284,2016-04-28 12:04:00-05:00,107.691,107.71000000000001,-189.76,long: close 108.26 > upper 108.21,stop
2016-04-29,-1,45,2016-04-29 09:00:00-05:00,105.681,2016-04-29 14:52:00-05:00,105.77900000000001,106.08,-44.1,short: close 105.71 < lower 105.87,flatten
2016-05-09,1,44,2016-05-09 09:00:00-05:00,106.16900000000001,2016-05-09 09:30:00-05:00,105.741,105.76,-188.32,long: close 106.16 > upper 106.01,stop
2016-05-12,-1,27,2016-05-12 10:00:00-05:00,105.69099999999999,2016-05-12 13:48:00-05:00,106.409,106.39,-193.86,short: close 105.72 < lower 105.83,stop
2016-05-16,1,30,2016-05-16 10:00:00-05:00,106.30890000000001,2016-05-16 14:52:00-05:00,106.881,105.69,171.63,long: close 106.29 > upper 106.21,flatten
2016-05-17,-1,40,2016-05-17 09:30:00-05:00,106.223,2016-05-17 14:52:00-05:00,105.49900000000001,106.68,289.6,short: close 106.25 < lower 106.31,flatten
2016-05-18,1,36,2016-05-18 09:30:00-05:00,106.21900000000001,2016-05-18 13:05:00-05:00,105.691,105.71000000000001,-190.08,long: close 106.21 > upper 105.90,stop
2016-05-19,-1,29,2016-05-19 09:00:00-05:00,104.916,2016-05-19 14:52:00-05:00,105.41900000000001,105.57000000000001,-145.87,short: close 104.94 < lower 105.00,flatten
2016-05-20,1,28,2016-05-20 09:00:00-05:00,106.44900000000001,2016-05-20 14:52:00-05:00,106.39099999999999,105.79,-16.24,long: close 106.43 > upper 106.19,flatten
2016-05-24,1,23,2016-05-24 09:00:00-05:00,107.46900000000001,2016-05-24 14:52:00-05:00,108.511,106.65,239.66,long: close 107.44 > upper 107.43,flatten
2016-06-03,-1,32,2016-06-03 09:00:00-05:00,109.83099999999999,2016-06-03 14:52:00-05:00,110.1765,110.41,-110.56,short: close 109.87 < lower 109.90,flatten
2016-06-14,-1,35,2016-06-14 10:30:00-05:00,107.261,2016-06-14 11:25:00-05:00,107.799,107.78,-188.3,short: close 107.27 < lower 107.38,stop
2016-06-16,-1,30,2016-06-16 09:00:00-05:00,106.771,2016-06-16 11:39:00-05:00,107.399,107.38,-188.4,short: close 106.80 < lower 106.84,stop
2016-06-17,-1,31,2016-06-17 09:00:00-05:00,106.89099999999999,2016-06-17 14:52:00-05:00,106.46900000000001,107.48,130.82,short: close 106.91 < lower 107.20,flatten
2016-06-22,1,36,2016-06-22 10:30:00-05:00,108.179,2016-06-22 11:23:00-05:00,107.651,107.67,-190.08,long: close 108.16 > upper 108.03,stop
2016-06-27,-1,22,2016-06-27 09:00:00-05:00,102.92099999999999,2016-06-27 14:52:00-05:00,102.30900000000001,103.79,134.64,short: close 102.94 < lower 103.11,flatten
2016-06-28,1,17,2016-06-28 09:00:00-05:00,104.049,2016-06-28 14:52:00-05:00,104.335,102.97,48.62,long: close 104.03 > upper 103.89,flatten
2016-06-29,1,18,2016-06-29 10:30:00-05:00,106.02900000000001,2016-06-29 14:52:00-05:00,106.25099999999999,104.97,39.96,long: close 106.01 > upper 105.92,flatten
2016-07-01,1,25,2016-07-01 09:30:00-05:00,108.339,2016-07-01 14:52:00-05:00,108.11099999999999,107.58,-57.0,long: close 108.31 > upper 108.30,flatten
2016-07-08,1,17,2016-07-08 10:30:00-05:00,110.09400000000001,2016-07-08 14:52:00-05:00,110.261,108.96000000000001,28.39,long: close 110.07 > upper 110.03,flatten
2016-07-20,1,22,2016-07-20 10:00:00-05:00,113.394,2016-07-20 14:52:00-05:00,113.53099999999999,112.54,30.14,long: close 113.37 > upper 113.29,flatten
2016-07-26,1,60,2016-07-26 09:00:00-05:00,114.134,2016-07-26 09:53:00-05:00,113.821,113.84,-187.8,long: close 114.11 > upper 113.94,stop
2016-08-01,1,54,2016-08-01 09:30:00-05:00,115.839,2016-08-01 11:20:00-05:00,115.491,115.51,-187.92,long: close 115.82 > upper 115.60,stop
2016-08-02,-1,59,2016-08-02 09:00:00-05:00,115.39099999999999,2016-08-02 14:52:00-05:00,115.024,115.69,216.53,short: close 115.41 < lower 115.45,flatten
2016-08-05,1,34,2016-08-05 09:00:00-05:00,116.80900000000001,2016-08-05 14:52:00-05:00,116.771,116.27,-12.92,long: close 116.79 > upper 116.52,flatten
2016-08-08,-1,45,2016-08-08 09:30:00-05:00,116.351,2016-08-08 14:52:00-05:00,116.619,116.75,-120.6,short: close 116.37 < lower 116.40,flatten
2016-08-09,1,34,2016-08-09 10:30:00-05:00,117.24900000000001,2016-08-09 14:52:00-05:00,116.89349999999999,116.71000000000001,-120.87,long: close 117.23 > upper 117.23,flatten
2016-08-15,1,49,2016-08-15 09:00:00-05:00,117.6589,2016-08-15 14:52:00-05:00,117.7209,117.29,30.38,long: close 117.64 > upper 117.63,flatten
2016-08-17,-1,57,2016-08-17 09:00:00-05:00,116.72099999999999,2016-08-17 12:38:00-05:00,117.049,117.03,-186.96,short: close 116.74 < lower 116.75,stop
2016-08-26,1,45,2016-08-26 09:30:00-05:00,117.49900000000001,2016-08-26 10:40:00-05:00,117.081,117.10000000000001,-188.1,long: close 117.47 > upper 117.02,stop
2016-09-08,-1,50,2016-09-08 09:00:00-05:00,117.201,2016-09-08 10:15:00-05:00,117.57900000000001,117.56,-189.0,short: close 117.22 < lower 117.40,stop
2016-09-12,1,35,2016-09-12 09:00:00-05:00,114.649,2016-09-12 14:52:00-05:00,116.22099999999999,114.12,550.2,long: close 114.65 > upper 114.49,flatten
2016-09-13,-1,27,2016-09-13 10:00:00-05:00,115.151,2016-09-13 14:52:00-05:00,115.424,115.85000000000001,-73.71,short: close 115.18 < lower 115.32,flatten
2016-09-14,1,45,2016-09-14 09:00:00-05:00,115.85900000000001,2016-09-14 14:52:00-05:00,115.72099999999999,115.46000000000001,-62.1,long: close 115.84 > upper 115.75,flatten
2016-09-15,1,47,2016-09-15 09:00:00-05:00,116.30900000000001,2016-09-15 14:52:00-05:00,117.651,115.93,630.74,long: close 116.29 > upper 116.26,flatten
2016-09-27,1,42,2016-09-27 09:00:00-05:00,117.979,2016-09-27 14:52:00-05:00,118.461,117.55,202.44,long: close 117.95 > upper 117.75,flatten
2016-10-05,1,38,2016-10-05 09:30:00-05:00,119.069,2016-10-05 14:52:00-05:00,118.791,118.59,-105.64,long: close 119.05 > upper 119.02,flatten
2016-10-07,-1,52,2016-10-07 10:00:00-05:00,118.42099999999999,2016-10-07 14:52:00-05:00,118.5886,118.76,-87.15,short: close 118.44 < lower 118.46,flatten
2016-10-10,1,30,2016-10-10 09:00:00-05:00,119.40400000000001,2016-10-10 14:52:00-05:00,119.161,118.79,-72.9,long: close 119.38 > upper 119.38,flatten
2016-10-11,-1,46,2016-10-11 09:00:00-05:00,118.53099999999999,2016-10-11 14:52:00-05:00,117.49900000000001,118.92,474.72,short: close 118.54 < lower 118.77,flatten
2016-10-13,-1,24,2016-10-13 09:00:00-05:00,116.091,2016-10-13 11:38:00-05:00,116.88900000000001,116.87,-191.52,short: close 116.11 < lower 116.25,stop
2016-10-20,-1,37,2016-10-20 10:00:00-05:00,117.201,2016-10-20 11:01:00-05:00,117.71900000000001,117.7,-191.66,short: close 117.21 < lower 117.25,stop
2016-10-24,1,24,2016-10-24 10:30:00-05:00,119.369,2016-10-24 14:52:00-05:00,119.5043,118.59,32.47,long: close 119.36 > upper 119.34,flatten
2016-11-04,1,35,2016-11-04 10:30:00-05:00,114.43900000000001,2016-11-04 14:00:00-05:00,113.89099999999999,113.91,-191.8,long: close 114.42 > upper 114.42,stop
2016-11-07,1,13,2016-11-07 10:00:00-06:00,116.099,2016-11-07 14:52:00-06:00,116.39099999999999,114.66,37.96,long: close 116.08 > upper 116.00,flatten
2016-11-10,-1,29,2016-11-10 09:30:00-06:00,115.241,2016-11-10 12:09:00-06:00,115.909,115.89,-193.72,short: close 115.25 < lower 117.24,stop
2016-11-14,-1,43,2016-11-14 09:00:00-06:00,114.92099999999999,2016-11-14 09:17:00-06:00,115.35900000000001,115.34,-188.34,short: close 114.95 < lower 115.40,stop
2016-11-14,-1,28,2016-11-14 09:30:00-06:00,114.961,2016-11-14 14:52:00-06:00,114.66900000000001,115.62,81.76,short: close 114.97 < lower 115.17,flatten
2016-11-15,1,16,2016-11-15 09:30:00-06:00,116.26400000000001,2016-11-15 14:52:00-06:00,116.341,115.12,12.32,long: close 116.24 > upper 116.20,flatten
2016-11-21,1,27,2016-11-21 09:00:00-06:00,118.32900000000001,2016-11-21 14:52:00-06:00,118.591,117.64,70.74,long: close 118.30 > upper 118.15,flatten
2016-12-01,-1,34,2016-12-01 09:00:00-06:00,116.771,2016-12-01 14:52:00-06:00,115.459,117.31,446.08,short: close 116.78 < lower 116.91,flatten
2016-12-13,1,34,2016-12-13 09:00:00-06:00,120.46900000000001,2016-12-13 14:52:00-06:00,120.62599999999999,119.93,53.38,long: close 120.44 > upper 119.70,flatten
2016-12-16,-1,23,2016-12-16 10:30:00-06:00,119.491,2016-12-16 14:52:00-06:00,119.659,120.29,-38.64,short: close 119.52 < lower 119.55,flatten
2016-12-19,1,24,2016-12-19 10:00:00-06:00,120.55900000000001,2016-12-19 14:52:00-06:00,119.996,119.78,-135.12,long: close 120.55 > upper 120.46,flatten
2016-12-27,1,35,2016-12-27 09:00:00-06:00,121.429,2016-12-27 14:48:00-06:00,120.89099999999999,120.91,-188.3,long: close 121.40 > upper 120.85,stop
2016-12-30,-1,29,2016-12-30 09:00:00-06:00,118.841,2016-12-30 14:52:00-06:00,118.194,119.49000000000001,187.63,short: close 118.89 < lower 119.15,flatten
2017-01-12,-1,24,2017-01-12 09:30:00-06:00,121.886,2017-01-12 13:34:00-06:00,122.679,122.66,-190.32,short: close 121.92 < lower 121.94,stop
2017-01-30,-1,39,2017-01-30 09:00:00-06:00,124.541,2017-01-30 14:52:00-06:00,124.88900000000001,125.01,-135.72,short: close 124.56 < lower 125.11,flatten
2017-02-07,1,35,2017-02-07 10:00:00-06:00,126.489,2017-02-07 14:52:00-06:00,126.151,125.96000000000001,-118.3,long: close 126.48 > upper 126.48,flatten
2017-02-09,1,36,2017-02-09 10:30:00-06:00,127.13900000000001,2017-02-09 14:52:00-06:00,127.03099999999999,126.63000000000001,-38.88,long: close 127.11 > upper 127.09,flatten
2017-02-21,1,59,2017-02-21 09:00:00-06:00,130.314,2017-02-21 14:52:00-06:00,130.481,130.01,98.53,long: close 130.29 > upper 130.22,flatten
2017-02-23,-1,50,2017-02-23 09:30:00-06:00,129.9983,2017-02-23 14:52:00-06:00,129.939,130.36,29.65,short: close 130.01 < lower 130.22,flatten
2017-03-02,-1,41,2017-03-02 10:30:00-06:00,130.951,2017-03-02 14:52:00-06:00,130.769,131.39000000000001,74.62,short: close 130.96 < lower 131.00,flatten
2017-03-08,1,60,2017-03-08 09:00:00-06:00,130.959,2017-03-08 10:45:00-06:00,130.701,130.72,-154.8,long: close 130.94 > upper 130.77,stop
2017-03-14,-1,39,2017-03-14 09:30:00-05:00,130.821,2017-03-14 14:28:00-05:00,131.309,131.29,-190.32,short: close 130.84 < lower 130.98,stop
2017-03-20,1,49,2017-03-20 09:30:00-05:00,132.0873,2017-03-20 12:40:00-05:00,131.701,131.72,-189.29,long: close 132.06 > upper 132.02,stop
2017-03-21,-1,29,2017-03-21 10:00:00-05:00,131.231,2017-03-21 14:52:00-05:00,129.769,131.88,423.98,short: close 131.24 < lower 131.41,flatten
2017-03-22,1,37,2017-03-22 10:30:00-05:00,130.669,2017-03-22 12:03:00-05:00,130.151,130.17000000000002,-191.66,long: close 130.65 > upper 130.34,stop
2017-03-23,-1,60,2017-03-23 09:00:00-05:00,130.37099999999998,2017-03-23 09:40:00-05:00,130.619,130.6,-148.8,short: close 130.38 < lower 130.38,stop
2017-03-24,1,49,2017-03-24 09:00:00-05:00,131.12900000000002,2017-03-24 12:55:00-05:00,130.74099999999999,130.76,-190.12,long: close 131.11 > upper 130.95,stop
2017-03-29,1,60,2017-03-29 09:00:00-05:00,131.999,2017-03-29 10:39:00-05:00,131.751,131.77,-148.8,long: close 131.96 > upper 131.91,stop
2017-04-05,1,57,2017-04-05 09:00:00-05:00,132.939,2017-04-05 14:13:00-05:00,132.611,132.63,-186.96,long: close 132.96 > upper 132.90,stop
2017-04-07,-1,60,2017-04-07 09:00:00-05:00,131.551,2017-04-07 09:09:00-05:00,131.829,131.81,-166.8,short: close 131.58 < lower 131.75,stop
2017-04-10,1,51,2017-04-10 09:00:00-05:00,132.409,2017-04-10 10:33:00-05:00,132.041,132.06,-187.68,long: close 132.39 > upper 132.38,stop
2017-04-11,-1,46,2017-04-11 09:00:00-05:00,131.291,2017-04-11 14:52:00-05:00,131.299,131.68,-3.68,short: close 131.31 < lower 131.56,flatten
2017-05-03,-1,37,2017-05-03 10:00:00-05:00,136.661,2017-05-03 14:52:00-05:00,137.109,137.16,-165.76,short: close 136.68 < lower 136.79,flatten
2017-05-09,1,44,2017-05-09 09:00:00-05:00,138.409,2017-05-09 14:52:00-05:00,138.161,138.0,-109.12,long: close 138.38 > upper 138.36,flatten
2017-05-10,-1,54,2017-05-10 09:30:00-05:00,137.941,2017-05-10 10:27:00-05:00,138.28900000000002,138.27,-187.92,short: close 137.96 < lower 138.03,stop
2017-05-11,-1,37,2017-05-11 09:00:00-05:00,137.62099999999998,2017-05-11 12:43:00-05:00,138.12900000000002,138.11,-187.96,short: close 137.65 < lower 137.71,stop
2017-05-15,1,47,2017-05-15 10:00:00-05:00,139.079,2017-05-15 11:27:00-05:00,138.681,138.70000000000002,-187.06,long: close 139.06 > upper 139.00,stop
2017-05-17,-1,21,2017-05-17 09:00:00-05:00,138.101,2017-05-17 14:52:00-05:00,136.309,138.99,376.32,short: close 138.13 < lower 138.20,flatten
2017-05-18,1,47,2017-05-18 09:00:00-05:00,136.549,2017-05-18 14:52:00-05:00,137.411,136.17000000000002,405.14,long: close 136.52 > upper 136.45,flatten
2017-05-22,1,34,2017-05-22 09:00:00-05:00,138.594,2017-05-22 14:52:00-05:00,139.021,138.04,145.18,long: close 138.58 > upper 138.55,flatten
2017-05-31,-1,29,2017-05-31 09:00:00-05:00,140.891,2017-05-31 14:52:00-05:00,141.174,141.52,-82.07,short: close 140.91 < lower 140.92,flatten
2017-06-12,-1,20,2017-06-12 09:00:00-05:00,137.921,2017-06-12 09:52:00-05:00,138.899,138.88,-195.6,short: close 137.94 < lower 138.45,stop
2017-06-15,-1,16,2017-06-15 09:30:00-05:00,137.71099999999998,2017-06-15 13:20:00-05:00,138.929,138.91,-194.88,short: close 137.74 < lower 137.85,stop
2017-06-16,-1,25,2017-06-16 09:30:00-05:00,137.971,2017-06-16 14:52:00-05:00,138.269,138.71,-74.5,short: close 137.99 < lower 138.18,flatten
2017-06-19,1,15,2017-06-19 09:30:00-05:00,140.279,2017-06-19 14:52:00-05:00,140.501,139.06,33.3,long: close 140.25 > upper 140.06,flatten
2017-06-21,1,29,2017-06-21 10:00:00-05:00,140.25400000000002,2017-06-21 14:52:00-05:00,140.68099999999998,139.62,123.83,long: close 140.24 > upper 140.14,flatten
2017-06-26,-1,20,2017-06-26 10:30:00-05:00,140.62099999999998,2017-06-26 14:52:00-05:00,140.769,141.54,-29.6,short: close 140.64 < lower 140.70,flatten
2017-06-28,1,22,2017-06-28 10:00:00-05:00,139.189,2017-06-28 14:52:00-05:00,140.0701,138.34,193.84,long: close 139.18 > upper 139.13,flatten
2017-06-29,-1,25,2017-06-29 09:00:00-05:00,138.591,2017-06-29 14:52:00-05:00,137.779,139.33,203.0,short: close 138.60 < lower 138.97,flatten
2017-07-07,1,30,2017-07-07 09:00:00-05:00,137.359,2017-07-07 14:52:00-05:00,137.811,136.74,135.6,long: close 137.35 > upper 137.14,flatten
2017-07-13,1,36,2017-07-13 09:00:00-05:00,141.299,2017-07-13 09:28:00-05:00,140.771,140.79,-190.08,long: close 141.28 > upper 141.28,stop
2017-07-31,-1,38,2017-07-31 09:30:00-05:00,143.281,2017-07-31 14:52:00-05:00,143.199,143.76,31.16,short: close 143.30 < lower 143.55,flatten
2017-08-02,-1,23,2017-08-02 09:30:00-05:00,143.146,2017-08-02 13:29:00-05:00,143.989,143.97,-193.89,short: close 143.16 < lower 143.16,stop
2017-08-03,-1,40,2017-08-03 09:00:00-05:00,143.501,2017-08-03 14:52:00-05:00,143.399,143.96,40.8,short: close 143.53 < lower 143.60,flatten
2017-08-10,-1,23,2017-08-10 09:00:00-05:00,142.87099999999998,2017-08-10 14:52:00-05:00,141.054,143.68,417.91,short: close 142.88 < lower 142.92,flatten
2017-08-11,1,29,2017-08-11 09:30:00-05:00,141.829,2017-08-11 14:52:00-05:00,142.131,141.19,87.58,long: close 141.81 > upper 141.77,flatten
2017-08-17,-1,20,2017-08-17 09:30:00-05:00,142.791,2017-08-17 14:52:00-05:00,141.439,143.72,270.4,short: close 142.81 < lower 143.08,flatten
2017-08-18,-1,37,2017-08-18 09:00:00-05:00,140.661,2017-08-18 09:06:00-05:00,141.179,141.16,-191.66,short: close 140.67 < lower 140.87,stop
2017-08-21,-1,29,2017-08-21 09:30:00-05:00,140.361,2017-08-21 10:33:00-05:00,141.019,141.0,-190.82,short: close 140.39 < lower 140.59,stop
2017-08-22,1,22,2017-08-22 09:00:00-05:00,142.31900000000002,2017-08-22 14:52:00-05:00,143.296,141.47,214.94,long: close 142.30 > upper 142.29,flatten
2017-08-24,-1,22,2017-08-24 10:30:00-05:00,141.761,2017-08-24 14:52:00-05:00,142.279,142.63,-113.96,short: close 141.78 < lower 141.99,flatten
2017-08-30,1,21,2017-08-30 10:00:00-05:00,143.989,2017-08-30 14:52:00-05:00,144.62099999999998,143.1,132.72,long: close 143.97 > upper 143.93,flatten
2017-09-11,1,17,2017-09-11 09:00:00-05:00,145.919,2017-09-11 14:52:00-05:00,145.74099999999999,144.83,-30.26,long: close 145.90 > upper 145.85,flatten
2017-09-15,1,29,2017-09-15 10:00:00-05:00,146.449,2017-09-15 14:52:00-05:00,145.971,145.81,-138.62,long: close 146.44 > upper 146.20,flatten
2017-09-20,-1,32,2017-09-20 10:00:00-05:00,144.916,2017-09-20 11:39:00-05:00,145.50900000000001,145.49,-189.76,short: close 144.93 < lower 145.21,stop
2017-09-21,-1,41,2017-09-21 09:00:00-05:00,144.451,2017-09-21 11:13:00-05:00,144.90900000000002,144.89000000000001,-187.78,short: close 144.48 < lower 144.87,stop
2017-09-25,-1,28,2017-09-25 09:00:00-05:00,143.341,2017-09-25 14:52:00-05:00,142.659,144.01,190.96,short: close 143.35 < lower 143.37,flatten
2017-10-19,-1,27,2017-10-19 09:00:00-05:00,147.501,2017-10-19 14:12:00-05:00,148.199,148.18,-188.46,short: close 147.53 < lower 147.76,stop
2017-10-23,-1,41,2017-10-23 09:30:00-05:00,148.37099999999998,2017-10-23 14:52:00-05:00,147.62900000000002,148.81,304.22,short: close 148.38 < lower 148.41,flatten
2017-10-25,-1,37,2017-10-25 10:30:00-05:00,146.74099999999999,2017-10-25 12:40:00-05:00,147.249,147.23,-187.96,short: close 146.76 < lower 147.37,stop
2017-10-27,1,13,2017-10-27 09:00:00-05:00,149.81900000000002,2017-10-27 14:52:00-05:00,151.381,148.39000000000001,203.06,long: close 149.79 > upper 149.59,flatten
2017-10-30,1,46,2017-10-30 09:00:00-05:00,151.749,2017-10-30 10:37:00-05:00,151.341,151.36,-187.68,long: close 151.74 > upper 151.54,stop
2017-11-02,-1,33,2017-11-02 09:30:00-05:00,151.391,2017-11-02 14:52:00-05:00,151.919,151.95000000000002,-174.24,short: close 151.41 < lower 151.44,flatten
2017-11-15,-1,25,2017-11-15 09:00:00-06:00,151.951,2017-11-15 09:35:00-06:00,152.709,152.69,-189.5,short: close 152.01 < lower 152.24,stop
2017-11-16,1,20,2017-11-16 10:00:00-06:00,154.279,2017-11-16 14:52:00-06:00,154.62099999999998,153.34,68.4,long: close 154.26 > upper 153.92,flatten
2017-11-21,1,26,2017-11-21 09:00:00-06:00,155.299,2017-11-21 14:52:00-06:00,155.40099999999998,154.57,26.52,long: close 155.28 > upper 154.90,flatten
2017-11-29,-1,40,2017-11-29 09:00:00-06:00,155.521,2017-11-29 14:52:00-06:00,153.869,155.98,660.8,short: close 155.53 < lower 156.07,flatten
2017-12-01,-1,15,2017-12-01 10:30:00-06:00,152.9775,2017-12-01 12:02:00-06:00,154.25900000000001,154.24,-192.23,short: close 153.00 < lower 153.41,stop
2017-12-04,-1,15,2017-12-04 10:00:00-06:00,153.226,2017-12-04 14:52:00-06:00,152.81900000000002,154.47,61.05,short: close 153.25 < lower 153.75,flatten
2017-12-05,1,34,2017-12-05 09:00:00-06:00,153.704,2017-12-05 13:21:00-06:00,153.131,153.15,-194.82,long: close 153.68 > upper 153.23,stop
2017-12-29,-1,35,2017-12-29 10:00:00-06:00,156.201,2017-12-29 14:52:00-06:00,155.829,156.72,130.2,short: close 156.21 < lower 156.28,flatten
2018-01-02,1,25,2018-01-02 09:00:00-06:00,157.50900000000001,2018-01-02 14:52:00-06:00,158.501,156.76,248.0,long: close 157.49 > upper 156.87,flatten
2018-01-03,1,35,2018-01-03 09:00:00-06:00,159.449,2018-01-03 14:52:00-06:00,160.08599999999998,158.93,222.95,long: close 159.43 > upper 159.06,flatten
2018-01-12,1,28,2018-01-12 09:30:00-06:00,163.864,2018-01-12 14:52:00-06:00,164.6,163.20000000000002,206.08,long: close 163.84 > upper 163.83,flatten
2018-01-16,1,17,2018-01-16 09:00:00-06:00,166.249,2018-01-16 10:15:00-06:00,165.131,165.15,-190.06,long: close 166.23 > upper 166.11,stop
2018-01-22,1,26,2018-01-22 09:30:00-06:00,167.189,2018-01-22 14:52:00-06:00,167.93099999999998,166.47,192.92,long: close 167.16 > upper 167.01,flatten
2018-01-23,1,18,2018-01-23 10:00:00-06:00,169.489,2018-01-23 14:52:00-06:00,169.506,168.43,3.06,long: close 169.47 > upper 169.44,flatten
2018-02-02,-1,21,2018-02-02 09:00:00-06:00,166.571,2018-02-02 14:52:00-06:00,164.78900000000002,167.47,374.22,short: close 166.59 < lower 166.75,flatten
2018-02-05,1,14,2018-02-05 09:30:00-06:00,165.534,2018-02-05 10:47:00-06:00,164.171,164.19,-190.82,long: close 165.49 > upper 165.20,stop
2018-02-06,1,11,2018-02-06 09:00:00-06:00,159.3989,2018-02-06 09:17:00-06:00,157.671,157.69,-190.07,long: close 159.35 > upper 158.78,stop
2018-02-08,-1,13,2018-02-08 10:00:00-06:00,158.191,2018-02-08 14:52:00-06:00,154.81900000000002,159.67000000000002,438.36,short: close 158.19 < lower 158.97,flatten
2018-02-14,1,12,2018-02-14 09:30:00-06:00,160.969,2018-02-14 14:52:00-06:00,162.891,159.46,230.64,long: close 160.94 > upper 160.73,flatten
2018-03-01,-1,26,2018-03-01 09:00:00-06:00,165.87099999999998,2018-03-01 09:03:00-06:00,166.59900000000002,166.58,-189.28,short: close 165.88 < lower 166.48,stop
2018-03-19,-1,14,2018-03-19 09:30:00-05:00,168.7209,2018-03-19 14:52:00-05:00,166.859,170.06,260.67,short: close 168.74 < lower 168.78,flatten
2018-03-20,1,40,2018-03-20 09:30:00-05:00,167.639,2018-03-20 10:42:00-05:00,167.161,167.18,-191.2,long: close 167.62 > upper 167.58,stop
2018-03-28,-1,16,2018-03-28 10:00:00-05:00,157.231,2018-03-28 11:10:00-05:00,158.43900000000002,158.42000000000002,-193.28,short: close 157.26 < lower 157.41,stop
2018-03-29,1,14,2018-03-29 10:00:00-05:00,159.579,2018-03-29 14:52:00-05:00,160.731,158.26,161.28,long: close 159.57 > upper 159.03,flatten
2018-04-02,-1,17,2018-04-02 09:00:00-05:00,158.171,2018-04-02 14:52:00-05:00,155.53990000000002,159.28,447.29,short: close 158.20 < lower 158.48,flatten
2018-04-09,1,12,2018-04-09 09:00:00-05:00,159.00900000000001,2018-04-09 14:52:00-05:00,158.201,157.5,-96.96,long: close 158.99 > upper 158.85,flatten
2018-04-20,-1,11,2018-04-20 10:30:00-05:00,162.421,2018-04-20 14:52:00-05:00,162.09900000000002,164.07,35.42,short: close 162.42 < lower 163.08,flatten
2018-04-24,-1,12,2018-04-24 10:00:00-05:00,160.691,2018-04-24 14:52:00-05:00,158.53900000000002,162.20000000000002,258.24,short: close 160.71 < lower 160.75,flatten
2018-04-25,-1,19,2018-04-25 09:00:00-05:00,156.791,2018-04-25 09:31:00-05:00,157.81900000000002,157.8,-195.32,short: close 156.80 < lower 157.63,stop
2018-05-04,1,18,2018-05-04 09:00:00-05:00,162.209,2018-05-04 14:52:00-05:00,164.716,161.17000000000002,451.26,long: close 162.19 > upper 162.10,flatten
2018-05-15,-1,11,2018-05-15 09:00:00-05:00,167.161,2018-05-15 14:52:00-05:00,167.809,168.84,-71.28,short: close 167.19 < lower 167.40,flatten
2018-05-24,-1,26,2018-05-24 09:00:00-05:00,168.671,2018-05-24 11:26:00-05:00,169.40900000000002,169.39000000000001,-191.88,short: close 168.70 < lower 168.86,stop
2018-06-01,1,15,2018-06-01 09:30:00-05:00,171.899,2018-06-01 14:52:00-05:00,172.671,170.67000000000002,115.8,long: close 171.87 > upper 171.70,flatten
2018-06-07,-1,22,2018-06-07 09:30:00-05:00,174.721,2018-06-07 14:52:00-05:00,174.579,175.56,31.24,short: close 174.73 < lower 175.06,flatten
2018-06-14,1,16,2018-06-14 09:30:00-05:00,177.56900000000002,2018-06-14 14:52:00-05:00,177.481,176.41,-14.08,long: close 177.54 > upper 177.36,flatten
2018-06-21,-1,22,2018-06-21 09:30:00-05:00,176.041,2018-06-21 10:48:00-05:00,176.90900000000002,176.89000000000001,-190.96,short: close 176.07 < lower 176.63,stop
2018-06-22,-1,26,2018-06-22 09:00:00-05:00,175.186,2018-06-22 12:41:00-05:00,175.929,175.91,-193.18,short: close 175.21 < lower 175.29,stop
2018-06-25,-1,16,2018-06-25 09:00:00-05:00,172.721,2018-06-25 14:52:00-05:00,171.334,173.89000000000001,221.92,short: close 172.75 < lower 173.28,flatten
2018-06-28,1,20,2018-06-28 10:00:00-05:00,170.549,2018-06-28 14:52:00-05:00,171.091,169.63,108.4,long: close 170.53 > upper 170.51,flatten
2018-07-06,1,13,2018-07-06 10:30:00-05:00,174.809,2018-07-06 14:52:00-05:00,175.34,173.37,69.03,long: close 174.79 > upper 174.54,flatten
2018-07-12,1,13,2018-07-12 09:30:00-05:00,178.339,2018-07-12 14:52:00-05:00,179.201,176.85,112.06,long: close 178.31 > upper 178.31,flatten
2018-07-27,-1,15,2018-07-27 10:00:00-05:00,179.411,2018-07-27 14:52:00-05:00,177.749,180.65,249.3,short: close 179.45 < lower 179.47,flatten
2018-07-30,-1,32,2018-07-30 09:00:00-05:00,175.631,2018-07-30 09:09:00-05:00,176.229,176.21,-191.36,short: close 175.65 < lower 177.08,stop
2018-07-30,-1,26,2018-07-30 09:30:00-05:00,176.091,2018-07-30 14:52:00-05:00,175.169,176.8,239.72,short: close 176.11 < lower 176.95,flatten
2018-08-13,1,22,2018-08-13 09:00:00-05:00,181.53900000000002,2018-08-13 10:52:00-05:00,180.681,180.70000000000002,-188.76,long: close 181.52 > upper 181.52,stop
2018-08-15,-1,12,2018-08-15 09:30:00-05:00,178.231,2018-08-15 14:52:00-05:00,179.25900000000001,179.84,-123.36,short: close 178.25 < lower 179.17,flatten
2018-08-20,-1,27,2018-08-20 09:00:00-05:00,179.281,2018-08-20 12:59:00-05:00,179.999,179.98,-193.86,short: close 179.30 < lower 179.38,stop
2018-08-23,1,28,2018-08-23 09:00:00-05:00,181.809,2018-08-23 10:15:00-05:00,181.131,181.15,-189.84,long: close 181.79 > upper 181.56,stop
2018-08-24,1,15,2018-08-24 10:00:00-05:00,182.37900000000002,2018-08-24 14:52:00-05:00,182.521,181.14000000000001,21.3,long: close 182.35 > upper 182.32,flatten
2018-08-29,1,16,2018-08-29 10:00:00-05:00,186.059,2018-08-29 14:52:00-05:00,186.661,184.86,96.32,long: close 186.04 > upper 185.95,flatten
2018-09-04,-1,21,2018-09-04 09:00:00-05:00,185.411,2018-09-04 09:51:00-05:00,186.31900000000002,186.3,-190.68,short: close 185.30 < lower 185.47,stop
2018-09-05,-1,23,2018-09-05 09:00:00-05:00,184.131,2018-09-05 14:52:00-05:00,183.209,184.95000000000002,212.06,short: close 184.15 < lower 184.90,flatten
2018-09-06,-1,18,2018-09-06 09:30:00-05:00,182.341,2018-09-06 14:52:00-05:00,181.859,183.4,86.76,short: close 182.36 < lower 182.44,flatten
2018-09-12,-1,12,2018-09-12 10:00:00-05:00,181.261,2018-09-12 14:52:00-05:00,182.654,182.88,-167.16,short: close 181.28 < lower 181.37,flatten
2018-09-17,-1,12,2018-09-17 10:00:00-05:00,181.9599,2018-09-17 14:52:00-05:00,181.329,183.57,75.71,short: close 181.98 < lower 182.20,flatten
2018-09-18,1,18,2018-09-18 09:00:00-05:00,182.769,2018-09-18 14:52:00-05:00,182.821,181.75,9.36,long: close 182.73 > upper 182.44,flatten
2018-10-04,-1,18,2018-10-04 09:00:00-05:00,184.271,2018-10-04 14:52:00-05:00,182.409,185.29,335.16,short: close 184.30 < lower 184.59,flatten
2018-10-05,-1,25,2018-10-05 09:00:00-05:00,181.591,2018-10-05 14:52:00-05:00,180.6,182.34,247.75,short: close 181.61 < lower 181.67,flatten
2018-10-09,1,26,2018-10-09 09:00:00-05:00,179.959,2018-10-09 12:00:00-05:00,179.221,179.24,-191.88,long: close 179.94 > upper 179.86,stop
2018-10-10,-1,16,2018-10-10 09:00:00-05:00,176.21099999999998,2018-10-10 14:52:00-05:00,172.799,177.38,545.92,short: close 176.22 < lower 177.88,flatten
2018-10-11,1,16,2018-10-11 09:00:00-05:00,173.34900000000002,2018-10-11 09:05:00-05:00,172.131,172.15,-194.88,long: close 173.33 > upper 172.58,stop
2018-10-15,-1,12,2018-10-15 09:30:00-05:00,172.231,2018-10-15 10:27:00-05:00,173.779,173.76,-185.76,short: close 172.25 < lower 172.49,stop
2018-10-16,1,8,2018-10-16 10:30:00-05:00,175.549,2018-10-16 14:52:00-05:00,177.291,173.17000000000002,139.36,long: close 175.53 > upper 175.45,flatten
2018-10-18,-1,10,2018-10-18 10:30:00-05:00,174.611,2018-10-18 14:52:00-05:00,173.28900000000002,176.52,132.2,short: close 174.64 < lower 175.04,flatten
2018-10-24,-1,11,2018-10-24 10:00:00-05:00,171.541,2018-10-24 14:52:00-05:00,166.269,173.22,579.92,short: close 171.56 < lower 171.58,flatten
2018-10-25,1,6,2018-10-25 09:30:00-05:00,169.589,2018-10-25 14:52:00-05:00,170.951,166.72,81.72,long: close 169.57 > upper 169.55,flatten
2018-10-31,1,7,2018-10-31 09:30:00-05:00,170.479,2018-10-31 14:52:00-05:00,169.896,167.67000000000002,-40.81,long: close 170.45 > upper 170.02,flatten
2018-11-02,-1,10,2018-11-02 09:30:00-05:00,169.951,2018-11-02 14:52:00-05:00,169.62900000000002,171.79,32.2,short: close 169.98 < lower 169.99,flatten
2018-11-05,-1,13,2018-11-05 09:00:00-06:00,168.041,2018-11-05 14:52:00-06:00,168.794,169.54,-97.89,short: close 168.04 < lower 168.07,flatten
2018-11-06,1,12,2018-11-06 09:00:00-06:00,170.859,2018-11-06 13:21:00-06:00,169.271,169.29,-190.56,long: close 170.86 > upper 170.51,stop
2018-11-07,1,7,2018-11-07 10:00:00-06:00,174.00900000000001,2018-11-07 14:52:00-06:00,175.101,171.52,76.44,long: close 173.99 > upper 173.76,flatten
2018-11-12,-1,9,2018-11-12 09:00:00-06:00,168.701,2018-11-12 14:52:00-06:00,166.549,170.75,193.68,short: close 168.72 < lower 168.88,flatten
2018-11-19,-1,9,2018-11-19 09:30:00-06:00,164.311,2018-11-19 14:52:00-06:00,161.739,166.44,231.48,short: close 164.33 < lower 165.00,flatten
2018-12-07,-1,13,2018-12-07 09:30:00-06:00,165.061,2018-12-07 14:52:00-06:00,161.719,166.47,434.46,short: close 165.07 < lower 165.10,flatten
2018-12-17,-1,25,2018-12-17 09:00:00-06:00,159.391,2018-12-17 09:14:00-06:00,160.15900000000002,160.14000000000001,-192.0,short: close 159.42 < lower 159.91,stop
2018-12-19,1,31,2018-12-19 09:00:00-06:00,159.949,2018-12-19 10:15:00-06:00,159.331,159.35,-191.58,long: close 159.92 > upper 158.94,stop
2018-12-20,-1,13,2018-12-20 10:30:00-06:00,152.921,2018-12-20 14:52:00-06:00,151.869,154.38,136.76,short: close 152.93 < lower 153.01,flatten
2018-12-24,-1,13,2018-12-24 09:00:00-06:00,144.94979999999998,2018-12-24 09:36:00-06:00,146.419,146.4,-191.0,short: close 144.97 < lower 145.41,stop
2018-12-27,-1,11,2018-12-27 09:30:00-06:00,148.641,2018-12-27 14:20:00-06:00,150.28900000000002,150.27,-181.28,short: close 148.66 < lower 149.89,stop
2018-12-28,-1,16,2018-12-28 09:30:00-06:00,152.261,2018-12-28 10:38:00-06:00,153.46900000000002,153.45000000000002,-193.28,short: close 152.28 < lower 152.40,stop
2019-01-03,-1,8,2019-01-03 09:30:00-06:00,151.291,2019-01-03 14:52:00-06:00,150.189,153.51,88.16,short: close 151.32 < lower 151.54,flatten
2019-01-04,1,8,2019-01-04 09:00:00-06:00,153.34900000000002,2019-01-04 14:52:00-06:00,156.15099999999998,151.11,224.16,long: close 153.33 > upper 153.19,flatten
2019-01-15,1,16,2019-01-15 09:00:00-06:00,161.589,2019-01-15 14:52:00-06:00,162.271,160.39000000000001,109.12,long: close 161.56 > upper 160.82,flatten
2019-01-29,-1,18,2019-01-29 10:00:00-06:00,161.191,2019-01-29 14:52:00-06:00,161.329,162.24,-24.84,short: close 161.21 < lower 162.10,flatten
2019-01-31,1,16,2019-01-31 09:30:00-06:00,167.904,2019-01-31 14:52:00-06:00,168.05599999999998,166.73,24.32,long: close 167.87 > upper 167.40,flatten
2019-02-04,1,16,2019-02-04 10:00:00-06:00,168.719,2019-02-04 14:52:00-06:00,169.111,167.58,62.72,long: close 168.66 > upper 168.61,flatten
2019-02-05,1,17,2019-02-05 09:30:00-06:00,170.739,2019-02-05 14:52:00-06:00,170.9209,169.63,30.92,long: close 170.74 > upper 170.74,flatten
2019-02-12,1,11,2019-02-12 10:00:00-06:00,170.719,2019-02-12 14:52:00-06:00,170.876,169.04,17.27,long: close 170.71 > upper 170.67,flatten
2019-02-21,-1,21,2019-02-21 09:00:00-06:00,171.12099999999998,2019-02-21 11:01:00-06:00,172.019,172.0,-188.58,short: close 171.14 < lower 171.15,stop
2019-02-27,-1,16,2019-02-27 09:30:00-06:00,172.021,2019-02-27 11:09:00-06:00,173.18900000000002,173.17000000000002,-186.88,short: close 172.04 < lower 172.16,stop
2019-03-07,-1,24,2019-03-07 09:00:00-06:00,171.911,2019-03-07 14:52:00-06:00,171.089,172.70000000000002,197.28,short: close 171.94 < lower 172.51,flatten
2019-03-11,1,20,2019-03-11 09:00:00-05:00,173.03900000000002,2019-03-11 14:52:00-05:00,174.666,172.11,325.4,long: close 173.02 > upper 172.44,flatten
2019-03-15,1,21,2019-03-15 09:00:00-05:00,178.079,2019-03-15 14:52:00-05:00,178.166,177.20000000000002,18.27,long: close 178.06 > upper 177.95,flatten
2019-03-21,1,17,2019-03-21 09:30:00-05:00,180.839,2019-03-21 14:52:00-05:00,182.481,179.74,279.14,long: close 180.81 > upper 180.60,flatten
2019-03-22,-1,16,2019-03-22 09:00:00-05:00,180.71099999999998,2019-03-22 14:52:00-05:00,178.799,181.9,305.92,short: close 180.72 < lower 180.97,flatten
2019-03-26,1,12,2019-03-26 09:00:00-05:00,180.56900000000002,2019-03-26 11:48:00-05:00,179.021,179.04,-185.76,long: close 180.55 > upper 180.45,stop
2019-03-27,-1,14,2019-03-27 10:30:00-05:00,177.321,2019-03-27 14:52:00-05:00,178.149,178.68,-115.92,short: close 177.37 < lower 177.80,flatten
2019-04-15,-1,45,2019-04-15 09:30:00-05:00,184.981,2019-04-15 12:04:00-05:00,185.399,185.38,-188.1,short: close 185.00 < lower 185.43,stop
2019-04-18,-1,29,2019-04-18 09:30:00-05:00,186.441,2019-04-18 10:53:00-05:00,187.089,187.07,-187.92,short: close 186.47 < lower 186.68,stop
2019-04-23,1,27,2019-04-23 09:00:00-05:00,189.06900000000002,2019-04-23 14:52:00-05:00,190.1011,188.38,278.67,long: close 189.04 > upper 188.86,flatten
2019-04-26,-1,29,2019-04-26 09:00:00-05:00,188.921,2019-04-26 09:22:00-05:00,189.56900000000002,189.55,-187.92,short: close 188.95 < lower 189.67,stop
2019-04-30,-1,12,2019-04-30 10:30:00-05:00,188.43099999999998,2019-04-30 14:52:00-05:00,189.389,189.96,-114.96,short: close 188.44 < lower 188.71,flatten
2019-05-03,1,13,2019-05-03 10:00:00-05:00,190.579,2019-05-03 14:52:00-05:00,191.081,189.11,65.26,long: close 190.55 > upper 190.40,flatten
2019-05-07,-1,9,2019-05-07 10:00:00-05:00,186.501,2019-05-07 14:52:00-05:00,185.779,188.47,64.98,short: close 186.52 < lower 186.96,flatten
2019-05-09,-1,10,2019-05-09 09:30:00-05:00,182.37099999999998,2019-05-09 11:30:00-05:00,184.18900000000002,184.17000000000002,-181.8,short: close 182.40 < lower 182.90,stop
2019-05-10,-1,15,2019-05-10 09:30:00-05:00,182.791,2019-05-10 12:22:00-05:00,184.089,184.07,-194.7,short: close 182.84 < lower 183.16,stop
2019-05-15,1,12,2019-05-15 09:30:00-05:00,181.939,2019-05-15 14:52:00-05:00,183.18099999999998,180.37,149.04,long: close 181.92 > upper 181.51,flatten
2019-05-16,1,25,2019-05-16 09:00:00-05:00,184.62900000000002,2019-05-16 14:52:00-05:00,184.506,183.89000000000001,-30.75,long: close 184.60 > upper 183.82,flatten
2019-06-03,-1,20,2019-06-03 09:00:00-05:00,171.951,2019-06-03 09:43:00-05:00,172.919,172.9,-193.6,short: close 171.97 < lower 172.76,stop
2019-06-04,1,8,2019-06-04 10:30:00-05:00,173.934,2019-06-04 14:52:00-05:00,174.541,171.63,48.56,long: close 173.91 > upper 173.40,flatten
2019-06-07,1,15,2019-06-07 09:00:00-05:00,179.84900000000002,2019-06-07 14:52:00-05:00,180.956,178.6,166.05,long: close 179.82 > upper 179.30,flatten
2019-06-10,1,13,2019-06-10 09:00:00-05:00,183.264,2019-06-10 14:52:00-05:00,183.166,181.76,-12.74,long: close 183.25 > upper 183.12,flatten
2019-06-18,1,9,2019-06-18 09:00:00-05:00,187.079,2019-06-18 14:52:00-05:00,186.346,185.01,-65.97,long: close 187.06 > upper 186.86,flatten
2019-06-25,-1,14,2019-06-25 10:30:00-05:00,186.601,2019-06-25 14:52:00-05:00,184.794,187.99,252.98,short: close 186.61 < lower 186.70,flatten
2019-07-08,-1,14,2019-07-08 09:00:00-05:00,188.971,2019-07-08 14:52:00-05:00,189.719,190.34,-104.72,short: close 188.98 < lower 189.12,flatten
2019-07-10,1,15,2019-07-10 09:00:00-05:00,192.989,2019-07-10 10:09:00-05:00,191.751,191.77,-185.7,long: close 192.98 > upper 192.47,stop
2019-07-22,1,20,2019-07-22 09:00:00-05:00,192.439,2019-07-22 14:52:00-05:00,192.481,191.51,8.4,long: close 192.42 > upper 192.13,flatten
2019-07-25,-1,17,2019-07-25 09:30:00-05:00,193.49099999999999,2019-07-25 14:52:00-05:00,193.479,194.58,2.04,short: close 193.50 < lower 193.73,flatten
2019-07-29,-1,21,2019-07-29 09:00:00-05:00,193.821,2019-07-29 13:55:00-05:00,194.729,194.71,-190.68,short: close 193.84 < lower 194.32,stop
2019-08-01,1,19,2019-08-01 09:00:00-05:00,192.929,2019-08-01 12:35:00-05:00,191.931,191.95000000000002,-189.62,long: close 192.92 > upper 192.33,stop
2019-08-02,-1,11,2019-08-02 09:30:00-05:00,187.411,2019-08-02 14:52:00-05:00,187.269,189.13,15.62,short: close 187.45 < lower 187.75,flatten
2019-08-05,-1,6,2019-08-05 10:00:00-05:00,182.111,2019-08-05 14:52:00-05:00,180.774,185.32,80.22,short: close 182.13 < lower 182.27,flatten
2019-08-08,1,9,2019-08-08 10:00:00-05:00,186.704,2019-08-08 14:52:00-05:00,187.93099999999998,184.64000000000001,110.43,long: close 186.69 > upper 186.67,flatten
2019-08-09,-1,9,2019-08-09 10:30:00-05:00,185.21099999999998,2019-08-09 12:31:00-05:00,187.299,187.28,-187.92,short: close 185.23 < lower 185.73,stop
2019-08-13,1,19,2019-08-13 09:00:00-05:00,189.049,2019-08-13 10:04:00-05:00,188.051,188.07,-189.62,long: close 189.07 > upper 185.30,stop
2019-08-13,1,11,2019-08-13 10:30:00-05:00,187.729,2019-08-13 14:52:00-05:00,188.36599999999999,186.0,70.07,long: close 187.72 > upper 186.05,flatten
2019-08-22,-1,10,2019-08-22 10:00:00-05:00,186.691,2019-08-22 14:52:00-05:00,188.59900000000002,188.61,-190.8,short: close 186.68 < lower 186.89,flatten
2019-08-23,-1,8,2019-08-23 10:30:00-05:00,184.601,2019-08-23 14:52:00-05:00,181.959,187.0,211.36,short: close 184.61 < lower 185.01,flatten
2019-09-05,1,13,2019-09-05 09:00:00-05:00,191.419,2019-09-05 14:52:00-05:00,191.691,189.94,35.36,long: close 191.27 > upper 190.85,flatten
2019-09-10,-1,17,2019-09-10 09:00:00-05:00,189.311,2019-09-10 11:49:00-05:00,190.449,190.43,-193.46,short: close 189.34 < lower 189.54,stop
2019-09-19,1,21,2019-09-19 09:30:00-05:00,193.81900000000002,2019-09-19 11:29:00-05:00,192.891,192.91,-194.88,long: close 193.78 > upper 193.61,stop
2019-09-25,-1,29,2019-09-25 09:00:00-05:00,187.051,2019-09-25 09:31:00-05:00,187.709,187.69,-190.82,short: close 187.06 < lower 187.19,stop
2019-09-26,-1,27,2019-09-26 09:00:00-05:00,188.89759999999998,2019-09-26 13:23:00-05:00,189.609,189.59,-192.08,short: close 188.91 < lower 189.28,stop
2019-09-27,-1,24,2019-09-27 09:00:00-05:00,188.601,2019-09-27 10:14:00-05:00,189.399,189.38,-191.52,short: close 188.63 < lower 188.74,stop
2019-10-01,1,19,2019-10-01 09:00:00-05:00,190.419,2019-10-01 09:05:00-05:00,189.421,189.44,-189.62,long: close 190.41 > upper 190.14,stop
2019-10-02,-1,15,2019-10-02 09:00:00-05:00,184.911,2019-10-02 14:52:00-05:00,184.00900000000001,186.14000000000001,135.3,short: close 184.93 < lower 185.40,flatten
2019-10-08,-1,14,2019-10-08 09:00:00-05:00,186.011,2019-10-08 13:36:00-05:00,187.389,187.37,-192.92,short: close 186.01 < lower 186.25,stop
2019-10-10,1,23,2019-10-10 09:00:00-05:00,188.749,2019-10-10 13:08:00-05:00,187.901,187.92000000000002,-195.04,long: close 188.72 > upper 188.14,stop
2019-10-11,1,9,2019-10-11 09:30:00-05:00,192.00900000000001,2019-10-11 14:52:00-05:00,191.671,190.01,-30.42,long: close 191.98 > upper 191.74,flatten
2019-10-15,1,14,2019-10-15 09:30:00-05:00,192.81900000000002,2019-10-15 14:52:00-05:00,193.601,191.52,109.48,long: close 192.78 > upper 192.69,flatten
2019-10-25,1,11,2019-10-25 10:30:00-05:00,195.529,2019-10-25 14:52:00-05:00,195.361,193.77,-18.48,long: close 195.51 > upper 195.34,flatten
2019-11-12,1,18,2019-11-12 10:30:00-06:00,202.12900000000002,2019-11-12 13:50:00-06:00,201.081,201.1,-188.64,long: close 202.10 > upper 202.08,stop
2019-11-25,1,21,2019-11-25 09:00:00-06:00,203.619,2019-11-25 14:52:00-06:00,203.986,202.74,77.07,long: close 203.60 > upper 203.12,flatten
2019-12-02,-1,32,2019-12-02 09:00:00-06:00,203.40099999999998,2019-12-02 14:52:00-06:00,203.029,203.97,119.04,short: close 203.43 < lower 204.59,flatten
2019-12-12,1,24,2019-12-12 09:00:00-06:00,206.549,2019-12-12 10:41:00-06:00,205.74099999999999,205.76,-193.92,long: close 206.51 > upper 205.69,stop
2019-12-26,1,23,2019-12-26 10:30:00-06:00,213.079,2019-12-26 14:52:00-06:00,213.391,212.26,71.76,long: close 213.07 > upper 212.91,flatten
2019-12-30,-1,22,2019-12-30 09:00:00-06:00,211.71099999999998,2019-12-30 11:30:00-06:00,212.59900000000002,212.58,-195.36,short: close 211.72 < lower 212.68,stop
2020-01-15,1,20,2020-01-15 10:00:00-06:00,221.189,2020-01-15 12:25:00-06:00,220.24099999999999,220.26,-189.6,long: close 221.17 > upper 221.06,stop
2020-01-28,1,14,2020-01-28 09:30:00-06:00,220.28900000000002,2020-01-28 14:52:00-06:00,221.49099999999999,218.9,168.28,long: close 220.26 > upper 220.22,flatten
2020-01-31,-1,15,2020-01-31 09:30:00-06:00,220.781,2020-01-31 14:52:00-06:00,218.97400000000002,222.07,271.05,short: close 220.81 < lower 221.76,flatten
2020-02-03,1,14,2020-02-03 09:00:00-06:00,222.209,2020-02-03 14:52:00-06:00,222.011,220.82,-27.72,long: close 222.16 > upper 220.97,flatten
2020-02-20,-1,8,2020-02-20 10:30:00-06:00,234.001,2020-02-20 14:52:00-06:00,234.519,236.31,-41.44,short: close 234.02 < lower 234.42,flatten
2020-02-21,-1,11,2020-02-21 09:00:00-06:00,231.761,2020-02-21 14:52:00-06:00,230.479,233.42000000000002,141.02,short: close 231.79 < lower 232.53,flatten
2020-02-25,-1,7,2020-02-25 10:30:00-06:00,219.021,2020-02-25 14:52:00-06:00,215.419,221.67000000000002,252.14,short: close 219.04 < lower 219.65,flatten
2020-02-26,1,11,2020-02-26 09:00:00-06:00,218.25900000000001,2020-02-26 11:08:00-06:00,216.511,216.53,-192.28,long: close 218.26 > upper 217.79,stop
2020-02-27,-1,5,2020-02-27 09:30:00-06:00,209.231,2020-02-27 11:14:00-06:00,213.199,213.18,-198.4,short: close 209.26 < lower 209.81,stop
2020-03-03,-1,13,2020-03-03 09:00:00-06:00,214.12099999999998,2020-03-03 09:00:00-06:00,215.609,215.59,-193.44,short: close 214.13 < lower 215.33,stop
2020-03-03,-1,7,2020-03-03 10:30:00-06:00,212.661,2020-03-03 10:58:00-06:00,215.459,215.44,-195.86,short: close 212.69 < lower 214.02,stop
2020-03-19,1,6,2020-03-19 09:30:00-05:00,179.62900000000002,2020-03-19 09:47:00-05:00,176.481,176.5,-188.88,long: close 179.64 > upper 179.21,stop
2020-03-19,1,3,2020-03-19 10:30:00-05:00,181.734,2020-03-19 14:52:00-05:00,178.191,176.18,-106.29,long: close 181.70 > upper 181.64,flatten
2020-04-14,1,5,2020-04-14 09:00:00-05:00,209.709,2020-04-14 14:52:00-05:00,211.61329999999998,206.13,95.21,long: close 209.69 > upper 208.70,flatten
2020-04-21,-1,5,2020-04-21 10:00:00-05:00,204.881,2020-04-21 14:52:00-05:00,205.189,208.61,-15.4,short: close 204.91 < lower 207.92,flatten
2020-04-28,-1,5,2020-04-28 10:00:00-05:00,212.301,2020-04-28 14:52:00-05:00,211.679,215.84,31.1,short: close 212.30 < lower 212.78,flatten
2020-05-14,-1,10,2020-05-14 09:00:00-05:00,216.581,2020-05-14 10:07:00-05:00,218.449,218.43,-186.8,short: close 216.54 < lower 216.91,stop
2020-05-19,1,12,2020-05-19 10:00:00-05:00,229.279,2020-05-19 14:50:00-05:00,227.681,227.70000000000002,-191.76,long: close 229.29 > upper 229.15,stop
2020-05-20,1,7,2020-05-20 09:00:00-05:00,230.939,2020-05-20 14:52:00-05:00,231.031,228.35,6.44,long: close 230.91 > upper 230.71,flatten
2020-05-21,-1,11,2020-05-21 10:30:00-05:00,228.981,2020-05-21 14:52:00-05:00,229.199,230.68,-23.98,short: close 228.99 < lower 229.71,flatten
2020-05-27,-1,12,2020-05-27 09:00:00-05:00,226.661,2020-05-27 13:00:00-05:00,228.209,228.19,-185.76,short: close 226.69 < lower 227.30,stop
2020-06-05,1,10,2020-06-05 09:00:00-05:00,238.149,2020-06-05 14:52:00-05:00,239.341,236.23000000000002,119.2,long: close 238.12 > upper 237.45,flatten
2020-06-24,-1,13,2020-06-24 09:00:00-05:00,246.221,2020-06-24 14:52:00-05:00,243.489,247.62,355.16,short: close 246.27 < lower 246.96,flatten
2020-06-25,-1,16,2020-06-25 09:00:00-05:00,242.62099999999998,2020-06-25 09:23:00-05:00,243.779,243.76,-185.28,short: close 242.65 < lower 242.71,stop
2020-06-26,-1,16,2020-06-26 09:00:00-05:00,244.411,2020-06-26 14:52:00-05:00,240.709,245.56,592.32,short: close 244.47 < lower 244.76,flatten
2020-06-29,-1,17,2020-06-29 09:00:00-05:00,238.90099999999998,2020-06-29 09:14:00-05:00,239.99900000000002,239.98000000000002,-186.66,short: close 238.89 < lower 238.95,stop
2020-06-30,1,17,2020-06-30 09:00:00-05:00,244.559,2020-06-30 14:52:00-05:00,247.65099999999998,243.47,525.64,long: close 244.55 > upper 243.84,flatten
2020-07-01,1,12,2020-07-01 09:30:00-05:00,249.054,2020-07-01 14:52:00-05:00,250.801,247.49,209.64,long: close 249.03 > upper 249.01,flatten
2020-07-06,1,6,2020-07-06 09:30:00-05:00,256.969,2020-07-06 14:52:00-05:00,258.121,253.84,69.12,long: close 256.97 > upper 256.90,flatten
2020-07-07,1,12,2020-07-07 09:30:00-05:00,260.029,2020-07-07 13:20:00-05:00,258.391,258.41,-196.56,long: close 260.00 > upper 259.86,stop
2020-07-10,-1,13,2020-07-10 09:00:00-05:00,260.391,2020-07-10 09:43:00-05:00,261.899,261.88,-196.04,short: close 260.47 < lower 260.49,stop
2020-07-20,1,10,2020-07-20 09:30:00-05:00,262.6914,2020-07-20 14:52:00-05:00,267.241,260.81,454.96,long: close 262.65 > upper 261.63,flatten
2020-07-27,1,9,2020-07-27 09:00:00-05:00,259.099,2020-07-27 10:28:00-05:00,257.091,257.11,-180.72,long: close 259.05 > upper 258.37,stop
2020-08-10,-1,12,2020-08-10 09:30:00-05:00,269.891,2020-08-10 14:52:00-05:00,269.964,271.49,-8.76,short: close 269.91 < lower 270.03,flatten
2020-08-12,1,8,2020-08-12 09:00:00-05:00,269.899,2020-08-12 14:52:00-05:00,271.981,267.59000000000003,166.56,long: close 269.87 > upper 268.60,flatten
2020-08-20,1,8,2020-08-20 10:30:00-05:00,278.074,2020-08-20 14:52:00-05:00,279.971,275.81,151.76,long: close 278.04 > upper 277.98,flatten
2020-09-03,-1,4,2020-09-03 09:30:00-05:00,294.201,2020-09-03 14:52:00-05:00,285.924,298.23,331.08,short: close 294.21 < lower 296.45,flatten
2020-09-04,-1,8,2020-09-04 09:00:00-05:00,281.501,2020-09-04 13:45:00-05:00,283.729,283.71,-178.24,short: close 281.58 < lower 284.28,stop
2020-09-30,1,8,2020-09-30 09:00:00-05:00,278.539,2020-09-30 14:52:00-05:00,278.861,276.34000000000003,25.76,long: close 278.52 > upper 278.18,flatten
2020-10-21,1,13,2020-10-21 09:00:00-05:00,287.209,2020-10-21 09:48:00-05:00,285.731,285.75,-192.14,long: close 287.19 > upper 286.03,stop
2020-10-22,-1,9,2020-10-22 10:00:00-05:00,282.121,2020-10-22 12:14:00-05:00,284.23900000000003,284.22,-190.62,short: close 282.17 < lower 282.52,stop
2020-10-26,-1,6,2020-10-26 10:30:00-05:00,280.301,2020-10-26 14:52:00-05:00,279.069,283.43,73.92,short: close 280.31 < lower 280.53,flatten
2020-10-28,-1,5,2020-10-28 09:00:00-05:00,275.76099999999997,2020-10-28 14:52:00-05:00,272.789,279.57,148.6,short: close 275.78 < lower 276.56,flatten
2020-10-29,1,7,2020-10-29 09:30:00-05:00,275.649,2020-10-29 14:52:00-05:00,278.221,273.09000000000003,180.04,long: close 275.62 > upper 274.94,flatten
2020-10-30,-1,7,2020-10-30 09:00:00-05:00,272.381,2020-10-30 14:52:00-05:00,268.194,275.12,293.09,short: close 272.44 < lower 272.57,flatten
2020-11-03,1,5,2020-11-03 09:30:00-06:00,275.73900000000003,2020-11-03 14:52:00-06:00,275.611,272.35,-6.4,long: close 275.72 > upper 274.35,flatten
2020-11-04,1,3,2020-11-04 09:30:00-06:00,286.92900000000003,2020-11-04 14:52:00-06:00,287.01099999999997,280.93,2.46,long: close 286.90 > upper 286.45,flatten
2020-11-06,-1,8,2020-11-06 09:00:00-06:00,290.201,2020-11-06 09:28:00-06:00,292.639,292.62,-195.04,short: close 290.20 < lower 291.51,stop
2020-11-10,-1,4,2020-11-10 09:30:00-06:00,282.041,2020-11-10 14:52:00-06:00,283.2191,286.82,-47.12,short: close 282.07 < lower 282.09,flatten
2020-11-30,-1,11,2020-11-30 10:00:00-06:00,296.701,2020-11-30 12:45:00-06:00,298.499,298.48,-197.78,short: close 296.71 < lower 297.52,stop
2020-12-07,1,16,2020-12-07 09:00:00-06:00,307.0072,2020-12-07 14:52:00-06:00,306.461,305.85,-87.39,long: close 306.93 > upper 306.81,flatten
2020-12-08,-1,12,2020-12-08 09:30:00-06:00,305.371,2020-12-08 10:59:00-06:00,306.949,306.93,-189.36,short: close 305.40 < lower 305.46,stop
2020-12-10,1,8,2020-12-10 10:00:00-06:00,303.204,2020-12-10 14:52:00-06:00,303.061,300.8,-11.44,long: close 303.20 > upper 302.71,flatten
2020-12-14,1,12,2020-12-14 09:00:00-06:00,305.419,2020-12-14 14:50:00-06:00,303.781,303.8,-196.56,long: close 305.39 > upper 304.11,stop
2020-12-21,-1,6,2020-12-21 09:30:00-06:00,304.651,2020-12-21 11:38:00-06:00,307.869,307.85,-193.08,short: close 304.68 < lower 304.98,stop
2021-01-04,-1,10,2021-01-04 10:00:00-06:00,310.961,2021-01-04 14:52:00-06:00,309.419,312.91,154.2,short: close 310.96 < lower 312.40,flatten
2021-01-05,1,12,2021-01-05 09:00:00-06:00,310.789,2021-01-05 10:18:00-06:00,309.221,309.24,-188.16,long: close 310.76 > upper 310.32,stop
2021-01-07,1,7,2021-01-07 09:00:00-06:00,313.019,2021-01-07 14:52:00-06:00,315.611,310.48,181.44,long: close 312.93 > upper 311.47,flatten
2021-01-13,1,9,2021-01-13 10:00:00-06:00,316.1691,2021-01-13 14:52:00-06:00,316.061,314.19,-9.73,long: close 316.16 > upper 316.07,flatten
2021-01-15,-1,9,2021-01-15 09:30:00-06:00,311.741,2021-01-15 10:40:00-06:00,313.729,313.71,-178.92,short: close 311.73 < lower 312.22,stop
2021-01-20,1,5,2021-01-20 09:30:00-06:00,322.42900000000003,2021-01-20 14:52:00-06:00,324.241,318.62,90.6,long: close 322.42 > upper 322.11,flatten
2021-01-27,-1,9,2021-01-27 09:00:00-06:00,323.651,2021-01-27 09:21:00-06:00,325.819,325.8,-195.12,short: close 323.67 < lower 325.29,stop
2021-01-27,-1,5,2021-01-27 10:30:00-06:00,323.791,2021-01-27 14:52:00-06:00,319.279,327.23,225.6,short: close 323.81 < lower 324.00,flatten
2021-01-28,1,9,2021-01-28 09:30:00-06:00,322.659,2021-01-28 14:52:00-06:00,322.411,320.67,-22.32,long: close 322.61 > upper 322.21,flatten
2021-01-29,-1,7,2021-01-29 10:30:00-06:00,316.701,2021-01-29 14:52:00-06:00,315.834,319.48,60.69,short: close 316.73 < lower 317.68,flatten
2021-02-01,1,5,2021-02-01 10:30:00-06:00,320.654,2021-02-01 14:52:00-06:00,323.101,316.83,122.35,long: close 320.63 > upper 320.27,flatten
2021-02-10,-1,8,2021-02-10 09:30:00-06:00,331.7711,2021-02-10 14:52:00-06:00,332.459,334.01,-55.03,short: close 331.76 < lower 331.99,flatten
2021-02-22,-1,5,2021-02-22 10:00:00-06:00,324.221,2021-02-22 14:52:00-06:00,322.514,327.84000000000003,85.35,short: close 324.28 < lower 325.16,flatten
2021-02-23,-1,5,2021-02-23 09:00:00-06:00,314.181,2021-02-23 09:42:00-06:00,317.73900000000003,317.72,-177.9,short: close 314.21 < lower 316.19,stop
2021-02-25,-1,6,2021-02-25 10:30:00-06:00,319.381,2021-02-25 14:52:00-06:00,313.48900000000003,322.27,353.52,short: close 319.41 < lower 319.87,flatten
2021-02-26,-1,6,2021-02-26 09:30:00-06:00,311.061,2021-02-26 09:39:00-06:00,313.939,313.92,-172.68,short: close 311.12 < lower 311.42,stop
2021-03-01,1,5,2021-03-01 10:00:00-06:00,321.329,2021-03-01 14:52:00-06:00,322.931,317.46,80.1,long: close 321.30 > upper 320.73,flatten
2021-03-02,-1,9,2021-03-02 09:30:00-06:00,320.76099999999997,2021-03-02 14:52:00-06:00,318.879,322.86,169.38,short: close 320.77 < lower 321.80,flatten
2021-03-03,-1,10,2021-03-03 09:00:00-06:00,314.671,2021-03-03 14:52:00-06:00,310.199,316.56,447.2,short: close 314.69 < lower 315.94,flatten
2021-03-04,-1,11,2021-03-04 09:00:00-06:00,306.971,2021-03-04 09:37:00-06:00,308.73900000000003,308.72,-194.48,short: close 307.01 < lower 307.23,stop
2021-03-05,-1,5,2021-03-05 09:30:00-06:00,301.26099999999997,2021-03-05 11:43:00-06:00,304.749,304.73,-174.4,short: close 301.28 < lower 301.98,stop
2021-03-09,1,3,2021-03-09 09:00:00-06:00,309.7989,2021-03-09 14:52:00-06:00,311.691,303.88,56.76,long: close 309.77 > upper 309.63,flatten
2021-03-22,1,5,2021-03-22 10:00:00-05:00,318.329,2021-03-22 14:52:00-05:00,318.991,314.45,33.1,long: close 318.31 > upper 318.20,flatten
2021-03-29,-1,9,2021-03-29 09:00:00-05:00,313.371,2021-03-29 11:42:00-05:00,315.35900000000004,315.34000000000003,-178.92,short: close 313.38 < lower 313.79,stop
2021-03-31,1,7,2021-03-31 09:00:00-05:00,318.209,2021-03-31 14:52:00-05:00,320.101,315.68,132.44,long: close 318.20 > upper 317.83,flatten
2021-04-05,1,5,2021-04-05 09:30:00-05:00,329.459,2021-04-05 14:52:00-05:00,331.181,326.0,86.1,long: close 329.42 > upper 329.30,flatten
2021-04-14,-1,10,2021-04-14 10:30:00-05:00,338.301,2021-04-14 14:52:00-05:00,336.309,340.12,199.2,short: close 338.33 < lower 338.92,flatten
2021-04-20,-1,9,2021-04-20 10:30:00-05:00,335.19599999999997,2021-04-20 14:52:00-05:00,336.539,337.38,-120.87,short: close 335.22 < lower 336.37,flatten
2021-04-23,1,10,2021-04-23 10:00:00-05:00,338.1586,2021-04-23 14:52:00-05:00,339.831,336.3,167.24,long: close 338.13 > upper 337.39,flatten
2021-04-27,-1,14,2021-04-27 09:00:00-05:00,340.161,2021-04-27 14:52:00-05:00,340.629,341.52,-65.52,short: close 340.16 < lower 340.42,flatten
2021-05-04,-1,7,2021-05-04 09:00:00-05:00,330.141,2021-05-04 14:52:00-05:00,329.184,332.91,66.99,short: close 330.15 < lower 332.09,flatten
2021-05-10,-1,8,2021-05-10 09:00:00-05:00,329.971,2021-05-10 14:52:00-05:00,326.23900000000003,332.39,298.56,short: close 329.97 < lower 331.05,flatten
2021-05-20,1,6,2021-05-20 09:00:00-05:00,326.399,2021-05-20 14:52:00-05:00,328.82099999999997,323.57,145.32,long: close 326.37 > upper 326.20,flatten
2021-05-24,1,5,2021-05-24 09:30:00-05:00,332.42900000000003,2021-05-24 14:52:00-05:00,332.921,328.55,24.6,long: close 332.40 > upper 332.06,flatten
2021-06-03,-1,7,2021-06-03 09:00:00-05:00,329.161,2021-06-03 14:52:00-05:00,329.964,331.92,-56.21,short: close 329.16 < lower 329.23,flatten
2021-06-04,1,8,2021-06-04 09:00:00-05:00,334.029,2021-06-04 14:52:00-05:00,335.861,331.67,146.56,long: close 334.00 > upper 333.22,flatten
2021-06-10,1,12,2021-06-10 09:00:00-05:00,339.969,2021-06-10 09:45:00-05:00,338.371,338.39,-191.76,long: close 339.94 > upper 338.62,stop
2021-06-17,1,9,2021-06-17 09:30:00-05:00,343.819,2021-06-17 14:52:00-05:00,345.971,341.83,193.68,long: close 343.76 > upper 342.44,flatten
2021-06-28,1,10,2021-06-28 09:00:00-05:00,352.199,2021-06-28 14:52:00-05:00,353.816,350.31,161.7,long: close 352.17 > upper 352.02,flatten
2021-07-09,1,13,2021-07-09 10:00:00-05:00,360.139,2021-07-09 14:52:00-05:00,361.07099999999997,358.71,121.16,long: close 360.12 > upper 359.95,flatten
2021-07-13,1,13,2021-07-13 09:30:00-05:00,364.499,2021-07-13 12:27:00-05:00,363.001,363.02,-194.74,long: close 364.47 > upper 363.71,stop
2021-07-15,-1,14,2021-07-15 09:30:00-05:00,360.82099999999997,2021-07-15 14:52:00-05:00,359.98900000000003,362.18,116.48,short: close 360.82 < lower 361.61,flatten
2021-07-19,-1,7,2021-07-19 09:00:00-05:00,352.941,2021-07-19 14:52:00-05:00,353.36400000000003,355.69,-29.61,short: close 352.96 < lower 353.08,flatten
2021-07-20,1,10,2021-07-20 10:00:00-05:00,357.119,2021-07-20 14:52:00-05:00,359.481,355.22,236.2,long: close 357.13 > upper 357.06,flatten
2021-07-22,1,11,2021-07-22 09:30:00-05:00,363.349,2021-07-22 14:52:00-05:00,363.57099999999997,361.63,24.42,long: close 363.33 > upper 363.33,flatten
2021-07-27,-1,15,2021-07-27 09:00:00-05:00,366.631,2021-07-27 14:52:00-05:00,363.749,367.86,432.3,short: close 366.65 < lower 367.10,flatten
2021-07-29,1,14,2021-07-29 09:00:00-05:00,366.98900000000003,2021-07-29 14:52:00-05:00,366.476,365.63,-71.82,long: close 366.96 > upper 366.88,flatten
2021-08-10,-1,8,2021-08-10 10:00:00-05:00,366.591,2021-08-10 14:52:00-05:00,366.444,368.79,11.76,short: close 366.62 < lower 366.78,flatten
2021-08-16,-1,9,2021-08-16 09:30:00-05:00,364.471,2021-08-16 12:27:00-05:00,366.659,366.64,-196.92,short: close 364.48 < lower 366.07,stop
2021-08-20,1,12,2021-08-20 09:00:00-05:00,366.719,2021-08-20 14:52:00-05:00,367.891,365.1,140.64,long: close 366.70 > upper 366.12,flatten
2021-08-23,1,11,2021-08-23 09:00:00-05:00,370.709,2021-08-23 14:52:00-05:00,373.57099999999997,369.05,314.82,long: close 370.68 > upper 369.93,flatten
2021-08-27,1,8,2021-08-27 09:30:00-05:00,375.219,2021-08-27 14:52:00-05:00,376.161,372.98,75.36,long: close 375.19 > upper 374.97,flatten
2021-08-30,1,13,2021-08-30 09:00:00-05:00,378.669,2021-08-30 14:52:00-05:00,380.501,377.22,238.16,long: close 378.61 > upper 377.92,flatten
2021-08-31,-1,14,2021-08-31 09:00:00-05:00,378.506,2021-08-31 10:41:00-05:00,379.899,379.88,-195.02,short: close 378.52 < lower 379.05,stop
2021-09-08,-1,7,2021-09-08 10:00:00-05:00,379.061,2021-09-08 14:52:00-05:00,380.469,381.58,-98.56,short: close 379.10 < lower 379.51,flatten
2021-09-17,-1,10,2021-09-17 09:00:00-05:00,375.791,2021-09-17 14:52:00-05:00,373.459,377.71,233.2,short: close 375.85 < lower 376.16,flatten
2021-09-23,1,9,2021-09-23 09:00:00-05:00,372.3757,2021-09-23 14:52:00-05:00,373.101,370.31,65.28,long: close 372.32 > upper 372.23,flatten
2021-09-27,-1,6,2021-09-27 09:00:00-05:00,368.661,2021-09-27 14:52:00-05:00,370.444,371.71,-106.98,short: close 368.66 < lower 368.72,flatten
2021-09-28,-1,4,2021-09-28 09:30:00-05:00,362.561,2021-09-28 14:52:00-05:00,360.119,366.95,97.68,short: close 362.58 < lower 363.63,flatten
2021-09-29,1,8,2021-09-29 09:00:00-05:00,362.819,2021-09-29 10:35:00-05:00,360.521,360.54,-183.84,long: close 362.80 > upper 362.79,stop
2021-10-01,-1,7,2021-10-01 09:30:00-05:00,354.666,2021-10-01 10:14:00-05:00,357.369,357.35,-189.21,short: close 354.69 < lower 355.49,stop
2021-10-04,-1,7,2021-10-04 09:00:00-05:00,355.831,2021-10-04 14:52:00-05:00,351.199,358.34000000000003,324.24,short: close 355.83 < lower 356.80,flatten
2021-10-05,1,6,2021-10-05 09:30:00-05:00,356.73900000000003,2021-10-05 14:52:00-05:00,357.941,353.62,72.12,long: close 356.71 > upper 356.33,flatten
2021-10-27,1,9,2021-10-27 09:00:00-05:00,381.339,2021-10-27 14:52:00-05:00,380.581,379.35,-68.22,long: close 381.32 > upper 381.24,flatten
2021-11-02,1,13,2021-11-02 09:00:00-05:00,388.974,2021-11-02 09:14:00-05:00,387.501,387.52,-191.49,long: close 388.95 > upper 388.57,stop
2021-11-04,1,10,2021-11-04 09:00:00-05:00,396.109,2021-11-04 14:52:00-05:00,397.961,394.24,185.2,long: close 396.06 > upper 395.72,flatten
2021-11-09,-1,10,2021-11-09 09:00:00-06:00,395.501,2021-11-09 14:52:00-06:00,394.959,397.32,54.2,short: close 395.54 < lower 396.80,flatten
2021-11-12,1,7,2021-11-12 10:30:00-06:00,394.499,2021-11-12 14:52:00-06:00,394.766,391.93,18.69,long: close 394.48 > upper 393.76,flatten
2021-11-16,1,7,2021-11-16 10:30:00-06:00,397.339,2021-11-16 14:52:00-06:00,397.631,394.71000000000004,20.44,long: close 397.31 > upper 396.89,flatten
2021-11-22,1,7,2021-11-22 09:00:00-06:00,407.619,2021-11-22 10:25:00-06:00,405.121,405.14,-174.86,long: close 407.59 > upper 407.26,stop
2021-11-23,-1,7,2021-11-23 09:30:00-06:00,395.901,2021-11-23 14:52:00-06:00,397.529,398.40000000000003,-113.96,short: close 395.93 < lower 396.23,flatten
2021-11-26,-1,5,2021-11-26 10:00:00-06:00,393.001,2021-11-26 14:52:00-06:00,390.469,396.41,126.6,short: close 393.03 < lower 394.10,flatten
2021-11-30,-1,6,2021-11-30 10:00:00-06:00,393.57099999999997,2021-11-30 14:52:00-06:00,393.219,396.39,21.12,short: close 393.58 < lower 396.36,flatten
2021-12-02,1,9,2021-12-02 09:00:00-06:00,389.949,2021-12-02 09:10:00-06:00,387.961,387.98,-178.92,long: close 389.88 > upper 388.40,stop
2021-12-03,-1,7,2021-12-03 09:00:00-06:00,386.381,2021-12-03 14:52:00-06:00,380.749,388.85,394.24,short: close 386.33 < lower 388.13,flatten
2021-12-07,1,3,2021-12-07 09:00:00-06:00,395.67900000000003,2021-12-07 14:52:00-06:00,396.211,390.0,15.96,long: close 395.65 > upper 395.34,flatten
2021-12-13,-1,5,2021-12-13 10:30:00-06:00,394.001,2021-12-13 14:52:00-06:00,393.039,397.84000000000003,48.1,short: close 394.01 < lower 394.19,flatten
2021-12-16,-1,6,2021-12-16 09:00:00-06:00,394.26099999999997,2021-12-16 14:52:00-06:00,387.6391,397.27,397.31,short: close 394.28 < lower 394.54,flatten
2021-12-27,1,6,2021-12-27 09:30:00-06:00,402.109,2021-12-27 14:52:00-06:00,403.26099999999997,399.05,69.12,long: close 402.08 > upper 400.69,flatten
2022-01-04,-1,5,2022-01-04 10:00:00-06:00,395.361,2022-01-04 14:52:00-06:00,397.339,398.98,-98.9,short: close 395.37 < lower 398.39,flatten
2022-01-07,-1,9,2022-01-07 09:30:00-06:00,381.621,2022-01-07 14:52:00-06:00,380.849,383.77,69.48,short: close 381.65 < lower 381.88,flatten
2022-01-10,-1,4,2022-01-10 09:00:00-06:00,371.861,2022-01-10 12:52:00-06:00,375.869,375.85,-160.32,short: close 371.90 < lower 373.33,stop
2022-01-11,1,5,2022-01-11 10:30:00-06:00,383.8874,2022-01-11 14:52:00-06:00,384.871,379.95,49.18,long: close 383.87 > upper 383.81,flatten
2022-01-14,1,7,2022-01-14 09:00:00-06:00,379.719,2022-01-14 09:37:00-06:00,377.081,377.1,-184.66,long: close 379.73 > upper 378.98,stop
2022-01-19,1,8,2022-01-19 09:00:00-06:00,374.439,2022-01-19 09:31:00-06:00,372.211,372.23,-178.24,long: close 374.44 > upper 373.65,stop
2022-01-20,1,5,2022-01-20 09:00:00-06:00,372.399,2022-01-20 13:15:00-06:00,368.981,369.0,-170.9,long: close 372.31 > upper 371.57,stop
2022-01-21,-1,6,2022-01-21 09:00:00-06:00,357.111,2022-01-21 09:37:00-06:00,360.16900000000004,360.15000000000003,-183.48,short: close 357.14 < lower 357.49,stop
2022-01-24,-1,4,2022-01-24 09:00:00-06:00,343.57099999999997,2022-01-24 14:16:00-06:00,348.459,348.44,-195.52,short: close 343.58 < lower 343.81,stop
2022-01-25,-1,3,2022-01-25 09:00:00-06:00,343.721,2022-01-25 13:42:00-06:00,349.41900000000004,349.40000000000003,-170.94,short: close 343.76 < lower 344.44,stop
2022-01-28,1,4,2022-01-28 10:30:00-06:00,346.729,2022-01-28 14:52:00-06:00,350.741,342.22,160.48,long: close 346.66 > upper 346.55,flatten
2022-01-31,1,5,2022-01-31 09:00:00-06:00,356.769,2022-01-31 14:52:00-06:00,362.541,353.32,288.6,long: close 356.74 > upper 356.06,flatten
2022-02-18,-1,5,2022-02-18 10:30:00-06:00,342.201,2022-02-18 14:52:00-06:00,341.559,345.88,32.1,short: close 342.22 < lower 342.25,flatten
2022-02-23,-1,4,2022-02-23 10:30:00-06:00,334.991,2022-02-23 14:52:00-06:00,329.359,339.62,225.28,short: close 335.01 < lower 335.09,flatten
2022-03-03,-1,3,2022-03-03 10:00:00-06:00,342.681,2022-03-03 14:52:00-06:00,341.539,348.43,34.26,short: close 342.70 < lower 342.82,flatten
2022-03-07,-1,6,2022-03-07 09:00:00-06:00,333.421,2022-03-07 14:52:00-06:00,325.609,336.45,468.72,short: close 333.43 < lower 334.29,flatten
2022-03-16,1,3,2022-03-16 09:30:00-05:00,337.139,2022-03-16 13:10:00-05:00,331.121,331.14,-180.54,long: close 337.11 > upper 336.21,stop
2022-03-22,1,4,2022-03-22 09:30:00-05:00,355.359,2022-03-22 14:52:00-05:00,357.07099999999997,350.49,68.48,long: close 355.32 > upper 355.22,flatten
2022-03-28,1,8,2022-03-28 09:00:00-05:00,362.599,2022-03-28 09:21:00-05:00,360.271,360.29,-186.24,long: close 362.57 > upper 361.66,stop
2022-04-04,1,7,2022-04-04 09:00:00-05:00,366.419,2022-04-04 14:52:00-05:00,368.981,363.63,179.34,long: close 366.44 > upper 365.09,flatten
2022-04-05,-1,5,2022-04-05 10:00:00-05:00,364.441,2022-04-05 14:52:00-05:00,360.809,367.99,181.6,short: close 364.46 < lower 364.99,flatten
2022-04-06,-1,3,2022-04-06 09:30:00-05:00,352.161,2022-04-06 14:52:00-05:00,353.969,358.16,-54.24,short: close 352.18 < lower 352.29,flatten
2022-04-08,-1,6,2022-04-08 09:00:00-05:00,348.801,2022-04-08 09:59:00-05:00,352.099,352.08,-197.88,short: close 348.84 < lower 349.95,stop
2022-04-11,-1,4,2022-04-11 10:00:00-05:00,342.111,2022-04-11 14:52:00-05:00,341.029,346.53000000000003,43.28,short: close 342.15 < lower 342.55,flatten
2022-04-13,1,7,2022-04-13 09:30:00-05:00,342.789,2022-04-13 14:52:00-05:00,346.741,340.15000000000003,276.64,long: close 342.75 > upper 342.31,flatten
2022-04-14,-1,7,2022-04-14 09:00:00-05:00,343.751,2022-04-14 14:52:00-05:00,338.5691,346.27,362.73,short: close 343.77 < lower 343.88,flatten
2022-04-19,1,7,2022-04-19 09:00:00-05:00,341.409,2022-04-19 14:52:00-05:00,346.801,338.62,377.44,long: close 341.41 > upper 341.28,flatten
2022-04-20,-1,6,2022-04-20 09:00:00-05:00,343.051,2022-04-20 14:52:00-05:00,341.48900000000003,346.27,93.72,short: close 343.09 < lower 343.40,flatten
2022-04-26,-1,5,2022-04-26 09:00:00-05:00,323.191,2022-04-26 14:52:00-05:00,318.319,326.93,243.6,short: close 323.25 < lower 324.82,flatten
2022-04-27,1,6,2022-04-27 09:00:00-05:00,320.949,2022-04-27 09:11:00-05:00,317.831,317.85,-187.08,long: close 320.94 > upper 320.17,stop
2022-05-04,-1,4,2022-05-04 10:30:00-05:00,314.501,2022-05-04 11:55:00-05:00,318.85900000000004,318.84000000000003,-174.32,short: close 314.51 < lower 314.77,stop
2022-05-05,-1,3,2022-05-05 09:00:00-05:00,321.041,2022-05-05 14:52:00-05:00,312.619,326.72,252.66,short: close 321.02 < lower 321.80,flatten
2022-05-06,-1,4,2022-05-06 09:00:00-05:00,305.831,2022-05-06 09:17:00-05:00,310.479,310.46,-185.92,short: close 305.84 < lower 307.56,stop
2022-05-13,1,3,2022-05-13 09:30:00-05:00,300.349,2022-05-13 14:52:00-05:00,300.661,294.35,9.36,long: close 300.29 > upper 300.04,flatten
2022-05-18,-1,3,2022-05-18 10:30:00-05:00,296.131,2022-05-18 14:52:00-05:00,290.849,302.13,158.46,short: close 296.15 < lower 296.31,flatten
2022-05-24,-1,3,2022-05-24 09:00:00-05:00,284.741,2022-05-24 14:52:00-05:00,287.569,289.92,-84.84,short: close 284.75 < lower 285.63,flatten
2022-05-26,1,6,2022-05-26 09:00:00-05:00,295.419,2022-05-26 14:52:00-05:00,299.781,292.45,261.72,long: close 295.38 > upper 293.87,flatten
2022-05-27,1,4,2022-05-27 09:00:00-05:00,305.279,2022-05-27 14:52:00-05:00,308.051,301.06,110.88,long: close 305.27 > upper 305.16,flatten
2022-05-31,-1,6,2022-05-31 09:00:00-05:00,306.031,2022-05-31 10:51:00-05:00,309.10900000000004,309.09000000000003,-184.68,short: close 306.08 < lower 306.10,stop
2022-06-10,-1,3,2022-06-10 09:30:00-05:00,289.381,2022-06-10 14:52:00-05:00,289.42900000000003,295.38,-1.44,short: close 289.41 < lower 289.93,flatten
2022-06-16,-1,3,2022-06-16 10:00:00-05:00,271.091,2022-06-16 14:52:00-05:00,270.119,277.09000000000003,29.16,short: close 271.10 < lower 272.08,flatten
2022-06-17,1,9,2022-06-17 09:00:00-05:00,275.259,2022-06-17 09:17:00-05:00,273.081,273.1,-196.02,long: close 275.18 > upper 274.06,stop
2022-06-21,1,4,2022-06-21 09:00:00-05:00,282.309,2022-06-21 14:52:00-05:00,281.591,278.29,-28.72,long: close 282.30 > upper 280.77,flatten
2022-06-22,1,4,2022-06-22 09:30:00-05:00,284.289,2022-06-22 14:52:00-05:00,280.641,280.06,-145.92,long: close 284.26 > upper 284.10,flatten
2022-06-24,1,5,2022-06-24 09:00:00-05:00,290.359,2022-06-24 14:52:00-05:00,293.621,286.65000000000003,163.1,long: close 290.32 > upper 290.06,flatten
2022-06-28,-1,4,2022-06-28 10:30:00-05:00,288.051,2022-06-28 14:52:00-05:00,283.669,292.22,175.28,short: close 288.05 < lower 288.58,flatten
2022-06-30,-1,4,2022-06-30 09:00:00-05:00,276.911,2022-06-30 10:26:00-05:00,281.019,281.0,-164.32,short: close 276.92 < lower 278.23,stop
2022-07-11,-1,4,2022-07-11 09:00:00-05:00,288.891,2022-07-11 14:52:00-05:00,288.4589,293.1,17.28,short: close 288.91 < lower 289.91,flatten
2022-07-20,1,6,2022-07-20 10:00:00-05:00,303.509,2022-07-20 14:52:00-05:00,303.496,300.29,-0.78,long: close 303.48 > upper 301.70,flatten
2022-07-28,-1,9,2022-07-28 09:00:00-05:00,303.731,2022-07-28 09:59:00-05:00,305.869,305.85,-192.42,short: close 303.71 < lower 304.54,stop
2022-08-03,1,7,2022-08-03 09:00:00-05:00,319.049,2022-08-03 14:52:00-05:00,323.221,316.36,292.04,long: close 319.07 > upper 317.87,flatten
2022-08-08,1,7,2022-08-08 09:00:00-05:00,325.839,2022-08-08 10:17:00-05:00,323.321,323.34000000000003,-176.26,long: close 325.81 > upper 324.75,stop
2022-08-09,-1,5,2022-08-09 09:00:00-05:00,316.311,2022-08-09 14:52:00-05:00,317.42900000000003,319.63,-55.9,short: close 316.37 < lower 316.42,flatten
2022-08-19,-1,5,2022-08-19 09:00:00-05:00,324.01099999999997,2022-08-19 14:52:00-05:00,323.199,327.73,40.6,short: close 324.03 < lower 324.04,flatten
2022-08-22,-1,4,2022-08-22 09:30:00-05:00,316.031,2022-08-22 14:52:00-05:00,314.349,320.59000000000003,67.28,short: close 316.06 < lower 316.14,flatten
2022-08-24,1,8,2022-08-24 10:30:00-05:00,316.349,2022-08-24 14:52:00-05:00,315.436,314.15000000000003,-73.04,long: close 316.30 > upper 316.03,flatten
2022-08-26,-1,8,2022-08-26 09:30:00-05:00,316.311,2022-08-26 14:52:00-05:00,308.109,318.65000000000003,656.16,short: close 316.39 < lower 318.07,flatten
2022-08-30,-1,6,2022-08-30 10:00:00-05:00,300.811,2022-08-30 14:52:00-05:00,300.279,303.99,31.92,short: close 300.83 < lower 302.08,flatten
2022-09-01,-1,4,2022-09-01 10:30:00-05:00,293.301,2022-09-01 14:07:00-05:00,297.939,297.92,-185.52,short: close 293.31 < lower 293.38,stop
2022-09-06,-1,11,2022-09-06 09:00:00-05:00,293.641,2022-09-06 09:58:00-05:00,295.329,295.31,-185.68,short: close 293.69 < lower 293.77,stop
2022-09-09,1,6,2022-09-09 09:00:00-05:00,304.92900000000003,2022-09-09 14:52:00-05:00,306.921,301.99,119.52,long: close 304.86 > upper 304.62,flatten
2022-09-12,1,7,2022-09-12 09:00:00-05:00,310.639,2022-09-12 14:52:00-05:00,310.32099999999997,308.09000000000003,-22.26,long: close 310.60 > upper 310.33,flatten
2022-09-13,-1,3,2022-09-13 10:00:00-05:00,298.246,2022-09-13 14:52:00-05:00,293.879,304.25,131.01,short: close 298.26 < lower 298.47,flatten
2022-09-23,-1,5,2022-09-23 09:00:00-05:00,275.001,2022-09-23 14:52:00-05:00,275.169,278.33,-8.4,short: close 275.04 < lower 275.48,flatten
2022-09-26,1,8,2022-09-26 09:00:00-05:00,278.399,2022-09-26 10:23:00-05:00,276.021,276.04,-190.24,long: close 278.36 > upper 277.62,stop
2022-09-29,-1,4,2022-09-29 09:00:00-05:00,272.791,2022-09-29 14:52:00-05:00,272.119,276.88,26.88,short: close 272.80 < lower 273.81,flatten
2022-10-03,1,5,2022-10-03 09:30:00-05:00,271.549,2022-10-03 14:52:00-05:00,273.721,268.22,108.6,long: close 271.51 > upper 271.47,flatten
2022-10-04,1,4,2022-10-04 09:00:00-05:00,281.48900000000003,2022-10-04 14:52:00-05:00,281.646,276.74,6.28,long: close 281.46 > upper 281.04,flatten
2022-10-07,-1,4,2022-10-07 09:00:00-05:00,272.161,2022-10-07 14:52:00-05:00,269.284,276.6,115.08,short: close 272.18 < lower 272.99,flatten
2022-10-10,-1,6,2022-10-10 10:00:00-05:00,265.451,2022-10-10 14:52:00-05:00,266.769,268.64,-79.08,short: close 265.48 < lower 265.98,flatten
2022-10-11,-1,6,2022-10-11 09:00:00-05:00,262.351,2022-10-11 10:36:00-05:00,265.349,265.33,-179.88,short: close 262.36 < lower 262.48,stop
2022-10-14,-1,4,2022-10-14 09:30:00-05:00,264.791,2022-10-14 14:52:00-05:00,261.259,269.23,141.28,short: close 264.84 < lower 265.54,flatten
2022-10-20,1,4,2022-10-20 09:30:00-05:00,274.469,2022-10-20 12:07:00-05:00,270.251,270.27,-168.72,long: close 274.42 > upper 274.29,stop
2022-10-25,1,6,2022-10-25 09:00:00-05:00,282.749,2022-10-25 14:52:00-05:00,284.166,279.61,85.02,long: close 282.71 > upper 282.12,flatten
2022-10-28,1,4,2022-10-28 10:00:00-05:00,278.249,2022-10-28 14:52:00-05:00,281.401,273.99,126.08,long: close 278.22 > upper 276.79,flatten
2022-11-11,1,7,2022-11-11 09:30:00-06:00,285.729,2022-11-11 10:31:00-06:00,282.921,282.94,-196.56,long: close 285.67 > upper 285.40,stop
2022-11-23,1,10,2022-11-23 09:00:00-06:00,288.009,2022-11-23 11:56:00-06:00,286.121,286.14,-188.8,long: close 287.94 > upper 287.82,stop
2022-11-29,-1,8,2022-11-29 10:30:00-06:00,279.731,2022-11-29 14:52:00-06:00,280.279,282.01,-43.84,short: close 279.78 < lower 280.51,flatten
2022-12-01,-1,9,2022-12-01 09:30:00-06:00,291.341,2022-12-01 09:57:00-06:00,293.469,293.45,-191.52,short: close 291.37 < lower 291.43,stop
2022-12-06,-1,13,2022-12-06 09:00:00-06:00,284.171,2022-12-06 14:52:00-06:00,281.939,285.66,290.16,short: close 284.21 < lower 286.01,flatten
2022-12-15,-1,5,2022-12-15 09:00:00-06:00,279.681,2022-12-15 14:52:00-06:00,276.699,283.24,149.1,short: close 279.68 < lower 280.82,flatten
2022-12-19,-1,10,2022-12-19 09:00:00-06:00,271.771,2022-12-19 14:52:00-06:00,269.269,273.61,250.2,short: close 271.79 < lower 272.21,flatten
2022-12-21,1,5,2022-12-21 10:00:00-06:00,273.869,2022-12-21 14:52:00-06:00,272.971,270.37,-44.9,long: close 273.83 > upper 273.59,flatten
2022-12-22,-1,6,2022-12-22 09:00:00-06:00,268.51099999999997,2022-12-22 14:52:00-06:00,266.499,271.75,120.72,short: close 268.53 < lower 268.71,flatten
2022-12-27,-1,8,2022-12-27 09:00:00-06:00,263.801,2022-12-27 14:52:00-06:00,263.724,266.05,6.16,short: close 263.85 < lower 264.85,flatten
2022-12-29,1,4,2022-12-29 10:00:00-06:00,266.499,2022-12-29 14:52:00-06:00,267.051,261.63,22.08,long: close 266.47 > upper 266.38,flatten
2023-01-09,1,6,2023-01-09 09:00:00-06:00,273.549,2023-01-09 14:52:00-06:00,270.836,270.31,-162.78,long: close 273.52 > upper 273.04,flatten
2023-01-12,-1,7,2023-01-12 09:00:00-06:00,274.871,2023-01-12 09:12:00-06:00,277.54900000000004,277.53000000000003,-187.46,short: close 274.86 < lower 275.19,stop
2023-01-23,1,8,2023-01-23 09:00:00-06:00,285.889,2023-01-23 14:52:00-06:00,289.006,283.53000000000003,249.36,long: close 285.85 > upper 285.51,flatten
2023-01-25,-1,4,2023-01-25 09:00:00-06:00,281.631,2023-01-25 12:20:00-06:00,285.949,285.93,-172.72,short: close 281.65 < lower 281.81,stop
2023-02-02,1,3,2023-02-02 10:00:00-06:00,310.539,2023-02-02 14:52:00-06:00,310.5485,304.54,0.29,long: close 310.51 > upper 310.35,flatten
2023-02-08,-1,4,2023-02-08 10:30:00-06:00,304.201,2023-02-08 14:52:00-06:00,304.829,308.58,-25.12,short: close 304.24 < lower 304.87,flatten
2023-03-01,-1,9,2023-03-01 09:30:00-06:00,291.291,2023-03-01 14:52:00-06:00,291.189,293.33,9.18,short: close 291.32 < lower 291.32,flatten
2023-03-03,1,10,2023-03-03 09:00:00-06:00,296.73900000000003,2023-03-03 14:52:00-06:00,299.236,294.81,249.7,long: close 296.75 > upper 296.48,flatten
2023-03-06,1,7,2023-03-06 10:00:00-06:00,303.249,2023-03-06 13:48:00-06:00,300.591,300.61,-186.06,long: close 303.23 > upper 302.96,stop
2023-03-07,-1,9,2023-03-07 10:00:00-06:00,297.451,2023-03-07 11:20:00-06:00,299.519,299.5,-186.12,short: close 297.45 < lower 298.00,stop
2023-03-09,1,17,2023-03-09 09:00:00-06:00,300.339,2023-03-09 09:17:00-06:00,299.241,299.26,-186.66,long: close 300.31 > upper 299.20,stop
2023-03-10,-1,17,2023-03-10 09:00:00-06:00,290.181,2023-03-10 09:01:00-06:00,291.319,291.3,-193.46,short: close 290.20 < lower 291.54,stop
2023-03-10,-1,9,2023-03-10 09:30:00-06:00,290.481,2023-03-10 09:57:00-06:00,292.539,292.52,-185.22,short: close 290.49 < lower 290.62,stop
2023-03-13,1,10,2023-03-13 09:00:00-05:00,289.659,2023-03-13 14:52:00-05:00,291.531,287.71,187.2,long: close 289.68 > upper 289.57,flatten
2023-03-14,1,4,2023-03-14 09:30:00-05:00,296.789,2023-03-14 14:52:00-05:00,296.0048,292.82,-31.37,long: close 296.76 > upper 296.49,flatten
2023-03-16,1,7,2023-03-16 10:00:00-05:00,302.119,2023-03-16 14:52:00-05:00,306.551,299.48,310.24,long: close 302.10 > upper 301.08,flatten
2023-03-23,1,4,2023-03-23 10:00:00-05:00,313.369,2023-03-23 13:30:00-05:00,308.851,308.87,-180.72,long: close 313.32 > upper 312.47,stop
2023-03-28,-1,9,2023-03-28 09:00:00-05:00,306.151,2023-03-28 14:52:00-05:00,306.884,308.16,-65.97,short: close 306.19 < lower 306.43,flatten
2023-04-05,-1,10,2023-04-05 09:30:00-05:00,316.051,2023-04-05 14:52:00-05:00,315.979,317.90000000000003,7.2,short: close 316.08 < lower 316.77,flatten
2023-04-10,-1,7,2023-04-10 09:00:00-05:00,313.671,2023-04-10 11:39:00-05:00,316.29900000000004,316.28000000000003,-183.96,short: close 313.71 < lower 313.97,stop
2023-04-11,-1,17,2023-04-11 09:00:00-05:00,316.581,2023-04-11 14:52:00-05:00,315.659,317.7,156.74,short: close 316.60 < lower 316.75,flatten
2023-04-13,1,8,2023-04-13 09:30:00-05:00,317.289,2023-04-13 14:52:00-05:00,319.116,314.96,146.16,long: close 317.25 > upper 316.27,flatten
2023-04-21,-1,11,2023-04-21 09:00:00-05:00,314.391,2023-04-21 09:20:00-05:00,316.069,316.05,-184.58,short: close 314.41 < lower 314.45,stop
2023-04-27,1,4,2023-04-27 10:30:00-05:00,318.059,2023-04-27 14:52:00-05:00,320.471,314.01,96.48,long: close 318.04 > upper 317.80,flatten
2023-05-02,-1,12,2023-05-02 09:30:00-05:00,319.97159999999997,2023-05-02 14:52:00-05:00,319.529,321.51,53.11,short: close 320.00 < lower 320.60,flatten
2023-05-04,-1,17,2023-05-04 09:00:00-05:00,316.056,2023-05-04 10:09:00-05:00,317.209,317.19,-196.01,short: close 316.07 < lower 316.07,stop
2023-05-05,1,9,2023-05-05 09:00:00-05:00,319.729,2023-05-05 14:52:00-05:00,323.056,317.76,299.43,long: close 319.71 > upper 319.31,flatten
2023-05-16,1,9,2023-05-16 10:30:00-05:00,328.549,2023-05-16 14:52:00-05:00,327.406,326.55,-102.87,long: close 328.52 > upper 328.47,flatten
2023-05-18,1,14,2023-05-18 09:00:00-05:00,332.999,2023-05-18 14:52:00-05:00,337.32099999999997,331.69,605.08,long: close 332.97 > upper 332.65,flatten
2023-05-22,1,14,2023-05-22 09:00:00-05:00,338.249,2023-05-22 09:08:00-05:00,336.871,336.89,-192.92,long: close 338.22 > upper 337.72,stop
2023-05-26,1,10,2023-05-26 09:00:00-05:00,343.159,2023-05-26 14:52:00-05:00,348.316,341.25,515.7,long: close 343.12 > upper 342.16,flatten
2023-06-07,-1,7,2023-06-07 10:00:00-05:00,352.246,2023-06-07 14:52:00-05:00,348.889,354.72,234.99,short: close 352.25 < lower 352.53,flatten
2023-06-08,1,7,2023-06-08 10:00:00-05:00,352.039,2023-06-08 14:52:00-05:00,353.021,349.31,68.74,long: close 352.01 > upper 351.69,flatten
2023-06-09,1,8,2023-06-09 09:00:00-05:00,356.889,2023-06-09 10:28:00-05:00,354.491,354.51,-191.84,long: close 356.84 > upper 356.24,stop
2023-06-14,1,8,2023-06-14 10:30:00-05:00,365.769,2023-06-14 13:00:00-05:00,363.301,363.32,-197.44,long: close 365.74 > upper 365.72,stop
2023-06-21,-1,8,2023-06-21 09:00:00-05:00,363.956,2023-06-21 14:52:00-05:00,362.769,366.22,94.96,short: close 363.98 < lower 364.08,flatten
2023-06-22,1,7,2023-06-22 09:30:00-05:00,364.369,2023-06-22 14:52:00-05:00,365.751,361.57,96.74,long: close 364.36 > upper 364.13,flatten
2023-06-26,1,9,2023-06-26 09:00:00-05:00,364.509,2023-06-26 09:40:00-05:00,362.391,362.41,-190.62,long: close 364.49 > upper 364.38,stop
2023-07-14,1,10,2023-07-14 09:00:00-05:00,381.649,2023-07-14 12:06:00-05:00,379.691,379.71,-195.8,long: close 381.67 > upper 381.31,stop
2023-07-20,-1,6,2023-07-20 09:30:00-05:00,380.676,2023-07-20 14:52:00-05:00,377.229,383.69,206.82,short: close 380.70 < lower 380.99,flatten
2023-07-25,1,9,2023-07-25 09:00:00-05:00,378.779,2023-07-25 14:52:00-05:00,379.246,376.79,42.03,long: close 378.71 > upper 378.58,flatten
2023-07-26,-1,9,2023-07-26 10:00:00-05:00,375.711,2023-07-26 13:38:00-05:00,377.719,377.7,-180.72,short: close 375.73 < lower 376.27,stop
2023-07-28,1,5,2023-07-28 10:00:00-05:00,382.649,2023-07-28 14:52:00-05:00,383.466,378.96,40.85,long: close 382.61 > upper 382.34,flatten
2023-08-02,-1,6,2023-08-02 09:00:00-05:00,377.671,2023-08-02 14:52:00-05:00,374.549,380.89,187.32,short: close 377.70 < lower 377.81,flatten
2023-08-08,-1,6,2023-08-08 09:00:00-05:00,370.57099999999997,2023-08-08 14:52:00-05:00,372.23900000000003,373.5,-100.08,short: close 370.61 < lower 371.00,flatten
2023-08-09,-1,7,2023-08-09 10:00:00-05:00,368.521,2023-08-09 14:52:00-05:00,368.159,371.07,25.34,short: close 368.54 < lower 369.57,flatten
2023-08-10,1,5,2023-08-10 09:00:00-05:00,373.949,2023-08-10 10:05:00-05:00,370.421,370.44,-176.4,long: close 373.91 > upper 372.94,stop
2023-08-14,1,7,2023-08-14 10:00:00-05:00,369.409,2023-08-14 14:52:00-05:00,369.556,366.76,10.29,long: close 369.37 > upper 368.48,flatten
2023-08-15,-1,8,2023-08-15 09:30:00-05:00,367.181,2023-08-15 14:52:00-05:00,366.299,369.61,70.56,short: close 367.20 < lower 367.49,flatten
2023-08-21,1,7,2023-08-21 09:00:00-05:00,362.189,2023-08-21 10:10:00-05:00,359.531,359.55,-186.06,long: close 362.16 > upper 361.51,stop
2023-08-23,1,7,2023-08-23 09:30:00-05:00,367.459,2023-08-23 14:52:00-05:00,369.301,364.84000000000003,128.94,long: close 367.45 > upper 366.59,flatten
2023-08-24,-1,4,2023-08-24 09:30:00-05:00,366.291,2023-08-24 14:52:00-05:00,361.954,370.38,173.48,short: close 366.31 < lower 366.82,flatten
2023-08-29,1,7,2023-08-29 09:30:00-05:00,371.759,2023-08-29 14:52:00-05:00,374.56,368.95,196.07,long: close 371.74 > upper 369.52,flatten
2023-09-06,-1,6,2023-09-06 09:30:00-05:00,374.51099999999997,2023-09-06 14:52:00-05:00,374.159,377.6,21.12,short: close 374.53 < lower 374.59,flatten
2023-09-15,-1,8,2023-09-15 09:00:00-05:00,373.631,2023-09-15 14:52:00-05:00,370.569,376.05,244.96,short: close 373.61 < lower 374.18,flatten
2023-10-02,1,14,2023-10-02 09:30:00-05:00,359.98900000000003,2023-10-02 12:11:00-05:00,358.63100000000003,358.65000000000003,-190.12,long: close 359.96 > upper 359.78,stop
2023-10-03,-1,7,2023-10-03 09:30:00-05:00,356.281,2023-10-03 14:52:00-05:00,354.67900000000003,358.90000000000003,112.14,short: close 356.29 < lower 357.43,flatten
2023-10-05,-1,12,2023-10-05 09:00:00-05:00,357.991,2023-10-05 13:40:00-05:00,359.629,359.61,-196.56,short: close 358.01 < lower 358.13,stop
2023-10-10,1,10,2023-10-10 09:30:00-05:00,369.069,2023-10-10 14:52:00-05:00,368.891,367.27,-17.8,long: close 369.02 > upper 368.54,flatten
2023-10-13,-1,6,2023-10-13 10:00:00-05:00,367.151,2023-10-13 14:52:00-05:00,365.069,370.06,124.92,short: close 367.18 < lower 367.29,flatten
2023-10-16,1,7,2023-10-16 09:30:00-05:00,369.589,2023-10-16 14:52:00-05:00,369.76099999999997,367.02,12.04,long: close 369.57 > upper 368.51,flatten
2023-10-17,-1,6,2023-10-17 09:00:00-05:00,364.381,2023-10-17 09:35:00-05:00,367.54900000000004,367.53000000000003,-190.08,short: close 364.38 < lower 364.50,stop
2023-10-20,-1,7,2023-10-20 09:30:00-05:00,357.081,2023-10-20 14:52:00-05:00,354.539,359.55,177.94,short: close 357.12 < lower 357.24,flatten
2023-10-25,-1,8,2023-10-25 09:00:00-05:00,354.51099999999997,2023-10-25 14:52:00-05:00,350.374,356.97,330.96,short: close 354.53 < lower 355.48,flatten
2023-10-26,-1,10,2023-10-26 09:00:00-05:00,346.9409,2023-10-26 14:52:00-05:00,343.92900000000003,348.76,301.19,short: close 346.95 < lower 347.89,flatten
2023-10-30,1,7,2023-10-30 09:00:00-05:00,349.934,2023-10-30 09:21:00-05:00,347.371,347.39,-179.41,long: close 349.91 > upper 349.17,stop
2023-10-31,-1,12,2023-10-31 09:00:00-05:00,347.291,2023-10-31 09:11:00-05:00,348.819,348.8,-183.36,short: close 347.33 < lower 347.68,stop
2023-11-01,1,7,2023-11-01 09:30:00-05:00,354.409,2023-11-01 14:52:00-05:00,356.961,351.75,178.64,long: close 354.40 > upper 353.98,flatten
2023-11-07,1,6,2023-11-07 10:00:00-06:00,372.999,2023-11-07 14:52:00-06:00,372.76099999999997,370.05,-14.28,long: close 372.97 > upper 372.70,flatten
2023-11-10,1,6,2023-11-10 10:30:00-06:00,374.469,2023-11-10 14:52:00-06:00,378.421,371.21,237.12,long: close 374.45 > upper 374.22,flatten
2023-11-14,1,4,2023-11-14 09:30:00-06:00,385.419,2023-11-14 14:52:00-06:00,385.3909,380.53000000000003,-1.12,long: close 385.40 > upper 385.39,flatten
2023-11-20,1,15,2023-11-20 09:00:00-06:00,388.519,2023-11-20 09:23:00-06:00,387.241,387.26,-191.7,long: close 388.48 > upper 387.32,stop
2023-11-20,1,15,2023-11-20 09:30:00-06:00,387.659,2023-11-20 14:52:00-06:00,390.751,386.42,463.8,long: close 387.64 > upper 387.29,flatten
2023-11-21,-1,8,2023-11-21 09:30:00-06:00,386.931,2023-11-21 14:52:00-06:00,388.439,389.14,-120.64,short: close 386.94 < lower 387.66,flatten
2023-11-29,1,8,2023-11-29 09:00:00-06:00,393.849,2023-11-29 09:20:00-06:00,391.561,391.58,-183.04,long: close 393.82 > upper 393.73,stop
2023-11-30,-1,14,2023-11-30 09:30:00-06:00,388.07099999999997,2023-11-30 14:52:00-06:00,388.129,389.38,-8.12,short: close 388.07 < lower 388.61,flatten
2023-12-01,-1,10,2023-12-01 09:30:00-06:00,386.441,2023-12-01 10:11:00-06:00,388.249,388.23,-180.8,short: close 386.46 < lower 386.48,stop
2023-12-04,-1,6,2023-12-04 09:30:00-06:00,383.401,2023-12-04 14:52:00-06:00,386.379,386.69,-178.68,short: close 383.42 < lower 384.74,flatten
2023-12-05,1,7,2023-12-05 10:00:00-06:00,388.299,2023-12-05 10:54:00-06:00,385.63100000000003,385.65000000000003,-186.76,long: close 388.28 > upper 387.98,stop
2023-12-11,1,12,2023-12-11 09:00:00-06:00,393.749,2023-12-11 14:52:00-06:00,395.331,392.22,189.84,long: close 393.73 > upper 393.47,flatten
2023-12-29,-1,11,2023-12-29 10:30:00-06:00,407.681,2023-12-29 12:05:00-06:00,409.389,409.37,-187.88,short: close 407.69 < lower 409.56,stop
2024-01-02,-1,6,2024-01-02 09:00:00-06:00,403.556,2024-01-02 14:52:00-06:00,401.969,406.40000000000003,95.22,short: close 403.58 < lower 404.82,flatten
2024-01-05,1,11,2024-01-05 09:30:00-06:00,398.619,2024-01-05 11:08:00-06:00,396.951,396.97,-183.48,long: close 398.59 > upper 397.99,stop
2024-01-08,1,12,2024-01-08 09:00:00-06:00,400.834,2024-01-08 14:52:00-06:00,404.971,399.24,496.44,long: close 400.81 > upper 398.97,flatten
2024-01-11,-1,6,2024-01-11 10:30:00-06:00,405.251,2024-01-11 12:53:00-06:00,408.189,408.17,-176.28,short: close 405.27 < lower 406.24,stop
2024-01-17,-1,7,2024-01-17 09:00:00-06:00,403.331,2024-01-17 10:22:00-06:00,406.10900000000004,406.09000000000003,-194.46,short: close 403.36 < lower 405.09,stop
2024-01-31,-1,5,2024-01-31 09:30:00-06:00,419.021,2024-01-31 13:44:00-06:00,422.499,422.48,-173.9,short: close 419.04 < lower 419.57,stop
2024-02-01,1,8,2024-02-01 09:30:00-06:00,420.339,2024-02-01 10:00:00-06:00,417.961,417.98,-190.24,long: close 420.31 > upper 420.20,stop
2024-02-02,1,11,2024-02-02 09:00:00-06:00,425.819,2024-02-02 14:52:00-06:00,430.021,424.05,462.22,long: close 425.84 > upper 424.71,flatten
2024-02-05,-1,13,2024-02-05 09:30:00-06:00,426.721,2024-02-05 11:28:00-06:00,428.23900000000003,428.22,-197.34,short: close 426.74 < lower 427.61,stop
2024-02-06,-1,9,2024-02-06 09:30:00-06:00,426.711,2024-02-06 14:52:00-06:00,426.899,428.78000000000003,-16.92,short: close 426.73 < lower 426.95,flatten
2024-02-07,1,6,2024-02-07 09:30:00-06:00,432.629,2024-02-07 14:52:00-06:00,432.041,429.64,-35.28,long: close 432.61 > upper 432.03,flatten
2024-02-15,-1,14,2024-02-15 09:00:00-06:00,432.161,2024-02-15 11:27:00-06:00,433.509,433.49,-188.72,short: close 432.18 < lower 432.25,stop
2024-02-16,-1,14,2024-02-16 09:00:00-06:00,431.161,2024-02-16 10:03:00-06:00,432.529,432.51,-191.52,short: close 431.25 < lower 433.37,stop
2024-02-20,-1,7,2024-02-20 09:00:00-06:00,426.121,2024-02-20 14:52:00-06:00,426.649,428.65000000000003,-36.96,short: close 426.16 < lower 427.04,flatten
2024-03-01,1,8,2024-03-01 10:00:00-06:00,442.219,2024-03-01 14:52:00-06:00,445.631,439.99,272.96,long: close 442.21 > upper 441.72,flatten
2024-03-05,-1,6,2024-03-05 09:00:00-06:00,438.721,2024-03-05 14:52:00-06:00,435.259,441.85,207.72,short: close 438.72 < lower 439.30,flatten
2024-03-07,1,4,2024-03-07 10:30:00-06:00,444.949,2024-03-07 14:52:00-06:00,445.671,440.98,28.88,long: close 444.93 > upper 444.61,flatten
2024-03-08,1,7,2024-03-08 09:30:00-06:00,448.509,2024-03-08 10:03:00-06:00,445.871,445.89,-184.66,long: close 448.47 > upper 448.28,stop
2024-03-08,-1,7,2024-03-08 10:30:00-06:00,442.841,2024-03-08 14:52:00-06:00,439.549,445.35,230.44,short: close 442.86 < lower 443.15,flatten
2024-03-11,-1,8,2024-03-11 09:00:00-05:00,435.671,2024-03-11 09:52:00-05:00,437.939,437.92,-181.44,short: close 435.69 < lower 436.01,stop
2024-03-12,1,6,2024-03-12 10:00:00-05:00,442.379,2024-03-12 14:52:00-05:00,443.82099999999997,439.51,86.52,long: close 442.32 > upper 441.42,flatten
2024-03-13,-1,9,2024-03-13 09:00:00-05:00,440.501,2024-03-13 14:52:00-05:00,440.119,442.47,34.38,short: close 440.51 < lower 441.20,flatten
2024-03-14,-1,8,2024-03-14 09:00:00-05:00,438.221,2024-03-14 09:30:00-05:00,440.469,440.45,-179.84,short: close 438.29 < lower 438.64,stop
2024-04-01,1,8,2024-04-01 09:00:00-05:00,447.049,2024-04-01 09:39:00-05:00,444.741,444.76,-184.64,long: close 447.04 > upper 446.77,stop
2024-04-03,1,6,2024-04-03 09:30:00-05:00,443.029,2024-04-03 14:52:00-05:00,441.931,440.16,-65.88,long: close 443.00 > upper 442.89,flatten
2024-04-05,1,9,2024-04-05 09:00:00-05:00,438.48900000000003,2024-04-05 14:52:00-05:00,440.76099999999997,436.33,204.48,long: close 438.47 > upper 438.18,flatten
2024-04-19,-1,7,2024-04-19 09:30:00-05:00,419.341,2024-04-19 14:52:00-05:00,413.949,421.96000000000004,377.44,short: close 419.38 < lower 420.17,flatten
2024-04-23,1,8,2024-04-23 09:00:00-05:00,422.559,2024-04-23 14:52:00-05:00,425.251,420.31,215.36,long: close 422.52 > upper 422.06,flatten
2024-04-26,1,6,2024-04-26 09:00:00-05:00,429.839,2024-04-26 14:52:00-05:00,431.651,427.0,108.72,long: close 429.82 > upper 428.84,flatten
2024-05-14,1,10,2024-05-14 09:30:00-05:00,444.839,2024-05-14 09:38:00-05:00,442.951,442.97,-188.8,long: close 444.81 > upper 444.75,stop
2024-05-20,1,12,2024-05-20 09:00:00-05:00,454.539,2024-05-20 14:52:00-05:00,454.371,453.01,-20.16,long: close 454.51 > upper 453.40,flatten
2024-05-24,1,6,2024-05-24 10:00:00-05:00,457.699,2024-05-24 14:52:00-05:00,457.611,454.56,-5.28,long: close 457.67 > upper 457.60,flatten
2024-05-30,-1,6,2024-05-30 10:00:00-05:00,452.901,2024-05-30 14:52:00-05:00,450.92900000000003,455.73,118.32,short: close 452.94 < lower 453.19,flatten
2024-05-31,-1,9,2024-05-31 09:30:00-05:00,447.331,2024-05-31 14:48:00-05:00,449.319,449.3,-178.92,short: close 447.39 < lower 449.71,stop
2024-06-12,1,5,2024-06-12 09:00:00-05:00,474.159,2024-06-12 14:52:00-05:00,474.291,470.72,6.6,long: close 474.13 > upper 473.47,flatten
2024-06-21,-1,15,2024-06-21 09:00:00-05:00,479.601,2024-06-21 09:15:00-05:00,480.869,480.85,-190.2,short: close 479.62 < lower 480.04,stop
2024-06-25,1,6,2024-06-25 10:30:00-05:00,478.519,2024-06-25 14:52:00-05:00,478.851,475.41,19.92,long: close 478.50 > upper 478.10,flatten
2024-06-27,1,15,2024-06-27 09:00:00-05:00,481.769,2024-06-27 09:50:00-05:00,480.521,480.54,-187.2,long: close 481.77 > upper 481.49,stop
2024-06-28,1,12,2024-06-28 09:00:00-05:00,484.259,2024-06-28 10:08:00-05:00,482.731,482.75,-183.36,long: close 484.24 > upper 483.50,stop
2024-07-02,1,8,2024-07-02 10:30:00-05:00,483.849,2024-07-02 14:52:00-05:00,486.061,481.40000000000003,176.96,long: close 483.81 > upper 483.63,flatten
2024-07-03,1,8,2024-07-03 10:30:00-05:00,489.359,2024-07-03 14:53:00-05:00,490.911,487.05,124.16,long: close 489.32 > upper 488.92,flatten
2024-07-05,1,8,2024-07-05 09:00:00-05:00,493.67900000000003,2024-07-05 14:52:00-05:00,496.411,491.40000000000003,218.56,long: close 493.61 > upper 493.46,flatten
2024-07-11,-1,9,2024-07-11 09:30:00-05:00,498.156,2024-07-11 14:52:00-05:00,492.819,500.2,480.33,short: close 498.20 < lower 500.98,flatten
2024-07-12,1,10,2024-07-12 09:00:00-05:00,494.92900000000003,2024-07-12 14:52:00-05:00,494.421,492.98,-50.8,long: close 494.89 > upper 494.16,flatten
2024-07-17,-1,3,2024-07-17 09:30:00-05:00,485.121,2024-07-17 14:52:00-05:00,483.639,491.12,44.46,short: close 485.15 < lower 485.60,flatten
2024-07-18,-1,3,2024-07-18 10:30:00-05:00,477.721,2024-07-18 14:52:00-05:00,479.669,483.18,-58.44,short: close 477.74 < lower 478.22,flatten
2024-07-24,-1,4,2024-07-24 09:00:00-05:00,470.791,2024-07-24 14:52:00-05:00,464.219,475.65000000000003,262.88,short: close 470.82 < lower 472.37,flatten
2024-07-25,-1,11,2024-07-25 09:00:00-05:00,459.171,2024-07-25 09:36:00-05:00,460.969,460.95,-197.78,short: close 459.20 < lower 461.75,stop
2024-08-01,1,7,2024-08-01 09:00:00-05:00,474.639,2024-08-01 09:19:00-05:00,472.001,472.02,-184.66,long: close 474.71 > upper 474.02,stop
2024-08-01,-1,5,2024-08-01 10:00:00-05:00,467.341,2024-08-01 14:52:00-05:00,460.17900000000003,471.04,358.1,short: close 467.37 < lower 467.70,flatten
2024-08-02,-1,3,2024-08-02 09:30:00-05:00,446.906,2024-08-02 14:52:00-05:00,446.549,452.91,10.71,short: close 446.95 < lower 448.08,flatten
2024-08-06,1,4,2024-08-06 10:00:00-05:00,442.719,2024-08-06 14:52:00-05:00,441.461,437.78000000000003,-50.32,long: close 442.71 > upper 441.48,flatten
2024-08-08,1,3,2024-08-08 09:30:00-05:00,444.809,2024-08-08 14:52:00-05:00,447.221,438.81,72.36,long: close 444.75 > upper 444.33,flatten
2024-08-26,-1,6,2024-08-26 09:30:00-05:00,475.891,2024-08-26 14:52:00-05:00,475.089,478.89,48.12,short: close 475.95 < lower 476.74,flatten
2024-08-28,-1,5,2024-08-28 10:00:00-05:00,472.1309,2024-08-28 14:52:00-05:00,472.539,475.67,-20.4,short: close 472.16 < lower 473.02,flatten
2024-08-29,1,6,2024-08-29 09:00:00-05:00,476.839,2024-08-29 13:28:00-05:00,473.911,473.93,-175.68,long: close 476.82 > upper 475.19,stop
2024-09-03,-1,5,2024-09-03 09:00:00-05:00,470.581,2024-09-03 14:52:00-05:00,460.819,474.24,488.1,short: close 470.62 < lower 471.13,flatten
2024-09-05,1,6,2024-09-05 09:00:00-05:00,463.059,2024-09-05 10:01:00-05:00,460.181,460.2,-172.68,long: close 463.05 > upper 462.66,stop
2024-09-06,-1,7,2024-09-06 09:00:00-05:00,455.861,2024-09-06 14:52:00-05:00,449.329,458.47,457.24,short: close 455.85 < lower 458.12,flatten
2024-09-11,-1,4,2024-09-11 09:30:00-05:00,453.871,2024-09-11 11:03:00-05:00,458.189,458.17,-172.72,short: close 453.89 < lower 454.97,stop
2024-10-01,-1,11,2024-10-01 09:00:00-05:00,482.721,2024-10-01 14:52:00-05:00,481.399,484.49,145.42,short: close 482.74 < lower 486.10,flatten
2024-10-08,1,4,2024-10-08 10:00:00-05:00,487.889,2024-10-08 14:52:00-05:00,489.471,483.51,63.28,long: close 487.83 > upper 487.75,flatten
2024-10-14,1,5,2024-10-14 09:00:00-05:00,498.649,2024-10-14 14:52:00-05:00,497.951,495.1,-34.9,long: close 498.62 > upper 498.11,flatten
2024-10-15,-1,5,2024-10-15 10:00:00-05:00,492.211,2024-10-15 14:52:00-05:00,490.159,495.83,102.6,short: close 492.23 < lower 494.05,flatten
2024-10-16,-1,7,2024-10-16 09:00:00-05:00,487.951,2024-10-16 09:24:00-05:00,490.449,490.43,-174.86,short: close 488.00 < lower 488.50,stop
2024-10-25,1,6,2024-10-25 09:00:00-05:00,498.949,2024-10-25 12:41:00-05:00,495.781,495.8,-190.08,long: close 498.95 > upper 496.89,stop
2024-10-31,-1,4,2024-10-31 09:00:00-05:00,487.581,2024-10-31 14:52:00-05:00,486.069,491.77000000000004,60.48,short: close 487.61 < lower 490.21,flatten
2024-11-01,1,5,2024-11-01 09:30:00-05:00,490.379,2024-11-01 14:52:00-05:00,486.831,486.67,-177.4,long: close 490.35 > upper 488.42,flatten
2024-11-05,1,5,2024-11-05 09:00:00-06:00,490.899,2024-11-05 14:52:00-06:00,491.531,487.5,31.6,long: close 490.95 > upper 490.19,flatten
2024-11-07,1,5,2024-11-07 09:00:00-06:00,510.899,2024-11-07 14:52:00-06:00,513.501,507.15000000000003,130.1,long: close 510.89 > upper 510.77,flatten
2024-11-15,-1,3,2024-11-15 09:30:00-06:00,498.871,2024-11-15 14:52:00-06:00,495.839,504.63,90.96,short: close 498.89 < lower 500.06,flatten
2024-11-20,-1,7,2024-11-20 09:00:00-06:00,499.881,2024-11-20 14:34:00-06:00,502.41900000000004,502.40000000000003,-177.66,short: close 499.83 < lower 500.73,stop
2024-11-21,-1,3,2024-11-21 09:30:00-06:00,497.891,2024-11-21 10:06:00-06:00,502.98900000000003,502.97,-152.94,short: close 497.91 < lower 499.64,stop
2024-11-27,-1,4,2024-11-27 09:30:00-06:00,504.271,2024-11-27 14:52:00-06:00,505.17900000000003,508.39,-36.32,short: close 504.33 < lower 504.62,flatten
2024-11-29,1,5,2024-11-29 10:30:00-06:00,509.659,2024-11-29 12:16:00-06:00,506.091,506.11,-178.4,long: close 509.66 > upper 509.16,stop
2024-12-02,1,6,2024-12-02 09:00:00-06:00,513.699,2024-12-02 14:52:00-06:00,515.231,510.53000000000003,91.92,long: close 513.67 > upper 513.60,flatten
2024-12-06,1,6,2024-12-06 09:00:00-06:00,525.299,2024-12-06 14:52:00-06:00,526.281,522.36,58.92,long: close 525.24 > upper 525.07,flatten
2024-12-11,1,3,2024-12-11 10:30:00-06:00,529.189,2024-12-11 14:52:00-06:00,530.106,523.42,27.51,long: close 529.17 > upper 528.55,flatten
2024-12-13,1,4,2024-12-13 09:00:00-06:00,532.539,2024-12-13 09:56:00-06:00,528.511,528.53,-161.12,long: close 532.52 > upper 532.50,stop
2024-12-20,1,4,2024-12-20 10:00:00-06:00,517.899,2024-12-20 14:52:00-06:00,518.931,513.36,41.28,long: close 517.84 > upper 516.85,flatten
2024-12-24,1,7,2024-12-24 09:00:00-06:00,526.689,2024-12-24 14:52:00-06:00,529.921,524.1800000000001,226.24,long: close 526.66 > upper 526.39,flatten
2024-12-27,-1,5,2024-12-27 09:00:00-06:00,522.611,2024-12-27 14:52:00-06:00,522.589,526.07,1.1,short: close 522.60 < lower 524.32,flatten
2024-12-30,-1,3,2024-12-30 09:00:00-06:00,512.601,2024-12-30 11:23:00-06:00,517.879,517.86,-158.34,short: close 512.64 < lower 513.79,stop
2025-01-03,1,5,2025-01-03 09:00:00-06:00,515.419,2025-01-03 14:52:00-06:00,517.951,511.97,126.6,long: close 515.48 > upper 515.21,flatten
2025-01-07,-1,4,2025-01-07 09:30:00-06:00,520.3911,2025-01-07 14:52:00-06:00,514.819,524.92,222.88,short: close 520.41 < lower 520.54,flatten
2025-01-10,-1,5,2025-01-10 09:00:00-06:00,508.241,2025-01-10 14:52:00-06:00,507.099,512.2,57.1,short: close 508.35 < lower 509.44,flatten
2025-01-28,1,4,2025-01-28 09:30:00-06:00,519.239,2025-01-28 14:52:00-06:00,521.971,514.75,109.28,long: close 519.21 > upper 519.11,flatten
2025-01-31,1,3,2025-01-31 10:00:00-06:00,530.859,2025-01-31 13:06:00-06:00,525.181,525.2,-170.34,long: close 530.84 > upper 530.69,stop
2025-02-04,1,6,2025-02-04 09:00:00-06:00,521.989,2025-02-04 14:52:00-06:00,524.101,519.07,126.72,long: close 521.94 > upper 521.31,flatten
2025-02-07,-1,5,2025-02-07 10:30:00-06:00,524.681,2025-02-07 14:52:00-06:00,523.359,528.64,66.1,short: close 524.58 < lower 525.91,flatten
2025-02-20,-1,8,2025-02-20 09:00:00-06:00,533.831,2025-02-20 09:21:00-06:00,536.089,536.07,-180.64,short: close 533.89 < lower 536.91,stop
2025-02-20,-1,3,2025-02-20 10:00:00-06:00,533.4408999999999,2025-02-20 14:52:00-06:00,536.939,538.4300000000001,-104.94,short: close 533.41 < lower 534.16,flatten
2025-02-24,-1,6,2025-02-24 09:00:00-06:00,523.321,2025-02-24 14:52:00-06:00,521.279,526.42,122.52,short: close 523.34 < lower 523.89,flatten
2025-02-25,-1,6,2025-02-25 09:00:00-06:00,515.981,2025-02-25 14:52:00-06:00,513.639,518.9300000000001,140.52,short: close 516.00 < lower 516.59,flatten
2025-02-27,-1,4,2025-02-27 09:00:00-06:00,510.01099999999997,2025-02-27 14:52:00-06:00,502.624,514.6,295.48,short: close 510.03 < lower 511.73,flatten
2025-03-04,-1,3,2025-03-04 10:30:00-06:00,489.361,2025-03-04 11:26:00-06:00,495.379,495.36,-180.54,short: close 489.38 < lower 489.43,stop
2025-03-10,-1,3,2025-03-10 09:30:00-05:00,478.291,2025-03-10 14:52:00-05:00,473.229,484.29,151.86,short: close 478.30 < lower 478.52,flatten
2025-03-13,-1,4,2025-03-13 09:00:00-05:00,471.111,2025-03-13 09:24:00-05:00,475.48900000000003,475.47,-175.12,short: close 471.22 < lower 472.30,stop
2025-03-18,-1,3,2025-03-18 09:00:00-05:00,474.001,2025-03-18 14:52:00-05:00,474.689,479.65000000000003,-20.64,short: close 474.02 < lower 475.43,flatten
2025-03-28,-1,4,2025-03-28 09:30:00-05:00,473.211,2025-03-28 14:52:00-05:00,468.73900000000003,477.97,178.88,short: close 473.21 < lower 475.94,flatten
2025-04-04,-1,3,2025-04-04 09:30:00-05:00,432.351,2025-04-04 14:52:00-05:00,425.659,438.35,200.76,short: close 432.39 < lower 434.10,flatten
2025-04-09,1,5,2025-04-09 09:00:00-05:00,421.329,2025-04-09 09:52:00-05:00,417.731,417.75,-179.9,long: close 421.29 > upper 419.45,stop
2025-04-10,-1,3,2025-04-10 10:30:00-05:00,445.861,2025-04-10 14:52:00-05:00,445.319,451.86,16.26,short: close 445.87 < lower 447.68,flatten
2025-04-21,-1,3,2025-04-21 10:30:00-05:00,431.931,2025-04-21 14:52:00-05:00,431.92900000000003,437.93,0.06,short: close 431.93 < lower 432.05,flatten
2025-04-24,1,3,2025-04-24 09:30:00-05:00,462.859,2025-04-24 14:52:00-05:00,466.581,456.86,111.66,long: close 462.85 > upper 462.23,flatten
2025-05-13,1,4,2025-05-13 09:30:00-05:00,514.169,2025-05-13 14:52:00-05:00,516.2909999999999,509.95,84.88,long: close 514.13 > upper 512.72,flatten
2025-05-22,1,8,2025-05-22 09:00:00-05:00,516.539,2025-05-22 09:55:00-05:00,514.061,514.08,-198.24,long: close 516.50 > upper 515.82,stop
2025-05-30,-1,6,2025-05-30 09:00:00-05:00,516.441,2025-05-30 09:12:00-05:00,519.279,519.26,-170.28,short: close 516.47 < lower 516.88,stop
2025-06-16,1,5,2025-06-16 09:00:00-05:00,533.759,2025-06-16 14:52:00-05:00,533.691,530.12,-3.4,long: close 533.73 > upper 532.37,flatten
2025-06-20,-1,5,2025-06-20 10:00:00-05:00,526.091,2025-06-20 14:52:00-05:00,525.999,530.03,4.6,short: close 526.13 < lower 526.68,flatten
2025-06-23,1,8,2025-06-23 09:30:00-05:00,529.579,2025-06-23 11:23:00-05:00,527.201,527.22,-190.24,long: close 529.54 > upper 529.13,stop
2025-06-27,1,10,2025-06-27 09:00:00-05:00,548.619,2025-06-27 13:19:00-05:00,546.741,546.76,-187.8,long: close 548.60 > upper 548.59,stop
2025-07-01,-1,5,2025-07-01 10:00:00-05:00,546.891,2025-07-01 14:52:00-05:00,547.619,550.44,-36.4,short: close 546.92 < lower 547.14,flatten
2025-07-02,1,7,2025-07-02 09:30:00-05:00,549.469,2025-07-02 14:52:00-05:00,550.311,546.6800000000001,58.94,long: close 549.47 > upper 549.36,flatten
2025-07-03,1,7,2025-07-03 09:00:00-05:00,554.759,2025-07-03 14:52:00-05:00,555.871,552.1,77.84,long: close 554.75 > upper 554.66,flatten
2025-07-09,1,8,2025-07-09 09:00:00-05:00,557.049,2025-07-09 09:32:00-05:00,554.721,554.74,-186.24,long: close 557.04 > upper 555.70,stop
2025-07-10,-1,11,2025-07-10 09:00:00-05:00,554.141,2025-07-10 12:53:00-05:00,555.919,555.9,-195.58,short: close 554.16 < lower 554.81,stop
2025-07-16,-1,9,2025-07-16 09:00:00-05:00,554.761,2025-07-16 12:07:00-05:00,556.8290000000001,556.8100000000001,-186.12,short: close 554.77 < lower 554.94,stop
2025-07-17,1,7,2025-07-17 10:30:00-05:00,561.104,2025-07-17 14:52:00-05:00,561.801,558.3000000000001,48.79,long: close 561.08 > upper 560.47,flatten
2025-07-21,1,7,2025-07-21 09:00:00-05:00,564.949,2025-07-21 14:52:00-05:00,564.401,562.48,-38.36,long: close 564.91 > upper 564.14,flatten
2025-07-22,-1,8,2025-07-22 09:00:00-05:00,559.321,2025-07-22 12:28:00-05:00,561.649,561.63,-186.24,short: close 559.34 < lower 561.92,stop
2025-08-01,-1,3,2025-08-01 09:00:00-05:00,553.711,2025-08-01 14:52:00-05:00,554.329,559.07,-18.54,short: close 553.80 < lower 556.58,flatten
2025-08-04,1,3,2025-08-04 09:00:00-05:00,562.789,2025-08-04 14:52:00-05:00,563.631,557.47,25.26,long: close 562.75 > upper 561.79,flatten
2025-08-06,1,4,2025-08-06 10:30:00-05:00,564.879,2025-08-06 14:52:00-05:00,567.081,560.71,88.08,long: close 564.88 > upper 564.82,flatten
2025-08-08,1,5,2025-08-08 09:30:00-05:00,573.629,2025-08-08 14:52:00-05:00,574.241,570.28,30.6,long: close 573.62 > upper 573.19,flatten
2025-08-15,-1,7,2025-08-15 09:00:00-05:00,577.181,2025-08-15 14:52:00-05:00,577.279,579.66,-6.86,short: close 577.29 < lower 577.35,flatten
2025-08-19,-1,7,2025-08-19 09:30:00-05:00,573.091,2025-08-19 14:52:00-05:00,568.909,575.88,292.74,short: close 573.10 < lower 573.95,flatten
2025-08-20,-1,6,2025-08-20 09:00:00-05:00,562.161,2025-08-20 12:45:00-05:00,565.439,565.42,-196.68,short: close 562.18 < lower 565.54,stop
2025-08-22,1,5,2025-08-22 09:30:00-05:00,571.729,2025-08-22 14:52:00-05:00,571.991,567.84,13.1,long: close 571.68 > upper 567.88,flatten
2025-08-29,-1,5,2025-08-29 09:00:00-05:00,571.441,2025-08-29 14:52:00-05:00,569.779,574.82,83.1,short: close 571.44 < lower 572.49,flatten
2025-09-15,1,8,2025-09-15 09:00:00-05:00,590.4590000000001,2025-09-15 14:52:00-05:00,590.661,588.03,16.16,long: close 590.43 > upper 589.98,flatten
2025-09-18,1,3,2025-09-18 09:30:00-05:00,597.4590000000001,2025-09-18 14:52:00-05:00,595.761,592.45,-50.94,long: close 597.45 > upper 597.44,flatten
2025-09-23,-1,13,2025-09-23 09:00:00-05:00,600.871,2025-09-23 14:52:00-05:00,598.2090000000001,602.27,346.06,short: close 600.87 < lower 600.90,flatten
2025-09-25,-1,5,2025-09-25 09:00:00-05:00,589.211,2025-09-25 09:15:00-05:00,592.679,592.66,-173.4,short: close 589.23 < lower 590.69,stop
2025-09-29,1,6,2025-09-29 09:00:00-05:00,601.279,2025-09-29 12:03:00-05:00,597.981,598.0,-197.88,long: close 601.26 > upper 600.87,stop
2025-10-07,-1,6,2025-10-07 10:30:00-05:00,605.161,2025-10-07 14:52:00-05:00,604.9590000000001,608.2,12.12,short: close 605.21 < lower 605.34,flatten
2025-10-08,1,8,2025-10-08 09:00:00-05:00,607.609,2025-10-08 14:52:00-05:00,611.201,605.25,287.36,long: close 607.58 > upper 607.31,flatten
2025-10-10,-1,6,2025-10-10 10:30:00-05:00,599.481,2025-10-10 14:52:00-05:00,591.699,602.61,466.92,short: close 599.57 < lower 607.92,flatten
2025-10-20,1,5,2025-10-20 09:00:00-05:00,609.669,2025-10-20 14:52:00-05:00,612.231,606.32,128.1,long: close 609.63 > upper 608.86,flatten
2025-10-22,-1,6,2025-10-22 09:30:00-05:00,607.411,2025-10-22 14:52:00-05:00,605.289,610.5500000000001,127.32,short: close 607.42 < lower 607.98,flatten
2025-10-23,1,9,2025-10-23 09:00:00-05:00,608.399,2025-10-23 14:52:00-05:00,610.221,606.39,163.98,long: close 608.34 > upper 607.16,flatten
2025-10-30,-1,4,2025-10-30 10:00:00-05:00,629.551,2025-10-30 14:52:00-05:00,627.489,633.99,82.48,short: close 629.56 < lower 629.58,flatten
2025-11-05,1,7,2025-11-05 09:00:00-06:00,621.9590000000001,2025-11-05 14:52:00-06:00,624.601,619.3000000000001,184.94,long: close 621.98 > upper 621.54,flatten
2025-11-06,-1,5,2025-11-06 09:00:00-06:00,617.871,2025-11-06 14:52:00-06:00,612.069,621.26,290.1,short: close 617.90 < lower 619.16,flatten
2025-11-07,-1,3,2025-11-07 10:00:00-06:00,601.391,2025-11-07 13:39:00-06:00,606.7090000000001,606.69,-159.54,short: close 601.42 < lower 604.71,stop
2025-11-13,-1,3,2025-11-13 10:00:00-06:00,612.281,2025-11-13 14:52:00-06:00,609.009,618.08,98.16,short: close 612.29 < lower 613.50,flatten
2025-11-18,-1,3,2025-11-18 09:00:00-06:00,594.811,2025-11-18 11:57:00-06:00,600.8290000000001,600.8100000000001,-180.54,short: close 594.86 < lower 595.57,stop
2025-11-19,1,4,2025-11-19 09:00:00-06:00,603.909,2025-11-19 10:12:00-06:00,599.111,599.13,-191.92,long: close 603.90 > upper 601.49,stop
2025-11-24,1,3,2025-11-24 10:30:00-06:00,603.539,2025-11-24 14:52:00-06:00,605.311,597.54,53.16,long: close 603.55 > upper 601.77,flatten
2025-12-11,-1,4,2025-12-11 09:00:00-06:00,618.2909999999999,2025-12-11 09:21:00-06:00,622.5790000000001,622.5600000000001,-171.52,short: close 618.29 < lower 621.42,stop
2025-12-11,-1,3,2025-12-11 10:30:00-06:00,619.551,2025-12-11 13:18:00-06:00,625.099,625.08,-166.44,short: close 619.57 < lower 620.16,stop
2025-12-12,-1,4,2025-12-12 09:30:00-06:00,616.241,2025-12-12 14:52:00-06:00,613.389,621.02,114.08,short: close 616.27 < lower 619.08,flatten
2025-12-15,-1,3,2025-12-15 09:30:00-06:00,610.121,2025-12-15 14:52:00-06:00,610.999,615.69,-26.34,short: close 610.17 < lower 610.43,flatten
2025-12-17,-1,3,2025-12-17 10:00:00-06:00,604.461,2025-12-17 14:52:00-06:00,601.159,609.53,99.06,short: close 604.51 < lower 607.36,flatten
2025-12-19,1,4,2025-12-19 09:00:00-06:00,616.669,2025-12-19 14:52:00-06:00,616.991,612.15,12.88,long: close 616.65 > upper 615.08,flatten
2026-01-06,1,6,2026-01-06 09:00:00-06:00,621.979,2026-01-06 14:52:00-06:00,623.7909999999999,618.8000000000001,108.72,long: close 621.98 > upper 621.78,flatten
2026-01-08,-1,7,2026-01-08 09:00:00-06:00,618.581,2026-01-08 09:28:00-06:00,621.239,621.22,-186.06,short: close 618.62 < lower 620.91,stop
2026-01-08,-1,4,2026-01-08 10:30:00-06:00,619.061,2026-01-08 14:52:00-06:00,620.279,623.4300000000001,-48.72,short: close 619.10 < lower 619.18,flatten
2026-01-09,1,6,2026-01-09 09:30:00-06:00,624.769,2026-01-09 14:52:00-06:00,627.121,621.75,141.12,long: close 624.74 > upper 623.94,flatten
2026-01-14,-1,4,2026-01-14 09:00:00-06:00,618.521,2026-01-14 14:52:00-06:00,618.399,622.7,4.88,short: close 618.52 < lower 620.01,flatten
2026-01-21,1,5,2026-01-21 09:00:00-06:00,612.619,2026-01-21 11:12:00-06:00,608.841,608.86,-188.9,long: close 612.60 > upper 612.52,stop
2026-01-29,-1,5,2026-01-29 09:00:00-06:00,626.181,2026-01-29 14:52:00-06:00,628.499,629.71,-115.9,short: close 626.19 < lower 629.29,flatten
2026-02-02,1,3,2026-02-02 10:30:00-06:00,627.159,2026-02-02 14:52:00-06:00,625.831,621.16,-39.84,long: close 627.14 > upper 627.07,flatten
2026-02-03,-1,4,2026-02-03 09:00:00-06:00,620.961,2026-02-03 14:52:00-06:00,615.559,625.65,216.08,short: close 620.96 < lower 622.57,flatten
2026-02-04,-1,3,2026-02-04 09:00:00-06:00,610.311,2026-02-04 14:52:00-06:00,606.679,615.38,108.96,short: close 610.42 < lower 610.69,flatten
2026-02-12,-1,3,2026-02-12 10:30:00-06:00,601.926,2026-02-12 14:52:00-06:00,599.679,607.9300000000001,67.41,short: close 601.94 < lower 605.74,flatten
2026-02-17,-1,3,2026-02-17 09:00:00-06:00,594.141,2026-02-17 10:08:00-06:00,599.619,599.6,-164.34,short: close 594.16 < lower 594.64,stop
2026-02-20,1,3,2026-02-20 10:00:00-06:00,609.879,2026-02-20 14:52:00-06:00,608.221,603.88,-49.74,long: close 609.86 > upper 609.57,flatten
2026-02-25,1,3,2026-02-25 09:00:00-06:00,615.489,2026-02-25 14:52:00-06:00,616.601,610.37,33.36,long: close 615.48 > upper 614.58,flatten
2026-02-26,-1,5,2026-02-26 09:00:00-06:00,611.961,2026-02-26 14:52:00-06:00,608.599,615.9,168.1,short: close 611.98 < lower 612.12,flatten
2026-03-20,-1,5,2026-03-20 09:00:00-05:00,586.281,2026-03-20 14:52:00-05:00,580.289,590.19,299.6,short: close 586.30 < lower 588.14,flatten
2026-03-23,1,3,2026-03-23 09:30:00-05:00,593.879,2026-03-23 10:58:00-05:00,587.861,587.88,-180.54,long: close 593.87 > upper 593.84,stop
2026-03-27,-1,4,2026-03-27 09:00:00-05:00,566.691,2026-03-27 14:52:00-05:00,561.774,570.85,196.68,short: close 566.71 < lower 568.09,flatten
2026-03-31,1,3,2026-03-31 09:00:00-05:00,568.759,2026-03-31 14:52:00-05:00,577.321,562.76,256.86,long: close 568.75 > upper 567.73,flatten
2026-04-01,1,3,2026-04-01 10:00:00-05:00,585.589,2026-04-01 14:52:00-05:00,584.481,580.16,-33.24,long: close 585.57 > upper 584.76,flatten
2026-04-07,-1,3,2026-04-07 10:00:00-05:00,580.011,2026-04-07 11:03:00-05:00,585.509,585.49,-164.94,short: close 580.02 < lower 581.60,stop
2026-04-30,-1,6,2026-04-30 09:00:00-05:00,659.581,2026-04-30 10:00:00-05:00,662.859,662.84,-196.68,short: close 659.58 < lower 660.24,stop
2026-05-01,1,7,2026-05-01 09:00:00-05:00,674.999,2026-05-01 09:37:00-05:00,672.211,672.23,-195.16,long: close 674.96 > upper 671.15,stop
2026-05-01,1,4,2026-05-01 10:00:00-05:00,673.589,2026-05-01 14:52:00-05:00,674.561,669.02,38.88,long: close 673.53 > upper 672.94,flatten
2026-05-05,1,3,2026-05-05 09:30:00-05:00,681.149,2026-05-05 14:52:00-05:00,681.411,675.69,7.86,long: close 681.12 > upper 680.90,flatten
2026-05-06,1,3,2026-05-06 10:00:00-05:00,691.299,2026-05-06 14:52:00-05:00,694.811,685.3000000000001,105.36,long: close 691.28 > upper 691.27,flatten
2026-05-07,1,5,2026-05-07 09:30:00-05:00,699.559,2026-05-07 11:06:00-05:00,696.181,696.2,-168.9,long: close 699.52 > upper 699.44,stop
2026-05-08,1,4,2026-05-08 09:00:00-05:00,705.339,2026-05-08 14:52:00-05:00,710.201,700.5,194.48,long: close 705.33 > upper 702.27,flatten
2026-05-12,-1,3,2026-05-12 10:00:00-05:00,703.261,2026-05-12 14:52:00-05:00,707.199,709.26,-118.14,short: close 703.30 < lower 703.92,flatten
2026-05-14,1,4,2026-05-14 10:00:00-05:00,719.479,2026-05-14 14:52:00-05:00,719.886,714.95,16.28,long: close 719.42 > upper 719.07,flatten
2026-05-18,-1,3,2026-05-18 10:30:00-05:00,702.366,2026-05-18 14:52:00-05:00,705.329,708.37,-88.89,short: close 702.34 < lower 703.25,flatten
2026-05-26,1,3,2026-05-26 09:30:00-05:00,729.929,2026-05-26 14:52:00-05:00,730.356,723.9300000000001,12.81,long: close 729.92 > upper 729.64,flatten
2026-05-27,-1,3,2026-05-27 09:30:00-05:00,726.301,2026-05-27 14:52:00-05:00,729.679,731.45,-101.34,short: close 726.36 < lower 726.45,flatten
2026-06-03,-1,5,2026-06-03 09:00:00-05:00,742.651,2026-06-03 09:29:00-05:00,746.399,746.38,-187.4,short: close 742.66 < lower 742.98,stop
2026-06-05,-1,3,2026-06-05 09:00:00-05:00,723.721,2026-06-05 14:52:00-05:00,709.305,729.72,432.48,short: close 723.72 < lower 726.97,flatten
2026-06-09,-1,3,2026-06-09 10:00:00-05:00,710.971,2026-06-09 14:52:00-05:00,705.329,716.97,169.26,short: close 710.94 < lower 712.03,flatten
2026-06-25,-1,3,2026-06-25 09:00:00-05:00,705.821,2026-06-25 09:07:00-05:00,711.839,711.82,-180.54,short: close 705.76 < lower 706.28,stop
2026-06-30,1,3,2026-06-30 09:00:00-05:00,731.909,2026-06-30 14:52:00-05:00,736.491,726.1800000000001,137.46,long: close 731.87 > upper 729.80,flatten
2026-07-02,-1,3,2026-07-02 10:30:00-05:00,715.741,2026-07-02 14:52:00-05:00,711.779,721.74,118.86,short: close 715.79 < lower 718.65,flatten
2026-07-07,-1,3,2026-07-07 09:30:00-05:00,707.191,2026-07-07 11:30:00-05:00,713.2090000000001,713.19,-180.54,short: close 707.21 < lower 708.35,stop
2026-07-23,-1,3,2026-07-23 10:30:00-05:00,688.611,2026-07-23 11:38:00-05:00,694.629,694.61,-180.54,short: close 688.63 < lower 688.99,stop
2026-07-24,-1,4,2026-07-24 09:00:00-05:00,685.151,2026-07-24 10:14:00-05:00,689.419,689.4,-170.72,short: close 685.22 < lower 686.97,stop
2026-07-27,-1,3,2026-07-27 09:30:00-05:00,679.431,2026-07-27 14:52:00-05:00,681.6258,685.4300000000001,-65.84,short: close 679.46 < lower 680.71,flatten
2026-07-28,-1,3,2026-07-28 09:00:00-05:00,669.311,2026-07-28 10:18:00-05:00,675.3290000000001,675.3100000000001,-180.54,short: close 669.38 < lower 672.26,stop
2026-07-29,-1,4,2026-07-29 09:30:00-05:00,667.251,2026-07-29 13:00:00-05:00,671.719,671.7,-178.72,short: close 667.28 < lower 671.05,stop
2026-07-30,1,3,2026-07-30 09:00:00-05:00,681.509,2026-07-30 14:52:00-05:00,683.2909999999999,675.51,53.46,long: close 681.51 > upper 679.17,flatten
2026-08-03,1,3,2026-08-03 10:00:00-05:00,697.609,2026-08-03 14:52:00-05:00,700.711,691.61,93.06,long: close 697.59 > upper 694.44,flatten
2026-08-04,1,3,2026-08-04 09:30:00-05:00,716.069,2026-08-04 14:52:00-05:00,724.191,710.07,243.66,long: close 716.00 > upper 715.75,flatten
2026-08-13,1,3,2026-08-13 09:00:00-05:00,731.579,2026-08-13 14:52:00-05:00,731.951,725.58,11.16,long: close 731.57 > upper 731.53,flatten
2026-08-24,-1,3,2026-08-24 09:00:00-05:00,704.446,2026-08-24 14:52:00-05:00,706.7090000000001,710.0,-67.89,short: close 704.48 < lower 705.99,flatten
2026-09-03,1,5,2026-09-03 10:30:00-05:00,717.789,2026-09-03 14:52:00-05:00,717.301,713.95,-24.4,long: close 717.73 > upper 713.89,flatten
