day,entry_px,exit_px,shares,ret_bp,pnl,qty,reason_out
2016-01-05,110.05,110.38,109.0,29.1,34.89,1,open
2016-01-06,110.25,108.67,108.8,-144.2,-173.05,1,open
2016-01-07,108.64,106.67,110.5,-180.9,-217.05,1,open
2016-01-08,105.72,105.89,113.5,16.1,19.3,1,open
2016-01-12,103.49,104.19,115.9,66.7,80.0,1,open
2016-01-13,103.78,103.88,115.6,8.7,10.41,1,open
2016-01-14,100.42,100.83,119.5,39.8,47.8,1,open
2016-01-15,101.77,99.05,117.9,-268.2,-321.89,1,open
2016-01-20,98.83,97.39,121.4,-146.7,-176.05,1,open
2016-01-21,99.22,99.31,120.9,9.1,10.89,1,open
2016-01-22,98.99,100.62,121.2,163.6,196.37,1,open
2016-01-26,99.16,99.48,121.0,31.3,37.51,1,open
2016-01-27,101.13,100.56,118.7,-57.3,-68.82,1,open
2016-01-28,99.71,100.52,120.3,80.7,96.88,1,open
2016-01-29,99.72,100.01,120.3,29.1,34.9,1,open
2016-02-02,102.53,101.3,117.0,-120.9,-145.12,1,open
2016-02-03,100.3,101.01,119.6,69.8,83.74,1,open
2016-02-04,100.44,99.97,119.5,-46.8,-56.16,1,open
2016-02-05,100.84,100.31,119.0,-52.6,-63.07,1,open
2016-02-09,96.44,95.11,124.4,-138.9,-166.73,1,open
2016-02-10,95.86,96.42,125.2,57.4,68.85,1,open
2016-02-11,95.83,94.05,125.2,-185.8,-222.91,1,open
2016-02-12,94.83,95.62,126.5,83.3,99.96,1,open
2016-02-17,98.94,99.53,121.3,59.6,71.56,1,open
2016-02-18,100.47,100.48,119.4,0.0,0.0,1,open
2016-02-19,99.95,99.53,120.1,-43.0,-51.62,1,open
2016-02-23,101.6,101.17,118.1,-42.3,-50.78,1,open
2016-02-24,100.67,99.59,119.2,-108.3,-129.92,1,open
2016-02-25,101.64,101.76,118.1,10.8,12.99,1,open
2016-02-26,102.56,103.03,117.0,44.8,53.82,1,open
2016-03-01,102.8,103.59,116.7,77.8,93.39,1,open
2016-03-02,104.94,104.76,114.3,-18.1,-21.73,1,open
2016-03-03,106.08,106.03,113.1,-5.7,-6.79,1,open
2016-03-04,107.1,107.03,112.0,-6.5,-7.84,1,open
2016-03-08,108.94,108.25,110.1,-64.3,-77.1,1,open
2016-03-09,106.3,106.61,112.9,29.2,35.0,1,open
2016-03-10,106.84,107.06,112.3,20.6,24.71,1,open
2016-03-11,105.97,106.76,113.2,73.6,88.32,1,open
2016-03-15,107.94,107.23,111.2,-65.8,-78.93,1,open
2016-03-16,106.31,105.7,112.9,-58.3,-69.98,1,open
2016-03-17,107.0,106.7,112.1,-29.0,-34.76,1,open
2016-03-18,108.66,108.73,110.4,7.4,8.84,1,open
2016-03-22,109.38,108.75,109.7,-57.6,-69.12,1,open
2016-03-23,109.27,108.51,109.8,-70.5,-84.56,1,open
2016-03-24,106.88,106.2,112.3,-63.6,-76.35,1,open
2016-03-28,107.22,107.4,111.9,15.9,19.03,1,open
2016-03-29,107.34,107.01,111.8,-31.7,-38.01,1,open
2016-03-30,110.34,110.86,108.7,46.2,55.46,1,open
2016-03-31,110.36,110.45,108.7,7.2,8.7,1,open
2016-04-01,110.67,109.62,108.4,-95.8,-114.93,1,open
2016-04-05,110.23,109.34,108.9,-81.6,-97.97,1,open
2016-04-06,108.95,108.86,110.1,-9.2,-11.01,1,open
2016-04-07,110.2,109.34,108.9,-78.9,-94.73,1,open
2016-04-08,108.72,109.58,110.4,79.1,94.93,1,open
2016-04-12,108.8,108.78,110.3,-2.8,-3.31,1,open
2016-04-13,110.0,110.56,109.1,50.9,61.09,1,open
2016-04-14,112.35,112.23,106.8,-11.6,-13.88,1,open
2016-04-15,112.23,111.87,106.9,-33.0,-39.56,1,open
2016-04-19,113.33,113.48,105.9,12.4,14.82,1,open
2016-04-20,113.41,113.36,105.8,-4.4,-5.29,1,open
2016-04-21,113.64,113.44,105.6,-18.5,-22.17,1,open
2016-04-22,112.98,112.95,106.2,-3.5,-4.25,1,open
2016-04-26,113.28,113.64,105.9,30.9,37.07,1,open
2016-04-27,114.47,114.42,104.8,-4.4,-5.24,1,open
2016-04-28,114.85,114.23,104.5,-54.9,-65.82,1,open
2016-04-29,113.5,112.98,105.7,-46.7,-56.03,1,open
2016-05-03,113.53,112.52,105.7,-89.7,-107.69,1,open
2016-05-04,111.66,110.95,107.5,-62.7,-75.23,1,open
2016-05-05,110.73,111.12,108.4,34.3,41.18,1,open
2016-05-06,110.28,109.78,108.8,-45.3,-54.4,1,open
2016-05-10,111.23,111.62,107.9,35.1,42.07,1,open
2016-05-11,112.35,112.09,106.8,-24.0,-28.84,1,open
2016-05-12,110.97,111.17,108.1,18.0,21.63,1,open
2016-05-13,110.41,110.03,108.7,-34.4,-41.3,1,open
2016-05-17,111.09,110.84,108.0,-22.5,-27.0,1,open
2016-05-18,109.33,108.78,109.8,-50.3,-60.37,1,open
2016-05-19,109.86,109.0,109.2,-79.2,-95.03,1,open
2016-05-20,108.99,109.27,110.1,25.2,30.28,1,open
2016-05-24,110.66,111.28,108.4,55.1,66.15,1,open
2016-05-25,112.98,113.27,106.2,24.8,29.74,1,open
2016-05-26,113.58,113.75,105.6,14.1,16.9,1,open
2016-05-27,113.5,113.52,105.7,0.9,1.06,1,open
2016-06-01,114.98,114.56,104.4,-37.4,-44.88,1,open
2016-06-02,115.83,115.45,103.6,-31.9,-38.33,1,open
2016-06-03,116.69,116.34,102.8,-29.1,-34.97,1,open
2016-06-07,117.27,117.26,102.3,-0.9,-1.02,1,open
2016-06-08,117.56,117.61,102.1,3.4,4.08,1,open
2016-06-09,118.48,117.91,101.3,-49.0,-58.74,1,open
2016-06-10,117.69,116.55,102.0,-97.7,-117.25,1,open
2016-06-14,114.81,114.36,104.5,-40.1,-48.08,1,open
2016-06-15,114.49,114.86,104.8,31.4,37.73,1,open
2016-06-16,114.6,113.69,104.7,-80.3,-96.33,1,open
2016-06-17,114.59,114.38,104.7,-19.2,-23.04,1,open
2016-06-21,115.36,115.31,104.0,-5.2,-6.24,1,open
2016-06-22,115.09,115.27,104.3,14.8,17.72,1,open
2016-06-23,114.63,115.78,104.7,99.4,119.34,1,open
2016-06-24,116.91,111.91,102.6,-427.7,-513.24,1,open
2016-06-28,108.72,109.64,110.4,84.6,101.55,1,open
2016-06-29,110.44,111.67,108.7,111.4,133.65,1,open
2016-06-30,112.92,113.08,106.3,13.3,15.94,1,open
2016-07-01,115.05,115.03,104.3,-0.9,-1.04,1,open
2016-07-06,113.73,112.5,105.5,-109.0,-130.83,1,open
2016-07-07,113.99,114.19,105.3,16.7,20.0,1,open
2016-07-08,114.23,115.22,105.0,85.8,102.95,1,open
2016-07-12,118.19,118.97,101.5,65.1,78.18,1,open
2016-07-13,119.74,120.28,100.2,45.1,54.11,1,open
2016-07-14,119.28,120.27,100.6,82.2,98.59,1,open
2016-07-15,119.41,119.86,100.5,37.7,45.22,1,open
2016-07-19,119.94,119.73,100.1,-17.5,-21.01,1,open
2016-07-20,119.28,119.53,100.6,20.1,24.14,1,open
2016-07-21,120.14,119.98,99.9,-14.1,-16.98,1,open
2016-07-22,119.55,119.53,100.4,-0.8,-1.0,1,open
2016-07-26,120.23,120.17,99.8,-5.8,-6.99,1,open
2016-07-27,120.85,120.97,99.3,9.1,10.92,1,open
2016-07-28,121.13,120.84,99.1,-23.9,-28.73,1,open
2016-07-29,120.86,120.67,99.3,-15.7,-18.86,1,open
2016-08-02,121.19,121.12,99.0,-5.0,-5.94,1,open
2016-08-03,119.49,119.34,100.4,-13.4,-16.07,1,open
2016-08-04,120.52,120.42,99.6,-9.1,-10.95,1,open
2016-08-05,120.58,121.31,99.5,60.5,72.65,1,open
2016-08-09,122.27,122.23,98.1,-2.5,-2.94,1,open
2016-08-10,122.41,122.34,98.0,-5.7,-6.86,1,open
2016-08-11,121.53,122.0,98.7,37.8,45.42,1,open
2016-08-12,122.13,121.81,98.3,-27.0,-32.42,1,open
2016-08-16,123.44,123.05,97.2,-32.4,-38.88,1,open
2016-08-17,122.41,122.4,98.0,-1.6,-1.96,1,open
2016-08-18,122.08,122.06,98.3,-2.5,-2.95,1,open
2016-08-19,122.99,122.72,97.6,-22.8,-27.32,1,open
2016-08-23,123.23,123.58,97.4,27.6,33.11,1,open
2016-08-24,124.13,123.91,96.7,-18.5,-22.23,1,open
2016-08-25,123.08,122.59,97.5,-40.6,-48.75,1,open
2016-08-26,123.33,123.38,97.3,3.2,3.89,1,open
2016-08-30,123.72,123.8,97.0,5.7,6.79,1,open
2016-08-31,123.97,123.75,96.8,-17.7,-21.3,1,open
2016-09-01,123.27,123.3,97.3,1.6,1.95,1,open
2016-09-02,123.34,123.98,97.3,51.1,61.29,1,open
2016-09-07,124.69,124.52,96.2,-14.4,-17.32,1,open
2016-09-08,125.44,125.28,95.7,-12.8,-15.31,1,open
2016-09-09,125.22,124.15,95.8,-85.5,-102.54,1,open
2016-09-13,122.95,122.03,97.6,-75.6,-90.76,1,open
2016-09-14,120.63,120.73,99.5,8.3,9.95,1,open
2016-09-15,120.62,120.65,99.5,1.7,1.99,1,open
2016-09-16,122.1,121.44,98.3,-54.9,-65.84,1,open
2016-09-20,122.72,123.17,97.8,36.7,44.0,1,open
2016-09-21,122.22,122.55,98.2,27.0,32.4,1,open
2016-09-22,123.95,124.67,96.8,57.3,68.73,1,open
2016-09-23,125.77,125.53,95.4,-19.1,-22.9,1,open
2016-09-27,123.28,123.14,97.3,-12.2,-14.6,1,open
2016-09-28,123.78,123.89,96.9,8.1,9.69,1,open
2016-09-29,124.72,124.59,96.2,-11.2,-13.47,1,open
2016-09-30,122.91,123.39,97.6,38.2,45.89,1,open
2016-10-04,123.85,124.0,96.9,11.3,13.56,1,open
2016-10-05,123.25,123.64,97.4,30.8,37.0,1,open
2016-10-06,124.0,123.72,96.8,-23.4,-28.06,1,open
2016-10-07,123.86,124.01,96.9,11.3,13.56,1,open
2016-10-11,124.3,124.0,96.5,-24.1,-28.96,1,open
2016-10-12,122.05,122.06,98.3,0.8,0.98,1,open
2016-10-13,121.94,120.95,98.4,-81.2,-97.42,1,open
2016-10-14,120.94,121.31,99.2,31.4,37.71,1,open
2016-10-18,120.33,121.48,99.7,96.4,115.69,1,open
2016-10-19,120.97,121.15,99.2,14.9,17.86,1,open
2016-10-20,121.49,121.12,98.8,-30.5,-36.54,1,open
2016-10-21,121.17,120.22,99.0,-79.2,-95.07,1,open
2016-10-25,121.88,121.78,98.5,-9.0,-10.83,1,open
2016-10-26,120.94,120.08,99.2,-71.1,-85.34,1,open
2016-10-27,119.8,120.08,100.2,23.4,28.05,1,open
2016-10-28,118.38,118.26,101.4,-11.0,-13.18,1,open
2016-11-01,118.52,118.62,101.2,8.4,10.12,1,open
2016-11-02,117.1,116.84,102.5,-23.1,-27.67,1,open
2016-11-03,115.62,115.88,103.8,21.6,25.95,1,open
2016-11-04,115.03,115.26,104.3,19.1,22.95,1,open
2016-11-08,118.58,118.27,101.2,-26.1,-31.37,1,open
2016-11-09,118.88,118.03,100.9,-70.7,-84.79,1,open
2016-11-10,122.58,124.23,97.9,133.8,160.54,1,open
2016-11-11,124.49,124.98,96.4,38.6,46.27,1,open
2016-11-15,129.17,128.81,92.9,-27.9,-33.44,1,open
2016-11-16,129.56,129.22,92.6,-26.2,-31.49,1,open
2016-11-17,129.62,129.91,92.6,22.4,26.85,1,open
2016-11-18,130.32,130.66,92.1,26.1,31.31,1,open
2016-11-22,131.65,132.09,91.2,33.4,40.11,1,open
2016-11-23,132.85,132.44,90.3,-30.9,-37.03,1,open
2016-11-25,133.65,133.69,89.8,3.7,4.49,1,open
2016-11-29,132.41,132.47,90.6,4.5,5.44,1,open
2016-11-30,132.31,132.88,90.7,43.1,51.69,1,open
2016-12-01,131.65,132.22,91.2,43.3,51.96,1,open
2016-12-02,130.94,130.88,91.6,-5.3,-6.41,1,open
2016-12-06,133.22,133.47,90.1,18.8,22.52,1,open
2016-12-07,134.66,134.56,89.1,-7.4,-8.91,1,open
2016-12-08,135.91,136.22,88.3,22.8,27.37,1,open
2016-12-09,138.09,138.37,86.9,19.6,23.46,1,open
2016-12-13,136.85,137.5,87.7,47.5,56.99,1,open
2016-12-14,136.88,136.38,87.7,-36.5,-43.83,1,open
2016-12-15,135.16,135.34,88.8,13.3,15.98,1,open
2016-12-16,136.22,136.31,88.1,7.3,8.81,1,open
2016-12-20,136.79,137.19,87.7,29.2,35.09,1,open
2016-12-21,137.97,137.81,87.0,-10.9,-13.05,1,open
2016-12-22,137.07,136.53,87.5,-40.1,-48.15,1,open
2016-12-23,135.35,135.43,88.7,5.2,6.21,1,open
2016-12-28,136.7,136.87,87.8,11.7,14.04,1,open
2016-12-29,135.25,135.27,88.7,0.7,0.89,1,open
2016-12-30,135.41,135.56,88.6,11.1,13.29,1,open
2017-01-04,135.59,136.03,88.5,32.5,38.94,1,open
2017-01-05,137.88,137.46,87.0,-30.5,-36.55,1,open
2017-01-06,136.19,136.43,88.1,17.6,21.15,1,open
2017-01-10,134.81,134.99,89.0,12.6,15.13,1,open
2017-01-11,136.16,136.22,88.1,5.1,6.17,1,open
2017-01-12,136.38,136.12,88.0,-18.3,-22.0,1,open
2017-01-13,135.31,135.62,88.7,22.9,27.49,1,open
2017-01-18,134.41,134.74,89.3,24.6,29.46,1,open
2017-01-19,134.87,135.1,89.0,17.8,21.35,1,open
2017-01-20,133.75,134.18,89.7,32.2,38.58,1,open
2017-01-24,133.92,134.31,89.6,28.4,34.05,1,open
2017-01-25,135.91,137.0,88.3,80.2,96.24,1,open
2017-01-26,137.31,137.27,87.4,-3.6,-4.37,1,open
2017-01-27,136.75,136.74,87.8,-0.7,-0.88,1,open
2017-01-31,134.38,133.83,89.3,-40.9,-49.12,1,open
2017-02-01,135.22,136.19,88.7,72.5,86.97,1,open
2017-02-02,135.26,135.28,88.7,1.5,1.77,1,open
2017-02-03,134.79,135.94,89.0,84.6,101.49,1,open
2017-02-07,135.85,135.81,88.3,-3.7,-4.42,1,open
2017-02-08,135.29,134.56,88.7,-54.0,-64.75,1,open
2017-02-09,135.06,135.22,88.9,12.6,15.1,1,open
2017-02-10,136.95,137.75,87.6,58.4,70.1,1,open
2017-02-14,138.37,137.88,86.7,-34.7,-41.63,1,open
2017-02-15,138.84,138.15,86.4,-49.7,-59.64,1,open
2017-02-16,139.62,139.41,86.0,-14.3,-17.19,1,open
2017-02-17,139.19,138.38,86.2,-58.2,-69.83,1,open
2017-02-22,140.22,139.97,85.6,-17.8,-21.4,1,open
2017-02-23,139.63,139.93,85.9,20.8,24.92,1,open
2017-02-24,138.75,137.44,86.5,-93.7,-112.44,1,open
2017-02-28,140.0,139.34,85.7,-47.1,-56.57,1,open
2017-03-01,137.88,139.62,87.0,125.5,150.56,1,open
2017-03-02,140.44,140.3,85.4,-10.0,-11.96,1,open
2017-03-03,138.82,138.77,86.4,-4.3,-5.19,1,open
2017-03-07,137.75,137.38,87.1,-26.9,-32.23,1,open
2017-03-08,136.78,137.25,87.7,33.6,40.36,1,open
2017-03-09,135.9,135.78,88.3,-8.1,-9.71,1,open
2017-03-10,135.38,136.25,88.6,65.0,78.01,1,open
2017-03-14,136.35,135.71,88.0,-47.7,-57.2,1,open
2017-03-15,135.63,136.28,88.5,47.9,57.51,1,open
2017-03-16,137.72,138.19,87.1,34.1,40.95,1,open
2017-03-17,137.98,138.1,87.0,8.7,10.44,1,open
2017-03-21,137.87,138.49,87.0,45.0,53.97,1,open
2017-03-22,134.06,133.69,89.5,-26.9,-32.23,1,open
2017-03-23,134.03,133.97,89.5,-4.5,-5.37,1,open
2017-03-24,134.78,134.91,89.0,9.6,11.57,1,open
2017-03-28,134.78,134.25,89.0,-39.3,-47.19,1,open
2017-03-29,135.81,135.66,88.4,-10.3,-12.37,1,open
2017-03-30,136.31,136.28,88.0,-2.2,-2.64,1,open
2017-03-31,137.32,137.38,87.4,4.4,5.24,1,open
2017-04-04,136.09,135.88,88.2,-16.2,-19.4,1,open
2017-04-05,135.92,136.8,88.3,64.0,76.81,1,open
2017-04-06,134.35,134.49,89.3,9.7,11.61,1,open
2017-04-07,135.59,135.16,88.5,-31.0,-37.17,1,open
2017-04-11,135.84,135.24,88.3,-44.9,-53.88,1,open
2017-04-12,136.95,136.63,87.6,-23.4,-28.04,1,open
2017-04-13,135.12,134.84,88.8,-20.7,-24.87,1,open
2017-04-17,133.72,134.03,89.7,23.9,28.72,1,open
2017-04-18,135.29,134.69,88.7,-45.1,-54.1,1,open
2017-04-19,135.35,135.69,88.7,25.1,30.14,1,open
2017-04-20,135.88,136.3,88.3,30.9,37.09,1,open
2017-04-21,137.56,137.22,87.2,-24.7,-29.66,1,open
2017-04-25,138.97,140.21,86.4,89.2,107.08,1,open
2017-04-26,140.28,140.13,85.5,-10.0,-11.98,1,open
2017-04-27,141.03,141.34,85.1,22.0,26.38,1,open
2017-04-28,140.98,140.96,85.1,-2.1,-2.55,1,open
2017-05-02,139.88,139.94,85.8,4.3,5.15,1,open
2017-05-03,139.17,138.46,86.2,-51.7,-62.08,1,open
2017-05-04,138.38,138.5,86.7,8.7,10.41,1,open
2017-05-05,138.12,138.66,86.9,38.4,46.05,1,open
2017-05-09,138.42,138.56,86.7,9.4,11.27,1,open
2017-05-10,138.4,138.0,86.7,-28.2,-33.82,1,open
2017-05-11,139.23,138.62,86.2,-43.8,-52.57,1,open
2017-05-12,138.29,137.71,86.8,-42.7,-51.19,1,open
2017-05-16,138.59,138.93,86.6,24.5,29.44,1,open
2017-05-17,138.69,136.3,86.5,-173.0,-207.65,1,open
2017-05-18,134.94,134.53,88.9,-29.6,-35.57,1,open
2017-05-19,135.38,135.6,88.6,17.0,20.39,1,open
2017-05-23,137.0,137.25,87.6,18.2,21.9,1,open
2017-05-24,137.44,137.47,87.3,2.2,2.62,1,open
2017-05-25,137.53,138.12,87.3,42.2,50.61,1,open
2017-05-26,137.63,137.34,87.2,-21.1,-25.28,1,open
2017-05-31,136.5,136.78,87.9,21.2,25.5,1,open
2017-06-01,136.38,136.68,88.0,21.3,25.52,1,open
2017-06-02,139.01,139.41,86.3,28.8,34.53,1,open
2017-06-06,139.03,138.06,86.3,-69.1,-82.86,1,open
2017-06-07,138.88,138.84,86.4,-3.6,-4.32,1,open
2017-06-08,139.03,138.94,86.3,-6.5,-7.77,1,open
2017-06-09,140.9,141.41,85.2,36.2,43.44,1,open
2017-06-13,141.41,141.77,84.9,25.5,30.55,1,open
2017-06-14,142.12,141.99,84.4,-9.9,-11.82,1,open
2017-06-15,141.29,139.66,84.9,-115.4,-138.43,1,open
2017-06-16,140.59,140.0,85.4,-42.0,-50.36,1,open
2017-06-20,141.25,140.84,85.0,-29.0,-34.83,1,open
2017-06-21,139.81,140.02,85.8,14.3,17.17,1,open
2017-06-22,139.47,139.34,86.0,-9.3,-11.19,1,open
2017-06-23,140.0,140.1,85.7,7.1,8.57,1,open
2017-06-27,141.12,141.08,85.0,-2.8,-3.4,1,open
2017-06-28,139.88,140.63,85.8,54.3,65.2,1,open
2017-06-29,142.04,142.19,84.5,10.6,12.67,1,open
2017-06-30,141.19,141.22,85.0,2.1,2.55,1,open
2017-07-05,142.01,141.66,84.5,-24.6,-29.57,1,open
2017-07-06,141.65,139.9,84.7,-123.5,-148.26,1,open
2017-07-07,139.16,139.4,86.2,16.5,19.83,1,open
2017-07-11,139.91,139.74,85.8,-12.2,-14.58,1,open
2017-07-12,140.32,141.02,85.5,49.2,59.01,1,open
2017-07-13,141.41,141.19,84.9,-14.9,-17.82,1,open
2017-07-14,141.53,141.06,84.8,-33.2,-39.85,1,open
2017-07-18,142.12,141.5,84.4,-42.9,-51.51,1,open
2017-07-19,141.72,141.84,84.7,9.2,11.01,1,open
2017-07-20,143.16,143.08,83.8,-6.3,-7.54,1,open
2017-07-21,143.22,142.97,83.8,-17.5,-20.95,1,open
2017-07-25,142.78,143.56,84.0,54.6,65.55,1,open
2017-07-26,144.07,144.1,83.3,2.1,2.5,1,open
2017-07-27,143.29,143.44,83.7,10.5,12.56,1,open
2017-07-28,142.38,142.0,84.3,-27.4,-32.87,1,open
2017-08-01,141.53,142.13,84.8,42.4,50.87,1,open
2017-08-02,141.84,141.55,84.6,-20.4,-24.54,1,open
2017-08-03,140.29,140.38,85.5,6.4,7.7,1,open
2017-08-04,139.59,139.88,86.0,20.8,24.93,1,open
2017-08-08,140.5,140.38,85.4,-9.3,-11.1,1,open
2017-08-09,140.06,139.09,85.7,-69.3,-83.11,1,open
2017-08-10,138.84,138.25,86.4,-43.2,-51.86,1,open
2017-08-11,136.34,136.18,88.0,-12.5,-14.96,1,open
2017-08-15,138.56,138.77,86.6,14.4,17.32,1,open
2017-08-16,137.44,137.63,87.3,13.8,16.59,1,open
2017-08-17,137.48,136.94,87.3,-39.3,-47.13,1,open
2017-08-18,134.97,134.44,88.9,-39.3,-47.12,1,open
2017-08-22,134.88,135.22,89.0,25.2,30.25,1,open
2017-08-23,136.32,135.5,88.0,-60.9,-73.06,1,open
2017-08-24,136.09,136.6,88.2,38.2,45.85,1,open
2017-08-25,136.53,136.84,87.9,22.7,27.25,1,open
2017-08-29,137.51,136.46,87.3,-77.1,-92.5,1,open
2017-08-30,137.56,137.34,87.2,-16.0,-19.19,1,open
2017-08-31,138.38,138.88,86.7,35.4,42.49,1,open
2017-09-01,139.78,139.94,85.8,11.4,13.74,1,open
2017-09-06,139.22,139.71,86.2,35.2,42.24,1,open
2017-09-07,139.48,139.56,86.0,5.0,6.02,1,open
2017-09-08,139.13,138.9,86.2,-17.2,-20.7,1,open
2017-09-12,140.72,141.0,85.3,19.9,23.88,1,open
2017-09-13,141.57,141.38,84.8,-14.1,-16.95,1,open
2017-09-14,142.0,141.75,84.5,-18.3,-21.97,1,open
2017-09-15,141.88,141.6,84.6,-19.0,-22.84,1,open
2017-09-19,143.44,143.53,83.7,6.3,7.53,1,open
2017-09-20,143.4,143.5,83.7,7.0,8.37,1,open
2017-09-21,143.9,143.99,83.4,6.3,7.51,1,open
2017-09-22,143.74,143.62,83.5,-8.0,-9.6,1,open
2017-09-26,144.54,144.22,83.0,-22.1,-26.57,1,open
2017-09-27,144.65,145.59,83.0,65.7,78.81,1,open
2017-09-28,147.48,147.21,81.4,-19.0,-22.78,1,open
2017-09-29,147.9,147.88,81.1,-0.7,-0.81,1,open
2017-10-03,150.01,150.08,80.0,4.0,4.8,1,open
2017-10-04,150.35,150.03,79.8,-21.3,-25.54,1,open
2017-10-05,149.88,150.25,80.1,24.7,29.62,1,open
2017-10-06,150.26,149.68,79.9,-39.3,-47.12,1,open
2017-10-10,149.45,149.9,80.3,29.4,35.33,1,open
2017-10-11,149.88,149.91,80.1,1.3,1.6,1,open
2017-10-12,149.76,149.44,80.1,-22.0,-26.44,1,open
2017-10-13,149.66,149.88,80.2,14.7,17.64,1,open
2017-10-17,149.28,149.24,80.4,-3.3,-4.02,1,open
2017-10-18,148.82,149.47,80.6,43.0,51.6,1,open
2017-10-19,149.56,148.72,80.2,-56.2,-67.4,1,open
2017-10-20,149.32,150.28,80.4,63.6,76.34,1,open
2017-10-24,148.88,149.35,80.6,31.6,37.88,1,open
2017-10-25,149.2,148.91,80.4,-20.1,-24.13,1,open
2017-10-26,148.47,148.91,80.8,29.6,35.56,1,open
2017-10-27,148.81,148.84,80.6,1.3,1.61,1,open
2017-10-31,148.22,148.75,81.0,35.8,42.91,1,open
2017-11-01,149.31,150.47,80.4,77.0,92.42,1,open
2017-11-02,148.35,148.21,80.9,-10.1,-12.13,1,open
2017-11-03,148.76,148.44,80.7,-22.2,-26.62,1,open
2017-11-07,148.84,148.77,80.6,-5.4,-6.45,1,open
2017-11-08,147.06,146.62,81.6,-29.9,-35.9,1,open
2017-11-09,147.25,146.25,81.5,-68.6,-82.31,1,open
2017-11-10,146.69,146.68,81.8,-1.4,-1.64,1,open
2017-11-14,146.66,146.0,81.8,-44.3,-53.19,1,open
2017-11-15,146.26,145.31,82.0,-65.0,-77.94,1,open
2017-11-16,145.66,146.18,82.4,35.0,42.01,1,open
2017-11-17,147.82,147.22,81.2,-41.3,-49.52,1,open
2017-11-21,149.56,150.16,80.2,40.1,48.14,1,open
2017-11-22,151.12,151.25,79.4,7.9,9.53,1,open
2017-11-24,150.91,151.18,79.5,17.2,20.67,1,open
2017-11-28,150.5,150.99,79.7,32.6,39.07,1,open
2017-11-29,152.91,153.3,78.5,24.9,29.82,1,open
2017-11-30,153.41,154.06,78.2,42.4,50.84,1,open
2017-12-01,153.62,153.62,78.1,-0.7,-0.78,1,open
2017-12-05,152.47,152.91,78.7,28.9,34.63,1,open
2017-12-06,150.97,150.78,79.5,-11.9,-14.31,1,open
2017-12-07,150.26,150.28,79.9,1.3,1.6,1,open
2017-12-08,151.31,151.85,79.3,36.4,43.62,1,open
2017-12-12,151.37,151.66,79.3,19.8,23.78,1,open
2017-12-13,150.92,150.78,79.5,-9.9,-11.93,1,open
2017-12-14,151.81,151.81,79.0,0.7,0.79,1,open
2017-12-15,150.12,151.05,79.9,61.3,73.54,1,open
2017-12-19,154.32,154.72,77.8,25.3,30.33,1,open
2017-12-20,153.12,153.72,78.4,38.5,46.24,1,open
2017-12-21,153.41,153.19,78.2,-13.7,-16.43,1,open
2017-12-22,153.5,153.34,78.2,-9.8,-11.73,1,open
2017-12-27,153.31,153.18,78.3,-9.1,-10.96,1,open
2017-12-28,153.16,153.22,78.3,3.9,4.7,1,open
2017-12-29,153.78,154.12,78.0,22.1,26.53,1,open
2018-01-03,154.0,153.84,77.9,-10.4,-12.47,1,open
2018-01-04,154.09,154.94,77.9,54.5,65.41,1,open
2018-01-05,154.48,154.84,77.7,23.3,27.96,1,open
2018-01-09,155.04,155.21,77.4,10.3,12.38,1,open
2018-01-10,154.88,154.44,77.5,-28.4,-34.09,1,open
2018-01-11,154.85,155.03,77.5,11.6,13.95,1,open
2018-01-12,157.53,157.65,76.2,7.6,9.14,1,open
2018-01-17,156.16,156.77,76.8,38.4,46.11,1,open
2018-01-18,157.66,157.19,76.1,-29.8,-35.77,1,open
2018-01-19,156.57,156.69,76.6,7.7,9.2,1,open
2018-01-23,159.47,159.21,75.3,-16.3,-19.57,1,open
2018-01-24,159.98,160.34,75.0,22.5,27.0,1,open
2018-01-25,158.98,159.6,75.5,39.0,46.8,1,open
2018-01-26,159.06,159.5,75.4,27.0,32.44,1,open
2018-01-30,158.73,157.62,75.6,-69.9,-83.91,1,open
2018-01-31,157.22,157.71,76.3,30.5,36.64,1,open
2018-02-01,156.41,155.69,76.7,-45.4,-54.47,1,open
2018-02-02,156.91,156.09,76.5,-52.3,-62.71,1,open
2018-02-06,148.03,145.5,81.1,-170.9,-205.09,1,open
2018-02-07,149.73,149.58,80.1,-10.7,-12.82,1,open
2018-02-08,149.85,149.97,80.1,7.3,8.81,1,open
2018-02-09,145.48,146.72,82.5,85.2,102.28,1,open
2018-02-13,148.19,147.31,81.0,-58.7,-70.45,1,open
2018-02-14,148.53,147.59,80.8,-62.6,-75.14,1,open
2018-02-15,151.17,152.19,79.4,66.8,80.17,1,open
2018-02-16,152.81,152.63,78.5,-11.8,-14.13,1,open
2018-02-21,152.09,152.38,78.9,19.7,23.67,1,open
2018-02-22,152.28,152.77,78.8,32.5,39.01,1,open
2018-02-23,152.01,152.94,78.9,60.5,72.62,1,open
2018-02-27,155.0,155.15,77.4,9.7,11.61,1,open
2018-02-28,152.78,153.1,78.5,20.9,25.13,1,open
2018-03-01,150.42,150.02,79.8,-27.3,-32.71,1,open
2018-03-02,149.98,148.68,80.0,-87.3,-104.81,1,open
2018-03-06,153.72,154.43,78.1,46.2,55.43,1,open
2018-03-07,155.4,154.43,77.2,-62.4,-74.91,1,open
2018-03-08,156.75,156.87,76.6,7.0,8.42,1,open
2018-03-09,156.45,157.28,76.7,52.4,62.89,1,open
2018-03-13,159.25,159.97,75.4,45.2,54.26,1,open
2018-03-14,158.44,159.16,75.7,44.8,53.77,1,open
2018-03-15,157.73,158.06,76.1,20.9,25.11,1,open
2018-03-16,156.94,156.94,76.5,0.0,0.0,1,open
2018-03-20,156.34,156.63,76.8,19.2,23.03,1,open
2018-03-21,156.31,156.31,76.8,0.0,0.0,1,open
2018-03-22,157.17,155.62,76.3,-98.9,-118.72,1,open
2018-03-23,153.4,153.53,78.2,8.5,10.17,1,open
2018-03-27,153.38,153.62,78.2,16.3,19.56,1,open
2018-03-28,150.4,150.71,79.8,20.6,24.73,1,open
2018-03-29,150.37,151.05,79.8,45.2,54.27,1,open
2018-04-02,151.88,151.49,79.0,-26.2,-31.41,1,open
2018-04-03,148.25,148.99,80.9,49.2,59.09,1,open
2018-04-04,150.26,148.47,79.9,-119.1,-142.95,1,open
2018-04-05,152.19,153.0,78.9,53.9,64.66,1,open
2018-04-06,153.4,152.34,78.2,-69.1,-82.92,1,open
2018-04-10,150.56,152.1,79.7,103.0,123.54,1,open
2018-04-11,153.38,152.75,78.2,-41.1,-49.29,1,open
2018-04-12,153.75,154.41,78.1,43.6,52.29,1,open
2018-04-13,154.76,155.25,77.5,31.0,37.22,1,open
2018-04-17,155.4,156.18,77.2,50.2,60.23,1,open
2018-04-18,157.04,157.49,76.4,28.0,33.62,1,open
2018-04-19,157.47,157.1,76.2,-22.9,-27.43,1,open
2018-04-20,156.44,156.02,76.7,-27.5,-32.98,1,open
2018-04-24,155.34,155.87,77.2,33.5,40.17,1,open
2018-04-25,154.47,154.33,77.7,-9.7,-11.65,1,open
2018-04-26,154.22,154.38,77.8,10.4,12.45,1,open
2018-04-27,154.97,154.84,77.4,-7.7,-9.29,1,open
2018-05-01,153.34,152.97,78.3,-24.1,-28.95,1,open
2018-05-02,154.07,153.75,77.9,-21.4,-25.7,1,open
2018-05-03,154.67,154.08,77.6,-38.8,-46.55,1,open
2018-05-04,153.84,153.22,78.0,-40.3,-48.36,1,open
2018-05-08,157.04,156.85,76.4,-12.1,-14.52,1,open
2018-05-09,157.87,157.96,76.0,5.7,6.84,1,open
2018-05-10,158.72,158.87,75.6,8.8,10.58,1,open
2018-05-11,159.53,159.52,75.2,-0.6,-0.75,1,open
2018-05-15,159.28,158.72,75.3,-35.8,-42.94,1,open
2018-05-16,159.31,159.43,75.3,6.9,8.29,1,open
2018-05-17,160.94,160.97,74.6,1.2,1.49,1,open
2018-05-18,161.69,161.91,74.2,13.6,16.33,1,open
2018-05-22,162.98,163.22,73.6,14.7,17.67,1,open
2018-05-23,161.78,161.34,74.2,-27.8,-33.38,1,open
2018-05-24,162.01,161.88,74.1,-8.0,-9.63,1,open
2018-05-25,162.06,161.72,74.0,-21.6,-25.92,1,open
2018-05-30,161.57,162.33,74.3,46.4,55.7,1,open
2018-05-31,164.06,164.06,73.1,-0.6,-0.73,1,open
2018-06-01,162.66,163.8,73.8,70.1,84.1,1,open
2018-06-05,164.72,164.52,72.8,-12.7,-15.3,1,open
2018-06-06,165.75,165.69,72.4,-4.2,-5.07,1,open
2018-06-07,166.95,167.06,71.9,6.6,7.91,1,open
2018-06-08,166.03,166.03,72.3,-0.6,-0.72,1,open
2018-06-12,166.81,166.88,71.9,4.2,5.04,1,open
2018-06-13,167.54,167.74,71.6,11.3,13.61,1,open
2018-06-14,166.94,167.46,71.9,31.1,37.38,1,open
2018-06-15,167.79,167.16,71.5,-38.1,-45.77,1,open
2018-06-19,168.62,167.52,71.2,-65.8,-78.99,1,open
2018-06-20,168.69,169.41,71.1,43.3,51.93,1,open
2018-06-21,170.03,169.94,70.6,-4.7,-5.65,1,open
2018-06-22,168.38,168.97,71.3,35.6,42.76,1,open
2018-06-26,165.12,165.19,72.7,4.2,5.09,1,open
2018-06-27,166.12,166.18,72.2,3.0,3.61,1,open
2018-06-28,163.41,163.19,73.4,-13.5,-16.16,1,open
2018-06-29,163.91,164.28,73.2,23.2,27.82,1,open
2018-07-03,164.97,164.72,72.7,-15.2,-18.19,1,open
2018-07-05,165.0,165.83,72.7,50.3,60.37,1,open
2018-07-06,166.88,166.97,71.9,4.8,5.75,1,open
2018-07-10,169.32,169.55,70.9,13.0,15.59,1,open
2018-07-11,168.51,167.59,71.2,-55.2,-66.23,1,open
2018-07-12,167.19,168.03,71.8,50.2,60.29,1,open
2018-07-13,167.91,167.81,71.5,-5.4,-6.43,1,open
2018-07-17,166.79,166.72,71.9,-4.8,-5.76,1,open
2018-07-18,167.54,167.33,71.6,-13.1,-15.76,1,open
2018-07-19,168.01,167.74,71.4,-16.7,-20.0,1,open
2018-07-20,169.16,168.77,70.9,-23.6,-28.37,1,open
2018-07-24,168.73,169.41,71.1,40.3,48.36,1,open
2018-07-25,166.92,166.91,71.9,-0.6,-0.72,1,open
2018-07-26,167.47,167.62,71.7,9.0,10.75,1,open
2018-07-27,168.4,168.47,71.3,4.2,4.99,1,open
2018-07-31,164.23,164.5,73.1,15.8,19.0,1,open
2018-08-01,165.94,165.66,72.3,-16.3,-19.53,1,open
2018-08-02,165.81,164.93,72.4,-53.1,-63.69,1,open
2018-08-03,167.03,167.12,71.8,4.8,5.75,1,open
2018-08-07,167.38,167.85,71.7,28.7,34.41,1,open
2018-08-08,167.75,167.69,71.5,-3.6,-4.29,1,open
2018-08-09,167.62,167.62,71.6,0.0,0.0,1,open
2018-08-10,168.03,167.02,71.4,-60.7,-72.84,1,open
2018-08-14,166.62,166.88,72.0,15.6,18.73,1,open
2018-08-15,168.25,167.66,71.3,-35.1,-42.08,1,open
2018-08-16,166.12,166.83,72.2,42.1,50.56,1,open
2018-08-17,167.62,167.46,71.6,-10.1,-12.17,1,open
2018-08-21,168.82,169.1,71.1,16.6,19.9,1,open
2018-08-22,170.76,170.56,70.3,-12.3,-14.76,1,open
2018-08-23,171.22,171.06,70.1,-9.3,-11.21,1,open
2018-08-24,170.7,171.12,70.3,24.0,28.82,1,open
2018-08-28,171.9,172.12,69.8,13.4,16.06,1,open
2018-08-29,171.96,172.0,69.8,2.0,2.44,1,open
2018-08-30,172.53,172.13,69.6,-23.2,-27.82,1,open
2018-08-31,172.41,171.94,69.6,-26.7,-32.02,1,open
2018-09-05,172.34,172.15,69.6,-11.6,-13.93,1,open
2018-09-06,171.88,172.13,69.8,14.5,17.45,1,open
2018-09-07,170.66,170.18,70.3,-28.7,-34.45,1,open
2018-09-11,170.88,170.56,70.2,-18.1,-21.77,1,open
2018-09-12,171.06,170.75,70.2,-17.5,-21.05,1,open
2018-09-13,170.66,171.25,70.3,34.6,41.49,1,open
2018-09-14,170.63,170.74,70.3,5.9,7.03,1,open
2018-09-18,169.51,169.77,70.8,14.7,17.7,1,open
2018-09-19,170.26,170.25,70.5,-1.2,-1.41,1,open
2018-09-20,169.66,170.33,70.7,38.9,46.68,1,open
2018-09-21,171.25,171.72,70.1,26.9,32.23,1,open
2018-09-25,169.76,170.02,70.7,14.7,17.67,1,open
2018-09-26,170.07,169.93,70.6,-8.8,-10.58,1,open
2018-09-27,168.01,168.34,71.4,19.0,22.86,1,open
2018-09-28,168.01,167.41,71.4,-35.7,-42.85,1,open
2018-10-02,166.28,166.15,72.2,-8.4,-10.1,1,open
2018-10-03,164.6,165.16,72.9,34.0,40.83,1,open
2018-10-04,166.03,165.41,72.3,-37.3,-44.81,1,open
2018-10-05,163.72,163.72,73.3,0.0,0.0,1,open
2018-10-09,161.9,161.59,74.1,-19.1,-22.98,1,open
2018-10-10,161.22,160.78,74.4,-27.3,-32.75,1,open
2018-10-11,156.69,155.78,76.6,-58.7,-70.46,1,open
2018-10-12,153.62,155.52,78.1,124.1,148.97,1,open
2018-10-16,154.28,155.25,77.8,62.9,75.45,1,open
2018-10-17,158.59,158.15,75.7,-28.3,-34.0,1,open
2018-10-18,158.06,157.38,75.9,-43.7,-52.38,1,open
2018-10-19,155.1,155.44,77.4,21.3,25.53,1,open
2018-10-23,153.04,150.9,78.4,-140.5,-168.58,1,open
2018-10-24,151.73,151.4,79.1,-22.4,-26.89,1,open
2018-10-25,145.94,146.68,82.2,50.7,60.85,1,open
2018-10-26,149.09,147.5,80.5,-106.6,-127.97,1,open
2018-10-30,146.78,146.81,81.8,2.7,3.27,1,open
2018-10-31,149.67,151.22,80.2,103.6,124.27,1,open
2018-11-01,150.25,150.85,79.9,39.9,47.92,1,open
2018-11-02,153.48,154.03,78.2,35.8,43.0,1,open
2018-11-06,153.91,153.62,78.0,-19.5,-23.39,1,open
2018-11-07,154.66,155.33,77.6,42.7,51.21,1,open
2018-11-08,157.34,156.58,76.3,-48.9,-58.72,1,open
2018-11-09,157.03,155.97,76.4,-67.5,-81.01,1,open
2018-11-13,151.1,151.56,79.4,30.4,36.53,1,open
2018-11-14,150.57,151.78,79.7,80.4,96.43,1,open
2018-11-15,149.47,148.46,80.3,-68.2,-81.89,1,open
2018-11-16,151.65,150.58,79.1,-70.6,-84.67,1,open
2018-11-20,148.9,147.22,80.6,-112.8,-135.4,1,open
2018-11-21,146.09,146.75,82.1,44.5,53.39,1,open
2018-11-23,148.01,146.8,81.1,-82.4,-98.91,1,open
2018-11-27,149.84,149.15,80.1,-46.1,-55.26,1,open
2018-11-28,148.62,149.16,80.7,36.3,43.6,1,open
2018-11-29,152.31,151.58,78.8,-47.9,-57.52,1,open
2018-11-30,151.85,151.43,79.0,-28.3,-33.98,1,open
2018-12-04,154.16,153.72,77.8,-28.5,-34.25,1,open
2018-12-06,147.59,145.41,81.3,-147.7,-177.24,1,open
2018-12-07,147.15,147.1,81.6,-2.7,-3.26,1,open
2018-12-11,143.67,145.63,83.5,136.4,163.7,1,open
2018-12-12,143.44,144.85,83.7,98.3,117.95,1,open
2018-12-13,144.84,145.21,82.8,24.9,29.82,1,open
2018-12-14,142.81,141.69,84.0,-77.7,-93.27,1,open
2018-12-18,137.01,138.22,87.6,88.3,105.97,1,open
2018-12-19,136.81,136.77,87.7,-3.7,-4.39,1,open
2018-12-20,134.06,133.59,89.5,-35.1,-42.07,1,open
2018-12-21,131.82,132.34,91.0,39.4,47.34,1,open
2018-12-26,125.39,126.25,95.7,67.8,81.34,1,open
2018-12-27,131.97,130.24,90.9,-131.1,-157.31,1,open
2018-12-28,132.41,132.44,90.6,3.0,3.63,1,open
2019-01-02,133.95,132.13,89.6,-135.9,-163.04,1,open
2019-01-03,134.73,133.88,89.1,-63.8,-76.59,1,open
2019-01-04,132.25,133.88,90.7,123.2,147.9,1,open
2019-01-08,139.66,140.77,85.9,79.5,95.38,1,open
2019-01-09,141.75,142.21,84.7,32.5,38.94,1,open
2019-01-10,142.94,142.02,84.0,-64.4,-77.24,1,open
2019-01-11,143.66,142.97,83.5,-47.3,-56.8,1,open
2019-01-15,142.31,142.62,84.3,21.1,25.3,1,open
2019-01-16,143.56,143.65,83.6,5.6,6.69,1,open
2019-01-17,144.53,143.97,83.0,-39.4,-47.32,1,open
2019-01-18,145.9,146.56,82.3,45.9,55.11,1,open
2019-01-23,144.97,145.28,82.8,21.4,25.66,1,open
2019-01-24,144.65,144.44,83.0,-14.5,-17.42,1,open
2019-01-25,145.53,146.59,82.5,72.1,86.58,1,open
2019-01-29,146.56,146.68,81.9,7.5,9.01,1,open
2019-01-30,146.23,146.94,82.1,48.6,58.26,1,open
2019-01-31,147.82,147.58,81.2,-16.9,-20.29,1,open
2019-02-01,149.01,149.31,80.5,20.1,24.16,1,open
2019-02-05,150.98,150.97,79.5,-0.7,-0.79,1,open
2019-02-06,151.16,151.0,79.4,-10.6,-12.7,1,open
2019-02-07,150.95,149.88,79.5,-70.9,-85.06,1,open
2019-02-08,149.75,149.02,80.1,-49.4,-59.3,1,open
2019-02-12,151.13,151.88,79.4,49.6,59.55,1,open
2019-02-13,153.0,153.38,78.4,24.8,29.8,1,open
2019-02-14,153.47,152.55,78.2,-59.9,-71.94,1,open
2019-02-15,153.81,154.75,78.0,61.1,73.34,1,open
2019-02-20,156.69,156.62,76.6,-4.5,-5.36,1,open
2019-02-21,157.44,157.09,76.2,-21.6,-25.92,1,open
2019-02-22,156.82,157.24,76.5,26.1,31.37,1,open
2019-02-26,158.22,157.97,75.8,-15.8,-18.96,1,open
2019-02-27,157.04,156.44,76.4,-38.8,-46.61,1,open
2019-02-28,157.37,157.06,76.3,-19.7,-23.64,1,open
2019-03-01,156.75,157.91,76.6,74.0,88.8,1,open
2019-03-05,156.84,156.88,76.5,2.6,3.06,1,open
2019-03-06,156.12,155.99,76.9,-9.0,-10.76,1,open
2019-03-07,153.06,152.99,78.4,-4.6,-5.49,1,open
2019-03-08,151.72,150.81,79.1,-60.0,-71.98,1,open
2019-03-12,154.29,154.4,77.8,6.5,7.78,1,open
2019-03-13,154.38,154.88,77.7,32.4,38.86,1,open
2019-03-14,155.01,154.87,77.4,-9.7,-11.61,1,open
2019-03-15,154.37,154.5,77.7,8.4,10.11,1,open
2019-03-19,155.79,156.44,77.0,41.7,50.07,1,open
2019-03-20,154.98,154.5,77.4,-31.0,-37.16,1,open
2019-03-21,153.32,152.69,78.3,-41.1,-49.31,1,open
2019-03-22,155.31,154.16,77.3,-74.0,-88.85,1,open
2019-03-26,150.31,151.44,79.8,75.2,90.22,1,open
2019-03-27,151.88,151.68,79.0,-13.8,-16.59,1,open
2019-03-28,151.31,151.75,79.3,29.7,35.69,1,open
2019-03-29,152.65,153.65,78.6,65.5,78.61,1,open
2019-04-02,154.79,154.84,77.5,2.6,3.1,1,open
2019-04-03,154.4,155.71,77.7,84.8,101.82,1,open
2019-04-04,155.19,155.24,77.3,3.2,3.87,1,open
2019-04-05,155.94,156.27,77.0,20.5,24.62,1,open
2019-04-09,157.13,156.41,76.4,-45.8,-54.98,1,open
2019-04-10,155.25,155.44,77.3,12.9,15.46,1,open
2019-04-11,157.34,157.49,76.3,8.9,10.68,1,open
2019-04-12,157.15,158.09,76.4,60.5,72.54,1,open
2019-04-16,157.16,157.68,76.4,33.1,39.71,1,open
2019-04-17,157.53,158.06,76.2,33.0,39.61,1,open
2019-04-18,156.06,156.08,76.9,0.6,0.77,1,open
2019-04-22,155.7,155.3,77.1,-26.3,-31.6,1,open
2019-04-23,155.25,155.34,77.3,5.8,6.96,1,open
2019-04-24,157.62,157.6,76.1,-1.3,-1.52,1,open
2019-04-25,158.09,157.3,75.9,-50.6,-60.72,1,open
2019-04-26,156.78,156.93,76.5,8.9,10.72,1,open
2019-04-30,159.06,159.09,75.4,1.3,1.51,1,open
2019-05-01,158.26,158.63,75.8,23.4,28.05,1,open
2019-05-02,156.78,156.6,76.5,-10.8,-13.01,1,open
2019-05-03,157.54,158.28,76.2,46.3,55.6,1,open
2019-05-07,160.75,159.28,74.6,-92.1,-110.48,1,open
2019-05-08,157.56,157.22,76.2,-20.9,-25.13,1,open
2019-05-09,156.78,155.49,76.5,-82.6,-99.12,1,open
2019-05-10,156.22,155.56,76.8,-42.9,-51.46,1,open
2019-05-14,151.67,151.93,79.1,16.5,19.78,1,open
2019-05-15,153.62,152.37,78.1,-81.4,-97.65,1,open
2019-05-16,154.09,154.47,77.9,24.7,29.59,1,open
2019-05-17,155.09,153.78,77.4,-84.5,-101.36,1,open
2019-05-21,151.81,152.59,79.0,51.0,61.26,1,open
2019-05-22,153.91,153.19,78.0,-47.4,-56.91,1,open
2019-05-23,152.51,151.03,78.7,-97.7,-117.23,1,open
2019-05-24,149.5,150.34,80.3,56.9,68.23,1,open
2019-05-29,149.66,148.81,80.2,-57.5,-68.95,1,open
2019-05-30,148.35,148.72,80.9,24.3,29.12,1,open
2019-05-31,147.97,146.13,81.1,-124.3,-149.21,1,open
2019-06-04,146.37,147.88,82.0,103.8,124.62,1,open
2019-06-05,150.19,150.72,79.9,36.0,43.15,1,open
2019-06-06,150.17,150.09,79.9,-6.0,-7.19,1,open
2019-06-07,149.85,150.31,80.1,30.7,36.84,1,open
2019-06-11,151.78,152.85,79.1,70.5,84.59,1,open
2019-06-12,151.31,151.15,79.3,-11.2,-13.48,1,open
2019-06-13,151.44,152.28,79.2,54.8,65.77,1,open
2019-06-14,153.07,152.84,78.4,-15.0,-18.03,1,open
2019-06-18,152.29,153.24,78.8,61.7,74.07,1,open
2019-06-19,153.98,154.16,77.9,11.0,13.25,1,open
2019-06-20,154.56,156.02,77.6,94.5,113.36,1,open
2019-06-21,155.32,155.09,77.3,-15.5,-18.54,1,open
2019-06-25,152.06,152.28,78.9,14.5,17.36,1,open
2019-06-26,151.19,151.66,79.4,31.7,38.1,1,open
2019-06-27,150.88,151.21,79.5,21.9,26.25,1,open
2019-06-28,153.73,153.91,78.1,11.7,14.05,1,open
2019-07-02,156.16,156.0,76.8,-10.2,-12.3,1,open
2019-07-03,155.22,155.56,77.3,22.5,27.06,1,open
2019-07-05,156.35,155.46,76.7,-57.6,-69.07,1,open
2019-07-09,155.26,154.5,77.3,-48.9,-58.74,1,open
2019-07-10,155.41,156.16,77.2,48.9,58.69,1,open
2019-07-11,155.7,155.85,77.1,9.6,11.56,1,open
2019-07-12,154.91,155.1,77.5,12.3,14.72,1,open
2019-07-16,155.28,155.09,77.3,-12.2,-14.68,1,open
2019-07-17,155.31,155.21,77.3,-6.4,-7.73,1,open
2019-07-18,154.2,154.05,77.8,-10.4,-12.45,1,open
2019-07-19,154.73,154.91,77.6,11.0,13.18,1,open
2019-07-23,153.72,154.27,78.1,35.8,42.94,1,open
2019-07-24,154.75,154.28,77.5,-30.4,-36.45,1,open
2019-07-25,157.29,157.15,76.3,-9.5,-11.44,1,open
2019-07-26,155.37,155.55,77.2,11.6,13.9,1,open
2019-07-30,156.17,155.03,76.8,-73.6,-88.36,1,open
2019-07-31,157.85,157.75,76.0,-7.0,-8.36,1,open
2019-08-01,156.57,156.84,76.6,17.2,20.69,1,open
2019-08-02,154.31,153.3,77.8,-66.1,-79.32,1,open
2019-08-06,148.0,148.85,81.1,57.4,68.92,1,open
2019-08-07,149.4,147.88,80.3,-101.1,-121.29,1,open
2019-08-08,149.35,150.1,80.3,50.2,60.26,1,open
2019-08-09,152.59,152.06,78.6,-34.1,-40.9,1,open
2019-08-13,148.69,148.31,80.7,-26.2,-31.47,1,open
2019-08-14,150.32,147.91,79.8,-161.0,-193.18,1,open
2019-08-15,146.12,146.59,82.1,32.2,38.6,1,open
2019-08-16,145.56,146.08,82.4,35.0,42.04,1,open
2019-08-20,150.19,149.88,79.9,-20.6,-24.77,1,open
2019-08-21,149.16,150.59,80.4,95.2,114.24,1,open
2019-08-22,150.4,150.63,79.8,16.0,19.15,1,open
2019-08-23,150.03,149.19,80.0,-56.0,-67.19,1,open
2019-08-27,147.06,147.93,81.6,58.5,70.17,1,open
2019-08-28,144.87,144.53,82.8,-23.5,-28.16,1,open
2019-08-29,146.56,148.09,81.9,104.4,125.27,1,open
2019-08-30,149.15,149.85,80.5,47.6,57.13,1,open
2019-09-04,146.69,147.97,81.8,87.9,105.53,1,open
2019-09-05,147.91,149.84,81.1,129.8,155.77,1,open
2019-09-06,150.59,150.66,79.7,5.3,6.38,1,open
2019-09-10,151.92,151.65,79.0,-18.4,-22.12,1,open
2019-09-11,153.85,154.49,78.0,40.9,49.14,1,open
2019-09-12,157.0,157.15,76.4,9.6,11.47,1,open
2019-09-13,157.03,157.83,76.4,50.3,60.37,1,open
2019-09-17,157.91,157.33,76.0,-37.4,-44.83,1,open
2019-09-18,157.47,157.44,76.2,-1.9,-2.29,1,open
2019-09-19,156.48,156.77,76.7,17.9,21.47,1,open
2019-09-20,155.75,155.6,77.0,-9.6,-11.56,1,open
2019-09-24,155.34,155.12,77.2,-14.8,-17.77,1,open
2019-09-25,152.45,152.25,78.7,-13.8,-16.53,1,open
2019-09-26,154.09,153.91,77.9,-12.3,-14.8,1,open
2019-09-27,152.44,152.78,78.7,23.0,27.55,1,open
2019-10-01,151.37,152.05,79.3,44.9,53.91,1,open
2019-10-02,148.44,147.58,80.8,-58.6,-70.33,1,open
2019-10-03,147.25,146.66,81.5,-40.7,-48.89,1,open
2019-10-04,147.79,147.96,81.2,10.8,12.99,1,open
2019-10-08,148.94,147.38,80.6,-104.1,-124.89,1,open
2019-10-09,146.5,147.53,81.9,70.3,84.37,1,open
2019-10-10,147.16,147.31,81.5,10.2,12.23,1,open
2019-10-11,147.76,149.75,81.2,134.0,160.8,1,open
2019-10-15,149.72,150.13,80.1,27.4,32.86,1,open
2019-10-16,151.47,151.12,79.2,-22.4,-26.94,1,open
2019-10-17,151.59,152.25,79.2,43.5,52.24,1,open
2019-10-18,153.37,152.9,78.2,-30.6,-36.78,1,open
2019-10-22,154.12,154.16,77.9,2.6,3.11,1,open
2019-10-23,154.19,154.31,77.8,7.1,8.56,1,open
2019-10-24,154.44,154.91,77.7,31.1,37.3,1,open
2019-10-25,154.2,153.88,77.8,-21.4,-25.68,1,open
2019-10-29,156.35,155.97,76.7,-24.3,-29.16,1,open
2019-10-30,156.9,156.75,76.5,-8.9,-10.71,1,open
2019-10-31,156.38,156.06,76.7,-19.8,-23.79,1,open
2019-11-01,155.44,156.37,77.2,59.2,71.02,1,open
2019-11-05,158.92,159.37,75.5,27.7,33.22,1,open
2019-11-06,159.15,158.96,75.4,-11.9,-14.33,1,open
2019-11-07,158.25,159.71,75.8,92.3,110.71,1,open
2019-11-08,158.7,158.25,75.6,-29.0,-34.78,1,open
2019-11-12,158.76,158.9,75.6,8.2,9.83,1,open
2019-11-13,158.81,157.71,75.6,-69.9,-83.87,1,open
2019-11-14,158.22,157.88,75.8,-21.5,-25.79,1,open
2019-11-15,158.17,159.21,75.9,65.1,78.14,1,open
2019-11-19,158.5,159.08,75.7,36.0,43.15,1,open
2019-11-20,159.13,158.49,75.4,-40.8,-49.01,1,open
2019-11-21,158.62,158.78,75.7,10.1,12.1,1,open
2019-11-22,157.78,158.28,76.1,31.7,38.03,1,open
2019-11-26,161.62,161.72,74.3,6.2,7.43,1,open
2019-11-27,161.72,162.31,74.2,36.5,43.78,1,open
2019-11-29,162.84,162.38,73.7,-28.2,-33.9,1,open
2019-12-03,160.19,158.78,74.9,-87.4,-104.88,1,open
2019-12-04,159.72,160.43,75.1,43.8,52.59,1,open
2019-12-05,160.85,161.44,74.6,36.1,43.27,1,open
2019-12-06,160.97,162.56,74.6,98.8,118.54,1,open
2019-12-10,162.51,162.37,73.8,-9.2,-11.08,1,open
2019-12-11,162.63,162.84,73.8,12.9,15.49,1,open
2019-12-12,162.6,162.72,73.8,6.8,8.12,1,open
2019-12-13,164.03,163.68,73.2,-21.9,-26.34,1,open
2019-12-17,163.88,164.09,73.2,12.8,15.38,1,open
2019-12-18,164.67,165.03,72.9,21.9,26.23,1,open
2019-12-19,165.09,165.25,72.7,9.1,10.9,1,open
2019-12-20,165.69,166.12,72.4,25.3,30.42,1,open
2019-12-24,166.35,166.43,72.1,4.2,5.05,1,open
2019-12-26,166.65,166.81,72.0,9.6,11.52,1,open
2019-12-27,166.72,167.08,72.0,21.0,25.19,1,open
2019-12-31,165.53,165.05,72.5,-29.6,-35.52,1,open
2020-01-02,165.72,166.66,72.4,56.7,68.06,1,open
2020-01-03,165.78,163.69,72.4,-126.1,-151.28,1,open
2020-01-07,165.41,164.78,72.5,-38.1,-45.71,1,open
2020-01-08,164.84,164.78,72.8,-3.6,-4.37,1,open
2020-01-09,165.44,166.09,72.5,38.7,46.42,1,open
2020-01-10,165.59,165.52,72.5,-4.2,-5.07,1,open
2020-01-14,165.98,165.1,72.3,-53.0,-63.62,1,open
2020-01-15,166.63,166.12,72.0,-30.3,-36.37,1,open
2020-01-16,167.38,168.55,71.7,69.3,83.16,1,open
2020-01-17,169.6,170.27,70.8,38.9,46.7,1,open
2020-01-22,167.66,168.16,71.6,29.2,35.07,1,open
2020-01-23,167.56,167.06,71.6,-29.2,-35.09,1,open
2020-01-24,167.56,167.97,71.6,25.1,30.08,1,open
2020-01-28,163.53,164.47,73.4,56.9,68.24,1,open
2020-01-29,164.91,165.06,72.8,9.1,10.91,1,open
2020-01-30,163.97,162.77,73.2,-73.2,-87.82,1,open
2020-01-31,164.0,163.28,73.2,-43.3,-51.95,1,open
2020-02-04,162.35,164.28,73.9,118.9,142.65,1,open
2020-02-05,164.78,166.46,72.8,102.0,122.35,1,open
2020-02-06,167.29,167.85,71.7,33.5,40.17,1,open
2020-02-07,166.97,166.25,71.9,-42.5,-51.03,1,open
2020-02-11,165.9,166.75,72.3,51.8,62.21,1,open
2020-02-12,167.0,167.99,71.9,58.7,70.42,1,open
2020-02-13,168.12,167.19,71.4,-55.3,-66.38,1,open
2020-02-14,168.57,168.68,71.2,5.9,7.12,1,open
2020-02-19,167.57,168.13,71.6,33.4,40.1,1,open
2020-02-20,168.41,167.87,71.3,-32.1,-38.48,1,open
2020-02-21,168.84,168.12,71.1,-43.2,-51.88,1,open
2020-02-25,162.0,162.47,74.1,29.6,35.56,1,open
2020-02-26,156.44,157.02,76.7,37.1,44.49,1,open
2020-02-27,154.62,151.31,77.6,-214.1,-256.9,1,open
2020-02-28,149.09,144.81,80.5,-287.1,-344.48,1,open
2020-03-03,151.17,151.06,79.4,-7.9,-9.53,1,open
2020-03-04,148.03,150.25,81.1,150.0,179.97,1,open
2020-03-05,152.26,148.81,78.8,-226.6,-271.89,1,open
2020-03-06,147.31,142.68,81.5,-314.3,-377.18,1,open
2020-03-10,130.41,134.56,92.0,319.0,382.81,1,open
2020-03-11,134.47,130.88,89.2,-266.2,-319.49,1,open
2020-03-12,125.95,116.73,95.3,-732.0,-878.41,1,open
2020-03-13,111.75,118.23,107.4,578.9,694.73,1,open
2020-03-17,103.33,104.92,116.1,153.9,184.64,1,open
2020-03-18,108.88,103.02,110.2,-539.1,-646.92,1,open
2020-03-19,100.85,99.62,119.0,-122.9,-147.54,1,open
2020-03-20,103.89,106.09,115.5,210.8,252.95,1,open
2020-03-24,99.86,105.4,120.2,553.7,664.5,1,open
2020-03-25,109.2,109.45,109.9,22.9,27.47,1,open
2020-03-26,110.05,111.51,109.0,132.7,159.21,1,open
2020-03-27,116.91,112.22,102.6,-401.2,-481.42,1,open
2020-03-31,115.14,114.59,104.2,-48.6,-58.36,1,open
2020-04-01,114.47,108.67,104.8,-507.5,-609.04,1,open
2020-04-02,106.69,105.73,112.5,-89.0,-106.86,1,open
2020-04-03,107.77,106.53,111.3,-115.1,-138.07,1,open
2020-04-07,112.64,116.84,106.5,372.9,447.42,1,open
2020-04-08,112.98,114.76,106.2,156.7,187.99,1,open
2020-04-09,118.2,121.89,101.5,311.3,373.59,1,open
2020-04-13,123.74,122.81,97.0,-75.2,-90.19,1,open
2020-04-14,120.53,123.86,99.6,275.4,330.53,1,open
2020-04-15,122.94,117.83,97.6,-416.4,-499.74,1,open
2020-04-16,117.83,118.06,101.8,19.5,23.42,1,open
2020-04-17,116.98,121.87,102.6,417.1,500.58,1,open
2020-04-21,120.61,117.39,99.5,-267.8,-321.35,1,open
2020-04-22,117.72,120.26,101.9,215.8,258.93,1,open
2020-04-23,119.33,120.08,100.6,62.9,75.42,1,open
2020-04-24,120.47,121.42,99.6,79.7,95.63,1,open
2020-04-28,127.42,131.09,94.2,287.2,344.67,1,open
2020-04-29,129.26,133.46,92.8,324.1,388.97,1,open
2020-04-30,135.38,131.87,88.6,-260.0,-312.0,1,open
2020-05-01,130.35,127.12,92.1,-248.6,-298.26,1,open
2020-05-05,125.7,128.03,95.5,185.4,222.43,1,open
2020-05-06,126.62,127.45,94.8,65.5,78.66,1,open
2020-05-07,125.63,127.36,95.5,136.9,164.29,1,open
2020-05-08,127.53,130.12,94.1,203.1,243.7,1,open
2020-05-12,131.65,132.22,91.2,44.1,52.87,1,open
2020-05-13,126.94,125.67,94.5,-100.1,-120.06,1,open
2020-05-14,122.69,119.94,97.8,-224.2,-268.98,1,open
2020-05-15,123.25,121.92,97.4,-107.9,-129.49,1,open
2020-05-19,132.78,132.19,90.4,-44.4,-53.32,1,open
2020-05-20,130.15,132.66,92.2,192.9,231.43,1,open
2020-05-21,134.0,134.02,89.6,1.5,1.79,1,open
2020-05-22,134.32,134.62,89.3,21.6,25.91,1,open
2020-05-27,138.75,141.53,86.5,201.1,241.31,1,open
2020-05-28,143.09,144.71,83.9,112.5,135.02,1,open
2020-05-29,139.78,138.22,85.9,-110.9,-133.07,1,open
2020-06-02,140.25,141.03,85.6,56.3,67.6,1,open
2020-06-03,141.4,143.62,84.9,157.0,188.41,1,open
2020-06-04,144.76,143.81,82.9,-66.3,-79.58,1,open
2020-06-05,144.66,150.93,83.0,433.4,520.13,1,open
2020-06-09,153.1,150.83,78.4,-148.9,-178.7,1,open
2020-06-10,150.35,150.02,79.8,-22.6,-27.14,1,open
2020-06-11,146.16,140.12,82.1,-413.9,-496.7,1,open
2020-06-12,135.22,140.3,88.7,374.9,449.92,1,open
2020-06-16,141.1,146.59,85.0,388.4,466.04,1,open
2020-06-17,144.44,144.55,83.1,7.6,9.14,1,open
2020-06-18,141.75,140.34,84.7,-99.5,-119.37,1,open
2020-06-19,141.82,144.38,84.6,180.5,216.6,1,open
2020-06-23,142.5,144.24,84.2,121.4,145.68,1,open
2020-06-24,143.06,141.06,83.9,-139.1,-166.93,1,open
2020-06-25,138.37,137.63,86.7,-52.8,-63.31,1,open
2020-06-26,140.44,139.44,85.4,-71.2,-85.44,1,open
2020-06-30,141.37,140.58,84.9,-55.9,-67.06,1,open
2020-07-01,143.15,143.62,83.8,32.8,39.4,1,open
2020-07-02,141.84,144.53,84.6,188.9,226.73,1,open
2020-07-06,142.42,145.28,84.3,200.8,240.97,1,open
2020-07-07,143.45,142.15,83.6,-91.3,-109.58,1,open
2020-07-08,140.84,140.72,85.2,-8.5,-10.22,1,open
2020-07-09,141.98,141.97,84.5,-0.7,-0.85,1,open
2020-07-10,139.1,139.1,86.3,0.0,0.0,1,open
2020-07-14,139.56,139.4,86.0,-11.5,-13.76,1,open
2020-07-15,141.92,145.34,84.6,241.0,289.17,1,open
2020-07-16,147.06,146.08,81.6,-66.6,-79.97,1,open
2020-07-17,146.13,146.65,82.1,34.9,41.88,1,open
2020-07-21,145.98,147.44,82.2,99.3,119.19,1,open
2020-07-22,148.03,147.06,81.1,-66.2,-79.44,1,open
2020-07-23,148.2,147.94,81.0,-17.5,-21.05,1,open
2020-07-24,148.33,147.25,80.9,-73.0,-87.62,1,open
2020-07-28,147.66,147.03,81.3,-42.7,-51.2,1,open
2020-07-29,146.17,146.97,82.1,54.0,64.85,1,open
2020-07-30,149.34,147.1,80.4,-150.0,-179.99,1,open
2020-07-31,148.82,148.1,80.6,-48.4,-58.05,1,open
2020-08-04,149.84,149.35,80.1,-32.7,-39.24,1,open
2020-08-05,150.84,152.3,79.6,96.1,115.35,1,open
2020-08-06,153.81,153.77,78.0,-2.6,-3.12,1,open
2020-08-07,153.78,153.41,78.0,-23.4,-28.09,1,open
2020-08-11,157.84,159.24,76.0,88.4,106.06,1,open
2020-08-12,156.88,158.63,76.5,112.2,134.63,1,open
2020-08-13,157.56,156.93,76.2,-40.6,-48.74,1,open
2020-08-14,157.25,156.25,76.3,-64.2,-77.07,1,open
2020-08-18,157.95,157.8,76.0,-10.1,-12.16,1,open
2020-08-19,156.42,156.9,76.7,30.0,36.06,1,open
2020-08-20,156.42,154.78,76.7,-104.8,-125.81,1,open
2020-08-21,155.78,155.12,77.0,-42.4,-50.84,1,open
2020-08-25,156.28,156.78,76.8,32.0,38.39,1,open
2020-08-26,156.44,156.47,76.7,1.9,2.3,1,open
2020-08-27,155.42,156.09,77.2,42.5,50.96,1,open
2020-08-28,155.84,156.53,77.0,44.3,53.13,1,open
2020-09-01,155.38,155.19,77.2,-12.9,-15.45,1,open
2020-09-02,157.25,157.93,76.3,42.6,51.13,1,open
2020-09-03,158.48,158.12,75.7,-23.3,-28.02,1,open
2020-09-04,153.84,155.69,78.0,119.6,143.52,1,open
2020-09-09,149.91,151.4,80.0,98.7,118.47,1,open
2020-09-10,152.15,152.77,78.9,40.8,48.9,1,open
2020-09-11,150.22,150.85,79.9,42.6,51.13,1,open
2020-09-15,153.09,154.34,78.4,82.3,98.77,1,open
2020-09-16,153.42,154.08,78.2,42.4,50.84,1,open
2020-09-17,154.85,152.59,77.5,-145.9,-175.13,1,open
2020-09-18,153.75,153.96,78.1,13.7,16.39,1,open
2020-09-22,148.04,148.62,81.1,38.5,46.2,1,open
2020-09-23,149.09,148.38,80.5,-47.6,-57.15,1,open
2020-09-24,144.16,144.0,83.2,-10.4,-12.49,1,open
2020-09-25,144.09,143.41,83.3,-47.9,-57.46,1,open
2020-09-29,150.09,149.78,79.9,-20.7,-24.78,1,open
2020-09-30,149.35,149.87,80.3,34.1,40.98,1,open
2020-10-01,149.85,150.78,80.1,61.4,73.67,1,open
2020-10-02,152.19,149.38,78.8,-185.3,-222.35,1,open
2020-10-06,157.07,158.47,76.4,88.5,106.19,1,open
2020-10-07,156.66,158.58,76.6,121.9,146.3,1,open
2020-10-08,160.07,161.69,75.0,100.6,120.69,1,open
2020-10-09,161.88,163.34,74.1,90.2,108.23,1,open
2020-10-13,163.84,162.49,73.2,-83.0,-99.61,1,open
2020-10-14,162.7,162.97,73.8,16.6,19.91,1,open
2020-10-15,161.17,159.25,74.5,-119.1,-142.95,1,open
2020-10-16,162.81,163.18,73.7,22.7,27.27,1,open
2020-10-20,160.45,161.53,74.8,66.7,80.02,1,open
2020-10-21,160.78,160.84,74.6,3.7,4.48,1,open
2020-10-22,159.35,160.1,75.3,47.1,56.48,1,open
2020-10-23,162.17,163.06,74.0,54.9,65.85,1,open
2020-10-27,159.59,159.41,75.2,-11.9,-14.29,1,open
2020-10-28,158.22,154.62,75.8,-226.9,-272.29,1,open
2020-10-29,153.35,152.74,78.2,-40.4,-48.51,1,open
2020-10-30,155.15,154.25,77.3,-57.4,-68.84,1,open
2020-11-03,155.84,158.41,77.0,164.9,197.9,1,open
2020-11-04,160.29,157.72,74.9,-161.0,-193.14,1,open
2020-11-05,160.48,161.97,74.8,92.2,110.66,1,open
2020-11-06,165.0,165.62,72.7,37.0,44.36,1,open
2020-11-10,169.75,171.22,70.7,86.6,103.92,1,open
2020-11-11,172.67,173.25,69.5,33.6,40.31,1,open
2020-11-12,172.69,171.37,69.5,-77.0,-92.42,1,open
2020-11-13,170.0,171.28,70.6,75.9,91.06,1,open
2020-11-17,177.62,176.0,67.6,-91.2,-109.44,1,open
2020-11-18,178.47,178.91,67.2,24.4,29.25,1,open
2020-11-19,175.95,175.62,68.2,-18.8,-22.51,1,open
2020-11-20,177.34,176.59,67.7,-41.7,-50.07,1,open
2020-11-24,180.85,183.34,66.4,137.7,165.22,1,open
2020-11-25,184.25,183.44,65.1,-44.2,-53.08,1,open
2020-11-27,183.59,183.69,65.4,5.4,6.54,1,open
2020-12-01,181.09,183.53,66.3,135.3,162.35,1,open
2020-12-02,182.69,181.93,65.7,-42.1,-50.58,1,open
2020-12-03,182.92,183.31,65.6,20.8,24.93,1,open
2020-12-04,183.95,184.99,65.2,56.0,67.19,1,open
2020-12-08,188.37,187.06,63.7,-69.0,-82.82,1,open
2020-12-09,190.81,191.99,62.9,61.8,74.21,1,open
2020-12-10,189.38,187.72,63.4,-87.7,-105.18,1,open
2020-12-11,191.28,189.94,62.7,-70.1,-84.07,1,open
2020-12-15,189.97,191.75,63.2,94.2,113.07,1,open
2020-12-16,194.69,195.08,61.6,20.0,24.04,1,open
2020-12-17,194.03,194.72,61.8,35.0,42.05,1,open
2020-12-18,196.34,196.53,61.1,9.2,11.0,1,open
2020-12-22,195.34,195.94,61.4,30.7,36.86,1,open
2020-12-23,197.44,198.53,60.8,55.2,66.25,1,open
2020-12-24,199.16,199.9,60.3,36.7,43.98,1,open
2020-12-28,199.13,201.13,60.3,100.4,120.52,1,open
2020-12-29,198.28,198.6,60.5,16.6,19.97,1,open
2020-12-30,194.41,195.02,61.7,31.4,37.65,1,open
2020-12-31,196.5,196.59,61.1,4.1,4.89,1,open
2021-01-04,196.16,197.46,61.2,65.8,78.91,1,open
2021-01-05,193.48,193.06,62.0,-22.2,-26.67,1,open
2021-01-06,196.53,199.44,61.1,148.1,177.68,1,open
2021-01-07,204.56,205.68,58.7,54.8,65.7,1,open
2021-01-08,208.2,209.28,57.6,51.9,62.25,1,open
2021-01-12,207.54,208.46,57.8,43.8,52.62,1,open
2021-01-13,211.31,211.41,56.8,4.7,5.68,1,open
2021-01-14,209.75,211.21,57.2,69.1,82.95,1,open
2021-01-15,213.94,210.77,56.1,-148.6,-178.36,1,open
2021-01-20,213.47,214.33,56.2,40.3,48.35,1,open
2021-01-21,214.42,214.71,56.0,13.3,15.95,1,open
2021-01-22,212.59,210.46,56.4,-100.2,-120.23,1,open
2021-01-26,214.78,216.27,55.9,69.4,83.25,1,open
2021-01-27,213.31,209.44,56.3,-181.0,-217.15,1,open
2021-01-28,209.45,210.81,57.3,64.5,77.34,1,open
2021-01-29,208.73,209.69,57.5,46.0,55.2,1,open
2021-02-02,210.69,213.12,57.0,115.3,138.41,1,open
2021-02-03,213.65,213.66,56.2,0.9,1.12,1,open
2021-02-04,214.26,215.05,56.0,36.4,43.68,1,open
2021-02-05,218.69,220.91,54.9,101.5,121.82,1,open
2021-02-09,227.31,227.09,52.8,-9.2,-11.09,1,open
2021-02-10,228.45,229.88,52.5,62.6,75.11,1,open
2021-02-11,226.91,228.1,52.9,52.4,62.93,1,open
2021-02-12,226.66,225.9,52.9,-33.5,-40.24,1,open
2021-02-17,225.81,223.65,53.1,-96.1,-115.32,1,open
2021-02-18,224.13,222.31,53.5,-81.6,-97.98,1,open
2021-02-19,220.56,222.43,54.4,84.8,101.74,1,open
2021-02-23,223.75,220.93,53.6,-126.5,-151.77,1,open
2021-02-24,221.78,222.53,54.1,34.3,41.12,1,open
2021-02-25,227.06,226.72,52.9,-14.5,-17.44,1,open
2021-02-26,218.54,219.49,54.9,43.0,51.61,1,open
2021-03-02,226.16,225.77,53.1,-17.7,-21.22,1,open
2021-03-03,221.7,222.44,54.1,33.4,40.05,1,open
2021-03-04,219.29,218.46,54.7,-38.3,-45.97,1,open
2021-03-05,213.31,216.87,56.3,166.9,200.28,1,open
2021-03-09,218.84,222.41,54.8,163.6,196.31,1,open
2021-03-10,223.28,225.56,53.7,102.1,122.53,1,open
2021-03-11,227.28,229.53,52.8,99.4,119.33,1,open
2021-03-12,232.19,231.96,51.7,-9.9,-11.89,1,open
2021-03-16,234.48,233.99,51.2,-20.9,-25.09,1,open
2021-03-17,230.53,228.94,52.1,-69.0,-82.77,1,open
2021-03-18,232.42,230.77,51.6,-71.4,-85.71,1,open
2021-03-19,225.34,224.53,53.3,-35.9,-43.14,1,open
2021-03-23,225.28,223.12,53.3,-95.9,-115.06,1,open
2021-03-24,217.15,219.84,55.3,123.9,148.66,1,open
2021-03-25,212.09,209.25,56.6,-134.4,-161.25,1,open
2021-03-26,216.72,218.93,55.4,101.5,121.81,1,open
2021-03-30,214.44,214.31,56.0,-6.5,-7.83,1,open
2021-03-31,218.07,219.13,55.0,48.6,58.33,1,open
2021-04-01,220.94,222.37,54.3,64.7,77.67,1,open
2021-04-05,223.85,226.38,53.6,112.6,135.09,1,open
2021-04-06,224.97,224.97,53.3,0.0,0.0,1,open
2021-04-07,224.36,224.19,53.5,-7.4,-8.83,1,open
2021-04-08,220.62,221.78,54.4,52.6,63.1,1,open
2021-04-09,222.59,222.38,53.9,-9.4,-11.32,1,open
2021-04-13,221.75,221.44,54.1,-14.0,-16.78,1,open
2021-04-14,221.19,221.84,54.3,29.4,35.26,1,open
2021-04-15,223.37,225.06,53.7,75.7,90.79,1,open
2021-04-16,224.28,225.37,53.5,48.2,57.78,1,open
2021-04-20,221.78,220.74,54.1,-47.3,-56.81,1,open
2021-04-21,217.38,216.99,55.2,-17.9,-21.53,1,open
2021-04-22,222.57,223.24,53.9,29.7,35.58,1,open
2021-04-23,221.66,222.78,54.1,51.0,61.18,1,open
2021-04-27,228.09,228.68,52.6,25.9,31.04,1,open
2021-04-28,228.5,228.03,52.5,-20.6,-24.68,1,open
2021-04-29,228.9,230.81,52.4,83.9,100.66,1,open
2021-04-30,228.09,225.69,52.6,-105.2,-126.27,1,open
2021-05-04,226.07,224.56,53.1,-66.8,-80.15,1,open
2021-05-05,223.32,224.25,53.7,41.2,49.43,1,open
2021-05-06,222.44,222.62,53.9,7.6,9.17,1,open
2021-05-07,222.79,222.62,53.9,-7.6,-9.16,1,open
2021-05-11,219.66,214.88,54.6,-217.6,-261.12,1,open
2021-05-12,219.07,217.06,54.8,-92.2,-110.65,1,open
2021-05-13,211.9,213.28,56.6,65.1,78.15,1,open
2021-05-14,215.78,217.91,55.6,98.2,117.9,1,open
2021-05-18,221.37,221.35,54.2,-0.5,-0.54,1,open
2021-05-19,219.66,215.96,54.6,-168.9,-202.67,1,open
2021-05-20,217.97,218.22,55.1,11.0,13.21,1,open
2021-05-21,219.44,221.25,54.7,82.9,99.53,1,open
2021-05-25,221.45,222.22,54.2,34.3,41.18,1,open
2021-05-26,219.29,220.09,54.7,36.5,43.78,1,open
2021-05-27,223.48,225.06,53.7,70.3,84.3,1,open
2021-05-28,225.72,227.05,53.2,58.9,70.71,1,open
2021-06-02,228.19,228.87,52.6,29.4,35.23,1,open
2021-06-03,228.4,226.78,52.5,-70.5,-84.59,1,open
2021-06-04,226.44,227.47,53.0,45.0,54.05,1,open
2021-06-08,230.5,231.18,52.1,29.1,34.88,1,open
2021-06-09,232.92,233.5,51.5,24.9,29.88,1,open
2021-06-10,231.41,231.65,51.9,10.4,12.45,1,open
2021-06-11,229.32,230.27,52.3,41.0,49.19,1,open
2021-06-15,231.06,231.09,51.9,0.9,1.04,1,open
2021-06-16,230.44,229.66,52.1,-33.4,-40.1,1,open
2021-06-17,229.91,229.21,52.2,-30.9,-37.06,1,open
2021-06-18,227.31,223.66,52.8,-160.1,-192.16,1,open
2021-06-22,226.9,226.24,52.9,-29.1,-34.91,1,open
2021-06-23,228.07,227.96,52.6,-5.3,-6.31,1,open
2021-06-24,228.82,230.06,52.4,53.8,64.5,1,open
2021-06-25,231.9,232.22,51.7,13.8,16.56,1,open
2021-06-29,230.44,231.19,52.1,32.1,38.53,1,open
2021-06-30,229.38,228.59,52.3,-34.0,-40.81,1,open
2021-07-01,229.41,230.78,52.3,59.3,71.14,1,open
2021-07-02,231.44,231.97,51.8,22.5,26.96,1,open
2021-07-07,225.91,225.5,53.1,-17.7,-21.25,1,open
2021-07-08,223.79,219.27,53.6,-202.4,-242.9,1,open
2021-07-09,221.84,224.12,54.1,103.2,123.88,1,open
2021-07-13,226.67,225.21,52.9,-64.9,-77.82,1,open
2021-07-14,222.38,223.68,54.0,58.5,70.14,1,open
2021-07-15,218.91,217.8,54.8,-50.7,-60.85,1,open
2021-07-16,217.72,219.8,55.1,95.5,114.65,1,open
2021-07-20,211.84,212.16,56.6,15.1,18.13,1,open
2021-07-21,218.25,219.41,55.0,52.7,63.23,1,open
2021-07-22,222.15,221.44,54.0,-32.0,-38.35,1,open
2021-07-23,218.5,219.83,54.9,60.4,72.49,1,open
2021-07-27,220.23,218.97,54.5,-57.2,-68.65,1,open
2021-07-28,217.66,218.84,55.1,54.2,65.05,1,open
2021-07-29,220.92,222.75,54.3,82.8,99.4,1,open
2021-07-30,222.6,221.69,53.9,-41.3,-49.59,1,open
2021-08-03,219.95,220.59,54.6,28.6,34.37,1,open
2021-08-04,220.94,219.06,54.3,-84.6,-101.57,1,open
2021-08-05,218.12,219.06,55.0,43.1,51.72,1,open
2021-08-06,222.15,223.72,54.0,70.7,84.81,1,open
2021-08-10,222.19,222.6,54.0,18.9,22.68,1,open
2021-08-11,222.63,222.99,53.9,15.7,18.86,1,open
2021-08-12,223.72,223.74,53.6,0.9,1.07,1,open
2021-08-13,223.15,222.94,53.8,-9.0,-10.76,1,open
2021-08-17,219.09,216.62,54.8,-112.7,-135.28,1,open
2021-08-18,216.42,216.06,55.4,-16.6,-19.96,1,open
2021-08-19,214.56,212.4,55.9,-100.7,-120.81,1,open
2021-08-20,211.97,212.06,56.6,4.7,5.66,1,open
2021-08-24,219.66,220.28,54.6,28.2,33.87,1,open
2021-08-25,221.81,221.74,54.1,-3.2,-3.79,1,open
2021-08-26,222.62,222.1,53.9,-23.4,-28.03,1,open
2021-08-27,220.28,220.56,54.5,13.2,15.8,1,open
2021-08-31,225.51,225.21,53.2,-13.7,-16.5,1,open
2021-09-01,225.95,226.8,53.1,37.2,44.61,1,open
2021-09-02,227.48,228.3,52.8,35.6,42.73,1,open
2021-09-03,229.04,228.21,52.4,-36.7,-44.01,1,open
2021-09-08,226.42,225.56,53.0,-38.4,-46.11,1,open
2021-09-09,223.94,223.5,53.6,-19.6,-23.58,1,open
2021-09-10,223.92,225.12,53.6,53.6,64.31,1,open
2021-09-14,222.94,223.72,53.8,35.0,41.99,1,open
2021-09-15,220.09,219.91,54.5,-8.2,-9.81,1,open
2021-09-16,222.47,222.22,53.9,-10.8,-12.96,1,open
2021-09-17,222.22,221.59,54.0,-28.4,-34.02,1,open
2021-09-21,217.16,218.72,55.3,71.8,86.2,1,open
2021-09-22,217.62,218.85,55.1,57.0,68.38,1,open
2021-09-23,220.87,222.15,54.3,58.0,69.54,1,open
2021-09-24,224.85,222.91,53.4,-86.7,-104.07,1,open
2021-09-28,226.39,225.38,53.0,-45.0,-54.05,1,open
2021-09-29,221.31,222.24,54.2,42.0,50.43,1,open
2021-09-30,220.88,222.09,54.3,54.8,65.74,1,open
2021-10-01,218.75,220.0,54.9,57.1,68.57,1,open
2021-10-05,220.26,220.93,54.5,30.0,35.96,1,open
2021-10-06,221.06,218.72,54.3,-105.9,-127.02,1,open
2021-10-07,219.9,221.5,54.6,72.8,87.31,1,open
2021-10-08,223.38,223.35,53.7,-0.9,-1.07,1,open
2021-10-12,220.34,220.81,54.5,21.3,25.6,1,open
2021-10-13,221.57,221.85,54.2,12.6,15.16,1,open
2021-10-14,222.59,224.72,53.9,95.2,114.29,1,open
2021-10-15,225.81,227.93,53.1,93.4,112.13,1,open
2021-10-19,225.1,225.94,53.3,36.9,44.25,1,open
2021-10-20,225.91,225.94,53.1,1.8,2.12,1,open
2021-10-21,227.38,227.16,52.8,-9.7,-11.61,1,open
2021-10-22,227.97,227.77,52.6,-9.2,-11.05,1,open
2021-10-26,229.66,230.02,52.3,15.7,18.81,1,open
2021-10-27,227.94,227.15,52.6,-34.7,-41.59,1,open
2021-10-28,223.6,224.77,53.7,51.9,62.25,1,open
2021-10-29,228.09,227.77,52.6,-14.0,-16.84,1,open
2021-11-02,233.98,234.34,51.3,15.4,18.46,1,open
2021-11-03,234.51,234.12,51.2,-17.1,-20.47,1,open
2021-11-04,238.66,239.44,50.3,33.1,39.72,1,open
2021-11-05,238.54,241.13,50.3,108.6,130.29,1,open
2021-11-09,242.65,241.97,49.5,-28.0,-33.63,1,open
2021-11-10,241.19,240.03,49.8,-47.7,-57.22,1,open
2021-11-11,237.38,238.25,50.6,36.7,43.98,1,open
2021-11-12,239.28,239.88,50.1,25.1,30.09,1,open
2021-11-16,238.57,237.72,50.3,-35.6,-42.75,1,open
2021-11-17,238.97,237.99,50.2,-41.4,-49.71,1,open
2021-11-18,235.88,236.84,50.9,40.7,48.84,1,open
2021-11-19,234.91,233.24,51.1,-71.1,-85.31,1,open
2021-11-23,231.76,231.35,51.8,-17.7,-21.23,1,open
2021-11-24,231.38,229.35,51.9,-87.3,-104.76,1,open
2021-11-26,231.6,224.93,51.8,-288.4,-346.11,1,open
2021-11-30,222.73,220.62,53.9,-94.7,-113.68,1,open
2021-12-01,218.25,223.13,55.0,223.6,268.31,1,open
2021-12-02,213.31,214.34,56.3,47.8,57.38,1,open
2021-12-03,219.29,220.25,54.7,43.8,52.53,1,open
2021-12-07,219.06,222.1,54.8,138.8,166.53,1,open
2021-12-08,224.09,224.56,53.6,21.4,25.7,1,open
2021-12-09,225.67,223.91,53.2,-78.0,-93.59,1,open
2021-12-10,220.56,222.16,54.4,72.5,87.05,1,open
2021-12-14,216.16,214.53,55.5,-74.9,-89.94,1,open
2021-12-15,214.26,214.18,56.0,-4.2,-5.04,1,open
2021-12-16,217.75,219.31,55.1,71.9,86.25,1,open
2021-12-17,213.2,212.16,56.3,-48.8,-58.54,1,open
2021-12-21,212.12,214.16,56.6,96.2,115.4,1,open
2021-12-22,218.22,217.88,55.0,-15.6,-18.7,1,open
2021-12-23,220.37,221.02,54.5,29.5,35.4,1,open
2021-12-27,222.09,222.31,54.0,9.5,11.35,1,open
2021-12-28,224.22,223.75,53.5,-20.5,-24.62,1,open
2021-12-29,222.81,222.69,53.9,-5.8,-7.0,1,open
2021-12-30,223.03,222.91,53.8,-5.4,-6.46,1,open
2021-12-31,222.92,222.46,53.8,-21.1,-25.3,1,open
2022-01-04,225.38,225.97,53.2,26.2,31.41,1,open
2022-01-05,225.03,224.84,53.3,-8.4,-10.13,1,open
2022-01-06,217.4,217.75,55.2,16.1,19.32,1,open
2022-01-07,218.65,218.56,54.9,-3.9,-4.66,1,open
2022-01-11,215.32,215.44,55.7,5.1,6.13,1,open
2022-01-12,217.62,218.49,55.1,40.0,47.97,1,open
2022-01-13,215.95,216.78,55.6,38.0,45.57,1,open
2022-01-14,214.06,211.96,56.1,-98.1,-117.73,1,open
2022-01-19,207.82,208.78,57.7,45.7,54.85,1,open
2022-01-20,204.56,205.34,58.7,38.1,45.76,1,open
2022-01-21,200.78,199.72,59.8,-52.8,-63.35,1,open
2022-01-25,201.88,198.44,59.4,-170.4,-204.47,1,open
2022-01-26,198.91,201.75,60.3,142.8,171.34,1,open
2022-01-27,196.03,197.66,61.2,83.1,99.78,1,open
2022-01-28,191.47,191.66,62.7,9.9,11.91,1,open
2022-02-01,201.13,201.62,59.7,24.4,29.23,1,open
2022-02-02,203.28,203.55,59.0,13.3,15.94,1,open
2022-02-03,201.33,198.81,59.6,-125.7,-150.78,1,open
2022-02-04,197.5,197.0,60.8,-24.8,-29.77,1,open
2022-02-08,199.51,199.44,60.1,-4.0,-4.81,1,open
2022-02-09,202.78,204.53,59.2,86.8,104.15,1,open
2022-02-10,206.66,202.87,58.1,-183.9,-220.65,1,open
2022-02-11,203.56,203.65,59.0,4.4,5.31,1,open
2022-02-15,200.72,202.75,59.8,100.6,120.76,1,open
2022-02-16,206.09,205.27,58.2,-40.3,-48.33,1,open
2022-02-17,206.42,204.53,58.1,-91.6,-109.86,1,open
2022-02-18,201.22,200.94,59.6,-14.4,-17.29,1,open
2022-02-23,196.69,198.21,61.0,76.8,92.12,1,open
2022-02-24,192.97,188.22,62.2,-246.2,-295.39,1,open
2022-02-25,198.22,198.66,60.5,22.7,27.24,1,open
2022-03-01,203.1,202.62,59.1,-23.6,-28.36,1,open
2022-03-02,199.47,200.81,60.2,67.2,80.62,1,open
2022-03-03,204.37,205.0,58.7,31.3,37.58,1,open
2022-03-04,201.82,199.66,59.5,-107.0,-128.43,1,open
2022-03-08,193.84,194.25,61.9,21.2,25.38,1,open
2022-03-09,194.87,198.15,61.6,168.3,201.99,1,open
2022-03-10,200.28,197.38,59.9,-144.8,-173.76,1,open
2022-03-11,199.94,200.75,60.0,40.5,48.62,1,open
2022-03-15,192.95,193.43,62.2,24.4,29.23,1,open
2022-03-16,195.75,197.56,61.3,92.5,110.96,1,open
2022-03-17,201.92,200.74,59.4,-58.9,-70.72,1,open
2022-03-18,205.22,204.18,58.5,-50.7,-60.81,1,open
2022-03-22,205.44,206.19,58.4,36.0,43.22,1,open
2022-03-23,207.41,206.12,57.9,-62.7,-75.21,1,open
2022-03-24,203.91,204.34,58.8,21.1,25.3,1,open
2022-03-25,205.9,206.06,58.3,7.8,9.33,1,open
2022-03-29,206.22,207.97,58.2,84.4,101.25,1,open
2022-03-30,211.76,211.34,56.7,-20.3,-24.37,1,open
2022-03-31,207.59,207.09,57.8,-23.6,-28.33,1,open
2022-04-01,205.23,206.12,58.5,43.4,52.04,1,open
2022-04-05,208.07,207.93,57.7,-7.2,-8.65,1,open
2022-04-06,203.09,201.25,59.1,-90.6,-108.72,1,open
2022-04-07,200.22,200.08,59.9,-7.0,-8.39,1,open
2022-04-08,199.44,199.19,60.2,-13.0,-15.64,1,open
2022-04-12,196.53,198.66,61.1,108.4,130.05,1,open
2022-04-13,197.16,197.65,60.9,24.3,29.21,1,open
2022-04-14,200.98,201.08,59.7,4.5,5.37,1,open
2022-04-18,198.96,198.43,60.3,-26.9,-32.27,1,open
2022-04-19,197.66,197.83,60.7,8.6,10.32,1,open
2022-04-20,201.67,203.02,59.5,66.4,79.73,1,open
2022-04-21,202.38,204.19,59.3,89.9,107.92,1,open
2022-04-22,197.75,196.85,60.7,-45.5,-54.61,1,open
2022-04-26,193.94,192.28,61.9,-85.6,-102.71,1,open
2022-04-27,187.66,187.63,63.9,-1.6,-1.92,1,open
2022-04-28,186.95,189.13,64.2,116.6,139.93,1,open
2022-04-29,190.44,189.56,63.0,-46.2,-55.45,1,open
2022-05-03,186.91,186.88,64.2,-1.1,-1.28,1,open
2022-05-04,188.53,189.02,63.6,25.5,30.55,1,open
2022-05-05,193.66,191.5,62.0,-112.0,-134.46,1,open
2022-05-06,185.75,184.93,64.6,-44.7,-53.62,1,open
2022-05-10,174.97,177.53,68.6,146.3,175.58,1,open
2022-05-11,175.0,175.09,68.6,5.7,6.86,1,open
2022-05-12,170.69,169.8,70.3,-52.1,-62.57,1,open
2022-05-13,172.84,175.0,69.4,125.6,150.66,1,open
2022-05-17,177.26,180.38,67.7,175.4,210.53,1,open
2022-05-18,182.85,180.44,65.6,-132.3,-158.81,1,open
2022-05-19,176.26,174.85,68.1,-80.0,-95.99,1,open
2022-05-20,176.57,178.47,68.0,107.0,128.44,1,open
2022-05-24,178.25,176.56,67.3,-94.3,-113.1,1,open
2022-05-25,175.59,174.84,68.3,-42.7,-51.25,1,open
2022-05-26,178.85,179.81,67.1,53.7,64.41,1,open
2022-05-27,182.69,183.68,65.7,54.2,65.03,1,open
2022-06-01,185.28,186.22,64.8,50.7,60.88,1,open
2022-06-02,184.31,184.53,65.1,11.9,14.32,1,open
2022-06-03,188.72,187.25,63.6,-77.9,-93.47,1,open
2022-06-07,187.91,186.28,63.9,-86.7,-104.1,1,open
2022-06-08,190.91,189.93,62.9,-51.9,-62.23,1,open
2022-06-09,188.03,186.52,63.8,-80.3,-96.37,1,open
2022-06-10,183.62,180.47,65.4,-171.5,-205.81,1,open
2022-06-14,170.2,170.63,70.5,25.3,30.32,1,open
2022-06-15,169.56,171.18,70.8,95.5,114.65,1,open
2022-06-16,171.88,167.81,69.8,-236.8,-284.16,1,open
2022-06-17,163.94,164.44,73.2,30.5,36.6,1,open
2022-06-22,168.16,165.93,71.4,-133.2,-159.84,1,open
2022-06-23,167.84,168.16,71.5,18.5,22.16,1,open
2022-06-24,169.88,171.19,70.6,76.5,91.83,1,open
2022-06-28,175.82,176.9,68.2,60.9,73.03,1,open
2022-06-29,172.56,172.52,69.5,-2.9,-3.48,1,open
2022-06-30,170.72,168.16,70.3,-149.9,-179.94,1,open
2022-07-01,169.57,169.06,70.8,-30.1,-36.09,1,open
2022-07-06,172.88,172.41,69.4,-27.2,-32.62,1,open
2022-07-07,171.59,172.83,69.9,72.3,86.72,1,open
2022-07-08,175.67,175.03,68.3,-36.4,-43.72,1,open
2022-07-12,172.06,171.5,69.7,-32.0,-38.36,1,open
2022-07-13,171.54,169.12,70.0,-141.7,-169.98,1,open
2022-07-14,171.37,168.69,70.0,-156.4,-187.67,1,open
2022-07-15,169.66,171.5,70.7,108.4,130.14,1,open
2022-07-19,172.62,174.72,69.5,121.1,145.29,1,open
2022-07-20,178.72,178.62,67.1,-5.6,-6.71,1,open
2022-07-21,181.54,180.41,66.1,-62.2,-74.69,1,open
2022-07-22,182.5,182.84,65.8,18.6,22.36,1,open
2022-07-26,180.48,179.75,66.5,-40.4,-48.54,1,open
2022-07-27,179.34,180.44,66.9,61.9,74.27,1,open
2022-07-28,183.38,184.28,65.4,49.1,58.89,1,open
2022-07-29,185.97,185.97,64.5,0.5,0.65,1,open
2022-08-02,187.2,186.44,64.1,-41.1,-49.36,1,open
2022-08-03,187.03,188.3,64.2,67.4,80.84,1,open
2022-08-04,189.78,189.81,63.2,1.6,1.9,1,open
2022-08-05,189.45,187.47,63.3,-104.5,-125.41,1,open
2022-08-09,192.87,192.0,62.2,-44.6,-53.51,1,open
2022-08-10,190.23,193.59,63.1,176.6,211.95,1,open
2022-08-11,195.69,197.38,61.3,86.9,104.25,1,open
2022-08-12,196.41,197.28,61.1,44.3,53.15,1,open
2022-08-16,201.1,200.47,59.7,-31.8,-38.19,1,open
2022-08-17,201.03,198.71,59.7,-115.4,-138.49,1,open
2022-08-18,197.63,197.84,60.7,10.6,12.75,1,open
2022-08-19,198.97,196.87,60.3,-106.0,-127.25,1,open
2022-08-23,190.67,190.91,62.9,12.1,14.47,1,open
2022-08-24,190.98,190.81,62.8,-9.4,-11.31,1,open
2022-08-25,192.47,193.34,62.3,45.7,54.87,1,open
2022-08-26,195.44,195.31,61.4,-7.2,-8.6,1,open
2022-08-30,187.28,187.78,64.1,27.2,32.68,1,open
2022-08-31,184.62,184.91,65.0,15.2,18.2,1,open
2022-09-01,183.5,181.75,65.4,-95.9,-115.09,1,open
2022-09-02,181.53,183.56,66.1,111.3,133.53,1,open
2022-09-07,178.41,177.94,67.3,-26.9,-32.28,1,open
2022-09-08,182.22,180.66,65.9,-86.2,-103.39,1,open
2022-09-09,183.76,185.3,65.3,83.3,99.91,1,open
2022-09-13,189.75,184.83,63.2,-259.8,-311.77,1,open
2022-09-14,182.26,182.56,65.8,15.9,19.09,1,open
2022-09-15,183.1,181.88,65.5,-66.6,-79.95,1,open
2022-09-16,181.67,179.06,66.1,-143.7,-172.4,1,open
2022-09-20,180.56,178.72,66.5,-101.4,-121.62,1,open
2022-09-21,178.12,179.34,67.4,68.5,82.19,1,open
2022-09-22,175.38,174.97,68.4,-23.4,-28.05,1,open
2022-09-23,171.44,168.97,70.0,-144.7,-173.58,1,open
2022-09-27,164.16,166.28,73.1,129.1,154.98,1,open
2022-09-28,164.75,165.72,72.8,58.9,70.65,1,open
2022-09-29,169.98,167.75,70.6,-131.8,-158.13,1,open
2022-09-30,166.13,165.75,72.2,-23.5,-28.17,1,open
2022-10-04,169.47,172.53,70.8,180.6,216.68,1,open
2022-10-05,176.09,173.38,68.1,-154.5,-185.35,1,open
2022-10-06,174.78,173.83,68.7,-54.9,-65.91,1,open
2022-10-07,173.75,171.9,69.1,-107.0,-128.46,1,open
2022-10-11,167.69,166.93,71.6,-45.9,-55.1,1,open
2022-10-12,167.75,167.87,71.5,6.6,7.87,1,open
2022-10-13,167.29,163.91,71.7,-202.6,-243.16,1,open
2022-10-14,171.42,172.71,70.0,74.7,89.6,1,open
2022-10-18,172.19,175.83,69.7,211.4,253.68,1,open
2022-10-19,174.22,172.46,68.9,-101.6,-121.91,1,open
2022-10-20,171.23,171.38,70.1,8.8,10.51,1,open
2022-10-21,169.06,169.37,71.0,18.3,22.0,1,open
2022-10-25,173.5,173.53,69.2,2.3,2.77,1,open
2022-10-26,178.17,179.12,67.3,52.8,63.31,1,open
2022-10-27,179.09,180.56,67.0,82.1,98.5,1,open
2022-10-28,179.09,179.78,67.0,39.1,46.91,1,open
2022-11-01,183.35,185.19,65.4,99.8,119.77,1,open
2022-11-02,183.66,182.81,65.3,-46.8,-56.19,1,open
2022-11-03,177.53,175.25,67.6,-127.9,-153.44,1,open
2022-11-04,176.48,178.88,68.0,136.0,163.19,1,open
2022-11-08,179.66,180.19,66.8,30.1,36.07,1,open
2022-11-09,179.59,177.96,66.8,-90.8,-108.92,1,open
2022-11-10,174.69,181.85,68.7,409.9,491.83,1,open
2022-11-11,185.38,185.72,64.7,18.9,22.66,1,open
2022-11-15,184.97,187.81,64.9,153.5,184.25,1,open
2022-11-16,187.67,186.56,63.9,-59.1,-70.97,1,open
2022-11-17,184.25,181.59,65.1,-144.9,-173.89,1,open
2022-11-18,182.65,184.56,65.7,104.6,125.49,1,open
2022-11-22,182.76,183.71,65.7,51.4,61.72,1,open
2022-11-23,184.81,184.25,64.9,-30.3,-36.36,1,open
2022-11-25,185.22,185.06,64.8,-8.6,-10.37,1,open
2022-11-29,181.84,181.93,66.0,4.4,5.28,1,open
2022-11-30,182.41,182.63,65.8,12.1,14.47,1,open
2022-12-01,187.41,188.12,64.0,37.9,45.53,1,open
2022-12-02,187.0,184.34,64.2,-142.8,-171.33,1,open
2022-12-06,182.88,182.84,65.6,-1.6,-1.97,1,open
2022-12-07,180.12,179.72,66.6,-22.2,-26.65,1,open
2022-12-08,179.58,180.65,66.8,59.5,71.46,1,open
2022-12-09,180.87,179.75,66.3,-61.9,-74.31,1,open
2022-12-13,180.84,185.69,66.4,268.8,322.5,1,open
2022-12-14,181.42,181.28,66.1,-8.3,-9.92,1,open
2022-12-15,180.17,178.0,66.6,-121.0,-145.19,1,open
2022-12-16,175.76,173.97,68.3,-101.8,-122.21,1,open
2022-12-20,172.06,171.63,69.7,-25.0,-29.99,1,open
2022-12-21,172.95,174.38,69.4,82.7,99.22,1,open
2022-12-22,175.85,174.3,68.2,-88.7,-106.45,1,open
2022-12-23,173.65,173.44,69.1,-11.5,-13.82,1,open
2022-12-28,173.28,173.15,69.3,-7.5,-9.0,1,open
2022-12-29,170.56,171.69,70.4,65.7,78.8,1,open
2022-12-30,174.9,173.31,68.6,-90.9,-109.09,1,open
2023-01-04,173.38,174.59,69.2,69.2,83.05,1,open
2023-01-05,175.6,174.56,68.3,-59.8,-71.75,1,open
2023-01-06,173.7,175.27,69.1,89.8,107.77,1,open
2023-01-10,177.94,177.62,67.4,-17.4,-20.91,1,open
2023-01-11,180.59,181.22,66.5,35.4,42.53,1,open
2023-01-12,182.79,183.56,65.6,42.4,50.88,1,open
2023-01-13,185.88,184.47,64.6,-75.9,-91.03,1,open
2023-01-18,186.85,187.41,64.2,30.0,35.96,1,open
2023-01-19,183.84,182.69,65.3,-62.0,-74.41,1,open
2023-01-20,182.06,182.68,65.9,33.5,40.21,1,open
2023-01-24,187.41,186.56,64.0,-45.9,-55.06,1,open
2023-01-25,186.92,185.38,64.2,-82.9,-99.51,1,open
2023-01-26,187.47,188.93,64.0,77.3,92.81,1,open
2023-01-27,188.59,187.94,63.6,-34.5,-41.36,1,open
2023-01-31,187.03,187.38,64.2,19.2,23.1,1,open
2023-02-01,191.53,191.16,62.7,-19.8,-23.81,1,open
2023-02-02,194.53,195.97,61.7,74.0,88.83,1,open
2023-02-03,198.41,196.08,60.5,-117.9,-141.52,1,open
2023-02-07,194.19,193.38,61.8,-41.7,-50.06,1,open
2023-02-08,195.6,194.33,61.3,-65.4,-78.53,1,open
2023-02-09,192.72,194.19,62.3,76.8,92.16,1,open
2023-02-10,190.0,189.25,63.2,-39.5,-47.37,1,open
2023-02-14,192.65,191.25,62.3,-72.7,-87.21,1,open
2023-02-15,192.56,190.94,62.3,-83.6,-100.33,1,open
2023-02-16,194.54,191.77,61.7,-142.9,-171.48,1,open
2023-02-17,192.63,191.81,62.3,-42.6,-51.08,1,open
2023-02-22,187.45,187.75,64.0,15.5,18.56,1,open
2023-02-23,188.03,189.31,63.8,68.1,81.69,1,open
2023-02-24,189.35,186.59,63.4,-145.8,-174.91,1,open
2023-02-28,188.25,188.09,63.7,-8.5,-10.2,1,open
2023-03-01,188.13,188.16,63.8,1.1,1.28,1,open
2023-03-02,188.5,186.83,63.7,-88.6,-106.32,1,open
2023-03-03,188.95,189.63,63.5,36.0,43.18,1,open
2023-03-07,188.73,188.62,63.6,-6.4,-7.63,1,open
2023-03-08,186.57,186.75,64.3,9.6,11.58,1,open
2023-03-09,186.65,186.69,64.3,2.7,3.21,1,open
2023-03-10,181.44,180.35,66.1,-60.1,-72.09,1,open
2023-03-14,173.29,178.56,69.2,304.1,364.93,1,open
2023-03-15,176.62,171.9,67.9,-267.8,-321.36,1,open
2023-03-16,173.75,171.44,69.1,-133.5,-160.23,1,open
2023-03-17,176.07,174.0,68.2,-118.1,-141.76,1,open
2023-03-21,173.54,176.52,69.1,171.1,205.36,1,open
2023-03-22,176.78,176.49,67.9,-17.0,-20.36,1,open
2023-03-23,171.57,172.25,69.9,39.0,46.86,1,open
2023-03-24,170.23,168.72,70.5,-89.3,-107.15,1,open
2023-03-28,173.81,173.06,69.0,-43.1,-51.78,1,open
2023-03-29,173.5,175.28,69.2,102.0,122.42,1,open
2023-03-30,175.47,176.84,68.4,78.1,93.69,1,open
2023-03-31,175.19,176.37,68.5,66.8,80.14,1,open
2023-04-04,178.53,178.88,67.2,20.2,24.2,1,open
2023-04-05,175.34,174.22,68.4,-63.9,-76.65,1,open
2023-04-06,173.66,173.69,69.1,1.7,2.07,1,open
2023-04-10,173.97,173.03,69.0,-54.6,-65.53,1,open
2023-04-11,175.84,176.53,68.2,39.2,47.09,1,open
2023-04-12,177.17,178.83,67.7,93.1,111.75,1,open
2023-04-13,175.88,176.5,68.2,35.3,42.3,1,open
2023-04-14,178.2,178.31,67.3,5.6,6.73,1,open
2023-04-18,178.81,179.56,67.1,41.9,50.33,1,open
2023-04-19,178.01,177.05,67.4,-54.5,-65.39,1,open
2023-04-20,178.37,177.12,67.3,-70.1,-84.1,1,open
2023-04-21,177.38,177.78,67.7,22.6,27.06,1,open
2023-04-25,177.47,175.59,67.6,-105.4,-126.45,1,open
2023-04-26,173.1,172.19,69.3,-52.6,-63.08,1,open
2023-04-27,171.47,172.0,70.0,30.3,36.39,1,open
2023-04-28,173.69,173.25,69.1,-25.3,-30.4,1,open
2023-05-02,175.38,174.37,68.4,-57.6,-69.11,1,open
2023-05-03,171.72,172.18,69.9,26.8,32.15,1,open
2023-05-04,172.42,171.28,69.6,-65.8,-78.99,1,open
2023-05-05,170.47,173.25,70.4,162.5,194.98,1,open
2023-05-09,174.09,172.94,68.9,-65.5,-78.58,1,open
2023-05-10,173.54,175.93,69.1,137.1,164.57,1,open
2023-05-11,174.45,173.19,68.8,-72.8,-87.36,1,open
2023-05-12,173.09,173.62,69.3,30.6,36.74,1,open
2023-05-16,174.91,173.58,68.6,-76.0,-91.25,1,open
2023-05-17,172.31,173.35,69.6,60.9,73.13,1,open
2023-05-18,176.25,175.53,68.1,-40.9,-49.02,1,open
2023-05-19,177.26,178.47,67.7,68.3,81.91,1,open
2023-05-23,178.28,177.88,67.3,-23.0,-27.6,1,open
2023-05-24,177.48,176.52,67.6,-54.7,-65.58,1,open
2023-05-25,175.59,175.22,68.3,-21.1,-25.29,1,open
2023-05-26,174.23,174.27,68.9,1.7,2.07,1,open
2023-05-31,175.51,174.66,68.4,-49.0,-58.8,1,open
2023-06-01,173.69,173.84,69.1,8.1,9.67,1,open
2023-06-02,175.67,177.97,68.3,130.9,157.11,1,open
2023-06-06,179.57,178.9,66.8,-37.9,-45.44,1,open
2023-06-07,184.34,184.93,65.1,31.5,37.76,1,open
2023-06-08,187.26,186.69,64.1,-31.0,-37.17,1,open
2023-06-09,186.5,186.28,64.3,-11.8,-14.16,1,open
2023-06-13,185.88,186.41,64.6,28.0,33.57,1,open
2023-06-14,187.97,188.28,63.8,16.5,19.79,1,open
2023-06-15,185.97,185.05,64.5,-50.0,-60.01,1,open
2023-06-16,187.53,187.91,64.0,20.3,24.32,1,open
2023-06-21,185.16,184.38,64.8,-41.6,-49.9,1,open
2023-06-22,184.78,184.24,64.9,-29.2,-35.07,1,open
2023-06-23,183.34,180.74,65.5,-142.4,-170.83,1,open
2023-06-27,180.81,181.16,66.4,19.6,23.56,1,open
2023-06-28,183.4,182.96,65.4,-24.0,-28.79,1,open
2023-06-29,184.34,184.69,65.1,19.0,22.78,1,open
2023-06-30,186.67,188.22,64.3,83.0,99.64,1,open
2023-07-05,188.13,187.09,63.8,-55.3,-66.34,1,open
2023-07-06,185.81,183.59,64.6,-119.5,-143.37,1,open
2023-07-07,182.81,182.94,65.6,7.4,8.86,1,open
2023-07-11,188.06,188.44,63.8,20.2,24.25,1,open
2023-07-12,189.79,192.72,63.2,154.4,185.25,1,open
2023-07-13,191.9,192.47,62.5,30.2,36.27,1,open
2023-07-14,193.47,193.28,62.0,-9.8,-11.79,1,open
2023-07-18,193.63,193.66,62.0,1.5,1.86,1,open
2023-07-19,196.09,196.66,61.2,29.6,35.49,1,open
2023-07-20,196.81,196.91,61.0,5.1,6.1,1,open
2023-07-21,195.15,196.35,61.5,62.0,74.41,1,open
2023-07-25,194.97,194.55,61.5,-21.5,-25.85,1,open
2023-07-26,195.0,194.74,61.5,-13.8,-16.61,1,open
2023-07-27,196.51,197.59,61.1,55.0,65.95,1,open
2023-07-28,193.95,195.99,61.9,104.7,125.6,1,open
2023-08-01,198.73,197.4,60.4,-67.4,-80.91,1,open
2023-08-02,197.82,195.56,60.7,-114.7,-137.7,1,open
2023-08-03,195.13,194.27,61.5,-44.6,-53.5,1,open
2023-08-04,194.59,194.78,61.7,9.8,11.72,1,open
2023-08-08,194.38,192.06,61.7,-118.8,-142.61,1,open
2023-08-09,193.17,192.84,62.1,-17.6,-21.12,1,open
2023-08-10,191.6,192.25,62.6,34.2,41.02,1,open
2023-08-11,190.75,189.87,62.9,-46.1,-55.36,1,open
2023-08-15,190.72,189.49,62.9,-64.5,-77.39,1,open
2023-08-16,188.22,187.96,63.8,-13.8,-16.58,1,open
2023-08-17,185.87,186.3,64.6,23.1,27.76,1,open
2023-08-18,183.72,182.19,65.3,-83.3,-99.93,1,open
2023-08-22,184.38,185.0,65.1,33.6,40.35,1,open
2023-08-23,183.9,183.97,65.3,3.8,4.57,1,open
2023-08-24,185.78,185.22,64.6,-30.1,-36.17,1,open
2023-08-25,183.28,184.02,65.5,40.4,48.45,1,open
2023-08-29,185.65,185.5,64.6,-7.5,-9.05,1,open
2023-08-30,188.18,187.69,63.8,-26.3,-31.57,1,open
2023-08-31,189.0,189.16,63.5,8.5,10.16,1,open
2023-09-01,188.59,190.03,63.6,76.4,91.62,1,open
2023-09-06,186.88,187.03,64.2,8.0,9.63,1,open
2023-09-07,186.2,185.1,64.4,-59.1,-70.89,1,open
2023-09-08,184.41,184.53,65.1,6.5,7.81,1,open
2023-09-12,184.42,184.02,65.1,-22.2,-26.68,1,open
2023-09-13,184.25,184.47,65.1,11.4,13.68,1,open
2023-09-14,183.01,184.5,65.6,80.9,97.04,1,open
2023-09-15,185.62,184.75,64.6,-46.3,-55.6,1,open
2023-09-19,182.41,182.46,65.8,2.2,2.63,1,open
2023-09-20,181.72,182.37,66.0,35.8,42.92,1,open
2023-09-21,179.91,178.47,66.7,-80.0,-96.05,1,open
2023-09-22,177.15,177.53,67.7,21.5,25.74,1,open
2023-09-26,177.53,175.47,67.6,-116.0,-139.25,1,open
2023-09-27,174.44,175.41,68.8,56.2,67.42,1,open
2023-09-28,176.09,176.06,68.1,-2.3,-2.73,1,open
2023-09-29,177.69,178.94,67.5,69.8,83.74,1,open
2023-10-03,174.06,172.91,68.9,-66.1,-79.28,1,open
2023-10-04,171.17,170.97,70.1,-11.7,-14.02,1,open
2023-10-05,171.2,170.77,70.1,-25.7,-30.84,1,open
2023-10-06,171.44,170.34,70.0,-64.2,-77.0,1,open
2023-10-10,174.04,174.28,68.9,13.2,15.86,1,open
2023-10-11,175.98,176.09,68.2,5.7,6.82,1,open
2023-10-12,175.66,175.8,68.3,8.0,9.56,1,open
2023-10-13,171.81,172.31,69.8,29.7,35.62,1,open
2023-10-17,173.01,171.91,69.4,-64.2,-76.99,1,open
2023-10-18,175.01,173.6,68.6,-80.6,-96.68,1,open
2023-10-19,171.32,170.83,70.0,-29.2,-35.02,1,open
2023-10-20,168.69,168.62,71.1,-4.1,-4.98,1,open
2023-10-24,165.12,166.41,72.7,78.1,93.75,1,open
2023-10-25,166.47,164.97,72.1,-89.5,-107.41,1,open
2023-10-26,163.75,164.18,73.3,26.3,31.51,1,open
2023-10-27,164.19,164.49,73.1,18.3,21.93,1,open
2023-10-31,163.17,163.37,73.5,11.6,13.97,1,open
2023-11-01,164.63,164.43,72.9,-12.8,-15.31,1,open
2023-11-02,165.47,167.72,72.5,136.0,163.18,1,open
2023-11-03,169.91,172.77,70.6,167.7,201.28,1,open
2023-11-07,172.4,171.53,69.6,-50.5,-60.56,1,open
2023-11-08,171.88,171.66,69.8,-13.4,-16.06,1,open
2023-11-09,169.91,171.0,70.6,63.6,76.27,1,open
2023-11-10,167.34,168.19,71.7,50.2,60.23,1,open
2023-11-14,169.19,174.19,70.9,295.5,354.62,1,open
2023-11-15,178.47,178.31,67.2,-8.4,-10.09,1,open
2023-11-16,178.81,178.1,67.1,-39.7,-47.65,1,open
2023-11-17,176.03,177.41,68.2,78.4,94.07,1,open
2023-11-21,179.35,178.21,66.9,-64.1,-76.94,1,open
2023-11-22,177.06,178.15,67.8,61.0,73.19,1,open
2023-11-24,178.16,178.02,67.4,-8.4,-10.1,1,open
2023-11-28,178.78,178.52,67.1,-14.5,-17.45,1,open
2023-11-29,178.04,179.52,67.4,82.6,99.08,1,open
2023-11-30,178.98,180.02,67.0,57.5,69.06,1,open
2023-12-01,179.6,179.16,66.8,-25.1,-30.07,1,open
2023-12-05,186.91,186.02,64.2,-47.9,-57.46,1,open
2023-12-06,184.44,185.69,65.1,67.8,81.33,1,open
2023-12-07,184.0,184.3,65.2,15.8,18.91,1,open
2023-12-08,185.5,185.12,64.7,-21.0,-25.23,1,open
2023-12-12,187.19,186.94,64.1,-13.4,-16.03,1,open
2023-12-13,187.01,187.06,64.2,2.7,3.21,1,open
2023-12-14,193.63,196.84,62.0,165.3,198.31,1,open
2023-12-15,198.76,198.91,60.4,7.5,9.06,1,open
2023-12-19,197.12,198.44,60.9,67.5,80.97,1,open
2023-12-20,201.01,199.83,59.7,-59.2,-71.04,1,open
2023-12-21,196.29,198.44,61.1,109.5,131.43,1,open
2023-12-22,199.78,200.84,60.1,53.1,63.67,1,open
2023-12-27,204.03,204.43,58.8,19.1,22.94,1,open
2023-12-28,204.76,203.75,58.6,-49.3,-59.19,1,open
2023-12-29,204.01,203.44,58.8,-27.9,-33.53,1,open
2024-01-03,199.59,197.37,60.1,-111.7,-134.07,1,open
2024-01-04,194.19,194.03,61.8,-8.2,-9.89,1,open
2024-01-05,193.9,192.65,61.9,-64.5,-77.36,1,open
2024-01-09,196.97,194.31,60.9,-134.5,-161.45,1,open
2024-01-10,195.0,194.71,61.5,-15.4,-18.46,1,open
2024-01-11,195.07,194.44,61.5,-32.8,-39.37,1,open
2024-01-12,193.66,195.87,62.0,114.1,136.94,1,open
2024-01-17,190.94,188.1,62.8,-148.7,-178.48,1,open
2024-01-18,189.5,190.68,63.3,62.3,74.72,1,open
2024-01-19,190.66,191.25,62.9,30.4,36.5,1,open
2024-01-23,196.63,198.21,61.0,79.8,95.81,1,open
2024-01-24,195.95,198.34,61.2,121.9,146.3,1,open
2024-01-25,194.34,197.08,61.7,140.5,168.57,1,open
2024-01-26,195.94,196.88,61.2,47.5,56.95,1,open
2024-01-30,199.41,198.35,60.2,-52.7,-63.19,1,open
2024-01-31,197.72,197.16,60.7,-27.8,-33.38,1,open
2024-02-01,192.84,194.28,62.2,74.7,89.61,1,open
2024-02-02,195.63,193.21,61.3,-124.2,-149.05,1,open
2024-02-06,191.92,191.66,62.5,-13.5,-16.26,1,open
2024-02-07,193.65,194.03,62.0,19.6,23.55,1,open
2024-02-08,193.25,193.33,62.1,3.6,4.35,1,open
2024-02-09,196.25,196.88,61.1,32.6,39.13,1,open
2024-02-13,202.97,196.19,59.1,-334.0,-400.86,1,open
2024-02-14,194.72,197.65,61.6,150.5,180.57,1,open
2024-02-15,199.23,200.97,60.2,87.3,104.8,1,open
2024-02-16,204.41,202.09,58.7,-114.0,-136.78,1,open
2024-02-21,198.91,197.62,60.3,-64.4,-77.22,1,open
2024-02-22,197.97,198.59,60.6,30.8,36.97,1,open
2024-02-23,199.54,199.59,60.1,2.0,2.41,1,open
2024-02-27,201.23,203.06,59.6,90.4,108.53,1,open
2024-02-28,203.97,202.41,58.8,-77.0,-92.36,1,open
2024-02-29,202.43,205.15,59.3,134.1,160.94,1,open
2024-03-01,203.66,204.5,58.9,40.8,48.9,1,open
2024-03-05,205.72,204.27,58.3,-70.5,-84.58,1,open
2024-03-06,203.75,205.97,58.9,108.5,130.16,1,open
2024-03-07,205.22,206.66,58.5,70.2,84.2,1,open
2024-03-08,206.91,208.75,58.0,88.4,106.13,1,open
2024-03-12,205.25,205.12,58.5,-6.3,-7.6,1,open
2024-03-13,205.0,204.83,58.5,-8.3,-9.95,1,open
2024-03-14,205.76,205.02,58.3,-36.4,-43.74,1,open
2024-03-15,202.0,201.22,59.4,-38.6,-46.34,1,open
2024-03-19,201.23,199.75,59.6,-74.0,-88.85,1,open
2024-03-20,202.16,201.47,59.4,-34.1,-40.96,1,open
2024-03-21,206.06,206.97,58.2,43.7,52.41,1,open
2024-03-22,207.95,207.81,57.7,-6.7,-8.08,1,open
2024-03-26,205.54,207.02,58.4,71.5,85.82,1,open
2024-03-27,205.17,206.77,58.5,77.5,92.99,1,open
2024-03-28,209.69,210.08,57.2,18.6,22.32,1,open
2024-04-01,210.34,210.75,57.0,19.5,23.39,1,open
2024-04-02,208.32,205.72,57.6,-125.3,-150.34,1,open
2024-04-03,204.57,203.34,58.7,-60.1,-72.15,1,open
2024-04-04,205.81,208.0,58.3,106.4,127.69,1,open
2024-04-05,203.75,203.1,58.9,-31.4,-37.69,1,open
2024-04-09,205.63,206.19,58.4,26.7,32.1,1,open
2024-04-10,206.41,201.15,58.1,-255.3,-306.37,1,open
2024-04-11,200.94,201.93,59.7,49.3,59.12,1,open
2024-04-12,202.37,201.19,59.3,-57.8,-69.38,1,open
2024-04-16,195.84,194.38,61.3,-74.5,-89.46,1,open
2024-04-17,195.12,196.44,61.5,67.1,80.56,1,open
2024-04-18,193.09,193.68,62.1,30.6,36.67,1,open
2024-04-19,192.81,191.9,62.2,-47.7,-57.26,1,open
2024-04-23,195.26,195.22,61.5,-2.0,-2.46,1,open
2024-04-24,198.56,198.13,60.4,-21.2,-25.38,1,open
2024-04-25,197.72,195.41,60.7,-116.8,-140.2,1,open
2024-04-26,196.53,196.97,61.1,22.4,26.87,1,open
2024-04-30,199.97,198.06,60.0,-95.0,-114.02,1,open
2024-05-01,195.88,195.84,61.3,-2.0,-2.45,1,open
2024-05-02,196.3,198.75,61.1,124.6,149.47,1,open
2024-05-03,200.01,203.38,60.0,168.0,201.58,1,open
2024-05-07,204.47,204.74,58.7,12.7,15.26,1,open
2024-05-08,204.94,202.69,58.6,-109.8,-131.74,1,open
2024-05-09,203.85,203.99,58.9,6.4,7.65,1,open
2024-05-10,205.84,206.31,58.3,23.3,27.98,1,open
2024-05-14,204.75,207.09,58.6,113.8,136.55,1,open
2024-05-15,206.91,209.18,58.0,109.7,131.65,1,open
2024-05-16,209.38,208.87,57.3,-24.4,-29.23,1,open
2024-05-17,208.03,207.97,57.7,-2.9,-3.46,1,open
2024-05-21,208.65,207.8,57.5,-40.7,-48.89,1,open
2024-05-22,208.38,207.56,57.6,-38.9,-46.65,1,open
2024-05-23,206.66,207.47,58.1,39.7,47.62,1,open
2024-05-24,203.28,204.75,59.0,72.3,86.77,1,open
2024-05-29,205.22,202.47,58.5,-133.5,-160.22,1,open
2024-05-30,202.2,203.49,59.3,63.3,75.96,1,open
2024-05-31,204.09,204.91,58.8,40.7,48.8,1,open
2024-06-04,204.69,203.18,58.6,-74.3,-89.11,1,open
2024-06-05,201.95,203.24,59.4,63.4,76.06,1,open
2024-06-06,205.04,204.13,58.5,-44.4,-53.26,1,open
2024-06-07,203.59,201.47,58.9,-103.6,-124.37,1,open
2024-06-11,201.97,199.6,59.4,-117.3,-140.81,1,open
2024-06-12,200.62,205.83,59.8,259.2,311.03,1,open
2024-06-13,203.81,203.22,58.9,-28.9,-34.74,1,open
2024-06-14,201.94,199.53,59.4,-119.3,-143.21,1,open
2024-06-18,200.48,200.41,59.9,-3.5,-4.19,1,open
2024-06-20,200.81,200.25,59.8,-27.9,-33.46,1,open
2024-06-21,199.91,199.88,60.0,-1.0,-1.2,1,open
2024-06-25,201.22,201.06,59.6,-7.5,-8.95,1,open
2024-06-26,200.54,199.28,59.8,-62.8,-75.39,1,open
2024-06-27,200.1,200.6,60.0,25.0,29.98,1,open
2024-06-28,202.13,203.84,59.4,84.6,101.52,1,open
2024-07-02,201.26,201.49,59.6,10.9,13.12,1,open
2024-07-03,201.84,202.25,59.5,19.8,23.78,1,open
2024-07-05,201.98,201.18,59.4,-40.1,-48.12,1,open
2024-07-09,202.26,201.88,59.3,-18.8,-22.54,1,open
2024-07-10,201.41,202.27,59.6,42.7,51.24,1,open
2024-07-11,203.42,207.87,59.0,218.3,261.91,1,open
2024-07-12,210.78,212.88,56.9,100.1,120.13,1,open
2024-07-16,217.16,219.1,55.3,89.3,107.2,1,open
2024-07-17,224.59,222.34,53.4,-100.6,-120.75,1,open
2024-07-18,222.35,221.38,54.0,-44.1,-52.89,1,open
2024-07-19,218.03,217.62,55.0,-18.3,-22.02,1,open
2024-07-23,220.28,219.16,54.5,-50.8,-61.01,1,open
2024-07-24,222.6,221.02,53.9,-71.4,-85.71,1,open
2024-07-25,217.94,218.44,55.1,22.5,26.98,1,open
2024-07-26,220.53,223.87,54.4,151.0,181.2,1,open
2024-07-30,221.81,222.68,54.1,39.2,47.07,1,open
2024-07-31,222.56,223.68,53.9,49.9,59.85,1,open
2024-08-01,223.97,223.74,53.6,-10.3,-12.32,1,open
2024-08-02,216.67,208.81,55.4,-362.8,-435.31,1,open
2024-08-06,202.34,202.97,59.3,31.1,37.36,1,open
2024-08-07,204.48,207.81,58.7,162.8,195.42,1,open
2024-08-08,202.09,204.38,59.4,113.8,136.58,1,open
2024-08-09,206.9,207.02,58.0,5.8,6.96,1,open
2024-08-13,204.66,206.06,58.6,68.4,82.09,1,open
2024-08-14,207.94,208.59,57.7,31.7,38.09,1,open
2024-08-15,206.69,211.22,58.1,219.2,263.0,1,open
2024-08-16,212.07,211.34,56.6,-34.9,-41.87,1,open
2024-08-20,215.22,214.85,55.8,-17.2,-20.63,1,open
2024-08-21,212.78,214.25,56.4,68.6,82.34,1,open
2024-08-22,215.5,215.53,55.7,1.4,1.67,1,open
2024-08-23,213.62,215.15,56.2,71.2,85.38,1,open
2024-08-27,220.45,218.88,54.4,-71.7,-86.0,1,open
2024-08-28,218.79,217.84,54.8,-43.9,-52.65,1,open
2024-08-29,217.34,218.75,55.2,64.4,77.3,1,open
2024-08-30,218.78,219.68,54.9,41.1,49.37,1,open
2024-09-04,213.42,212.72,56.2,-32.8,-39.36,1,open
2024-09-05,213.0,213.5,56.3,23.9,28.73,1,open
2024-09-06,211.92,211.91,56.6,-0.5,-0.57,1,open
2024-09-10,208.51,208.69,57.5,8.2,9.78,1,open
2024-09-11,208.38,207.41,57.6,-46.6,-55.86,1,open
2024-09-12,208.92,209.88,57.4,45.5,54.57,1,open
2024-09-13,211.66,214.0,56.7,110.1,132.1,1,open
2024-09-17,217.69,219.55,55.1,85.0,101.98,1,open
2024-09-18,219.38,219.19,54.7,-8.7,-10.39,1,open
2024-09-19,219.44,224.62,54.7,236.5,283.82,1,open
2024-09-20,224.0,223.41,53.6,-26.3,-31.61,1,open
2024-09-24,220.81,221.59,54.3,35.8,42.93,1,open
2024-09-25,221.16,220.28,54.3,-39.3,-47.21,1,open
2024-09-26,217.76,220.46,55.1,123.5,148.23,1,open
2024-09-27,218.85,220.83,54.8,90.0,108.02,1,open
2024-10-01,220.98,220.13,54.3,-38.5,-46.16,1,open
2024-10-02,217.91,216.96,55.1,-43.6,-52.32,1,open
2024-10-03,217.6,216.19,55.1,-64.8,-77.76,1,open
2024-10-04,216.15,219.25,55.5,143.9,172.66,1,open
2024-10-08,217.48,217.59,55.2,5.1,6.07,1,open
2024-10-09,217.65,217.5,55.1,-6.9,-8.27,1,open
2024-10-10,218.13,215.87,55.0,-104.1,-124.88,1,open
2024-10-11,216.84,216.74,55.3,-4.6,-5.53,1,open
2024-10-15,222.98,222.53,53.8,-20.2,-24.22,1,open
2024-10-16,223.1,224.85,53.8,78.4,94.13,1,open
2024-10-17,226.75,226.88,52.9,5.3,6.35,1,open
2024-10-18,226.12,226.62,53.1,22.6,27.07,1,open
2024-10-22,222.12,221.44,54.0,-31.1,-37.28,1,open
2024-10-23,221.26,220.0,54.2,-57.4,-68.88,1,open
2024-10-24,219.31,220.4,54.7,49.2,59.09,1,open
2024-10-25,219.78,221.28,54.6,67.8,81.35,1,open
2024-10-29,222.53,220.71,53.9,-81.8,-98.15,1,open
2024-10-30,221.84,221.03,54.1,-36.1,-43.28,1,open
2024-10-31,221.53,221.19,54.2,-15.3,-18.42,1,open
2024-11-01,217.75,219.47,55.1,79.0,94.79,1,open
2024-11-05,220.12,219.31,54.5,-37.3,-44.7,1,open
2024-11-06,224.29,236.58,53.5,547.5,656.99,1,open
2024-11-07,237.26,236.85,50.6,-17.3,-20.74,1,open
2024-11-08,236.34,235.9,50.8,-19.0,-22.85,1,open
2024-11-12,241.72,239.93,49.6,-74.1,-88.86,1,open
2024-11-13,237.45,238.91,50.5,61.5,73.78,1,open
2024-11-14,235.17,235.84,51.0,28.5,34.19,1,open
2024-11-15,232.0,232.19,51.7,8.2,9.83,1,open
2024-11-19,228.98,226.56,52.4,-106.1,-127.34,1,open
2024-11-20,230.67,230.19,52.0,-20.8,-24.97,1,open
2024-11-21,230.91,232.12,52.0,52.8,63.4,1,open
2024-11-22,234.54,235.6,51.2,45.2,54.23,1,open
2024-11-26,242.4,241.15,49.5,-51.6,-61.88,1,open
2024-11-27,240.63,241.97,49.9,55.7,66.82,1,open
2024-11-29,240.98,242.34,49.8,56.0,67.22,1,open
2024-12-03,241.85,241.5,49.6,-14.3,-17.12,1,open
2024-12-04,240.12,240.25,50.0,5.0,6.0,1,open
2024-12-05,240.95,240.49,49.8,-19.5,-23.41,1,open
2024-12-06,238.09,239.75,50.4,70.1,84.17,1,open
2024-12-10,237.75,237.55,50.5,-8.8,-10.6,1,open
2024-12-11,236.81,238.68,50.7,79.0,94.76,1,open
2024-12-12,237.84,237.12,50.5,-30.3,-36.33,1,open
2024-12-13,234.69,234.34,51.1,-14.9,-17.9,1,open
2024-12-17,234.53,232.63,51.2,-80.6,-96.71,1,open
2024-12-18,231.09,232.21,51.9,48.0,57.64,1,open
2024-12-19,220.96,223.22,54.3,102.2,122.68,1,open
2024-12-20,219.95,218.56,54.6,-63.2,-75.83,1,open
2024-12-24,221.41,221.99,54.2,26.2,31.44,1,open
2024-12-26,223.23,222.38,53.8,-38.1,-45.69,1,open
2024-12-27,225.76,224.22,53.2,-68.2,-81.86,1,open
2024-12-31,220.7,222.09,54.4,62.5,75.03,1,open
2025-01-02,220.98,222.9,54.3,86.4,103.72,1,open
2025-01-03,221.16,222.03,54.3,39.3,47.2,1,open
2025-01-07,224.56,225.5,53.4,41.9,50.23,1,open
2025-01-08,222.78,220.87,53.9,-85.7,-102.88,1,open
2025-01-10,221.75,218.28,54.1,-156.9,-188.32,1,open
2025-01-14,217.32,219.13,55.2,83.3,99.94,1,open
2025-01-15,219.79,225.41,54.6,255.2,306.29,1,open
2025-01-16,224.12,224.16,53.5,1.3,1.61,1,open
2025-01-17,224.5,226.9,53.5,106.5,127.75,1,open
2025-01-22,229.88,229.31,52.2,-24.4,-29.23,1,open
2025-01-23,228.29,226.9,52.6,-61.3,-73.59,1,open
2025-01-24,229.35,228.78,52.3,-24.4,-29.31,1,open
2025-01-28,226.57,226.72,53.0,6.2,7.41,1,open
2025-01-29,226.81,226.65,52.9,-7.1,-8.47,1,open
2025-01-30,226.28,228.49,53.0,97.2,116.67,1,open
2025-01-31,228.56,228.72,52.5,7.0,8.4,1,open
2025-02-04,223.88,223.56,53.6,-14.3,-17.15,1,open
2025-02-05,226.94,228.03,52.9,48.0,57.64,1,open
2025-02-06,229.47,230.47,52.3,43.6,52.29,1,open
2025-02-07,228.7,228.81,52.5,4.8,5.77,1,open
2025-02-11,227.06,225.02,52.8,-90.3,-108.34,1,open
2025-02-12,225.74,222.22,53.2,-155.7,-186.85,1,open
2025-02-13,223.7,225.0,53.6,58.1,69.73,1,open
2025-02-14,226.15,227.24,53.1,48.2,57.84,1,open
2025-02-19,227.25,225.38,52.8,-82.7,-99.27,1,open
2025-02-20,226.44,225.97,53.0,-20.8,-24.91,1,open
2025-02-21,224.32,225.97,53.5,73.1,87.73,1,open
2025-02-25,216.25,216.34,55.5,3.7,4.44,1,open
2025-02-26,215.47,216.03,55.7,26.0,31.19,1,open
2025-02-27,215.73,215.6,55.6,-6.0,-7.23,1,open
2025-02-28,212.44,211.6,56.5,-39.1,-46.88,1,open
2025-03-04,208.82,205.9,57.5,-140.3,-168.37,1,open
2025-03-05,206.47,206.41,58.1,-2.4,-2.91,1,open
2025-03-06,208.56,205.75,57.5,-135.2,-162.25,1,open
2025-03-07,205.29,204.94,58.5,-17.5,-21.04,1,open
2025-03-11,200.75,201.09,59.8,16.9,20.32,1,open
2025-03-12,200.82,203.02,59.8,109.1,130.86,1,open
2025-03-13,201.16,201.24,59.7,4.0,4.77,1,open
2025-03-14,198.12,200.25,60.6,107.5,129.02,1,open
2025-03-18,205.41,203.81,58.4,-77.4,-92.89,1,open
2025-03-19,203.28,203.31,59.0,1.5,1.77,1,open
2025-03-20,206.42,204.28,58.1,-103.7,-124.4,1,open
2025-03-21,205.12,202.72,58.5,-117.0,-140.4,1,open
2025-03-25,208.94,208.66,57.4,-13.9,-16.66,1,open
2025-03-26,207.78,207.93,57.8,7.2,8.66,1,open
2025-03-27,205.59,205.33,58.4,-13.1,-15.76,1,open
2025-03-28,204.66,204.5,58.6,-7.8,-9.38,1,open
2025-04-01,199.57,198.96,60.1,-31.1,-37.28,1,open
2025-04-02,199.56,196.75,60.1,-140.8,-168.98,1,open
2025-04-03,202.73,193.08,59.2,-476.5,-571.78,1,open
2025-04-04,189.62,182.58,63.3,-371.3,-445.53,1,open
2025-04-08,179.62,185.66,66.8,335.7,402.84,1,open
2025-04-09,174.87,172.69,68.6,-124.7,-149.6,1,open
2025-04-10,189.81,184.53,63.2,-278.7,-334.43,1,open
2025-04-11,181.84,181.1,66.0,-40.7,-48.83,1,open
2025-04-15,186.59,186.31,64.3,-15.5,-18.65,1,open
2025-04-16,186.78,185.66,64.2,-59.4,-71.32,1,open
2025-04-17,184.97,184.96,64.9,-0.5,-0.65,1,open
2025-04-21,186.6,184.97,64.3,-87.9,-105.46,1,open
2025-04-22,182.78,185.12,65.7,128.0,153.63,1,open
2025-04-23,187.54,192.9,64.0,285.3,342.32,1,open
2025-04-24,190.22,190.72,63.1,26.8,32.17,1,open
2025-04-25,194.09,192.69,61.8,-72.1,-86.56,1,open
2025-04-29,194.95,194.41,61.6,-27.7,-33.24,1,open
2025-04-30,196.1,193.1,61.2,-153.0,-183.58,1,open
2025-05-01,194.76,195.68,61.6,46.7,56.07,1,open
2025-05-02,196.11,198.3,61.2,111.4,133.7,1,open
2025-05-06,199.03,196.56,60.3,-124.1,-148.93,1,open
2025-05-07,196.81,198.06,61.0,63.5,76.21,1,open
2025-05-08,197.44,199.74,60.8,116.5,139.79,1,open
2025-05-09,201.26,201.5,59.6,11.9,14.31,1,open
2025-05-13,207.94,208.9,57.7,45.7,54.82,1,open
2025-05-14,208.7,208.0,57.5,-33.5,-40.25,1,open
2025-05-15,206.84,206.53,58.0,-15.0,-17.98,1,open
2025-05-16,208.19,208.38,57.6,9.6,11.53,1,open
2025-05-20,209.0,208.62,57.4,-18.2,-21.82,1,open
2025-05-21,209.11,206.59,57.4,-120.3,-144.33,1,open
2025-05-22,203.25,202.25,59.0,-48.7,-58.45,1,open
2025-05-23,203.26,199.75,59.0,-173.2,-207.81,1,open
2025-05-28,207.73,207.66,57.8,-3.4,-4.04,1,open
2025-05-29,205.56,206.91,58.4,66.2,79.39,1,open
2025-05-30,206.19,205.1,58.2,-52.4,-62.86,1,open
2025-06-03,205.79,206.43,58.3,30.6,36.74,1,open
2025-06-04,209.09,209.15,57.4,2.4,2.87,1,open
2025-06-05,208.47,208.66,57.6,8.6,10.36,1,open
2025-06-06,208.55,211.47,57.5,139.8,167.73,1,open
2025-06-10,213.34,214.43,56.2,50.6,60.75,1,open
2025-06-11,214.54,215.55,55.9,46.6,55.93,1,open
2025-06-12,213.67,212.13,56.2,-72.1,-86.49,1,open
2025-06-13,212.84,209.81,56.4,-142.4,-170.84,1,open
2025-06-17,210.78,209.03,56.9,-83.0,-99.63,1,open
2025-06-18,208.54,208.41,57.5,-6.7,-8.06,1,open
2025-06-20,209.66,211.06,57.2,67.3,80.7,1,open
2025-06-24,211.79,213.25,56.7,68.9,82.72,1,open
2025-06-25,214.46,214.62,56.0,7.5,8.95,1,open
2025-06-26,212.06,212.8,56.6,34.4,41.31,1,open
2025-06-27,215.44,216.03,55.7,27.4,32.86,1,open
2025-07-01,215.84,214.59,55.6,-58.4,-70.05,1,open
2025-07-02,218.06,218.34,55.0,12.4,14.86,1,open
2025-07-03,221.07,222.0,54.3,41.6,49.94,1,open
2025-07-07,223.12,221.53,53.8,-71.3,-85.51,1,open
2025-07-08,219.81,220.55,54.6,33.4,40.13,1,open
2025-07-09,221.31,222.53,54.2,55.6,66.7,1,open
2025-07-10,223.66,223.34,53.7,-14.3,-17.17,1,open
2025-07-11,224.81,223.13,53.4,-74.7,-89.67,1,open
2025-07-15,223.25,224.03,53.8,35.4,42.46,1,open
2025-07-16,218.91,220.19,54.8,58.5,70.17,1,open
2025-07-17,221.06,221.05,54.3,-0.5,-0.54,1,open
2025-07-18,223.91,225.25,53.6,60.3,72.35,1,open
2025-07-22,221.49,221.59,54.2,4.5,5.39,1,open
2025-07-23,223.29,224.78,53.7,66.7,80.07,1,open
2025-07-24,226.72,225.48,52.9,-54.5,-65.37,1,open
2025-07-25,223.62,224.38,53.7,34.4,41.32,1,open
2025-07-29,224.19,225.58,53.5,61.6,73.86,1,open
2025-07-30,222.72,223.62,53.9,40.9,49.03,1,open
2025-07-31,221.62,220.42,54.1,-53.9,-64.71,1,open
2025-08-01,219.47,216.19,54.7,-149.5,-179.35,1,open
2025-08-05,219.72,220.53,54.6,36.4,43.69,1,open
2025-08-06,220.9,220.91,54.3,0.9,1.09,1,open
2025-08-07,220.62,222.72,54.4,95.6,114.77,1,open
2025-08-08,219.9,221.03,54.6,51.8,62.21,1,open
2025-08-12,220.32,221.81,54.5,67.6,81.15,1,open
2025-08-13,226.81,228.22,52.9,62.2,74.6,1,open
2025-08-14,231.28,228.41,51.9,-124.5,-149.43,1,open
2025-08-15,228.25,228.6,52.6,15.8,18.93,1,open
2025-08-19,228.03,227.99,52.6,-1.8,-2.11,1,open
2025-08-20,226.23,225.9,53.0,-15.0,-18.03,1,open
2025-08-21,225.47,224.38,53.2,-48.3,-58.01,1,open
2025-08-22,226.03,227.34,53.1,58.0,69.55,1,open
2025-08-26,232.42,232.8,51.6,15.9,19.1,1,open
2025-08-27,234.31,233.71,51.2,-25.6,-30.73,1,open
2025-08-28,235.98,236.94,50.9,40.3,48.31,1,open
2025-08-29,236.28,236.72,50.8,18.6,22.35,1,open
2025-09-03,233.94,233.24,51.3,-30.3,-36.42,1,open
2025-09-04,233.72,234.21,51.3,20.5,24.64,1,open
2025-09-05,236.62,237.69,50.7,45.2,54.27,1,open
2025-09-09,238.29,237.87,50.4,-18.0,-21.65,1,open
2025-09-10,236.87,237.28,50.7,17.3,20.77,1,open
2025-09-11,236.44,236.81,50.8,15.6,18.78,1,open
2025-09-12,240.79,240.16,49.8,-26.2,-31.4,1,open
2025-09-16,239.38,238.41,50.1,-40.1,-48.13,1,open
2025-09-17,238.31,238.78,50.4,20.1,24.17,1,open
2025-09-18,238.94,240.77,50.2,76.2,91.4,1,open
2025-09-19,244.85,245.49,49.0,25.7,30.88,1,open
2025-09-23,244.41,244.97,49.1,22.9,27.49,1,open
2025-09-24,243.91,243.87,49.2,-1.6,-1.97,1,open
2025-09-25,241.65,238.94,49.7,-111.7,-134.08,1,open
2025-09-26,239.34,239.59,50.1,10.4,12.53,1,open
2025-09-30,241.62,241.08,49.7,-22.8,-27.32,1,open
2025-10-01,242.0,240.53,49.6,-60.3,-72.4,1,open
2025-10-02,242.56,242.97,49.5,16.5,19.79,1,open
2025-10-03,244.03,245.31,49.2,52.5,62.94,1,open
2025-10-07,246.84,247.33,48.6,19.9,23.82,1,open
2025-10-08,244.19,245.25,49.1,43.4,52.09,1,open
2025-10-09,246.72,246.28,48.6,-17.8,-21.4,1,open
2025-10-10,245.16,245.72,48.9,22.8,27.41,1,open
2025-10-14,244.41,241.19,49.1,-131.3,-157.61,1,open
2025-10-15,247.91,250.33,48.4,97.6,117.14,1,open
2025-10-16,250.38,250.94,47.9,22.4,26.84,1,open
2025-10-17,245.1,243.28,49.0,-74.7,-89.59,1,open
2025-10-21,248.16,247.4,48.4,-31.0,-37.23,1,open
2025-10-22,247.01,245.97,48.6,-42.1,-50.52,1,open
2025-10-23,243.4,244.25,49.3,35.3,42.4,1,open
2025-10-24,246.42,249.78,48.7,135.9,163.13,1,open
2025-10-28,250.34,249.52,47.9,-33.2,-39.79,1,open
2025-10-29,248.95,248.8,48.2,-6.4,-7.71,1,open
2025-10-30,246.91,245.25,48.6,-67.6,-81.16,1,open
2025-10-31,244.88,244.96,49.0,3.3,3.92,1,open
2025-11-04,245.45,241.75,48.9,-150.7,-180.89,1,open
2025-11-05,241.25,241.91,49.7,27.8,33.33,1,open
2025-11-06,244.75,244.22,49.0,-21.2,-25.5,1,open
2025-11-07,240.38,238.38,49.9,-83.6,-100.34,1,open
2025-11-11,244.05,243.34,49.2,-29.3,-35.16,1,open
2025-11-12,244.28,244.81,49.1,21.3,25.54,1,open
2025-11-13,243.67,241.8,49.2,-77.2,-92.58,1,open
2025-11-14,236.84,233.31,50.7,-149.0,-178.86,1,open
2025-11-18,232.81,231.28,51.5,-66.1,-79.38,1,open
2025-11-19,233.5,233.75,51.4,11.1,13.36,1,open
2025-11-20,233.5,237.21,51.4,158.9,190.67,1,open
2025-11-21,229.16,229.93,52.4,33.2,39.8,1,open
2025-11-25,239.93,240.71,50.0,32.3,38.76,1,open
2025-11-26,245.16,245.02,48.9,-6.1,-7.34,1,open
2025-11-28,247.35,247.97,48.5,25.1,30.08,1,open
2025-12-02,245.69,247.34,48.8,67.2,80.59,1,open
2025-12-03,245.22,245.94,48.9,29.4,35.23,1,open
2025-12-04,249.66,248.94,48.1,-29.2,-35.09,1,open
2025-12-05,251.85,251.45,47.6,-16.1,-19.3,1,open
2025-12-09,250.92,250.22,47.8,-28.3,-33.95,1,open
2025-12-10,251.41,250.85,47.7,-21.9,-26.25,1,open
2025-12-11,254.84,254.62,47.1,-8.6,-10.36,1,open
2025-12-12,257.85,257.91,46.5,2.7,3.26,1,open
2025-12-16,251.97,250.3,47.6,-66.3,-79.53,1,open
2025-12-17,249.92,250.34,48.0,16.6,19.93,1,open
2025-12-18,247.23,250.15,48.5,117.7,141.24,1,open
2025-12-19,248.75,249.24,48.2,19.7,23.64,1,open
2025-12-23,253.62,252.38,47.3,-48.9,-58.67,1,open
2025-12-24,252.1,251.94,47.6,-6.7,-8.09,1,open
2025-12-26,252.34,252.56,47.6,8.3,9.99,1,open
2025-12-30,249.91,249.94,48.0,1.2,1.44,1,open
2025-12-31,248.07,248.13,48.4,2.4,2.9,1,open
2026-01-02,246.22,247.59,48.7,55.2,66.28,1,open
2026-01-06,252.78,252.21,47.5,-22.5,-27.06,1,open
2026-01-07,256.12,256.36,46.9,9.8,11.71,1,open
2026-01-08,255.5,254.66,47.0,-32.9,-39.45,1,open
2026-01-09,258.31,259.54,46.5,47.6,57.14,1,open
2026-01-13,261.54,262.38,45.9,32.5,39.0,1,open
2026-01-14,261.4,261.09,45.9,-11.5,-13.77,1,open
2026-01-15,263.25,264.02,45.6,29.4,35.33,1,open
2026-01-16,265.55,265.84,45.2,11.3,13.56,1,open
2026-01-21,262.68,264.6,45.7,73.5,88.17,1,open
2026-01-22,267.8,269.79,44.8,74.7,89.62,1,open
2026-01-23,269.85,269.0,44.5,-31.1,-37.35,1,open
2026-01-27,264.01,264.01,45.5,0.4,0.45,1,open
2026-01-28,264.75,265.94,45.3,45.3,54.39,1,open
2026-01-29,263.35,264.03,45.6,26.2,31.44,1,open
2026-01-30,263.41,261.03,45.6,-90.0,-107.97,1,open
2026-02-03,262.19,263.02,45.8,32.0,38.45,1,open
2026-02-04,262.86,264.15,45.7,49.5,59.35,1,open
2026-02-05,260.56,258.46,46.1,-80.2,-96.26,1,open
2026-02-06,255.87,259.7,46.9,150.1,180.09,1,open
2026-02-10,266.9,267.19,45.0,11.2,13.49,1,open
2026-02-11,266.21,268.44,45.1,83.8,100.52,1,open
2026-02-12,264.99,266.98,45.3,75.5,90.57,1,open
2026-02-13,259.6,260.56,46.2,37.4,44.84,1,open
2026-02-18,263.08,262.99,45.6,-3.0,-3.65,1,open
2026-02-19,264.04,262.53,45.4,-56.8,-68.17,1,open
2026-02-20,264.64,262.8,45.3,-69.2,-82.98,1,open
2026-02-24,260.54,260.36,46.1,-6.5,-7.83,1,open
2026-02-25,263.36,265.21,45.6,70.6,84.75,1,open
2026-02-26,264.6,264.97,45.4,14.2,17.01,1,open
2026-02-27,265.98,262.06,45.1,-147.2,-176.63,1,open
2026-03-03,263.86,256.76,45.5,-268.7,-322.45,1,open
2026-03-04,259.29,261.16,46.3,72.5,87.01,1,open
2026-03-05,261.78,258.95,45.8,-107.7,-129.27,1,open
2026-03-06,256.84,251.46,46.7,-209.5,-251.37,1,open
2026-03-10,253.65,252.93,47.3,-28.4,-34.06,1,open
2026-03-11,253.41,252.31,47.4,-43.8,-52.56,1,open
2026-03-12,252.88,248.91,47.5,-157.4,-188.86,1,open
2026-03-13,247.47,249.22,48.5,70.7,84.86,1,open
2026-03-17,248.95,249.88,48.2,37.0,44.35,1,open
2026-03-18,250.12,248.38,48.0,-69.6,-83.48,1,open
2026-03-19,246.07,243.0,48.8,-125.2,-150.2,1,open
2026-03-20,247.66,246.94,48.5,-29.1,-34.89,1,open
2026-03-24,247.47,245.47,48.5,-81.2,-97.46,1,open
2026-03-25,248.82,251.71,48.2,115.7,138.89,1,open
2026-03-26,251.88,248.85,47.6,-120.3,-144.35,1,open
2026-03-27,247.44,245.97,48.5,-59.4,-71.29,1,open
2026-03-31,239.63,243.0,50.1,140.6,168.76,1,open
2026-04-01,248.0,249.88,48.4,76.2,91.45,1,open
2026-04-02,249.57,244.91,48.1,-187.1,-224.54,1,open
2026-04-06,251.28,250.96,47.8,-13.1,-15.76,1,open
2026-04-07,252.41,251.18,47.5,-48.7,-58.48,1,open
2026-04-08,252.97,261.48,47.4,336.8,404.17,1,open
2026-04-09,260.48,258.74,46.1,-66.4,-79.7,1,open
2026-04-10,261.98,262.36,45.8,14.9,17.86,1,open
2026-04-14,265.09,267.05,45.3,74.3,89.18,1,open
2026-04-15,268.73,268.74,44.7,0.7,0.89,1,open
2026-04-16,269.45,269.41,44.5,-1.1,-1.34,1,open
2026-04-17,270.0,273.7,44.4,137.4,164.89,1,open
2026-04-21,277.39,278.15,43.3,27.8,33.31,1,open
2026-04-22,274.54,277.57,43.7,110.5,132.66,1,open
2026-04-23,276.52,276.69,43.4,6.5,7.81,1,open
2026-04-24,275.58,276.63,43.5,38.5,46.16,1,open
2026-04-28,277.15,276.01,43.3,-40.8,-48.93,1,open
2026-04-29,273.96,273.88,43.8,-2.6,-3.07,1,open
2026-04-30,272.11,273.09,44.1,36.4,43.66,1,open
2026-05-01,277.96,278.62,43.2,24.1,28.93,1,open
2026-05-05,277.97,280.1,43.2,77.0,92.39,1,open
2026-05-06,282.62,285.32,42.5,95.9,115.07,1,open
2026-05-07,286.85,287.5,41.8,23.0,27.61,1,open
2026-05-08,282.33,284.0,42.5,59.3,71.19,1,open
2026-05-12,285.42,284.0,42.0,-49.4,-59.28,1,open
2026-05-13,282.61,282.88,42.5,9.9,11.89,1,open
2026-05-14,282.72,283.8,42.4,38.6,46.27,1,open
2026-05-15,284.5,280.27,42.2,-148.3,-178.0,1,open
2026-05-19,276.03,273.77,43.5,-81.7,-98.03,1,open
2026-05-20,273.05,274.88,43.9,67.0,80.43,1,open
2026-05-21,279.88,278.61,42.9,-45.0,-54.02,1,open
2026-05-22,282.54,284.06,42.5,54.0,64.77,1,open
2026-05-27,290.55,291.14,41.3,20.5,24.57,1,open
2026-05-28,290.4,289.6,41.3,-27.2,-32.65,1,open
2026-05-29,292.06,291.33,41.1,-24.8,-29.79,1,open
2026-06-02,289.02,288.42,41.5,-20.4,-24.5,1,open
2026-06-03,291.68,289.95,41.1,-59.0,-70.76,1,open
2026-06-04,287.69,287.52,41.7,-5.6,-6.67,1,open
2026-06-05,292.01,289.03,41.1,-101.7,-122.05,1,open
2026-06-09,284.16,287.14,42.2,105.2,126.27,1,open
2026-06-10,285.02,284.56,42.1,-15.8,-18.95,1,open
2026-06-11,282.06,284.41,42.5,83.7,100.41,1,open
2026-06-12,290.42,291.59,41.3,40.6,48.76,1,open
2026-06-16,294.71,295.44,40.7,25.1,30.13,1,open
2026-06-17,292.17,292.44,41.1,9.2,11.09,1,open
2026-06-18,289.89,294.51,41.4,159.7,191.66,1,open
2026-06-22,295.56,297.03,40.6,50.1,60.09,1,open
2026-06-23,298.23,293.22,40.2,-167.7,-201.19,1,open
2026-06-24,295.35,295.84,40.6,16.9,20.32,1,open
2026-06-25,296.76,299.48,40.4,92.0,110.39,1,open
2026-06-26,298.87,296.56,40.2,-77.0,-92.35,1,open
2026-06-30,298.99,298.52,40.1,-15.4,-18.46,1,open
2026-07-01,300.46,299.78,39.9,-22.3,-26.76,1,open
2026-07-02,299.35,300.5,40.1,38.8,46.5,1,open
2026-07-06,297.56,297.71,40.3,5.0,6.05,1,open
2026-07-07,298.92,299.13,40.1,7.4,8.83,1,open
2026-07-08,296.24,293.99,40.5,-75.6,-90.74,1,open
2026-07-09,293.51,295.23,40.9,58.9,70.73,1,open
2026-07-10,297.3,297.65,40.4,12.1,14.53,1,open
2026-07-14,293.5,295.49,40.9,68.1,81.77,1,open
2026-07-15,294.53,295.21,40.7,23.4,28.11,1,open
2026-07-16,295.81,294.61,40.6,-40.2,-48.28,1,open
2026-07-17,295.66,291.99,40.6,-123.8,-148.55,1,open
2026-07-21,292.35,293.39,41.0,35.9,43.1,1,open
2026-07-22,296.55,295.66,40.5,-29.7,-35.61,1,open
2026-07-23,293.81,290.86,40.8,-100.1,-120.08,1,open
2026-07-24,292.14,293.38,41.1,42.4,50.94,1,open
2026-07-28,292.96,293.12,41.0,5.8,6.96,1,open
2026-07-29,293.4,292.45,40.9,-32.0,-38.45,1,open
2026-07-30,288.62,291.1,41.6,85.9,103.11,1,open
2026-07-31,292.58,293.52,41.0,32.5,38.96,1,open
2026-08-04,296.27,297.57,40.5,44.2,53.06,1,open
2026-08-05,301.72,302.39,39.8,22.5,27.05,1,open
2026-08-06,299.8,299.56,40.0,-7.7,-9.21,1,open
2026-08-07,298.28,300.42,40.2,71.9,86.29,1,open
2026-08-11,300.02,300.89,40.0,29.3,35.2,1,open
2026-08-12,301.04,302.98,39.9,64.8,77.73,1,open
2026-08-13,302.75,304.01,39.6,41.9,50.34,1,open
2026-08-14,303.53,303.24,39.5,-9.2,-11.07,1,open
2026-08-18,304.11,302.4,39.5,-55.9,-67.08,1,open
2026-08-19,300.3,302.85,40.0,85.2,102.3,1,open
2026-08-20,301.76,299.23,39.8,-83.5,-100.21,1,open
2026-08-21,297.72,299.82,40.3,70.9,85.05,1,open
2026-08-25,298.0,299.56,40.3,52.7,63.22,1,open
2026-08-26,299.29,298.6,40.1,-22.7,-27.26,1,open
2026-08-27,298.96,298.73,40.1,-7.4,-8.83,1,open
2026-08-28,299.86,299.66,40.0,-6.3,-7.6,1,open
2026-09-01,293.95,291.94,40.8,-68.4,-82.06,1,open
2026-09-02,290.64,291.51,41.3,30.3,36.33,1,open
2026-09-03,294.05,295.77,40.8,58.8,70.6,1,open
2026-09-04,295.22,293.66,40.6,-52.5,-63.0,1,open
