day,side,qty,entry_ts,entry_px,exit_ts,exit_px,stop_px,pnl,reason_in,reason_out
2016-01-07,-1,9,2016-01-07 13:00:00-06:00,194.435,2016-01-07 14:52:00-06:00,194.64499999999998,196.52,-18.9,short: close 194.48 < lower 194.97,flatten
2016-01-08,-1,14,2016-01-08 13:30:00-06:00,193.275,2016-01-08 14:52:00-06:00,192.075,194.54,168.0,short: close 193.32 < lower 193.33,flatten
2016-01-11,-1,14,2016-01-11 12:30:00-06:00,190.51500000000001,2016-01-11 14:27:00-06:00,191.885,191.84,-191.8,short: close 190.56 < lower 191.14,stop
2016-01-13,-1,13,2016-01-13 11:00:00-06:00,192.44500000000002,2016-01-13 14:52:00-06:00,188.74499999999998,193.82,481.0,short: close 192.50 < lower 192.67,flatten
2016-01-14,-1,21,2016-01-14 09:00:00-06:00,187.895,2016-01-14 09:13:00-06:00,188.80499999999998,188.76,-191.1,short: close 187.94 < lower 188.34,stop
2016-01-14,1,13,2016-01-14 10:00:00-06:00,190.885,2016-01-14 14:52:00-06:00,192.155,189.54,165.1,long: close 190.84 > upper 190.55,flatten
2016-01-20,-1,8,2016-01-20 09:00:00-06:00,184.095,2016-01-20 14:18:00-06:00,186.285,186.24,-175.2,short: close 184.15 < lower 184.38,stop
2016-01-21,-1,20,2016-01-21 09:00:00-06:00,185.06,2016-01-21 09:01:00-06:00,185.98499999999999,185.94,-185.0,short: close 185.11 < lower 185.12,stop
2016-01-21,1,18,2016-01-21 09:30:00-06:00,187.11499999999998,2016-01-21 13:18:00-06:00,186.055,186.1,-190.8,long: close 187.07 > upper 187.01,stop
2016-01-26,1,16,2016-01-26 09:30:00-06:00,189.475,2016-01-26 14:52:00-06:00,189.88500000000002,188.34,65.6,long: close 189.43 > upper 189.18,flatten
2016-01-27,-1,17,2016-01-27 09:30:00-06:00,188.625,2016-01-27 10:21:00-06:00,189.745,189.70000000000002,-190.4,short: close 188.66 < lower 188.81,stop
2016-01-29,1,18,2016-01-29 09:00:00-06:00,191.195,2016-01-29 14:52:00-06:00,193.555,190.17000000000002,424.8,long: close 191.15 > upper 190.60,flatten
2016-02-02,-1,12,2016-02-02 09:00:00-06:00,191.155,2016-02-02 14:52:00-06:00,190.36499999999998,192.62,94.8,short: close 191.19 < lower 191.36,flatten
2016-02-03,-1,12,2016-02-03 09:30:00-06:00,187.79500000000002,2016-02-03 10:29:00-06:00,189.345,189.3,-186.0,short: close 187.83 < lower 189.28,stop
2016-02-03,-1,12,2016-02-03 10:30:00-06:00,189.10500000000002,2016-02-03 13:28:00-06:00,190.685,190.64000000000001,-189.6,short: close 189.15 < lower 189.23,stop
2016-02-04,1,13,2016-02-04 10:00:00-06:00,192.725,2016-02-04 10:17:00-06:00,191.31500000000003,191.36,-183.3,long: close 192.69 > upper 192.32,stop
2016-02-05,-1,20,2016-02-05 09:00:00-06:00,190.04500000000002,2016-02-05 14:52:00-06:00,187.55499999999998,190.94,498.0,short: close 190.08 < lower 190.37,flatten
2016-02-08,-1,11,2016-02-08 09:00:00-06:00,184.525,2016-02-08 14:52:00-06:00,185.64,186.22,-122.65,short: close 184.58 < lower 185.16,flatten
2016-02-17,1,10,2016-02-17 10:00:00-06:00,192.58499999999998,2016-02-17 14:52:00-06:00,192.81500000000003,190.83,23.0,long: close 192.55 > upper 192.22,flatten
2016-02-23,-1,13,2016-02-23 10:00:00-06:00,192.875,2016-02-23 14:52:00-06:00,192.755,194.3,15.6,short: close 192.92 < lower 192.97,flatten
2016-02-24,-1,11,2016-02-24 09:00:00-06:00,189.75500000000002,2016-02-24 11:05:00-06:00,191.42499999999998,191.38,-183.7,short: close 189.79 < lower 189.88,stop
2016-02-29,1,25,2016-02-29 11:00:00-06:00,195.975,2016-02-29 13:08:00-06:00,195.235,195.28,-185.0,long: close 195.93 > upper 195.80,stop
2016-03-01,1,13,2016-03-01 09:30:00-06:00,195.945,2016-03-01 14:52:00-06:00,197.66500000000002,194.52,223.6,long: close 195.90 > upper 195.67,flatten
2016-03-04,-1,33,2016-03-04 09:00:00-06:00,199.245,2016-03-04 09:15:00-06:00,199.785,199.74,-178.2,short: close 199.29 < lower 199.39,stop
2016-03-04,1,22,2016-03-04 11:00:00-06:00,200.785,2016-03-04 13:54:00-06:00,199.93500000000003,199.98000000000002,-187.0,long: close 200.74 > upper 200.68,stop
2016-03-08,-1,16,2016-03-08 09:30:00-06:00,198.615,2016-03-08 11:21:00-06:00,199.825,199.78,-193.6,short: close 198.66 < lower 198.80,stop
2016-03-10,1,29,2016-03-10 09:00:00-06:00,200.845,2016-03-10 09:12:00-06:00,200.215,200.26,-182.7,long: close 200.79 > upper 200.28,stop
2016-03-10,-1,19,2016-03-10 10:30:00-06:00,198.435,2016-03-10 14:15:00-06:00,199.445,199.4,-191.9,short: close 198.48 < lower 198.74,stop
2016-03-11,1,11,2016-03-11 10:30:00-06:00,202.255,2016-03-11 14:52:00-06:00,202.675,200.66,46.2,long: close 202.22 > upper 202.00,flatten
2016-03-16,1,18,2016-03-16 13:30:00-05:00,203.195,2016-03-16 14:52:00-05:00,203.395,202.18,36.0,long: close 203.16 > upper 202.89,flatten
2016-03-17,1,21,2016-03-17 11:30:00-05:00,204.46499999999997,2016-03-17 14:52:00-05:00,204.82000000000002,203.63,74.55,long: close 204.43 > upper 204.15,flatten
2016-03-29,1,21,2016-03-29 11:30:00-05:00,204.095,2016-03-29 14:52:00-05:00,205.00500000000002,203.26,191.1,long: close 204.06 > upper 203.84,flatten
2016-04-01,1,15,2016-04-01 12:30:00-05:00,206.255,2016-04-01 14:52:00-05:00,206.97500000000002,205.06,108.0,long: close 206.21 > upper 206.13,flatten
2016-04-04,-1,35,2016-04-04 10:00:00-05:00,206.26500000000001,2016-04-04 11:08:00-05:00,206.785,206.74,-182.0,short: close 206.31 < lower 206.38,stop
2016-04-06,1,31,2016-04-06 10:00:00-05:00,205.225,2016-04-06 14:52:00-05:00,206.23000000000002,204.68,311.55,long: close 205.17 > upper 204.78,flatten
2016-04-07,-1,21,2016-04-07 09:30:00-05:00,204.495,2016-04-07 14:52:00-05:00,203.72,205.34,162.75,short: close 204.54 < lower 204.94,flatten
2016-04-08,1,20,2016-04-08 09:00:00-05:00,205.61499999999998,2016-04-08 10:36:00-05:00,204.65500000000003,204.70000000000002,-192.0,long: close 205.57 > upper 205.55,stop
2016-04-11,1,30,2016-04-11 09:00:00-05:00,205.67499999999998,2016-04-11 09:58:00-05:00,205.055,205.1,-186.0,long: close 205.62 > upper 205.46,stop
2016-04-12,1,48,2016-04-12 09:00:00-05:00,204.545,2016-04-12 09:08:00-05:00,204.175,204.22,-177.6,long: close 204.48 > upper 204.42,stop
2016-04-12,1,28,2016-04-12 10:00:00-05:00,205.045,2016-04-12 14:52:00-05:00,205.7149,204.43,187.57,long: close 205.00 > upper 204.71,flatten
2016-04-13,1,24,2016-04-13 09:00:00-05:00,207.33499999999998,2016-04-13 14:52:00-05:00,207.84,206.61,121.2,long: close 207.28 > upper 207.20,flatten
2016-04-14,-1,60,2016-04-14 09:00:00-05:00,207.645,2016-04-14 09:07:00-05:00,207.905,207.86,-156.0,short: close 207.72 < lower 207.82,stop
2016-04-18,1,28,2016-04-18 09:30:00-05:00,208.58499999999998,2016-04-18 14:52:00-05:00,209.115,207.96,148.4,long: close 208.53 > upper 208.09,flatten
2016-04-19,1,36,2016-04-19 09:00:00-05:00,210.02499999999998,2016-04-19 10:51:00-05:00,209.51500000000001,209.56,-183.6,long: close 209.98 > upper 209.97,stop
2016-04-21,-1,57,2016-04-21 09:00:00-05:00,209.485,2016-04-21 09:13:00-05:00,209.785,209.74,-171.0,short: close 209.53 < lower 209.83,stop
2016-04-21,-1,23,2016-04-21 12:30:00-05:00,209.145,2016-04-21 14:52:00-05:00,208.97,209.9,40.25,short: close 209.20 < lower 209.34,flatten
2016-04-22,-1,28,2016-04-22 10:00:00-05:00,207.995,2016-04-22 12:42:00-05:00,208.64499999999998,208.6,-182.0,short: close 208.03 < lower 208.16,stop
2016-04-25,-1,24,2016-04-25 09:30:00-05:00,207.69250000000002,2016-04-25 12:14:00-05:00,208.465,208.42000000000002,-185.4,short: close 207.74 < lower 207.90,stop
2016-04-26,1,33,2016-04-26 09:00:00-05:00,209.505,2016-04-26 09:24:00-05:00,208.955,209.0,-181.5,long: close 209.45 > upper 209.33,stop
2016-04-29,-1,24,2016-04-29 09:00:00-05:00,206.06500000000003,2016-04-29 14:46:00-05:00,206.845,206.8,-187.2,short: close 206.12 < lower 206.36,stop
2016-05-02,1,21,2016-05-02 12:30:00-05:00,207.655,2016-05-02 14:52:00-05:00,207.905,206.82,52.5,long: close 207.61 > upper 207.47,flatten
2016-05-03,-1,16,2016-05-03 09:00:00-05:00,206.055,2016-05-03 14:52:00-05:00,206.355,207.14000000000001,-48.0,short: close 206.10 < lower 206.16,flatten
2016-05-09,1,37,2016-05-09 09:00:00-05:00,206.295,2016-05-09 09:24:00-05:00,205.81500000000003,205.86,-177.6,long: close 206.25 > upper 206.07,stop
2016-05-10,1,22,2016-05-10 09:00:00-05:00,207.325,2016-05-10 14:52:00-05:00,208.305,206.52,215.6,long: close 207.30 > upper 207.12,flatten
2016-05-11,-1,22,2016-05-11 12:30:00-05:00,207.345,2016-05-11 14:52:00-05:00,206.64499999999998,208.14000000000001,154.0,short: close 207.38 < lower 207.38,flatten
2016-05-12,-1,21,2016-05-12 10:30:00-05:00,205.775,2016-05-12 13:11:00-05:00,206.685,206.64000000000001,-191.1,short: close 205.82 < lower 206.07,stop
2016-05-13,-1,24,2016-05-13 12:30:00-05:00,205.465,2016-05-13 14:52:00-05:00,204.85139999999998,206.20000000000002,147.26,short: close 205.52 < lower 205.65,flatten
2016-05-16,1,33,2016-05-16 09:00:00-05:00,205.55499999999998,2016-05-16 14:52:00-05:00,206.775,205.04,402.6,long: close 205.49 > upper 205.37,flatten
2016-05-17,-1,31,2016-05-17 09:30:00-05:00,205.955,2016-05-17 09:56:00-05:00,206.545,206.5,-182.9,short: close 206.01 < lower 206.08,stop
2016-05-17,-1,21,2016-05-17 12:00:00-05:00,205.72500000000002,2016-05-17 14:52:00-05:00,204.795,206.57,195.3,short: close 205.77 < lower 205.79,flatten
2016-05-18,1,27,2016-05-18 09:30:00-05:00,205.68499999999997,2016-05-18 09:57:00-05:00,205.00500000000002,205.05,-183.6,long: close 205.65 > upper 205.29,stop
2016-05-18,1,19,2016-05-18 12:00:00-05:00,205.845,2016-05-18 13:05:00-05:00,204.87500000000003,204.92000000000002,-184.3,long: close 205.80 > upper 205.58,stop
2016-05-19,-1,21,2016-05-19 09:00:00-05:00,203.07500000000002,2016-05-19 12:43:00-05:00,203.965,203.92000000000002,-186.9,short: close 203.13 < lower 203.66,stop
2016-05-20,1,22,2016-05-20 09:00:00-05:00,205.70499999999998,2016-05-20 14:52:00-05:00,205.25500000000002,204.92000000000002,-99.0,long: close 205.65 > upper 205.35,flatten
2016-05-24,1,19,2016-05-24 09:00:00-05:00,206.92499999999998,2016-05-24 14:52:00-05:00,207.955,205.98000000000002,195.7,long: close 206.87 > upper 206.61,flatten
2016-05-25,1,20,2016-05-25 09:00:00-05:00,209.255,2016-05-25 14:52:00-05:00,209.35500000000002,208.38,20.0,long: close 209.21 > upper 209.14,flatten
2016-06-03,-1,25,2016-06-03 09:00:00-05:00,209.585,2016-06-03 13:33:00-05:00,210.345,210.3,-190.0,short: close 209.63 < lower 209.87,stop
2016-06-06,1,28,2016-06-06 09:00:00-05:00,211.23499999999999,2016-06-06 11:51:00-05:00,210.56500000000003,210.61,-187.6,long: close 211.18 > upper 211.11,stop
2016-06-06,1,18,2016-06-06 13:30:00-05:00,211.76,2016-06-06 14:52:00-05:00,211.335,210.75,-76.5,long: close 211.71 > upper 211.51,flatten
2016-06-07,1,25,2016-06-07 11:30:00-05:00,212.23499999999999,2016-06-07 14:45:00-05:00,211.50500000000002,211.55,-182.5,long: close 212.18 > upper 212.12,stop
2016-06-08,1,33,2016-06-08 09:00:00-05:00,212.43499999999997,2016-06-08 09:14:00-05:00,211.87500000000003,211.92000000000002,-184.8,long: close 212.40 > upper 212.26,stop
2016-06-10,-1,14,2016-06-10 13:00:00-05:00,209.715,2016-06-10 14:52:00-05:00,210.14999999999998,211.02,-60.9,short: close 209.76 < lower 209.93,flatten
2016-06-14,-1,27,2016-06-14 10:00:00-05:00,207.125,2016-06-14 11:25:00-05:00,207.825,207.78,-189.0,short: close 207.16 < lower 207.57,stop
2016-06-14,-1,23,2016-06-14 12:30:00-05:00,207.29500000000002,2016-06-14 14:33:00-05:00,208.08499999999998,208.04,-181.7,short: close 207.34 < lower 207.47,stop
2016-06-16,-1,21,2016-06-16 09:00:00-05:00,205.85500000000002,2016-06-16 10:28:00-05:00,206.73499999999999,206.69,-184.8,short: close 205.90 < lower 206.41,stop
2016-06-16,-1,20,2016-06-16 11:00:00-05:00,206.21,2016-06-16 11:23:00-05:00,207.135,207.09,-185.0,short: close 206.26 < lower 206.36,stop
2016-06-17,-1,18,2016-06-17 09:30:00-05:00,206.42000000000002,2016-06-17 14:52:00-05:00,206.61999999999998,207.4,-36.0,short: close 206.47 < lower 206.82,flatten
2016-06-20,1,12,2016-06-20 09:30:00-05:00,209.36499999999998,2016-06-20 14:51:00-05:00,207.81500000000003,207.86,-186.0,long: close 209.33 > upper 209.21,stop
2016-06-22,1,32,2016-06-22 10:00:00-05:00,209.355,2016-06-22 10:33:00-05:00,208.78500000000003,208.83,-182.4,long: close 209.30 > upper 209.04,stop
2016-06-22,1,35,2016-06-22 11:00:00-05:00,209.11999999999998,2016-06-22 11:23:00-05:00,208.59500000000003,208.64000000000001,-183.75,long: close 209.07 > upper 209.00,stop
2016-06-23,1,15,2016-06-23 11:00:00-05:00,210.23499999999999,2016-06-23 14:52:00-05:00,210.51500000000001,209.0,42.0,long: close 210.18 > upper 210.17,flatten
2016-06-27,-1,14,2016-06-27 09:00:00-05:00,200.41500000000002,2016-06-27 14:52:00-05:00,199.70499999999998,201.69,99.4,short: close 200.47 < lower 201.14,flatten
2016-06-28,1,12,2016-06-28 09:00:00-05:00,202.17499999999998,2016-06-28 14:52:00-05:00,202.81500000000003,200.72,76.8,long: close 202.12 > upper 201.99,flatten
2016-06-29,1,13,2016-06-29 09:30:00-05:00,205.57,2016-06-29 14:52:00-05:00,206.52,204.13,123.5,long: close 205.53 > upper 205.44,flatten
2016-06-30,1,20,2016-06-30 11:00:00-05:00,208.075,2016-06-30 14:52:00-05:00,208.835,207.16,152.0,long: close 208.03 > upper 207.85,flatten
2016-07-01,1,23,2016-07-01 09:30:00-05:00,210.39999999999998,2016-07-01 12:30:00-05:00,209.585,209.63,-187.45,long: close 210.34 > upper 210.20,stop
2016-07-05,-1,15,2016-07-05 11:00:00-05:00,208.145,2016-07-05 14:52:00-05:00,208.64,209.32,-74.25,short: close 208.19 < lower 208.22,flatten
2016-07-06,1,19,2016-07-06 11:30:00-05:00,209.155,2016-07-06 14:52:00-05:00,209.53,208.22,71.25,long: close 209.11 > upper 209.06,flatten
2016-07-07,1,27,2016-07-07 09:00:00-05:00,210.605,2016-07-07 09:56:00-05:00,209.90500000000003,209.95000000000002,-189.0,long: close 210.56 > upper 210.46,stop
2016-07-07,-1,21,2016-07-07 13:30:00-05:00,208.875,2016-07-07 14:52:00-05:00,209.43499999999997,209.72,-117.6,short: close 208.92 < lower 208.96,flatten
2016-07-08,1,12,2016-07-08 10:00:00-05:00,211.95499999999998,2016-07-08 14:52:00-05:00,212.595,210.45000000000002,76.8,long: close 211.91 > upper 211.79,flatten
2016-07-20,1,20,2016-07-20 10:30:00-05:00,217.385,2016-07-20 14:52:00-05:00,217.16500000000002,216.52,-44.0,long: close 217.34 > upper 217.32,flatten
2016-07-21,-1,20,2016-07-21 13:30:00-05:00,216.03500000000003,2016-07-21 14:20:00-05:00,216.965,216.92000000000002,-186.0,short: close 216.09 < lower 216.14,stop
2016-07-22,1,25,2016-07-22 11:30:00-05:00,217.095,2016-07-22 14:52:00-05:00,217.2083,216.42000000000002,28.33,long: close 217.05 > upper 217.01,flatten
2016-07-25,-1,41,2016-07-25 09:00:00-05:00,216.53500000000003,2016-07-25 14:52:00-05:00,216.515,216.92000000000002,8.2,short: close 216.59 < lower 216.73,flatten
2016-07-26,1,47,2016-07-26 09:00:00-05:00,216.99499999999998,2016-07-26 09:52:00-05:00,216.615,216.66,-178.6,long: close 216.94 > upper 216.93,stop
2016-07-26,-1,38,2016-07-26 10:00:00-05:00,215.84,2016-07-26 10:42:00-05:00,216.315,216.27,-180.5,short: close 215.88 < lower 216.17,stop
2016-07-27,-1,22,2016-07-27 11:00:00-05:00,216.055,2016-07-27 14:05:00-05:00,216.885,216.84,-182.6,short: close 216.10 < lower 216.18,stop
2016-07-28,-1,30,2016-07-28 10:00:00-05:00,215.78500000000003,2016-07-28 12:11:00-05:00,216.39499999999998,216.35,-183.0,short: close 215.82 < lower 215.85,stop
2016-07-29,1,25,2016-07-29 11:00:00-05:00,217.39499999999998,2016-07-29 14:52:00-05:00,217.34,216.70000000000002,-13.75,long: close 217.34 > upper 217.32,flatten
2016-08-01,-1,28,2016-08-01 11:30:00-05:00,216.51500000000001,2016-08-01 14:52:00-05:00,216.755,217.12,-67.2,short: close 216.55 < lower 216.56,flatten
2016-08-02,-1,45,2016-08-02 09:00:00-05:00,216.245,2016-08-02 14:52:00-05:00,215.575,216.6,301.5,short: close 216.29 < lower 216.43,flatten
2016-08-05,1,29,2016-08-05 09:00:00-05:00,217.905,2016-08-05 14:52:00-05:00,218.06500000000003,217.32,46.4,long: close 217.86 > upper 217.40,flatten
2016-08-09,1,50,2016-08-09 09:00:00-05:00,218.45499999999998,2016-08-09 12:40:00-05:00,218.09500000000003,218.14000000000001,-180.0,long: close 218.41 > upper 218.40,stop
2016-08-10,-1,31,2016-08-10 10:30:00-05:00,217.51500000000001,2016-08-10 14:52:00-05:00,217.42499999999998,218.06,27.9,short: close 217.56 < lower 217.70,flatten
2016-08-15,1,31,2016-08-15 09:30:00-05:00,219.325,2016-08-15 14:52:00-05:00,219.17000000000002,218.78,-48.05,long: close 219.28 > upper 219.22,flatten
2016-08-17,-1,60,2016-08-17 09:00:00-05:00,217.305,2016-08-17 09:30:00-05:00,217.58499999999998,217.54,-168.0,short: close 217.36 < lower 217.75,stop
2016-08-17,-1,36,2016-08-17 10:00:00-05:00,217.365,2016-08-17 11:50:00-05:00,217.86499999999998,217.82,-180.0,short: close 217.41 < lower 217.53,stop
2016-08-18,1,35,2016-08-18 10:00:00-05:00,218.885,2016-08-18 11:26:00-05:00,218.35500000000002,218.4,-185.5,long: close 218.84 > upper 218.83,stop
2016-08-19,-1,31,2016-08-19 09:00:00-05:00,217.81,2016-08-19 09:29:00-05:00,218.405,218.36,-184.45,short: close 217.86 < lower 218.04,stop
2016-08-24,-1,44,2016-08-24 13:00:00-05:00,218.455,2016-08-24 14:52:00-05:00,217.595,218.82,378.4,short: close 218.50 < lower 218.52,flatten
2016-08-26,1,39,2016-08-26 09:30:00-05:00,219.005,2016-08-26 09:46:00-05:00,218.53500000000003,218.58,-183.3,long: close 218.95 > upper 218.19,stop
2016-08-26,1,34,2016-08-26 10:00:00-05:00,218.70499999999998,2016-08-26 10:40:00-05:00,218.16500000000002,218.21,-183.6,long: close 218.66 > upper 218.26,stop
2016-08-29,1,47,2016-08-29 09:00:00-05:00,218.095,2016-08-29 14:52:00-05:00,218.29000000000002,217.76,91.65,long: close 218.05 > upper 217.67,flatten
2016-08-30,-1,37,2016-08-30 10:00:00-05:00,217.78500000000003,2016-08-30 14:52:00-05:00,217.905,218.24,-44.4,short: close 217.82 < lower 217.86,flatten
2016-08-31,-1,29,2016-08-31 10:00:00-05:00,217.03500000000003,2016-08-31 14:52:00-05:00,217.49499999999998,217.62,-133.4,short: close 217.08 < lower 217.21,flatten
2016-09-01,-1,45,2016-09-01 09:30:00-05:00,216.544,2016-09-01 11:23:00-05:00,216.935,216.89000000000001,-175.95,short: close 216.58 < lower 217.03,stop
2016-09-02,1,24,2016-09-02 09:00:00-05:00,218.785,2016-09-02 11:15:00-05:00,218.01500000000001,218.06,-184.8,long: close 218.73 > upper 218.63,stop
2016-09-08,-1,38,2016-09-08 09:00:00-05:00,218.29500000000002,2016-09-08 09:35:00-05:00,218.765,218.72,-178.6,short: close 218.34 < lower 218.41,stop
2016-09-09,-1,18,2016-09-09 09:00:00-05:00,216.47500000000002,2016-09-09 14:52:00-05:00,213.875,217.48000000000002,468.0,short: close 216.52 < lower 216.75,flatten
2016-09-12,1,20,2016-09-12 09:30:00-05:00,214.155,2016-09-12 14:52:00-05:00,216.305,213.28,430.0,long: close 214.09 > upper 213.70,flatten
2016-09-13,-1,17,2016-09-13 09:00:00-05:00,214.03500000000003,2016-09-13 14:52:00-05:00,213.625,215.07,69.7,short: close 214.08 < lower 214.56,flatten
2016-09-14,1,28,2016-09-14 09:30:00-05:00,214.42499999999998,2016-09-14 09:53:00-05:00,213.76500000000001,213.81,-184.8,long: close 214.37 > upper 213.87,stop
2016-09-14,1,25,2016-09-14 10:30:00-05:00,214.015,2016-09-14 12:49:00-05:00,213.275,213.32,-185.0,long: close 213.97 > upper 213.96,stop
2016-09-15,1,24,2016-09-15 09:30:00-05:00,213.95499999999998,2016-09-15 14:01:00-05:00,213.16500000000002,213.21,-189.6,long: close 213.90 > upper 213.79,stop
2016-09-19,1,24,2016-09-19 09:00:00-05:00,214.825,2016-09-19 11:14:00-05:00,214.03500000000003,214.08,-189.6,long: close 214.78 > upper 214.48,stop
2016-09-26,-1,21,2016-09-26 09:00:00-05:00,214.555,2016-09-26 14:52:00-05:00,214.315,215.4,50.4,short: close 214.61 < lower 214.68,flatten
2016-09-27,1,35,2016-09-27 09:00:00-05:00,214.73499999999999,2016-09-27 09:58:00-05:00,214.215,214.26,-182.0,long: close 214.69 > upper 214.60,stop
2016-09-27,1,24,2016-09-27 10:30:00-05:00,214.93499999999997,2016-09-27 14:52:00-05:00,215.345,214.19,98.4,long: close 214.89 > upper 214.87,flatten
2016-09-29,-1,17,2016-09-29 12:00:00-05:00,214.954,2016-09-29 14:52:00-05:00,215.05999999999997,216.03,-18.02,short: close 214.99 < lower 215.46,flatten
2016-09-30,1,15,2016-09-30 10:30:00-05:00,216.61499999999998,2016-09-30 14:52:00-05:00,216.89000000000001,215.42000000000002,41.25,long: close 216.57 > upper 216.36,flatten
2016-10-03,-1,28,2016-10-03 09:00:00-05:00,215.41500000000002,2016-10-03 09:51:00-05:00,216.065,216.02,-182.0,short: close 215.46 < lower 215.49,stop
2016-10-04,-1,21,2016-10-04 12:30:00-05:00,214.435,2016-10-04 14:52:00-05:00,214.64499999999998,215.3,-44.1,short: close 214.48 < lower 214.93,flatten
2016-10-06,-1,38,2016-10-06 09:00:00-05:00,215.00500000000002,2016-10-06 10:47:00-05:00,215.48499999999999,215.44,-182.4,short: close 215.05 < lower 215.09,stop
2016-10-07,-1,39,2016-10-07 09:00:00-05:00,215.175,2016-10-07 14:52:00-05:00,215.32999999999998,215.6,-60.45,short: close 215.22 < lower 215.54,flatten
2016-10-10,1,21,2016-10-10 09:00:00-05:00,216.64499999999998,2016-10-10 14:52:00-05:00,215.955,215.8,-144.9,long: close 216.60 > upper 216.45,flatten
2016-10-11,-1,30,2016-10-11 09:00:00-05:00,214.875,2016-10-11 14:52:00-05:00,213.51999999999998,215.44,406.5,short: close 214.91 < lower 215.33,flatten
2016-10-13,-1,16,2016-10-13 09:00:00-05:00,211.43,2016-10-13 11:36:00-05:00,212.58499999999998,212.54,-184.8,short: close 211.48 < lower 211.83,stop
2016-10-17,-1,43,2016-10-17 09:00:00-05:00,212.57500000000002,2016-10-17 09:23:00-05:00,212.98499999999999,212.94,-176.3,short: close 212.61 < lower 212.72,stop
2016-10-19,1,31,2016-10-19 10:00:00-05:00,214.46499999999997,2016-10-19 14:52:00-05:00,214.26500000000001,213.91,-62.0,long: close 214.42 > upper 214.41,flatten
2016-10-20,-1,29,2016-10-20 10:00:00-05:00,213.28500000000003,2016-10-20 10:59:00-05:00,213.92499999999998,213.88,-185.6,short: close 213.34 < lower 213.47,stop
2016-10-25,-1,28,2016-10-25 11:30:00-05:00,214.025,2016-10-25 14:52:00-05:00,214.14499999999998,214.64000000000001,-33.6,short: close 214.08 < lower 214.15,flatten
2016-10-27,-1,23,2016-10-27 09:30:00-05:00,213.335,2016-10-27 14:52:00-05:00,213.17499999999998,214.1,36.8,short: close 213.37 < lower 213.40,flatten
2016-10-28,1,32,2016-10-28 11:30:00-05:00,213.86499999999998,2016-10-28 12:04:00-05:00,213.28500000000003,213.33,-185.6,long: close 213.82 > upper 213.69,stop
2016-10-28,-1,26,2016-10-28 13:00:00-05:00,211.82500000000002,2016-10-28 13:17:00-05:00,212.525,212.48000000000002,-182.0,short: close 211.85 < lower 212.50,stop
2016-11-01,-1,34,2016-11-01 09:30:00-05:00,212.04500000000002,2016-11-01 14:52:00-05:00,211.02329999999998,212.54,347.38,short: close 212.10 < lower 212.23,flatten
2016-11-02,-1,24,2016-11-02 12:30:00-05:00,209.845,2016-11-02 14:52:00-05:00,210.00519999999997,210.58,-38.45,short: close 209.90 < lower 210.10,flatten
2016-11-04,-1,50,2016-11-04 09:00:00-05:00,208.53500000000003,2016-11-04 09:02:00-05:00,208.89499999999998,208.85,-180.0,short: close 208.51 < lower 208.56,stop
2016-11-04,1,36,2016-11-04 10:30:00-05:00,209.655,2016-11-04 13:49:00-05:00,209.15500000000003,209.20000000000002,-180.0,long: close 209.61 > upper 209.33,stop
2016-11-07,1,10,2016-11-07 09:00:00-06:00,211.80499999999998,2016-11-07 14:52:00-06:00,212.94750000000002,210.06,114.25,long: close 211.76 > upper 211.73,flatten
2016-11-08,1,25,2016-11-08 10:30:00-06:00,213.73499999999999,2016-11-08 14:52:00-06:00,214.235,213.04,125.0,long: close 213.69 > upper 213.60,flatten
2016-11-09,1,16,2016-11-09 09:00:00-06:00,214.475,2016-11-09 09:11:00-06:00,213.335,213.38,-182.4,long: close 214.43 > upper 214.32,stop
2016-11-09,1,13,2016-11-09 10:30:00-06:00,215.10999999999999,2016-11-09 14:52:00-06:00,216.395,213.71,167.05,long: close 215.07 > upper 214.62,flatten
2016-11-10,-1,22,2016-11-10 09:30:00-06:00,215.94500000000002,2016-11-10 10:46:00-06:00,216.785,216.74,-184.8,short: close 215.99 < lower 216.07,stop
2016-11-17,1,39,2016-11-17 09:00:00-06:00,218.64499999999998,2016-11-17 09:31:00-06:00,218.175,218.22,-183.3,long: close 218.58 > upper 218.40,stop
2016-11-17,1,18,2016-11-17 11:30:00-06:00,219.05499999999998,2016-11-17 14:52:00-06:00,218.81500000000003,218.04,-43.2,long: close 219.00 > upper 219.00,flatten
2016-11-21,1,25,2016-11-21 09:00:00-06:00,219.64069999999998,2016-11-21 14:52:00-06:00,219.995,218.93,88.58,long: close 219.59 > upper 219.56,flatten
2016-11-29,1,24,2016-11-29 13:00:00-06:00,221.36499999999998,2016-11-29 14:52:00-06:00,220.745,220.64000000000001,-148.8,long: close 221.31 > upper 221.26,flatten
2016-12-01,-1,28,2016-12-01 12:00:00-06:00,219.585,2016-12-01 14:52:00-06:00,219.45499999999998,220.20000000000002,36.4,short: close 219.63 < lower 219.90,flatten
2016-12-02,1,54,2016-12-02 09:00:00-06:00,219.975,2016-12-02 09:14:00-06:00,219.65500000000003,219.70000000000002,-172.8,long: close 219.92 > upper 219.88,stop
2016-12-02,1,33,2016-12-02 10:30:00-06:00,220.155,2016-12-02 11:32:00-06:00,219.59500000000003,219.64000000000001,-184.8,long: close 220.12 > upper 220.10,stop
2016-12-05,1,25,2016-12-05 09:00:00-06:00,221.155,2016-12-05 14:52:00-06:00,220.81500000000003,220.44,-85.0,long: close 221.10 > upper 220.87,flatten
2016-12-06,-1,42,2016-12-06 09:30:00-06:00,220.63500000000002,2016-12-06 09:33:00-06:00,221.065,221.02,-180.6,short: close 220.68 < lower 220.69,stop
2016-12-07,1,32,2016-12-07 11:00:00-06:00,222.36499999999998,2016-12-07 14:52:00-06:00,224.215,221.83,592.0,long: close 222.31 > upper 222.13,flatten
2016-12-08,1,35,2016-12-08 11:30:00-06:00,225.30499999999998,2016-12-08 13:37:00-06:00,224.775,224.82,-185.5,long: close 225.27 > upper 225.05,stop
2016-12-09,1,45,2016-12-09 09:00:00-06:00,225.795,2016-12-09 14:52:00-06:00,226.28500000000003,225.44,220.5,long: close 225.74 > upper 225.63,flatten
2016-12-12,1,55,2016-12-12 09:00:00-06:00,226.86499999999998,2016-12-12 09:13:00-06:00,226.54500000000002,226.59,-176.0,long: close 226.82 > upper 226.72,stop
2016-12-12,-1,35,2016-12-12 11:30:00-06:00,225.835,2016-12-12 14:52:00-06:00,226.24499999999998,226.32,-143.5,short: close 225.87 < lower 225.96,flatten
2016-12-13,1,28,2016-12-13 09:00:00-06:00,227.605,2016-12-13 14:52:00-06:00,227.77,226.98000000000002,46.2,long: close 227.55 > upper 227.24,flatten
2016-12-14,-1,22,2016-12-14 13:30:00-06:00,226.305,2016-12-14 13:40:00-06:00,227.165,227.12,-189.2,short: close 226.35 < lower 226.75,stop
2016-12-15,1,42,2016-12-15 09:00:00-06:00,227.18499999999997,2016-12-15 12:46:00-06:00,226.75500000000002,226.8,-180.6,long: close 227.15 > upper 226.42,stop
2016-12-15,1,22,2016-12-15 13:30:00-06:00,226.915,2016-12-15 14:52:00-06:00,226.79000000000002,226.1,-27.5,long: close 226.88 > upper 226.85,flatten
2016-12-16,-1,25,2016-12-16 09:30:00-06:00,225.645,2016-12-16 14:52:00-06:00,225.125,226.34,130.0,short: close 225.68 < lower 225.69,flatten
2016-12-19,1,35,2016-12-19 10:00:00-06:00,225.875,2016-12-19 10:42:00-06:00,225.35500000000002,225.4,-182.0,long: close 225.84 > upper 225.63,stop
2016-12-22,-1,34,2016-12-22 10:30:00-06:00,225.07500000000002,2016-12-22 14:52:00-06:00,225.33499999999998,225.57,-88.4,short: close 225.12 < lower 225.21,flatten
2016-12-27,1,36,2016-12-27 09:00:00-06:00,226.665,2016-12-27 14:48:00-06:00,226.15500000000003,226.20000000000002,-183.6,long: close 226.61 > upper 226.31,stop
2016-12-28,-1,35,2016-12-28 09:00:00-06:00,225.47500000000002,2016-12-28 14:52:00-06:00,224.45499999999998,225.94,357.0,short: close 225.53 < lower 225.93,flatten
2016-12-30,-1,30,2016-12-30 09:00:00-06:00,223.72500000000002,2016-12-30 14:52:00-06:00,222.915,224.29,243.0,short: close 223.79 < lower 223.99,flatten
2017-01-03,1,16,2017-01-03 09:30:00-06:00,225.55499999999998,2017-01-03 10:01:00-06:00,224.38500000000002,224.43,-187.2,long: close 225.51 > upper 225.41,stop
2017-01-04,1,28,2017-01-04 09:00:00-06:00,226.08499999999998,2017-01-04 14:52:00-06:00,226.46,225.47,105.0,long: close 226.03 > upper 226.01,flatten
2017-01-05,-1,28,2017-01-05 11:00:00-06:00,225.645,2017-01-05 13:15:00-06:00,226.30499999999998,226.26,-184.8,short: close 225.69 < lower 225.79,stop
2017-01-06,1,28,2017-01-06 11:00:00-06:00,227.345,2017-01-06 14:52:00-06:00,227.39110000000002,226.74,12.91,long: close 227.30 > upper 227.04,flatten
2017-01-10,1,40,2017-01-10 10:30:00-06:00,227.075,2017-01-10 12:59:00-06:00,226.62500000000003,226.67000000000002,-180.0,long: close 227.03 > upper 226.89,stop
2017-01-11,1,45,2017-01-11 09:00:00-06:00,226.855,2017-01-11 09:17:00-06:00,226.455,226.5,-180.0,long: close 226.80 > upper 226.75,stop
2017-01-11,1,45,2017-01-11 09:30:00-06:00,226.785,2017-01-11 10:24:00-06:00,226.395,226.44,-175.5,long: close 226.75 > upper 226.75,stop
2017-01-12,-1,28,2017-01-12 09:00:00-06:00,225.965,2017-01-12 13:34:00-06:00,226.625,226.58,-184.8,short: close 226.02 < lower 226.17,stop
2017-01-13,1,37,2017-01-13 09:00:00-06:00,227.23499999999999,2017-01-13 13:15:00-06:00,226.75500000000002,226.8,-177.6,long: close 227.20 > upper 227.09,stop
2017-01-19,-1,28,2017-01-19 13:00:00-06:00,226.06500000000003,2017-01-19 14:52:00-06:00,225.98499999999999,226.69,22.4,short: close 226.11 < lower 226.17,flatten
2017-01-20,1,27,2017-01-20 09:00:00-06:00,227.14999999999998,2017-01-20 11:05:00-06:00,226.455,226.5,-187.65,long: close 227.10 > upper 226.97,stop
2017-01-23,-1,32,2017-01-23 09:30:00-06:00,225.875,2017-01-23 14:52:00-06:00,226.24499999999998,226.4,-118.4,short: close 225.92 < lower 226.00,flatten
2017-01-24,1,29,2017-01-24 11:30:00-06:00,227.20999999999998,2017-01-24 14:52:00-06:00,227.66000000000003,226.63,130.5,long: close 227.16 > upper 226.87,flatten
2017-01-25,1,20,2017-01-25 10:00:00-06:00,229.154,2017-01-25 14:52:00-06:00,229.465,228.24,62.2,long: close 229.11 > upper 229.05,flatten
2017-01-27,-1,54,2017-01-27 09:00:00-06:00,228.985,2017-01-27 14:52:00-06:00,228.97,229.26,8.1,short: close 229.03 < lower 229.08,flatten
2017-01-30,-1,27,2017-01-30 09:00:00-06:00,227.25500000000002,2017-01-30 14:52:00-06:00,227.67499999999998,227.91,-113.4,short: close 227.30 < lower 227.93,flatten
2017-01-31,-1,22,2017-01-31 13:00:00-06:00,226.465,2017-01-31 14:23:00-06:00,227.30499999999998,227.26,-184.8,short: close 226.50 < lower 226.51,stop
2017-02-03,1,18,2017-02-03 10:30:00-06:00,229.30499999999998,2017-02-03 14:52:00-06:00,229.35500000000002,228.32,9.0,long: close 229.27 > upper 229.27,flatten
2017-02-09,1,37,2017-02-09 09:30:00-06:00,230.21499999999997,2017-02-09 14:52:00-06:00,230.645,229.76,159.1,long: close 230.18 > upper 229.86,flatten
2017-02-10,1,22,2017-02-10 13:30:00-06:00,231.635,2017-02-10 14:52:00-06:00,231.435,230.86,-44.0,long: close 231.59 > upper 231.57,flatten
2017-02-13,1,33,2017-02-13 09:00:00-06:00,232.3355,2017-02-13 14:52:00-06:00,232.76500000000001,231.83,141.74,long: close 232.29 > upper 232.29,flatten
2017-02-14,1,27,2017-02-14 12:30:00-06:00,233.422,2017-02-14 14:52:00-06:00,233.60500000000002,232.77,49.41,long: close 233.37 > upper 233.30,flatten
2017-02-15,1,27,2017-02-15 10:30:00-06:00,234.445,2017-02-15 14:52:00-06:00,234.805,233.8,97.2,long: close 234.39 > upper 234.23,flatten
2017-02-16,-1,28,2017-02-16 10:00:00-06:00,234.26500000000001,2017-02-16 14:52:00-06:00,234.625,234.86,-100.8,short: close 234.31 < lower 234.32,flatten
2017-02-21,1,39,2017-02-21 09:00:00-06:00,236.14499999999998,2017-02-21 14:52:00-06:00,236.615,235.73000000000002,183.3,long: close 236.10 > upper 235.70,flatten
2017-02-23,-1,23,2017-02-23 10:30:00-06:00,235.745,2017-02-23 11:35:00-06:00,236.545,236.5,-184.0,short: close 235.80 < lower 235.84,stop
2017-03-01,1,16,2017-03-01 09:00:00-06:00,238.86499999999998,2017-03-01 14:52:00-06:00,240.025,237.70000000000002,185.6,long: close 238.80 > upper 238.61,flatten
2017-03-02,-1,27,2017-03-02 10:30:00-06:00,238.82500000000002,2017-03-02 14:52:00-06:00,238.35999999999999,239.46,125.55,short: close 238.87 < lower 239.02,flatten
2017-03-14,-1,37,2017-03-14 09:00:00-05:00,236.81,2017-03-14 14:52:00-05:00,236.98999999999998,237.26,-66.6,short: close 236.85 < lower 237.03,flatten
2017-03-15,1,24,2017-03-15 12:00:00-05:00,238.125,2017-03-15 14:52:00-05:00,238.985,237.4,206.4,long: close 238.07 > upper 237.97,flatten
2017-03-16,-1,34,2017-03-16 10:30:00-05:00,238.22500000000002,2017-03-16 11:46:00-05:00,238.765,238.72,-183.6,short: close 238.26 < lower 238.51,stop
2017-03-16,-1,33,2017-03-16 12:30:00-05:00,238.375,2017-03-16 14:52:00-05:00,238.48499999999999,238.88,-36.3,short: close 238.42 < lower 238.49,flatten
2017-03-17,-1,31,2017-03-17 09:00:00-05:00,237.54500000000002,2017-03-17 14:52:00-05:00,237.45499999999998,238.08,27.9,short: close 237.59 < lower 237.60,flatten
2017-03-20,-1,60,2017-03-20 09:00:00-05:00,236.82500000000002,2017-03-20 09:10:00-05:00,237.065,237.02,-144.0,short: close 236.88 < lower 236.88,stop
2017-03-21,-1,25,2017-03-21 09:30:00-05:00,236.0197,2017-03-21 14:52:00-05:00,233.655,236.70000000000002,591.17,short: close 236.06 < lower 236.43,flatten
2017-03-22,-1,60,2017-03-22 09:00:00-05:00,233.22500000000002,2017-03-22 09:02:00-05:00,233.465,233.42000000000002,-144.0,short: close 233.28 < lower 233.62,stop
2017-03-22,-1,44,2017-03-22 09:30:00-05:00,233.28500000000003,2017-03-22 09:35:00-05:00,233.695,233.65,-180.4,short: close 233.34 < lower 233.41,stop
2017-03-23,1,31,2017-03-23 10:00:00-05:00,234.825,2017-03-23 14:13:00-05:00,234.22500000000002,234.27,-186.0,long: close 234.77 > upper 234.68,stop
2017-03-24,1,44,2017-03-24 09:00:00-05:00,234.665,2017-03-24 11:19:00-05:00,234.25500000000002,234.3,-180.4,long: close 234.62 > upper 234.56,stop
2017-03-28,1,23,2017-03-28 10:30:00-05:00,234.515,2017-03-28 14:52:00-05:00,235.31,233.74,182.85,long: close 234.46 > upper 234.20,flatten
2017-03-30,1,37,2017-03-30 09:30:00-05:00,236.045,2017-03-30 14:52:00-05:00,236.10500000000002,235.6,22.2,long: close 236.00 > upper 235.99,flatten
2017-04-03,-1,26,2017-04-03 10:00:00-05:00,234.63000000000002,2017-04-03 13:02:00-05:00,235.33499999999998,235.29,-183.3,short: close 234.67 < lower 235.10,stop
2017-04-03,-1,20,2017-04-03 13:30:00-05:00,234.8,2017-04-03 14:52:00-05:00,235.315,235.67000000000002,-103.0,short: close 234.84 < lower 234.89,flatten
2017-04-05,1,29,2017-04-05 09:00:00-05:00,236.905,2017-04-05 13:51:00-05:00,236.275,236.32,-182.7,long: close 236.88 > upper 236.47,stop
2017-04-06,1,46,2017-04-06 09:00:00-05:00,235.355,2017-04-06 09:13:00-05:00,234.965,235.01,-179.4,long: close 235.30 > upper 235.20,stop
2017-04-06,1,20,2017-04-06 12:30:00-05:00,235.89499999999998,2017-04-06 13:57:00-05:00,234.97500000000002,235.02,-184.0,long: close 235.86 > upper 235.73,stop
2017-04-07,-1,42,2017-04-07 09:00:00-05:00,234.685,2017-04-07 09:06:00-05:00,235.105,235.06,-176.4,short: close 234.73 < lower 234.89,stop
2017-04-10,1,42,2017-04-10 09:00:00-05:00,235.99499999999998,2017-04-10 10:31:00-05:00,235.56500000000003,235.61,-180.6,long: close 235.96 > upper 235.64,stop
2017-04-11,-1,32,2017-04-11 09:00:00-05:00,234.45000000000002,2017-04-11 13:55:00-05:00,235.025,234.98000000000002,-184.0,short: close 234.50 < lower 234.57,stop
2017-04-12,-1,21,2017-04-12 11:00:00-05:00,233.96890000000002,2017-04-12 14:52:00-05:00,234.05499999999998,234.8,-18.08,short: close 234.01 < lower 234.06,flatten
2017-04-17,1,26,2017-04-17 09:30:00-05:00,233.545,2017-04-17 14:52:00-05:00,234.38000000000002,232.88,217.1,long: close 233.50 > upper 233.49,flatten
2017-04-19,1,27,2017-04-19 09:00:00-05:00,234.945,2017-04-19 11:04:00-05:00,234.25500000000002,234.3,-186.3,long: close 234.89 > upper 234.84,stop
2017-04-20,1,21,2017-04-20 11:00:00-05:00,234.945,2017-04-20 14:52:00-05:00,235.63500000000002,234.08,144.9,long: close 234.90 > upper 234.67,flatten
2017-04-21,-1,31,2017-04-21 11:30:00-05:00,234.645,2017-04-21 14:52:00-05:00,234.86499999999998,235.20000000000002,-68.2,short: close 234.70 < lower 234.72,flatten
2017-04-25,1,23,2017-04-25 09:00:00-05:00,238.42499999999998,2017-04-25 14:52:00-05:00,238.56500000000003,237.67000000000002,32.2,long: close 238.39 > upper 238.26,flatten
2017-04-26,1,37,2017-04-26 10:00:00-05:00,239.08499999999998,2017-04-26 14:40:00-05:00,238.59500000000003,238.64000000000001,-181.3,long: close 239.05 > upper 238.97,stop
2017-04-28,-1,27,2017-04-28 11:00:00-05:00,238.07500000000002,2017-04-28 14:52:00-05:00,238.17499999999998,238.70000000000002,-27.0,short: close 238.12 < lower 238.12,flatten
2017-05-03,-1,28,2017-05-03 10:00:00-05:00,237.8249,2017-05-03 12:24:00-05:00,238.475,238.43,-182.03,short: close 237.86 < lower 237.94,stop
2017-05-04,-1,30,2017-05-04 11:30:00-05:00,238.01500000000001,2017-05-04 12:05:00-05:00,238.625,238.58,-183.0,short: close 238.06 < lower 238.10,stop
2017-05-08,-1,57,2017-05-08 09:30:00-05:00,239.395,2017-05-08 11:49:00-05:00,239.70499999999998,239.66,-176.7,short: close 239.43 < lower 239.48,stop
2017-05-11,-1,33,2017-05-11 09:00:00-05:00,238.51500000000001,2017-05-11 11:17:00-05:00,239.065,239.02,-181.5,short: close 238.56 < lower 239.10,stop
2017-05-11,-1,29,2017-05-11 12:00:00-05:00,238.92000000000002,2017-05-11 13:20:00-05:00,239.545,239.5,-181.25,short: close 238.96 < lower 239.02,stop
2017-05-15,1,33,2017-05-15 09:00:00-05:00,240.075,2017-05-15 14:52:00-05:00,240.26500000000001,239.56,62.7,long: close 240.03 > upper 239.76,flatten
2017-05-16,-1,30,2017-05-16 10:00:00-05:00,239.78500000000003,2017-05-16 14:52:00-05:00,240.125,240.36,-102.0,short: close 239.83 < lower 239.86,flatten
2017-05-17,-1,14,2017-05-17 09:00:00-05:00,237.715,2017-05-17 14:52:00-05:00,236.165,239.0,217.0,short: close 237.76 < lower 237.82,flatten
2017-05-18,1,36,2017-05-18 09:30:00-05:00,236.795,2017-05-18 10:40:00-05:00,236.28500000000003,236.33,-183.6,long: close 236.75 > upper 236.23,stop
2017-05-18,1,41,2017-05-18 11:00:00-05:00,236.225,2017-05-18 14:52:00-05:00,237.125,235.84,369.0,long: close 236.18 > upper 236.16,flatten
2017-05-19,1,28,2017-05-19 09:00:00-05:00,238.045,2017-05-19 14:52:00-05:00,238.245,237.44,56.0,long: close 237.99 > upper 237.60,flatten
2017-05-22,1,28,2017-05-22 09:00:00-05:00,239.285,2017-05-22 14:52:00-05:00,239.60500000000002,238.68,89.6,long: close 239.23 > upper 239.20,flatten
2017-05-25,1,22,2017-05-25 10:30:00-05:00,241.885,2017-05-25 14:52:00-05:00,241.72500000000002,241.1,-35.2,long: close 241.84 > upper 241.68,flatten
2017-05-31,-1,37,2017-05-31 09:00:00-05:00,240.925,2017-05-31 09:59:00-05:00,241.42499999999998,241.38,-185.0,short: close 240.97 < lower 241.23,stop
2017-05-31,-1,31,2017-05-31 11:00:00-05:00,241.04500000000002,2017-05-31 14:52:00-05:00,241.5,241.6,-141.05,short: close 241.09 < lower 241.13,flatten
2017-06-01,1,22,2017-06-01 12:00:00-05:00,242.70999999999998,2017-06-01 14:52:00-05:00,243.055,241.92000000000002,75.9,long: close 242.66 > upper 242.48,flatten
2017-06-02,1,37,2017-06-02 11:00:00-05:00,244.075,2017-06-02 14:52:00-05:00,244.03500000000003,243.62,-14.8,long: close 244.03 > upper 243.82,flatten
2017-06-08,-1,40,2017-06-08 09:30:00-05:00,243.25500000000002,2017-06-08 09:50:00-05:00,243.70499999999998,243.66,-180.0,short: close 243.31 < lower 243.31,stop
2017-06-09,1,37,2017-06-09 09:00:00-05:00,244.51999999999998,2017-06-09 11:35:00-05:00,244.03500000000003,244.08,-179.45,long: close 244.47 > upper 244.37,stop
2017-06-09,-1,28,2017-06-09 13:00:00-05:00,243.235,2017-06-09 14:52:00-05:00,243.415,243.86,-50.4,short: close 243.28 < lower 243.31,flatten
2017-06-12,-1,39,2017-06-12 09:00:00-05:00,242.57500000000002,2017-06-12 09:23:00-05:00,243.025,242.98000000000002,-175.5,short: close 242.62 < lower 242.89,stop
2017-06-12,-1,38,2017-06-12 09:30:00-05:00,242.76000000000002,2017-06-12 10:11:00-05:00,243.23499999999999,243.19,-180.5,short: close 242.81 < lower 242.87,stop
2017-06-13,1,26,2017-06-13 12:30:00-05:00,244.46499999999997,2017-06-13 14:52:00-05:00,244.375,243.8,-23.4,long: close 244.41 > upper 244.34,flatten
2017-06-14,-1,39,2017-06-14 10:00:00-05:00,244.095,2017-06-14 12:04:00-05:00,244.55499999999998,244.51,-179.4,short: close 244.13 < lower 244.27,stop
2017-06-16,-1,22,2017-06-16 09:00:00-05:00,242.13500000000002,2017-06-16 14:52:00-05:00,242.51,242.92000000000002,-82.5,short: close 242.20 < lower 242.50,flatten
2017-06-19,1,22,2017-06-19 09:00:00-05:00,243.93499999999997,2017-06-19 14:52:00-05:00,244.57500000000002,243.15,140.8,long: close 243.89 > upper 243.89,flatten
2017-06-20,-1,33,2017-06-20 09:00:00-05:00,243.805,2017-06-20 14:52:00-05:00,243.155,244.3,214.5,short: close 243.84 < lower 243.94,flatten
2017-06-22,1,40,2017-06-22 10:30:00-05:00,243.475,2017-06-22 14:39:00-05:00,243.03500000000003,243.08,-176.0,long: close 243.43 > upper 243.36,stop
2017-06-23,1,40,2017-06-23 11:00:00-05:00,243.345,2017-06-23 14:02:00-05:00,242.895,242.94,-180.0,long: close 243.30 > upper 243.27,stop
2017-06-26,1,26,2017-06-26 09:00:00-05:00,244.39499999999998,2017-06-26 09:37:00-05:00,243.68500000000003,243.73000000000002,-184.6,long: close 244.36 > upper 244.18,stop
2017-06-27,-1,27,2017-06-27 13:00:00-05:00,242.09,2017-06-27 14:52:00-05:00,241.63,242.72,124.2,short: close 242.13 < lower 242.53,flatten
2017-06-28,1,19,2017-06-28 10:00:00-05:00,243.165,2017-06-28 14:52:00-05:00,243.555,242.22,74.1,long: close 243.12 > upper 242.89,flatten
2017-06-29,-1,40,2017-06-29 09:00:00-05:00,242.88500000000002,2017-06-29 14:52:00-05:00,241.63,243.29,502.0,short: close 242.92 < lower 243.16,flatten
2017-07-06,-1,23,2017-07-06 09:00:00-05:00,241.25500000000002,2017-07-06 14:52:00-05:00,240.71499999999997,242.02,124.2,short: close 241.30 < lower 241.57,flatten
2017-07-07,1,22,2017-07-07 11:00:00-05:00,241.98499999999999,2017-07-07 14:52:00-05:00,242.13000000000002,241.17000000000002,31.9,long: close 241.94 > upper 241.71,flatten
2017-07-11,-1,28,2017-07-11 10:30:00-05:00,241.22500000000002,2017-07-11 10:54:00-05:00,241.86499999999998,241.82,-179.2,short: close 241.27 < lower 241.67,stop
2017-07-12,1,21,2017-07-12 09:00:00-05:00,243.915,2017-07-12 14:52:00-05:00,243.94000000000003,243.06,5.25,long: close 243.87 > upper 243.58,flatten
2017-07-14,1,41,2017-07-14 10:00:00-05:00,244.885,2017-07-14 14:52:00-05:00,245.59,244.5,289.05,long: close 244.84 > upper 244.81,flatten
2017-07-19,1,36,2017-07-19 09:00:00-05:00,246.42499999999998,2017-07-19 14:52:00-05:00,246.85000000000002,245.96,153.0,long: close 246.38 > upper 246.32,flatten
2017-07-24,-1,46,2017-07-24 09:30:00-05:00,246.41500000000002,2017-07-24 13:14:00-05:00,246.805,246.76000000000002,-179.4,short: close 246.46 < lower 246.50,stop
2017-07-27,-1,25,2017-07-27 12:30:00-05:00,246.29500000000002,2017-07-27 14:50:00-05:00,247.045,247.0,-187.5,short: close 246.35 < lower 247.01,stop
2017-07-28,-1,33,2017-07-28 09:30:00-05:00,246.31500000000003,2017-07-28 13:55:00-05:00,246.86499999999998,246.82,-181.5,short: close 246.35 < lower 246.43,stop
2017-08-02,-1,47,2017-08-02 09:30:00-05:00,246.645,2017-08-02 10:47:00-05:00,247.025,246.98000000000002,-178.6,short: close 246.69 < lower 247.06,stop
2017-08-02,-1,47,2017-08-02 11:00:00-05:00,246.775,2017-08-02 12:43:00-05:00,247.14499999999998,247.1,-173.9,short: close 246.81 < lower 247.06,stop
2017-08-03,-1,52,2017-08-03 09:00:00-05:00,246.94500000000002,2017-08-03 09:31:00-05:00,247.285,247.24,-176.8,short: close 246.99 < lower 247.08,stop
2017-08-03,-1,47,2017-08-03 11:00:00-05:00,246.905,2017-08-03 14:52:00-05:00,246.96499999999997,247.24,-28.2,short: close 246.95 < lower 247.04,flatten
2017-08-08,1,35,2017-08-08 10:00:00-05:00,248.345,2017-08-08 12:32:00-05:00,247.835,247.88,-178.5,long: close 248.30 > upper 248.15,stop
2017-08-10,-1,25,2017-08-10 09:00:00-05:00,245.835,2017-08-10 14:52:00-05:00,243.89499999999998,246.54,485.0,short: close 245.87 < lower 246.04,flatten
2017-08-11,1,39,2017-08-11 09:30:00-05:00,244.48499999999999,2017-08-11 10:29:00-05:00,244.03500000000003,244.08,-175.5,long: close 244.44 > upper 244.31,stop
2017-08-11,1,35,2017-08-11 13:30:00-05:00,244.5,2017-08-11 13:38:00-05:00,243.985,244.03,-180.25,long: close 244.46 > upper 244.38,stop
2017-08-14,1,18,2017-08-14 09:00:00-05:00,246.23499999999999,2017-08-14 14:52:00-05:00,246.60500000000002,245.24,66.6,long: close 246.19 > upper 245.84,flatten
2017-08-17,-1,25,2017-08-17 09:30:00-05:00,245.405,2017-08-17 14:52:00-05:00,243.265,246.12,535.0,short: close 245.44 < lower 245.87,flatten
2017-08-18,-1,42,2017-08-18 09:00:00-05:00,242.175,2017-08-18 09:03:00-05:00,242.605,242.56,-180.6,short: close 242.21 < lower 242.64,stop
2017-08-18,1,25,2017-08-18 12:00:00-05:00,243.855,2017-08-18 12:58:00-05:00,243.12500000000003,243.17000000000002,-182.5,long: close 243.80 > upper 243.69,stop
2017-08-21,-1,50,2017-08-21 09:00:00-05:00,242.28500000000003,2017-08-21 10:12:00-05:00,242.64499999999998,242.6,-180.0,short: close 242.32 < lower 242.35,stop
2017-08-22,1,28,2017-08-22 09:00:00-05:00,244.30499999999998,2017-08-22 14:52:00-05:00,245.46,243.70000000000002,323.4,long: close 244.26 > upper 243.86,flatten
2017-08-24,-1,31,2017-08-24 09:00:00-05:00,244.145,2017-08-24 09:34:00-05:00,244.745,244.70000000000002,-186.0,short: close 244.19 < lower 244.22,stop
2017-08-24,-1,25,2017-08-24 10:30:00-05:00,244.03500000000003,2017-08-24 14:52:00-05:00,244.05499999999998,244.72,-5.0,short: close 244.09 < lower 244.09,flatten
2017-08-25,1,22,2017-08-25 09:00:00-05:00,245.315,2017-08-25 10:04:00-05:00,244.47500000000002,244.52,-184.8,long: close 245.27 > upper 245.26,stop
2017-08-30,1,31,2017-08-30 10:00:00-05:00,245.515,2017-08-30 14:52:00-05:00,245.955,244.96,136.4,long: close 245.47 > upper 245.39,flatten
2017-09-05,-1,21,2017-09-05 10:30:00-05:00,246.56500000000003,2017-09-05 14:52:00-05:00,245.98999999999998,247.38,120.75,short: close 246.62 < lower 246.74,flatten
2017-09-11,1,16,2017-09-11 09:00:00-05:00,248.575,2017-09-11 14:52:00-05:00,248.985,247.45000000000002,65.6,long: close 248.53 > upper 248.41,flatten
2017-09-18,1,37,2017-09-18 09:00:00-05:00,250.035,2017-09-18 09:01:00-05:00,249.555,249.6,-177.6,long: close 250.00 > upper 249.87,stop
2017-09-20,-1,33,2017-09-20 13:30:00-05:00,249.16500000000002,2017-09-20 13:49:00-05:00,249.725,249.68,-184.8,short: close 249.21 < lower 249.50,stop
2017-09-21,-1,51,2017-09-21 09:00:00-05:00,249.35000000000002,2017-09-21 09:51:00-05:00,249.695,249.65,-175.95,short: close 249.39 < lower 249.69,stop
2017-09-21,-1,44,2017-09-21 10:00:00-05:00,249.555,2017-09-21 14:52:00-05:00,249.475,249.92000000000002,35.2,short: close 249.61 < lower 249.63,flatten
2017-09-25,-1,41,2017-09-25 10:00:00-05:00,248.555,2017-09-25 14:47:00-05:00,248.98499999999999,248.94,-176.3,short: close 248.60 < lower 248.89,stop
2017-09-28,1,40,2017-09-28 13:00:00-05:00,250.445,2017-09-28 14:52:00-05:00,250.22500000000002,250.04,-88.0,long: close 250.41 > upper 250.27,flatten
2017-09-29,1,50,2017-09-29 10:00:00-05:00,250.785,2017-09-29 14:52:00-05:00,251.1225,250.48000000000002,168.75,long: close 250.74 > upper 250.65,flatten
2017-10-02,1,48,2017-10-02 09:00:00-05:00,251.915,2017-10-02 11:00:00-05:00,251.555,251.6,-172.8,long: close 251.85 > upper 251.66,stop
2017-10-02,1,36,2017-10-02 11:30:00-05:00,251.86499999999998,2017-10-02 14:14:00-05:00,251.35500000000002,251.4,-183.6,long: close 251.81 > upper 251.80,stop
2017-10-04,1,42,2017-10-04 11:00:00-05:00,253.315,2017-10-04 12:47:00-05:00,252.895,252.94,-176.4,long: close 253.27 > upper 253.15,stop
2017-10-05,1,35,2017-10-05 10:30:00-05:00,253.95499999999998,2017-10-05 14:52:00-05:00,254.47500000000002,253.48000000000002,182.0,long: close 253.91 > upper 253.81,flatten
2017-10-16,1,51,2017-10-16 09:00:00-05:00,255.415,2017-10-16 09:20:00-05:00,255.06500000000003,255.11,-178.5,long: close 255.37 > upper 255.36,stop
2017-10-19,-1,29,2017-10-19 09:00:00-05:00,254.525,2017-10-19 09:52:00-05:00,255.14499999999998,255.1,-179.8,short: close 254.57 < lower 254.67,stop
2017-10-20,1,24,2017-10-20 13:30:00-05:00,257.135,2017-10-20 14:52:00-05:00,256.8,256.39,-80.4,long: close 257.09 > upper 257.00,flatten
2017-10-23,-1,35,2017-10-23 13:30:00-05:00,256.635,2017-10-23 14:52:00-05:00,256.14000000000004,257.12,173.25,short: close 256.67 < lower 256.80,flatten
2017-10-25,-1,44,2017-10-25 09:00:00-05:00,255.75500000000002,2017-10-25 14:52:00-05:00,255.14999999999998,256.12,266.2,short: close 255.81 < lower 256.01,flatten
2017-10-27,1,27,2017-10-27 09:30:00-05:00,256.83500000000004,2017-10-27 14:52:00-05:00,257.645,256.19,218.7,long: close 256.78 > upper 256.70,flatten
2017-10-30,-1,25,2017-10-30 11:30:00-05:00,256.59499999999997,2017-10-30 14:52:00-05:00,257.05,257.3,-113.75,short: close 256.64 < lower 256.66,flatten
2017-11-01,1,27,2017-11-01 09:00:00-05:00,258.33500000000004,2017-11-01 10:35:00-05:00,257.645,257.69,-186.3,long: close 258.29 > upper 258.23,stop
2017-11-02,-1,58,2017-11-02 09:30:00-05:00,256.59499999999997,2017-11-02 09:38:00-05:00,256.88500000000005,256.84000000000003,-168.2,short: close 256.63 < lower 257.21,stop
2017-11-02,-1,48,2017-11-02 10:00:00-05:00,256.885,2017-11-02 10:02:00-05:00,257.245,257.2,-172.8,short: close 256.93 < lower 257.14,stop
2017-11-03,1,35,2017-11-03 12:30:00-05:00,258.29,2017-11-03 14:52:00-05:00,258.265,257.82,-8.75,long: close 258.24 > upper 258.16,flatten
2017-11-06,1,41,2017-11-06 10:30:00-06:00,258.815,2017-11-06 14:52:00-06:00,258.815,258.42,0.0,long: close 258.77 > upper 258.75,flatten
2017-11-07,1,52,2017-11-07 09:00:00-06:00,259.245,2017-11-07 09:25:00-06:00,258.905,258.95,-176.8,long: close 259.20 > upper 259.18,stop
2017-11-07,-1,37,2017-11-07 11:00:00-06:00,258.215,2017-11-07 12:31:00-06:00,258.70500000000004,258.66,-181.3,short: close 258.26 < lower 258.45,stop
2017-11-09,-1,16,2017-11-09 11:30:00-06:00,256.60499999999996,2017-11-09 13:06:00-06:00,257.795,257.75,-190.4,short: close 256.64 < lower 257.28,stop
2017-11-14,-1,22,2017-11-14 09:30:00-06:00,257.0335,2017-11-14 09:52:00-06:00,257.855,257.81,-180.73,short: close 257.08 < lower 257.09,stop
2017-11-15,-1,24,2017-11-15 09:00:00-06:00,255.865,2017-11-15 09:35:00-06:00,256.64500000000004,256.6,-187.2,short: close 255.92 < lower 256.44,stop
2017-11-16,1,21,2017-11-16 09:30:00-06:00,258.0749,2017-11-16 14:52:00-06:00,258.555,257.22,100.82,long: close 258.02 > upper 257.82,flatten
2017-11-21,1,27,2017-11-21 09:00:00-06:00,259.71000000000004,2017-11-21 14:52:00-06:00,259.83,259.06,32.4,long: close 259.67 > upper 259.39,flatten
2017-11-28,1,30,2017-11-28 10:00:00-06:00,261.135,2017-11-28 14:52:00-06:00,262.715,260.56,474.0,long: close 261.09 > upper 261.08,flatten
2017-11-29,1,55,2017-11-29 09:00:00-06:00,263.55510000000004,2017-11-29 09:14:00-06:00,263.245,263.29,-170.56,long: close 263.51 > upper 263.20,stop
2017-11-29,-1,34,2017-11-29 11:00:00-06:00,262.265,2017-11-29 11:41:00-06:00,262.805,262.76,-183.6,short: close 262.31 < lower 262.45,stop
2017-11-30,1,22,2017-11-30 09:30:00-06:00,264.125,2017-11-30 14:52:00-06:00,265.21,263.32,238.7,long: close 264.07 > upper 264.05,flatten
2017-12-01,-1,37,2017-12-01 10:30:00-06:00,261.645,2017-12-01 10:34:00-06:00,262.13500000000005,262.09000000000003,-181.3,short: close 261.70 < lower 264.37,stop
2017-12-01,-1,32,2017-12-01 11:00:00-06:00,263.16499999999996,2017-12-01 11:50:00-06:00,263.735,263.69,-182.4,short: close 263.20 < lower 264.29,stop
2017-12-05,1,33,2017-12-05 10:00:00-06:00,264.85,2017-12-05 11:03:00-06:00,264.305,264.35,-179.85,long: close 264.80 > upper 264.78,stop
2017-12-06,1,32,2017-12-06 10:00:00-06:00,263.615,2017-12-06 11:16:00-06:00,263.055,263.1,-179.2,long: close 263.56 > upper 263.55,stop
2017-12-07,1,60,2017-12-07 09:00:00-06:00,263.595,2017-12-07 09:01:00-06:00,263.315,263.36,-168.0,long: close 263.54 > upper 263.38,stop
2017-12-07,1,55,2017-12-07 09:30:00-06:00,263.64500000000004,2017-12-07 14:52:00-06:00,263.805,263.38,88.0,long: close 263.60 > upper 263.42,flatten
2017-12-11,1,60,2017-12-11 09:00:00-06:00,266.01500000000004,2017-12-11 09:18:00-06:00,265.745,265.79,-162.0,long: close 265.96 > upper 265.76,stop
2017-12-11,1,30,2017-12-11 13:00:00-06:00,266.2,2017-12-11 14:52:00-06:00,266.09999999999997,265.63,-30.0,long: close 266.15 > upper 266.10,flatten
2017-12-12,1,23,2017-12-12 13:30:00-06:00,267.295,2017-12-12 14:52:00-06:00,266.745,266.54,-126.5,long: close 267.25 > upper 267.21,flatten
2017-12-13,1,48,2017-12-13 09:00:00-06:00,267.4449,2017-12-13 11:14:00-06:00,267.075,267.12,-177.55,long: close 267.39 > upper 267.24,stop
2017-12-14,-1,25,2017-12-14 13:00:00-06:00,266.135,2017-12-14 14:52:00-06:00,265.82,266.84000000000003,78.75,short: close 266.18 < lower 266.22,flatten
2017-12-15,1,51,2017-12-15 09:30:00-06:00,266.175,2017-12-15 09:38:00-06:00,265.835,265.88,-173.4,long: close 266.14 > upper 265.86,stop
2017-12-15,1,24,2017-12-15 10:30:00-06:00,266.485,2017-12-15 14:52:00-06:00,266.505,265.74,4.8,long: close 266.44 > upper 266.30,flatten
2017-12-18,1,18,2017-12-18 09:00:00-06:00,268.49,2017-12-18 14:52:00-06:00,268.09499999999997,267.52,-71.1,long: close 268.44 > upper 268.28,flatten
2017-12-19,-1,43,2017-12-19 09:00:00-06:00,267.825,2017-12-19 14:52:00-06:00,267.40500000000003,268.2,180.6,short: close 267.89 < lower 267.96,flatten
2017-12-21,1,19,2017-12-21 12:30:00-06:00,268.3955,2017-12-21 14:52:00-06:00,267.515,267.48,-167.3,long: close 268.36 > upper 268.30,flatten
2018-01-02,1,21,2018-01-02 09:30:00-06:00,268.45500000000004,2018-01-02 14:52:00-06:00,268.66499999999996,267.64,44.1,long: close 268.41 > upper 268.18,flatten
2018-01-03,1,46,2018-01-03 09:00:00-06:00,269.61,2018-01-03 14:52:00-06:00,270.51,269.27,414.0,long: close 269.56 > upper 269.21,flatten
2018-01-04,1,25,2018-01-04 09:00:00-06:00,271.865,2018-01-04 14:52:00-06:00,271.585,271.18,-70.0,long: close 271.82 > upper 271.52,flatten
2018-01-08,1,28,2018-01-08 12:30:00-06:00,274.02500000000003,2018-01-08 14:52:00-06:00,273.97999999999996,273.41,-12.6,long: close 273.98 > upper 273.97,flatten
2018-01-09,1,25,2018-01-09 10:30:00-06:00,275.045,2018-01-09 14:52:00-06:00,274.633,274.36,-103.0,long: close 275.01 > upper 274.84,flatten
2018-01-11,1,27,2018-01-11 09:00:00-06:00,275.11,2018-01-11 14:52:00-06:00,275.905,274.48,214.65,long: close 275.07 > upper 275.06,flatten
2018-01-12,1,37,2018-01-12 09:00:00-06:00,277.07,2018-01-12 14:52:00-06:00,278.01,276.63,347.8,long: close 277.03 > upper 276.69,flatten
2018-01-16,1,18,2018-01-16 09:00:00-06:00,280.045,2018-01-16 09:37:00-06:00,278.995,279.04,-189.0,long: close 279.99 > upper 279.64,stop
2018-01-16,-1,14,2018-01-16 13:30:00-06:00,276.91999999999996,2018-01-16 14:52:00-06:00,277.385,278.22,-65.1,short: close 276.96 < lower 277.33,flatten
2018-01-17,1,17,2018-01-17 11:30:00-06:00,278.695,2018-01-17 14:52:00-06:00,279.60499999999996,277.65000000000003,154.7,long: close 278.64 > upper 278.54,flatten
2018-01-18,-1,36,2018-01-18 09:30:00-06:00,279.04499999999996,2018-01-18 10:22:00-06:00,279.545,279.5,-180.0,short: close 279.10 < lower 279.10,stop
2018-01-18,-1,33,2018-01-18 10:30:00-06:00,278.97499999999997,2018-01-18 12:56:00-06:00,279.51500000000004,279.47,-178.2,short: close 279.01 < lower 279.06,stop
2018-01-22,1,33,2018-01-22 09:30:00-06:00,281.345,2018-01-22 14:52:00-06:00,282.375,280.84000000000003,339.9,long: close 281.29 > upper 280.78,flatten
2018-01-23,1,34,2018-01-23 10:00:00-06:00,283.49,2018-01-23 10:51:00-06:00,282.955,283.0,-181.9,long: close 283.45 > upper 283.19,stop
2018-01-26,1,19,2018-01-26 10:30:00-06:00,284.815,2018-01-26 14:52:00-06:00,286.21999999999997,283.86,266.95,long: close 284.76 > upper 284.72,flatten
2018-01-29,-1,23,2018-01-29 10:00:00-06:00,285.205,2018-01-29 11:58:00-06:00,285.995,285.95,-181.7,short: close 285.26 < lower 285.52,stop
2018-01-30,-1,13,2018-01-30 09:00:00-06:00,281.945,2018-01-30 14:52:00-06:00,282.19,283.38,-31.85,short: close 281.99 < lower 282.19,flatten
2018-02-01,1,16,2018-02-01 11:00:00-06:00,282.9004,2018-02-01 13:12:00-06:00,281.765,281.81,-181.66,long: close 282.85 > upper 282.56,stop
2018-02-02,-1,15,2018-02-02 09:00:00-06:00,279.3451,2018-02-02 14:52:00-06:00,275.885,280.54,519.02,short: close 279.39 < lower 279.65,flatten
2018-02-05,-1,9,2018-02-05 12:30:00-06:00,271.47499999999997,2018-02-05 14:52:00-06:00,265.545,273.39,533.7,short: close 271.52 < lower 272.58,flatten
2018-02-06,1,7,2018-02-06 09:00:00-06:00,265.865,2018-02-06 09:17:00-06:00,263.335,263.38,-177.1,long: close 265.79 > upper 264.58,stop
2018-02-06,1,7,2018-02-06 11:30:00-06:00,265.4099,2018-02-06 12:57:00-06:00,262.645,262.69,-193.54,long: close 265.34 > upper 264.81,stop
2018-02-07,1,16,2018-02-07 09:00:00-06:00,270.105,2018-02-07 12:14:00-06:00,268.935,268.98,-187.2,long: close 270.06 > upper 269.97,stop
2018-02-08,-1,18,2018-02-08 09:30:00-06:00,266.015,2018-02-08 14:52:00-06:00,259.545,267.0,1164.6,short: close 266.08 < lower 266.83,flatten
2018-02-09,-1,6,2018-02-09 11:30:00-06:00,254.79520000000002,2018-02-09 13:03:00-06:00,257.845,257.8,-182.99,short: close 254.84 < lower 256.27,stop
2018-02-12,1,7,2018-02-12 13:00:00-06:00,266.355,2018-02-12 14:52:00-06:00,265.335,263.78000000000003,-71.4,long: close 266.30 > upper 265.36,flatten
2018-02-14,1,9,2018-02-14 10:30:00-06:00,267.435,2018-02-14 14:52:00-06:00,269.91499999999996,265.33,223.2,long: close 267.38 > upper 267.34,flatten
2018-02-21,1,8,2018-02-21 13:30:00-06:00,274.075,2018-02-21 14:10:00-06:00,271.695,271.74,-190.4,long: close 274.03 > upper 274.01,stop
2018-02-28,1,16,2018-02-28 09:00:00-06:00,276.21500000000003,2018-02-28 09:52:00-06:00,275.085,275.13,-180.8,long: close 276.17 > upper 276.12,stop
2018-03-01,-1,33,2018-03-01 09:00:00-06:00,270.175,2018-03-01 09:00:00-06:00,270.725,270.68,-181.5,short: close 270.24 < lower 270.98,stop
2018-03-01,-1,9,2018-03-01 12:30:00-06:00,269.025,2018-03-01 14:52:00-06:00,268.185,271.05,75.6,short: close 269.08 < lower 269.34,flatten
2018-03-05,1,10,2018-03-05 10:30:00-06:00,270.825,2018-03-05 14:52:00-06:00,272.38,269.09000000000003,155.5,long: close 270.78 > upper 270.16,flatten
2018-03-09,1,13,2018-03-09 09:30:00-06:00,276.46500000000003,2018-03-09 14:52:00-06:00,278.34,275.04,243.75,long: close 276.42 > upper 276.31,flatten
2018-03-14,-1,10,2018-03-14 11:00:00-05:00,275.28499999999997,2018-03-14 14:52:00-05:00,275.095,277.1,19.0,short: close 275.32 < lower 275.43,flatten
2018-03-19,-1,20,2018-03-19 09:00:00-05:00,272.66499999999996,2018-03-19 14:52:00-05:00,270.11,273.53000000000003,511.0,short: close 272.70 < lower 272.89,flatten
2018-03-22,-1,8,2018-03-22 10:00:00-05:00,266.675,2018-03-22 14:52:00-05:00,264.125,268.82,204.0,short: close 266.73 < lower 267.03,flatten
2018-03-23,-1,12,2018-03-23 11:00:00-05:00,261.78499999999997,2018-03-23 12:24:00-05:00,263.32500000000005,263.28000000000003,-184.8,short: close 261.84 < lower 262.41,stop
2018-03-26,1,8,2018-03-26 09:00:00-05:00,262.675,2018-03-26 10:10:00-05:00,260.235,260.28000000000003,-195.2,long: close 262.63 > upper 262.47,stop
2018-03-26,1,5,2018-03-26 13:30:00-05:00,263.52500000000003,2018-03-26 14:52:00-05:00,265.075,260.16,77.5,long: close 263.47 > upper 263.45,flatten
2018-03-28,1,38,2018-03-28 09:00:00-05:00,261.26500000000004,2018-03-28 09:12:00-05:00,260.795,260.84000000000003,-178.6,long: close 261.23 > upper 261.07,stop
2018-03-28,-1,21,2018-03-28 10:00:00-05:00,259.72499999999997,2018-03-28 10:09:00-05:00,260.595,260.55,-182.7,short: close 259.76 < lower 259.81,stop
2018-03-29,1,13,2018-03-29 10:00:00-05:00,262.77500000000003,2018-03-29 14:52:00-05:00,264.405,261.38,211.9,long: close 262.74 > upper 261.87,flatten
2018-04-02,-1,21,2018-04-02 09:00:00-05:00,261.695,2018-04-02 14:52:00-05:00,257.285,262.53000000000003,926.1,short: close 261.77 < lower 262.19,flatten
2018-04-06,-1,7,2018-04-06 11:30:00-05:00,261.775,2018-04-06 14:52:00-05:00,260.675,264.29,77.0,short: close 261.81 < lower 262.02,flatten
2018-04-09,1,14,2018-04-09 09:00:00-05:00,262.14500000000004,2018-04-09 14:52:00-05:00,261.705,260.82,-61.6,long: close 262.09 > upper 261.92,flatten
2018-04-12,1,13,2018-04-12 09:00:00-05:00,266.52500000000003,2018-04-12 12:30:00-05:00,265.055,265.1,-191.1,long: close 266.49 > upper 265.92,stop
2018-04-19,-1,10,2018-04-19 12:00:00-05:00,268.065,2018-04-19 14:52:00-05:00,269.055,269.95,-99.0,short: close 268.11 < lower 268.12,flatten
2018-04-20,-1,16,2018-04-20 10:00:00-05:00,267.41499999999996,2018-04-20 14:52:00-05:00,266.06280000000004,268.5,216.35,short: close 267.48 < lower 267.75,flatten
2018-04-24,-1,9,2018-04-24 11:30:00-05:00,264.85499999999996,2018-04-24 14:52:00-05:00,263.005,266.78000000000003,166.5,short: close 264.91 < lower 265.23,flatten
2018-04-25,-1,28,2018-04-25 09:00:00-05:00,261.005,2018-04-25 09:05:00-05:00,261.665,261.62,-184.8,short: close 261.04 < lower 262.36,stop
2018-04-25,-1,24,2018-04-25 09:30:00-05:00,261.98499999999996,2018-04-25 09:37:00-05:00,262.745,262.7,-182.4,short: close 262.03 < lower 262.25,stop
2018-04-26,1,13,2018-04-26 10:00:00-05:00,266.02500000000003,2018-04-26 14:52:00-05:00,266.075,264.65,6.5,long: close 265.99 > upper 265.57,flatten
2018-05-01,-1,18,2018-05-01 10:00:00-05:00,262.925,2018-05-01 13:22:00-05:00,263.985,263.94,-190.8,short: close 262.97 < lower 263.15,stop
2018-05-02,-1,28,2018-05-02 09:00:00-05:00,264.10499999999996,2018-05-02 09:09:00-05:00,264.745,264.7,-179.2,short: close 264.14 < lower 264.27,stop
2018-05-03,-1,18,2018-05-03 09:30:00-05:00,260.425,2018-05-03 11:41:00-05:00,261.46500000000003,261.42,-187.2,short: close 260.49 < lower 261.74,stop
2018-05-04,1,17,2018-05-04 09:30:00-05:00,263.795,2018-05-04 14:52:00-05:00,265.775,262.72,336.6,long: close 263.75 > upper 263.12,flatten
2018-05-07,1,20,2018-05-07 09:00:00-05:00,267.785,2018-05-07 09:37:00-05:00,266.865,266.91,-184.0,long: close 267.74 > upper 267.33,stop
2018-05-09,1,11,2018-05-09 12:00:00-05:00,269.09000000000003,2018-05-09 14:52:00-05:00,269.255,267.4,18.15,long: close 269.04 > upper 268.98,flatten
2018-05-10,1,13,2018-05-10 10:30:00-05:00,271.445,2018-05-10 14:52:00-05:00,272.02,270.03000000000003,74.75,long: close 271.39 > upper 271.32,flatten
2018-05-11,1,30,2018-05-11 09:00:00-05:00,272.77500000000003,2018-05-11 11:14:00-05:00,272.16499999999996,272.21,-183.0,long: close 272.75 > upper 272.66,stop
2018-05-15,-1,15,2018-05-15 09:00:00-05:00,270.305,2018-05-15 09:38:00-05:00,271.545,271.5,-186.0,short: close 270.37 < lower 271.04,stop
2018-05-15,-1,11,2018-05-15 13:00:00-05:00,270.065,2018-05-15 14:52:00-05:00,270.84000000000003,271.76,-85.25,short: close 270.11 < lower 270.54,flatten
2018-05-16,1,33,2018-05-16 09:00:00-05:00,271.875,2018-05-16 09:11:00-05:00,271.315,271.36,-184.8,long: close 271.81 > upper 271.58,stop
2018-05-16,1,16,2018-05-16 11:30:00-05:00,272.42,2018-05-16 14:52:00-05:00,271.84499999999997,271.29,-92.0,long: close 272.37 > upper 272.20,flatten
2018-05-17,1,18,2018-05-17 10:00:00-05:00,273.185,2018-05-17 11:55:00-05:00,272.115,272.16,-192.6,long: close 273.14 > upper 273.10,stop
2018-05-24,-1,25,2018-05-24 09:00:00-05:00,271.83,2018-05-24 11:15:00-05:00,272.565,272.52,-183.75,short: close 271.88 < lower 272.46,stop
2018-05-29,-1,13,2018-05-29 11:00:00-05:00,268.875,2018-05-29 14:52:00-05:00,269.26500000000004,270.22,-50.7,short: close 268.92 < lower 269.89,flatten
2018-05-30,1,14,2018-05-30 10:00:00-05:00,271.805,2018-05-30 14:52:00-05:00,272.44,270.5,88.9,long: close 271.76 > upper 271.13,flatten
2018-05-31,-1,20,2018-05-31 10:00:00-05:00,271.155,2018-05-31 10:39:00-05:00,272.065,272.02,-182.0,short: close 271.20 < lower 271.50,stop
2018-05-31,-1,19,2018-05-31 11:30:00-05:00,271.375,2018-05-31 14:52:00-05:00,270.875,272.32,95.0,short: close 271.41 < lower 271.43,flatten
2018-06-01,1,14,2018-06-01 09:00:00-05:00,272.995,2018-06-01 14:52:00-05:00,273.46,271.74,65.1,long: close 272.94 > upper 272.82,flatten
2018-06-04,1,21,2018-06-04 09:00:00-05:00,275.08000000000004,2018-06-04 14:52:00-05:00,274.935,274.22,-30.45,long: close 275.04 > upper 274.94,flatten
2018-06-06,1,20,2018-06-06 11:00:00-05:00,276.46500000000003,2018-06-06 14:52:00-05:00,277.075,275.57,122.0,long: close 276.42 > upper 276.40,flatten
2018-06-07,-1,20,2018-06-07 12:30:00-05:00,276.765,2018-06-07 14:52:00-05:00,277.435,277.64,-134.0,short: close 276.81 < lower 276.85,flatten
2018-06-11,1,25,2018-06-11 11:00:00-05:00,279.135,2018-06-11 14:52:00-05:00,278.79499999999996,278.42,-85.0,long: close 279.08 > upper 279.03,flatten
2018-06-15,-1,13,2018-06-15 09:30:00-05:00,276.065,2018-06-15 13:33:00-05:00,277.495,277.45,-185.9,short: close 276.12 < lower 276.27,stop
2018-06-19,-1,11,2018-06-19 09:30:00-05:00,273.625,2018-06-19 10:49:00-05:00,275.245,275.2,-178.2,short: close 273.68 < lower 273.71,stop
2018-06-21,-1,60,2018-06-21 09:00:00-05:00,275.465,2018-06-21 14:52:00-05:00,274.355,275.7,666.0,short: close 275.52 < lower 275.73,flatten
2018-06-25,-1,21,2018-06-25 09:00:00-05:00,271.97499999999997,2018-06-25 14:52:00-05:00,271.14500000000004,272.83,174.3,short: close 272.03 < lower 273.22,flatten
2018-06-26,1,18,2018-06-26 12:30:00-05:00,272.475,2018-06-26 14:50:00-05:00,271.41499999999996,271.46,-190.8,long: close 272.43 > upper 272.35,stop
2018-06-27,1,27,2018-06-27 09:00:00-05:00,273.325,2018-06-27 10:06:00-05:00,272.635,272.68,-186.3,long: close 273.29 > upper 272.55,stop
2018-06-27,-1,14,2018-06-27 13:30:00-05:00,270.435,2018-06-27 14:52:00-05:00,269.815,271.68,86.8,short: close 270.48 < lower 270.66,flatten
2018-06-28,1,29,2018-06-28 10:00:00-05:00,269.975,2018-06-28 10:13:00-05:00,269.35499999999996,269.4,-179.8,long: close 269.93 > upper 269.86,stop
2018-06-28,1,28,2018-06-28 10:30:00-05:00,270.285,2018-06-28 11:09:00-05:00,269.635,269.68,-182.0,long: close 270.24 > upper 269.89,stop
2018-06-29,1,19,2018-06-29 09:00:00-05:00,272.8,2018-06-29 14:50:00-05:00,271.835,271.88,-183.35,long: close 272.75 > upper 272.46,stop
2018-07-03,-1,15,2018-07-03 12:00:00-05:00,270.775,2018-07-03 14:52:00-05:00,270.365,271.95,61.5,short: close 270.83 < lower 271.23,flatten
2018-07-06,1,37,2018-07-06 09:00:00-05:00,273.76500000000004,2018-07-06 14:52:00-05:00,275.08,273.33,486.55,long: close 273.71 > upper 273.56,flatten
2018-07-09,1,13,2018-07-09 11:00:00-05:00,277.545,2018-07-09 14:52:00-05:00,277.71,276.14,21.45,long: close 277.50 > upper 277.37,flatten
2018-07-17,1,17,2018-07-17 11:00:00-05:00,280.23,2018-07-17 14:52:00-05:00,280.465,279.15000000000003,39.95,long: close 280.18 > upper 279.99,flatten
2018-07-19,-1,25,2018-07-19 09:00:00-05:00,279.72499999999997,2018-07-19 10:38:00-05:00,280.46500000000003,280.42,-185.0,short: close 279.78 < lower 279.98,stop
2018-07-24,1,17,2018-07-24 09:00:00-05:00,282.075,2018-07-24 12:31:00-05:00,280.985,281.03000000000003,-185.3,long: close 282.03 > upper 282.02,stop
2018-07-25,1,39,2018-07-25 09:00:00-05:00,281.925,2018-07-25 09:10:00-05:00,281.465,281.51,-179.4,long: close 281.88 > upper 281.86,stop
2018-07-25,1,22,2018-07-25 12:00:00-05:00,282.475,2018-07-25 14:52:00-05:00,284.055,281.66,347.6,long: close 282.43 > upper 282.26,flatten
2018-07-27,-1,25,2018-07-27 10:00:00-05:00,282.765,2018-07-27 14:52:00-05:00,281.451,283.44,328.5,short: close 282.81 < lower 282.82,flatten
2018-07-30,-1,50,2018-07-30 09:00:00-05:00,280.875,2018-07-30 09:28:00-05:00,281.225,281.18,-175.0,short: close 280.93 < lower 281.16,stop
2018-07-30,-1,33,2018-07-30 10:00:00-05:00,280.54499999999996,2018-07-30 14:52:00-05:00,279.885,281.04,217.8,short: close 280.60 < lower 280.98,flatten
2018-07-31,1,16,2018-07-31 11:00:00-05:00,281.64500000000004,2018-07-31 14:52:00-05:00,280.89,280.56,-120.8,long: close 281.60 > upper 281.45,flatten
2018-08-01,1,31,2018-08-01 09:30:00-05:00,281.985,2018-08-01 10:26:00-05:00,281.395,281.44,-182.9,long: close 281.94 > upper 281.93,stop
2018-08-02,1,12,2018-08-02 11:30:00-05:00,281.795,2018-08-02 14:52:00-05:00,282.3275,280.22,63.9,long: close 281.74 > upper 281.73,flatten
2018-08-03,1,31,2018-08-03 09:30:00-05:00,283.11080000000004,2018-08-03 10:57:00-05:00,282.515,282.56,-184.7,long: close 283.06 > upper 282.98,stop
2018-08-06,1,18,2018-08-06 11:30:00-05:00,284.735,2018-08-06 14:52:00-05:00,284.585,283.72,-27.0,long: close 284.68 > upper 284.61,flatten
2018-08-10,-1,10,2018-08-10 13:30:00-05:00,282.375,2018-08-10 14:52:00-05:00,283.21500000000003,284.2,-84.0,short: close 282.41 < lower 282.43,flatten
2018-08-13,1,36,2018-08-13 09:00:00-05:00,283.945,2018-08-13 10:08:00-05:00,283.435,283.48,-183.6,long: close 283.90 > upper 283.75,stop
2018-08-13,-1,22,2018-08-13 11:00:00-05:00,282.375,2018-08-13 14:52:00-05:00,281.995,283.18,83.6,short: close 282.42 < lower 282.49,flatten
2018-08-14,1,21,2018-08-14 10:00:00-05:00,283.785,2018-08-14 14:52:00-05:00,283.78499999999997,282.95,-0.0,long: close 283.74 > upper 283.33,flatten
2018-08-15,-1,18,2018-08-15 09:00:00-05:00,281.3,2018-08-15 14:52:00-05:00,281.78000000000003,282.3,-86.4,short: close 281.35 < lower 282.12,flatten
2018-08-16,1,13,2018-08-16 10:00:00-05:00,283.995,2018-08-16 14:52:00-05:00,283.765,282.64,-29.9,long: close 283.95 > upper 283.92,flatten
2018-08-17,1,16,2018-08-17 13:30:00-05:00,285.235,2018-08-17 14:52:00-05:00,284.9251,284.15000000000003,-49.58,long: close 285.19 > upper 285.05,flatten
2018-08-21,1,32,2018-08-21 09:00:00-05:00,286.875,2018-08-21 10:20:00-05:00,286.315,286.36,-179.2,long: close 286.82 > upper 286.49,stop
2018-08-21,1,19,2018-08-21 11:00:00-05:00,287.01500000000004,2018-08-21 14:52:00-05:00,286.245,286.06,-146.3,long: close 286.97 > upper 286.94,flatten
2018-08-23,1,43,2018-08-23 09:00:00-05:00,286.51500000000004,2018-08-23 10:08:00-05:00,286.105,286.15000000000003,-176.3,long: close 286.46 > upper 286.46,stop
2018-08-24,1,21,2018-08-24 10:00:00-05:00,287.245,2018-08-24 14:52:00-05:00,287.46,286.41,45.15,long: close 287.19 > upper 286.94,flatten
2018-08-27,1,19,2018-08-27 09:00:00-05:00,289.355,2018-08-27 14:52:00-05:00,289.53999999999996,288.40000000000003,35.15,long: close 289.30 > upper 289.14,flatten
2018-08-29,1,25,2018-08-29 10:00:00-05:00,290.925,2018-08-29 14:52:00-05:00,291.48499999999996,290.22,140.0,long: close 290.88 > upper 290.72,flatten
2018-09-04,-1,36,2018-09-04 09:00:00-05:00,289.22499999999997,2018-09-04 09:08:00-05:00,289.725,289.68,-180.0,short: close 289.16 < lower 289.57,stop
2018-09-04,-1,19,2018-09-04 11:30:00-05:00,288.925,2018-09-04 13:24:00-05:00,289.89500000000004,289.85,-184.3,short: close 288.96 < lower 289.11,stop
2018-09-05,-1,31,2018-09-05 09:00:00-05:00,288.825,2018-09-05 12:20:00-05:00,289.40500000000003,289.36,-179.8,short: close 288.86 < lower 289.10,stop
2018-09-06,1,48,2018-09-06 09:00:00-05:00,289.505,2018-09-06 09:02:00-05:00,289.135,289.18,-177.6,long: close 289.45 > upper 289.43,stop
2018-09-06,-1,32,2018-09-06 10:00:00-05:00,287.695,2018-09-06 13:47:00-05:00,288.255,288.21,-179.2,short: close 287.74 < lower 288.59,stop
2018-09-11,1,16,2018-09-11 11:00:00-05:00,289.435,2018-09-11 14:52:00-05:00,288.97499999999997,288.32,-73.6,long: close 289.40 > upper 288.85,flatten
2018-09-13,1,20,2018-09-13 09:00:00-05:00,290.72,2018-09-13 14:52:00-05:00,290.58,289.81,-28.0,long: close 290.67 > upper 290.65,flatten
2018-09-17,-1,43,2018-09-17 09:00:00-05:00,290.435,2018-09-17 14:52:00-05:00,289.245,290.8,511.7,short: close 290.48 < lower 290.49,flatten
2018-09-18,1,38,2018-09-18 09:00:00-05:00,290.325,2018-09-18 14:52:00-05:00,290.875,289.89,209.0,long: close 290.28 > upper 289.89,flatten
2018-09-20,1,12,2018-09-20 11:00:00-05:00,293.51,2018-09-20 14:52:00-05:00,293.465,292.06,-5.4,long: close 293.47 > upper 293.39,flatten
2018-09-26,1,19,2018-09-26 13:30:00-05:00,291.985,2018-09-26 14:06:00-05:00,291.015,291.06,-184.3,long: close 291.93 > upper 291.73,stop
2018-09-27,1,23,2018-09-27 09:30:00-05:00,291.235,2018-09-27 14:39:00-05:00,290.435,290.48,-184.0,long: close 291.20 > upper 290.90,stop
2018-10-01,1,17,2018-10-01 09:00:00-05:00,292.62,2018-10-01 14:26:00-05:00,291.545,291.59000000000003,-182.75,long: close 292.58 > upper 292.40,stop
2018-10-04,-1,30,2018-10-04 09:00:00-05:00,290.685,2018-10-04 14:52:00-05:00,289.46500000000003,291.24,366.0,short: close 290.74 < lower 290.92,flatten
2018-10-05,-1,24,2018-10-05 10:30:00-05:00,288.125,2018-10-05 14:52:00-05:00,288.165,288.86,-9.6,short: close 288.16 < lower 288.85,flatten
2018-10-08,-1,14,2018-10-08 11:00:00-05:00,286.0917,2018-10-08 13:09:00-05:00,287.435,287.39,-188.06,short: close 286.13 < lower 286.17,stop
2018-10-09,1,26,2018-10-09 09:30:00-05:00,288.555,2018-10-09 10:01:00-05:00,287.835,287.88,-187.2,long: close 288.49 > upper 288.26,stop
2018-10-10,-1,29,2018-10-10 09:00:00-05:00,284.69,2018-10-10 14:52:00-05:00,279.65500000000003,285.28000000000003,1460.15,short: close 284.72 < lower 286.54,flatten
2018-10-11,1,19,2018-10-11 09:00:00-05:00,278.815,2018-10-11 09:04:00-05:00,277.815,277.86,-190.0,long: close 278.78 > upper 278.59,stop
2018-10-11,-1,14,2018-10-11 10:00:00-05:00,275.765,2018-10-11 11:20:00-05:00,277.08500000000004,277.04,-184.8,short: close 275.79 < lower 276.35,stop
2018-10-16,1,10,2018-10-16 10:00:00-05:00,278.115,2018-10-16 14:52:00-05:00,280.395,276.32,228.0,long: close 278.08 > upper 277.32,flatten
2018-10-17,-1,28,2018-10-17 09:00:00-05:00,279.09499999999997,2018-10-17 10:42:00-05:00,279.755,279.71,-184.8,short: close 279.13 < lower 279.75,stop
2018-10-18,-1,16,2018-10-18 09:00:00-05:00,278.675,2018-10-18 09:37:00-05:00,279.845,279.8,-187.2,short: close 278.74 < lower 278.77,stop
2018-10-18,-1,11,2018-10-18 10:30:00-05:00,278.185,2018-10-18 14:52:00-05:00,276.27500000000003,279.83,210.1,short: close 278.23 < lower 278.25,flatten
2018-10-19,1,18,2018-10-19 09:00:00-05:00,278.495,2018-10-19 10:36:00-05:00,277.47499999999997,277.52,-183.6,long: close 278.44 > upper 277.77,stop
2018-10-22,-1,16,2018-10-22 09:00:00-05:00,275.315,2018-10-22 09:49:00-05:00,276.46500000000003,276.42,-184.0,short: close 275.36 < lower 275.48,stop
2018-10-23,-1,6,2018-10-23 09:30:00-05:00,269.435,2018-10-23 12:07:00-05:00,272.505,272.46,-184.2,short: close 269.48 < lower 269.97,stop
2018-10-24,-1,15,2018-10-24 09:30:00-05:00,272.145,2018-10-24 14:52:00-05:00,266.37,273.32,866.25,short: close 272.20 < lower 272.26,flatten
2018-10-25,1,9,2018-10-25 09:30:00-05:00,268.755,2018-10-25 14:52:00-05:00,269.8,266.66,94.05,long: close 268.70 > upper 268.39,flatten
2018-10-26,-1,6,2018-10-26 09:30:00-05:00,264.35499999999996,2018-10-26 11:43:00-05:00,267.625,267.58,-196.2,short: close 264.41 < lower 264.81,stop
2018-10-30,1,21,2018-10-30 09:00:00-05:00,266.745,2018-10-30 09:09:00-05:00,265.865,265.91,-184.8,long: close 266.68 > upper 264.58,stop
2018-10-30,1,15,2018-10-30 09:30:00-05:00,265.92,2018-10-30 09:37:00-05:00,264.675,264.72,-186.75,long: close 265.86 > upper 264.94,stop
2018-10-31,1,7,2018-10-31 09:30:00-05:00,272.035,2018-10-31 14:52:00-05:00,270.905,269.44,-79.1,long: close 271.98 > upper 271.84,flatten
2018-11-02,-1,9,2018-11-02 10:30:00-05:00,271.79499999999996,2018-11-02 14:52:00-05:00,271.935,273.77,-12.6,short: close 271.84 < lower 272.15,flatten
2018-11-06,1,20,2018-11-06 09:00:00-06:00,274.635,2018-11-06 13:26:00-06:00,273.695,273.74,-188.0,long: close 274.60 > upper 274.27,stop
2018-11-07,1,7,2018-11-07 11:00:00-06:00,279.435,2018-11-07 14:52:00-06:00,280.525,276.77,76.3,long: close 279.38 > upper 279.00,flatten
2018-11-09,-1,9,2018-11-09 11:00:00-06:00,277.09499999999997,2018-11-09 14:52:00-06:00,278.14500000000004,279.17,-94.5,short: close 277.14 < lower 277.66,flatten
2018-11-12,-1,17,2018-11-12 09:00:00-06:00,275.5651,2018-11-12 14:52:00-06:00,272.545,276.61,513.42,short: close 275.61 < lower 276.45,flatten
2018-11-14,-1,7,2018-11-14 12:00:00-06:00,270.185,2018-11-14 14:52:00-06:00,270.555,272.92,-25.9,short: close 270.24 < lower 270.38,flatten
2018-11-15,1,8,2018-11-15 12:30:00-06:00,271.86490000000003,2018-11-15 14:52:00-06:00,272.555,269.53000000000003,55.21,long: close 271.81 > upper 271.80,flatten
2018-11-19,-1,14,2018-11-19 09:30:00-06:00,271.245,2018-11-19 14:52:00-06:00,268.57140000000004,272.54,374.3,short: close 271.29 < lower 272.07,flatten
2018-11-20,-1,7,2018-11-20 09:00:00-06:00,264.5652,2018-11-20 11:04:00-06:00,267.045,267.0,-173.59,short: close 264.62 < lower 264.83,stop
2018-11-26,1,9,2018-11-26 09:00:00-06:00,267.225,2018-11-26 14:52:00-06:00,267.385,265.22,14.4,long: close 267.16 > upper 266.37,flatten
2018-11-28,1,9,2018-11-28 11:30:00-06:00,272.39500000000004,2018-11-28 14:52:00-06:00,274.305,270.38,171.9,long: close 272.35 > upper 270.99,flatten
2018-12-04,-1,18,2018-12-04 09:00:00-06:00,277.715,2018-12-04 14:52:00-06:00,270.165,278.7,1359.0,short: close 277.75 < lower 277.81,flatten
2018-12-06,-1,6,2018-12-06 09:00:00-06:00,265.025,2018-12-06 14:30:00-06:00,267.925,267.88,-174.0,short: close 265.07 < lower 265.36,stop
2018-12-07,-1,19,2018-12-07 09:30:00-06:00,268.22499999999997,2018-12-07 14:52:00-06:00,264.105,269.15,782.8,short: close 268.26 < lower 268.76,flatten
2018-12-10,-1,22,2018-12-10 09:00:00-06:00,261.615,2018-12-10 09:06:00-06:00,262.46500000000003,262.42,-187.0,short: close 261.67 < lower 262.71,stop
2018-12-10,-1,20,2018-12-10 09:30:00-06:00,262.305,2018-12-10 12:36:00-06:00,263.225,263.18,-184.0,short: close 262.35 < lower 262.64,stop
2018-12-14,-1,7,2018-12-14 11:00:00-06:00,261.1816,2018-12-14 14:52:00-06:00,260.225,263.81,66.96,short: close 261.24 < lower 261.54,flatten
2018-12-17,-1,15,2018-12-17 09:00:00-06:00,258.395,2018-12-17 09:56:00-06:00,259.665,259.62,-190.5,short: close 258.45 < lower 258.73,stop
2018-12-17,-1,8,2018-12-17 12:00:00-06:00,257.615,2018-12-17 14:52:00-06:00,254.42499999999998,259.76,255.2,short: close 257.67 < lower 257.82,flatten
2018-12-19,1,25,2018-12-19 09:00:00-06:00,256.95500000000004,2018-12-19 13:00:00-06:00,256.215,256.26,-185.0,long: close 256.91 > upper 255.86,stop
2018-12-20,-1,8,2018-12-20 11:00:00-06:00,247.615,2018-12-20 14:52:00-06:00,246.375,249.88,99.2,short: close 247.66 < lower 248.28,flatten
2018-12-21,1,22,2018-12-21 09:30:00-06:00,248.52499999999998,2018-12-21 09:40:00-06:00,247.675,247.72,-187.0,long: close 248.49 > upper 247.78,stop
2018-12-21,-1,9,2018-12-21 11:30:00-06:00,243.485,2018-12-21 14:52:00-06:00,240.695,245.44,251.1,short: close 243.53 < lower 245.02,flatten
2018-12-24,-1,11,2018-12-24 09:00:00-06:00,237.32500000000002,2018-12-24 09:38:00-06:00,238.965,238.92000000000002,-180.4,short: close 237.38 < lower 238.27,stop
2018-12-24,-1,8,2018-12-24 10:30:00-06:00,236.91500000000002,2018-12-24 12:11:00-06:00,239.225,239.18,-184.8,short: close 236.97 < lower 237.60,stop
2018-12-26,1,6,2018-12-26 11:00:00-06:00,238.36499999999998,2018-12-26 14:52:00-06:00,244.375,235.20000000000002,360.6,long: close 238.32 > upper 237.69,flatten
2018-12-27,-1,8,2018-12-27 09:30:00-06:00,240.94500000000002,2018-12-27 10:30:00-06:00,243.385,243.34,-195.2,short: close 240.99 < lower 241.88,stop
2018-12-27,-1,4,2018-12-27 13:30:00-06:00,239.78500000000003,2018-12-27 14:24:00-06:00,243.95499999999998,243.91,-166.8,short: close 239.85 < lower 240.16,stop
2019-01-03,-1,11,2019-01-03 09:00:00-06:00,247.13500000000002,2019-01-03 14:52:00-06:00,244.825,248.84,254.1,short: close 247.25 < lower 247.56,flatten
2019-01-04,1,7,2019-01-04 09:00:00-06:00,249.17,2019-01-04 14:52:00-06:00,252.175,246.70000000000002,210.35,long: close 249.12 > upper 248.33,flatten
2019-01-07,1,10,2019-01-07 11:00:00-06:00,255.42499999999998,2019-01-07 14:52:00-06:00,254.615,253.56,-81.0,long: close 255.40 > upper 254.44,flatten
2019-01-15,1,21,2019-01-15 09:00:00-06:00,259.185,2019-01-15 14:52:00-06:00,260.21,258.36,215.25,long: close 259.13 > upper 258.47,flatten
2019-01-18,1,7,2019-01-18 11:30:00-06:00,266.845,2019-01-18 14:52:00-06:00,265.705,264.12,-79.8,long: close 266.80 > upper 266.70,flatten
2019-01-22,-1,7,2019-01-22 11:00:00-06:00,262.835,2019-01-22 14:52:00-06:00,261.89500000000004,265.29,65.8,short: close 262.88 < lower 263.16,flatten
2019-01-28,-1,11,2019-01-28 09:00:00-06:00,262.66499999999996,2019-01-28 14:52:00-06:00,263.18,264.36,-56.65,short: close 262.71 < lower 262.90,flatten
2019-01-29,-1,18,2019-01-29 10:00:00-06:00,262.685,2019-01-29 11:13:00-06:00,263.745,263.7,-190.8,short: close 262.73 < lower 262.82,stop
2019-01-30,1,10,2019-01-30 13:30:00-06:00,267.51500000000004,2019-01-30 14:52:00-06:00,267.275,265.66,-24.0,long: close 267.47 > upper 266.12,flatten
2019-01-31,1,27,2019-01-31 09:30:00-06:00,269.105,2019-01-31 14:52:00-06:00,269.765,268.46,178.2,long: close 269.06 > upper 268.20,flatten
2019-02-01,1,22,2019-02-01 09:30:00-06:00,271.035,2019-02-01 09:56:00-06:00,270.195,270.24,-184.8,long: close 270.99 > upper 270.81,stop
2019-02-04,1,16,2019-02-04 13:00:00-06:00,271.435,2019-02-04 14:52:00-06:00,271.395,270.32,-6.4,long: close 271.39 > upper 271.21,flatten
2019-02-07,-1,11,2019-02-07 10:00:00-06:00,269.835,2019-02-07 14:52:00-06:00,270.0,271.44,-18.15,short: close 269.88 < lower 270.24,flatten
2019-02-12,1,15,2019-02-12 09:00:00-06:00,273.065,2019-02-12 14:52:00-06:00,273.97999999999996,271.86,137.25,long: close 273.01 > upper 272.75,flatten
2019-02-13,1,22,2019-02-13 09:00:00-06:00,275.565,2019-02-13 10:30:00-06:00,274.715,274.76,-187.0,long: close 275.53 > upper 275.37,stop
2019-02-21,-1,25,2019-02-21 09:00:00-06:00,277.255,2019-02-21 11:33:00-06:00,277.985,277.94,-182.5,short: close 277.30 < lower 277.40,stop
2019-02-22,1,26,2019-02-22 09:00:00-06:00,278.505,2019-02-22 14:52:00-06:00,278.74,277.84000000000003,61.1,long: close 278.47 > upper 278.44,flatten
2019-02-27,-1,20,2019-02-27 09:30:00-06:00,277.78499999999997,2019-02-27 10:40:00-06:00,278.725,278.68,-188.0,short: close 277.83 < lower 278.05,stop
2019-03-01,1,14,2019-03-01 09:00:00-06:00,280.77500000000003,2019-03-01 09:33:00-06:00,279.47499999999997,279.52,-182.0,long: close 280.79 > upper 280.75,stop
2019-03-04,-1,16,2019-03-04 10:30:00-06:00,279.51,2019-03-04 14:52:00-06:00,279.01500000000004,280.6,79.2,short: close 279.55 < lower 279.96,flatten
2019-03-05,-1,43,2019-03-05 09:00:00-06:00,278.675,2019-03-05 09:00:00-06:00,279.08500000000004,279.04,-176.3,short: close 278.72 < lower 279.11,stop
2019-03-05,-1,30,2019-03-05 09:30:00-06:00,278.745,2019-03-05 10:11:00-06:00,279.365,279.32,-186.0,short: close 278.79 < lower 278.91,stop
2019-03-06,-1,44,2019-03-06 09:00:00-06:00,278.525,2019-03-06 14:52:00-06:00,277.59000000000003,278.88,411.4,short: close 278.57 < lower 278.74,flatten
2019-03-07,-1,31,2019-03-07 09:00:00-06:00,275.22499999999997,2019-03-07 10:31:00-06:00,275.815,275.77,-182.9,short: close 275.29 < lower 276.51,stop
2019-03-07,-1,16,2019-03-07 11:00:00-06:00,275.465,2019-03-07 14:52:00-06:00,274.63,276.55,133.6,short: close 275.51 < lower 275.98,flatten
2019-03-11,1,22,2019-03-11 09:00:00-05:00,276.33500000000004,2019-03-11 14:52:00-05:00,278.425,275.56,459.8,long: close 276.29 > upper 275.67,flatten
2019-03-12,1,18,2019-03-12 10:00:00-05:00,279.795,2019-03-12 14:52:00-05:00,279.445,278.82,-63.0,long: close 279.76 > upper 279.74,flatten
2019-03-13,1,14,2019-03-13 10:00:00-05:00,281.385,2019-03-13 14:52:00-05:00,281.35499999999996,280.12,-4.2,long: close 281.33 > upper 281.22,flatten
2019-03-18,1,32,2019-03-18 09:00:00-05:00,282.47,2019-03-18 10:21:00-05:00,281.905,281.95,-180.8,long: close 282.42 > upper 281.97,stop
2019-03-20,-1,27,2019-03-20 09:00:00-05:00,281.255,2019-03-20 13:00:00-05:00,281.935,281.89,-183.6,short: close 281.30 < lower 281.69,stop
2019-03-21,1,18,2019-03-21 09:00:00-05:00,282.175,2019-03-21 14:52:00-05:00,284.465,281.2,412.2,long: close 282.12 > upper 282.06,flatten
2019-03-22,-1,13,2019-03-22 09:00:00-05:00,281.895,2019-03-22 14:52:00-05:00,279.82,283.23,269.75,short: close 281.93 < lower 282.60,flatten
2019-03-25,-1,20,2019-03-25 09:00:00-05:00,277.955,2019-03-25 09:50:00-05:00,278.885,278.83,-186.0,short: close 277.99 < lower 278.18,stop
2019-03-26,1,11,2019-03-26 09:00:00-05:00,282.02500000000003,2019-03-26 11:43:00-05:00,280.295,280.34000000000003,-190.3,long: close 281.97 > upper 281.70,stop
2019-03-27,-1,17,2019-03-27 10:30:00-05:00,278.84499999999997,2019-03-27 12:44:00-05:00,279.94500000000005,279.90000000000003,-187.0,short: close 278.90 < lower 280.01,stop
2019-04-11,-1,20,2019-04-11 13:30:00-05:00,287.575,2019-04-11 14:52:00-05:00,288.09000000000003,288.48,-103.0,short: close 287.61 < lower 287.66,flatten
2019-04-15,-1,40,2019-04-15 09:00:00-05:00,289.765,2019-04-15 14:52:00-05:00,289.805,290.16,-16.0,short: close 289.81 < lower 289.81,flatten
2019-04-17,-1,19,2019-04-17 10:00:00-05:00,289.78499999999997,2019-04-17 14:52:00-05:00,289.695,290.73,17.1,short: close 289.82 < lower 289.84,flatten
2019-04-18,-1,27,2019-04-18 09:30:00-05:00,288.935,2019-04-18 10:09:00-05:00,289.605,289.56,-180.9,short: close 288.98 < lower 289.16,stop
2019-04-23,1,28,2019-04-23 09:30:00-05:00,291.555,2019-04-23 14:52:00-05:00,292.72499999999997,290.94,327.6,long: close 291.50 > upper 291.10,flatten
2019-04-25,-1,33,2019-04-25 09:30:00-05:00,291.125,2019-04-25 09:56:00-05:00,291.685,291.64,-184.8,short: close 291.18 < lower 291.67,stop
2019-04-26,-1,39,2019-04-26 09:00:00-05:00,291.46999999999997,2019-04-26 09:21:00-05:00,291.935,291.89,-181.35,short: close 291.51 < lower 291.67,stop
2019-04-29,1,26,2019-04-29 11:30:00-05:00,294.225,2019-04-29 14:52:00-05:00,293.85999999999996,293.56,-94.9,long: close 294.18 > upper 294.14,flatten
2019-04-30,-1,29,2019-04-30 09:00:00-05:00,292.97499999999997,2019-04-30 12:35:00-05:00,293.605,293.56,-182.7,short: close 293.03 < lower 293.06,stop
2019-05-02,-1,23,2019-05-02 10:30:00-05:00,290.435,2019-05-02 12:21:00-05:00,291.245,291.2,-186.3,short: close 290.48 < lower 291.00,stop
2019-05-03,1,12,2019-05-03 11:00:00-05:00,293.61510000000004,2019-05-03 14:52:00-05:00,294.055,292.11,52.79,long: close 293.57 > upper 293.56,flatten
2019-05-07,-1,9,2019-05-07 10:00:00-05:00,288.425,2019-05-07 14:52:00-05:00,287.445,290.5,88.2,short: close 288.47 < lower 289.45,flatten
2019-05-09,-1,11,2019-05-09 09:00:00-05:00,284.53499999999997,2019-05-09 11:35:00-05:00,286.225,286.18,-185.9,short: close 284.57 < lower 284.76,stop
2019-05-10,-1,15,2019-05-10 09:30:00-05:00,284.28499999999997,2019-05-10 11:33:00-05:00,285.495,285.45,-181.5,short: close 284.34 < lower 285.02,stop
2019-05-13,-1,5,2019-05-13 09:30:00-05:00,281.66499999999996,2019-05-13 14:52:00-05:00,280.995,285.11,33.5,short: close 281.72 < lower 281.78,flatten
2019-05-14,1,16,2019-05-14 09:30:00-05:00,283.485,2019-05-14 14:52:00-05:00,283.62,282.32,21.6,long: close 283.44 > upper 282.65,flatten
2019-05-15,1,9,2019-05-15 10:30:00-05:00,284.985,2019-05-15 14:52:00-05:00,285.185,282.94,18.0,long: close 284.94 > upper 284.50,flatten
2019-05-16,1,20,2019-05-16 09:00:00-05:00,287.675,2019-05-16 14:52:00-05:00,287.068,286.8,-121.4,long: close 287.63 > upper 286.32,flatten
2019-05-23,-1,10,2019-05-23 09:00:00-05:00,281.97499999999997,2019-05-23 14:52:00-05:00,281.635,283.77,34.0,short: close 282.02 < lower 282.62,flatten
2019-05-28,1,25,2019-05-28 09:00:00-05:00,283.925,2019-05-28 09:18:00-05:00,283.195,283.24,-182.5,long: close 283.88 > upper 283.64,stop
2019-05-29,-1,9,2019-05-29 11:00:00-05:00,276.955,2019-05-29 14:52:00-05:00,278.03000000000003,279.04,-96.75,short: close 277.00 < lower 277.46,flatten
2019-05-30,1,19,2019-05-30 09:00:00-05:00,279.785,2019-05-30 09:54:00-05:00,278.78499999999997,278.83,-190.0,long: close 279.74 > upper 279.68,stop
2019-06-03,-1,28,2019-06-03 09:00:00-05:00,274.53499999999997,2019-06-03 09:18:00-05:00,275.185,275.14,-182.0,short: close 274.60 < lower 274.74,stop
2019-06-03,-1,14,2019-06-03 11:30:00-05:00,273.88,2019-06-03 12:25:00-05:00,275.185,275.14,-182.7,short: close 273.92 < lower 274.08,stop
2019-06-04,1,7,2019-06-04 10:30:00-05:00,279.005,2019-06-04 14:52:00-05:00,280.055,276.44,73.5,long: close 278.95 > upper 278.42,flatten
2019-06-07,1,16,2019-06-07 09:00:00-05:00,287.105,2019-06-07 14:52:00-05:00,287.60499999999996,286.0,80.0,long: close 287.05 > upper 286.44,flatten
2019-06-10,1,10,2019-06-10 11:00:00-05:00,290.745,2019-06-10 13:15:00-05:00,288.965,289.01,-178.0,long: close 290.69 > upper 290.22,stop
2019-06-14,-1,26,2019-06-14 09:00:00-05:00,288.59499999999997,2019-06-14 09:54:00-05:00,289.305,289.26,-184.6,short: close 288.65 < lower 288.79,stop
2019-06-18,1,13,2019-06-18 09:00:00-05:00,292.805,2019-06-18 14:52:00-05:00,292.04499999999996,291.36,-98.8,long: close 292.75 > upper 291.86,flatten
2019-06-25,-1,35,2019-06-25 09:00:00-05:00,293.03499999999997,2019-06-25 14:52:00-05:00,290.7549,293.5,798.03,short: close 293.07 < lower 293.19,flatten
2019-06-27,1,21,2019-06-27 09:00:00-05:00,291.83500000000004,2019-06-27 10:18:00-05:00,290.935,290.98,-189.0,long: close 291.78 > upper 291.74,stop
2019-07-02,-1,29,2019-07-02 11:30:00-05:00,294.945,2019-07-02 12:33:00-05:00,295.57500000000005,295.53000000000003,-182.7,short: close 294.99 < lower 295.02,stop
2019-07-03,1,19,2019-07-03 10:00:00-05:00,297.95,2019-07-03 14:53:00-05:00,298.695,297.01,141.55,long: close 297.91 > upper 297.76,flatten
2019-07-05,-1,17,2019-07-05 09:00:00-05:00,296.655,2019-07-05 11:36:00-05:00,297.745,297.7,-185.3,short: close 296.69 < lower 297.05,stop
2019-07-08,-1,16,2019-07-08 09:00:00-05:00,296.53,2019-07-08 14:52:00-05:00,296.925,297.62,-63.2,short: close 296.57 < lower 296.60,flatten
2019-07-10,1,19,2019-07-10 09:00:00-05:00,299.435,2019-07-10 09:54:00-05:00,298.465,298.51,-184.3,long: close 299.38 > upper 298.73,stop
2019-07-16,-1,30,2019-07-16 11:00:00-05:00,300.025,2019-07-16 14:52:00-05:00,300.03000000000003,300.58,-1.5,short: close 300.07 < lower 300.14,flatten
2019-07-17,-1,37,2019-07-17 09:30:00-05:00,298.995,2019-07-17 14:52:00-05:00,298.36,299.44,234.95,short: close 299.04 < lower 299.29,flatten
2019-07-22,1,27,2019-07-22 09:00:00-05:00,298.125,2019-07-22 09:23:00-05:00,297.455,297.5,-180.9,long: close 298.08 > upper 298.00,stop
2019-07-25,-1,26,2019-07-25 09:00:00-05:00,299.96,2019-07-25 09:37:00-05:00,300.675,300.63,-185.9,short: close 300.01 < lower 300.49,stop
2019-07-25,-1,25,2019-07-25 10:30:00-05:00,300.375,2019-07-25 14:52:00-05:00,299.975,301.06,100.0,short: close 300.42 < lower 300.48,flatten
2019-07-26,1,21,2019-07-26 09:00:00-05:00,301.27500000000003,2019-07-26 14:52:00-05:00,302.115,300.42,176.4,long: close 301.23 > upper 301.22,flatten
2019-07-29,-1,32,2019-07-29 09:00:00-05:00,301.08,2019-07-29 10:38:00-05:00,301.64500000000004,301.6,-180.8,short: close 301.13 < lower 301.42,stop
2019-08-01,1,31,2019-08-01 09:00:00-05:00,298.70500000000004,2019-08-01 12:29:00-05:00,298.115,298.16,-182.9,long: close 298.66 > upper 298.04,stop
2019-08-01,1,24,2019-08-01 12:30:00-05:00,298.27500000000003,2019-08-01 12:34:00-05:00,297.515,297.56,-182.4,long: close 298.23 > upper 298.21,stop
2019-08-02,-1,18,2019-08-02 09:00:00-05:00,292.885,2019-08-02 14:37:00-05:00,293.935,293.89,-189.0,short: close 292.95 < lower 293.35,stop
2019-08-05,-1,6,2019-08-05 09:00:00-05:00,287.245,2019-08-05 14:52:00-05:00,284.08500000000004,290.1,189.6,short: close 287.30 < lower 287.58,flatten
2019-08-06,1,8,2019-08-06 13:30:00-05:00,287.575,2019-08-06 14:52:00-05:00,287.84499999999997,285.32,21.6,long: close 287.53 > upper 287.23,flatten
2019-08-07,-1,8,2019-08-07 09:00:00-05:00,283.375,2019-08-07 09:35:00-05:00,285.665,285.62,-183.2,short: close 283.42 < lower 283.85,stop
2019-08-08,1,12,2019-08-08 09:30:00-05:00,290.64500000000004,2019-08-08 14:52:00-05:00,293.0817,289.13,292.4,long: close 290.60 > upper 290.34,flatten
2019-08-09,-1,14,2019-08-09 09:30:00-05:00,290.965,2019-08-09 12:30:00-05:00,292.255,292.21,-180.6,short: close 291.02 < lower 291.82,stop
2019-08-12,-1,8,2019-08-12 13:00:00-05:00,288.445,2019-08-12 14:31:00-05:00,287.985,290.64,36.8,short: close 288.49 < lower 288.58,session end
2019-08-13,1,24,2019-08-13 09:00:00-05:00,292.975,2019-08-13 09:03:00-05:00,292.195,292.24,-187.2,long: close 292.97 > upper 288.58,stop
2019-08-13,1,19,2019-08-13 09:30:00-05:00,293.815,2019-08-13 09:42:00-05:00,292.84499999999997,292.89,-184.3,long: close 293.78 > upper 288.76,stop
2019-08-14,-1,5,2019-08-14 10:00:00-05:00,286.55,2019-08-14 14:52:00-05:00,284.425,290.08,106.25,short: close 286.61 < lower 286.73,flatten
2019-08-16,1,8,2019-08-16 10:00:00-05:00,289.01,2019-08-16 14:51:00-05:00,286.66499999999996,286.71,-187.6,long: close 288.97 > upper 287.89,stop
2019-08-20,-1,16,2019-08-20 09:00:00-05:00,290.66499999999996,2019-08-20 09:57:00-05:00,291.845,291.8,-188.8,short: close 290.70 < lower 290.90,stop
2019-08-22,-1,10,2019-08-22 10:00:00-05:00,290.53499999999997,2019-08-22 11:44:00-05:00,292.32500000000005,292.28000000000003,-179.0,short: close 290.58 < lower 291.08,stop
2019-08-23,-1,9,2019-08-23 10:30:00-05:00,288.10499999999996,2019-08-23 14:52:00-05:00,284.15500000000003,290.2,355.5,short: close 288.12 < lower 289.52,flatten
2019-08-27,-1,7,2019-08-27 12:00:00-05:00,286.205,2019-08-27 14:52:00-05:00,286.95500000000004,288.71,-52.5,short: close 286.25 < lower 286.25,flatten
2019-08-28,1,10,2019-08-28 10:30:00-05:00,288.545,2019-08-28 14:52:00-05:00,288.65999999999997,286.68,11.5,long: close 288.50 > upper 288.35,flatten
2019-09-05,1,10,2019-09-05 09:00:00-05:00,297.855,2019-09-05 14:52:00-05:00,297.745,296.02,-11.0,long: close 297.52 > upper 297.23,flatten
2019-09-10,-1,20,2019-09-10 09:00:00-05:00,296.275,2019-09-10 10:51:00-05:00,297.21500000000003,297.17,-188.0,short: close 296.33 < lower 296.86,stop
2019-09-11,1,13,2019-09-11 12:00:00-05:00,299.77000000000004,2019-09-11 14:52:00-05:00,299.9,298.39,16.9,long: close 299.72 > upper 299.72,flatten
2019-09-12,1,15,2019-09-12 09:30:00-05:00,302.065,2019-09-12 09:50:00-05:00,300.84499999999997,300.89,-183.0,long: close 302.00 > upper 301.95,stop
2019-09-18,-1,16,2019-09-18 13:30:00-05:00,298.73499999999996,2019-09-18 14:19:00-05:00,299.915,299.87,-188.8,short: close 298.78 < lower 299.58,stop
2019-09-19,1,26,2019-09-19 09:30:00-05:00,302.26500000000004,2019-09-19 11:30:00-05:00,301.555,301.6,-184.6,long: close 302.22 > upper 301.98,stop
2019-09-20,-1,17,2019-09-20 12:30:00-05:00,298.645,2019-09-20 14:52:00-05:00,298.6486,299.68,-0.61,short: close 298.68 < lower 299.67,flatten
2019-09-23,1,25,2019-09-23 11:30:00-05:00,298.625,2019-09-23 14:52:00-05:00,298.515,297.94,-27.5,long: close 298.58 > upper 298.53,flatten
2019-09-24,-1,16,2019-09-24 11:00:00-05:00,297.4452,2019-09-24 14:52:00-05:00,295.83500000000004,298.54,257.63,short: close 297.50 < lower 297.74,flatten
2019-09-25,-1,35,2019-09-25 09:00:00-05:00,295.155,2019-09-25 09:08:00-05:00,295.685,295.64,-185.5,short: close 295.18 < lower 295.41,stop
2019-09-25,1,17,2019-09-25 13:30:00-05:00,297.27500000000003,2019-09-25 14:52:00-05:00,297.825,296.22,93.5,long: close 297.24 > upper 296.93,flatten
2019-09-26,-1,39,2019-09-26 09:00:00-05:00,296.705,2019-09-26 09:04:00-05:00,297.165,297.12,-179.4,short: close 296.75 < lower 297.19,stop
2019-09-26,-1,41,2019-09-26 09:30:00-05:00,296.705,2019-09-26 13:00:00-05:00,297.13500000000005,297.09000000000003,-176.3,short: close 296.74 < lower 297.22,stop
2019-09-27,-1,16,2019-09-27 11:30:00-05:00,296.055,2019-09-27 14:52:00-05:00,295.305,297.2,120.0,short: close 296.12 < lower 296.26,flatten
2019-09-30,1,23,2019-09-30 09:00:00-05:00,296.51500000000004,2019-09-30 14:52:00-05:00,297.005,295.76,112.7,long: close 296.49 > upper 296.42,flatten
2019-10-01,1,20,2019-10-01 09:00:00-05:00,298.225,2019-10-01 09:00:00-05:00,297.305,297.35,-184.0,long: close 298.19 > upper 298.17,stop
2019-10-01,-1,20,2019-10-01 09:30:00-05:00,296.16499999999996,2019-10-01 14:52:00-05:00,293.475,297.04,538.0,short: close 296.22 < lower 296.40,flatten
2019-10-02,-1,14,2019-10-02 09:00:00-05:00,289.74,2019-10-02 14:52:00-05:00,287.945,291.04,251.3,short: close 289.79 < lower 291.07,flatten
2019-10-03,-1,25,2019-10-03 09:30:00-05:00,287.03499999999997,2019-10-03 09:36:00-05:00,287.785,287.74,-187.5,short: close 287.07 < lower 287.23,stop
2019-10-03,1,11,2019-10-03 13:00:00-05:00,290.03000000000003,2019-10-03 14:52:00-05:00,289.41999999999996,288.32,-67.1,long: close 289.98 > upper 289.64,flatten
2019-10-04,1,19,2019-10-04 09:00:00-05:00,292.325,2019-10-04 14:52:00-05:00,294.2,291.36,356.25,long: close 292.29 > upper 291.71,flatten
2019-10-08,-1,11,2019-10-08 09:00:00-05:00,289.615,2019-10-08 13:36:00-05:00,291.305,291.26,-185.9,short: close 289.66 < lower 290.43,stop
2019-10-10,1,25,2019-10-10 09:00:00-05:00,293.235,2019-10-10 13:08:00-05:00,292.485,292.53000000000003,-187.5,long: close 293.17 > upper 291.92,stop
2019-10-11,1,8,2019-10-11 09:00:00-05:00,297.33500000000004,2019-10-11 14:52:00-05:00,297.29499999999996,295.0,-3.2,long: close 297.26 > upper 297.09,flatten
2019-10-15,1,12,2019-10-15 09:30:00-05:00,298.46000000000004,2019-10-15 14:52:00-05:00,299.06,296.96,72.0,long: close 298.42 > upper 298.06,flatten
2019-10-25,1,15,2019-10-25 10:00:00-05:00,301.375,2019-10-25 14:52:00-05:00,301.47499999999997,300.2,15.0,long: close 301.33 > upper 301.26,flatten
2019-10-31,-1,33,2019-10-31 09:00:00-05:00,303.22499999999997,2019-10-31 14:52:00-05:00,302.605,303.73,204.6,short: close 303.28 < lower 303.62,flatten
2019-11-01,1,13,2019-11-01 09:30:00-05:00,305.63,2019-11-01 14:52:00-05:00,305.55,304.22,-10.4,long: close 305.59 > upper 305.50,flatten
2019-11-07,1,13,2019-11-07 10:00:00-06:00,309.245,2019-11-07 14:18:00-06:00,307.865,307.91,-179.4,long: close 309.21 > upper 309.21,stop
2019-11-08,-1,27,2019-11-08 09:00:00-06:00,307.28499999999997,2019-11-08 09:20:00-06:00,307.975,307.93,-186.3,short: close 307.32 < lower 307.36,stop
2019-11-12,1,26,2019-11-12 09:00:00-06:00,309.505,2019-11-12 13:14:00-06:00,308.78499999999997,308.83,-187.2,long: close 309.45 > upper 309.24,stop
2019-11-19,-1,20,2019-11-19 10:00:00-06:00,311.315,2019-11-19 10:38:00-06:00,312.245,312.2,-186.0,short: close 311.36 < lower 311.45,stop
2019-11-20,-1,19,2019-11-20 12:00:00-06:00,310.125,2019-11-20 14:52:00-06:00,310.65000000000003,311.08,-99.75,short: close 310.17 < lower 310.63,flatten
2019-11-21,-1,37,2019-11-21 09:00:00-06:00,310.255,2019-11-21 13:23:00-06:00,310.745,310.7,-181.3,short: close 310.29 < lower 310.39,stop
2019-11-25,1,20,2019-11-25 09:00:00-06:00,312.75,2019-11-25 14:52:00-06:00,313.055,311.86,61.0,long: close 312.71 > upper 312.38,flatten
2019-11-26,1,30,2019-11-26 11:30:00-06:00,314.165,2019-11-26 12:33:00-06:00,313.555,313.6,-183.0,long: close 314.12 > upper 313.94,stop
2019-11-27,1,19,2019-11-27 12:30:00-06:00,315.3191,2019-11-27 14:52:00-06:00,315.255,314.38,-12.18,long: close 315.27 > upper 315.25,flatten
2019-12-02,-1,37,2019-12-02 09:00:00-06:00,313.025,2019-12-02 14:52:00-06:00,311.922,313.47,408.11,short: close 313.10 < lower 314.10,flatten
2019-12-03,-1,9,2019-12-03 09:00:00-06:00,308.10499999999996,2019-12-03 14:52:00-06:00,309.35,310.04,-112.05,short: close 308.15 < lower 308.19,flatten
2019-12-04,1,17,2019-12-04 09:00:00-06:00,311.695,2019-12-04 14:52:00-06:00,311.69,310.64,-0.85,long: close 311.67 > upper 311.15,flatten
2019-12-06,1,12,2019-12-06 09:00:00-06:00,314.675,2019-12-06 14:52:00-06:00,314.78499999999997,313.14,13.2,long: close 314.64 > upper 314.61,flatten
2019-12-12,1,31,2019-12-12 09:00:00-06:00,316.89500000000004,2019-12-12 10:30:00-06:00,316.315,316.36,-179.8,long: close 316.85 > upper 314.96,stop
2019-12-12,1,24,2019-12-12 11:00:00-06:00,316.21500000000003,2019-12-12 11:23:00-06:00,315.455,315.5,-182.4,long: close 316.16 > upper 315.14,stop
2019-12-16,1,11,2019-12-16 11:00:00-06:00,320.05,2019-12-16 14:52:00-06:00,319.68,318.35,-40.7,long: close 320.00 > upper 319.93,flatten
2019-12-19,1,22,2019-12-19 11:00:00-06:00,320.545,2019-12-19 14:52:00-06:00,320.56,319.74,3.3,long: close 320.51 > upper 320.49,flatten
2019-12-26,1,21,2019-12-26 10:00:00-06:00,322.33500000000004,2019-12-26 14:52:00-06:00,322.34999999999997,321.48,3.15,long: close 322.29 > upper 322.26,flatten
2019-12-30,-1,29,2019-12-30 09:00:00-06:00,321.4255,2019-12-30 11:50:00-06:00,322.065,322.02,-185.45,short: close 321.47 < lower 322.32,stop
2019-12-30,-1,32,2019-12-30 12:00:00-06:00,321.78499999999997,2019-12-30 14:52:00-06:00,321.0084,322.31,248.51,short: close 321.83 < lower 322.38,flatten
2020-01-06,1,11,2020-01-06 13:30:00-06:00,323.1,2020-01-06 14:52:00-06:00,323.41499999999996,321.52,34.65,long: close 323.06 > upper 323.05,flatten
2020-01-08,1,24,2020-01-08 09:00:00-06:00,323.77500000000003,2020-01-08 09:48:00-06:00,322.995,323.04,-187.2,long: close 323.71 > upper 323.58,stop
2020-01-08,1,25,2020-01-08 10:30:00-06:00,324.075,2020-01-08 14:52:00-06:00,324.585,323.36,127.5,long: close 324.03 > upper 323.56,flatten
2020-01-13,1,16,2020-01-13 11:00:00-06:00,327.315,2020-01-13 14:52:00-06:00,327.60999999999996,326.15000000000003,47.2,long: close 327.27 > upper 327.21,flatten
2020-01-15,1,24,2020-01-15 09:00:00-06:00,328.65500000000003,2020-01-15 12:33:00-06:00,327.895,327.94,-182.4,long: close 328.59 > upper 328.11,stop
2020-01-15,1,19,2020-01-15 13:30:00-06:00,328.685,2020-01-15 14:12:00-06:00,327.695,327.74,-188.1,long: close 328.63 > upper 328.34,stop
2020-01-23,-1,17,2020-01-23 10:30:00-06:00,329.635,2020-01-23 12:23:00-06:00,330.745,330.7,-188.7,short: close 329.68 < lower 329.95,stop
2020-01-24,-1,21,2020-01-24 09:30:00-06:00,330.935,2020-01-24 14:52:00-06:00,328.435,331.76,525.0,short: close 330.98 < lower 331.26,flatten
2020-01-28,1,15,2020-01-28 09:30:00-06:00,326.385,2020-01-28 14:52:00-06:00,327.005,325.16,93.0,long: close 326.36 > upper 325.51,flatten
2020-01-30,-1,11,2020-01-30 10:00:00-06:00,323.685,2020-01-30 10:42:00-06:00,325.425,325.38,-191.4,short: close 323.72 < lower 323.80,stop
2020-01-31,-1,22,2020-01-31 09:00:00-06:00,325.98499999999996,2020-01-31 14:52:00-06:00,321.665,326.79,950.4,short: close 326.05 < lower 326.52,flatten
2020-02-03,1,13,2020-02-03 09:00:00-06:00,325.21500000000003,2020-02-03 10:43:00-06:00,323.835,323.88,-179.4,long: close 325.16 > upper 323.89,stop
2020-02-03,1,9,2020-02-03 11:30:00-06:00,324.605,2020-02-03 14:52:00-06:00,323.905,322.66,-63.0,long: close 324.56 > upper 324.49,flatten
2020-02-04,1,7,2020-02-04 09:00:00-06:00,328.795,2020-02-04 14:52:00-06:00,329.18,326.18,26.95,long: close 328.73 > upper 328.73,flatten
2020-02-10,1,13,2020-02-10 10:00:00-06:00,333.365,2020-02-10 14:52:00-06:00,333.97499999999997,331.96,79.3,long: close 333.32 > upper 333.13,flatten
2020-02-18,-1,12,2020-02-18 11:00:00-06:00,335.215,2020-02-18 13:25:00-06:00,336.82500000000005,336.78000000000003,-193.2,short: close 335.25 < lower 335.49,stop
2020-02-19,1,12,2020-02-19 12:30:00-06:00,338.805,2020-02-19 14:52:00-06:00,338.22499999999997,337.34000000000003,-69.6,long: close 338.75 > upper 338.69,flatten
2020-02-20,-1,14,2020-02-20 10:30:00-06:00,335.925,2020-02-20 14:52:00-06:00,336.725,337.26,-112.0,short: close 335.97 < lower 336.70,flatten
2020-02-21,-1,13,2020-02-21 09:00:00-06:00,334.04499999999996,2020-02-21 14:52:00-06:00,333.685,335.40000000000003,46.8,short: close 334.10 < lower 334.87,flatten
2020-02-25,-1,12,2020-02-25 09:30:00-06:00,320.22499999999997,2020-02-25 14:52:00-06:00,312.535,321.71,922.8,short: close 320.26 < lower 321.68,flatten
2020-02-26,1,13,2020-02-26 09:00:00-06:00,315.555,2020-02-26 11:05:00-06:00,314.135,314.18,-184.6,long: close 315.52 > upper 314.83,stop
2020-02-26,-1,8,2020-02-26 13:00:00-06:00,311.04499999999996,2020-02-26 14:17:00-06:00,313.225,313.18,-174.4,short: close 311.10 < lower 311.31,stop
2020-02-27,-1,4,2020-02-27 09:30:00-06:00,302.505,2020-02-27 10:07:00-06:00,306.545,306.5,-161.6,short: close 302.56 < lower 304.52,stop
2020-02-28,-1,3,2020-02-28 09:00:00-06:00,287.515,2020-02-28 10:37:00-06:00,292.64500000000004,292.6,-153.9,short: close 287.57 < lower 288.04,stop
2020-03-02,1,7,2020-03-02 10:30:00-06:00,301.64500000000004,2020-03-02 13:43:00-06:00,299.145,299.19,-175.0,long: close 301.60 > upper 299.64,stop
2020-03-03,-1,18,2020-03-03 09:00:00-06:00,305.895,2020-03-03 09:00:00-06:00,306.925,306.88,-185.4,short: close 305.94 < lower 308.30,stop
2020-03-03,-1,10,2020-03-03 10:30:00-06:00,303.315,2020-03-03 10:35:00-06:00,305.165,305.12,-185.0,short: close 303.35 < lower 307.48,stop
2020-03-04,1,3,2020-03-04 12:30:00-06:00,308.935,2020-03-04 14:52:00-06:00,312.41499999999996,303.92,104.4,long: close 308.88 > upper 308.26,flatten
2020-03-05,-1,3,2020-03-05 12:00:00-06:00,302.435,2020-03-05 14:52:00-06:00,302.365,308.44,2.1,short: close 302.48 < lower 302.57,flatten
2020-03-11,-1,3,2020-03-11 10:00:00-05:00,278.48499999999996,2020-03-11 14:52:00-05:00,273.575,284.32,147.3,short: close 278.50 < lower 278.76,flatten
2020-03-12,-1,3,2020-03-12 11:00:00-05:00,252.745,2020-03-12 11:57:00-05:00,258.785,258.74,-181.2,short: close 252.81 < lower 253.39,stop
2020-03-17,1,3,2020-03-17 11:00:00-05:00,251.08999999999997,2020-03-17 12:17:00-05:00,245.04500000000002,245.09,-181.35,long: close 251.03 > upper 249.05,stop
2020-03-17,1,3,2020-03-17 13:00:00-05:00,249.605,2020-03-17 14:52:00-05:00,251.25500000000002,243.89000000000001,49.5,long: close 249.62 > upper 247.97,flatten
2020-03-18,-1,3,2020-03-18 12:30:00-05:00,232.91500000000002,2020-03-18 14:52:00-05:00,236.445,238.92000000000002,-105.9,short: close 232.97 < lower 233.08,flatten
2020-03-19,1,4,2020-03-19 13:00:00-05:00,244.52499999999998,2020-03-19 14:52:00-05:00,241.175,240.36,-134.0,long: close 244.47 > upper 244.31,flatten
2020-03-20,-1,4,2020-03-20 11:30:00-05:00,235.25500000000002,2020-03-20 12:11:00-05:00,239.745,239.70000000000002,-179.6,short: close 235.31 < lower 237.40,stop
2020-03-20,-1,4,2020-03-20 12:30:00-05:00,237.28500000000003,2020-03-20 14:52:00-05:00,229.345,241.31,317.6,short: close 237.38 < lower 237.83,flatten
2020-03-23,-1,6,2020-03-23 10:00:00-05:00,223.47500000000002,2020-03-23 11:49:00-05:00,226.64499999999998,226.6,-190.2,short: close 223.54 < lower 225.44,stop
2020-03-23,-1,5,2020-03-23 13:00:00-05:00,222.91500000000002,2020-03-23 14:52:00-05:00,223.64,226.76,-36.25,short: close 222.95 < lower 224.72,flatten
2020-03-24,1,3,2020-03-24 09:30:00-05:00,238.515,2020-03-24 14:52:00-05:00,241.845,232.51,99.9,long: close 238.45 > upper 236.83,flatten
2020-03-25,1,3,2020-03-25 11:30:00-05:00,249.77499999999998,2020-03-25 14:52:00-05:00,247.25500000000002,244.3,-75.6,long: close 249.74 > upper 249.71,flatten
2020-03-26,1,4,2020-03-26 09:00:00-05:00,253.755,2020-03-26 14:52:00-05:00,260.685,249.36,277.2,long: close 253.71 > upper 252.56,flatten
2020-04-02,1,5,2020-04-02 09:30:00-05:00,249.065,2020-04-02 14:52:00-05:00,251.01500000000001,245.76,97.5,long: close 249.05 > upper 248.97,flatten
2020-04-03,-1,4,2020-04-03 12:30:00-05:00,246.645,2020-04-03 14:52:00-05:00,248.80499999999998,251.22,-86.4,short: close 246.70 < lower 246.76,flatten
2020-04-06,1,3,2020-04-06 12:00:00-05:00,262.43,2020-04-06 14:52:00-05:00,265.39,256.43,88.8,long: close 262.38 > upper 261.75,flatten
2020-04-08,1,3,2020-04-08 13:30:00-05:00,272.86,2020-04-08 14:52:00-05:00,274.84499999999997,266.87,59.55,long: close 272.79 > upper 272.53,flatten
2020-04-09,1,5,2020-04-09 09:00:00-05:00,280.555,2020-04-09 09:23:00-05:00,277.115,277.16,-172.0,long: close 280.51 > upper 279.24,stop
2020-04-13,-1,8,2020-04-13 09:00:00-05:00,274.10499999999996,2020-04-13 14:48:00-05:00,276.285,276.24,-174.4,short: close 274.15 < lower 275.56,stop
2020-04-14,1,4,2020-04-14 09:00:00-05:00,282.90500000000003,2020-04-14 14:52:00-05:00,283.805,278.48,36.0,long: close 282.84 > upper 282.70,flatten
2020-04-21,-1,4,2020-04-21 10:00:00-05:00,274.115,2020-04-21 14:52:00-05:00,273.385,278.86,29.2,short: close 274.18 < lower 274.45,flatten
2020-04-23,1,7,2020-04-23 09:30:00-05:00,282.485,2020-04-23 11:45:00-05:00,279.935,279.98,-178.5,long: close 282.44 > upper 282.35,stop
2020-04-29,1,3,2020-04-29 12:00:00-05:00,293.995,2020-04-29 14:52:00-05:00,293.615,289.0,-11.4,long: close 293.94 > upper 293.67,flatten
2020-04-30,-1,7,2020-04-30 11:00:00-05:00,289.53999999999996,2020-04-30 14:52:00-05:00,290.70500000000004,292.26,-81.55,short: close 289.60 < lower 289.73,flatten
2020-05-01,-1,4,2020-05-01 11:00:00-05:00,282.675,2020-05-01 14:52:00-05:00,282.02000000000004,287.18,26.2,short: close 282.72 < lower 283.37,flatten
2020-05-05,1,8,2020-05-05 09:00:00-05:00,288.20500000000004,2020-05-05 14:37:00-05:00,285.885,285.93,-185.6,long: close 288.15 > upper 287.44,stop
2020-05-07,1,7,2020-05-07 09:00:00-05:00,288.675,2020-05-07 14:52:00-05:00,287.48499999999996,286.1,-83.3,long: close 288.63 > upper 288.59,flatten
2020-05-12,-1,8,2020-05-12 12:30:00-05:00,290.755,2020-05-12 14:52:00-05:00,287.235,292.98,281.6,short: close 290.80 < lower 290.95,flatten
2020-05-13,-1,16,2020-05-13 09:00:00-05:00,284.79499999999996,2020-05-13 09:05:00-05:00,285.985,285.94,-190.4,short: close 284.85 < lower 285.19,stop
2020-05-13,-1,13,2020-05-13 10:00:00-05:00,284.715,2020-05-13 14:52:00-05:00,281.555,286.12,410.8,short: close 284.75 < lower 284.92,flatten
2020-05-14,-1,8,2020-05-14 09:00:00-05:00,276.84499999999997,2020-05-14 09:38:00-05:00,279.105,279.06,-180.8,short: close 276.89 < lower 278.09,stop
2020-05-18,1,4,2020-05-18 10:00:00-05:00,294.57,2020-05-18 14:52:00-05:00,296.215,290.16,65.8,long: close 294.53 > upper 294.07,flatten
2020-05-20,1,7,2020-05-20 09:30:00-05:00,297.365,2020-05-20 14:52:00-05:00,296.395,294.7,-67.9,long: close 297.31 > upper 296.60,flatten
2020-05-21,-1,20,2020-05-21 10:00:00-05:00,295.78,2020-05-21 14:52:00-05:00,294.88730000000004,296.68,178.54,short: close 295.83 < lower 295.97,flatten
2020-05-22,-1,18,2020-05-22 10:00:00-05:00,293.385,2020-05-22 11:35:00-05:00,294.40500000000003,294.36,-183.6,short: close 293.46 < lower 293.69,stop
2020-05-27,-1,8,2020-05-27 10:00:00-05:00,297.98499999999996,2020-05-27 11:46:00-05:00,300.39500000000004,300.35,-192.8,short: close 298.04 < lower 298.26,stop
2020-05-29,-1,16,2020-05-29 09:30:00-05:00,301.525,2020-05-29 13:10:00-05:00,302.685,302.64,-185.6,short: close 301.56 < lower 301.60,stop
2020-06-05,1,4,2020-06-05 10:00:00-05:00,319.21500000000003,2020-06-05 14:52:00-05:00,318.895,314.98,-12.8,long: close 319.15 > upper 318.54,flatten
2020-06-08,1,10,2020-06-08 13:00:00-05:00,321.815,2020-06-08 14:52:00-05:00,323.005,319.90000000000003,119.0,long: close 321.76 > upper 321.65,flatten
2020-06-10,-1,16,2020-06-10 09:30:00-05:00,318.965,2020-06-10 10:40:00-05:00,320.13500000000005,320.09000000000003,-187.2,short: close 319.04 < lower 319.99,stop
2020-06-11,-1,4,2020-06-11 09:30:00-05:00,310.13,2020-06-11 14:52:00-05:00,300.64500000000004,314.77,379.4,short: close 310.18 < lower 310.61,flatten
2020-06-12,-1,3,2020-06-12 13:00:00-05:00,298.835,2020-06-12 14:49:00-05:00,304.39500000000004,304.35,-166.8,short: close 298.88 < lower 298.93,stop
2020-06-15,1,3,2020-06-15 13:30:00-05:00,307.96500000000003,2020-06-15 14:52:00-05:00,306.505,302.86,-43.8,long: close 307.90 > upper 306.27,flatten
2020-06-17,-1,11,2020-06-17 09:30:00-05:00,311.60499999999996,2020-06-17 09:55:00-05:00,313.255,313.21,-181.5,short: close 311.66 < lower 311.89,stop
2020-06-19,-1,5,2020-06-19 11:30:00-05:00,309.15999999999997,2020-06-19 14:52:00-05:00,309.62,312.47,-23.0,short: close 309.21 < lower 309.65,flatten
2020-06-24,-1,9,2020-06-24 09:00:00-05:00,307.705,2020-06-24 14:52:00-05:00,303.90500000000003,309.62,342.0,short: close 307.75 < lower 309.02,flatten
2020-06-26,-1,12,2020-06-26 09:00:00-05:00,305.185,2020-06-26 14:52:00-05:00,300.365,306.68,578.4,short: close 305.23 < lower 305.25,flatten
2020-06-30,1,7,2020-06-30 11:00:00-05:00,306.83500000000004,2020-06-30 14:52:00-05:00,309.555,304.32,190.4,long: close 306.79 > upper 306.73,flatten
2020-07-02,1,6,2020-07-02 09:00:00-05:00,315.43,2020-07-02 10:02:00-05:00,312.59499999999997,312.64,-170.1,long: close 315.37 > upper 315.20,stop
2020-07-08,1,14,2020-07-08 09:00:00-05:00,316.14500000000004,2020-07-08 10:01:00-05:00,314.795,314.84000000000003,-189.0,long: close 316.10 > upper 315.48,stop
2020-07-09,-1,9,2020-07-09 10:00:00-05:00,311.905,2020-07-09 12:01:00-05:00,313.935,313.89,-182.7,short: close 311.94 < lower 314.49,stop
2020-07-09,-1,7,2020-07-09 12:30:00-05:00,313.87,2020-07-09 14:52:00-05:00,314.345,316.35,-33.25,short: close 313.91 < lower 314.00,flatten
2020-07-13,1,5,2020-07-13 10:30:00-05:00,322.29,2020-07-13 14:05:00-05:00,318.97499999999997,319.02,-165.75,long: close 322.24 > upper 322.15,stop
2020-07-14,1,7,2020-07-14 13:30:00-05:00,317.285,2020-07-14 14:52:00-05:00,319.03499999999997,314.8,122.5,long: close 317.24 > upper 316.52,flatten
2020-07-20,1,17,2020-07-20 09:30:00-05:00,322.685,2020-07-20 14:52:00-05:00,324.815,321.64,362.1,long: close 322.63 > upper 322.60,flatten
2020-07-22,1,24,2020-07-22 09:00:00-05:00,325.76500000000004,2020-07-22 09:49:00-05:00,324.995,325.04,-184.8,long: close 325.71 > upper 325.52,stop
2020-07-23,-1,14,2020-07-23 12:00:00-05:00,325.205,2020-07-23 14:52:00-05:00,321.83500000000004,326.51,471.8,short: close 325.27 < lower 325.33,flatten
2020-07-27,1,19,2020-07-27 09:00:00-05:00,322.665,2020-07-27 10:28:00-05:00,321.675,321.72,-188.1,long: close 322.62 > upper 322.20,stop
2020-07-29,1,18,2020-07-29 09:00:00-05:00,322.855,2020-07-29 14:52:00-05:00,324.78499999999997,321.88,347.4,long: close 322.81 > upper 322.64,flatten
2020-07-30,-1,9,2020-07-30 09:00:00-05:00,320.085,2020-07-30 10:18:00-05:00,322.245,322.2,-194.4,short: close 320.13 < lower 321.38,stop
2020-07-31,-1,10,2020-07-31 09:30:00-05:00,322.69489999999996,2020-07-31 10:50:00-05:00,324.475,324.43,-178.01,short: close 322.74 < lower 323.21,stop
2020-07-31,-1,9,2020-07-31 11:30:00-05:00,322.84499999999997,2020-07-31 14:26:00-05:00,324.89500000000004,324.85,-184.5,short: close 322.88 < lower 322.93,stop
2020-08-06,1,11,2020-08-06 13:30:00-05:00,333.67510000000004,2020-08-06 14:52:00-05:00,334.075,331.99,43.99,long: close 333.63 > upper 333.47,flatten
2020-08-10,-1,17,2020-08-10 10:00:00-05:00,333.145,2020-08-10 10:18:00-05:00,334.26500000000004,334.22,-190.4,short: close 333.20 < lower 333.73,stop
2020-08-12,1,9,2020-08-12 09:00:00-05:00,336.435,2020-08-12 14:52:00-05:00,337.585,334.44,103.5,long: close 336.39 > upper 336.13,flatten
2020-08-18,-1,16,2020-08-18 09:30:00-05:00,336.755,2020-08-18 10:02:00-05:00,337.90500000000003,337.86,-184.0,short: close 336.80 < lower 337.00,stop
2020-08-26,1,18,2020-08-26 10:30:00-05:00,345.485,2020-08-26 14:52:00-05:00,347.465,344.48,356.4,long: close 345.45 > upper 345.43,flatten
2020-08-27,1,18,2020-08-27 09:00:00-05:00,349.305,2020-08-27 09:06:00-05:00,348.275,348.32,-185.4,long: close 349.26 > upper 349.02,stop
2020-08-27,1,16,2020-08-27 09:30:00-05:00,349.255,2020-08-27 11:33:00-05:00,348.075,348.12,-188.8,long: close 349.21 > upper 349.18,stop
2020-08-31,-1,22,2020-08-31 10:30:00-05:00,349.445,2020-08-31 10:45:00-05:00,350.285,350.24,-184.8,short: close 349.47 < lower 349.64,stop
2020-09-01,1,16,2020-09-01 09:30:00-05:00,351.435,2020-09-01 14:52:00-05:00,351.715,350.32,44.8,long: close 351.38 > upper 350.89,flatten
2020-09-02,1,10,2020-09-02 11:30:00-05:00,355.475,2020-09-02 14:52:00-05:00,358.145,353.68,267.0,long: close 355.42 > upper 355.41,flatten
2020-09-03,-1,12,2020-09-03 09:30:00-05:00,352.695,2020-09-03 14:52:00-05:00,343.9767,354.2,1046.2,short: close 352.74 < lower 355.26,flatten
2020-09-04,-1,23,2020-09-04 09:00:00-05:00,343.505,2020-09-04 09:01:00-05:00,344.305,344.26,-184.0,short: close 343.56 < lower 345.02,stop
2020-09-04,-1,16,2020-09-04 09:30:00-05:00,339.195,2020-09-04 11:28:00-05:00,340.38500000000005,340.34000000000003,-190.4,short: close 339.23 < lower 344.62,stop
2020-09-09,1,7,2020-09-09 09:00:00-05:00,338.20500000000004,2020-09-09 14:52:00-05:00,340.495,335.51,160.3,long: close 338.16 > upper 338.10,flatten
2020-09-10,-1,6,2020-09-10 13:30:00-05:00,334.215,2020-09-10 14:52:00-05:00,334.625,337.44,-24.6,short: close 334.28 < lower 337.57,flatten
2020-09-11,-1,6,2020-09-11 12:30:00-05:00,331.655,2020-09-11 14:28:00-05:00,334.745,334.7,-185.4,short: close 331.70 < lower 331.84,stop
2020-09-14,1,8,2020-09-14 09:00:00-05:00,338.99,2020-09-14 14:52:00-05:00,339.13,336.73,11.2,long: close 338.94 > upper 338.05,flatten
2020-09-18,-1,18,2020-09-18 09:00:00-05:00,333.87,2020-09-18 09:16:00-05:00,334.89500000000004,334.85,-184.5,short: close 333.91 < lower 334.64,stop
2020-09-18,-1,9,2020-09-18 10:00:00-05:00,332.72499999999997,2020-09-18 14:52:00-05:00,330.735,334.78000000000003,179.1,short: close 332.78 < lower 333.56,flatten
2020-09-21,-1,4,2020-09-21 09:30:00-05:00,322.655,2020-09-21 14:52:00-05:00,325.985,326.62,-133.2,short: close 322.71 < lower 324.24,flatten
2020-09-23,-1,7,2020-09-23 11:00:00-05:00,327.465,2020-09-23 14:52:00-05:00,322.315,329.94,360.5,short: close 327.51 < lower 328.14,flatten
2020-09-24,1,5,2020-09-24 12:30:00-05:00,326.365,2020-09-24 13:59:00-05:00,322.815,322.86,-177.5,long: close 326.31 > upper 325.45,stop
2020-09-25,1,6,2020-09-25 12:30:00-05:00,326.2369,2020-09-25 14:52:00-05:00,328.34499999999997,323.18,126.49,long: close 326.21 > upper 326.11,flatten
2020-09-29,-1,10,2020-09-29 11:00:00-05:00,332.115,2020-09-29 14:52:00-05:00,333.14500000000004,334.0,-103.0,short: close 332.15 < lower 332.19,flatten
2020-09-30,1,15,2020-09-30 09:00:00-05:00,335.105,2020-09-30 14:17:00-05:00,333.835,333.88,-190.5,long: close 335.07 > upper 333.96,stop
2020-10-05,1,7,2020-10-05 09:30:00-05:00,337.70500000000004,2020-10-05 14:52:00-05:00,339.57,335.16,130.55,long: close 337.65 > upper 337.51,flatten
2020-10-07,1,4,2020-10-07 13:30:00-05:00,341.245,2020-10-07 14:52:00-05:00,341.085,337.0,-6.4,long: close 341.21 > upper 340.78,flatten
2020-10-12,1,6,2020-10-12 10:30:00-05:00,351.785,2020-10-12 14:52:00-05:00,352.34499999999997,348.76,33.6,long: close 351.73 > upper 351.24,flatten
2020-10-14,1,16,2020-10-14 09:00:00-05:00,351.77500000000003,2020-10-14 09:25:00-05:00,350.645,350.69,-180.8,long: close 351.73 > upper 351.53,stop
2020-10-14,-1,9,2020-10-14 11:00:00-05:00,348.145,2020-10-14 14:52:00-05:00,348.675,350.09000000000003,-47.7,short: close 348.18 < lower 348.49,flatten
2020-10-16,1,10,2020-10-16 09:30:00-05:00,350.665,2020-10-16 10:23:00-05:00,348.735,348.78000000000003,-193.0,long: close 350.62 > upper 350.12,stop
2020-10-19,-1,7,2020-10-19 13:00:00-05:00,344.775,2020-10-19 14:52:00-05:00,341.70500000000004,347.44,214.9,short: close 344.84 < lower 345.27,flatten
2020-10-20,1,12,2020-10-20 09:00:00-05:00,344.865,2020-10-20 10:00:00-05:00,343.275,343.32,-190.8,long: close 344.83 > upper 344.28,stop
2020-10-20,1,7,2020-10-20 12:30:00-05:00,346.45500000000004,2020-10-20 14:10:00-05:00,343.705,343.75,-192.5,long: close 346.40 > upper 345.45,stop
2020-10-21,1,22,2020-10-21 09:00:00-05:00,345.45,2020-10-21 09:48:00-05:00,344.625,344.67,-181.5,long: close 345.39 > upper 344.11,stop
2020-10-26,-1,7,2020-10-26 10:00:00-05:00,339.60499999999996,2020-10-26 14:52:00-05:00,337.96500000000003,342.12,114.8,short: close 339.65 < lower 341.43,flatten
2020-10-27,-1,18,2020-10-27 09:30:00-05:00,338.425,2020-10-27 09:48:00-05:00,339.485,339.44,-190.8,short: close 338.47 < lower 338.57,stop
2020-10-28,-1,5,2020-10-28 09:00:00-05:00,331.245,2020-10-28 14:52:00-05:00,327.33500000000004,334.94,195.5,short: close 331.30 < lower 331.48,flatten
2020-10-29,1,23,2020-10-29 09:00:00-05:00,327.915,2020-10-29 09:14:00-05:00,327.105,327.15000000000003,-186.3,long: close 327.83 > upper 327.56,stop
2020-10-29,1,16,2020-10-29 09:30:00-05:00,329.165,2020-10-29 10:58:00-05:00,327.955,328.0,-193.6,long: close 329.12 > upper 327.96,stop
2020-10-30,-1,9,2020-10-30 09:30:00-05:00,325.2149,2020-10-30 14:52:00-05:00,324.77000000000004,327.24,40.04,short: close 325.26 < lower 327.11,flatten
2020-11-02,1,6,2020-11-02 09:30:00-06:00,331.625,2020-11-02 12:08:00-06:00,328.395,328.44,-193.8,long: close 331.59 > upper 331.55,stop
2020-11-03,1,7,2020-11-03 09:00:00-06:00,335.425,2020-11-03 14:52:00-06:00,337.22499999999997,332.94,126.0,long: close 335.38 > upper 334.44,flatten
2020-11-04,1,5,2020-11-04 09:00:00-06:00,342.535,2020-11-04 14:52:00-06:00,343.955,339.28000000000003,71.0,long: close 342.50 > upper 341.68,flatten
2020-11-05,1,3,2020-11-05 10:00:00-06:00,351.70500000000004,2020-11-05 14:52:00-06:00,350.575,346.72,-33.9,long: close 351.66 > upper 351.37,flatten
2020-11-06,-1,18,2020-11-06 09:00:00-06:00,348.215,2020-11-06 09:08:00-06:00,349.26500000000004,349.22,-189.0,short: close 348.26 < lower 349.07,stop
2020-11-12,-1,6,2020-11-12 12:30:00-06:00,352.205,2020-11-12 14:52:00-06:00,352.375,355.26,-10.2,short: close 352.25 < lower 353.04,flatten
2020-11-17,-1,8,2020-11-17 09:00:00-06:00,358.365,2020-11-17 09:59:00-06:00,360.725,360.68,-188.8,short: close 358.41 < lower 358.89,stop
2020-11-24,1,7,2020-11-24 10:00:00-06:00,361.555,2020-11-24 14:52:00-06:00,362.825,358.90000000000003,88.9,long: close 361.51 > upper 361.50,flatten
2020-11-25,-1,19,2020-11-25 09:00:00-06:00,362.115,2020-11-25 14:12:00-06:00,363.08500000000004,363.04,-184.3,short: close 362.16 < lower 362.24,stop
2020-11-30,-1,15,2020-11-30 09:30:00-06:00,361.16499999999996,2020-11-30 14:52:00-06:00,361.77500000000003,362.38,-91.5,short: close 361.20 < lower 362.09,flatten
2020-12-01,1,8,2020-12-01 09:00:00-06:00,366.21000000000004,2020-12-01 14:52:00-06:00,365.84999999999997,363.83,-28.8,long: close 366.17 > upper 366.16,flatten
2020-12-03,1,22,2020-12-03 09:30:00-06:00,367.615,2020-12-03 12:35:00-06:00,366.795,366.84000000000003,-180.4,long: close 367.57 > upper 367.49,stop
2020-12-04,1,19,2020-12-04 09:00:00-06:00,368.27000000000004,2020-12-04 14:52:00-06:00,369.155,367.34000000000003,168.15,long: close 368.24 > upper 367.93,flatten
2020-12-08,1,11,2020-12-08 12:30:00-06:00,370.245,2020-12-08 14:52:00-06:00,369.965,368.52,-30.8,long: close 370.19 > upper 370.13,flatten
2020-12-09,-1,14,2020-12-09 12:00:00-06:00,368.465,2020-12-09 14:52:00-06:00,367.20500000000004,369.79,176.4,short: close 368.53 < lower 369.19,flatten
2020-12-14,1,10,2020-12-14 09:00:00-06:00,369.565,2020-12-14 10:09:00-06:00,367.755,367.8,-181.0,long: close 369.52 > upper 369.22,stop
2020-12-15,1,6,2020-12-15 13:00:00-06:00,369.20500000000004,2020-12-15 14:52:00-06:00,368.925,366.33,-16.8,long: close 369.18 > upper 368.89,flatten
2020-12-18,-1,15,2020-12-18 09:00:00-06:00,369.59499999999997,2020-12-18 14:52:00-06:00,368.33500000000004,370.8,189.0,short: close 369.62 < lower 370.38,flatten
2020-12-21,-1,6,2020-12-21 09:30:00-06:00,362.775,2020-12-21 11:03:00-06:00,365.76500000000004,365.72,-179.4,short: close 362.83 < lower 364.12,stop
2020-12-23,1,16,2020-12-23 09:00:00-06:00,369.01500000000004,2020-12-23 14:52:00-06:00,368.185,367.90000000000003,-132.8,long: close 368.98 > upper 368.87,flatten
2021-01-04,-1,12,2021-01-04 09:30:00-06:00,372.435,2021-01-04 14:52:00-06:00,369.20500000000004,373.90000000000003,387.6,short: close 372.49 < lower 373.11,flatten
2021-01-05,1,18,2021-01-05 09:00:00-06:00,370.20500000000004,2021-01-05 09:31:00-06:00,369.155,369.2,-189.0,long: close 370.13 > upper 369.48,stop
2021-01-05,1,9,2021-01-05 12:00:00-06:00,370.555,2021-01-05 14:52:00-06:00,371.5,368.62,85.05,long: close 370.50 > upper 370.42,flatten
2021-01-06,1,12,2021-01-06 09:00:00-06:00,372.29130000000004,2021-01-06 14:52:00-06:00,373.205,370.77,109.64,long: close 372.23 > upper 372.03,flatten
2021-01-07,1,8,2021-01-07 09:00:00-06:00,378.135,2021-01-07 14:52:00-06:00,379.59499999999997,375.98,116.8,long: close 377.86 > upper 376.97,flatten
2021-01-15,-1,8,2021-01-15 09:30:00-06:00,374.54499999999996,2021-01-15 10:40:00-06:00,376.82500000000005,376.78000000000003,-182.4,short: close 374.57 < lower 375.34,stop
2021-01-20,1,6,2021-01-20 10:00:00-06:00,382.815,2021-01-20 14:52:00-06:00,384.38489999999996,380.02,94.19,long: close 382.77 > upper 382.67,flatten
2021-01-25,-1,8,2021-01-25 10:30:00-06:00,380.505,2021-01-25 11:01:00-06:00,382.685,382.64,-174.4,short: close 380.54 < lower 381.12,stop
2021-01-27,-1,7,2021-01-27 09:00:00-06:00,377.525,2021-01-27 14:52:00-06:00,373.694,380.0,268.17,short: close 377.57 < lower 379.55,flatten
2021-01-28,1,11,2021-01-28 09:00:00-06:00,377.635,2021-01-28 14:52:00-06:00,378.615,376.02,107.8,long: close 377.58 > upper 377.02,flatten
2021-01-29,-1,8,2021-01-29 10:30:00-06:00,372.675,2021-01-29 14:52:00-06:00,371.575,374.86,88.0,short: close 372.73 < lower 374.42,flatten
2021-02-01,1,5,2021-02-01 11:30:00-06:00,376.185,2021-02-01 14:52:00-06:00,376.865,372.6,34.0,long: close 376.14 > upper 375.54,flatten
2021-02-02,1,8,2021-02-02 09:00:00-06:00,380.935,2021-02-02 14:52:00-06:00,382.365,378.56,114.4,long: close 380.87 > upper 380.27,flatten
2021-02-04,1,14,2021-02-04 09:00:00-06:00,383.945,2021-02-04 14:52:00-06:00,385.19,382.62,174.3,long: close 383.90 > upper 383.73,flatten
2021-02-18,-1,7,2021-02-18 09:30:00-06:00,388.445,2021-02-18 13:05:00-06:00,390.94500000000005,390.90000000000003,-175.0,short: close 388.50 < lower 388.55,stop
2021-02-23,-1,10,2021-02-23 09:00:00-06:00,382.185,2021-02-23 09:24:00-06:00,384.08500000000004,384.04,-190.0,short: close 382.24 < lower 384.03,stop
2021-02-23,-1,7,2021-02-23 12:00:00-06:00,382.73499999999996,2021-02-23 12:35:00-06:00,385.305,385.26,-179.9,short: close 382.78 < lower 383.36,stop
2021-02-24,1,13,2021-02-24 10:00:00-06:00,388.39500000000004,2021-02-24 14:52:00-06:00,392.01,387.04,469.95,long: close 388.34 > upper 388.27,flatten
2021-02-25,-1,12,2021-02-25 10:00:00-06:00,388.935,2021-02-25 14:52:00-06:00,382.975,390.48,715.2,short: close 389.00 < lower 389.55,flatten
2021-02-26,-1,11,2021-02-26 09:30:00-06:00,378.445,2021-02-26 09:38:00-06:00,380.165,380.12,-189.2,short: close 378.53 < lower 381.71,stop
2021-03-01,1,5,2021-03-01 09:00:00-06:00,386.985,2021-03-01 14:52:00-06:00,389.085,383.62,105.0,long: close 386.93 > upper 386.32,flatten
2021-03-02,-1,13,2021-03-02 09:30:00-06:00,387.495,2021-03-02 11:39:00-06:00,388.88500000000005,388.84000000000003,-180.7,short: close 387.55 < lower 388.32,stop
2021-03-03,-1,15,2021-03-03 09:00:00-06:00,384.445,2021-03-03 10:01:00-06:00,385.665,385.62,-183.0,short: close 384.51 < lower 384.99,stop
2021-03-03,-1,7,2021-03-03 13:30:00-06:00,383.16999999999996,2021-03-03 14:52:00-06:00,382.74,385.77,30.1,short: close 383.23 < lower 383.57,flatten
2021-03-04,-1,9,2021-03-04 12:00:00-06:00,376.965,2021-03-04 14:52:00-06:00,376.845,379.08,10.8,short: close 377.02 < lower 379.22,flatten
2021-03-05,-1,6,2021-03-05 10:00:00-06:00,375.33599999999996,2021-03-05 11:34:00-06:00,378.355,378.31,-181.14,short: close 375.39 < lower 375.61,stop
2021-03-08,1,9,2021-03-08 09:30:00-06:00,386.735,2021-03-08 12:53:00-06:00,384.59499999999997,384.64,-192.6,long: close 386.70 > upper 386.22,stop
2021-03-09,1,6,2021-03-09 09:00:00-06:00,387.3134,2021-03-09 14:52:00-06:00,387.3,384.22,-0.8,long: close 387.25 > upper 386.89,flatten
2021-03-11,1,6,2021-03-11 10:00:00-06:00,394.095,2021-03-11 14:52:00-06:00,393.435,391.12,-39.6,long: close 394.05 > upper 393.86,flatten
2021-03-19,-1,11,2021-03-19 09:00:00-05:00,388.465,2021-03-19 10:45:00-05:00,390.15500000000003,390.11,-185.9,short: close 388.53 < lower 389.00,stop
2021-03-22,1,16,2021-03-22 09:00:00-05:00,391.345,2021-03-22 14:52:00-05:00,392.64509999999996,390.2,208.02,long: close 391.30 > upper 390.92,flatten
2021-03-26,1,12,2021-03-26 09:30:00-05:00,392.095,2021-03-26 10:24:00-05:00,390.53499999999997,390.58,-187.2,long: close 392.06 > upper 391.82,stop
2021-03-26,1,9,2021-03-26 12:00:00-05:00,392.5346,2021-03-26 13:15:00-05:00,390.555,390.6,-178.16,long: close 392.48 > upper 392.22,stop
2021-03-29,-1,11,2021-03-29 09:30:00-05:00,393.055,2021-03-29 10:52:00-05:00,394.70500000000004,394.66,-181.5,short: close 393.11 < lower 393.57,stop
2021-03-31,1,21,2021-03-31 09:00:00-05:00,396.175,2021-03-31 14:52:00-05:00,397.10499999999996,395.34000000000003,195.3,long: close 396.15 > upper 395.89,flatten
2021-04-01,1,10,2021-04-01 09:30:00-05:00,399.26500000000004,2021-04-01 14:52:00-05:00,399.88,397.52,61.5,long: close 399.21 > upper 399.06,flatten
2021-04-05,1,9,2021-04-05 09:00:00-05:00,404.595,2021-04-05 14:52:00-05:00,406.465,402.62,168.3,long: close 404.55 > upper 403.98,flatten
2021-04-09,1,14,2021-04-09 13:00:00-05:00,409.85,2021-04-09 14:52:00-05:00,411.195,408.54,188.3,long: close 409.81 > upper 409.75,flatten
2021-04-13,1,17,2021-04-13 13:30:00-05:00,412.74,2021-04-13 14:52:00-05:00,412.7649,411.7,4.23,long: close 412.70 > upper 412.61,flatten
2021-04-14,1,37,2021-04-14 09:00:00-05:00,413.865,2021-04-14 09:02:00-05:00,413.375,413.42,-181.3,long: close 413.83 > upper 413.27,stop
2021-04-15,1,10,2021-04-15 09:30:00-05:00,414.605,2021-04-15 14:52:00-05:00,415.925,412.76,132.0,long: close 414.56 > upper 414.45,flatten
2021-04-19,-1,13,2021-04-19 10:00:00-05:00,415.3,2021-04-19 14:52:00-05:00,414.565,416.64,95.55,short: close 415.35 < lower 415.45,flatten
2021-04-20,-1,12,2021-04-20 10:00:00-05:00,412.305,2021-04-20 14:52:00-05:00,412.54,413.76,-28.2,short: close 412.35 < lower 413.13,flatten
2021-04-21,1,20,2021-04-21 09:00:00-05:00,413.45500000000004,2021-04-21 14:52:00-05:00,415.85499999999996,412.54,480.0,long: close 413.41 > upper 412.79,flatten
2021-04-22,-1,14,2021-04-22 12:30:00-05:00,414.655,2021-04-22 14:52:00-05:00,412.40500000000003,415.94,315.0,short: close 414.69 < lower 414.69,flatten
2021-04-23,1,19,2021-04-23 09:00:00-05:00,414.235,2021-04-23 14:52:00-05:00,416.94,413.3,513.95,long: close 414.18 > upper 413.54,flatten
2021-04-27,-1,23,2021-04-27 09:00:00-05:00,416.805,2021-04-27 10:55:00-05:00,417.625,417.58,-188.6,short: close 416.85 < lower 417.01,stop
2021-05-04,-1,10,2021-05-04 09:00:00-05:00,413.835,2021-05-04 14:52:00-05:00,414.70500000000004,415.64,-87.0,short: close 413.88 < lower 415.33,flatten
2021-05-06,-1,19,2021-05-06 09:00:00-05:00,414.745,2021-05-06 10:24:00-05:00,415.725,415.68,-186.2,short: close 414.79 < lower 414.84,stop
2021-05-06,1,13,2021-05-06 11:30:00-05:00,417.57,2021-05-06 12:58:00-05:00,416.145,416.19,-185.25,long: close 417.52 > upper 417.16,stop
2021-05-07,1,14,2021-05-07 09:00:00-05:00,421.005,2021-05-07 14:52:00-05:00,422.47999999999996,419.72,206.5,long: close 420.95 > upper 420.77,flatten
2021-05-10,-1,11,2021-05-10 13:30:00-05:00,419.7308,2021-05-10 14:52:00-05:00,418.72,421.45,111.19,short: close 419.77 < lower 420.58,flatten
2021-05-11,-1,5,2021-05-11 09:30:00-05:00,411.815,2021-05-11 14:52:00-05:00,414.45500000000004,415.42,-132.0,short: close 411.85 < lower 411.96,flatten
2021-05-12,-1,7,2021-05-12 10:00:00-05:00,409.385,2021-05-12 14:52:00-05:00,405.295,412.04,286.3,short: close 409.43 < lower 410.09,flatten
2021-05-13,1,11,2021-05-13 09:00:00-05:00,410.095,2021-05-13 12:32:00-05:00,408.375,408.42,-189.2,long: close 410.04 > upper 407.92,stop
2021-05-13,1,8,2021-05-13 13:00:00-05:00,408.865,2021-05-13 14:52:00-05:00,411.35499999999996,406.62,199.2,long: close 408.80 > upper 408.50,flatten
2021-05-14,1,7,2021-05-14 09:00:00-05:00,414.945,2021-05-14 14:52:00-05:00,417.075,412.48,149.1,long: close 414.92 > upper 414.19,flatten
2021-05-20,1,12,2021-05-20 09:00:00-05:00,413.135,2021-05-20 14:52:00-05:00,415.16499999999996,411.68,243.6,long: close 413.09 > upper 412.80,flatten
2021-05-21,1,10,2021-05-21 09:00:00-05:00,418.225,2021-05-21 09:48:00-05:00,416.315,416.36,-191.0,long: close 418.17 > upper 417.92,stop
2021-05-24,1,7,2021-05-24 09:30:00-05:00,419.065,2021-05-24 14:52:00-05:00,419.4831,416.54,29.27,long: close 419.02 > upper 418.67,flatten
2021-06-04,1,10,2021-06-04 10:00:00-05:00,421.76500000000004,2021-06-04 14:52:00-05:00,422.68,419.86,91.5,long: close 421.71 > upper 421.70,flatten
2021-06-07,-1,23,2021-06-07 09:30:00-05:00,421.565,2021-06-07 14:52:00-05:00,422.16,422.32,-136.85,short: close 421.62 < lower 421.83,flatten
2021-06-08,-1,11,2021-06-08 10:30:00-05:00,420.89,2021-06-08 11:31:00-05:00,422.605,422.56,-188.65,short: close 420.94 < lower 420.99,stop
2021-06-10,1,13,2021-06-10 09:00:00-05:00,424.295,2021-06-10 09:45:00-05:00,422.835,422.88,-189.8,long: close 424.25 > upper 423.70,stop
2021-06-14,-1,19,2021-06-14 11:30:00-05:00,423.34999999999997,2021-06-14 14:49:00-05:00,424.315,424.27,-183.35,short: close 423.39 < lower 423.46,stop
2021-06-15,-1,22,2021-06-15 09:30:00-05:00,424.325,2021-06-15 14:52:00-05:00,424.54,425.12,-47.3,short: close 424.37 < lower 424.56,flatten
2021-06-16,-1,20,2021-06-16 11:30:00-05:00,423.47499999999997,2021-06-16 14:52:00-05:00,422.42,424.35,211.0,short: close 423.52 < lower 423.68,flatten
2021-06-17,-1,17,2021-06-17 11:30:00-05:00,419.615,2021-06-17 11:52:00-05:00,420.745,420.7,-192.1,short: close 419.66 < lower 420.81,stop
2021-06-18,-1,5,2021-06-18 10:00:00-05:00,416.145,2021-06-18 14:52:00-05:00,416.39500000000004,419.47,-12.5,short: close 416.19 < lower 416.20,flatten
2021-06-21,1,12,2021-06-21 09:00:00-05:00,417.925,2021-06-21 14:52:00-05:00,420.44689999999997,416.46000000000004,302.63,long: close 417.86 > upper 417.36,flatten
2021-06-22,1,19,2021-06-22 10:00:00-05:00,421.925,2021-06-22 14:52:00-05:00,423.03499999999997,420.96000000000004,210.9,long: close 421.87 > upper 421.80,flatten
2021-07-01,1,23,2021-07-01 09:00:00-05:00,429.385,2021-07-01 14:52:00-05:00,430.04499999999996,428.62,151.8,long: close 429.33 > upper 429.21,flatten
2021-07-02,1,12,2021-07-02 12:00:00-05:00,433.30510000000004,2021-07-02 14:52:00-05:00,433.995,431.81,82.79,long: close 433.27 > upper 432.57,flatten
2021-07-06,-1,41,2021-07-06 09:00:00-05:00,432.925,2021-07-06 14:50:00-05:00,433.365,433.32,-180.4,short: close 432.97 < lower 433.37,stop
2021-07-09,1,15,2021-07-09 09:00:00-05:00,433.625,2021-07-09 14:52:00-05:00,435.58,432.44,293.25,long: close 433.58 > upper 432.93,flatten
2021-07-12,1,21,2021-07-12 09:30:00-05:00,436.505,2021-07-12 14:52:00-05:00,436.91999999999996,435.68,87.15,long: close 436.45 > upper 436.28,flatten
2021-07-15,-1,11,2021-07-15 13:00:00-05:00,432.72499999999997,2021-07-15 14:28:00-05:00,434.46500000000003,434.42,-191.4,short: close 432.79 < lower 433.81,stop
2021-07-16,-1,13,2021-07-16 09:30:00-05:00,433.185,2021-07-16 14:52:00-05:00,431.06,434.52,276.25,short: close 433.23 < lower 434.03,flatten
2021-07-19,-1,6,2021-07-19 09:00:00-05:00,424.205,2021-07-19 14:52:00-05:00,423.445,427.32,45.6,short: close 424.27 < lower 425.69,flatten
2021-07-20,1,19,2021-07-20 09:00:00-05:00,428.295,2021-07-20 14:52:00-05:00,431.495,427.34000000000003,608.0,long: close 428.24 > upper 426.28,flatten
2021-07-21,1,13,2021-07-21 09:00:00-05:00,433.70500000000004,2021-07-21 14:52:00-05:00,433.81,432.28000000000003,13.65,long: close 433.66 > upper 433.12,flatten
2021-07-23,1,7,2021-07-23 10:30:00-05:00,439.28000000000003,2021-07-23 14:52:00-05:00,440.2,436.77,64.4,long: close 439.24 > upper 439.03,flatten
2021-07-27,-1,10,2021-07-27 10:00:00-05:00,438.515,2021-07-27 14:52:00-05:00,438.505,440.28000000000003,1.0,short: close 438.56 < lower 438.68,flatten
2021-07-29,1,11,2021-07-29 09:30:00-05:00,441.01500000000004,2021-07-29 14:52:00-05:00,440.6209,439.42,-43.35,long: close 440.97 > upper 440.91,flatten
2021-08-03,-1,13,2021-08-03 09:00:00-05:00,436.35499999999996,2021-08-03 09:23:00-05:00,437.785,437.74,-185.9,short: close 436.40 < lower 436.62,stop
2021-08-03,1,8,2021-08-03 13:30:00-05:00,440.565,2021-08-03 14:52:00-05:00,440.625,438.26,4.8,long: close 440.52 > upper 440.31,flatten
2021-08-09,-1,25,2021-08-09 09:30:00-05:00,441.74,2021-08-09 13:17:00-05:00,442.46500000000003,442.42,-181.25,short: close 441.79 < lower 441.81,stop
2021-08-10,1,26,2021-08-10 09:30:00-05:00,443.14500000000004,2021-08-10 09:32:00-05:00,442.435,442.48,-184.6,long: close 443.10 > upper 443.05,stop
2021-08-16,-1,14,2021-08-16 09:00:00-05:00,443.34499999999997,2021-08-16 11:24:00-05:00,444.70500000000004,444.66,-190.4,short: close 443.39 < lower 443.90,stop
2021-08-17,-1,9,2021-08-17 11:00:00-05:00,443.015,2021-08-17 14:52:00-05:00,443.66,445.04,-58.05,short: close 443.06 < lower 443.61,flatten
2021-08-19,1,9,2021-08-19 11:00:00-05:00,440.77000000000004,2021-08-19 13:03:00-05:00,438.645,438.69,-191.25,long: close 440.73 > upper 439.82,stop
2021-08-20,1,20,2021-08-20 09:00:00-05:00,441.89500000000004,2021-08-20 14:52:00-05:00,443.435,441.0,308.0,long: close 441.85 > upper 440.93,flatten
2021-08-23,1,10,2021-08-23 09:00:00-05:00,446.39500000000004,2021-08-23 14:52:00-05:00,447.635,444.66,124.0,long: close 446.33 > upper 445.98,flatten
2021-08-25,1,16,2021-08-25 11:30:00-05:00,449.33500000000004,2021-08-25 14:52:00-05:00,449.16499999999996,448.18,-27.2,long: close 449.30 > upper 449.22,flatten
2021-08-26,-1,17,2021-08-26 09:30:00-05:00,447.505,2021-08-26 14:52:00-05:00,446.565,448.53000000000003,159.8,short: close 447.56 < lower 447.71,flatten
2021-08-27,1,13,2021-08-27 09:30:00-05:00,449.355,2021-08-27 14:52:00-05:00,450.25,447.98,116.35,long: close 449.30 > upper 448.07,flatten
2021-08-30,1,12,2021-08-30 09:30:00-05:00,452.21500000000003,2021-08-30 14:52:00-05:00,452.34999999999997,450.74,16.2,long: close 452.17 > upper 452.06,flatten
2021-08-31,-1,22,2021-08-31 09:00:00-05:00,451.065,2021-08-31 09:11:00-05:00,451.90500000000003,451.86,-184.8,short: close 451.12 < lower 451.37,stop
2021-09-07,-1,19,2021-09-07 09:00:00-05:00,451.695,2021-09-07 14:52:00-05:00,451.605,452.64,17.1,short: close 451.75 < lower 451.94,flatten
2021-09-08,-1,12,2021-09-08 10:00:00-05:00,449.385,2021-09-08 13:02:00-05:00,450.925,450.88,-184.8,short: close 449.43 < lower 449.70,stop
2021-09-09,1,21,2021-09-09 09:00:00-05:00,451.845,2021-09-09 10:26:00-05:00,450.935,450.98,-191.1,long: close 451.80 > upper 451.69,stop
2021-09-10,-1,9,2021-09-10 10:30:00-05:00,447.465,2021-09-10 14:52:00-05:00,445.875,449.5,143.1,short: close 447.50 < lower 447.96,flatten
2021-09-14,-1,10,2021-09-14 10:00:00-05:00,444.925,2021-09-14 14:52:00-05:00,443.845,446.82,108.0,short: close 444.97 < lower 445.45,flatten
2021-09-15,1,13,2021-09-15 11:30:00-05:00,445.995,2021-09-15 14:52:00-05:00,447.98499999999996,444.66,258.7,long: close 445.94 > upper 445.74,flatten
2021-09-16,-1,17,2021-09-16 09:00:00-05:00,446.085,2021-09-16 13:10:00-05:00,447.19500000000005,447.15000000000003,-188.7,short: close 446.14 < lower 446.52,stop
2021-09-17,-1,9,2021-09-17 09:00:00-05:00,443.445,2021-09-17 14:52:00-05:00,441.235,445.42,198.9,short: close 443.50 < lower 444.07,flatten
2021-09-20,-1,4,2021-09-20 11:00:00-05:00,432.84,2021-09-20 14:52:00-05:00,433.485,437.54,-25.8,short: close 432.89 < lower 433.46,flatten
2021-09-22,1,8,2021-09-22 09:30:00-05:00,437.435,2021-09-22 14:52:00-05:00,438.055,435.1,49.6,long: close 437.39 > upper 437.20,flatten
2021-09-23,1,10,2021-09-23 09:00:00-05:00,442.255,2021-09-23 14:52:00-05:00,443.275,440.36,102.0,long: close 442.20 > upper 440.72,flatten
2021-09-28,-1,7,2021-09-28 09:00:00-05:00,437.965,2021-09-28 14:52:00-05:00,433.89500000000004,440.58,284.9,short: close 438.02 < lower 438.58,flatten
2021-09-30,-1,6,2021-09-30 11:30:00-05:00,430.335,2021-09-30 13:34:00-05:00,433.27500000000003,433.23,-176.4,short: close 430.40 < lower 432.33,stop
2021-10-01,1,5,2021-10-01 13:30:00-05:00,434.089,2021-10-01 14:52:00-05:00,434.63509999999997,430.26,27.3,long: close 434.03 > upper 433.91,flatten
2021-10-04,-1,8,2021-10-04 09:30:00-05:00,429.905,2021-10-04 14:52:00-05:00,427.39000000000004,432.2,201.2,short: close 429.95 < lower 431.31,flatten
2021-10-05,1,10,2021-10-05 09:00:00-05:00,431.295,2021-10-05 14:52:00-05:00,433.765,429.52,247.0,long: close 431.27 > upper 431.23,flatten
2021-10-07,1,7,2021-10-07 09:00:00-05:00,440.71500000000003,2021-10-07 14:52:00-05:00,438.395,437.98,-162.4,long: close 440.67 > upper 439.39,flatten
2021-10-11,1,13,2021-10-11 09:00:00-05:00,439.445,2021-10-11 11:51:00-05:00,437.97499999999997,438.02,-191.1,long: close 439.39 > upper 438.91,stop
2021-10-14,1,5,2021-10-14 10:30:00-05:00,441.18,2021-10-14 14:52:00-05:00,442.205,437.32,51.25,long: close 441.14 > upper 440.97,flatten
2021-10-28,1,11,2021-10-28 09:00:00-05:00,456.815,2021-10-28 14:52:00-05:00,457.675,455.15000000000003,94.6,long: close 456.76 > upper 456.34,flatten
2021-11-02,1,21,2021-11-02 09:00:00-05:00,461.21500000000003,2021-11-02 14:52:00-05:00,461.55,460.39,70.35,long: close 461.16 > upper 460.99,flatten
2021-11-04,1,18,2021-11-04 09:00:00-05:00,466.40000000000003,2021-11-04 10:24:00-05:00,465.34499999999997,465.39,-189.9,long: close 466.35 > upper 466.06,stop
2021-11-05,1,9,2021-11-05 09:00:00-05:00,470.305,2021-11-05 12:10:00-05:00,468.315,468.36,-179.1,long: close 470.26 > upper 470.02,stop
2021-11-09,-1,20,2021-11-09 09:00:00-06:00,466.905,2021-11-09 09:34:00-06:00,467.83500000000004,467.79,-186.0,short: close 466.95 < lower 468.25,stop
2021-11-09,-1,16,2021-11-09 10:00:00-06:00,467.215,2021-11-09 14:52:00-06:00,467.045,468.34000000000003,27.2,short: close 467.26 < lower 468.01,flatten
2021-11-10,-1,9,2021-11-10 13:00:00-06:00,464.175,2021-11-10 14:52:00-06:00,463.985,466.28000000000003,17.1,short: close 464.23 < lower 464.38,flatten
2021-11-12,1,11,2021-11-12 10:30:00-06:00,466.875,2021-11-12 14:52:00-06:00,467.275,465.2,44.0,long: close 466.83 > upper 466.14,flatten
2021-11-16,1,18,2021-11-16 09:00:00-06:00,468.565,2021-11-16 14:52:00-06:00,469.465,467.56,162.0,long: close 468.50 > upper 468.29,flatten
2021-11-17,-1,17,2021-11-17 09:00:00-06:00,467.525,2021-11-17 09:39:00-06:00,468.63500000000005,468.59000000000003,-188.7,short: close 467.58 < lower 468.05,stop
2021-11-18,-1,12,2021-11-18 09:30:00-06:00,466.78499999999997,2021-11-18 10:32:00-06:00,468.355,468.31,-188.4,short: close 466.82 < lower 467.15,stop
2021-11-22,1,10,2021-11-22 09:00:00-06:00,472.755,2021-11-22 10:52:00-06:00,470.875,470.92,-188.0,long: close 472.69 > upper 471.69,stop
2021-11-23,1,16,2021-11-23 09:00:00-06:00,468.615,2021-11-23 09:06:00-06:00,467.47499999999997,467.52,-182.4,long: close 468.57 > upper 468.46,stop
2021-11-23,-1,14,2021-11-23 09:30:00-06:00,466.03499999999997,2021-11-23 13:49:00-06:00,467.355,467.31,-184.8,short: close 466.08 < lower 466.09,stop
2021-11-26,-1,4,2021-11-26 09:30:00-06:00,460.97499999999997,2021-11-26 14:52:00-06:00,456.95500000000004,465.66,160.8,short: close 461.01 < lower 461.19,flatten
2021-11-29,1,3,2021-11-29 11:30:00-06:00,465.70500000000004,2021-11-29 14:52:00-06:00,464.935,460.75,-23.1,long: close 465.67 > upper 465.47,flatten
2021-11-30,-1,7,2021-11-30 10:00:00-06:00,457.98499999999996,2021-11-30 14:52:00-06:00,455.925,460.56,144.2,short: close 458.04 < lower 460.74,flatten
2021-12-01,1,4,2021-12-01 10:00:00-06:00,463.495,2021-12-01 12:13:00-06:00,459.155,459.2,-173.6,long: close 463.46 > upper 463.04,stop
2021-12-02,1,21,2021-12-02 09:00:00-06:00,455.915,2021-12-02 09:00:00-06:00,455.03499999999997,455.08,-184.8,long: close 455.88 > upper 451.46,stop
2021-12-02,1,14,2021-12-02 09:30:00-06:00,455.02500000000003,2021-12-02 09:34:00-06:00,453.735,453.78000000000003,-180.6,long: close 454.98 > upper 451.87,stop
2021-12-03,-1,9,2021-12-03 09:00:00-06:00,455.375,2021-12-03 14:52:00-06:00,451.45500000000004,457.38,352.8,short: close 455.40 < lower 456.25,flatten
2021-12-06,1,6,2021-12-06 09:30:00-06:00,458.15500000000003,2021-12-06 14:52:00-06:00,458.78999999999996,455.18,38.1,long: close 458.10 > upper 457.75,flatten
2021-12-07,1,4,2021-12-07 09:00:00-06:00,467.285,2021-12-07 14:52:00-06:00,466.435,463.14,-34.0,long: close 467.24 > upper 465.75,flatten
2021-12-13,-1,11,2021-12-13 09:00:00-06:00,468.655,2021-12-13 14:52:00-06:00,467.375,470.29,140.8,short: close 468.71 < lower 468.81,flatten
2021-12-15,-1,13,2021-12-15 09:00:00-06:00,461.66499999999996,2021-12-15 13:03:00-06:00,463.065,463.02,-182.0,short: close 461.68 < lower 462.05,stop
2021-12-16,-1,4,2021-12-16 13:30:00-06:00,466.84499999999997,2021-12-16 14:52:00-06:00,467.795,470.90000000000003,-38.0,short: close 466.88 < lower 467.53,flatten
2021-12-17,-1,4,2021-12-17 09:30:00-06:00,459.365,2021-12-17 09:52:00-06:00,463.565,463.52,-168.0,short: close 459.42 < lower 459.83,stop
2021-12-20,-1,4,2021-12-20 09:30:00-06:00,452.315,2021-12-20 14:52:00-06:00,454.96000000000004,456.76,-105.8,short: close 452.36 < lower 452.73,flatten
2021-12-21,1,4,2021-12-21 11:30:00-06:00,461.095,2021-12-21 14:52:00-06:00,462.03499999999997,456.89,37.6,long: close 461.05 > upper 460.99,flatten
2021-12-22,1,7,2021-12-22 10:00:00-06:00,466.175,2021-12-22 14:52:00-06:00,467.16499999999996,463.76,69.3,long: close 466.12 > upper 465.35,flatten
2021-12-23,1,10,2021-12-23 09:00:00-06:00,470.21500000000003,2021-12-23 14:52:00-06:00,472.055,468.40000000000003,184.0,long: close 470.17 > upper 470.04,flatten
2021-12-27,1,10,2021-12-27 09:00:00-06:00,473.235,2021-12-27 14:52:00-06:00,477.03499999999997,471.38,380.0,long: close 473.19 > upper 473.16,flatten
2022-01-04,-1,7,2022-01-04 13:00:00-06:00,475.675,2022-01-04 14:29:00-06:00,478.365,478.32,-188.3,short: close 475.72 < lower 475.84,stop
2022-01-05,-1,9,2022-01-05 13:30:00-06:00,473.375,2022-01-05 14:52:00-06:00,469.40500000000003,475.48,357.3,short: close 473.40 < lower 475.24,flatten
2022-01-06,-1,17,2022-01-06 09:00:00-06:00,466.995,2022-01-06 09:25:00-06:00,468.08500000000004,468.04,-185.3,short: close 467.05 < lower 467.09,stop
2022-01-07,-1,14,2022-01-07 10:00:00-06:00,465.22499999999997,2022-01-07 10:29:00-06:00,466.52500000000003,466.48,-182.0,short: close 465.25 < lower 466.68,stop
2022-01-07,-1,13,2022-01-07 10:30:00-06:00,466.395,2022-01-07 10:54:00-06:00,467.82500000000005,467.78000000000003,-185.9,short: close 466.45 < lower 466.56,stop
2022-01-10,-1,8,2022-01-10 09:00:00-06:00,459.29499999999996,2022-01-10 12:50:00-06:00,461.745,461.7,-196.0,short: close 459.36 < lower 462.00,stop
2022-01-11,-1,17,2022-01-11 09:00:00-06:00,462.815,2022-01-11 09:04:00-06:00,463.94500000000005,463.90000000000003,-192.1,short: close 462.86 < lower 464.30,stop
2022-01-11,-1,11,2022-01-11 10:00:00-06:00,463.395,2022-01-11 10:12:00-06:00,465.07500000000005,465.03000000000003,-184.8,short: close 463.43 < lower 463.74,stop
2022-01-12,1,9,2022-01-12 09:00:00-06:00,472.685,2022-01-12 09:41:00-06:00,470.695,470.74,-179.1,long: close 472.63 > upper 472.60,stop
2022-01-13,-1,9,2022-01-13 11:30:00-06:00,467.68,2022-01-13 14:52:00-06:00,464.175,469.64,315.45,short: close 467.72 < lower 469.68,flatten
2022-01-18,-1,5,2022-01-18 09:00:00-06:00,458.055,2022-01-18 14:52:00-06:00,456.235,461.62,91.0,short: close 458.12 < lower 458.66,flatten
2022-01-19,1,9,2022-01-19 09:00:00-06:00,459.52500000000003,2022-01-19 09:18:00-06:00,457.525,457.57,-180.0,long: close 459.48 > upper 459.30,stop
2022-01-19,-1,8,2022-01-19 13:30:00-06:00,454.41499999999996,2022-01-19 14:52:00-06:00,453.055,456.76,108.8,short: close 454.48 < lower 454.99,flatten
2022-01-20,1,8,2022-01-20 09:00:00-06:00,456.76500000000004,2022-01-20 13:15:00-06:00,454.575,454.62,-175.2,long: close 456.71 > upper 454.92,stop
2022-01-21,-1,9,2022-01-21 09:00:00-06:00,443.59499999999997,2022-01-21 09:36:00-06:00,445.595,445.55,-180.0,short: close 443.63 < lower 444.22,stop
2022-01-21,-1,8,2022-01-21 11:30:00-06:00,443.525,2022-01-21 14:52:00-06:00,439.245,445.79,342.4,short: close 443.58 < lower 443.91,flatten
2022-01-24,-1,4,2022-01-24 09:00:00-06:00,429.04499999999996,2022-01-24 14:15:00-06:00,433.51500000000004,433.47,-178.8,short: close 429.07 < lower 430.60,stop
2022-01-25,-1,3,2022-01-25 09:00:00-06:00,429.085,2022-01-25 12:32:00-06:00,434.105,434.06,-150.6,short: close 429.14 < lower 431.51,stop
2022-01-27,1,4,2022-01-27 09:00:00-06:00,440.345,2022-01-27 09:39:00-06:00,435.995,436.04,-174.0,long: close 440.28 > upper 440.17,stop
2022-01-27,-1,4,2022-01-27 12:30:00-06:00,430.28499999999997,2022-01-27 14:52:00-06:00,431.865,434.64,-63.2,short: close 430.32 < lower 431.51,flatten
2022-01-28,-1,7,2022-01-28 09:00:00-06:00,428.455,2022-01-28 09:16:00-06:00,431.185,431.14,-191.1,short: close 428.49 < lower 429.31,stop
2022-01-28,1,7,2022-01-28 10:30:00-06:00,435.045,2022-01-28 13:24:00-06:00,432.575,432.62,-172.9,long: close 435.00 > upper 434.40,stop
2022-01-31,1,9,2022-01-31 09:30:00-06:00,444.415,2022-01-31 14:52:00-06:00,449.47499999999997,442.3,455.4,long: close 444.37 > upper 443.68,flatten
2022-02-04,1,7,2022-02-04 12:30:00-06:00,449.805,2022-02-04 14:52:00-06:00,449.925,447.1,8.4,long: close 449.75 > upper 449.20,flatten
2022-02-08,1,9,2022-02-08 10:30:00-06:00,449.055,2022-02-08 14:52:00-06:00,450.405,447.12,121.5,long: close 448.98 > upper 448.91,flatten
2022-02-11,-1,7,2022-02-11 12:00:00-06:00,446.635,2022-02-11 14:52:00-06:00,441.83500000000004,449.28000000000003,336.0,short: close 446.69 < lower 446.76,flatten
2022-02-14,-1,10,2022-02-14 10:00:00-06:00,437.835,2022-02-14 10:25:00-06:00,439.625,439.58,-179.0,short: close 437.87 < lower 438.47,stop
2022-02-14,-1,6,2022-02-14 13:00:00-06:00,436.215,2022-02-14 14:24:00-06:00,439.32500000000005,439.28000000000003,-186.6,short: close 436.24 < lower 437.14,stop
2022-02-15,1,5,2022-02-15 10:00:00-06:00,445.555,2022-02-15 14:52:00-06:00,445.79499999999996,441.76,12.0,long: close 445.52 > upper 445.20,flatten
2022-02-17,-1,6,2022-02-17 09:00:00-06:00,440.72499999999997,2022-02-17 14:52:00-06:00,436.975,443.59000000000003,225.0,short: close 440.79 < lower 442.05,flatten
2022-02-18,1,16,2022-02-18 09:00:00-06:00,438.435,2022-02-18 09:11:00-06:00,437.255,437.3,-188.8,long: close 438.36 > upper 438.35,stop
2022-02-18,-1,11,2022-02-18 10:00:00-06:00,435.435,2022-02-18 14:00:00-06:00,437.165,437.12,-190.3,short: close 435.47 < lower 435.54,stop
2022-02-22,-1,6,2022-02-22 12:00:00-06:00,429.405,2022-02-22 14:02:00-06:00,432.45500000000004,432.41,-183.0,short: close 429.44 < lower 430.08,stop
2022-02-23,-1,6,2022-02-23 10:00:00-06:00,428.09499999999997,2022-02-23 14:52:00-06:00,421.575,430.97,391.2,short: close 428.14 < lower 428.29,flatten
2022-02-25,1,7,2022-02-25 09:30:00-06:00,431.90500000000003,2022-02-25 14:52:00-06:00,437.515,429.46000000000004,392.7,long: close 431.87 > upper 431.40,flatten
2022-03-01,-1,4,2022-03-01 11:00:00-06:00,429.71999999999997,2022-03-01 14:52:00-06:00,428.165,433.66,62.2,short: close 429.76 < lower 431.92,flatten
2022-03-02,1,5,2022-03-02 10:30:00-06:00,436.77500000000003,2022-03-02 14:52:00-06:00,439.245,432.88,123.5,long: close 436.73 > upper 435.11,flatten
2022-03-03,-1,4,2022-03-03 10:00:00-06:00,434.85499999999996,2022-03-03 11:34:00-06:00,438.845,438.8,-159.6,short: close 434.91 < lower 435.21,stop
2022-03-04,-1,4,2022-03-04 09:30:00-06:00,429.765,2022-03-04 14:52:00-06:00,430.985,433.7,-48.8,short: close 429.80 < lower 429.81,flatten
2022-03-07,-1,10,2022-03-07 09:00:00-06:00,427.755,2022-03-07 14:52:00-06:00,420.16,429.48,759.5,short: close 427.83 < lower 430.17,flatten
2022-03-08,-1,7,2022-03-08 09:30:00-06:00,416.315,2022-03-08 09:54:00-06:00,418.805,418.76,-174.3,short: close 416.37 < lower 417.14,stop
2022-03-08,1,5,2022-03-08 11:30:00-06:00,423.83500000000004,2022-03-08 12:54:00-06:00,420.28499999999997,420.33,-177.5,long: close 423.83 > upper 423.09,stop
2022-03-14,1,5,2022-03-14 10:00:00-05:00,424.375,2022-03-14 10:43:00-05:00,421.03499999999997,421.08,-167.0,long: close 424.31 > upper 423.78,stop
2022-03-15,1,3,2022-03-15 11:30:00-05:00,424.115,2022-03-15 14:52:00-05:00,426.435,419.02,69.6,long: close 424.08 > upper 423.53,flatten
2022-03-16,1,5,2022-03-16 09:00:00-05:00,431.975,2022-03-16 13:05:00-05:00,428.615,428.66,-168.0,long: close 431.93 > upper 431.34,stop
2022-03-17,1,4,2022-03-17 13:00:00-05:00,439.485,2022-03-17 14:52:00-05:00,440.025,434.82,21.6,long: close 439.44 > upper 439.28,flatten
2022-03-22,1,9,2022-03-22 09:00:00-05:00,447.255,2022-03-22 14:52:00-05:00,449.635,445.22,214.2,long: close 447.21 > upper 447.18,flatten
2022-04-04,1,16,2022-04-04 09:00:00-05:00,454.545,2022-04-04 14:52:00-05:00,456.635,453.44,334.4,long: close 454.52 > upper 454.11,flatten
2022-04-05,-1,7,2022-04-05 11:30:00-05:00,452.72499999999997,2022-04-05 14:52:00-05:00,450.64500000000004,455.42,145.6,short: close 452.77 < lower 453.30,flatten
2022-04-06,-1,6,2022-04-06 09:00:00-05:00,445.5351,2022-04-06 14:02:00-05:00,448.685,448.64,-188.99,short: close 445.59 < lower 445.90,stop
2022-04-08,-1,14,2022-04-08 09:00:00-05:00,446.03499999999997,2022-04-08 09:08:00-05:00,447.38500000000005,447.34000000000003,-189.0,short: close 446.10 < lower 447.06,stop
2022-04-08,1,13,2022-04-08 10:00:00-05:00,449.845,2022-04-08 13:25:00-05:00,448.455,448.5,-180.7,long: close 449.79 > upper 449.71,stop
2022-04-11,-1,6,2022-04-11 09:30:00-05:00,442.71999999999997,2022-04-11 14:52:00-05:00,439.995,445.52,163.5,short: close 442.76 < lower 443.07,flatten
2022-04-12,1,7,2022-04-12 09:00:00-05:00,445.115,2022-04-12 09:48:00-05:00,442.59499999999997,442.64,-176.4,long: close 445.06 > upper 443.99,stop
2022-04-12,-1,6,2022-04-12 13:30:00-05:00,438.435,2022-04-12 14:52:00-05:00,438.2049,441.46000000000004,13.81,short: close 438.49 < lower 438.51,flatten
2022-04-13,1,17,2022-04-13 09:30:00-05:00,439.33500000000004,2022-04-13 14:52:00-05:00,443.59499999999997,438.31,724.2,long: close 439.28 > upper 439.16,flatten
2022-04-14,-1,16,2022-04-14 09:00:00-05:00,442.135,2022-04-14 14:52:00-05:00,438.255,443.28000000000003,620.8,short: close 442.13 < lower 442.31,flatten
2022-04-19,1,16,2022-04-19 09:00:00-05:00,441.445,2022-04-19 14:52:00-05:00,445.715,440.3,683.2,long: close 441.42 > upper 439.07,flatten
2022-04-21,-1,4,2022-04-21 13:00:00-05:00,441.685,2022-04-21 14:52:00-05:00,438.565,445.92,124.8,short: close 441.75 < lower 442.39,flatten
2022-04-22,-1,9,2022-04-22 09:00:00-05:00,434.29499999999996,2022-04-22 14:52:00-05:00,426.305,436.29,719.1,short: close 434.31 < lower 435.47,flatten
2022-04-25,-1,7,2022-04-25 09:00:00-05:00,420.255,2022-04-25 09:25:00-05:00,423.00500000000005,422.96000000000004,-192.5,short: close 420.30 < lower 422.17,stop
2022-04-25,-1,6,2022-04-25 10:00:00-05:00,420.655,2022-04-25 12:15:00-05:00,423.605,423.56,-177.0,short: close 420.72 < lower 421.97,stop
2022-04-26,-1,6,2022-04-26 09:00:00-05:00,423.805,2022-04-26 14:52:00-05:00,417.77500000000003,426.8,361.8,short: close 423.86 < lower 424.17,flatten
2022-04-27,1,8,2022-04-27 09:00:00-05:00,420.795,2022-04-27 09:11:00-05:00,418.555,418.6,-179.2,long: close 420.75 > upper 418.88,stop
2022-04-27,1,6,2022-04-27 10:30:00-05:00,419.865,2022-04-27 14:50:00-05:00,416.955,417.0,-174.6,long: close 419.80 > upper 419.53,stop
2022-04-28,1,3,2022-04-28 12:00:00-05:00,425.64500000000004,2022-04-28 14:52:00-05:00,426.99,420.16,40.35,long: close 425.60 > upper 425.27,flatten
2022-04-29,-1,4,2022-04-29 09:30:00-05:00,421.145,2022-04-29 14:52:00-05:00,412.415,425.16,349.2,short: close 421.18 < lower 421.68,flatten
2022-05-02,1,9,2022-05-02 09:30:00-05:00,414.485,2022-05-02 09:57:00-05:00,412.435,412.48,-184.5,long: close 414.46 > upper 414.06,stop
2022-05-02,-1,4,2022-05-02 13:00:00-05:00,407.53499999999997,2022-05-02 14:22:00-05:00,411.52500000000003,411.48,-159.6,short: close 407.65 < lower 408.11,stop
2022-05-03,1,7,2022-05-03 10:30:00-05:00,418.005,2022-05-03 13:16:00-05:00,415.235,415.28000000000003,-193.9,long: close 417.95 > upper 417.47,stop
2022-05-05,-1,4,2022-05-05 09:00:00-05:00,421.54499999999996,2022-05-05 14:52:00-05:00,413.075,425.59000000000003,338.8,short: close 421.56 < lower 422.71,flatten
2022-05-06,-1,5,2022-05-06 09:00:00-05:00,406.305,2022-05-06 09:17:00-05:00,409.625,409.58,-166.0,short: close 406.36 < lower 409.24,stop
2022-05-09,-1,3,2022-05-09 09:30:00-05:00,402.405,2022-05-09 14:52:00-05:00,396.725,407.93,170.4,short: close 402.46 < lower 402.73,flatten
2022-05-11,1,8,2022-05-11 09:00:00-05:00,402.295,2022-05-11 09:09:00-05:00,399.995,400.04,-184.0,long: close 402.26 > upper 400.82,stop
2022-05-11,1,6,2022-05-11 09:30:00-05:00,402.685,2022-05-11 10:17:00-05:00,399.855,399.90000000000003,-169.8,long: close 402.68 > upper 401.35,stop
2022-05-13,1,4,2022-05-13 09:00:00-05:00,398.685,2022-05-13 14:52:00-05:00,400.245,394.66,62.4,long: close 398.64 > upper 398.59,flatten
2022-05-18,-1,4,2022-05-18 09:00:00-05:00,401.115,2022-05-18 14:52:00-05:00,391.365,405.14,390.0,short: close 401.16 < lower 401.87,flatten
2022-05-20,-1,4,2022-05-20 11:30:00-05:00,384.4,2022-05-20 14:50:00-05:00,389.295,389.25,-195.8,short: close 384.44 < lower 386.51,stop
2022-05-23,1,3,2022-05-23 11:30:00-05:00,396.565,2022-05-23 14:52:00-05:00,395.905,391.40000000000003,-19.8,long: close 396.53 > upper 396.39,flatten
2022-05-24,-1,5,2022-05-24 09:00:00-05:00,390.755,2022-05-24 14:38:00-05:00,394.52500000000003,394.48,-188.5,short: close 390.77 < lower 391.02,stop
2022-05-26,1,9,2022-05-26 09:00:00-05:00,402.605,2022-05-26 14:52:00-05:00,406.025,400.48,307.8,long: close 402.57 > upper 400.25,flatten
2022-05-27,1,6,2022-05-27 09:00:00-05:00,411.065,2022-05-27 14:52:00-05:00,414.005,408.18,176.4,long: close 411.03 > upper 409.49,flatten
2022-05-31,-1,7,2022-05-31 09:00:00-05:00,411.115,2022-05-31 10:51:00-05:00,413.865,413.82,-192.5,short: close 411.20 < lower 411.75,stop
2022-06-01,-1,4,2022-06-01 10:30:00-05:00,408.745,2022-06-01 14:52:00-05:00,411.45500000000004,413.62,-108.4,short: close 408.78 < lower 409.18,flatten
2022-06-02,1,4,2022-06-02 11:30:00-05:00,414.01500000000004,2022-06-02 14:52:00-05:00,416.4,409.95,95.4,long: close 413.97 > upper 413.59,flatten
2022-06-10,-1,3,2022-06-10 09:30:00-05:00,390.28999999999996,2022-06-10 14:52:00-05:00,391.20500000000004,395.98,-27.45,short: close 390.33 < lower 392.51,flatten
2022-06-13,-1,3,2022-06-13 09:30:00-05:00,377.145,2022-06-13 14:52:00-05:00,373.435,383.14,111.3,short: close 377.18 < lower 377.41,flatten
2022-06-16,-1,3,2022-06-16 09:00:00-05:00,368.765,2022-06-16 14:52:00-05:00,365.195,374.44,107.1,short: close 368.82 < lower 369.16,flatten
2022-06-17,1,9,2022-06-17 09:00:00-05:00,368.45500000000004,2022-06-17 09:15:00-05:00,366.495,366.54,-176.4,long: close 368.39 > upper 368.13,stop
2022-06-21,1,4,2022-06-21 09:00:00-05:00,374.885,2022-06-21 14:52:00-05:00,375.48499999999996,370.64,24.0,long: close 374.83 > upper 373.11,flatten
2022-06-24,1,6,2022-06-24 09:00:00-05:00,383.875,2022-06-24 14:52:00-05:00,388.905,380.78000000000003,301.8,long: close 383.79 > upper 382.86,flatten
2022-06-27,-1,9,2022-06-27 09:00:00-05:00,388.085,2022-06-27 09:50:00-05:00,390.245,390.2,-194.4,short: close 388.10 < lower 388.43,stop
2022-06-28,-1,5,2022-06-28 10:30:00-05:00,385.72499999999997,2022-06-28 14:52:00-05:00,381.0049,389.0,236.0,short: close 385.77 < lower 386.16,flatten
2022-06-30,-1,5,2022-06-30 09:00:00-05:00,373.315,2022-06-30 10:26:00-05:00,377.105,377.06,-189.5,short: close 373.34 < lower 374.57,stop
2022-07-05,-1,4,2022-07-05 09:00:00-05:00,373.78499999999997,2022-07-05 13:22:00-05:00,378.305,378.26,-180.8,short: close 373.89 < lower 374.07,stop
2022-07-07,1,6,2022-07-07 09:00:00-05:00,387.435,2022-07-07 14:52:00-05:00,388.885,384.62,87.0,long: close 387.38 > upper 387.04,flatten
2022-07-14,-1,4,2022-07-14 09:30:00-05:00,371.935,2022-07-14 13:03:00-05:00,376.125,376.08,-167.6,short: close 371.97 < lower 372.13,stop
2022-07-19,1,5,2022-07-19 09:30:00-05:00,388.105,2022-07-19 14:52:00-05:00,392.255,384.78000000000003,207.5,long: close 388.06 > upper 387.36,flatten
2022-07-20,1,11,2022-07-20 10:00:00-05:00,395.995,2022-07-20 11:44:00-05:00,394.335,394.38,-182.6,long: close 395.95 > upper 393.95,stop
2022-07-20,1,9,2022-07-20 12:00:00-05:00,394.725,2022-07-20 12:10:00-05:00,392.735,392.78000000000003,-179.1,long: close 394.69 > upper 394.27,stop
2022-07-21,-1,10,2022-07-21 09:30:00-05:00,392.055,2022-07-21 09:56:00-05:00,393.88500000000005,393.84000000000003,-183.0,short: close 392.07 < lower 392.68,stop
2022-07-21,1,8,2022-07-21 11:30:00-05:00,397.39500000000004,2022-07-21 14:52:00-05:00,398.15,395.19,60.4,long: close 397.35 > upper 396.68,flatten
2022-07-22,-1,10,2022-07-22 10:30:00-05:00,396.675,2022-07-22 14:52:00-05:00,394.40500000000003,398.56,227.0,short: close 396.72 < lower 396.97,flatten
2022-07-26,-1,7,2022-07-26 10:30:00-05:00,391.315,2022-07-26 14:52:00-05:00,390.70500000000004,393.98,42.7,short: close 391.36 < lower 392.04,flatten
2022-07-27,1,5,2022-07-27 10:00:00-05:00,396.185,2022-07-27 14:52:00-05:00,401.375,392.84000000000003,259.5,long: close 396.12 > upper 395.99,flatten
2022-07-28,-1,13,2022-07-28 09:00:00-05:00,399.335,2022-07-28 09:48:00-05:00,400.76500000000004,400.72,-185.9,short: close 399.34 < lower 400.06,stop
2022-07-28,1,8,2022-07-28 10:30:00-05:00,403.89500000000004,2022-07-28 14:52:00-05:00,406.23499999999996,401.58,187.2,long: close 403.86 > upper 403.77,flatten
2022-07-29,1,10,2022-07-29 09:00:00-05:00,409.255,2022-07-29 14:52:00-05:00,412.75,407.40000000000003,349.5,long: close 409.18 > upper 408.64,flatten
2022-08-03,1,8,2022-08-03 09:00:00-05:00,411.52500000000003,2022-08-03 14:52:00-05:00,415.155,409.36,290.4,long: close 411.53 > upper 411.40,flatten
2022-08-08,1,9,2022-08-08 09:00:00-05:00,417.235,2022-08-08 10:38:00-05:00,415.135,415.18,-189.0,long: close 417.19 > upper 416.40,stop
2022-08-12,1,8,2022-08-12 10:30:00-05:00,423.46500000000003,2022-08-12 14:52:00-05:00,426.47499999999997,421.14,240.8,long: close 423.41 > upper 423.36,flatten
2022-08-16,1,7,2022-08-16 13:00:00-05:00,431.035,2022-08-16 13:46:00-05:00,428.295,428.34000000000003,-191.8,long: close 431.00 > upper 430.99,stop
2022-08-19,-1,7,2022-08-19 09:00:00-05:00,423.125,2022-08-19 14:52:00-05:00,422.505,425.68,43.4,short: close 423.17 < lower 423.85,flatten
2022-08-22,-1,5,2022-08-22 09:30:00-05:00,414.85499999999996,2022-08-22 14:52:00-05:00,413.445,418.48,70.5,short: close 414.90 < lower 415.98,flatten
2022-08-24,1,17,2022-08-24 10:30:00-05:00,414.485,2022-08-24 11:44:00-05:00,413.395,413.44,-185.3,long: close 414.44 > upper 413.28,stop
2022-08-25,1,10,2022-08-25 09:00:00-05:00,416.445,2022-08-25 14:52:00-05:00,418.29499999999996,414.54,185.0,long: close 416.40 > upper 416.34,flatten
2022-08-26,-1,15,2022-08-26 09:30:00-05:00,414.85499999999996,2022-08-26 14:52:00-05:00,406.03000000000003,416.02,1323.75,short: close 414.88 < lower 418.28,flatten
2022-08-30,-1,9,2022-08-30 09:30:00-05:00,400.005,2022-08-30 14:52:00-05:00,397.565,401.94,219.6,short: close 400.05 < lower 401.31,flatten
2022-09-01,-1,6,2022-09-01 10:00:00-05:00,390.28499999999997,2022-09-01 12:29:00-05:00,393.125,393.08,-170.4,short: close 390.34 < lower 391.22,stop
2022-09-02,-1,4,2022-09-02 12:30:00-05:00,393.4534,2022-09-02 14:52:00-05:00,391.33500000000004,397.83,84.74,short: close 393.49 < lower 393.97,flatten
2022-09-06,-1,10,2022-09-06 09:30:00-05:00,390.35499999999996,2022-09-06 09:40:00-05:00,392.26500000000004,392.22,-191.0,short: close 390.41 < lower 390.82,stop
2022-09-06,-1,6,2022-09-06 12:30:00-05:00,389.48499999999996,2022-09-06 14:52:00-05:00,390.46500000000003,392.52,-58.8,short: close 389.54 < lower 389.65,flatten
2022-09-07,1,16,2022-09-07 09:00:00-05:00,391.77500000000003,2022-09-07 14:52:00-05:00,398.005,390.66,996.8,long: close 391.73 > upper 391.73,flatten
2022-09-08,1,6,2022-09-08 10:00:00-05:00,399.95,2022-09-08 11:06:00-05:00,396.755,396.8,-191.7,long: close 399.90 > upper 399.69,stop
2022-09-09,1,8,2022-09-09 09:00:00-05:00,404.325,2022-09-09 14:52:00-05:00,406.59999999999997,402.08,182.0,long: close 404.27 > upper 403.81,flatten
2022-09-12,1,8,2022-09-12 09:00:00-05:00,411.065,2022-09-12 10:56:00-05:00,408.815,408.86,-180.0,long: close 411.01 > upper 409.87,stop
2022-09-13,-1,3,2022-09-13 10:00:00-05:00,398.385,2022-09-13 14:52:00-05:00,393.375,404.38,150.3,short: close 398.41 < lower 399.56,flatten
2022-09-16,-1,4,2022-09-16 09:00:00-05:00,382.495,2022-09-16 14:52:00-05:00,385.845,386.72,-134.0,short: close 382.61 < lower 382.92,flatten
2022-09-20,-1,3,2022-09-20 13:00:00-05:00,381.35999999999996,2022-09-20 14:52:00-05:00,384.52500000000003,386.31,-94.95,short: close 381.41 < lower 381.86,flatten
2022-09-22,-1,10,2022-09-22 09:00:00-05:00,374.905,2022-09-22 14:12:00-05:00,376.725,376.68,-182.0,short: close 374.93 < lower 375.21,stop
2022-09-23,-1,5,2022-09-23 09:00:00-05:00,367.755,2022-09-23 14:52:00-05:00,367.46500000000003,371.04,14.5,short: close 367.79 < lower 369.12,flatten
2022-09-26,1,8,2022-09-26 09:30:00-05:00,369.875,2022-09-26 10:06:00-05:00,367.41499999999996,367.46,-196.8,long: close 369.82 > upper 369.59,stop
2022-09-26,-1,6,2022-09-26 12:30:00-05:00,363.585,2022-09-26 14:52:00-05:00,365.52500000000003,366.7,-116.4,short: close 363.67 < lower 364.06,flatten
2022-09-27,-1,5,2022-09-27 11:30:00-05:00,362.175,2022-09-27 14:52:00-05:00,363.435,365.84000000000003,-63.0,short: close 362.19 < lower 362.51,flatten
2022-09-28,1,8,2022-09-28 09:30:00-05:00,366.475,2022-09-28 14:52:00-05:00,371.625,364.3,412.0,long: close 366.43 > upper 366.05,flatten
2022-09-29,-1,6,2022-09-29 09:00:00-05:00,363.145,2022-09-29 14:52:00-05:00,362.975,366.34000000000003,10.2,short: close 363.19 < lower 365.46,flatten
2022-09-30,1,8,2022-09-30 10:30:00-05:00,365.33500000000004,2022-09-30 10:50:00-05:00,362.97499999999997,363.02,-188.8,long: close 365.28 > upper 364.61,stop
2022-10-03,1,5,2022-10-03 09:30:00-05:00,364.425,2022-10-03 14:52:00-05:00,366.63,360.74,110.25,long: close 364.34 > upper 362.84,flatten
2022-10-04,1,4,2022-10-04 09:00:00-05:00,376.055,2022-10-04 14:52:00-05:00,377.32,371.72,50.6,long: close 376.00 > upper 373.85,flatten
2022-10-07,-1,5,2022-10-07 09:00:00-05:00,365.495,2022-10-07 14:52:00-05:00,363.21500000000003,369.14,114.0,short: close 365.53 < lower 367.46,flatten
2022-10-10,-1,7,2022-10-10 10:00:00-05:00,360.155,2022-10-10 14:52:00-05:00,360.76500000000004,362.90000000000003,-42.7,short: close 360.21 < lower 360.65,flatten
2022-10-11,-1,7,2022-10-11 09:00:00-05:00,356.54499999999996,2022-10-11 10:03:00-05:00,359.115,359.07,-179.9,short: close 356.59 < lower 356.64,stop
2022-10-13,1,3,2022-10-13 10:30:00-05:00,360.33500000000004,2022-10-13 14:52:00-05:00,366.395,354.34000000000003,181.8,long: close 360.28 > upper 359.02,flatten
2022-10-14,-1,5,2022-10-14 09:30:00-05:00,361.9178,2022-10-14 14:52:00-05:00,358.285,365.53000000000003,181.64,short: close 361.95 < lower 363.64,flatten
2022-10-17,1,4,2022-10-17 09:00:00-05:00,365.89500000000004,2022-10-17 14:52:00-05:00,367.215,361.06,52.8,long: close 365.87 > upper 365.69,flatten
2022-10-20,1,6,2022-10-20 09:30:00-05:00,372.235,2022-10-20 11:07:00-05:00,369.335,369.38,-174.0,long: close 372.14 > upper 371.13,stop
2022-10-21,1,10,2022-10-21 09:00:00-05:00,369.15500000000003,2022-10-21 09:28:00-05:00,367.275,367.32,-188.0,long: close 369.08 > upper 367.12,stop
2022-10-21,1,4,2022-10-21 11:00:00-05:00,370.075,2022-10-21 14:52:00-05:00,374.16499999999996,366.09000000000003,163.6,long: close 370.03 > upper 369.25,flatten
2022-10-25,1,10,2022-10-25 09:00:00-05:00,382.445,2022-10-25 14:52:00-05:00,384.81,380.53000000000003,236.5,long: close 382.37 > upper 380.72,flatten
2022-10-28,1,9,2022-10-28 09:00:00-05:00,382.615,2022-10-28 14:52:00-05:00,389.115,380.66,585.0,long: close 382.52 > upper 381.88,flatten
2022-11-03,-1,5,2022-11-03 09:00:00-05:00,369.175,2022-11-03 09:28:00-05:00,372.745,372.7,-178.5,short: close 369.17 < lower 369.65,stop
2022-11-08,1,6,2022-11-08 10:30:00-06:00,384.055,2022-11-08 12:30:00-06:00,381.055,381.1,-180.0,long: close 384.00 > upper 383.47,stop
2022-11-09,-1,4,2022-11-09 13:00:00-06:00,376.09499999999997,2022-11-09 14:52:00-06:00,374.225,380.09000000000003,74.8,short: close 376.14 < lower 376.92,flatten
2022-11-10,1,3,2022-11-10 10:00:00-06:00,390.485,2022-11-10 14:52:00-06:00,394.325,384.48,115.2,long: close 390.44 > upper 390.17,flatten
2022-11-23,1,15,2022-11-23 09:00:00-06:00,401.45500000000004,2022-11-23 10:55:00-06:00,400.175,400.22,-192.0,long: close 401.38 > upper 400.95,stop
2022-11-28,-1,5,2022-11-28 13:00:00-06:00,396.525,2022-11-28 14:52:00-06:00,395.695,400.44,41.5,short: close 396.57 < lower 396.83,flatten
2022-11-29,-1,14,2022-11-29 10:30:00-06:00,393.685,2022-11-29 11:38:00-06:00,395.02500000000003,394.98,-187.6,short: close 393.74 < lower 394.68,stop
2022-11-30,-1,15,2022-11-30 09:30:00-06:00,394.14,2022-11-30 10:30:00-06:00,395.355,395.31,-182.25,short: close 394.18 < lower 394.19,stop
2022-11-30,1,7,2022-11-30 13:00:00-06:00,399.76500000000004,2022-11-30 14:52:00-06:00,406.10999999999996,397.22,444.15,long: close 399.72 > upper 397.91,flatten
2022-12-01,-1,10,2022-12-01 09:30:00-06:00,405.23499999999996,2022-12-01 09:51:00-06:00,407.105,407.06,-187.0,short: close 405.27 < lower 406.30,stop
2022-12-05,-1,7,2022-12-05 10:30:00-06:00,402.465,2022-12-05 14:52:00-06:00,399.26500000000004,405.16,224.0,short: close 402.50 < lower 402.71,flatten
2022-12-06,-1,22,2022-12-06 09:00:00-06:00,397.135,2022-12-06 14:52:00-06:00,394.07,397.94,674.3,short: close 397.19 < lower 398.72,flatten
2022-12-08,1,10,2022-12-08 09:00:00-06:00,396.225,2022-12-08 14:52:00-06:00,395.28499999999997,394.44,-94.0,long: close 396.18 > upper 395.93,flatten
2022-12-12,1,9,2022-12-12 12:00:00-06:00,395.77500000000003,2022-12-12 14:52:00-06:00,397.90999999999997,393.82,192.15,long: close 395.73 > upper 395.66,flatten
2022-12-14,1,18,2022-12-14 09:00:00-06:00,403.89000000000004,2022-12-14 13:00:00-06:00,402.875,402.92,-182.7,long: close 403.85 > upper 402.75,stop
2022-12-15,-1,5,2022-12-15 09:00:00-06:00,391.555,2022-12-15 14:52:00-06:00,389.505,394.92,102.5,short: close 391.57 < lower 393.50,flatten
2022-12-16,-1,4,2022-12-16 09:30:00-06:00,382.59499999999997,2022-12-16 14:52:00-06:00,383.745,386.72,-46.0,short: close 382.64 < lower 383.31,flatten
2022-12-19,-1,6,2022-12-19 13:00:00-06:00,379.85499999999996,2022-12-19 14:52:00-06:00,379.64500000000004,383.08,12.6,short: close 379.90 < lower 380.16,flatten
2022-12-21,1,5,2022-12-21 10:00:00-06:00,386.625,2022-12-21 14:52:00-06:00,385.465,383.08,-58.0,long: close 386.58 > upper 385.44,flatten
2022-12-22,-1,7,2022-12-22 09:00:00-06:00,381.525,2022-12-22 14:52:00-06:00,380.195,384.14,93.1,short: close 381.58 < lower 382.04,flatten
2022-12-23,-1,11,2022-12-23 09:00:00-06:00,378.44,2022-12-23 09:00:00-06:00,380.095,380.05,-182.05,short: close 378.49 < lower 378.60,stop
2022-12-27,-1,16,2022-12-27 09:00:00-06:00,380.47499999999997,2022-12-27 09:18:00-06:00,381.665,381.62,-190.4,short: close 380.51 < lower 381.69,stop
2022-12-28,-1,8,2022-12-28 10:30:00-06:00,379.10499999999996,2022-12-28 14:52:00-06:00,377.035,381.28000000000003,165.6,short: close 379.15 < lower 379.18,flatten
2022-12-29,1,7,2022-12-29 09:00:00-06:00,381.64500000000004,2022-12-29 14:52:00-06:00,383.85499999999996,379.02,154.7,long: close 381.60 > upper 380.78,flatten
2023-01-03,-1,5,2023-01-03 11:00:00-06:00,379.065,2023-01-03 14:52:00-06:00,380.975,382.90000000000003,-95.5,short: close 379.07 < lower 379.57,flatten
2023-01-05,-1,8,2023-01-05 09:00:00-06:00,380.085,2023-01-05 14:52:00-06:00,379.33000000000004,382.38,60.4,short: close 380.12 < lower 380.44,flatten
2023-01-06,1,5,2023-01-06 10:00:00-06:00,385.345,2023-01-06 14:52:00-06:00,388.055,381.66,135.5,long: close 385.27 > upper 384.70,flatten
2023-01-09,1,8,2023-01-09 09:00:00-06:00,391.665,2023-01-09 13:58:00-06:00,389.235,389.28000000000003,-194.4,long: close 391.60 > upper 391.59,stop
2023-01-12,-1,10,2023-01-12 09:00:00-06:00,393.685,2023-01-12 09:11:00-06:00,395.545,395.5,-186.0,short: close 393.71 < lower 394.27,stop
2023-01-18,-1,7,2023-01-18 10:30:00-06:00,395.315,2023-01-18 14:52:00-06:00,391.935,397.78000000000003,236.6,short: close 395.37 < lower 395.92,flatten
2023-01-20,1,7,2023-01-20 10:30:00-06:00,392.39500000000004,2023-01-20 14:52:00-06:00,395.41999999999996,389.72,211.75,long: close 392.35 > upper 392.07,flatten
2023-01-23,1,12,2023-01-23 09:00:00-06:00,397.915,2023-01-23 14:52:00-06:00,400.59,396.44,321.0,long: close 397.86 > upper 397.74,flatten
2023-01-25,-1,6,2023-01-25 09:00:00-06:00,394.365,2023-01-25 10:52:00-06:00,397.44500000000005,397.40000000000003,-184.8,short: close 394.41 < lower 395.03,stop
2023-01-31,1,13,2023-01-31 09:30:00-06:00,402.745,2023-01-31 14:52:00-06:00,405.395,401.36,344.5,long: close 402.68 > upper 402.25,flatten
2023-02-02,1,5,2023-02-02 10:00:00-06:00,416.695,2023-02-02 14:52:00-06:00,415.84499999999997,413.16,-42.5,long: close 416.64 > upper 416.36,flatten
2023-02-07,1,7,2023-02-07 12:00:00-06:00,414.375,2023-02-07 12:15:00-06:00,411.775,411.82,-182.0,long: close 414.33 > upper 411.94,stop
2023-02-08,-1,6,2023-02-08 10:30:00-06:00,410.755,2023-02-08 14:52:00-06:00,411.065,413.58,-18.6,short: close 410.80 < lower 411.34,flatten
2023-02-09,-1,4,2023-02-09 13:30:00-06:00,408.27,2023-02-09 14:52:00-06:00,408.02500000000003,412.24,9.8,short: close 408.31 < lower 408.57,flatten
2023-02-13,1,13,2023-02-13 09:00:00-06:00,410.365,2023-02-13 14:52:00-06:00,412.04499999999996,409.0,218.4,long: close 410.30 > upper 409.74,flatten
2023-02-14,-1,8,2023-02-14 11:00:00-06:00,409.515,2023-02-14 12:01:00-06:00,411.925,411.88,-192.8,short: close 409.56 < lower 409.68,stop
2023-02-17,-1,9,2023-02-17 09:00:00-06:00,404.705,2023-02-17 09:21:00-06:00,406.805,406.76,-189.0,short: close 404.74 < lower 405.15,stop
2023-02-21,-1,5,2023-02-21 09:30:00-06:00,401.675,2023-02-21 14:52:00-06:00,399.355,405.0,116.0,short: close 401.74 < lower 401.82,flatten
2023-02-23,-1,6,2023-02-23 11:00:00-06:00,396.425,2023-02-23 13:16:00-06:00,399.625,399.58,-192.0,short: close 396.47 < lower 396.92,stop
2023-02-24,-1,5,2023-02-24 09:00:00-06:00,394.435,2023-02-24 14:52:00-06:00,395.345,397.84000000000003,-45.5,short: close 394.49 < lower 394.63,flatten
2023-03-02,1,6,2023-03-02 13:30:00-06:00,396.995,2023-03-02 14:52:00-06:00,397.575,394.06,34.8,long: close 396.94 > upper 396.68,flatten
2023-03-03,1,11,2023-03-03 09:00:00-06:00,400.565,2023-03-03 14:52:00-06:00,403.615,398.94,335.5,long: close 400.55 > upper 400.37,flatten
2023-03-06,1,16,2023-03-06 09:00:00-06:00,405.815,2023-03-06 12:56:00-06:00,404.635,404.68,-188.8,long: close 405.76 > upper 405.73,stop
2023-03-07,-1,17,2023-03-07 09:30:00-06:00,401.645,2023-03-07 09:33:00-06:00,402.76500000000004,402.72,-190.4,short: close 401.68 < lower 403.36,stop
2023-03-07,-1,16,2023-03-07 10:00:00-06:00,400.395,2023-03-07 11:20:00-06:00,401.605,401.56,-193.6,short: close 400.42 < lower 403.28,stop
2023-03-09,1,19,2023-03-09 09:00:00-06:00,400.815,2023-03-09 09:17:00-06:00,399.855,399.90000000000003,-182.4,long: close 400.78 > upper 400.26,stop
2023-03-09,-1,8,2023-03-09 12:30:00-06:00,396.405,2023-03-09 14:52:00-06:00,392.555,398.78000000000003,308.0,short: close 396.47 < lower 396.97,flatten
2023-03-10,-1,21,2023-03-10 09:00:00-06:00,389.135,2023-03-10 09:00:00-06:00,390.045,390.0,-191.1,short: close 389.15 < lower 390.43,stop
2023-03-10,-1,14,2023-03-10 09:30:00-06:00,388.825,2023-03-10 09:33:00-06:00,390.125,390.08,-182.0,short: close 388.86 < lower 390.03,stop
2023-03-13,1,6,2023-03-13 10:00:00-05:00,387.76500000000004,2023-03-13 14:52:00-05:00,385.905,384.64,-111.6,long: close 387.70 > upper 387.00,flatten
2023-03-14,1,5,2023-03-14 09:30:00-05:00,392.27500000000003,2023-03-14 13:03:00-05:00,388.47499999999997,388.52,-190.0,long: close 392.23 > upper 391.66,stop
2023-03-16,1,7,2023-03-16 10:00:00-05:00,391.635,2023-03-16 14:52:00-05:00,395.745,389.04,287.7,long: close 391.58 > upper 390.68,flatten
2023-03-17,-1,7,2023-03-17 09:30:00-05:00,391.1651,2023-03-17 14:52:00-05:00,390.165,393.77,70.01,short: close 391.22 < lower 392.03,flatten
2023-03-20,1,11,2023-03-20 09:30:00-05:00,392.415,2023-03-20 11:12:00-05:00,390.775,390.82,-180.4,long: close 392.37 > upper 392.05,stop
2023-03-23,1,6,2023-03-23 09:30:00-05:00,396.735,2023-03-23 13:24:00-05:00,393.855,393.90000000000003,-172.8,long: close 396.69 > upper 396.45,stop
2023-03-31,1,15,2023-03-31 09:00:00-05:00,405.535,2023-03-31 14:52:00-05:00,408.16499999999996,404.3,394.5,long: close 405.46 > upper 405.40,flatten
2023-04-03,1,22,2023-04-03 09:00:00-05:00,410.195,2023-04-03 09:51:00-05:00,409.375,409.42,-180.4,long: close 410.11 > upper 409.89,stop
2023-04-04,-1,9,2023-04-04 10:30:00-05:00,408.83,2023-04-04 14:52:00-05:00,408.3,410.88,47.7,short: close 408.87 < lower 409.22,flatten
2023-04-06,-1,19,2023-04-06 09:00:00-05:00,406.10499999999996,2023-04-06 09:11:00-05:00,407.07500000000005,407.03000000000003,-184.3,short: close 406.14 < lower 406.28,stop
2023-04-06,1,10,2023-04-06 12:30:00-05:00,409.035,2023-04-06 14:52:00-05:00,409.005,407.28000000000003,-3.0,long: close 409.00 > upper 408.96,flatten
2023-04-13,1,14,2023-04-13 09:30:00-05:00,410.785,2023-04-13 14:52:00-05:00,413.2,409.5,338.1,long: close 410.72 > upper 409.95,flatten
2023-04-14,1,22,2023-04-14 09:00:00-05:00,414.83500000000004,2023-04-14 09:06:00-05:00,413.995,414.04,-184.8,long: close 414.83 > upper 413.93,stop
2023-04-14,-1,13,2023-04-14 10:30:00-05:00,411.53499999999997,2023-04-14 14:52:00-05:00,412.45,412.97,-118.95,short: close 411.58 < lower 411.69,flatten
2023-04-21,-1,20,2023-04-21 09:00:00-05:00,410.9,2023-04-21 09:17:00-05:00,411.815,411.77,-183.0,short: close 410.95 < lower 411.17,stop
2023-04-25,-1,11,2023-04-25 09:30:00-05:00,409.625,2023-04-25 14:52:00-05:00,406.605,411.34000000000003,332.2,short: close 409.67 < lower 409.89,flatten
2023-04-26,-1,18,2023-04-26 09:30:00-05:00,405.335,2023-04-26 09:58:00-05:00,406.365,406.32,-185.4,short: close 405.38 < lower 405.45,stop
2023-04-27,1,9,2023-04-27 09:30:00-05:00,408.24,2023-04-27 14:52:00-05:00,412.305,406.2,365.85,long: close 408.19 > upper 407.72,flatten
2023-04-28,1,14,2023-04-28 09:30:00-05:00,414.74,2023-04-28 09:38:00-05:00,413.425,413.47,-184.1,long: close 414.70 > upper 413.22,stop
2023-04-28,1,12,2023-04-28 10:30:00-05:00,413.79,2023-04-28 14:52:00-05:00,415.10499999999996,412.22,157.8,long: close 413.75 > upper 413.52,flatten
2023-05-02,-1,16,2023-05-02 09:00:00-05:00,413.84499999999997,2023-05-02 14:52:00-05:00,411.0,414.94,455.2,short: close 413.84 < lower 414.06,flatten
2023-05-03,1,19,2023-05-03 09:00:00-05:00,412.255,2023-05-03 09:38:00-05:00,411.275,411.32,-186.2,long: close 412.19 > upper 412.06,stop
2023-05-04,-1,14,2023-05-04 09:00:00-05:00,405.565,2023-05-04 12:22:00-05:00,406.88500000000005,406.84000000000003,-184.8,short: close 405.60 < lower 406.19,stop
2023-05-05,1,7,2023-05-05 09:00:00-05:00,410.165,2023-05-05 14:52:00-05:00,412.515,407.6,164.5,long: close 410.12 > upper 409.61,flatten
2023-05-11,-1,14,2023-05-11 09:00:00-05:00,410.275,2023-05-11 10:01:00-05:00,411.605,411.56,-186.2,short: close 410.31 < lower 411.09,stop
2023-05-12,-1,8,2023-05-12 11:30:00-05:00,410.04499999999996,2023-05-12 14:52:00-05:00,411.27500000000003,412.29,-98.4,short: close 410.08 < lower 410.54,flatten
2023-05-17,1,6,2023-05-17 12:00:00-05:00,414.475,2023-05-17 14:52:00-05:00,415.22499999999997,411.54,45.0,long: close 414.43 > upper 414.24,flatten
2023-05-18,1,11,2023-05-18 09:30:00-05:00,416.935,2023-05-18 14:52:00-05:00,419.435,415.36,275.0,long: close 416.89 > upper 416.64,flatten
2023-05-23,-1,7,2023-05-23 13:30:00-05:00,414.305,2023-05-23 14:52:00-05:00,414.8073,416.82,-35.16,short: close 414.35 < lower 415.42,flatten
2023-05-24,-1,11,2023-05-24 09:00:00-05:00,411.085,2023-05-24 14:32:00-05:00,412.845,412.8,-193.6,short: close 411.13 < lower 411.54,stop
2023-05-26,1,14,2023-05-26 09:00:00-05:00,417.045,2023-05-26 14:52:00-05:00,419.865,415.78000000000003,394.8,long: close 417.02 > upper 416.24,flatten
2023-05-31,-1,8,2023-05-31 09:30:00-05:00,416.835,2023-05-31 14:46:00-05:00,419.13500000000005,419.09000000000003,-184.0,short: close 416.87 < lower 416.97,stop
2023-06-01,1,13,2023-06-01 10:00:00-05:00,419.425,2023-06-01 14:52:00-05:00,421.245,418.08,236.6,long: close 419.37 > upper 419.31,flatten
2023-06-02,1,7,2023-06-02 10:00:00-05:00,426.88,2023-06-02 14:52:00-05:00,427.93,424.25,73.5,long: close 426.83 > upper 425.79,flatten
2023-06-07,1,20,2023-06-07 09:00:00-05:00,429.34000000000003,2023-06-07 09:03:00-05:00,428.385,428.43,-191.0,long: close 429.29 > upper 429.15,stop
2023-06-08,1,11,2023-06-08 10:30:00-05:00,428.295,2023-06-08 14:52:00-05:00,429.16499999999996,426.7,95.7,long: close 428.26 > upper 428.21,flatten
2023-06-09,1,17,2023-06-09 09:00:00-05:00,430.985,2023-06-09 10:25:00-05:00,429.875,429.92,-188.7,long: close 430.94 > upper 430.61,stop
2023-06-13,1,7,2023-06-13 12:30:00-05:00,437.08500000000004,2023-06-13 14:52:00-05:00,436.14,434.63,-66.15,long: close 437.03 > upper 437.02,flatten
2023-06-14,1,11,2023-06-14 10:30:00-05:00,438.6949,2023-06-14 12:21:00-05:00,437.015,437.06,-184.79,long: close 438.65 > upper 438.47,stop
2023-06-14,-1,10,2023-06-14 13:30:00-05:00,434.45,2023-06-14 13:44:00-05:00,436.365,436.32,-191.5,short: close 434.49 < lower 434.97,stop
2023-06-15,1,17,2023-06-15 09:00:00-05:00,438.76500000000004,2023-06-15 14:52:00-05:00,443.26,437.74,764.15,long: close 438.71 > upper 437.78,flatten
2023-06-16,-1,20,2023-06-16 09:00:00-05:00,441.255,2023-06-16 09:11:00-05:00,442.165,442.12,-182.0,short: close 441.26 < lower 441.94,stop
2023-06-16,-1,9,2023-06-16 10:30:00-05:00,440.72499999999997,2023-06-16 14:52:00-05:00,439.78000000000003,442.67,85.05,short: close 440.79 < lower 440.86,flatten
2023-06-20,-1,10,2023-06-20 09:30:00-05:00,435.255,2023-06-20 11:25:00-05:00,437.20500000000004,437.16,-195.0,short: close 435.28 < lower 436.54,stop
2023-06-21,-1,16,2023-06-21 09:00:00-05:00,435.185,2023-06-21 13:19:00-05:00,436.365,436.32,-188.8,short: close 435.24 < lower 435.58,stop
2023-06-26,1,18,2023-06-26 09:00:00-05:00,434.315,2023-06-26 09:33:00-05:00,433.295,433.34000000000003,-183.6,long: close 434.27 > upper 433.89,stop
2023-06-27,1,11,2023-06-27 10:30:00-05:00,433.87,2023-06-27 14:52:00-05:00,436.29499999999996,432.21000000000004,266.75,long: close 433.83 > upper 433.55,flatten
2023-06-29,1,11,2023-06-29 11:30:00-05:00,438.1274,2023-06-29 13:02:00-05:00,436.485,436.53000000000003,-180.66,long: close 438.09 > upper 437.77,stop
2023-06-30,1,7,2023-06-30 09:00:00-05:00,442.385,2023-06-30 14:52:00-05:00,443.835,439.91,101.5,long: close 442.32 > upper 442.27,flatten
2023-07-06,-1,6,2023-07-06 09:00:00-05:00,438.465,2023-07-06 14:52:00-05:00,439.87,441.24,-84.3,short: close 438.49 < lower 438.50,flatten
2023-07-07,1,10,2023-07-07 12:00:00-05:00,442.3,2023-07-07 14:24:00-05:00,440.375,440.42,-192.5,long: close 442.26 > upper 441.03,stop
2023-07-17,1,18,2023-07-17 10:30:00-05:00,450.425,2023-07-17 14:52:00-05:00,451.07529999999997,449.44,117.05,long: close 450.38 > upper 450.18,flatten
2023-07-18,1,19,2023-07-18 09:30:00-05:00,451.695,2023-07-18 14:52:00-05:00,454.435,450.74,520.6,long: close 451.64 > upper 451.64,flatten
2023-07-19,1,15,2023-07-19 09:00:00-05:00,456.055,2023-07-19 09:55:00-05:00,454.835,454.88,-183.0,long: close 456.02 > upper 455.78,stop
2023-07-20,-1,10,2023-07-20 13:30:00-05:00,452.07,2023-07-20 14:52:00-05:00,452.28000000000003,453.92,-21.0,short: close 452.09 < lower 452.80,flatten
2023-07-24,1,12,2023-07-24 10:00:00-05:00,454.295,2023-07-24 14:52:00-05:00,453.81,452.84000000000003,-58.2,long: close 454.25 > upper 454.23,flatten
2023-07-25,1,15,2023-07-25 11:00:00-05:00,455.43,2023-07-25 14:52:00-05:00,455.575,454.26,21.75,long: close 455.39 > upper 455.23,flatten
2023-07-27,-1,6,2023-07-27 13:30:00-05:00,453.89,2023-07-27 14:52:00-05:00,452.575,457.05,78.9,short: close 453.94 < lower 454.11,flatten
2023-07-28,1,8,2023-07-28 10:00:00-05:00,456.83500000000004,2023-07-28 14:52:00-05:00,456.755,454.45,-6.4,long: close 456.78 > upper 456.57,flatten
2023-08-02,-1,8,2023-08-02 09:30:00-05:00,451.925,2023-08-02 14:52:00-05:00,450.51500000000004,454.2,112.8,short: close 451.96 < lower 452.58,flatten
2023-08-04,1,9,2023-08-04 11:30:00-05:00,452.545,2023-08-04 13:00:00-05:00,450.455,450.5,-188.1,long: close 452.50 > upper 451.82,stop
2023-08-07,1,11,2023-08-07 09:30:00-05:00,449.665,2023-08-07 14:52:00-05:00,450.34499999999997,447.96000000000004,74.8,long: close 449.63 > upper 449.47,flatten
2023-08-08,-1,10,2023-08-08 09:00:00-05:00,446.53999999999996,2023-08-08 13:57:00-05:00,448.375,448.33,-183.5,short: close 446.58 < lower 447.60,stop
2023-08-09,-1,18,2023-08-09 10:00:00-05:00,447.34999999999997,2023-08-09 13:16:00-05:00,448.415,448.37,-191.7,short: close 447.39 < lower 447.87,stop
2023-08-10,1,10,2023-08-10 09:00:00-05:00,451.26500000000004,2023-08-10 09:45:00-05:00,449.47499999999997,449.52,-179.0,long: close 451.21 > upper 448.71,stop
2023-08-10,1,8,2023-08-10 10:00:00-05:00,449.58500000000004,2023-08-10 10:50:00-05:00,447.355,447.40000000000003,-178.4,long: close 449.54 > upper 449.15,stop
2023-08-14,1,12,2023-08-14 10:00:00-05:00,447.27500000000003,2023-08-14 14:52:00-05:00,447.10499999999996,445.82,-20.4,long: close 447.23 > upper 446.60,flatten
2023-08-15,-1,12,2023-08-15 09:00:00-05:00,445.195,2023-08-15 14:52:00-05:00,442.825,446.74,284.4,short: close 445.25 < lower 445.64,flatten
2023-08-21,1,13,2023-08-21 09:00:00-05:00,438.76500000000004,2023-08-21 09:22:00-05:00,437.375,437.42,-180.7,long: close 438.71 > upper 438.36,stop
2023-08-23,1,12,2023-08-23 09:00:00-05:00,440.415,2023-08-23 14:52:00-05:00,442.85999999999996,438.90000000000003,293.4,long: close 440.37 > upper 440.20,flatten
2023-08-24,-1,7,2023-08-24 10:00:00-05:00,441.08,2023-08-24 14:52:00-05:00,437.90500000000003,443.51,222.25,short: close 441.12 < lower 441.41,flatten
2023-08-29,1,19,2023-08-29 09:00:00-05:00,443.855,2023-08-29 14:52:00-05:00,448.82,442.90000000000003,943.35,long: close 443.86 > upper 443.64,flatten
2023-08-30,1,15,2023-08-30 09:00:00-05:00,451.285,2023-08-30 09:22:00-05:00,450.075,450.12,-181.5,long: close 451.23 > upper 450.51,stop
2023-09-05,-1,15,2023-09-05 09:00:00-05:00,449.54499999999996,2023-09-05 10:05:00-05:00,450.77500000000003,450.73,-184.5,short: close 449.59 < lower 449.79,stop
2023-09-06,-1,11,2023-09-06 09:30:00-05:00,446.05,2023-09-06 14:52:00-05:00,445.785,447.71000000000004,29.15,short: close 446.08 < lower 447.17,flatten
2023-09-08,1,20,2023-09-08 09:00:00-05:00,445.885,2023-09-08 13:39:00-05:00,444.935,444.98,-190.0,long: close 445.82 > upper 445.77,stop
2023-09-15,-1,7,2023-09-15 09:30:00-05:00,445.955,2023-09-15 14:52:00-05:00,443.325,448.56,184.1,short: close 445.98 < lower 446.17,flatten
2023-09-19,-1,13,2023-09-19 09:30:00-05:00,441.58,2023-09-19 13:36:00-05:00,443.035,442.99,-189.15,short: close 441.62 < lower 441.75,stop
2023-09-21,-1,9,2023-09-21 09:00:00-05:00,434.09999999999997,2023-09-21 14:52:00-05:00,431.875,436.14,200.25,short: close 434.15 < lower 435.10,flatten
2023-09-22,1,10,2023-09-22 10:30:00-05:00,433.92,2023-09-22 12:24:00-05:00,432.065,432.11,-185.5,long: close 433.87 > upper 433.75,stop
2023-09-25,1,9,2023-09-25 11:30:00-05:00,431.945,2023-09-25 14:09:00-05:00,429.97499999999997,430.02,-177.3,long: close 431.89 > upper 431.69,stop
2023-09-26,-1,8,2023-09-26 09:30:00-05:00,427.885,2023-09-26 14:52:00-05:00,425.875,430.16,160.8,short: close 427.93 < lower 428.39,flatten
2023-09-27,-1,9,2023-09-27 11:30:00-05:00,424.155,2023-09-27 13:43:00-05:00,426.15500000000003,426.11,-180.0,short: close 424.20 < lower 424.50,stop
2023-09-28,1,20,2023-09-28 09:00:00-05:00,426.76500000000004,2023-09-28 09:30:00-05:00,425.855,425.90000000000003,-182.0,long: close 426.70 > upper 426.62,stop
2023-09-28,1,13,2023-09-28 10:00:00-05:00,427.39500000000004,2023-09-28 14:52:00-05:00,428.29499999999996,426.02,117.0,long: close 427.36 > upper 427.12,flatten
2023-09-29,-1,6,2023-09-29 13:00:00-05:00,426.125,2023-09-29 14:52:00-05:00,428.67,429.2,-152.7,short: close 426.17 < lower 427.04,flatten
2023-10-02,-1,9,2023-10-02 12:00:00-05:00,424.775,2023-10-02 14:52:00-05:00,426.245,426.90000000000003,-132.3,short: close 424.82 < lower 424.88,flatten
2023-10-03,-1,10,2023-10-03 09:30:00-05:00,422.47499999999997,2023-10-03 14:52:00-05:00,421.615,424.24,86.0,short: close 422.52 < lower 424.44,flatten
2023-10-04,-1,18,2023-10-04 09:30:00-05:00,420.57,2023-10-04 09:34:00-05:00,421.605,421.56,-186.3,short: close 420.62 < lower 420.88,stop
2023-10-04,1,9,2023-10-04 11:00:00-05:00,423.975,2023-10-04 13:01:00-05:00,421.915,421.96000000000004,-185.4,long: close 423.95 > upper 423.90,stop
2023-10-05,-1,17,2023-10-05 09:30:00-05:00,423.375,2023-10-05 13:00:00-05:00,424.46500000000003,424.42,-185.3,short: close 423.43 < lower 423.50,stop
2023-10-06,1,6,2023-10-06 11:00:00-05:00,428.925,2023-10-06 14:52:00-05:00,430.145,425.74,73.2,long: close 428.88 > upper 426.40,flatten
2023-10-09,1,5,2023-10-09 13:00:00-05:00,432.165,2023-10-09 14:52:00-05:00,431.655,428.82,-25.5,long: close 432.11 > upper 431.91,flatten
2023-10-10,1,19,2023-10-10 09:00:00-05:00,433.685,2023-10-10 14:52:00-05:00,434.73499999999996,432.74,199.5,long: close 433.64 > upper 433.55,flatten
2023-10-12,-1,20,2023-10-12 09:00:00-05:00,435.395,2023-10-12 09:12:00-05:00,436.32500000000005,436.28000000000003,-186.0,short: close 435.43 < lower 435.75,stop
2023-10-12,-1,6,2023-10-12 12:30:00-05:00,433.37,2023-10-12 14:52:00-05:00,434.20500000000004,436.33,-50.1,short: close 433.41 < lower 433.67,flatten
2023-10-13,1,13,2023-10-13 09:00:00-05:00,435.885,2023-10-13 09:14:00-05:00,434.415,434.46000000000004,-191.1,long: close 435.91 > upper 435.88,stop
2023-10-13,-1,5,2023-10-13 12:30:00-05:00,430.145,2023-10-13 14:52:00-05:00,431.225,433.76,-54.0,short: close 430.19 < lower 430.85,flatten
2023-10-16,1,8,2023-10-16 09:30:00-05:00,435.96500000000003,2023-10-16 14:52:00-05:00,436.265,433.74,24.0,long: close 435.93 > upper 434.90,flatten
2023-10-19,-1,11,2023-10-19 09:30:00-05:00,428.965,2023-10-19 10:46:00-05:00,430.595,430.55,-179.3,short: close 429.00 < lower 429.01,stop
2023-10-20,-1,23,2023-10-20 09:00:00-05:00,425.025,2023-10-20 14:52:00-05:00,421.33500000000004,425.78000000000003,848.7,short: close 425.09 < lower 425.46,flatten
2023-10-23,1,6,2023-10-23 12:00:00-05:00,424.46500000000003,2023-10-23 14:23:00-05:00,421.295,421.34000000000003,-190.2,long: close 424.41 > upper 423.54,stop
2023-10-24,1,11,2023-10-24 09:00:00-05:00,423.875,2023-10-24 11:19:00-05:00,422.175,422.22,-187.0,long: close 423.83 > upper 423.20,stop
2023-10-25,-1,12,2023-10-25 09:00:00-05:00,420.135,2023-10-25 14:52:00-05:00,417.755,421.62,285.6,short: close 420.19 < lower 421.28,flatten
2023-10-26,-1,14,2023-10-26 09:00:00-05:00,415.335,2023-10-26 09:51:00-05:00,416.665,416.62,-186.2,short: close 415.39 < lower 415.74,stop
2023-10-26,-1,7,2023-10-26 10:30:00-05:00,414.335,2023-10-26 14:52:00-05:00,413.0,416.98,93.45,short: close 414.38 < lower 414.38,flatten
2023-10-27,-1,5,2023-10-27 13:30:00-05:00,409.78499999999997,2023-10-27 14:52:00-05:00,410.105,413.16,-16.0,short: close 409.82 < lower 410.03,flatten
2023-10-30,1,8,2023-10-30 09:00:00-05:00,414.94,2023-10-30 09:28:00-05:00,412.745,412.79,-175.6,long: close 414.90 > upper 414.29,stop
2023-10-31,-1,16,2023-10-31 09:00:00-05:00,414.715,2023-10-31 09:11:00-05:00,415.865,415.82,-184.0,short: close 414.76 < lower 414.78,stop
2023-11-01,1,10,2023-11-01 09:30:00-05:00,421.20500000000004,2023-11-01 11:41:00-05:00,419.295,419.34000000000003,-191.0,long: close 421.17 > upper 420.59,stop
2023-11-02,1,6,2023-11-02 09:00:00-05:00,427.535,2023-11-02 14:52:00-05:00,430.72499999999997,424.76,191.4,long: close 427.49 > upper 427.41,flatten
2023-11-03,1,9,2023-11-03 09:00:00-05:00,434.71500000000003,2023-11-03 14:52:00-05:00,434.94,432.68,20.25,long: close 434.64 > upper 433.97,flatten
2023-11-07,1,12,2023-11-07 10:00:00-06:00,437.21500000000003,2023-11-07 14:52:00-06:00,436.78499999999997,435.76,-51.6,long: close 437.17 > upper 437.13,flatten
2023-11-09,-1,6,2023-11-09 13:30:00-06:00,434.745,2023-11-09 14:52:00-06:00,433.735,437.62,60.6,short: close 434.81 < lower 434.94,flatten
2023-11-10,1,6,2023-11-10 12:00:00-06:00,438.83500000000004,2023-11-10 14:52:00-06:00,440.655,435.82,109.2,long: close 438.79 > upper 437.95,flatten
2023-11-14,1,5,2023-11-14 09:00:00-06:00,447.975,2023-11-14 14:52:00-06:00,448.67249999999996,444.12,34.87,long: close 447.94 > upper 447.12,flatten
2023-11-16,1,19,2023-11-16 09:00:00-06:00,450.415,2023-11-16 09:17:00-06:00,449.455,449.5,-182.4,long: close 450.36 > upper 450.35,stop
2023-11-20,1,23,2023-11-20 09:00:00-06:00,452.21000000000004,2023-11-20 09:24:00-06:00,451.405,451.45,-185.15,long: close 452.17 > upper 451.41,stop
2023-11-20,1,16,2023-11-20 09:30:00-06:00,451.995,2023-11-20 14:52:00-06:00,454.34999999999997,450.88,376.8,long: close 451.95 > upper 451.77,flatten
2023-11-28,1,15,2023-11-28 10:30:00-06:00,455.615,2023-11-28 12:02:00-06:00,454.375,454.42,-186.0,long: close 455.57 > upper 455.49,stop
2023-11-29,1,11,2023-11-29 09:00:00-06:00,458.165,2023-11-29 09:19:00-06:00,456.47499999999997,456.52,-185.9,long: close 458.11 > upper 457.66,stop
2023-11-30,-1,14,2023-11-30 11:30:00-06:00,453.525,2023-11-30 13:42:00-06:00,454.865,454.82,-187.6,short: close 453.57 < lower 453.77,stop
2023-12-01,1,13,2023-12-01 10:30:00-06:00,457.505,2023-12-01 14:52:00-06:00,458.74,456.15000000000003,160.55,long: close 457.45 > upper 457.39,flatten
2023-12-04,-1,8,2023-12-04 09:30:00-06:00,454.77,2023-12-04 14:52:00-06:00,456.875,457.07,-168.4,short: close 454.82 < lower 455.02,flatten
2023-12-07,1,11,2023-12-07 09:30:00-06:00,458.02500000000003,2023-12-07 14:52:00-06:00,458.325,456.32,33.0,long: close 457.96 > upper 457.51,flatten
2023-12-08,1,18,2023-12-08 09:30:00-06:00,459.90500000000003,2023-12-08 09:35:00-06:00,458.855,458.90000000000003,-189.0,long: close 459.86 > upper 458.84,stop
2023-12-08,1,15,2023-12-08 10:00:00-06:00,460.065,2023-12-08 10:13:00-06:00,458.795,458.84000000000003,-190.5,long: close 460.01 > upper 459.07,stop
2023-12-11,1,12,2023-12-11 12:30:00-06:00,461.51500000000004,2023-12-11 14:52:00-06:00,461.625,460.02,13.2,long: close 461.46 > upper 461.40,flatten
2023-12-12,1,14,2023-12-12 13:00:00-06:00,463.255,2023-12-12 14:52:00-06:00,463.765,461.98,71.4,long: close 463.21 > upper 463.08,flatten
2023-12-13,1,12,2023-12-13 13:30:00-06:00,467.495,2023-12-13 14:52:00-06:00,469.22999999999996,465.98,208.2,long: close 467.45 > upper 465.85,flatten
2023-12-14,1,12,2023-12-14 09:00:00-06:00,473.185,2023-12-14 09:38:00-06:00,471.675,471.72,-181.2,long: close 473.14 > upper 472.94,stop
2023-12-18,1,11,2023-12-18 09:30:00-06:00,471.845,2023-12-18 14:52:00-06:00,472.31,470.26,51.15,long: close 471.79 > upper 471.76,flatten
2023-12-19,1,24,2023-12-19 09:00:00-06:00,473.545,2023-12-19 14:52:00-06:00,474.26,472.82,171.6,long: close 473.48 > upper 473.01,flatten
2023-12-22,1,17,2023-12-22 09:00:00-06:00,474.96500000000003,2023-12-22 10:00:00-06:00,473.855,473.90000000000003,-188.7,long: close 474.91 > upper 474.33,stop
2023-12-26,1,23,2023-12-26 09:00:00-06:00,474.725,2023-12-26 14:52:00-06:00,475.825,473.98,253.0,long: close 474.67 > upper 474.60,flatten
2023-12-29,-1,20,2023-12-29 10:00:00-06:00,475.405,2023-12-29 14:52:00-06:00,475.605,476.3,-40.0,short: close 475.44 < lower 475.69,flatten
2024-01-03,-1,12,2024-01-03 09:00:00-06:00,469.905,2024-01-03 14:52:00-06:00,468.76500000000004,471.42,136.8,short: close 469.97 < lower 470.00,flatten
2024-01-04,1,21,2024-01-04 09:30:00-06:00,469.805,2024-01-04 11:44:00-06:00,468.915,468.96000000000004,-186.9,long: close 469.76 > upper 469.36,stop
2024-01-05,1,28,2024-01-05 09:00:00-06:00,468.195,2024-01-05 11:09:00-06:00,467.53499999999997,467.58,-184.8,long: close 468.17 > upper 467.99,stop
2024-01-08,1,24,2024-01-08 09:00:00-06:00,469.77500000000003,2024-01-08 14:52:00-06:00,474.335,469.04,1094.4,long: close 469.73 > upper 468.93,flatten
2024-01-10,1,16,2024-01-10 10:00:00-06:00,475.27500000000003,2024-01-10 14:52:00-06:00,475.66999999999996,474.14,63.2,long: close 475.22 > upper 475.13,flatten
2024-01-11,-1,13,2024-01-11 09:30:00-06:00,474.945,2024-01-11 13:40:00-06:00,476.365,476.32,-184.6,short: close 475.00 < lower 475.67,stop
2024-01-16,-1,13,2024-01-16 09:00:00-06:00,474.445,2024-01-16 09:20:00-06:00,475.82500000000005,475.78000000000003,-179.4,short: close 474.50 < lower 474.62,stop
2024-01-16,-1,9,2024-01-16 12:00:00-06:00,473.91499999999996,2024-01-16 14:52:00-06:00,474.33500000000004,475.90000000000003,-37.8,short: close 473.94 < lower 473.98,flatten
2024-01-18,1,9,2024-01-18 13:30:00-06:00,475.665,2024-01-18 14:52:00-06:00,476.91999999999996,473.54,112.95,long: close 475.62 > upper 475.26,flatten
2024-01-19,1,9,2024-01-19 11:30:00-06:00,479.425,2024-01-19 14:52:00-06:00,481.9862,477.40000000000003,230.51,long: close 479.35 > upper 479.07,flatten
2024-01-22,1,13,2024-01-22 09:00:00-06:00,485.0649,2024-01-22 09:32:00-06:00,483.645,483.69,-184.59,long: close 485.02 > upper 484.59,stop
2024-01-31,-1,11,2024-01-31 09:00:00-06:00,487.685,2024-01-31 14:52:00-06:00,483.45,489.34000000000003,465.85,short: close 487.76 < lower 488.09,flatten
2024-02-01,1,12,2024-02-01 09:30:00-06:00,486.225,2024-02-01 09:53:00-06:00,484.715,484.76,-181.2,long: close 486.18 > upper 485.24,stop
2024-02-01,1,10,2024-02-01 11:00:00-06:00,485.76,2024-02-01 14:52:00-06:00,488.365,483.87,260.5,long: close 485.67 > upper 485.67,flatten
2024-02-02,1,25,2024-02-02 09:00:00-06:00,490.475,2024-02-02 14:52:00-06:00,495.305,489.76,1207.5,long: close 490.49 > upper 490.15,flatten
2024-02-05,-1,22,2024-02-05 09:30:00-06:00,491.35499999999996,2024-02-05 10:59:00-06:00,492.20500000000004,492.16,-187.0,short: close 491.39 < lower 493.18,stop
2024-02-05,-1,15,2024-02-05 11:00:00-06:00,492.09499999999997,2024-02-05 11:38:00-06:00,493.305,493.26,-181.5,short: close 492.14 < lower 492.82,stop
2024-02-07,1,10,2024-02-07 09:30:00-06:00,498.005,2024-02-07 14:52:00-06:00,497.815,496.12,-19.0,long: close 497.95 > upper 497.02,flatten
2024-02-09,1,25,2024-02-09 09:00:00-06:00,499.545,2024-02-09 14:52:00-06:00,500.875,498.84000000000003,332.5,long: close 499.50 > upper 499.34,flatten
2024-02-12,1,19,2024-02-12 10:30:00-06:00,502.935,2024-02-12 12:39:00-06:00,501.935,501.98,-190.0,long: close 502.89 > upper 502.12,stop
2024-02-13,-1,5,2024-02-13 09:00:00-06:00,493.78,2024-02-13 14:52:00-06:00,492.735,497.46000000000004,52.25,short: close 493.82 < lower 494.05,flatten
2024-02-14,1,8,2024-02-14 09:30:00-06:00,497.76500000000004,2024-02-14 10:00:00-06:00,495.53499999999997,495.58,-178.4,long: close 497.71 > upper 497.65,stop
2024-02-15,1,12,2024-02-15 11:30:00-06:00,500.495,2024-02-15 14:52:00-06:00,501.60499999999996,499.02000000000004,133.2,long: close 500.44 > upper 500.43,flatten
2024-02-16,-1,29,2024-02-16 09:00:00-06:00,499.60499999999996,2024-02-16 09:10:00-06:00,500.235,500.19,-182.7,short: close 499.66 < lower 501.24,stop
2024-02-16,-1,18,2024-02-16 09:30:00-06:00,500.205,2024-02-16 10:05:00-06:00,501.26500000000004,501.22,-190.8,short: close 500.24 < lower 500.82,stop
2024-02-20,-1,12,2024-02-20 09:00:00-06:00,496.635,2024-02-20 14:52:00-06:00,495.935,498.1,84.0,short: close 496.68 < lower 497.13,flatten
2024-02-22,1,4,2024-02-22 09:00:00-06:00,505.065,2024-02-22 14:52:00-06:00,507.60499999999996,501.08,101.6,long: close 504.99 > upper 504.57,flatten
2024-02-26,-1,13,2024-02-26 12:30:00-06:00,506.585,2024-02-26 14:52:00-06:00,506.34000000000003,508.0,31.85,short: close 506.62 < lower 506.65,flatten
2024-03-01,1,16,2024-03-01 09:30:00-06:00,510.41,2024-03-01 14:52:00-06:00,512.6800000000001,509.3,363.2,long: close 510.37 > upper 509.60,flatten
2024-03-05,-1,12,2024-03-05 09:00:00-06:00,509.655,2024-03-05 14:52:00-06:00,506.505,511.2,378.0,short: close 509.66 < lower 509.70,flatten
2024-03-07,1,7,2024-03-07 09:30:00-06:00,514.2249999999999,2024-03-07 14:52:00-06:00,514.945,511.76,50.4,long: close 514.18 > upper 513.92,flatten
2024-03-08,1,20,2024-03-08 09:00:00-06:00,517.805,2024-03-08 10:02:00-06:00,516.8850000000001,516.9300000000001,-184.0,long: close 517.76 > upper 516.03,stop
2024-03-08,-1,11,2024-03-08 12:00:00-06:00,512.505,2024-03-08 13:37:00-06:00,514.125,514.08,-178.2,short: close 512.55 < lower 513.59,stop
2024-03-11,-1,15,2024-03-11 09:00:00-05:00,509.385,2024-03-11 09:55:00-05:00,510.64500000000004,510.6,-189.0,short: close 509.43 < lower 509.90,stop
2024-03-12,1,9,2024-03-12 09:30:00-05:00,515.1049999999999,2024-03-12 14:52:00-05:00,516.955,513.09,166.5,long: close 515.03 > upper 514.37,flatten
2024-03-13,-1,24,2024-03-13 09:00:00-05:00,516.0350000000001,2024-03-13 09:45:00-05:00,516.8149999999999,516.77,-187.2,short: close 516.08 < lower 516.23,stop
2024-03-14,-1,17,2024-03-14 09:00:00-05:00,513.945,2024-03-14 09:12:00-05:00,515.0649999999999,515.02,-190.4,short: close 513.98 < lower 515.41,stop
2024-03-14,-1,11,2024-03-14 10:00:00-05:00,514.595,2024-03-14 14:52:00-05:00,514.11,516.1800000000001,53.35,short: close 514.64 < lower 514.91,flatten
2024-03-15,-1,5,2024-03-15 12:00:00-05:00,508.425,2024-03-15 14:52:00-05:00,509.61,512.24,-59.25,short: close 508.46 < lower 508.78,flatten
2024-03-18,1,6,2024-03-18 09:30:00-05:00,515.2249999999999,2024-03-18 14:52:00-05:00,513.065,512.0,-129.6,long: close 515.18 > upper 515.09,flatten
2024-03-19,1,10,2024-03-19 12:00:00-05:00,514.7249999999999,2024-03-19 14:52:00-05:00,515.575,512.95,85.0,long: close 514.68 > upper 514.29,flatten
2024-03-20,1,11,2024-03-20 13:30:00-05:00,517.7049999999999,2024-03-20 13:35:00-05:00,515.975,516.02,-190.3,long: close 517.63 > upper 517.45,stop
2024-03-22,-1,17,2024-03-22 10:00:00-05:00,521.015,2024-03-22 12:12:00-05:00,522.105,522.0600000000001,-185.3,short: close 521.06 < lower 521.06,stop
2024-04-01,-1,14,2024-04-01 10:30:00-05:00,522.0250000000001,2024-04-01 14:52:00-05:00,522.035,523.34,-1.4,short: close 522.08 < lower 522.17,flatten
2024-04-02,-1,7,2024-04-02 09:00:00-05:00,517.565,2024-04-02 14:52:00-05:00,518.9549999999999,520.08,-97.3,short: close 517.60 < lower 517.72,flatten
2024-04-03,1,14,2024-04-03 09:30:00-05:00,520.4549999999999,2024-04-03 14:14:00-05:00,519.085,519.13,-191.8,long: close 520.40 > upper 519.60,stop
2024-04-04,-1,6,2024-04-04 13:30:00-05:00,517.955,2024-04-04 14:52:00-05:00,513.785,521.2,250.2,short: close 518.01 < lower 518.21,flatten
2024-04-05,1,17,2024-04-05 09:00:00-05:00,515.9649999999999,2024-04-05 14:52:00-05:00,518.755,514.88,474.3,long: close 515.92 > upper 514.81,flatten
2024-04-09,-1,11,2024-04-09 09:30:00-05:00,517.5450000000001,2024-04-09 14:52:00-05:00,517.795,519.26,-27.5,short: close 517.59 < lower 517.87,flatten
2024-04-11,-1,10,2024-04-11 09:30:00-05:00,512.5250000000001,2024-04-11 10:40:00-05:00,514.3249999999999,514.28,-180.0,short: close 512.57 < lower 513.17,stop
2024-04-11,1,9,2024-04-11 12:30:00-05:00,517.5649999999999,2024-04-11 14:52:00-05:00,518.6650000000001,515.57,99.0,long: close 517.51 > upper 516.91,flatten
2024-04-12,-1,5,2024-04-12 10:00:00-05:00,512.265,2024-04-12 14:52:00-05:00,510.415,515.78,92.5,short: close 512.31 < lower 512.72,flatten
2024-04-15,-1,5,2024-04-15 12:30:00-05:00,506.53499999999997,2024-04-15 14:52:00-05:00,504.915,510.37,81.0,short: close 506.57 < lower 509.14,flatten
2024-04-16,-1,12,2024-04-16 09:30:00-05:00,503.125,2024-04-16 10:51:00-05:00,504.70500000000004,504.66,-189.6,short: close 503.18 < lower 503.18,stop
2024-04-17,-1,6,2024-04-17 11:00:00-05:00,501.66499999999996,2024-04-17 14:52:00-05:00,501.055,504.55,36.6,short: close 501.73 < lower 501.88,flatten
2024-04-19,-1,10,2024-04-19 11:00:00-05:00,497.04499999999996,2024-04-19 14:52:00-05:00,494.52500000000003,498.85,252.0,short: close 497.11 < lower 497.65,flatten
2024-04-22,1,5,2024-04-22 13:00:00-05:00,501.475,2024-04-22 14:52:00-05:00,499.5951,497.56,-94.0,long: close 501.43 > upper 500.39,flatten
2024-04-23,1,10,2024-04-23 09:00:00-05:00,503.125,2024-04-23 14:52:00-05:00,505.495,501.34000000000003,237.0,long: close 503.07 > upper 502.49,flatten
2024-04-24,-1,8,2024-04-24 11:00:00-05:00,503.695,2024-04-24 12:38:00-05:00,505.96500000000003,505.92,-181.6,short: close 503.75 < lower 503.88,stop
2024-04-25,-1,5,2024-04-25 09:00:00-05:00,498.155,2024-04-25 11:55:00-05:00,502.06500000000005,502.02000000000004,-195.5,short: close 498.20 < lower 498.47,stop
2024-04-26,1,8,2024-04-26 09:00:00-05:00,507.885,2024-04-26 14:52:00-05:00,508.815,505.74,74.4,long: close 507.84 > upper 507.05,flatten
2024-04-30,-1,8,2024-04-30 11:00:00-05:00,506.565,2024-04-30 14:52:00-05:00,504.26,508.90000000000003,184.4,short: close 506.61 < lower 506.98,flatten
2024-05-09,1,13,2024-05-09 10:00:00-05:00,519.2049999999999,2024-05-09 14:52:00-05:00,520.07,517.8100000000001,112.45,long: close 519.16 > upper 518.68,flatten
2024-05-14,1,18,2024-05-14 09:30:00-05:00,522.275,2024-05-14 09:36:00-05:00,521.245,521.29,-185.4,long: close 522.23 > upper 521.98,stop
2024-05-15,1,8,2024-05-15 10:00:00-05:00,527.2049999999999,2024-05-15 14:52:00-05:00,529.335,524.79,170.4,long: close 527.15 > upper 526.97,flatten
2024-05-16,1,15,2024-05-16 10:00:00-05:00,531.425,2024-05-16 12:21:00-05:00,530.1350000000001,530.1800000000001,-193.5,long: close 531.38 > upper 531.05,stop
2024-05-20,1,25,2024-05-20 09:00:00-05:00,531.235,2024-05-20 12:27:00-05:00,530.5150000000001,530.5600000000001,-180.0,long: close 531.17 > upper 530.18,stop
2024-05-22,-1,11,2024-05-22 13:30:00-05:00,527.7750000000001,2024-05-22 14:32:00-05:00,529.4549999999999,529.41,-184.8,short: close 527.81 < lower 529.36,stop
2024-05-23,-1,7,2024-05-23 13:00:00-05:00,526.6750000000001,2024-05-23 14:52:00-05:00,525.675,529.32,70.0,short: close 526.70 < lower 528.75,flatten
2024-05-24,1,8,2024-05-24 10:30:00-05:00,529.755,2024-05-24 14:52:00-05:00,528.885,527.53,-69.6,long: close 529.70 > upper 529.12,flatten
2024-05-31,-1,13,2024-05-31 09:30:00-05:00,521.0450000000001,2024-05-31 14:24:00-05:00,522.505,522.46,-189.8,short: close 521.11 < lower 521.70,stop
2024-06-03,-1,9,2024-06-03 11:00:00-05:00,526.0450000000001,2024-06-03 14:52:00-05:00,526.4399999999999,528.04,-35.55,short: close 526.09 < lower 526.19,flatten
2024-06-05,1,6,2024-06-05 12:00:00-05:00,532.6949999999999,2024-06-05 14:52:00-05:00,533.97,529.88,76.5,long: close 532.64 > upper 532.37,flatten
2024-06-07,1,9,2024-06-07 12:00:00-05:00,536.3936,2024-06-07 13:08:00-05:00,534.2650000000001,534.3100000000001,-191.57,long: close 536.35 > upper 536.23,stop
2024-06-11,-1,13,2024-06-11 09:00:00-05:00,532.715,2024-06-11 09:41:00-05:00,534.2049999999999,534.16,-193.7,short: close 532.76 < lower 533.44,stop
2024-06-12,1,6,2024-06-12 09:00:00-05:00,542.7249999999999,2024-06-12 14:52:00-05:00,541.735,539.61,-59.4,long: close 542.69 > upper 542.39,flatten
2024-06-17,1,9,2024-06-17 11:30:00-05:00,545.4649999999999,2024-06-17 14:52:00-05:00,547.455,543.41,179.1,long: close 545.41 > upper 544.46,flatten
2024-06-20,-1,8,2024-06-20 12:30:00-05:00,545.955,2024-06-20 13:32:00-05:00,548.225,548.1800000000001,-181.6,short: close 546.02 < lower 546.75,stop
2024-06-21,-1,10,2024-06-21 09:00:00-05:00,543.8050000000001,2024-06-21 11:00:00-05:00,545.685,545.64,-188.0,short: close 543.85 < lower 543.88,stop
2024-06-24,1,25,2024-06-24 09:00:00-05:00,545.6949999999999,2024-06-24 09:49:00-05:00,544.945,544.99,-187.5,long: close 545.65 > upper 544.93,stop
2024-06-24,1,17,2024-06-24 10:00:00-05:00,546.015,2024-06-24 11:58:00-05:00,544.9350000000001,544.98,-183.6,long: close 545.98 > upper 545.26,stop
2024-06-27,1,25,2024-06-27 09:30:00-05:00,546.5749999999999,2024-06-27 09:50:00-05:00,545.855,545.9,-180.0,long: close 546.53 > upper 546.13,stop
2024-06-28,1,17,2024-06-28 09:00:00-05:00,548.0949999999999,2024-06-28 11:06:00-05:00,546.965,547.01,-192.1,long: close 548.05 > upper 547.85,stop
2024-07-02,1,9,2024-07-02 12:30:00-05:00,546.7049999999999,2024-07-02 14:52:00-05:00,548.0649000000001,544.67,122.39,long: close 546.66 > upper 546.56,flatten
2024-07-03,1,16,2024-07-03 10:30:00-05:00,550.0749999999999,2024-07-03 14:53:00-05:00,551.0350000000001,548.98,153.6,long: close 550.03 > upper 549.92,flatten
2024-07-05,1,15,2024-07-05 09:00:00-05:00,552.5849999999999,2024-07-05 09:09:00-05:00,551.325,551.37,-189.0,long: close 552.53 > upper 552.52,stop
2024-07-05,1,13,2024-07-05 10:30:00-05:00,552.935,2024-07-05 14:52:00-05:00,554.9200000000001,551.54,258.05,long: close 552.91 > upper 552.70,flatten
2024-07-10,1,10,2024-07-10 11:30:00-05:00,558.9749999999999,2024-07-10 14:52:00-05:00,560.995,557.21,202.0,long: close 558.94 > upper 558.22,flatten
2024-07-11,-1,22,2024-07-11 09:30:00-05:00,559.715,2024-07-11 14:52:00-05:00,557.175,560.5,558.8,short: close 559.77 < lower 560.56,flatten
2024-07-12,1,13,2024-07-12 09:00:00-05:00,558.895,2024-07-12 14:52:00-05:00,559.515,557.52,80.6,long: close 558.88 > upper 558.40,flatten
2024-07-15,1,8,2024-07-15 10:00:00-05:00,563.685,2024-07-15 12:32:00-05:00,561.2850000000001,561.33,-192.0,long: close 563.64 > upper 563.33,stop
2024-07-18,-1,9,2024-07-18 10:30:00-05:00,553.755,2024-07-18 14:52:00-05:00,552.8,555.86,85.95,short: close 553.81 < lower 555.62,flatten
2024-07-19,-1,19,2024-07-19 09:30:00-05:00,551.085,2024-07-19 14:52:00-05:00,548.735,552.0500000000001,446.5,short: close 551.11 < lower 551.58,flatten
2024-07-23,1,25,2024-07-23 09:00:00-05:00,555.5851,2024-07-23 09:45:00-05:00,554.865,554.91,-180.03,long: close 555.52 > upper 555.27,stop
2024-07-24,-1,6,2024-07-24 09:00:00-05:00,546.695,2024-07-24 14:52:00-05:00,541.385,549.72,318.6,short: close 546.76 < lower 548.28,flatten
2024-07-25,-1,24,2024-07-25 09:00:00-05:00,539.825,2024-07-25 09:29:00-05:00,540.605,540.5600000000001,-187.2,short: close 539.86 < lower 540.55,stop
2024-07-25,1,14,2024-07-25 10:00:00-05:00,542.8449999999999,2024-07-25 13:46:00-05:00,541.5250000000001,541.57,-184.8,long: close 542.79 > upper 542.55,stop
2024-07-26,1,6,2024-07-26 09:30:00-05:00,543.675,2024-07-26 14:52:00-05:00,543.485,540.85,-11.4,long: close 543.63 > upper 543.13,flatten
2024-07-30,-1,6,2024-07-30 10:30:00-05:00,542.075,2024-07-30 14:52:00-05:00,543.405,544.98,-79.8,short: close 542.14 < lower 542.60,flatten
2024-07-31,1,4,2024-07-31 09:30:00-05:00,550.3349999999999,2024-07-31 14:52:00-05:00,550.4050000000001,545.74,2.8,long: close 550.30 > upper 550.04,flatten
2024-08-01,1,10,2024-08-01 09:00:00-05:00,554.035,2024-08-01 09:07:00-05:00,552.215,552.26,-182.0,long: close 554.04 > upper 553.28,stop
2024-08-01,-1,7,2024-08-01 10:00:00-05:00,547.4250000000001,2024-08-01 14:52:00-05:00,543.275,550.04,290.5,short: close 547.47 < lower 548.90,flatten
2024-08-02,-1,4,2024-08-02 09:00:00-05:00,534.085,2024-08-02 14:52:00-05:00,530.745,538.46,133.6,short: close 534.13 < lower 535.00,flatten
2024-08-06,1,9,2024-08-06 09:00:00-05:00,521.935,2024-08-06 14:52:00-05:00,524.0250000000001,519.99,188.1,long: close 521.89 > upper 520.25,flatten
2024-08-07,1,4,2024-08-07 09:00:00-05:00,531.0849999999999,2024-08-07 11:03:00-05:00,526.735,526.78,-174.0,long: close 531.01 > upper 529.65,stop
2024-08-08,1,4,2024-08-08 09:30:00-05:00,527.865,2024-08-08 14:52:00-05:00,529.635,523.44,70.8,long: close 527.87 > upper 525.72,flatten
2024-08-12,-1,9,2024-08-12 09:00:00-05:00,531.3950000000001,2024-08-12 09:10:00-05:00,533.505,533.46,-189.9,short: close 531.41 < lower 531.51,stop
2024-08-13,1,3,2024-08-13 12:00:00-05:00,541.0849999999999,2024-08-13 14:52:00-05:00,541.6800000000001,535.08,17.85,long: close 541.03 > upper 541.00,flatten
2024-08-22,-1,5,2024-08-22 11:00:00-05:00,557.6850000000001,2024-08-22 14:52:00-05:00,555.5649999999999,561.29,106.0,short: close 557.74 < lower 558.04,flatten
2024-08-23,1,6,2024-08-23 09:30:00-05:00,562.755,2024-08-23 09:48:00-05:00,559.6550000000001,559.7,-186.0,long: close 562.69 > upper 560.94,stop
2024-08-26,-1,7,2024-08-26 11:00:00-05:00,559.9350000000001,2024-08-26 14:52:00-05:00,560.3549999999999,562.5600000000001,-29.4,short: close 560.00 < lower 560.00,flatten
2024-08-28,-1,9,2024-08-28 10:30:00-05:00,558.2750000000001,2024-08-28 14:52:00-05:00,559.185,560.23,-81.9,short: close 558.31 < lower 559.42,flatten
2024-08-29,1,9,2024-08-29 09:30:00-05:00,561.78,2024-08-29 13:30:00-05:00,559.745,559.79,-183.15,long: close 561.71 > upper 561.31,stop
2024-08-30,1,9,2024-08-30 09:00:00-05:00,561.775,2024-08-30 10:00:00-05:00,559.6750000000001,559.72,-189.0,long: close 561.72 > upper 561.60,stop
2024-09-03,-1,8,2024-09-03 09:00:00-05:00,559.075,2024-09-03 14:52:00-05:00,551.0949999999999,561.3100000000001,638.4,short: close 559.08 < lower 559.79,flatten
2024-09-04,1,7,2024-09-04 10:00:00-05:00,554.015,2024-09-04 10:30:00-05:00,551.4150000000001,551.46,-182.0,long: close 553.98 > upper 553.73,stop
2024-09-05,1,23,2024-09-05 09:00:00-05:00,552.015,2024-09-05 09:47:00-05:00,551.215,551.26,-184.0,long: close 551.96 > upper 551.63,stop
2024-09-05,-1,9,2024-09-05 10:30:00-05:00,547.875,2024-09-05 12:45:00-05:00,549.925,549.88,-184.5,short: close 547.92 < lower 548.87,stop
2024-09-06,-1,19,2024-09-06 09:00:00-05:00,547.845,2024-09-06 14:52:00-05:00,540.305,548.8000000000001,1432.6,short: close 547.89 < lower 548.80,flatten
2024-09-09,1,4,2024-09-09 12:00:00-05:00,547.53,2024-09-09 14:52:00-05:00,545.515,542.7,-80.6,long: close 547.49 > upper 547.38,flatten
2024-09-11,-1,21,2024-09-11 09:00:00-05:00,544.6450000000001,2024-09-11 11:04:00-05:00,545.555,545.51,-191.1,short: close 544.69 < lower 547.90,stop
2024-09-12,1,5,2024-09-12 13:00:00-05:00,559.1899999999999,2024-09-12 14:52:00-05:00,558.515,555.71,-33.75,long: close 559.14 > upper 558.17,flatten
2024-09-13,1,12,2024-09-13 09:00:00-05:00,561.035,2024-09-13 14:52:00-05:00,561.965,559.5500000000001,111.6,long: close 560.93 > upper 560.83,flatten
2024-10-01,-1,13,2024-10-01 09:00:00-05:00,569.455,2024-10-01 13:32:00-05:00,570.855,570.8100000000001,-182.0,short: close 569.56 < lower 572.36,stop
2024-10-07,-1,8,2024-10-07 13:30:00-05:00,569.495,2024-10-07 14:52:00-05:00,568.235,571.66,100.8,short: close 569.55 < lower 569.94,flatten
2024-10-08,1,7,2024-10-08 10:00:00-05:00,571.8449999999999,2024-10-08 14:52:00-05:00,573.2950000000001,569.22,101.5,long: close 571.81 > upper 571.75,flatten
2024-10-09,1,13,2024-10-09 10:00:00-05:00,574.9449999999999,2024-10-09 14:52:00-05:00,577.499,573.58,332.02,long: close 574.90 > upper 574.50,flatten
2024-10-11,1,19,2024-10-11 09:00:00-05:00,577.435,2024-10-11 14:52:00-05:00,579.885,576.52,465.5,long: close 577.39 > upper 576.99,flatten
2024-10-14,1,10,2024-10-14 09:00:00-05:00,583.3449999999999,2024-10-14 14:52:00-05:00,584.485,581.5500000000001,114.0,long: close 583.30 > upper 582.18,flatten
2024-10-15,-1,11,2024-10-15 10:00:00-05:00,581.9250000000001,2024-10-15 14:52:00-05:00,579.545,583.65,261.8,short: close 581.95 < lower 582.72,flatten
2024-10-16,1,9,2024-10-16 13:30:00-05:00,582.655,2024-10-16 14:52:00-05:00,582.2950000000001,580.64,-32.4,long: close 582.62 > upper 581.81,flatten
2024-10-21,-1,8,2024-10-21 10:30:00-05:00,580.7950000000001,2024-10-21 12:08:00-05:00,583.055,583.01,-180.8,short: close 580.83 < lower 582.01,stop
2024-10-23,-1,7,2024-10-23 10:30:00-05:00,578.835,2024-10-23 14:52:00-05:00,577.755,581.48,75.6,short: close 578.90 < lower 579.65,flatten
2024-10-25,1,10,2024-10-25 09:00:00-05:00,583.3449999999999,2024-10-25 12:13:00-05:00,581.4350000000001,581.48,-191.0,long: close 583.30 > upper 582.21,stop
2024-10-31,-1,6,2024-10-31 09:00:00-05:00,573.695,2024-10-31 14:52:00-05:00,571.295,576.72,144.0,short: close 573.76 < lower 574.74,flatten
2024-11-01,1,8,2024-11-01 09:00:00-05:00,573.175,2024-11-01 14:50:00-05:00,570.8950000000001,570.94,-182.4,long: close 573.12 > upper 572.17,stop
2024-11-04,-1,10,2024-11-04 11:00:00-06:00,568.8251,2024-11-04 11:49:00-06:00,570.605,570.5600000000001,-177.99,short: close 568.85 < lower 569.37,stop
2024-11-05,1,14,2024-11-05 09:00:00-06:00,574.055,2024-11-05 14:52:00-06:00,575.585,572.74,214.2,long: close 573.98 > upper 571.56,flatten
2024-11-07,1,7,2024-11-07 10:00:00-06:00,594.875,2024-11-07 14:52:00-06:00,595.475,592.14,42.0,long: close 594.82 > upper 594.80,flatten
2024-11-08,1,8,2024-11-08 12:00:00-06:00,598.135,2024-11-08 14:52:00-06:00,597.835,595.91,-24.0,long: close 598.09 > upper 598.08,flatten
2024-11-12,-1,9,2024-11-12 11:00:00-06:00,596.39,2024-11-12 14:52:00-06:00,597.0949999999999,598.44,-63.45,short: close 596.45 < lower 596.66,flatten
2024-11-14,-1,9,2024-11-14 11:30:00-06:00,594.7750000000001,2024-11-14 14:52:00-06:00,593.0849999999999,596.73,152.1,short: close 594.83 < lower 595.29,flatten
2024-11-15,-1,5,2024-11-15 09:30:00-06:00,586.7750000000001,2024-11-15 14:52:00-06:00,585.155,590.08,81.0,short: close 586.82 < lower 588.25,flatten
2024-11-18,1,9,2024-11-18 10:00:00-06:00,588.275,2024-11-18 14:52:00-06:00,587.8000000000001,586.16,-42.75,long: close 588.21 > upper 588.07,flatten
2024-11-19,1,4,2024-11-19 13:00:00-06:00,590.9449999999999,2024-11-19 14:52:00-06:00,590.325,586.9300000000001,-24.8,long: close 590.90 > upper 590.44,flatten
2024-11-20,-1,15,2024-11-20 09:00:00-06:00,587.355,2024-11-20 10:54:00-06:00,588.625,588.58,-190.5,short: close 587.43 < lower 589.11,stop
2024-11-20,-1,7,2024-11-20 11:30:00-06:00,587.1550000000001,2024-11-20 14:33:00-06:00,589.6949999999999,589.65,-177.8,short: close 587.21 < lower 587.85,stop
2024-11-21,-1,5,2024-11-21 09:30:00-06:00,587.6450000000001,2024-11-21 09:55:00-06:00,590.9549999999999,590.91,-165.5,short: close 587.74 < lower 588.70,stop
2024-11-22,1,13,2024-11-22 09:00:00-06:00,595.985,2024-11-22 09:09:00-06:00,594.5250000000001,594.57,-189.8,long: close 595.97 > upper 595.05,stop
2024-11-22,1,10,2024-11-22 10:00:00-06:00,595.8349999999999,2024-11-22 10:20:00-06:00,593.945,593.99,-189.0,long: close 595.76 > upper 595.48,stop
2024-11-27,-1,9,2024-11-27 10:30:00-06:00,598.385,2024-11-27 14:52:00-06:00,598.925,600.3000000000001,-48.6,short: close 598.46 < lower 598.68,flatten
2024-11-29,1,12,2024-11-29 09:00:00-06:00,600.755,2024-11-29 14:52:00-06:00,602.715,599.28,235.2,long: close 600.71 > upper 600.69,flatten
2024-12-06,1,13,2024-12-06 09:00:00-06:00,609.02,2024-12-06 10:13:00-06:00,607.595,607.64,-185.25,long: close 608.98 > upper 608.40,stop
2024-12-09,-1,11,2024-12-09 10:00:00-06:00,605.335,2024-12-09 14:52:00-06:00,604.4549999999999,606.95,96.8,short: close 605.38 < lower 606.18,flatten
2024-12-11,1,7,2024-12-11 10:30:00-06:00,607.525,2024-12-11 14:52:00-06:00,607.7850000000001,604.8100000000001,18.2,long: close 607.48 > upper 607.04,flatten
2024-12-12,-1,10,2024-12-12 13:30:00-06:00,604.8950000000001,2024-12-12 14:52:00-06:00,605.1049999999999,606.72,-21.0,short: close 604.93 < lower 605.22,flatten
2024-12-13,-1,7,2024-12-13 12:00:00-06:00,602.855,2024-12-13 14:52:00-06:00,604.375,605.3100000000001,-106.4,short: close 602.91 < lower 602.93,flatten
2024-12-16,1,8,2024-12-16 12:30:00-06:00,607.755,2024-12-16 14:52:00-06:00,606.245,605.5500000000001,-120.8,long: close 607.72 > upper 607.33,flatten
2024-12-17,-1,9,2024-12-17 09:30:00-06:00,603.1550000000001,2024-12-17 14:52:00-06:00,604.3449999999999,605.19,-107.1,short: close 603.22 < lower 603.46,flatten
2024-12-18,1,19,2024-12-18 09:30:00-06:00,605.425,2024-12-18 13:00:00-06:00,604.455,604.5,-184.3,long: close 605.40 > upper 605.04,stop
2024-12-18,-1,12,2024-12-18 13:30:00-06:00,600.0550000000001,2024-12-18 14:52:00-06:00,589.785,601.52,1232.4,short: close 600.08 < lower 602.65,flatten
2024-12-20,1,6,2024-12-20 10:00:00-06:00,588.3349999999999,2024-12-20 14:52:00-06:00,590.3950000000001,585.14,123.6,long: close 588.26 > upper 587.14,flatten
2024-12-23,-1,15,2024-12-23 09:30:00-06:00,589.255,2024-12-23 10:19:00-06:00,590.545,590.5,-193.5,short: close 589.30 < lower 589.64,stop
2024-12-23,1,10,2024-12-23 12:30:00-06:00,593.3149999999999,2024-12-23 14:52:00-06:00,594.9250000000001,591.5600000000001,161.0,long: close 593.30 > upper 592.63,flatten
2024-12-24,1,16,2024-12-24 09:00:00-06:00,597.245,2024-12-24 14:53:00-06:00,601.1450000000001,596.14,624.0,long: close 597.20 > upper 596.52,flatten
2024-12-27,-1,7,2024-12-27 09:00:00-06:00,596.7750000000001,2024-12-27 14:52:00-06:00,595.29,599.22,103.95,short: close 596.82 < lower 596.92,flatten
2024-12-30,-1,4,2024-12-30 09:00:00-06:00,585.1650000000001,2024-12-30 10:42:00-06:00,589.2149999999999,589.17,-162.0,short: close 585.22 < lower 587.48,stop
2024-12-31,-1,5,2024-12-31 12:30:00-06:00,584.97,2024-12-31 14:52:00-06:00,586.5649999999999,588.52,-79.75,short: close 585.01 < lower 585.52,flatten
2025-01-02,1,8,2025-01-02 09:00:00-06:00,590.2249999999999,2025-01-02 09:22:00-06:00,587.835,587.88,-191.2,long: close 590.17 > upper 590.04,stop
2025-01-02,-1,4,2025-01-02 12:00:00-06:00,582.815,2025-01-02 14:52:00-06:00,584.235,587.64,-56.8,short: close 582.86 < lower 582.89,flatten
2025-01-03,1,5,2025-01-03 10:30:00-06:00,589.645,2025-01-03 14:52:00-06:00,591.1750000000001,586.1,76.5,long: close 589.63 > upper 589.61,flatten
2025-01-06,1,6,2025-01-06 09:00:00-06:00,597.9449999999999,2025-01-06 13:01:00-06:00,595.0350000000001,595.08,-174.6,long: close 597.88 > upper 596.94,stop
2025-01-07,-1,5,2025-01-07 10:30:00-06:00,592.975,2025-01-07 14:52:00-06:00,588.275,596.28,235.0,short: close 593.11 < lower 593.12,flatten
2025-01-08,-1,21,2025-01-08 09:00:00-06:00,587.255,2025-01-08 09:02:00-06:00,588.125,588.08,-182.7,short: close 587.38 < lower 587.89,stop
2025-01-08,-1,8,2025-01-08 09:30:00-06:00,586.4250000000001,2025-01-08 10:21:00-06:00,588.7049999999999,588.66,-182.4,short: close 586.48 < lower 586.48,stop
2025-01-10,-1,7,2025-01-10 09:00:00-06:00,582.345,2025-01-10 14:52:00-06:00,580.255,585.0,146.3,short: close 582.98 < lower 584.99,flatten
2025-01-15,1,3,2025-01-15 09:00:00-06:00,591.995,2025-01-15 14:52:00-06:00,593.1550000000001,586.64,34.8,long: close 591.93 > upper 591.63,flatten
2025-01-28,1,8,2025-01-28 09:30:00-06:00,602.535,2025-01-28 14:52:00-06:00,604.845,600.21,184.8,long: close 602.46 > upper 602.34,flatten
2025-01-29,-1,6,2025-01-29 13:30:00-06:00,599.345,2025-01-29 13:40:00-06:00,602.505,602.46,-189.6,short: close 599.40 < lower 600.99,stop
2025-01-31,1,7,2025-01-31 09:30:00-06:00,609.005,2025-01-31 12:30:00-06:00,606.315,606.36,-188.3,long: close 608.96 > upper 608.89,stop
2025-02-04,1,15,2025-02-04 09:00:00-06:00,599.0392999999999,2025-02-04 14:52:00-06:00,601.4540000000001,597.82,362.21,long: close 599.00 > upper 598.95,flatten
2025-02-07,-1,11,2025-02-07 09:30:00-06:00,604.455,2025-02-07 14:52:00-06:00,601.0649999999999,606.08,372.9,short: close 604.58 < lower 604.99,flatten
2025-02-13,1,7,2025-02-13 10:00:00-06:00,607.135,2025-02-13 14:52:00-06:00,609.235,604.38,147.0,long: close 607.09 > upper 606.68,flatten
2025-02-20,-1,12,2025-02-20 09:00:00-06:00,608.355,2025-02-20 13:49:00-06:00,609.865,609.82,-181.2,short: close 608.38 < lower 610.77,stop
2025-02-21,-1,17,2025-02-21 09:00:00-06:00,608.455,2025-02-21 14:52:00-06:00,600.425,609.5,1365.1,short: close 608.47 < lower 609.24,flatten
2025-02-24,-1,9,2025-02-24 09:00:00-06:00,598.715,2025-02-24 10:42:00-06:00,600.765,600.72,-184.5,short: close 598.76 < lower 599.00,stop
2025-02-25,-1,15,2025-02-25 09:00:00-06:00,595.205,2025-02-25 14:23:00-06:00,596.4549999999999,596.41,-187.5,short: close 595.23 < lower 595.98,stop
2025-02-26,1,9,2025-02-26 09:00:00-06:00,597.755,2025-02-26 11:57:00-06:00,595.6350000000001,595.6800000000001,-190.8,long: close 597.71 > upper 597.14,stop
2025-02-27,-1,7,2025-02-27 09:00:00-06:00,592.385,2025-02-27 09:22:00-06:00,594.9549999999999,594.91,-179.9,short: close 592.43 < lower 593.12,stop
2025-02-27,-1,4,2025-02-27 13:30:00-06:00,590.7370000000001,2025-02-27 14:52:00-06:00,586.8249999999999,595.08,156.48,short: close 590.77 < lower 591.31,flatten
2025-02-28,1,8,2025-02-28 09:30:00-06:00,588.405,2025-02-28 10:29:00-06:00,586.0350000000001,586.08,-189.6,long: close 588.36 > upper 587.62,stop
2025-03-03,-1,5,2025-03-03 12:30:00-06:00,588.07,2025-03-03 14:52:00-06:00,581.6949999999999,591.34,318.75,short: close 588.09 < lower 591.86,flatten
2025-03-04,-1,5,2025-03-04 09:00:00-06:00,575.6650000000001,2025-03-04 12:12:00-06:00,579.545,579.5,-194.0,short: close 575.70 < lower 578.02,stop
2025-03-05,1,7,2025-03-05 12:00:00-06:00,580.795,2025-03-05 12:09:00-06:00,578.235,578.28,-179.2,long: close 580.75 > upper 579.31,stop
2025-03-05,1,6,2025-03-05 13:00:00-06:00,581.505,2025-03-05 14:52:00-06:00,582.355,578.62,51.0,long: close 581.47 > upper 579.68,flatten
2025-03-06,-1,3,2025-03-06 11:30:00-06:00,572.515,2025-03-06 14:52:00-06:00,573.2049999999999,578.34,-20.7,short: close 572.55 < lower 573.46,flatten
2025-03-07,-1,5,2025-03-07 10:30:00-06:00,567.625,2025-03-07 11:44:00-06:00,571.2049999999999,571.16,-179.0,short: close 567.63 < lower 568.31,stop
2025-03-07,1,4,2025-03-07 13:30:00-06:00,576.7049999999999,2025-03-07 14:52:00-06:00,575.1550000000001,572.17,-62.0,long: close 576.58 > upper 576.39,flatten
2025-03-10,-1,3,2025-03-10 10:00:00-05:00,563.9050000000001,2025-03-10 14:52:00-05:00,560.9449999999999,569.91,88.8,short: close 563.94 < lower 564.90,flatten
2025-03-11,-1,6,2025-03-11 09:30:00-05:00,555.9050000000001,2025-03-11 10:40:00-05:00,559.125,559.08,-193.2,short: close 555.99 < lower 556.89,stop
2025-03-11,-1,6,2025-03-11 11:30:00-05:00,555.8050000000001,2025-03-11 13:22:00-05:00,558.935,558.89,-187.8,short: close 555.81 < lower 557.00,stop
2025-03-13,-1,8,2025-03-13 09:00:00-05:00,554.975,2025-03-13 09:12:00-05:00,557.1949999999999,557.15,-177.6,short: close 555.03 < lower 556.52,stop
2025-03-13,-1,5,2025-03-13 10:30:00-05:00,554.205,2025-03-13 14:52:00-05:00,550.54,557.57,183.25,short: close 554.28 < lower 555.34,flatten
2025-03-14,1,4,2025-03-14 09:00:00-05:00,557.7249999999999,2025-03-14 14:52:00-05:00,562.735,553.33,200.4,long: close 558.44 > upper 558.21,flatten
2025-03-17,1,9,2025-03-17 09:00:00-05:00,565.745,2025-03-17 10:03:00-05:00,563.605,563.65,-192.6,long: close 565.65 > upper 564.87,stop
2025-03-17,1,4,2025-03-17 13:00:00-05:00,567.145,2025-03-17 14:52:00-05:00,568.225,562.91,43.2,long: close 567.12 > upper 567.01,flatten
2025-03-18,-1,5,2025-03-18 09:00:00-05:00,560.735,2025-03-18 14:52:00-05:00,560.9449999999999,564.0,-10.5,short: close 560.77 < lower 562.64,flatten
2025-03-20,1,4,2025-03-20 09:30:00-05:00,569.525,2025-03-20 12:26:00-05:00,565.2850000000001,565.33,-169.6,long: close 569.48 > upper 569.37,stop
2025-03-26,-1,5,2025-03-26 11:00:00-05:00,570.615,2025-03-26 14:52:00-05:00,569.505,573.88,55.5,short: close 570.66 < lower 572.01,flatten
2025-03-28,-1,6,2025-03-28 09:30:00-05:00,559.5200000000001,2025-03-28 14:52:00-05:00,555.865,562.53,219.3,short: close 559.57 < lower 563.26,flatten
2025-04-01,-1,6,2025-04-01 09:30:00-05:00,555.09,2025-04-01 09:43:00-05:00,558.275,558.23,-191.1,short: close 555.14 < lower 555.16,stop
2025-04-02,1,3,2025-04-02 12:00:00-05:00,565.735,2025-04-02 14:52:00-05:00,565.1450000000001,559.74,-17.7,long: close 565.68 > upper 564.69,flatten
2025-04-03,-1,3,2025-04-03 10:00:00-05:00,540.1550000000001,2025-04-03 11:30:00-05:00,546.2049999999999,546.16,-181.5,short: close 540.19 < lower 542.00,stop
2025-04-03,-1,3,2025-04-03 13:30:00-05:00,540.725,2025-04-03 14:52:00-05:00,538.0649999999999,546.72,79.8,short: close 540.79 < lower 541.45,flatten
2025-04-04,-1,3,2025-04-04 09:30:00-05:00,516.215,2025-04-04 10:16:00-05:00,522.265,522.22,-181.5,short: close 516.29 < lower 521.26,stop
2025-04-04,-1,3,2025-04-04 10:30:00-05:00,516.355,2025-04-04 14:52:00-05:00,507.935,522.36,252.6,short: close 516.35 < lower 520.58,flatten
2025-04-09,1,6,2025-04-09 09:00:00-05:00,499.90500000000003,2025-04-09 09:14:00-05:00,496.715,496.76,-191.4,long: close 499.85 > upper 498.23,stop
2025-04-09,1,3,2025-04-09 12:30:00-05:00,524.0649999999999,2025-04-09 14:52:00-05:00,544.845,518.0600000000001,623.4,long: close 523.96 > upper 502.89,flatten
2025-04-10,-1,3,2025-04-10 09:00:00-05:00,528.945,2025-04-10 14:52:00-05:00,524.005,534.95,148.2,short: close 529.00 < lower 530.37,flatten
2025-04-11,1,3,2025-04-11 12:00:00-05:00,531.8149999999999,2025-04-11 14:52:00-05:00,534.9150000000001,525.8100000000001,93.0,long: close 531.72 > upper 531.02,flatten
2025-04-21,-1,3,2025-04-21 09:00:00-05:00,517.465,2025-04-21 14:52:00-05:00,512.995,522.48,134.1,short: close 517.56 < lower 518.77,flatten
2025-04-22,1,3,2025-04-22 10:00:00-05:00,524.7149999999999,2025-04-22 14:52:00-05:00,526.0550000000001,518.71,40.2,long: close 524.67 > upper 524.53,flatten
2025-04-23,1,3,2025-04-23 09:00:00-05:00,543.64,2025-04-23 10:32:00-05:00,537.595,537.64,-181.35,long: close 543.56 > upper 543.29,stop
2025-04-24,1,4,2025-04-24 09:30:00-05:00,542.275,2025-04-24 14:52:00-05:00,546.1850000000001,538.02,156.4,long: close 542.23 > upper 540.34,flatten
2025-04-30,-1,3,2025-04-30 09:00:00-05:00,541.88,2025-04-30 10:00:00-05:00,547.925,547.88,-181.35,short: close 541.94 < lower 544.83,stop
2025-05-01,1,3,2025-05-01 10:00:00-05:00,563.405,2025-05-01 14:52:00-05:00,560.365,557.66,-91.2,long: close 563.35 > upper 563.12,flatten
2025-05-08,1,3,2025-05-08 11:00:00-05:00,568.4412,2025-05-08 14:52:00-05:00,565.835,563.32,-78.19,long: close 568.38 > upper 568.36,flatten
2025-05-13,1,7,2025-05-13 09:30:00-05:00,586.885,2025-05-13 14:52:00-05:00,587.865,584.42,68.6,long: close 586.82 > upper 585.61,flatten
2025-05-15,1,5,2025-05-15 12:00:00-05:00,590.2325,2025-05-15 14:52:00-05:00,589.875,586.72,-17.87,long: close 590.17 > upper 590.08,flatten
2025-05-21,-1,4,2025-05-21 12:30:00-05:00,584.6550000000001,2025-05-21 14:52:00-05:00,584.5849999999999,589.46,2.8,short: close 584.69 < lower 585.85,flatten
2025-05-22,1,14,2025-05-22 09:00:00-05:00,584.235,2025-05-22 09:23:00-05:00,582.9350000000001,582.98,-182.0,long: close 584.18 > upper 584.06,stop
2025-05-22,1,8,2025-05-22 13:00:00-05:00,585.425,2025-05-22 14:52:00-05:00,584.575,583.09,-68.0,long: close 585.39 > upper 585.15,flatten
2025-05-27,1,3,2025-05-27 09:30:00-05:00,587.915,2025-05-27 12:13:00-05:00,582.815,582.86,-153.0,long: close 587.87 > upper 587.68,stop
2025-05-27,1,3,2025-05-27 12:30:00-05:00,590.2249999999999,2025-05-27 14:52:00-05:00,590.095,584.22,-3.9,long: close 590.17 > upper 589.04,flatten
2025-05-28,-1,9,2025-05-28 10:00:00-05:00,589.2900000000001,2025-05-28 14:52:00-05:00,588.0949999999999,591.22,107.55,short: close 589.34 < lower 589.38,flatten
2025-05-30,-1,11,2025-05-30 09:00:00-05:00,586.965,2025-05-30 09:05:00-05:00,588.685,588.64,-189.2,short: close 587.09 < lower 587.78,stop
2025-05-30,-1,6,2025-05-30 11:30:00-05:00,585.0250000000001,2025-05-30 13:18:00-05:00,588.245,588.2,-193.2,short: close 585.09 < lower 586.28,stop
2025-06-03,1,11,2025-06-03 10:00:00-05:00,594.415,2025-06-03 14:52:00-05:00,595.6550000000001,592.7,136.4,long: close 594.37 > upper 594.20,flatten
2025-06-05,-1,10,2025-06-05 09:00:00-05:00,594.245,2025-06-05 09:25:00-05:00,596.165,596.12,-192.0,short: close 594.29 < lower 594.90,stop
2025-06-06,1,4,2025-06-06 09:00:00-05:00,600.3549999999999,2025-06-06 14:52:00-05:00,599.345,596.33,-40.4,long: close 600.30 > upper 599.85,flatten
2025-06-12,1,10,2025-06-12 10:00:00-05:00,602.6949999999999,2025-06-12 14:52:00-05:00,602.6850000000001,600.9300000000001,-1.0,long: close 602.64 > upper 602.47,flatten
2025-06-13,-1,5,2025-06-13 09:30:00-05:00,596.725,2025-06-13 10:22:00-05:00,600.645,600.6,-196.0,short: close 596.77 < lower 597.23,stop
2025-06-16,1,7,2025-06-16 09:00:00-05:00,603.115,2025-06-16 14:52:00-05:00,602.135,600.4,-68.6,long: close 603.05 > upper 601.40,flatten
2025-06-17,-1,5,2025-06-17 13:00:00-05:00,597.975,2025-06-17 14:52:00-05:00,598.135,601.28,-8.0,short: close 598.02 < lower 598.17,flatten
2025-06-18,1,10,2025-06-18 09:30:00-05:00,600.8249999999999,2025-06-18 12:24:00-05:00,598.975,599.02,-185.0,long: close 600.77 > upper 599.80,stop
2025-06-20,-1,11,2025-06-20 10:00:00-05:00,594.325,2025-06-20 10:36:00-05:00,596.005,595.96,-184.8,short: close 594.38 < lower 596.29,stop
2025-06-20,-1,10,2025-06-20 11:00:00-05:00,594.6650000000001,2025-06-20 14:52:00-05:00,594.0649999999999,596.49,60.0,short: close 594.70 < lower 596.10,flatten
2025-06-23,1,13,2025-06-23 09:00:00-05:00,596.7049999999999,2025-06-23 11:22:00-05:00,595.235,595.28,-191.1,long: close 596.65 > upper 596.06,stop
2025-06-23,1,8,2025-06-23 12:30:00-05:00,597.795,2025-06-23 14:52:00-05:00,599.755,595.62,156.8,long: close 597.71 > upper 596.81,flatten
2025-06-24,1,5,2025-06-24 10:30:00-05:00,605.805,2025-06-24 14:52:00-05:00,607.205,602.3100000000001,70.0,long: close 605.75 > upper 605.73,flatten
2025-06-26,1,8,2025-06-26 10:00:00-05:00,610.415,2025-06-26 14:52:00-05:00,611.975,608.14,124.8,long: close 610.37 > upper 610.33,flatten
2025-06-27,1,13,2025-06-27 09:00:00-05:00,614.415,2025-06-27 13:19:00-05:00,613.0150000000001,613.0600000000001,-182.0,long: close 614.36 > upper 613.74,stop
2025-07-02,1,10,2025-07-02 11:00:00-05:00,619.3149999999999,2025-07-02 14:52:00-05:00,619.9350000000001,617.45,62.0,long: close 619.27 > upper 619.26,flatten
2025-07-03,1,10,2025-07-03 09:00:00-05:00,624.1049999999999,2025-07-03 14:52:00-05:00,624.855,622.21,75.0,long: close 624.07 > upper 623.31,flatten
2025-07-07,-1,6,2025-07-07 11:30:00-05:00,620.515,2025-07-07 14:52:00-05:00,620.255,623.38,15.6,short: close 620.58 < lower 621.38,flatten
2025-07-09,1,9,2025-07-09 09:00:00-05:00,624.275,2025-07-09 09:32:00-05:00,622.235,622.28,-183.6,long: close 624.25 > upper 623.54,stop
2025-07-10,1,8,2025-07-10 13:00:00-05:00,626.625,2025-07-10 14:52:00-05:00,625.495,624.4,-90.4,long: close 626.59 > upper 626.33,flatten
2025-07-17,1,17,2025-07-17 09:00:00-05:00,625.8349999999999,2025-07-17 14:52:00-05:00,627.865,624.78,345.1,long: close 625.78 > upper 625.36,flatten
2025-07-21,1,12,2025-07-21 09:00:00-05:00,630.625,2025-07-21 14:42:00-05:00,629.0350000000001,629.08,-190.8,long: close 630.57 > upper 629.72,stop
2025-07-22,-1,15,2025-07-22 09:00:00-05:00,626.845,2025-07-22 09:37:00-05:00,628.0649999999999,628.02,-183.0,short: close 626.88 < lower 627.74,stop
2025-07-25,1,10,2025-07-25 11:30:00-05:00,636.805,2025-07-25 14:52:00-05:00,636.995,634.92,19.0,long: close 636.76 > upper 636.63,flatten
2025-07-29,-1,9,2025-07-29 10:30:00-05:00,635.245,2025-07-29 14:52:00-05:00,635.035,637.38,18.9,short: close 635.29 < lower 635.52,flatten
2025-08-01,-1,5,2025-08-01 09:00:00-05:00,621.485,2025-08-01 14:52:00-05:00,622.135,625.26,-32.5,short: close 621.48 < lower 625.37,flatten
2025-08-04,1,6,2025-08-04 09:00:00-05:00,629.055,2025-08-04 14:52:00-05:00,630.4100000000001,625.84,81.3,long: close 629.01 > upper 626.91,flatten
2025-08-05,-1,9,2025-08-05 10:00:00-05:00,627.87,2025-08-05 12:37:00-05:00,629.975,629.9300000000001,-189.45,short: close 627.91 < lower 629.39,stop
2025-08-06,1,7,2025-08-06 10:30:00-05:00,631.9549999999999,2025-08-06 14:52:00-05:00,632.6750000000001,629.3000000000001,50.4,long: close 631.93 > upper 631.17,flatten
2025-08-07,-1,4,2025-08-07 12:30:00-05:00,629.955,2025-08-07 14:52:00-05:00,631.175,634.07,-48.8,short: close 630.03 < lower 630.36,flatten
2025-08-08,1,9,2025-08-08 09:00:00-05:00,635.895,2025-08-08 14:52:00-05:00,636.595,633.88,63.0,long: close 635.85 > upper 635.20,flatten
2025-08-12,1,6,2025-08-12 11:00:00-05:00,641.275,2025-08-12 14:52:00-05:00,642.6750000000001,638.04,84.0,long: close 641.23 > upper 640.29,flatten
2025-08-19,-1,8,2025-08-19 11:00:00-05:00,640.6850000000001,2025-08-19 14:52:00-05:00,639.045,643.04,131.2,short: close 640.75 < lower 640.84,flatten
2025-08-20,-1,14,2025-08-20 09:00:00-05:00,635.335,2025-08-20 10:32:00-05:00,636.7149999999999,636.67,-193.2,short: close 635.39 < lower 638.25,stop
2025-08-20,-1,7,2025-08-20 11:00:00-05:00,635.095,2025-08-20 12:45:00-05:00,637.745,637.7,-185.5,short: close 635.15 < lower 636.98,stop
2025-08-22,1,7,2025-08-22 09:30:00-05:00,644.1787999999999,2025-08-22 14:52:00-05:00,645.22,641.4300000000001,72.88,long: close 644.11 > upper 639.42,flatten
2025-08-29,-1,11,2025-08-29 09:00:00-05:00,645.455,2025-08-29 14:52:00-05:00,644.0649999999999,647.1800000000001,152.9,short: close 645.51 < lower 646.45,flatten
2025-09-02,-1,3,2025-09-02 11:00:00-05:00,635.1700000000001,2025-09-02 14:52:00-05:00,640.0949999999999,641.14,-147.75,short: close 635.21 < lower 635.32,flatten
2025-09-04,1,8,2025-09-04 10:30:00-05:00,646.265,2025-09-04 14:52:00-05:00,648.35,644.12,166.8,long: close 646.21 > upper 646.18,flatten
2025-09-05,-1,6,2025-09-05 09:30:00-05:00,646.475,2025-09-05 14:52:00-05:00,646.4749999999999,649.5,0.0,short: close 646.56 < lower 647.20,flatten
2025-09-11,1,11,2025-09-11 09:00:00-05:00,655.615,2025-09-11 14:52:00-05:00,658.1650000000001,653.91,280.5,long: close 655.57 > upper 654.90,flatten
2025-09-15,1,10,2025-09-15 09:00:00-05:00,660.6899999999999,2025-09-15 14:52:00-05:00,659.8950000000001,658.86,-79.5,long: close 660.65 > upper 660.37,flatten
2025-09-17,-1,13,2025-09-17 12:00:00-05:00,658.265,2025-09-17 13:00:00-05:00,659.725,659.6800000000001,-189.8,short: close 658.32 < lower 658.55,stop
2025-09-18,1,7,2025-09-18 09:30:00-05:00,664.425,2025-09-18 14:52:00-05:00,662.5837,661.76,-128.89,long: close 664.40 > upper 663.19,flatten
2025-09-22,1,9,2025-09-22 11:30:00-05:00,665.89,2025-09-22 14:52:00-05:00,667.2,663.76,117.9,long: close 665.85 > upper 665.05,flatten
2025-09-23,-1,11,2025-09-23 12:30:00-05:00,663.6551000000001,2025-09-23 14:52:00-05:00,663.255,665.32,44.01,short: close 663.71 < lower 665.07,flatten
2025-09-24,-1,8,2025-09-24 11:00:00-05:00,660.345,2025-09-24 14:52:00-05:00,661.16,662.5,-65.2,short: close 660.39 < lower 661.72,flatten
2025-09-25,-1,9,2025-09-25 09:00:00-05:00,655.595,2025-09-25 09:09:00-05:00,657.745,657.7,-193.5,short: close 655.64 < lower 657.41,stop
2025-09-25,-1,5,2025-09-25 13:00:00-05:00,655.5450000000001,2025-09-25 14:52:00-05:00,657.535,659.16,-99.5,short: close 655.59 < lower 655.91,flatten
2025-09-26,1,12,2025-09-26 09:00:00-05:00,661.8449999999999,2025-09-26 09:06:00-05:00,660.3050000000001,660.35,-184.8,long: close 661.79 > upper 660.22,stop
2025-09-26,1,8,2025-09-26 12:00:00-05:00,661.375,2025-09-26 14:52:00-05:00,661.22,659.16,-12.4,long: close 661.33 > upper 660.95,flatten
2025-10-01,1,6,2025-10-01 12:30:00-05:00,668.025,2025-10-01 14:52:00-05:00,668.865,664.86,50.4,long: close 667.97 > upper 667.80,flatten
2025-10-03,1,14,2025-10-03 09:00:00-05:00,670.8549999999999,2025-10-03 12:46:00-05:00,669.5250000000001,669.57,-186.2,long: close 670.89 > upper 670.86,stop
2025-10-07,-1,9,2025-10-07 10:30:00-05:00,669.235,2025-10-07 14:52:00-05:00,669.31,671.16,-6.75,short: close 669.29 < lower 670.15,flatten
2025-10-08,1,11,2025-10-08 09:30:00-05:00,671.93,2025-10-08 14:52:00-05:00,673.0550000000001,670.23,123.75,long: close 671.89 > upper 671.40,flatten
2025-10-09,-1,16,2025-10-09 09:00:00-05:00,671.865,2025-10-09 14:52:00-05:00,671.165,673.0,112.0,short: close 671.91 < lower 672.17,flatten
2025-10-10,-1,9,2025-10-10 10:00:00-05:00,669.085,2025-10-10 14:52:00-05:00,655.0649999999999,671.08,1261.8,short: close 669.16 < lower 669.67,flatten
2025-10-13,1,4,2025-10-13 09:00:00-05:00,662.915,2025-10-13 14:52:00-05:00,663.3050000000001,658.19,15.6,long: close 662.88 > upper 661.61,flatten
2025-10-15,1,5,2025-10-15 09:00:00-05:00,668.385,2025-10-15 10:44:00-05:00,664.995,665.04,-169.5,long: close 668.31 > upper 667.86,stop
2025-10-16,-1,4,2025-10-16 13:30:00-05:00,658.345,2025-10-16 14:52:00-05:00,660.4549999999999,662.6800000000001,-84.4,short: close 658.38 < lower 661.61,flatten
2025-10-17,1,10,2025-10-17 09:30:00-05:00,662.3549999999999,2025-10-17 09:35:00-05:00,660.4350000000001,660.48,-192.0,long: close 662.31 > upper 661.96,stop
2025-10-17,1,4,2025-10-17 13:30:00-05:00,664.6949999999999,2025-10-17 14:52:00-05:00,664.315,660.25,-15.2,long: close 664.63 > upper 664.53,flatten
2025-10-20,1,8,2025-10-20 09:00:00-05:00,668.795,2025-10-20 14:52:00-05:00,671.8950000000001,666.42,248.0,long: close 668.74 > upper 668.20,flatten
2025-10-22,-1,9,2025-10-22 09:30:00-05:00,669.4050000000001,2025-10-22 14:52:00-05:00,668.045,671.36,122.4,short: close 669.43 < lower 669.67,flatten
2025-10-23,1,16,2025-10-23 09:00:00-05:00,670.045,2025-10-23 09:11:00-05:00,668.855,668.9,-190.4,long: close 669.96 > upper 669.08,stop
2025-10-23,1,10,2025-10-23 10:00:00-05:00,670.255,2025-10-23 14:52:00-05:00,671.3950000000001,668.42,114.0,long: close 670.21 > upper 669.78,flatten
2025-11-03,-1,5,2025-11-03 09:30:00-06:00,680.4050000000001,2025-11-03 11:15:00-06:00,683.745,683.7,-167.0,short: close 680.46 < lower 680.53,stop
2025-11-05,1,12,2025-11-05 09:00:00-06:00,677.145,2025-11-05 09:21:00-06:00,675.6350000000001,675.6800000000001,-181.2,long: close 677.28 > upper 676.64,stop
2025-11-05,1,10,2025-11-05 09:30:00-06:00,677.4799999999999,2025-11-05 14:52:00-06:00,678.955,675.65,147.5,long: close 677.44 > upper 677.00,flatten
2025-11-06,-1,9,2025-11-06 09:00:00-06:00,674.085,2025-11-06 14:52:00-06:00,670.745,676.04,300.6,short: close 674.14 < lower 675.03,flatten
2025-11-07,-1,7,2025-11-07 09:00:00-06:00,666.115,2025-11-07 13:40:00-06:00,668.845,668.8000000000001,-191.1,short: close 666.25 < lower 666.40,stop
2025-11-10,1,3,2025-11-10 13:00:00-06:00,679.925,2025-11-10 14:52:00-06:00,681.5250000000001,674.21,48.0,long: close 679.88 > upper 679.81,flatten
2025-11-13,-1,6,2025-11-13 09:00:00-06:00,678.735,2025-11-13 14:52:00-06:00,672.405,681.6800000000001,379.8,short: close 678.80 < lower 678.99,flatten
2025-11-14,1,3,2025-11-14 11:00:00-06:00,674.76,2025-11-14 14:52:00-06:00,671.985,668.8000000000001,-83.25,long: close 674.74 > upper 674.70,flatten
2025-11-17,-1,4,2025-11-17 13:00:00-06:00,666.5250000000001,2025-11-17 14:52:00-06:00,665.0849999999999,670.74,57.6,short: close 666.56 < lower 666.62,flatten
2025-11-18,-1,5,2025-11-18 09:00:00-06:00,658.595,2025-11-18 10:38:00-06:00,662.305,662.26,-185.5,short: close 658.65 < lower 660.22,stop
2025-11-18,-1,3,2025-11-18 11:30:00-06:00,658.565,2025-11-18 11:53:00-06:00,663.5849999999999,663.54,-150.6,short: close 658.62 < lower 658.93,stop
2025-11-19,1,8,2025-11-19 09:00:00-06:00,665.7149999999999,2025-11-19 09:56:00-06:00,663.2950000000001,663.34,-193.6,long: close 665.67 > upper 662.83,stop
2025-11-20,-1,3,2025-11-20 11:30:00-06:00,658.505,2025-11-20 14:52:00-06:00,653.0849999999999,664.5,162.6,short: close 658.57 < lower 659.30,flatten
2025-11-21,1,3,2025-11-21 11:00:00-06:00,660.675,2025-11-21 14:52:00-06:00,659.625,655.33,-31.5,long: close 660.64 > upper 659.13,flatten
2025-11-24,1,4,2025-11-24 09:30:00-06:00,665.535,2025-11-24 14:52:00-06:00,668.7900000000001,661.32,130.2,long: close 665.51 > upper 665.09,flatten
2025-11-25,1,4,2025-11-25 12:30:00-06:00,674.0749999999999,2025-11-25 14:52:00-06:00,675.835,669.64,70.4,long: close 674.02 > upper 673.15,flatten
2025-12-05,1,7,2025-12-05 09:30:00-06:00,687.925,2025-12-05 10:31:00-06:00,685.335,685.38,-181.3,long: close 687.88 > upper 687.47,stop
2025-12-11,-1,8,2025-12-11 09:00:00-06:00,682.605,2025-12-11 09:11:00-06:00,684.905,684.86,-184.0,short: close 682.62 < lower 684.04,stop
2025-12-12,-1,10,2025-12-12 09:30:00-06:00,683.705,2025-12-12 09:45:00-06:00,685.505,685.46,-180.0,short: close 683.75 < lower 686.90,stop
2025-12-12,-1,8,2025-12-12 10:00:00-06:00,681.6750000000001,2025-12-12 12:12:00-06:00,684.0649999999999,684.02,-191.2,short: close 681.72 < lower 686.32,stop
2025-12-15,-1,5,2025-12-15 09:30:00-06:00,679.7750000000001,2025-12-15 14:52:00-06:00,681.3149999999999,683.2,-77.0,short: close 679.82 < lower 680.29,flatten
2025-12-16,-1,5,2025-12-16 12:00:00-06:00,675.565,2025-12-16 14:23:00-06:00,679.105,679.0600000000001,-177.0,short: close 675.60 < lower 676.47,stop
2025-12-17,-1,7,2025-12-17 10:00:00-06:00,674.505,2025-12-17 14:52:00-06:00,671.9749999999999,677.1,177.1,short: close 674.56 < lower 676.78,flatten
2025-12-18,1,3,2025-12-18 10:00:00-06:00,680.0749999999999,2025-12-18 14:52:00-06:00,677.4150000000001,674.61,-79.8,long: close 680.03 > upper 679.92,flatten
2025-12-19,1,13,2025-12-19 09:00:00-06:00,679.8549999999999,2025-12-19 14:52:00-06:00,680.265,678.44,53.3,long: close 679.82 > upper 677.96,flatten
2025-12-23,1,6,2025-12-23 13:00:00-06:00,687.5749999999999,2025-12-23 14:52:00-06:00,687.7800000000001,684.44,12.3,long: close 687.53 > upper 687.49,flatten
2025-12-31,-1,9,2025-12-31 10:00:00-06:00,684.2750000000001,2025-12-31 14:52:00-06:00,682.645,686.32,146.7,short: close 684.33 < lower 685.00,flatten
2026-01-05,1,5,2026-01-05 09:30:00-06:00,688.5649999999999,2026-01-05 14:52:00-06:00,687.625,685.0600000000001,-47.0,long: close 688.53 > upper 688.36,flatten
2026-01-06,1,16,2026-01-06 09:00:00-06:00,690.12,2026-01-06 09:55:00-06:00,688.945,688.99,-188.0,long: close 690.08 > upper 688.96,stop
2026-01-06,1,7,2026-01-06 11:30:00-06:00,690.435,2026-01-06 14:52:00-06:00,692.075,687.88,114.8,long: close 690.39 > upper 690.38,flatten
2026-01-09,1,12,2026-01-09 09:00:00-06:00,691.6049999999999,2026-01-09 09:06:00-06:00,690.095,690.14,-181.2,long: close 691.51 > upper 691.50,stop
2026-01-09,1,9,2026-01-09 09:30:00-06:00,693.175,2026-01-09 14:52:00-06:00,694.575,691.23,126.0,long: close 693.13 > upper 691.99,flatten
2026-01-13,-1,17,2026-01-13 09:00:00-06:00,694.1850000000001,2026-01-13 14:52:00-06:00,692.8437,695.22,228.02,short: close 694.25 < lower 694.30,flatten
2026-01-14,-1,8,2026-01-14 09:00:00-06:00,688.6750000000001,2026-01-14 14:52:00-06:00,689.2249999999999,691.0,-44.0,short: close 688.72 < lower 690.05,flatten
2026-01-20,-1,3,2026-01-20 13:00:00-06:00,678.6850000000001,2026-01-20 14:52:00-06:00,677.3249999999999,684.6800000000001,40.8,short: close 678.72 < lower 679.46,flatten
2026-01-21,1,8,2026-01-21 09:00:00-06:00,682.525,2026-01-21 10:56:00-06:00,680.2950000000001,680.34,-178.4,long: close 682.49 > upper 680.82,stop
2026-01-21,1,5,2026-01-21 13:30:00-06:00,684.4549999999999,2026-01-21 14:52:00-06:00,684.745,681.2,14.5,long: close 684.40 > upper 681.89,flatten
2026-01-26,1,9,2026-01-26 09:00:00-06:00,692.305,2026-01-26 14:52:00-06:00,693.225,690.26,82.8,long: close 692.26 > upper 691.88,flatten
2026-01-27,1,7,2026-01-27 10:30:00-06:00,696.235,2026-01-27 14:52:00-06:00,695.725,693.78,-35.7,long: close 696.19 > upper 695.90,flatten
2026-01-29,-1,10,2026-01-29 09:00:00-06:00,691.5250000000001,2026-01-29 14:50:00-06:00,693.4449999999999,693.4,-192.0,short: close 691.56 < lower 694.01,stop
2026-01-30,-1,5,2026-01-30 12:00:00-06:00,689.105,2026-01-30 13:06:00-06:00,692.605,692.5600000000001,-175.0,short: close 689.17 < lower 689.43,stop
2026-02-02,1,5,2026-02-02 09:30:00-06:00,694.7299999999999,2026-02-02 14:52:00-06:00,695.2700000000001,691.46,27.0,long: close 694.68 > upper 693.99,flatten
2026-02-03,-1,9,2026-02-03 09:00:00-06:00,693.465,2026-02-03 14:52:00-06:00,689.1049999999999,695.5,392.4,short: close 693.48 < lower 693.79,flatten
2026-02-04,-1,6,2026-02-04 11:00:00-06:00,686.5350000000001,2026-02-04 14:52:00-06:00,687.285,689.65,-45.0,short: close 686.59 < lower 686.80,flatten
2026-02-05,-1,4,2026-02-05 09:30:00-06:00,676.605,2026-02-05 10:55:00-06:00,681.4649999999999,681.42,-194.4,short: close 676.64 < lower 678.72,stop
2026-02-06,1,5,2026-02-06 09:00:00-06:00,684.8449999999999,2026-02-06 14:52:00-06:00,692.1650000000001,681.16,366.0,long: close 684.75 > upper 683.14,flatten
2026-02-09,1,5,2026-02-09 10:00:00-06:00,694.275,2026-02-09 14:52:00-06:00,694.815,690.42,27.0,long: close 694.24 > upper 693.91,flatten
2026-02-12,-1,4,2026-02-12 10:30:00-06:00,683.5550000000001,2026-02-12 14:52:00-06:00,680.515,688.1,121.6,short: close 683.60 < lower 688.55,flatten
2026-02-17,-1,7,2026-02-17 09:00:00-06:00,676.575,2026-02-17 09:18:00-06:00,679.125,679.08,-178.5,short: close 676.63 < lower 678.37,stop
2026-02-18,1,7,2026-02-18 09:00:00-06:00,686.2049999999999,2026-02-18 14:52:00-06:00,686.475,683.66,18.9,long: close 686.16 > upper 685.95,flatten
2026-02-20,1,4,2026-02-20 10:00:00-06:00,688.865,2026-02-20 11:20:00-06:00,684.7750000000001,684.82,-163.6,long: close 688.83 > upper 687.47,stop
2026-02-20,1,3,2026-02-20 13:00:00-06:00,689.3449999999999,2026-02-20 14:52:00-06:00,688.745,683.6800000000001,-18.0,long: close 689.30 > upper 689.09,flatten
2026-02-23,-1,5,2026-02-23 09:30:00-06:00,684.455,2026-02-23 14:52:00-06:00,681.645,688.22,140.5,short: close 684.51 < lower 684.83,flatten
2026-02-24,1,6,2026-02-24 09:30:00-06:00,686.365,2026-02-24 14:52:00-06:00,688.0550000000001,683.28,101.4,long: close 686.34 > upper 685.25,flatten
2026-02-26,-1,10,2026-02-26 09:00:00-06:00,690.635,2026-02-26 14:52:00-06:00,688.995,692.46,164.0,short: close 690.67 < lower 691.35,flatten
2026-03-03,-1,3,2026-03-03 09:00:00-06:00,672.315,2026-03-03 10:46:00-06:00,678.365,678.32,-181.5,short: close 672.38 < lower 673.19,stop
2026-03-04,1,4,2026-03-04 09:30:00-06:00,686.185,2026-03-04 14:52:00-06:00,685.565,682.09,-24.8,long: close 686.15 > upper 685.04,flatten
2026-03-05,-1,3,2026-03-05 12:00:00-06:00,676.4050000000001,2026-03-05 14:52:00-06:00,680.675,682.4,-128.1,short: close 676.46 < lower 677.46,flatten
2026-03-06,-1,3,2026-03-06 09:00:00-06:00,670.865,2026-03-06 14:52:00-06:00,672.175,676.86,-39.3,short: close 670.87 < lower 671.43,flatten
2026-03-09,-1,3,2026-03-09 09:00:00-05:00,664.005,2026-03-09 10:15:00-05:00,669.0849999999999,669.04,-152.4,short: close 664.08 < lower 664.39,stop
2026-03-10,1,4,2026-03-10 12:30:00-05:00,683.295,2026-03-10 13:14:00-05:00,678.995,679.04,-172.0,long: close 683.26 > upper 682.27,stop
2026-03-12,-1,4,2026-03-12 09:00:00-05:00,668.825,2026-03-12 14:52:00-05:00,666.755,673.3000000000001,82.8,short: close 668.87 < lower 669.27,flatten
2026-03-16,1,4,2026-03-16 09:00:00-05:00,670.8449999999999,2026-03-16 14:52:00-05:00,668.845,665.99,-80.0,long: close 670.80 > upper 670.17,flatten
2026-03-20,-1,5,2026-03-20 09:00:00-05:00,653.125,2026-03-20 14:52:00-05:00,646.9449999999999,656.66,309.0,short: close 653.15 < lower 654.59,flatten
2026-03-23,1,3,2026-03-23 09:00:00-05:00,660.245,2026-03-23 11:29:00-05:00,654.195,654.24,-181.5,long: close 660.22 > upper 659.90,stop
2026-03-26,-1,4,2026-03-26 11:30:00-05:00,649.4463000000001,2026-03-26 14:52:00-05:00,645.51,654.28,157.45,short: close 649.47 < lower 649.58,flatten
2026-03-27,-1,6,2026-03-27 09:00:00-05:00,638.985,2026-03-27 10:37:00-05:00,642.045,642.0,-183.6,short: close 639.05 < lower 640.80,stop
2026-03-27,-1,5,2026-03-27 11:30:00-05:00,638.835,2026-03-27 14:52:00-05:00,633.3349999999999,642.72,275.0,short: close 638.89 < lower 639.93,flatten
2026-03-31,1,3,2026-03-31 09:00:00-05:00,642.685,2026-03-31 14:52:00-05:00,650.1550000000001,637.19,224.1,long: close 642.63 > upper 640.98,flatten
2026-04-01,1,5,2026-04-01 10:00:00-05:00,656.545,2026-04-01 14:52:00-05:00,655.385,652.88,-58.0,long: close 656.50 > upper 655.74,flatten
2026-04-06,1,8,2026-04-06 09:00:00-05:00,657.9749999999999,2026-04-06 12:13:00-05:00,655.5550000000001,655.6,-193.6,long: close 658.53 > upper 658.24,stop
2026-04-07,-1,5,2026-04-07 09:00:00-05:00,654.0250000000001,2026-04-07 12:35:00-05:00,657.5749999999999,657.53,-177.5,short: close 654.03 < lower 654.26,stop
2026-04-09,1,6,2026-04-09 11:00:00-05:00,678.865,2026-04-09 14:52:00-05:00,680.313,675.6800000000001,86.88,long: close 678.83 > upper 678.55,flatten
2026-04-14,1,6,2026-04-14 09:30:00-05:00,691.035,2026-04-14 14:52:00-05:00,693.6800000000001,687.98,158.7,long: close 690.98 > upper 689.92,flatten
2026-04-17,1,4,2026-04-17 09:30:00-05:00,709.285,2026-04-17 14:52:00-05:00,709.9150000000001,704.46,25.2,long: close 709.23 > upper 708.68,flatten
2026-04-21,-1,4,2026-04-21 12:30:00-05:00,704.635,2026-04-21 14:52:00-05:00,703.885,709.28,30.0,short: close 704.69 < lower 704.84,flatten
2026-04-23,-1,4,2026-04-23 12:30:00-05:00,705.9956000000001,2026-04-23 14:52:00-05:00,707.795,710.19,-71.98,short: close 706.05 < lower 706.17,flatten
2026-04-24,1,5,2026-04-24 11:00:00-05:00,713.8149999999999,2026-04-24 14:52:00-05:00,713.58,710.1800000000001,-11.75,long: close 713.77 > upper 713.24,flatten
2026-04-30,1,4,2026-04-30 13:30:00-05:00,717.9449999999999,2026-04-30 14:52:00-05:00,719.1750000000001,713.99,49.2,long: close 717.88 > upper 717.07,flatten
2026-05-01,1,7,2026-05-01 09:00:00-05:00,724.235,2026-05-01 11:33:00-05:00,721.595,721.64,-184.8,long: close 724.17 > upper 722.43,stop
2026-05-04,-1,8,2026-05-04 11:00:00-05:00,717.5450000000001,2026-05-04 14:52:00-05:00,717.7049999999999,719.87,-12.8,short: close 717.59 < lower 718.05,flatten
2026-05-05,1,6,2026-05-05 09:30:00-05:00,723.343,2026-05-05 14:52:00-05:00,723.72,720.15,22.62,long: close 723.29 > upper 723.11,flatten
2026-05-06,1,5,2026-05-06 09:00:00-05:00,729.7149999999999,2026-05-06 14:52:00-05:00,734.2750000000001,726.33,228.0,long: close 729.65 > upper 729.33,flatten
2026-05-07,-1,6,2026-05-07 12:30:00-05:00,730.585,2026-05-07 14:52:00-05:00,731.7149999999999,733.48,-67.8,short: close 730.62 < lower 731.52,flatten
2026-05-08,1,6,2026-05-08 09:00:00-05:00,736.665,2026-05-08 14:52:00-05:00,737.215,733.9,33.0,long: close 736.64 > upper 736.02,flatten
2026-05-11,1,9,2026-05-11 10:00:00-05:00,739.6949999999999,2026-05-11 14:52:00-05:00,738.745,737.6800000000001,-85.5,long: close 739.65 > upper 739.01,flatten
2026-05-12,-1,7,2026-05-12 09:00:00-05:00,735.095,2026-05-12 14:32:00-05:00,737.5849999999999,737.54,-174.3,short: close 735.11 < lower 735.64,stop
2026-05-13,1,8,2026-05-13 11:30:00-05:00,741.775,2026-05-13 14:52:00-05:00,742.5350000000001,739.52,60.8,long: close 741.73 > upper 740.59,flatten
2026-05-14,1,9,2026-05-14 09:30:00-05:00,745.995,2026-05-14 14:52:00-05:00,747.7850000000001,743.92,161.1,long: close 745.96 > upper 745.04,flatten
2026-05-15,-1,4,2026-05-15 09:00:00-05:00,739.105,2026-05-15 14:52:00-05:00,739.9449999999999,743.72,-33.6,short: close 739.17 < lower 740.36,flatten
2026-05-18,-1,8,2026-05-18 10:30:00-05:00,735.5450000000001,2026-05-18 14:02:00-05:00,737.985,737.94,-195.2,short: close 735.62 < lower 737.06,stop
2026-05-19,-1,5,2026-05-19 09:30:00-05:00,732.375,2026-05-19 11:51:00-05:00,735.805,735.76,-171.5,short: close 732.42 < lower 733.28,stop
2026-05-20,1,7,2026-05-20 09:30:00-05:00,737.9449999999999,2026-05-20 14:52:00-05:00,740.825,735.37,201.6,long: close 737.89 > upper 737.30,flatten
2026-05-22,1,6,2026-05-22 09:00:00-05:00,747.5949999999999,2026-05-22 09:23:00-05:00,744.5350000000001,744.58,-183.6,long: close 747.54 > upper 747.51,stop
2026-05-26,1,5,2026-05-26 09:30:00-05:00,751.5899999999999,2026-05-26 14:52:00-05:00,750.5250000000001,748.04,-53.25,long: close 751.54 > upper 751.35,flatten
2026-05-28,1,13,2026-05-28 09:30:00-05:00,752.785,2026-05-28 14:52:00-05:00,754.6550000000001,751.42,243.1,long: close 752.72 > upper 751.73,flatten
2026-05-29,1,10,2026-05-29 09:00:00-05:00,757.865,2026-05-29 09:26:00-05:00,756.0150000000001,756.0600000000001,-185.0,long: close 757.82 > upper 757.07,stop
2026-06-01,1,6,2026-06-01 13:00:00-05:00,759.5949999999999,2026-06-01 14:52:00-05:00,758.36,756.38,-74.1,long: close 759.55 > upper 759.08,flatten
2026-06-03,-1,11,2026-06-03 09:00:00-05:00,755.9050000000001,2026-06-03 14:52:00-05:00,754.8349999999999,757.52,117.7,short: close 755.92 < lower 757.19,flatten
2026-06-04,1,6,2026-06-04 11:30:00-05:00,756.5649999999999,2026-06-04 14:52:00-05:00,757.515,753.45,57.0,long: close 756.50 > upper 756.26,flatten
2026-06-05,-1,5,2026-06-05 09:00:00-05:00,748.715,2026-06-05 14:52:00-05:00,739.5999999999999,752.1,455.75,short: close 748.73 < lower 751.30,flatten
2026-06-08,1,4,2026-06-08 10:00:00-05:00,745.025,2026-06-08 12:03:00-05:00,740.455,740.5,-182.8,long: close 745.00 > upper 744.92,stop
2026-06-09,-1,4,2026-06-09 10:30:00-05:00,730.955,2026-06-09 13:24:00-05:00,735.125,735.08,-166.8,short: close 731.00 < lower 737.35,stop
2026-06-09,-1,3,2026-06-09 13:30:00-05:00,735.075,2026-06-09 14:52:00-05:00,735.775,740.34,-21.0,short: close 735.10 < lower 736.22,flatten
2026-06-10,-1,3,2026-06-10 13:30:00-05:00,729.5300000000001,2026-06-10 14:52:00-05:00,727.5024999999999,734.95,60.83,short: close 729.55 < lower 729.81,flatten
2026-06-11,1,3,2026-06-11 12:30:00-05:00,732.5849999999999,2026-06-11 14:52:00-05:00,737.5450000000001,727.1800000000001,148.8,long: close 732.52 > upper 732.51,flatten
2026-06-12,1,4,2026-06-12 10:30:00-05:00,744.2049999999999,2026-06-12 10:49:00-05:00,739.9250000000001,739.97,-171.2,long: close 744.15 > upper 743.44,stop
2026-06-15,1,3,2026-06-15 09:30:00-05:00,753.6949999999999,2026-06-15 14:52:00-05:00,753.9150000000001,747.69,6.6,long: close 753.65 > upper 753.40,flatten
2026-06-17,-1,4,2026-06-17 13:30:00-05:00,746.1650000000001,2026-06-17 14:52:00-05:00,739.9749999999999,750.63,247.6,short: close 746.23 < lower 746.38,flatten
2026-06-22,1,8,2026-06-22 09:00:00-05:00,749.9549999999999,2026-06-22 09:24:00-05:00,747.595,747.64,-188.8,long: close 749.91 > upper 749.41,stop
2026-06-24,1,6,2026-06-24 10:00:00-05:00,739.7249999999999,2026-06-24 11:39:00-05:00,736.6350000000001,736.6800000000001,-185.4,long: close 739.66 > upper 737.44,stop
2026-06-25,-1,4,2026-06-25 09:00:00-05:00,729.7950000000001,2026-06-25 09:07:00-05:00,734.725,734.6800000000001,-197.2,short: close 729.85 < lower 731.13,stop
2026-06-29,1,3,2026-06-29 13:00:00-05:00,740.4449999999999,2026-06-29 14:52:00-05:00,740.325,734.44,-3.6,long: close 740.41 > upper 739.99,flatten
2026-06-30,1,7,2026-06-30 09:00:00-05:00,743.9549999999999,2026-06-30 14:52:00-05:00,746.885,741.44,205.1,long: close 743.92 > upper 743.61,flatten
2026-07-01,1,5,2026-07-01 10:30:00-05:00,749.3249999999999,2026-07-01 14:52:00-05:00,746.1650000000001,745.78,-158.0,long: close 749.29 > upper 749.20,flatten
2026-07-02,1,6,2026-07-02 09:00:00-05:00,750.8249999999999,2026-07-02 09:28:00-05:00,747.595,747.64,-193.8,long: close 750.76 > upper 749.73,stop
2026-07-02,-1,5,2026-07-02 12:00:00-05:00,742.1550000000001,2026-07-02 14:52:00-05:00,744.0949999999999,745.92,-97.0,short: close 742.18 < lower 742.79,flatten
2026-07-07,-1,7,2026-07-07 09:30:00-05:00,746.635,2026-07-07 12:05:00-05:00,749.305,749.26,-186.9,short: close 746.70 < lower 748.17,stop
2026-07-08,-1,3,2026-07-08 10:30:00-05:00,739.9150000000001,2026-07-08 12:21:00-05:00,745.265,745.22,-160.5,short: close 739.94 < lower 740.12,stop
2026-07-09,1,5,2026-07-09 11:30:00-05:00,750.685,2026-07-09 14:52:00-05:00,751.0250000000001,746.92,17.0,long: close 750.64 > upper 750.10,flatten
2026-07-13,-1,4,2026-07-13 13:30:00-05:00,749.195,2026-07-13 14:52:00-05:00,749.415,753.3000000000001,-8.8,short: close 749.24 < lower 749.59,flatten
2026-07-21,1,4,2026-07-21 11:30:00-05:00,748.685,2026-07-21 14:52:00-05:00,748.325,744.32,-14.4,long: close 748.66 > upper 748.56,flatten
2026-07-23,-1,3,2026-07-23 10:30:00-05:00,735.865,2026-07-23 14:52:00-05:00,736.8549999999999,741.86,-29.7,short: close 735.93 < lower 737.37,flatten
2026-07-24,1,11,2026-07-24 10:00:00-05:00,740.635,2026-07-24 13:29:00-05:00,738.955,739.0,-184.8,long: close 740.59 > upper 740.02,stop
2026-07-27,-1,3,2026-07-27 12:30:00-05:00,736.1750000000001,2026-07-27 14:52:00-05:00,738.7199999999999,741.46,-76.35,short: close 736.20 < lower 736.59,flatten
2026-07-28,-1,13,2026-07-28 09:00:00-05:00,736.445,2026-07-28 09:05:00-05:00,737.8249999999999,737.78,-179.4,short: close 736.50 < lower 737.79,stop
2026-07-28,-1,13,2026-07-28 09:30:00-05:00,737.6750000000001,2026-07-28 09:48:00-05:00,739.145,739.1,-191.1,short: close 737.70 < lower 737.71,stop
2026-07-29,-1,10,2026-07-29 09:00:00-05:00,737.385,2026-07-29 13:01:00-05:00,739.185,739.14,-180.0,short: close 737.36 < lower 738.60,stop
2026-07-29,-1,7,2026-07-29 13:30:00-05:00,737.315,2026-07-29 13:41:00-05:00,740.0749999999999,740.03,-193.2,short: close 737.31 < lower 737.66,stop
2026-07-30,1,4,2026-07-30 09:00:00-05:00,738.665,2026-07-30 14:52:00-05:00,741.3100000000001,733.95,105.8,long: close 738.62 > upper 737.50,flatten
2026-08-03,1,6,2026-08-03 09:00:00-05:00,753.645,2026-08-03 14:52:00-05:00,758.215,750.62,274.2,long: close 753.62 > upper 751.16,flatten
2026-08-04,1,5,2026-08-04 09:00:00-05:00,763.415,2026-08-04 14:52:00-05:00,772.255,759.92,442.0,long: close 763.39 > upper 762.64,flatten
2026-08-11,-1,4,2026-08-11 13:30:00-05:00,769.475,2026-08-11 14:52:00-05:00,770.175,773.62,-28.0,short: close 769.50 < lower 769.65,flatten
2026-08-13,1,6,2026-08-13 09:00:00-05:00,777.645,2026-08-13 14:52:00-05:00,777.375,774.45,-16.2,long: close 777.61 > upper 776.89,flatten
2026-08-24,-1,12,2026-08-24 09:00:00-05:00,763.365,2026-08-24 11:01:00-05:00,764.925,764.88,-187.2,short: close 763.39 < lower 763.71,stop
2026-08-26,1,12,2026-08-26 09:00:00-05:00,766.925,2026-08-26 09:24:00-05:00,765.3750000000001,765.4200000000001,-186.0,long: close 766.89 > upper 766.76,stop
2026-08-27,1,7,2026-08-27 10:00:00-05:00,770.4549999999999,2026-08-27 14:52:00-05:00,770.495,767.82,2.8,long: close 770.39 > upper 769.88,flatten
2026-08-28,1,10,2026-08-28 10:00:00-05:00,775.025,2026-08-28 10:40:00-05:00,773.235,773.28,-179.0,long: close 774.96 > upper 773.16,stop
2026-08-28,-1,13,2026-08-28 11:30:00-05:00,769.5550000000001,2026-08-28 14:52:00-05:00,769.3249999999999,770.94,29.9,short: close 769.60 < lower 770.03,flatten
2026-08-31,-1,9,2026-08-31 09:00:00-05:00,766.1450000000001,2026-08-31 14:52:00-05:00,767.435,768.14,-116.1,short: close 766.18 < lower 766.35,flatten
2026-09-02,1,11,2026-09-02 09:30:00-05:00,765.3199999999999,2026-09-02 14:52:00-05:00,765.0350000000001,763.6800000000001,-31.35,long: close 765.27 > upper 763.68,flatten
2026-09-03,1,9,2026-09-03 09:00:00-05:00,769.5749999999999,2026-09-03 09:56:00-05:00,767.475,767.52,-189.0,long: close 769.56 > upper 768.56,stop
2026-09-03,1,6,2026-09-03 10:30:00-05:00,772.985,2026-09-03 14:52:00-05:00,773.1750000000001,770.2,11.4,long: close 772.94 > upper 769.29,flatten
2026-09-04,-1,9,2026-09-04 10:00:00-05:00,769.4250000000001,2026-09-04 14:52:00-05:00,770.37,771.51,-85.05,short: close 769.45 < lower 770.50,flatten
