day,entry_px,exit_px,shares,ret_bp,pnl,qty,reason_out
2016-01-05,171.32,171.66,134.3,19.8,45.65,1,open
2016-01-06,171.43,168.89,134.2,-148.2,-340.78,1,open
2016-01-07,169.0,165.93,136.1,-181.7,-417.81,1,open
2016-01-08,165.02,165.93,139.4,55.1,126.83,1,open
2016-01-12,163.86,165.16,140.4,79.3,182.47,1,open
2016-01-13,165.05,165.51,139.4,27.9,64.1,1,open
2016-01-14,161.41,161.99,142.5,35.9,82.65,1,open
2016-01-15,163.59,159.23,140.6,-266.5,-613.0,1,open
2016-01-20,160.01,157.22,143.7,-174.4,-401.04,1,open
2016-01-21,157.61,157.78,145.9,10.8,24.81,1,open
2016-01-22,158.7,160.88,144.9,137.4,315.94,1,open
2016-01-26,158.8,159.47,144.8,42.2,97.04,1,open
2016-01-27,161.6,160.54,142.3,-65.6,-150.87,1,open
2016-01-28,159.31,160.65,144.4,84.1,193.44,1,open
2016-01-29,160.57,161.58,143.2,62.9,144.67,1,open
2016-02-02,164.33,162.67,140.0,-101.0,-232.34,1,open
2016-02-03,161.46,162.39,142.5,57.6,132.48,1,open
2016-02-04,163.27,162.79,140.9,-29.4,-67.62,1,open
2016-02-05,164.14,163.84,140.1,-18.3,-42.04,1,open
2016-02-09,160.37,158.51,143.4,-116.0,-266.76,1,open
2016-02-10,160.29,160.95,143.5,41.2,94.7,1,open
2016-02-11,159.46,156.77,144.2,-168.7,-388.0,1,open
2016-02-12,156.9,158.13,146.6,78.4,180.31,1,open
2016-02-17,162.27,163.43,141.7,71.5,164.42,1,open
2016-02-18,164.95,165.3,139.4,21.2,48.8,1,open
2016-02-19,164.53,163.15,139.8,-83.9,-192.91,1,open
2016-02-23,165.99,165.58,138.6,-24.7,-56.81,1,open
2016-02-24,164.15,162.57,140.1,-96.3,-221.38,1,open
2016-02-25,164.68,165.0,139.7,19.4,44.69,1,open
2016-02-26,166.86,167.81,137.8,56.9,130.95,1,open
2016-03-01,165.06,165.98,139.3,55.7,128.2,1,open
2016-03-02,168.53,168.01,136.5,-30.9,-70.97,1,open
2016-03-03,168.91,168.7,136.2,-12.4,-28.6,1,open
2016-03-04,169.41,169.5,135.8,5.3,12.22,1,open
2016-03-08,170.64,169.77,134.8,-51.0,-117.26,1,open
2016-03-09,169.71,170.38,135.5,39.5,90.8,1,open
2016-03-10,170.08,170.64,135.2,32.9,75.73,1,open
2016-03-11,170.1,171.44,135.2,78.8,181.19,1,open
2016-03-15,172.44,171.58,133.4,-49.9,-114.71,1,open
2016-03-16,172.68,172.18,133.2,-29.0,-66.6,1,open
2016-03-17,173.49,173.43,132.6,-3.5,-7.95,1,open
2016-03-18,174.97,175.24,131.5,15.4,35.49,1,open
2016-03-22,176.02,175.27,130.7,-42.6,-98.0,1,open
2016-03-23,175.67,175.19,130.9,-27.3,-62.85,1,open
2016-03-24,174.85,173.82,131.5,-58.9,-135.49,1,open
2016-03-28,174.94,175.1,131.5,9.1,21.04,1,open
2016-03-29,175.15,174.46,131.3,-39.4,-90.61,1,open
2016-03-30,176.13,177.09,130.6,54.5,125.36,1,open
2016-03-31,176.96,176.9,130.0,-3.4,-7.8,1,open
2016-04-01,176.66,175.68,130.2,-55.5,-127.59,1,open
2016-04-05,177.18,176.05,129.8,-63.8,-146.69,1,open
2016-04-06,175.85,175.83,130.8,-1.1,-2.62,1,open
2016-04-07,177.05,175.77,129.9,-72.3,-166.28,1,open
2016-04-08,175.34,176.26,131.2,52.5,120.68,1,open
2016-04-12,175.48,175.7,131.1,12.5,28.84,1,open
2016-04-13,177.08,177.97,129.9,50.3,115.6,1,open
2016-04-14,178.93,179.0,128.5,3.9,9.0,1,open
2016-04-15,179.16,178.97,128.4,-10.6,-24.39,1,open
2016-04-19,179.81,180.1,127.9,16.1,37.09,1,open
2016-04-20,180.32,179.97,127.6,-19.4,-44.64,1,open
2016-04-21,180.79,180.61,127.2,-10.0,-22.9,1,open
2016-04-22,179.7,179.58,128.0,-6.7,-15.36,1,open
2016-04-26,179.61,179.81,128.1,11.1,25.61,1,open
2016-04-27,179.7,179.09,128.0,-33.9,-78.07,1,open
2016-04-28,180.28,179.03,127.6,-69.3,-159.47,1,open
2016-04-29,178.22,177.37,129.1,-47.7,-109.7,1,open
2016-05-03,178.73,177.38,128.7,-75.5,-173.73,1,open
2016-05-04,177.31,176.35,129.7,-54.1,-124.53,1,open
2016-05-05,176.36,176.8,130.4,24.9,57.38,1,open
2016-05-06,176.48,175.66,130.3,-46.5,-106.87,1,open
2016-05-10,177.05,177.69,129.9,36.1,83.14,1,open
2016-05-11,179.22,178.67,128.3,-30.7,-70.58,1,open
2016-05-12,177.34,177.78,129.7,24.8,57.07,1,open
2016-05-13,177.43,176.87,129.6,-31.6,-72.59,1,open
2016-05-17,177.27,176.93,129.7,-19.2,-44.11,1,open
2016-05-18,175.58,175.05,131.0,-30.2,-69.43,1,open
2016-05-19,175.63,174.92,131.0,-40.4,-92.98,1,open
2016-05-20,174.74,174.69,131.6,-2.9,-6.58,1,open
2016-05-24,174.82,175.73,131.6,52.1,119.72,1,open
2016-05-25,176.86,177.52,130.0,37.3,85.83,1,open
2016-05-26,178.29,178.46,129.0,9.5,21.93,1,open
2016-05-27,178.11,178.19,129.1,4.5,10.33,1,open
2016-06-01,177.73,176.95,129.4,-43.9,-100.94,1,open
2016-06-02,177.78,177.27,129.4,-28.7,-65.98,1,open
2016-06-03,178.32,177.84,129.0,-26.9,-61.91,1,open
2016-06-07,179.19,179.43,128.4,13.4,30.81,1,open
2016-06-08,179.42,179.64,128.2,12.3,28.2,1,open
2016-06-09,180.07,179.34,127.7,-40.5,-93.24,1,open
2016-06-10,179.88,178.67,127.9,-67.3,-154.71,1,open
2016-06-14,177.44,176.97,129.6,-26.5,-60.92,1,open
2016-06-15,176.85,177.22,130.1,20.9,48.12,1,open
2016-06-16,176.6,175.7,130.2,-51.0,-117.21,1,open
2016-06-17,177.5,177.07,129.6,-24.2,-55.72,1,open
2016-06-21,177.84,178.1,129.3,14.6,33.63,1,open
2016-06-22,178.06,178.2,129.2,7.9,18.08,1,open
2016-06-23,177.58,178.99,129.5,79.4,182.62,1,open
2016-06-24,179.86,174.51,127.9,-297.5,-684.14,1,open
2016-06-28,171.24,172.82,134.3,92.3,212.22,1,open
2016-06-29,173.84,175.13,132.3,74.2,170.67,1,open
2016-06-30,176.68,177.04,130.2,20.4,46.86,1,open
2016-07-01,179.07,178.75,128.4,-17.9,-41.1,1,open
2016-07-06,178.23,177.58,129.0,-36.5,-83.88,1,open
2016-07-07,179.07,179.12,128.4,2.8,6.42,1,open
2016-07-08,178.84,179.98,128.6,63.7,146.61,1,open
2016-07-12,182.15,182.98,126.3,45.6,104.8,1,open
2016-07-13,183.41,183.65,125.4,13.1,30.1,1,open
2016-07-14,183.61,185.03,125.3,77.3,177.88,1,open
2016-07-15,184.95,185.32,124.4,20.0,46.01,1,open
2016-07-19,185.14,184.98,124.2,-8.6,-19.88,1,open
2016-07-20,185.43,185.87,124.0,23.7,54.58,1,open
2016-07-21,185.83,185.51,123.8,-17.2,-39.61,1,open
2016-07-22,185.02,184.97,124.3,-2.7,-6.22,1,open
2016-07-26,184.81,184.58,124.5,-12.4,-28.62,1,open
2016-07-27,184.62,185.11,124.6,26.5,61.04,1,open
2016-07-28,184.62,184.25,124.6,-20.0,-46.09,1,open
2016-07-29,184.42,183.82,124.7,-32.5,-74.83,1,open
2016-08-02,183.91,183.67,125.1,-13.0,-30.01,1,open
2016-08-03,183.01,182.82,125.7,-10.4,-23.88,1,open
2016-08-04,183.39,183.47,125.4,4.4,10.03,1,open
2016-08-05,183.48,184.37,125.4,48.5,111.57,1,open
2016-08-09,185.31,185.35,124.1,2.2,4.96,1,open
2016-08-10,185.35,185.37,124.1,1.1,2.48,1,open
2016-08-11,185.17,185.67,124.2,27.0,62.11,1,open
2016-08-12,186.34,186.11,123.4,-12.3,-28.39,1,open
2016-08-16,186.57,186.14,123.3,-23.0,-53.01,1,open
2016-08-17,185.78,185.7,123.8,-4.3,-9.9,1,open
2016-08-18,186.12,185.94,123.6,-9.7,-22.24,1,open
2016-08-19,186.39,185.27,123.4,-60.1,-138.2,1,open
2016-08-23,185.13,185.67,124.2,29.2,67.09,1,open
2016-08-24,185.32,185.03,124.1,-15.6,-35.99,1,open
2016-08-25,184.68,184.25,124.5,-23.3,-53.55,1,open
2016-08-26,184.36,184.59,124.8,12.5,28.69,1,open
2016-08-30,184.88,184.9,124.4,1.1,2.49,1,open
2016-08-31,184.53,184.22,124.6,-16.8,-38.64,1,open
2016-09-01,183.99,183.7,125.0,-15.8,-36.25,1,open
2016-09-02,184.16,184.91,124.9,40.7,93.67,1,open
2016-09-07,185.38,185.34,124.1,-2.2,-4.96,1,open
2016-09-08,185.33,184.65,124.1,-36.7,-84.39,1,open
2016-09-09,184.84,183.54,124.4,-70.3,-161.76,1,open
2016-09-13,183.29,181.97,125.5,-72.0,-165.64,1,open
2016-09-14,180.81,180.81,127.2,0.0,0.0,1,open
2016-09-15,180.47,180.33,127.4,-7.8,-17.84,1,open
2016-09-16,182.27,181.47,126.2,-43.9,-100.95,1,open
2016-09-20,180.99,181.78,127.1,43.6,100.39,1,open
2016-09-21,181.07,181.63,127.0,30.9,71.13,1,open
2016-09-22,182.7,183.63,125.9,50.9,117.08,1,open
2016-09-23,183.67,183.38,125.2,-15.8,-36.32,1,open
2016-09-27,180.8,180.55,127.2,-13.8,-31.8,1,open
2016-09-28,182.06,182.33,126.3,14.8,34.11,1,open
2016-09-29,183.13,182.79,125.6,-18.6,-42.7,1,open
2016-09-30,181.22,182.1,126.9,48.6,111.69,1,open
2016-10-04,182.34,182.59,126.1,13.7,31.53,1,open
2016-10-05,181.52,182.13,126.7,33.6,77.29,1,open
2016-10-06,182.66,182.31,125.9,-19.2,-44.07,1,open
2016-10-07,182.59,182.77,126.0,9.9,22.67,1,open
2016-10-11,183.17,182.83,125.6,-18.6,-42.69,1,open
2016-10-12,181.22,180.97,126.9,-13.8,-31.73,1,open
2016-10-13,181.34,180.1,126.8,-68.4,-157.27,1,open
2016-10-14,180.89,182.0,127.1,61.4,141.14,1,open
2016-10-18,180.73,182.01,127.3,70.8,162.89,1,open
2016-10-19,181.46,181.82,126.7,19.8,45.63,1,open
2016-10-20,181.98,181.69,126.4,-15.9,-36.65,1,open
2016-10-21,181.59,180.49,126.7,-60.6,-139.31,1,open
2016-10-25,181.97,181.79,126.4,-9.9,-22.75,1,open
2016-10-26,181.53,180.55,126.7,-54.0,-124.17,1,open
2016-10-27,181.78,182.27,126.5,27.0,62.0,1,open
2016-10-28,181.53,181.79,126.7,14.3,32.94,1,open
2016-11-01,181.23,181.46,126.9,12.7,29.19,1,open
2016-11-02,180.14,179.63,127.7,-28.3,-65.12,1,open
2016-11-03,179.42,179.67,128.2,13.9,32.05,1,open
2016-11-04,179.16,179.08,128.4,-4.5,-10.27,1,open
2016-11-08,182.4,182.17,126.1,-12.6,-29.0,1,open
2016-11-09,183.44,181.87,125.4,-85.6,-196.85,1,open
2016-11-10,185.95,186.79,123.7,45.2,103.9,1,open
2016-11-11,188.14,187.92,122.2,-11.7,-26.89,1,open
2016-11-15,188.78,188.73,121.8,-2.6,-6.09,1,open
2016-11-16,189.37,188.77,121.5,-31.7,-72.87,1,open
2016-11-17,189.0,188.92,121.7,-4.2,-9.74,1,open
2016-11-18,189.33,188.87,121.5,-24.3,-55.88,1,open
2016-11-22,189.39,189.88,121.4,25.9,59.51,1,open
2016-11-23,190.06,189.9,121.0,-8.4,-19.36,1,open
2016-11-25,190.63,191.07,120.7,23.1,53.09,1,open
2016-11-29,190.83,190.8,120.5,-1.6,-3.62,1,open
2016-11-30,191.24,191.78,120.3,28.2,64.94,1,open
2016-12-01,191.38,191.81,120.2,22.5,51.68,1,open
2016-12-02,191.95,191.9,119.8,-2.6,-5.99,1,open
2016-12-06,192.21,192.21,119.7,0.0,0.0,1,open
2016-12-07,192.56,192.52,119.4,-2.1,-4.78,1,open
2016-12-08,195.52,195.8,117.6,14.3,32.94,1,open
2016-12-09,196.3,196.41,117.2,5.6,12.89,1,open
2016-12-13,198.13,198.93,116.1,40.4,92.87,1,open
2016-12-14,199.27,198.94,115.4,-16.6,-38.09,1,open
2016-12-15,198.13,198.51,116.1,19.2,44.11,1,open
2016-12-16,198.71,198.67,115.7,-2.0,-4.63,1,open
2016-12-20,198.62,199.08,115.8,23.2,53.27,1,open
2016-12-21,199.48,199.38,115.3,-5.0,-11.53,1,open
2016-12-22,199.2,199.1,115.5,-5.0,-11.55,1,open
2016-12-23,198.97,198.86,115.6,-5.5,-12.72,1,open
2016-12-28,199.24,199.4,115.4,8.0,18.47,1,open
2016-12-29,198.13,198.04,116.1,-4.5,-10.45,1,open
2016-12-30,197.99,198.22,116.2,11.6,26.72,1,open
2017-01-04,198.53,198.73,115.9,10.1,23.17,1,open
2017-01-05,199.23,198.92,115.4,-15.6,-35.79,1,open
2017-01-06,198.8,198.69,115.7,-5.5,-12.73,1,open
2017-01-10,198.8,198.64,115.7,-8.0,-18.51,1,open
2017-01-11,198.45,198.57,115.9,6.0,13.91,1,open
2017-01-12,199.37,198.84,115.4,-26.6,-61.14,1,open
2017-01-13,198.76,198.87,115.7,5.5,12.73,1,open
2017-01-18,198.15,198.05,116.1,-5.0,-11.61,1,open
2017-01-19,197.99,198.0,116.2,0.5,1.16,1,open
2017-01-20,197.29,197.5,116.6,10.6,24.48,1,open
2017-01-24,197.81,197.76,116.3,-2.5,-5.81,1,open
2017-01-25,198.89,199.99,115.6,55.3,127.21,1,open
2017-01-26,200.47,200.57,114.7,5.0,11.47,1,open
2017-01-27,200.79,200.64,114.5,-7.5,-17.18,1,open
2017-01-31,199.41,198.7,115.3,-35.6,-81.89,1,open
2017-02-01,198.41,199.1,115.9,34.8,79.99,1,open
2017-02-02,198.66,198.14,115.8,-26.2,-60.2,1,open
2017-02-03,198.62,199.55,115.8,46.8,107.69,1,open
2017-02-07,200.32,200.87,114.8,27.5,63.15,1,open
2017-02-08,200.63,200.47,114.6,-8.0,-18.34,1,open
2017-02-09,200.55,200.79,114.7,12.0,27.52,1,open
2017-02-10,201.76,202.26,114.0,24.8,57.0,1,open
2017-02-14,204.2,204.03,112.6,-8.3,-19.15,1,open
2017-02-15,205.21,205.37,112.1,7.8,17.93,1,open
2017-02-16,206.43,206.52,111.4,4.4,10.03,1,open
2017-02-17,206.5,204.99,111.4,-73.1,-168.18,1,open
2017-02-22,207.09,206.7,111.1,-18.8,-43.31,1,open
2017-02-23,207.48,208.03,110.9,26.5,60.97,1,open
2017-02-24,207.86,207.05,110.7,-39.0,-89.63,1,open
2017-02-28,208.27,208.08,110.4,-9.1,-20.98,1,open
2017-03-01,208.02,209.82,110.6,86.5,199.02,1,open
2017-03-02,211.06,211.16,109.0,4.7,10.9,1,open
2017-03-03,209.91,210.03,109.6,5.7,13.15,1,open
2017-03-07,209.49,209.18,109.8,-14.8,-34.04,1,open
2017-03-08,209.2,209.55,109.9,16.7,38.48,1,open
2017-03-09,208.65,208.71,110.2,2.9,6.61,1,open
2017-03-10,208.72,209.66,110.2,45.0,103.58,1,open
2017-03-14,209.0,208.54,110.0,-22.0,-50.62,1,open
2017-03-15,208.54,208.8,110.3,12.5,28.68,1,open
2017-03-16,209.63,210.14,109.7,24.3,55.96,1,open
2017-03-17,209.48,209.5,109.8,1.0,2.2,1,open
2017-03-21,208.83,209.33,110.1,23.9,55.07,1,open
2017-03-22,206.42,205.93,111.4,-23.7,-54.6,1,open
2017-03-23,206.39,206.0,111.4,-18.9,-43.46,1,open
2017-03-24,206.33,206.55,111.5,10.7,24.52,1,open
2017-03-28,205.25,205.05,112.1,-9.7,-22.41,1,open
2017-03-29,206.77,206.5,111.2,-13.1,-30.03,1,open
2017-03-30,206.35,206.27,111.5,-3.9,-8.92,1,open
2017-03-31,207.01,206.69,111.1,-15.5,-35.55,1,open
2017-04-04,206.27,205.99,111.5,-13.6,-31.22,1,open
2017-04-05,206.68,207.56,111.3,42.6,97.93,1,open
2017-04-06,206.26,206.42,111.5,7.8,17.84,1,open
2017-04-07,206.5,206.17,111.4,-16.0,-36.76,1,open
2017-04-11,206.42,206.19,111.4,-11.1,-25.63,1,open
2017-04-12,206.38,206.27,111.4,-5.3,-12.26,1,open
2017-04-13,205.73,205.31,111.8,-20.4,-46.95,1,open
2017-04-17,204.41,204.9,112.5,24.0,55.13,1,open
2017-04-18,206.22,205.33,111.5,-43.2,-99.26,1,open
2017-04-19,205.07,205.23,112.2,7.8,17.95,1,open
2017-04-20,203.91,204.32,112.8,20.1,46.25,1,open
2017-04-21,205.74,205.48,111.8,-12.6,-29.07,1,open
2017-04-25,207.41,208.92,110.9,72.8,167.45,1,open
2017-04-26,209.71,209.78,109.7,3.3,7.68,1,open
2017-04-27,209.53,209.7,109.8,8.1,18.66,1,open
2017-04-28,209.57,209.47,109.7,-4.8,-10.97,1,open
2017-05-02,208.95,209.07,110.1,5.7,13.21,1,open
2017-05-03,209.19,208.84,109.9,-16.7,-38.48,1,open
2017-05-04,209.28,209.62,109.9,16.2,37.37,1,open
2017-05-05,209.24,209.04,109.9,-9.6,-21.98,1,open
2017-05-09,209.96,210.11,109.5,7.1,16.43,1,open
2017-05-10,209.62,209.16,109.7,-21.9,-50.47,1,open
2017-05-11,209.48,209.11,109.8,-17.7,-40.62,1,open
2017-05-12,209.35,208.94,109.9,-19.6,-45.04,1,open
2017-05-16,209.96,210.29,109.5,15.7,36.15,1,open
2017-05-17,209.96,208.09,109.5,-89.1,-204.85,1,open
2017-05-18,206.48,206.0,111.4,-23.2,-53.47,1,open
2017-05-19,207.01,206.72,111.1,-14.0,-32.22,1,open
2017-05-23,208.71,209.07,110.2,17.5,40.19,1,open
2017-05-24,209.15,209.31,110.0,7.7,17.6,1,open
2017-05-25,209.85,210.5,109.6,31.0,71.24,1,open
2017-05-26,210.62,210.51,109.2,-5.2,-12.01,1,open
2017-05-31,210.22,210.38,109.4,7.6,17.51,1,open
2017-06-01,210.0,210.24,109.5,11.4,26.29,1,open
2017-06-02,211.39,211.42,108.8,1.4,3.26,1,open
2017-06-06,211.86,211.3,108.6,-26.4,-60.79,1,open
2017-06-07,211.41,211.66,108.8,11.8,27.2,1,open
2017-06-08,211.76,211.59,108.6,-8.0,-18.46,1,open
2017-06-09,211.89,212.12,108.5,10.9,24.97,1,open
2017-06-13,212.42,212.77,108.3,16.5,37.9,1,open
2017-06-14,213.4,213.75,107.8,16.4,37.72,1,open
2017-06-15,213.84,212.86,107.6,-45.8,-105.41,1,open
2017-06-16,213.74,213.3,107.6,-20.6,-47.35,1,open
2017-06-20,214.98,214.86,107.0,-5.6,-12.84,1,open
2017-06-21,214.43,214.62,107.3,8.9,20.38,1,open
2017-06-22,213.91,214.05,107.5,6.5,15.05,1,open
2017-06-23,213.75,213.41,107.6,-15.9,-36.58,1,open
2017-06-27,213.88,213.68,107.5,-9.4,-21.51,1,open
2017-06-28,212.94,213.55,108.0,28.6,65.89,1,open
2017-06-29,214.27,214.49,107.3,10.3,23.62,1,open
2017-06-30,212.63,213.29,108.2,31.0,71.39,1,open
2017-07-05,214.34,214.71,107.3,17.3,39.7,1,open
2017-07-06,214.63,214.06,107.2,-26.6,-61.08,1,open
2017-07-07,213.14,213.51,107.9,17.4,39.93,1,open
2017-07-11,214.05,213.88,107.5,-7.9,-18.27,1,open
2017-07-12,214.03,214.95,107.5,43.0,98.86,1,open
2017-07-13,215.27,215.27,106.8,0.0,0.0,1,open
2017-07-14,215.49,215.27,106.7,-10.2,-23.48,1,open
2017-07-18,216.23,215.63,106.4,-27.7,-63.82,1,open
2017-07-19,215.74,215.86,106.6,5.6,12.79,1,open
2017-07-20,216.35,216.54,106.3,8.8,20.2,1,open
2017-07-21,216.19,215.16,106.4,-47.6,-109.58,1,open
2017-07-25,215.12,216.32,106.9,55.8,128.3,1,open
2017-07-26,215.91,216.78,106.5,40.3,92.68,1,open
2017-07-27,216.84,217.25,106.1,18.9,43.49,1,open
2017-07-28,217.77,217.5,105.6,-12.4,-28.52,1,open
2017-08-01,218.72,219.71,105.2,45.3,104.11,1,open
2017-08-02,219.38,219.8,104.8,19.1,44.03,1,open
2017-08-03,219.93,219.87,104.6,-2.7,-6.27,1,open
2017-08-04,220.05,220.61,104.5,25.4,58.53,1,open
2017-08-08,220.97,220.77,104.1,-9.1,-20.82,1,open
2017-08-09,220.75,220.3,104.2,-20.4,-46.89,1,open
2017-08-10,220.5,219.78,104.3,-32.7,-75.1,1,open
2017-08-11,218.63,218.66,105.2,1.4,3.16,1,open
2017-08-15,220.02,220.55,104.5,24.1,55.4,1,open
2017-08-16,220.2,220.67,104.5,21.3,49.09,1,open
2017-08-17,220.55,219.97,104.3,-26.3,-60.49,1,open
2017-08-18,217.84,217.0,105.6,-38.6,-88.69,1,open
2017-08-22,216.79,217.38,106.1,27.2,62.6,1,open
2017-08-23,218.76,217.98,105.1,-35.7,-82.01,1,open
2017-08-24,217.95,218.52,105.5,26.2,60.15,1,open
2017-08-25,217.65,218.23,105.7,26.6,61.29,1,open
2017-08-29,217.94,216.66,105.5,-58.8,-135.26,1,open
2017-08-30,218.66,218.72,105.2,2.7,6.31,1,open
2017-08-31,218.98,219.5,105.0,23.7,54.62,1,open
2017-09-01,219.59,220.1,104.7,23.2,53.42,1,open
2017-09-06,217.7,218.51,105.6,37.2,85.58,1,open
2017-09-07,218.28,218.44,105.4,7.3,16.86,1,open
2017-09-08,218.13,217.58,105.4,-25.2,-57.99,1,open
2017-09-12,220.81,221.3,104.2,22.2,51.04,1,open
2017-09-13,221.42,221.32,103.9,-4.5,-10.39,1,open
2017-09-14,221.81,221.62,103.7,-8.6,-19.7,1,open
2017-09-15,222.4,222.1,103.4,-13.5,-31.03,1,open
2017-09-19,223.2,223.34,103.0,6.3,14.43,1,open
2017-09-20,223.59,223.54,102.9,-2.2,-5.14,1,open
2017-09-21,223.96,223.87,102.7,-4.0,-9.24,1,open
2017-09-22,223.48,223.19,102.9,-13.0,-29.85,1,open
2017-09-26,222.82,223.03,103.2,9.4,21.68,1,open
2017-09-27,222.75,223.37,103.3,27.8,64.02,1,open
2017-09-28,223.25,222.94,103.0,-13.9,-31.94,1,open
2017-09-29,223.63,223.36,102.8,-12.1,-27.77,1,open
2017-10-03,225.4,225.71,102.0,13.8,31.63,1,open
2017-10-04,226.26,226.36,101.7,4.4,10.17,1,open
2017-10-05,226.45,226.58,101.6,5.7,13.2,1,open
2017-10-06,227.68,227.31,101.0,-16.3,-37.38,1,open
2017-10-10,227.55,228.18,101.1,27.7,63.68,1,open
2017-10-11,228.3,228.29,100.7,-0.4,-1.01,1,open
2017-10-12,228.66,228.46,100.6,-8.7,-20.12,1,open
2017-10-13,228.37,228.68,100.7,13.6,31.22,1,open
2017-10-17,229.48,229.68,100.2,8.7,20.05,1,open
2017-10-18,229.93,230.97,100.0,45.2,104.03,1,open
2017-10-19,231.54,230.81,99.3,-31.5,-72.51,1,open
2017-10-20,231.69,232.44,99.3,32.4,74.45,1,open
2017-10-24,232.69,234.08,98.8,59.7,137.39,1,open
2017-10-25,234.33,234.42,98.2,3.8,8.83,1,open
2017-10-26,233.19,233.88,98.6,29.6,68.06,1,open
2017-10-27,233.88,233.92,98.3,1.7,3.93,1,open
2017-10-31,233.38,233.61,98.6,9.9,22.67,1,open
2017-11-01,233.63,234.57,98.4,40.2,92.54,1,open
2017-11-02,234.21,234.29,98.2,3.4,7.86,1,open
2017-11-03,235.02,235.33,97.9,13.2,30.34,1,open
2017-11-07,235.4,235.66,97.7,11.0,25.4,1,open
2017-11-08,235.44,235.34,97.7,-4.2,-9.77,1,open
2017-11-09,235.5,234.5,97.7,-42.5,-97.66,1,open
2017-11-10,234.74,234.42,98.0,-13.6,-31.35,1,open
2017-11-14,234.66,233.94,98.0,-30.7,-70.57,1,open
2017-11-15,234.31,233.13,98.2,-50.4,-115.83,1,open
2017-11-16,233.0,234.19,98.7,51.1,117.47,1,open
2017-11-17,234.98,233.74,97.9,-52.8,-121.37,1,open
2017-11-21,234.16,235.14,98.2,41.9,96.26,1,open
2017-11-22,235.75,236.03,97.6,11.9,27.32,1,open
2017-11-24,235.18,235.53,97.8,14.9,34.23,1,open
2017-11-28,235.78,236.32,97.5,22.9,52.68,1,open
2017-11-29,238.35,239.11,96.5,31.9,73.34,1,open
2017-11-30,239.46,240.65,96.0,49.7,114.3,1,open
2017-12-01,242.81,243.11,94.7,12.4,28.42,1,open
2017-12-05,243.12,243.75,94.6,25.9,59.6,1,open
2017-12-06,242.02,241.69,95.0,-13.6,-31.36,1,open
2017-12-07,241.67,241.18,95.2,-20.3,-46.63,1,open
2017-12-08,242.39,243.16,94.9,31.8,73.06,1,open
2017-12-12,244.22,244.9,94.2,27.8,64.04,1,open
2017-12-13,245.45,245.66,93.7,8.6,19.68,1,open
2017-12-14,246.31,246.86,93.4,22.3,51.36,1,open
2017-12-15,245.59,246.18,93.7,24.0,55.25,1,open
2017-12-19,247.83,248.28,92.8,18.2,41.76,1,open
2017-12-20,247.39,248.27,93.0,35.6,81.81,1,open
2017-12-21,247.13,247.7,93.1,23.1,53.05,1,open
2017-12-22,247.67,247.55,92.9,-4.8,-11.14,1,open
2017-12-27,247.26,247.12,93.0,-5.7,-13.02,1,open
2017-12-28,247.53,247.88,92.9,14.1,32.52,1,open
2017-12-29,248.15,248.54,92.7,15.7,36.15,1,open
2018-01-03,248.04,248.29,92.7,10.1,23.18,1,open
2018-01-04,249.03,249.88,92.4,34.1,78.5,1,open
2018-01-05,250.61,251.35,91.8,29.5,67.91,1,open
2018-01-09,252.65,253.17,91.0,20.6,47.34,1,open
2018-01-10,253.8,253.14,90.6,-26.0,-59.81,1,open
2018-01-11,253.62,253.97,90.7,13.8,31.74,1,open
2018-01-12,255.66,256.67,90.0,39.5,90.86,1,open
2018-01-17,257.86,259.23,89.2,53.1,122.2,1,open
2018-01-18,261.08,261.21,88.1,5.0,11.45,1,open
2018-01-19,260.19,260.02,88.4,-6.5,-15.03,1,open
2018-01-23,262.0,261.8,87.8,-7.6,-17.56,1,open
2018-01-24,261.97,262.97,87.8,38.2,87.8,1,open
2018-01-25,262.6,263.53,87.6,35.4,81.45,1,open
2018-01-26,263.78,264.29,87.2,19.3,44.47,1,open
2018-01-30,264.2,261.45,87.1,-104.1,-239.4,1,open
2018-01-31,260.64,262.97,88.2,89.4,205.61,1,open
2018-02-01,261.41,259.92,88.0,-57.0,-131.1,1,open
2018-02-02,261.71,259.58,87.9,-81.4,-187.19,1,open
2018-02-06,243.23,238.29,94.6,-203.1,-467.13,1,open
2018-02-07,249.08,248.21,92.3,-34.9,-80.34,1,open
2018-02-08,248.77,248.93,92.5,6.4,14.79,1,open
2018-02-09,238.66,241.38,96.4,114.0,262.13,1,open
2018-02-13,246.22,244.69,93.4,-62.1,-142.92,1,open
2018-02-14,246.65,245.14,93.2,-61.2,-140.81,1,open
2018-02-15,249.19,251.59,92.3,96.3,221.52,1,open
2018-02-16,252.49,251.25,91.1,-49.1,-112.95,1,open
2018-02-21,249.38,249.57,92.2,7.6,17.52,1,open
2018-02-22,247.75,248.61,92.8,34.7,79.84,1,open
2018-02-23,249.45,250.76,92.2,52.5,120.79,1,open
2018-02-27,256.93,257.16,89.5,9.0,20.59,1,open
2018-02-28,253.99,255.14,90.6,45.3,104.14,1,open
2018-03-01,250.25,250.18,91.9,-2.8,-6.43,1,open
2018-03-02,246.0,243.52,93.5,-100.8,-231.87,1,open
2018-03-06,248.88,250.12,92.4,49.8,114.59,1,open
2018-03-07,248.88,245.83,92.4,-122.5,-281.86,1,open
2018-03-08,248.15,249.1,92.7,38.3,88.05,1,open
2018-03-09,249.17,250.91,92.3,69.8,160.61,1,open
2018-03-13,252.02,253.07,91.3,41.7,95.83,1,open
2018-03-14,250.26,251.41,91.9,46.0,105.69,1,open
2018-03-15,247.9,248.81,92.8,36.7,84.43,1,open
2018-03-16,249.05,248.54,92.4,-20.5,-47.1,1,open
2018-03-20,245.94,246.36,93.5,17.1,39.28,1,open
2018-03-21,247.15,247.11,93.1,-1.6,-3.72,1,open
2018-03-22,246.62,244.06,93.3,-103.8,-238.75,1,open
2018-03-23,239.38,240.05,96.1,28.0,64.37,1,open
2018-03-27,241.88,243.02,95.1,47.1,108.4,1,open
2018-03-28,238.4,239.01,96.5,25.6,58.85,1,open
2018-03-29,238.32,239.54,96.5,51.2,117.74,1,open
2018-04-02,241.37,240.3,95.3,-44.3,-101.96,1,open
2018-04-03,236.19,237.32,97.4,47.8,110.04,1,open
2018-04-04,240.13,235.02,95.8,-212.8,-489.44,1,open
2018-04-05,242.5,243.77,94.8,52.4,120.45,1,open
2018-04-06,244.91,242.27,93.9,-107.8,-247.93,1,open
2018-04-10,239.78,243.32,95.9,147.6,339.56,1,open
2018-04-11,244.0,242.1,94.3,-77.9,-179.1,1,open
2018-04-12,241.83,243.63,95.1,74.4,171.19,1,open
2018-04-13,244.78,246.39,94.0,65.8,151.28,1,open
2018-04-17,245.7,248.07,93.6,96.5,221.86,1,open
2018-04-18,247.82,247.85,92.8,1.2,2.78,1,open
2018-04-19,247.4,246.89,93.0,-20.6,-47.41,1,open
2018-04-20,246.61,246.47,93.3,-5.7,-13.06,1,open
2018-04-24,244.35,245.38,94.1,42.2,96.95,1,open
2018-04-25,240.09,240.26,95.8,7.1,16.29,1,open
2018-04-26,240.74,241.4,95.5,27.4,63.06,1,open
2018-04-27,243.14,242.94,94.6,-8.2,-18.92,1,open
2018-05-01,241.57,240.7,95.2,-36.0,-82.83,1,open
2018-05-02,240.81,240.56,95.5,-10.4,-23.88,1,open
2018-05-03,239.13,237.89,96.2,-51.9,-119.27,1,open
2018-05-04,239.19,238.08,96.2,-46.4,-106.74,1,open
2018-05-08,243.43,243.14,94.5,-11.9,-27.4,1,open
2018-05-09,243.48,244.2,94.5,29.6,68.01,1,open
2018-05-10,245.43,245.97,93.7,22.0,50.61,1,open
2018-05-11,247.53,247.67,92.9,5.7,13.01,1,open
2018-05-15,249.3,248.04,92.3,-50.5,-116.25,1,open
2018-05-16,247.31,247.15,93.0,-6.5,-14.88,1,open
2018-05-17,247.99,247.84,92.7,-6.0,-13.91,1,open
2018-05-18,247.67,246.94,92.9,-29.5,-67.79,1,open
2018-05-22,249.94,250.34,92.0,16.0,36.81,1,open
2018-05-23,248.2,246.81,92.7,-56.0,-128.81,1,open
2018-05-24,248.68,248.1,92.5,-23.3,-53.64,1,open
2018-05-25,247.93,247.38,92.8,-22.2,-51.02,1,open
2018-05-30,243.48,245.16,94.5,69.0,158.7,1,open
2018-05-31,246.73,245.97,93.2,-30.8,-70.85,1,open
2018-06-01,244.21,246.07,94.2,76.2,175.18,1,open
2018-06-05,248.22,248.13,92.7,-3.6,-8.34,1,open
2018-06-06,248.17,249.21,92.7,41.9,96.39,1,open
2018-06-07,251.54,252.18,91.4,25.4,58.52,1,open
2018-06-08,252.54,251.93,91.1,-24.2,-55.56,1,open
2018-06-12,253.42,253.71,90.8,11.4,26.32,1,open
2018-06-13,253.34,253.4,90.8,2.4,5.45,1,open
2018-06-14,252.2,253.13,91.2,36.9,84.81,1,open
2018-06-15,252.01,250.24,91.3,-70.2,-161.54,1,open
2018-06-19,249.76,246.54,92.1,-128.9,-296.52,1,open
2018-06-20,246.9,247.93,93.2,41.7,95.95,1,open
2018-06-21,246.51,245.8,93.3,-28.8,-66.24,1,open
2018-06-22,244.53,245.86,94.1,54.4,125.1,1,open
2018-06-26,242.46,242.89,94.9,17.7,40.79,1,open
2018-06-27,242.7,243.24,94.8,22.2,51.17,1,open
2018-06-28,241.13,240.44,95.4,-28.6,-65.82,1,open
2018-06-29,242.08,243.45,95.0,56.6,130.16,1,open
2018-07-03,242.92,244.03,94.7,45.7,105.1,1,open
2018-07-05,241.52,243.1,95.2,65.6,150.94,1,open
2018-07-06,243.57,243.28,94.4,-11.9,-27.38,1,open
2018-07-10,247.86,248.49,92.8,25.4,58.46,1,open
2018-07-11,249.23,247.24,92.3,-79.8,-183.65,1,open
2018-07-12,247.13,249.04,93.1,77.3,177.76,1,open
2018-07-13,249.31,249.21,92.3,-4.0,-9.23,1,open
2018-07-17,250.69,250.52,91.7,-6.8,-15.6,1,open
2018-07-18,251.28,251.36,91.5,3.2,7.32,1,open
2018-07-19,252.06,251.2,91.2,-34.1,-78.47,1,open
2018-07-20,250.84,249.79,91.7,-41.9,-96.28,1,open
2018-07-24,250.29,251.23,91.9,37.6,86.38,1,open
2018-07-25,252.23,251.53,91.2,-27.8,-63.83,1,open
2018-07-26,253.99,254.49,90.6,19.7,45.28,1,open
2018-07-27,255.13,255.08,90.2,-2.0,-4.51,1,open
2018-07-31,252.91,253.66,90.9,29.7,68.21,1,open
2018-08-01,254.0,253.87,90.6,-5.1,-11.77,1,open
2018-08-02,253.14,251.42,90.9,-67.9,-156.28,1,open
2018-08-03,253.13,253.01,90.9,-4.7,-10.9,1,open
2018-08-07,254.88,255.93,90.2,41.2,94.75,1,open
2018-08-08,256.16,255.94,89.8,-8.6,-19.75,1,open
2018-08-09,255.68,255.73,90.0,2.0,4.5,1,open
2018-08-10,255.18,253.65,90.1,-60.0,-137.9,1,open
2018-08-14,252.09,252.73,91.2,25.4,58.39,1,open
2018-08-15,253.21,251.8,90.8,-55.7,-128.08,1,open
2018-08-16,251.89,254.34,91.3,97.3,223.71,1,open
2018-08-17,255.96,255.17,89.9,-30.9,-70.99,1,open
2018-08-21,257.46,257.9,89.3,17.1,39.31,1,open
2018-08-22,258.06,257.87,89.1,-7.4,-16.93,1,open
2018-08-23,257.19,256.77,89.4,-16.3,-37.56,1,open
2018-08-24,256.52,257.17,89.7,25.3,58.28,1,open
2018-08-28,260.51,261.27,88.3,29.2,67.1,1,open
2018-08-29,260.68,260.83,88.2,5.8,13.23,1,open
2018-08-30,261.38,260.71,88.0,-25.6,-58.96,1,open
2018-08-31,260.03,259.61,88.5,-16.2,-37.15,1,open
2018-09-05,259.77,259.19,88.5,-22.3,-51.35,1,open
2018-09-06,259.98,260.11,88.5,5.0,11.5,1,open
2018-09-07,260.33,259.36,88.3,-37.3,-85.7,1,open
2018-09-11,258.97,258.07,88.8,-34.8,-79.93,1,open
2018-09-12,260.05,260.12,88.4,2.7,6.19,1,open
2018-09-13,260.28,261.39,88.4,42.5,97.64,1,open
2018-09-14,261.81,261.98,87.8,6.5,14.93,1,open
2018-09-18,261.01,261.22,88.1,8.0,18.51,1,open
2018-09-19,262.9,263.07,87.5,6.5,14.87,1,open
2018-09-20,264.45,265.97,87.0,57.5,132.2,1,open
2018-09-21,267.01,267.52,86.1,19.1,43.93,1,open
2018-09-25,265.45,266.0,86.6,20.7,47.65,1,open
2018-09-26,264.76,264.78,86.9,0.8,1.74,1,open
2018-09-27,263.77,264.22,87.2,17.1,39.24,1,open
2018-09-28,264.25,263.53,87.0,-27.2,-62.67,1,open
2018-10-02,266.49,266.07,86.3,-15.8,-36.25,1,open
2018-10-03,267.6,268.74,85.9,42.6,97.98,1,open
2018-10-04,268.12,267.66,85.8,-17.2,-39.46,1,open
2018-10-05,266.18,266.31,86.4,4.9,11.23,1,open
2018-10-09,264.86,264.35,86.8,-19.3,-44.29,1,open
2018-10-10,264.26,264.01,87.0,-9.5,-21.76,1,open
2018-10-11,256.15,254.7,89.8,-56.6,-130.19,1,open
2018-10-12,250.44,254.33,91.8,155.1,356.82,1,open
2018-10-16,252.4,254.59,91.1,86.8,199.56,1,open
2018-10-17,257.86,256.89,89.2,-37.6,-86.52,1,open
2018-10-18,257.01,256.08,89.5,-36.2,-83.23,1,open
2018-10-19,253.81,254.2,90.6,15.4,35.34,1,open
2018-10-23,253.08,249.01,90.9,-160.8,-369.88,1,open
2018-10-24,251.81,252.37,91.3,22.2,51.15,1,open
2018-10-25,245.74,247.3,93.6,63.5,146.01,1,open
2018-10-26,249.8,247.35,92.1,-98.1,-225.58,1,open
2018-10-30,244.42,244.41,94.1,-0.4,-0.94,1,open
2018-10-31,248.65,250.91,92.5,90.9,209.05,1,open
2018-11-01,251.08,252.12,91.6,41.4,95.27,1,open
2018-11-02,253.68,255.35,90.7,65.8,151.41,1,open
2018-11-06,254.51,254.5,90.4,-0.4,-0.9,1,open
2018-11-07,256.24,258.34,89.8,82.0,188.5,1,open
2018-11-08,261.68,261.5,87.9,-7.1,-16.22,1,open
2018-11-09,262.14,261.13,87.7,-38.5,-88.62,1,open
2018-11-13,254.26,253.8,90.5,-18.1,-41.61,1,open
2018-11-14,253.19,254.99,90.8,71.1,163.51,1,open
2018-11-15,251.18,250.17,91.6,-40.2,-92.48,1,open
2018-11-16,253.41,251.76,90.8,-65.1,-149.76,1,open
2018-11-20,250.07,246.33,92.0,-149.6,-343.98,1,open
2018-11-21,244.54,245.81,94.1,51.9,119.45,1,open
2018-11-23,244.68,243.22,94.0,-59.7,-137.24,1,open
2018-11-27,246.41,245.15,93.3,-51.1,-117.61,1,open
2018-11-28,247.51,249.09,92.9,63.8,146.82,1,open
2018-11-29,253.78,253.57,90.6,-8.3,-19.03,1,open
2018-11-30,253.62,253.07,90.7,-21.7,-49.88,1,open
2018-12-04,258.64,257.61,88.9,-39.8,-91.59,1,open
2018-12-06,250.87,246.33,91.7,-181.0,-416.23,1,open
2018-12-07,249.84,249.63,92.1,-8.4,-19.33,1,open
2018-12-11,244.7,248.41,94.0,151.8,349.1,1,open
2018-12-12,244.26,247.36,94.2,126.9,291.9,1,open
2018-12-13,245.86,246.39,93.5,21.6,49.58,1,open
2018-12-14,246.39,244.03,93.3,-95.8,-220.3,1,open
2018-12-18,236.61,238.41,97.2,76.1,174.97,1,open
2018-12-19,237.34,237.52,96.9,7.6,17.44,1,open
2018-12-20,233.75,232.56,98.4,-50.9,-117.09,1,open
2018-12-21,229.03,228.98,100.4,-2.2,-5.02,1,open
2018-12-26,217.03,219.16,106.0,98.1,225.73,1,open
2018-12-27,228.72,225.51,100.6,-140.3,-322.8,1,open
2018-12-28,231.38,232.68,99.4,56.2,129.22,1,open
2019-01-02,233.23,229.31,98.6,-168.1,-386.57,1,open
2019-01-03,233.39,231.22,98.5,-93.0,-213.85,1,open
2019-01-04,226.88,229.97,101.4,136.2,313.25,1,open
2019-01-08,235.33,237.91,97.7,109.6,252.16,1,open
2019-01-09,237.89,238.9,96.7,42.5,97.83,1,open
2019-01-10,238.86,237.61,96.3,-52.3,-120.36,1,open
2019-01-11,240.04,238.84,95.8,-50.0,-114.98,1,open
2019-01-15,239.04,238.91,96.2,-5.4,-12.51,1,open
2019-01-16,240.65,241.32,95.6,27.8,64.03,1,open
2019-01-17,242.06,241.1,95.0,-39.7,-91.22,1,open
2019-01-18,243.75,245.62,94.4,76.7,176.45,1,open
2019-01-23,244.12,246.12,94.2,81.9,188.43,1,open
2019-01-24,245.76,245.45,93.6,-12.6,-29.01,1,open
2019-01-25,245.5,247.43,93.7,78.6,180.81,1,open
2019-01-29,245.22,245.32,93.8,4.1,9.38,1,open
2019-01-30,245.75,248.37,93.6,106.6,245.21,1,open
2019-01-31,250.14,248.93,91.9,-48.4,-111.26,1,open
2019-02-01,250.06,250.65,92.0,23.6,54.27,1,open
2019-02-05,252.31,253.32,91.2,40.0,92.07,1,open
2019-02-06,253.98,253.59,90.6,-15.4,-35.32,1,open
2019-02-07,253.9,252.37,90.6,-60.3,-138.6,1,open
2019-02-08,251.94,250.48,91.3,-58.0,-133.29,1,open
2019-02-12,250.84,252.71,91.7,74.5,171.46,1,open
2019-02-13,254.56,255.5,90.4,36.9,84.93,1,open
2019-02-14,255.72,254.51,89.9,-47.3,-108.83,1,open
2019-02-15,255.0,256.14,90.2,44.7,102.82,1,open
2019-02-20,258.84,258.79,88.9,-1.9,-4.44,1,open
2019-02-21,259.52,258.91,88.6,-23.5,-54.06,1,open
2019-02-22,258.47,259.23,89.0,29.4,67.63,1,open
2019-02-26,260.92,259.93,88.1,-37.9,-87.27,1,open
2019-02-27,260.57,259.83,88.3,-28.4,-65.32,1,open
2019-02-28,259.89,259.83,88.5,-2.3,-5.31,1,open
2019-03-01,259.27,261.12,88.7,71.4,164.11,1,open
2019-03-05,258.36,258.19,89.0,-6.6,-15.13,1,open
2019-03-06,258.2,258.24,89.1,1.5,3.56,1,open
2019-03-07,256.91,256.37,89.5,-21.0,-48.34,1,open
2019-03-08,254.84,252.85,90.3,-78.1,-179.6,1,open
2019-03-12,256.72,256.21,89.6,-19.9,-45.69,1,open
2019-03-13,255.89,256.81,89.9,36.0,82.69,1,open
2019-03-14,257.38,257.3,89.4,-3.1,-7.15,1,open
2019-03-15,257.56,257.55,89.3,-0.4,-0.89,1,open
2019-03-19,259.01,260.11,88.8,42.5,97.68,1,open
2019-03-20,258.92,258.44,88.8,-18.5,-42.64,1,open
2019-03-21,257.34,256.35,89.4,-38.5,-88.48,1,open
2019-03-22,259.58,257.89,88.6,-65.1,-149.74,1,open
2019-03-26,255.09,257.02,90.2,75.7,174.02,1,open
2019-03-27,256.47,256.6,89.7,5.1,11.66,1,open
2019-03-28,256.14,256.89,89.8,29.3,67.35,1,open
2019-03-29,257.06,258.55,89.5,58.0,133.32,1,open
2019-04-02,262.42,261.97,87.6,-17.1,-39.44,1,open
2019-04-03,261.67,262.55,87.9,33.6,77.35,1,open
2019-04-04,262.02,262.19,87.8,6.5,14.92,1,open
2019-04-05,263.82,264.56,87.2,28.0,64.51,1,open
2019-04-09,263.35,262.09,87.3,-47.8,-110.04,1,open
2019-04-10,261.63,261.87,87.9,9.2,21.1,1,open
2019-04-11,261.62,262.0,87.9,14.5,33.41,1,open
2019-04-12,261.44,263.84,88.0,91.9,211.48,1,open
2019-04-16,263.83,265.25,87.2,53.8,123.79,1,open
2019-04-17,264.56,265.09,86.9,20.0,46.08,1,open
2019-04-18,264.55,264.95,86.9,15.1,34.78,1,open
2019-04-22,265.58,264.55,86.6,-38.8,-89.2,1,open
2019-04-23,265.09,265.44,86.8,13.2,30.37,1,open
2019-04-24,266.47,266.35,86.3,-4.5,-10.36,1,open
2019-04-25,265.96,264.03,86.5,-72.6,-166.9,1,open
2019-04-26,264.57,264.37,86.9,-7.6,-17.39,1,open
2019-04-30,265.45,265.98,86.6,20.0,45.92,1,open
2019-05-01,265.75,266.44,86.5,26.0,59.72,1,open
2019-05-02,264.21,263.73,87.1,-18.2,-41.78,1,open
2019-05-03,262.98,264.29,87.5,49.8,114.57,1,open
2019-05-07,264.34,261.95,87.0,-90.4,-207.95,1,open
2019-05-08,259.62,259.38,88.6,-9.2,-21.26,1,open
2019-05-09,259.69,257.71,88.6,-76.2,-175.36,1,open
2019-05-10,258.5,257.54,89.0,-37.1,-85.42,1,open
2019-05-14,253.63,254.37,90.7,29.2,67.11,1,open
2019-05-15,255.75,254.14,89.9,-63.0,-144.79,1,open
2019-05-16,256.95,257.91,89.5,37.4,85.93,1,open
2019-05-17,259.19,256.33,88.7,-110.3,-253.79,1,open
2019-05-21,256.67,258.14,89.6,57.3,131.73,1,open
2019-05-22,258.71,257.88,88.9,-32.1,-73.79,1,open
2019-05-23,257.68,255.3,89.3,-92.4,-212.43,1,open
2019-05-24,254.94,256.18,90.2,48.6,111.87,1,open
2019-05-29,253.51,252.05,90.7,-57.6,-132.46,1,open
2019-05-30,251.36,251.74,91.5,15.1,34.77,1,open
2019-05-31,251.89,249.36,91.3,-100.4,-231.01,1,open
2019-06-04,248.44,250.7,92.6,91.0,209.23,1,open
2019-06-05,253.59,255.19,90.7,63.1,145.12,1,open
2019-06-06,255.76,256.09,89.9,12.9,29.68,1,open
2019-06-07,257.68,258.43,89.3,29.1,66.94,1,open
2019-06-11,261.0,262.63,88.1,62.5,143.64,1,open
2019-06-12,260.92,260.77,88.1,-5.9,-13.49,1,open
2019-06-13,260.48,261.31,88.3,31.9,73.29,1,open
2019-06-14,261.6,261.21,87.9,-14.9,-34.29,1,open
2019-06-18,261.68,263.2,87.9,58.1,133.6,1,open
2019-06-19,265.24,265.37,86.7,4.9,11.27,1,open
2019-06-20,265.56,268.02,86.6,92.6,213.06,1,open
2019-06-21,268.05,267.25,85.8,-29.8,-68.64,1,open
2019-06-25,267.21,267.36,86.1,5.6,12.91,1,open
2019-06-26,265.38,266.09,86.7,26.8,61.53,1,open
2019-06-27,265.3,265.42,86.7,4.5,10.4,1,open
2019-06-28,265.1,265.91,86.8,30.6,70.28,1,open
2019-07-02,267.09,266.82,86.1,-10.1,-23.25,1,open
2019-07-03,267.75,268.31,85.9,20.9,48.1,1,open
2019-07-05,269.42,268.64,85.4,-29.0,-66.66,1,open
2019-07-09,268.13,266.69,85.8,-53.7,-123.52,1,open
2019-07-10,267.92,268.81,85.8,33.2,76.4,1,open
2019-07-11,268.68,269.63,85.6,35.4,81.32,1,open
2019-07-12,270.94,271.65,84.9,26.2,60.27,1,open
2019-07-16,273.63,273.58,84.1,-1.8,-4.2,1,open
2019-07-17,273.41,273.31,84.1,-3.7,-8.41,1,open
2019-07-18,272.21,271.63,84.5,-21.3,-49.01,1,open
2019-07-19,272.3,273.15,84.5,31.2,71.8,1,open
2019-07-23,271.7,272.76,84.7,39.0,89.73,1,open
2019-07-24,273.43,272.22,84.1,-44.4,-102.2,1,open
2019-07-25,272.64,272.45,84.4,-7.0,-16.03,1,open
2019-07-26,271.46,271.62,84.7,6.1,13.98,1,open
2019-07-30,272.12,271.06,84.5,-39.0,-89.59,1,open
2019-07-31,271.94,272.28,84.6,12.5,28.76,1,open
2019-08-01,268.52,268.79,85.7,10.1,23.13,1,open
2019-08-02,265.82,265.2,86.5,-23.3,-53.65,1,open
2019-08-06,257.17,258.52,89.4,52.5,120.74,1,open
2019-08-07,260.32,257.11,88.4,-123.3,-283.61,1,open
2019-08-08,260.09,261.36,88.4,48.8,112.31,1,open
2019-08-09,264.11,263.41,87.1,-26.5,-60.96,1,open
2019-08-13,259.11,259.04,88.8,-2.9,-6.64,1,open
2019-08-14,263.19,259.06,87.4,-156.9,-360.92,1,open
2019-08-15,255.21,256.21,90.1,39.2,90.12,1,open
2019-08-16,256.39,257.31,89.7,35.9,82.53,1,open
2019-08-20,261.35,260.98,88.0,-14.2,-32.56,1,open
2019-08-21,259.64,261.8,88.6,83.2,191.34,1,open
2019-08-22,262.05,262.68,87.8,24.0,55.29,1,open
2019-08-23,262.56,261.19,87.6,-52.2,-120.01,1,open
2019-08-27,259.11,260.48,88.8,52.9,121.61,1,open
2019-08-28,257.78,256.99,89.2,-30.6,-70.49,1,open
2019-08-29,260.43,262.91,88.3,95.2,219.02,1,open
2019-08-30,263.79,265.24,87.2,55.0,126.43,1,open
2019-09-04,261.49,263.53,88.0,78.0,179.43,1,open
2019-09-05,263.92,266.7,87.1,105.3,242.27,1,open
2019-09-06,267.68,268.03,85.9,13.1,30.07,1,open
2019-09-10,268.82,268.43,85.6,-14.5,-33.37,1,open
2019-09-11,269.43,269.69,85.4,9.7,22.2,1,open
2019-09-12,271.69,272.59,84.7,33.1,76.19,1,open
2019-09-13,272.26,272.96,84.5,25.7,59.13,1,open
2019-09-17,271.23,270.56,84.8,-24.7,-56.82,1,open
2019-09-18,271.58,271.21,84.7,-13.6,-31.34,1,open
2019-09-19,272.0,272.38,84.6,14.0,32.13,1,open
2019-09-20,271.39,271.36,84.7,-1.1,-2.54,1,open
2019-09-24,269.4,270.39,85.4,36.7,84.52,1,open
2019-09-25,268.03,268.37,85.8,12.7,29.18,1,open
2019-09-26,269.63,269.98,85.3,13.0,29.86,1,open
2019-09-27,268.9,269.55,85.5,24.2,55.6,1,open
2019-10-01,269.08,269.73,85.5,24.2,55.56,1,open
2019-10-02,265.59,264.03,86.6,-58.7,-135.1,1,open
2019-10-03,260.76,260.31,88.2,-17.3,-39.69,1,open
2019-10-04,262.04,262.85,87.8,30.9,71.1,1,open
2019-10-08,264.77,262.58,86.9,-82.7,-190.24,1,open
2019-10-09,261.61,263.41,87.9,68.9,158.58,1,open
2019-10-10,263.47,263.2,87.3,-10.2,-23.57,1,open
2019-10-11,265.08,267.74,86.8,100.3,230.8,1,open
2019-10-15,267.88,269.09,85.9,45.3,104.19,1,open
2019-10-16,270.26,269.76,85.1,-18.5,-42.55,1,open
2019-10-17,270.1,270.64,85.2,20.0,45.98,1,open
2019-10-18,270.39,269.51,85.1,-32.5,-74.85,1,open
2019-10-22,268.24,268.37,85.7,4.8,11.15,1,open
2019-10-23,267.85,268.09,85.9,9.0,20.61,1,open
2019-10-24,268.27,268.99,85.7,26.8,61.73,1,open
2019-10-25,268.01,267.69,85.8,-11.9,-27.46,1,open
2019-10-29,270.84,270.44,84.9,-14.8,-33.97,1,open
2019-10-30,270.9,270.84,84.9,-2.2,-5.09,1,open
2019-10-31,271.82,271.54,84.6,-10.3,-23.69,1,open
2019-11-01,270.44,271.83,85.0,51.4,118.21,1,open
2019-11-05,274.56,275.05,83.8,17.8,41.05,1,open
2019-11-06,274.85,274.99,83.7,5.1,11.72,1,open
2019-11-07,274.82,276.53,83.7,62.1,142.84,1,open
2019-11-08,277.07,277.11,83.0,1.4,3.32,1,open
2019-11-12,277.2,277.4,83.0,7.2,16.59,1,open
2019-11-13,277.27,276.31,83.0,-34.6,-79.63,1,open
2019-11-14,278.09,277.85,82.7,-8.6,-19.85,1,open
2019-11-15,278.26,278.83,82.7,20.5,47.11,1,open
2019-11-19,280.3,280.8,82.1,17.8,41.03,1,open
2019-11-20,279.34,278.61,82.3,-26.1,-60.11,1,open
2019-11-21,278.23,278.3,82.7,2.5,5.79,1,open
2019-11-22,277.76,278.35,82.8,21.2,48.86,1,open
2019-11-26,280.83,280.99,81.9,5.7,13.1,1,open
2019-11-27,281.37,281.56,81.7,6.8,15.53,1,open
2019-11-29,281.93,281.27,81.6,-23.4,-53.84,1,open
2019-12-03,278.33,275.4,82.6,-105.3,-242.12,1,open
2019-12-04,275.49,276.99,83.5,54.4,125.23,1,open
2019-12-05,277.06,277.83,83.0,27.8,63.92,1,open
2019-12-06,277.37,279.42,82.9,73.9,169.99,1,open
2019-12-10,279.78,279.59,82.2,-6.8,-15.62,1,open
2019-12-11,279.5,279.1,82.3,-14.3,-32.92,1,open
2019-12-12,279.74,279.49,82.2,-8.9,-20.55,1,open
2019-12-13,281.98,281.9,81.6,-2.8,-6.53,1,open
2019-12-17,283.12,283.16,81.2,1.4,3.25,1,open
2019-12-18,283.41,283.76,81.2,12.3,28.4,1,open
2019-12-19,283.24,283.62,81.2,13.4,30.86,1,open
2019-12-20,284.48,284.73,80.8,8.8,20.21,1,open
2019-12-24,285.38,285.6,80.6,7.7,17.73,1,open
2019-12-26,285.11,285.2,80.7,3.2,7.26,1,open
2019-12-27,286.11,286.78,80.4,23.4,53.86,1,open
2019-12-31,284.57,283.88,80.8,-24.2,-55.77,1,open
2020-01-02,285.15,286.41,80.7,44.2,101.63,1,open
2020-01-03,288.65,285.29,79.7,-116.4,-267.73,1,open
2020-01-07,287.01,286.27,80.1,-25.8,-59.3,1,open
2020-01-08,285.76,285.29,80.5,-16.4,-37.83,1,open
2020-01-09,287.45,288.92,80.0,51.1,117.62,1,open
2020-01-10,289.6,289.93,79.4,11.4,26.21,1,open
2020-01-14,289.06,288.77,79.6,-10.0,-23.07,1,open
2020-01-15,289.31,288.98,79.5,-11.4,-26.23,1,open
2020-01-16,290.35,291.58,79.2,42.4,97.43,1,open
2020-01-17,292.97,293.48,78.5,17.4,40.04,1,open
2020-01-22,291.91,292.45,78.8,18.5,42.55,1,open
2020-01-23,291.85,290.72,78.8,-38.7,-89.05,1,open
2020-01-24,291.58,292.51,78.9,31.9,73.36,1,open
2020-01-28,285.27,286.19,80.6,32.3,74.18,1,open
2020-01-29,287.25,289.0,80.1,60.9,140.12,1,open
2020-01-30,287.34,285.66,80.0,-58.5,-134.47,1,open
2020-01-31,288.57,286.93,79.7,-56.8,-130.71,1,open
2020-02-04,283.98,287.65,81.0,129.2,297.24,1,open
2020-02-05,288.08,290.73,79.8,92.0,211.57,1,open
2020-02-06,292.9,293.99,78.5,37.2,85.59,1,open
2020-02-07,293.79,292.73,78.3,-36.1,-82.98,1,open
2020-02-11,292.97,294.32,78.5,46.1,105.98,1,open
2020-02-12,292.98,294.58,78.5,54.6,125.61,1,open
2020-02-13,295.75,294.35,77.8,-47.3,-108.88,1,open
2020-02-14,294.84,295.01,78.0,5.8,13.26,1,open
2020-02-19,292.99,293.74,78.5,25.6,58.88,1,open
2020-02-20,294.12,293.53,78.2,-20.1,-46.14,1,open
2020-02-21,292.78,290.77,78.6,-68.7,-157.9,1,open
2020-02-25,279.57,280.77,82.3,42.9,98.72,1,open
2020-02-26,270.8,271.96,84.9,42.8,98.52,1,open
2020-02-27,269.61,264.83,85.3,-177.3,-407.77,1,open
2020-02-28,257.46,250.49,89.3,-270.7,-622.66,1,open
2020-03-03,267.21,267.77,86.1,21.0,48.2,1,open
2020-03-04,259.35,265.42,88.7,234.0,538.31,1,open
2020-03-05,271.06,264.24,84.9,-251.6,-578.69,1,open
2020-03-06,261.39,253.44,88.0,-304.1,-699.53,1,open
2020-03-10,238.59,247.27,96.4,363.8,836.75,1,open
2020-03-11,250.43,243.51,91.8,-276.3,-635.55,1,open
2020-03-12,235.83,219.71,97.5,-683.5,-1572.15,1,open
2020-03-13,212.11,224.84,108.4,600.2,1380.37,1,open
2020-03-17,202.46,206.98,113.6,223.3,513.48,1,open
2020-03-18,213.5,198.97,107.7,-680.6,-1565.29,1,open
2020-03-19,200.03,198.34,115.0,-84.5,-194.32,1,open
2020-03-20,201.33,203.26,114.2,95.9,220.48,1,open
2020-03-24,185.9,196.24,123.7,556.2,1279.29,1,open
2020-03-25,206.99,210.54,111.1,171.5,394.46,1,open
2020-03-26,211.86,214.4,108.6,119.9,275.75,1,open
2020-03-27,224.99,217.58,102.2,-329.3,-757.5,1,open
2020-03-31,223.31,221.89,103.0,-63.6,-146.25,1,open
2020-04-01,219.24,210.62,104.9,-393.2,-904.31,1,open
2020-04-02,209.37,208.28,109.9,-52.1,-119.74,1,open
2020-04-03,213.98,212.7,107.5,-59.8,-137.58,1,open
2020-04-07,226.34,235.35,101.6,398.1,915.57,1,open
2020-04-08,226.62,229.11,101.5,109.9,252.71,1,open
2020-04-09,234.32,237.81,98.2,148.9,342.57,1,open
2020-04-13,237.27,236.42,96.9,-35.8,-82.4,1,open
2020-04-14,234.07,238.61,98.3,194.0,446.11,1,open
2020-04-15,239.63,234.45,96.0,-216.2,-497.18,1,open
2020-04-16,235.14,235.67,97.8,22.5,51.84,1,open
2020-04-17,235.33,241.57,97.7,265.2,609.87,1,open
2020-04-21,236.5,231.41,97.3,-215.2,-495.01,1,open
2020-04-22,230.25,234.37,99.9,178.9,411.55,1,open
2020-04-23,234.71,235.48,98.0,32.8,75.45,1,open
2020-04-24,235.18,236.58,97.8,59.5,136.92,1,open
2020-04-28,241.3,244.98,95.3,152.5,350.77,1,open
2020-04-29,241.07,245.45,95.4,181.7,417.89,1,open
2020-04-30,246.36,244.16,93.4,-89.3,-205.39,1,open
2020-05-01,243.34,239.55,94.5,-155.7,-358.22,1,open
2020-05-05,237.57,239.99,96.8,101.9,234.29,1,open
2020-05-06,238.85,240.32,96.3,61.5,141.55,1,open
2020-05-07,236.78,239.21,97.1,102.6,236.04,1,open
2020-05-08,239.04,242.24,96.2,133.9,307.9,1,open
2020-05-12,242.54,243.78,94.8,51.1,117.59,1,open
2020-05-13,238.01,236.95,96.6,-44.5,-102.43,1,open
2020-05-14,232.88,230.05,98.8,-121.5,-279.5,1,open
2020-05-15,236.7,234.13,97.2,-108.6,-249.73,1,open
2020-05-19,245.83,245.44,93.6,-15.9,-36.49,1,open
2020-05-20,242.13,245.37,95.0,133.8,307.77,1,open
2020-05-21,245.8,245.52,93.6,-11.4,-26.2,1,open
2020-05-22,244.99,244.88,93.9,-4.5,-10.33,1,open
2020-05-27,250.31,253.69,91.9,135.0,310.57,1,open
2020-05-28,255.74,257.82,89.9,81.3,187.06,1,open
2020-05-29,254.41,253.24,90.4,-46.0,-105.77,1,open
2020-06-02,255.25,256.52,90.1,49.8,114.44,1,open
2020-06-03,257.93,260.32,89.2,92.7,213.12,1,open
2020-06-04,263.25,262.34,87.4,-34.6,-79.51,1,open
2020-06-05,263.37,270.37,87.3,265.8,611.31,1,open
2020-06-09,276.31,273.25,83.2,-110.7,-254.71,1,open
2020-06-10,273.45,273.17,84.1,-10.2,-23.55,1,open
2020-06-11,270.54,262.12,85.0,-311.2,-715.83,1,open
2020-06-12,252.08,258.96,91.2,272.9,627.74,1,open
2020-06-16,258.42,267.01,89.0,332.4,764.53,1,open
2020-06-17,263.78,264.58,87.2,30.3,69.76,1,open
2020-06-18,261.9,260.01,87.8,-72.2,-165.98,1,open
2020-06-19,261.44,264.18,88.0,104.8,241.05,1,open
2020-06-23,260.27,262.8,88.4,97.2,223.58,1,open
2020-06-24,261.55,259.19,87.9,-90.2,-207.53,1,open
2020-06-25,254.67,253.32,90.3,-53.0,-121.92,1,open
2020-06-26,257.39,255.62,89.4,-68.8,-158.16,1,open
2020-06-30,256.05,255.04,89.8,-39.4,-90.72,1,open
2020-07-01,257.8,258.84,89.2,40.3,92.79,1,open
2020-07-02,257.37,261.11,89.4,145.3,334.23,1,open
2020-07-06,258.5,262.13,89.0,140.4,322.98,1,open
2020-07-07,262.97,261.04,87.5,-73.4,-168.8,1,open
2020-07-08,259.14,259.66,88.8,20.1,46.15,1,open
2020-07-09,260.84,260.85,88.2,0.4,0.88,1,open
2020-07-10,257.27,257.17,89.4,-3.9,-8.94,1,open
2020-07-14,261.15,260.6,88.1,-21.1,-48.44,1,open
2020-07-15,266.55,270.4,86.3,144.4,332.21,1,open
2020-07-16,268.91,267.13,85.5,-66.2,-152.24,1,open
2020-07-17,267.52,267.95,86.0,16.1,36.97,1,open
2020-07-21,266.81,268.79,86.2,74.2,170.68,1,open
2020-07-22,268.43,267.79,85.7,-23.8,-54.84,1,open
2020-07-23,270.06,269.61,85.2,-16.7,-38.32,1,open
2020-07-24,266.67,265.12,86.2,-58.1,-133.69,1,open
2020-07-28,265.95,264.89,86.5,-39.9,-91.67,1,open
2020-07-29,264.0,264.16,87.1,6.1,13.94,1,open
2020-07-30,265.49,262.45,86.6,-114.5,-263.36,1,open
2020-07-31,263.27,263.73,87.4,17.5,40.19,1,open
2020-08-04,266.71,266.26,86.2,-16.9,-38.81,1,open
2020-08-05,268.41,269.99,85.7,58.9,135.39,1,open
2020-08-06,272.07,271.61,84.5,-16.9,-38.89,1,open
2020-08-07,273.98,273.2,83.9,-28.5,-65.49,1,open
2020-08-11,278.23,280.88,82.7,95.2,219.06,1,open
2020-08-12,277.2,279.81,83.0,94.2,216.56,1,open
2020-08-13,280.04,279.09,82.1,-33.9,-78.02,1,open
2020-08-14,279.36,278.23,82.3,-40.4,-93.03,1,open
2020-08-18,278.96,279.07,82.4,3.9,9.07,1,open
2020-08-19,278.29,278.65,82.6,12.9,29.75,1,open
2020-08-20,277.49,276.01,82.9,-53.3,-122.67,1,open
2020-08-21,277.94,277.01,82.8,-33.5,-76.96,1,open
2020-08-25,283.23,284.07,81.2,29.7,68.21,1,open
2020-08-26,282.59,282.57,81.4,-0.7,-1.63,1,open
2020-08-27,283.39,284.41,81.2,36.0,82.78,1,open
2020-08-28,285.07,286.2,80.7,39.6,91.17,1,open
2020-09-01,284.29,283.7,80.9,-20.8,-47.73,1,open
2020-09-02,286.86,288.05,80.2,41.5,95.41,1,open
2020-09-03,291.24,290.94,79.0,-10.3,-23.69,1,open
2020-09-04,283.33,284.88,81.2,54.7,125.83,1,open
2020-09-09,275.53,278.02,83.5,90.4,207.85,1,open
2020-09-10,279.83,281.1,82.2,45.4,104.38,1,open
2020-09-11,275.89,276.92,83.4,37.3,85.87,1,open
2020-09-15,280.5,282.4,82.0,67.7,155.79,1,open
2020-09-16,280.57,281.51,82.0,33.5,77.06,1,open
2020-09-17,281.07,277.73,81.8,-118.8,-273.31,1,open
2020-09-18,279.63,278.99,82.3,-22.9,-52.64,1,open
2020-09-22,271.42,271.65,84.7,8.5,19.49,1,open
2020-09-23,272.83,274.15,84.3,48.4,111.28,1,open
2020-09-24,267.61,266.83,85.9,-29.1,-67.04,1,open
2020-09-25,268.09,266.73,85.8,-50.7,-116.68,1,open
2020-09-29,275.91,275.57,83.4,-12.3,-28.34,1,open
2020-09-30,274.41,274.97,83.8,20.4,46.94,1,open
2020-10-01,277.56,279.31,82.9,63.0,145.01,1,open
2020-10-02,278.15,274.14,82.7,-144.2,-331.58,1,open
2020-10-06,281.43,282.51,81.7,38.4,88.26,1,open
2020-10-07,277.7,280.25,82.8,91.8,211.2,1,open
2020-10-08,282.92,284.49,81.3,55.5,127.63,1,open
2020-10-09,284.32,285.58,80.9,44.3,101.93,1,open
2020-10-13,288.44,287.63,79.7,-28.1,-64.59,1,open
2020-10-14,286.81,287.19,80.2,13.2,30.47,1,open
2020-10-15,285.22,282.0,80.6,-112.9,-259.66,1,open
2020-10-16,285.05,286.21,80.7,40.7,93.6,1,open
2020-10-20,282.12,283.13,81.5,35.8,82.34,1,open
2020-10-21,283.0,282.51,81.3,-17.3,-39.82,1,open
2020-10-22,282.03,282.07,81.6,1.4,3.26,1,open
2020-10-23,283.74,284.42,81.1,24.0,55.12,1,open
2020-10-27,277.03,276.92,83.0,-4.0,-9.13,1,open
2020-10-28,274.74,268.97,83.7,-210.0,-483.04,1,open
2020-10-29,265.47,265.1,86.6,-13.9,-32.06,1,open
2020-10-30,266.55,265.0,86.3,-58.2,-133.75,1,open
2020-11-03,269.22,272.63,85.4,126.7,291.32,1,open
2020-11-04,274.7,275.87,83.7,42.6,97.96,1,open
2020-11-05,278.53,282.26,82.6,133.9,308.01,1,open
2020-11-06,283.88,283.92,81.0,1.4,3.24,1,open
2020-11-10,291.78,293.17,78.8,47.6,109.57,1,open
2020-11-11,294.49,296.04,78.1,52.6,121.06,1,open
2020-11-12,294.19,292.19,78.2,-68.0,-156.36,1,open
2020-11-13,291.1,292.94,79.0,63.2,145.38,1,open
2020-11-17,300.0,297.31,76.7,-89.7,-206.23,1,open
2020-11-18,298.34,299.17,77.1,27.8,63.99,1,open
2020-11-19,294.85,294.03,78.0,-27.8,-63.96,1,open
2020-11-20,295.36,294.21,77.9,-38.9,-89.55,1,open
2020-11-24,295.91,298.91,77.7,101.4,233.18,1,open
2020-11-25,300.44,299.92,76.6,-17.3,-39.81,1,open
2020-11-27,298.71,299.41,77.0,23.4,53.9,1,open
2020-12-01,296.63,299.7,77.5,103.5,238.04,1,open
2020-12-02,298.46,297.07,77.1,-46.6,-107.12,1,open
2020-12-03,299.19,299.35,76.9,5.3,12.3,1,open
2020-12-04,300.04,300.71,76.7,22.3,51.36,1,open
2020-12-08,301.14,299.98,76.4,-38.5,-88.6,1,open
2020-12-09,302.23,303.19,76.1,31.8,73.06,1,open
2020-12-10,300.89,299.92,76.4,-32.2,-74.15,1,open
2020-12-11,300.53,299.4,76.5,-37.6,-86.48,1,open
2020-12-15,299.14,300.92,76.9,59.5,136.87,1,open
2020-12-16,302.61,302.51,76.0,-3.3,-7.6,1,open
2020-12-17,302.17,303.19,76.1,33.6,77.37,1,open
2020-12-18,303.53,303.04,75.8,-16.1,-37.13,1,open
2020-12-22,302.09,301.81,76.1,-9.3,-21.32,1,open
2020-12-23,300.12,301.17,76.6,35.0,80.47,1,open
2020-12-24,301.3,301.63,76.3,11.0,25.19,1,open
2020-12-28,301.96,303.66,76.2,56.3,129.49,1,open
2020-12-29,304.03,305.4,75.7,45.1,103.64,1,open
2020-12-30,303.44,304.08,75.8,21.1,48.51,1,open
2020-12-31,304.14,303.97,75.6,-5.6,-12.86,1,open
2021-01-04,305.77,306.56,75.2,25.8,59.42,1,open
2021-01-05,302.31,301.9,76.1,-13.6,-31.19,1,open
2021-01-06,303.89,303.71,75.7,-5.9,-13.62,1,open
2021-01-07,308.31,309.69,74.6,44.8,102.95,1,open
2021-01-08,310.49,311.22,74.1,23.5,54.08,1,open
2021-01-12,310.21,310.15,74.1,-1.9,-4.45,1,open
2021-01-13,310.76,310.62,74.0,-4.5,-10.36,1,open
2021-01-14,310.66,311.56,74.0,29.0,66.63,1,open
2021-01-15,310.08,308.01,74.2,-66.8,-153.54,1,open
2021-01-20,309.33,310.39,74.4,34.3,78.82,1,open
2021-01-21,311.8,311.98,73.8,5.8,13.28,1,open
2021-01-22,311.88,309.82,73.7,-66.1,-151.92,1,open
2021-01-26,309.69,310.51,74.3,26.5,60.9,1,open
2021-01-27,309.45,306.53,74.3,-94.4,-217.03,1,open
2021-01-28,303.35,304.95,75.8,52.7,121.31,1,open
2021-01-29,306.14,303.89,75.1,-73.5,-169.04,1,open
2021-02-02,302.06,304.51,76.1,81.1,186.54,1,open
2021-02-03,306.86,306.05,75.0,-26.4,-60.71,1,open
2021-02-04,307.26,307.82,74.9,18.2,41.92,1,open
2021-02-05,310.68,312.33,74.0,53.1,122.16,1,open
2021-02-09,313.85,313.23,73.3,-19.8,-45.44,1,open
2021-02-10,313.94,315.13,73.3,37.9,87.18,1,open
2021-02-11,314.58,315.06,73.1,15.3,35.09,1,open
2021-02-12,314.7,314.25,73.1,-14.3,-32.89,1,open
2021-02-17,315.65,314.66,72.9,-31.4,-72.14,1,open
2021-02-18,316.64,314.72,72.6,-60.6,-139.46,1,open
2021-02-19,315.57,315.58,72.9,0.3,0.73,1,open
2021-02-23,315.27,314.75,73.0,-16.5,-37.94,1,open
2021-02-24,315.4,314.65,72.9,-23.8,-54.69,1,open
2021-02-25,319.51,319.68,72.0,5.5,12.55,1,open
2021-02-26,314.04,314.39,73.2,11.1,25.63,1,open
2021-03-02,315.6,315.69,72.9,2.9,6.56,1,open
2021-03-03,314.22,313.91,73.2,-9.9,-22.69,1,open
2021-03-04,313.0,313.16,73.5,5.1,11.76,1,open
2021-03-05,309.69,312.49,74.3,90.4,207.95,1,open
2021-03-09,318.29,319.39,72.3,34.6,79.49,1,open
2021-03-10,318.63,320.51,72.2,59.0,135.71,1,open
2021-03-11,323.37,324.68,71.1,40.5,93.18,1,open
2021-03-12,325.31,325.64,70.7,10.1,23.33,1,open
2021-03-16,330.06,329.82,69.7,-7.3,-16.72,1,open
2021-03-17,328.87,329.18,69.9,9.4,21.68,1,open
2021-03-18,330.79,330.28,69.5,-15.4,-35.46,1,open
2021-03-19,329.38,328.05,69.8,-40.4,-92.87,1,open
2021-03-23,327.23,326.24,70.3,-30.3,-69.58,1,open
2021-03-24,324.12,325.25,71.0,34.9,80.19,1,open
2021-03-25,324.14,322.63,71.0,-46.6,-107.15,1,open
2021-03-26,326.22,327.56,70.5,41.1,94.48,1,open
2021-03-30,331.68,331.01,69.3,-20.2,-46.46,1,open
2021-03-31,330.81,330.57,69.5,-7.3,-16.69,1,open
2021-04-01,330.18,330.75,69.7,17.3,39.71,1,open
2021-04-05,331.46,333.91,69.4,73.9,170.01,1,open
2021-04-06,335.23,334.66,68.6,-17.0,-39.11,1,open
2021-04-07,334.33,334.11,68.8,-6.6,-15.13,1,open
2021-04-08,334.4,334.27,68.8,-3.9,-8.94,1,open
2021-04-09,335.14,335.67,68.6,15.8,36.37,1,open
2021-04-13,337.56,336.6,68.1,-28.4,-65.41,1,open
2021-04-14,336.82,336.77,68.3,-1.5,-3.41,1,open
2021-04-15,337.53,338.8,68.1,37.6,86.54,1,open
2021-04-16,340.39,341.68,67.6,37.9,87.16,1,open
2021-04-20,340.8,339.37,67.5,-42.0,-96.51,1,open
2021-04-21,338.16,337.6,68.0,-16.6,-38.09,1,open
2021-04-22,341.33,341.09,67.4,-7.0,-16.17,1,open
2021-04-23,338.14,337.72,68.0,-12.4,-28.57,1,open
2021-04-27,339.92,339.57,67.7,-10.3,-23.68,1,open
2021-04-28,339.86,339.2,67.7,-19.4,-44.67,1,open
2021-04-29,338.4,339.8,68.0,41.4,95.15,1,open
2021-04-30,340.68,338.89,67.5,-52.5,-120.85,1,open
2021-05-04,341.14,339.96,67.4,-34.6,-79.56,1,open
2021-05-05,341.51,342.22,67.3,20.8,47.82,1,open
2021-05-06,342.39,342.9,67.2,14.9,34.26,1,open
2021-05-07,345.56,345.19,66.6,-10.7,-24.63,1,open
2021-05-11,347.76,344.96,66.1,-80.5,-185.19,1,open
2021-05-12,342.93,341.52,67.1,-41.1,-94.57,1,open
2021-05-13,336.05,336.27,68.4,6.5,15.06,1,open
2021-05-14,340.42,342.28,67.6,54.6,125.67,1,open
2021-05-18,343.72,343.84,66.9,3.5,8.03,1,open
2021-05-19,341.1,337.57,67.4,-103.5,-238.02,1,open
2021-05-20,339.52,339.71,67.7,5.6,12.87,1,open
2021-05-21,341.49,342.2,67.4,20.8,47.82,1,open
2021-05-25,343.97,344.65,66.9,19.8,45.47,1,open
2021-05-26,343.19,343.53,67.0,9.9,22.79,1,open
2021-05-27,343.28,345.31,67.0,59.1,136.01,1,open
2021-05-28,344.54,346.35,66.8,52.5,120.83,1,open
2021-06-02,345.98,346.72,66.5,21.4,49.19,1,open
2021-06-03,346.35,344.58,66.4,-51.2,-117.68,1,open
2021-06-04,346.05,347.04,66.5,28.6,65.8,1,open
2021-06-08,346.6,346.66,66.4,1.7,3.98,1,open
2021-06-09,346.33,346.51,66.4,5.1,11.79,1,open
2021-06-10,344.85,346.52,66.7,48.4,111.38,1,open
2021-06-11,345.05,345.99,66.7,27.2,62.66,1,open
2021-06-15,344.38,344.41,66.8,0.9,2.0,1,open
2021-06-16,343.47,343.38,67.0,-2.6,-6.03,1,open
2021-06-17,340.78,340.53,67.5,-7.3,-16.88,1,open
2021-06-18,338.68,334.32,67.9,-128.7,-296.09,1,open
2021-06-22,338.78,338.72,67.9,-1.8,-4.07,1,open
2021-06-23,339.5,339.5,67.7,0.0,0.0,1,open
2021-06-24,338.77,340.64,67.9,55.2,126.96,1,open
2021-06-25,342.02,343.61,67.2,46.5,106.92,1,open
2021-06-29,342.85,343.95,67.1,32.1,73.79,1,open
2021-06-30,342.9,342.35,67.1,-16.0,-36.89,1,open
2021-07-01,344.98,345.75,66.7,22.3,51.34,1,open
2021-07-02,346.38,347.01,66.4,18.2,41.83,1,open
2021-07-07,345.84,345.62,66.5,-6.4,-14.63,1,open
2021-07-08,347.0,342.59,66.3,-127.1,-292.31,1,open
2021-07-09,344.44,346.54,66.8,61.0,140.23,1,open
2021-07-13,350.08,349.5,65.7,-16.6,-38.11,1,open
2021-07-14,349.08,350.16,65.9,30.9,71.16,1,open
2021-07-15,349.52,347.87,65.8,-47.2,-108.58,1,open
2021-07-16,349.98,350.69,65.7,20.3,46.66,1,open
2021-07-20,339.85,340.26,67.7,12.1,27.75,1,open
2021-07-21,345.1,346.94,66.6,53.3,122.63,1,open
2021-07-22,348.02,347.74,66.1,-8.0,-18.5,1,open
2021-07-23,348.25,349.97,66.0,49.4,113.59,1,open
2021-07-27,351.45,349.99,65.4,-41.5,-95.55,1,open
2021-07-28,350.69,350.99,65.6,8.6,19.68,1,open
2021-07-29,349.36,350.92,65.8,44.7,102.7,1,open
2021-07-30,350.87,349.85,65.6,-29.1,-66.86,1,open
2021-08-03,348.38,349.06,66.0,19.5,44.89,1,open
2021-08-04,351.15,349.59,65.5,-44.4,-102.18,1,open
2021-08-05,347.96,348.82,66.1,24.7,56.85,1,open
2021-08-06,350.65,351.59,65.6,26.8,61.66,1,open
2021-08-10,351.16,351.38,65.5,6.3,14.41,1,open
2021-08-11,352.77,353.91,65.2,32.3,74.33,1,open
2021-08-12,354.99,355.16,64.8,4.8,11.01,1,open
2021-08-13,355.24,355.82,64.7,16.3,37.55,1,open
2021-08-17,356.61,353.91,64.5,-75.7,-174.14,1,open
2021-08-18,353.84,352.59,65.0,-35.3,-81.25,1,open
2021-08-19,350.17,347.3,65.7,-82.0,-188.51,1,open
2021-08-20,349.48,348.95,65.8,-15.2,-34.88,1,open
2021-08-24,353.49,354.05,65.1,15.8,36.44,1,open
2021-08-25,353.76,353.75,65.0,-0.3,-0.65,1,open
2021-08-26,354.19,354.54,64.9,9.9,22.73,1,open
2021-08-27,352.21,352.62,65.3,11.6,26.77,1,open
2021-08-31,354.15,353.76,64.9,-11.0,-25.33,1,open
2021-09-01,353.92,354.26,65.0,9.6,22.1,1,open
2021-09-02,353.61,354.75,65.0,32.2,74.15,1,open
2021-09-03,354.92,353.59,64.8,-37.5,-86.19,1,open
2021-09-08,351.48,350.79,65.4,-19.6,-45.15,1,open
2021-09-09,350.78,350.54,65.6,-6.8,-15.74,1,open
2021-09-10,349.37,351.22,65.8,53.0,121.79,1,open
2021-09-14,349.33,350.37,65.8,29.8,68.47,1,open
2021-09-15,346.51,346.38,66.4,-3.8,-8.63,1,open
2021-09-16,348.9,348.88,65.9,-0.6,-1.32,1,open
2021-09-17,348.19,346.79,66.1,-40.2,-92.48,1,open
2021-09-21,339.53,341.4,67.7,55.1,126.68,1,open
2021-09-22,339.15,341.13,67.8,58.4,134.28,1,open
2021-09-23,342.53,344.78,67.1,65.7,151.08,1,open
2021-09-24,347.57,346.47,66.2,-31.6,-72.79,1,open
2021-09-28,348.63,347.3,66.0,-38.1,-87.74,1,open
2021-09-29,342.98,343.87,67.1,25.9,59.68,1,open
2021-09-30,343.86,345.05,66.9,34.6,79.6,1,open
2021-10-01,338.31,339.97,68.0,49.1,112.86,1,open
2021-10-05,340.03,341.12,67.6,32.1,73.73,1,open
2021-10-06,343.17,340.45,67.0,-79.3,-182.3,1,open
2021-10-07,344.2,346.84,66.8,76.7,176.41,1,open
2021-10-08,347.66,347.88,66.2,6.3,14.55,1,open
2021-10-12,344.99,345.46,66.7,13.6,31.33,1,open
2021-10-13,343.81,343.92,66.9,3.2,7.35,1,open
2021-10-14,343.95,347.24,66.9,95.7,220.0,1,open
2021-10-15,349.15,351.62,65.9,70.7,162.71,1,open
2021-10-19,352.49,353.64,65.3,32.6,75.04,1,open
2021-10-20,354.54,354.48,64.9,-1.7,-3.89,1,open
2021-10-21,356.08,355.36,64.6,-20.2,-46.51,1,open
2021-10-22,355.99,355.97,64.6,-0.6,-1.29,1,open
2021-10-26,357.58,358.53,64.3,26.6,61.11,1,open
2021-10-27,357.54,358.05,64.3,14.3,32.81,1,open
2021-10-28,355.01,355.71,64.8,19.7,45.35,1,open
2021-10-29,357.32,356.62,64.4,-19.6,-45.06,1,open
2021-11-02,359.15,359.38,64.0,6.4,14.73,1,open
2021-11-03,360.6,359.88,63.8,-20.0,-45.92,1,open
2021-11-04,361.59,361.31,63.6,-7.7,-17.82,1,open
2021-11-05,361.39,362.93,63.6,42.6,98.01,1,open
2021-11-09,364.37,364.12,63.1,-6.9,-15.78,1,open
2021-11-10,363.34,362.49,63.3,-23.4,-53.81,1,open
2021-11-11,361.09,361.16,63.7,1.9,4.46,1,open
2021-11-12,359.5,360.66,64.0,32.3,74.21,1,open
2021-11-16,361.28,361.79,63.7,14.1,32.47,1,open
2021-11-17,361.92,361.41,63.5,-14.1,-32.41,1,open
2021-11-18,359.88,359.96,63.9,2.2,5.11,1,open
2021-11-19,359.4,357.8,64.0,-44.5,-102.39,1,open
2021-11-23,356.22,356.2,64.6,-0.6,-1.29,1,open
2021-11-24,358.08,356.03,64.2,-57.2,-131.67,1,open
2021-11-26,358.04,350.29,64.2,-216.5,-497.85,1,open
2021-11-30,351.32,348.67,65.5,-75.4,-173.49,1,open
2021-12-01,344.84,347.95,66.7,90.2,207.43,1,open
2021-12-02,340.47,341.78,67.6,38.5,88.5,1,open
2021-12-03,346.93,347.78,66.3,24.5,56.35,1,open
2021-12-07,352.85,355.9,65.2,86.4,198.81,1,open
2021-12-08,357.77,358.14,64.3,10.3,23.79,1,open
2021-12-09,358.02,356.72,64.2,-36.3,-83.51,1,open
2021-12-10,358.13,359.55,64.2,39.7,91.2,1,open
2021-12-14,357.1,355.73,64.4,-38.4,-88.24,1,open
2021-12-15,356.2,355.87,64.6,-9.3,-21.31,1,open
2021-12-16,359.86,361.24,63.9,38.3,88.2,1,open
2021-12-17,359.46,356.32,64.0,-87.4,-200.91,1,open
2021-12-21,349.27,352.15,65.9,82.5,189.65,1,open
2021-12-22,354.88,354.88,64.8,0.0,0.0,1,open
2021-12-23,357.44,358.36,64.3,25.7,59.2,1,open
2021-12-27,359.39,360.03,64.0,17.8,40.96,1,open
2021-12-28,362.99,363.08,63.4,2.5,5.7,1,open
2021-12-29,363.99,363.87,63.2,-3.3,-7.58,1,open
2021-12-30,364.88,365.68,63.0,21.9,50.43,1,open
2021-12-31,364.01,363.48,63.2,-14.6,-33.49,1,open
2022-01-04,365.76,367.26,62.9,41.0,94.32,1,open
2022-01-05,367.93,367.68,62.5,-6.8,-15.63,1,open
2022-01-06,364.13,364.08,63.2,-1.4,-3.16,1,open
2022-01-07,362.4,361.86,63.5,-14.9,-34.27,1,open
2022-01-11,360.8,360.66,63.7,-3.9,-8.92,1,open
2022-01-12,362.61,363.7,63.4,30.1,69.14,1,open
2022-01-13,362.99,364.18,63.4,32.8,75.4,1,open
2022-01-14,361.22,358.18,63.7,-84.2,-193.57,1,open
2022-01-19,353.93,354.88,65.0,26.8,61.74,1,open
2022-01-20,350.41,351.45,65.6,29.7,68.26,1,open
2022-01-21,347.31,347.04,66.2,-7.8,-17.88,1,open
2022-01-25,343.74,340.23,66.9,-102.1,-234.86,1,open
2022-01-26,343.0,346.01,67.1,87.8,201.84,1,open
2022-01-27,341.52,344.37,67.3,83.5,191.94,1,open
2022-01-28,341.53,341.83,67.3,8.8,20.2,1,open
2022-02-01,351.0,351.63,65.5,17.9,41.28,1,open
2022-02-02,353.77,353.57,65.0,-5.7,-13.0,1,open
2022-02-03,356.04,354.79,64.6,-35.1,-80.75,1,open
2022-02-04,351.02,350.36,65.5,-18.8,-43.25,1,open
2022-02-08,350.88,351.58,65.5,19.9,45.88,1,open
2022-02-09,354.55,357.32,64.9,78.1,179.69,1,open
2022-02-10,357.69,354.75,64.3,-82.2,-189.05,1,open
2022-02-11,352.51,352.43,65.2,-2.3,-5.22,1,open
2022-02-15,345.84,348.88,66.5,87.9,202.17,1,open
2022-02-16,350.17,348.73,65.7,-41.1,-94.58,1,open
2022-02-17,349.76,347.4,65.8,-67.5,-155.19,1,open
2022-02-18,343.5,342.87,67.0,-18.3,-42.18,1,open
2022-02-23,335.93,338.15,68.5,66.1,152.0,1,open
2022-02-24,331.47,322.89,69.4,-258.8,-595.35,1,open
2022-02-25,332.36,333.65,69.2,38.8,89.27,1,open
2022-03-01,339.16,337.25,67.8,-56.3,-129.53,1,open
2022-03-02,333.26,335.24,69.0,59.4,136.65,1,open
2022-03-03,339.1,340.65,67.8,45.7,105.13,1,open
2022-03-04,338.18,334.58,68.0,-106.5,-244.84,1,open
2022-03-08,328.46,328.53,70.0,2.1,4.9,1,open
2022-03-09,326.53,333.08,70.4,200.6,461.37,1,open
2022-03-10,333.37,329.29,69.0,-122.4,-281.49,1,open
2022-03-11,332.23,334.07,69.2,55.4,127.38,1,open
2022-03-15,330.14,331.97,69.7,55.4,127.49,1,open
2022-03-16,336.23,339.13,68.4,86.3,198.38,1,open
2022-03-17,341.41,339.79,67.4,-47.5,-109.14,1,open
2022-03-18,345.55,343.6,66.6,-56.4,-129.79,1,open
2022-03-22,345.47,347.09,66.6,46.9,107.85,1,open
2022-03-23,348.15,346.06,66.1,-60.0,-138.07,1,open
2022-03-24,343.42,344.46,67.0,30.3,69.65,1,open
2022-03-25,347.03,347.77,66.3,21.3,49.04,1,open
2022-03-29,349.5,352.63,65.8,89.6,205.97,1,open
2022-03-30,352.96,352.11,65.2,-24.1,-55.39,1,open
2022-03-31,352.16,351.04,65.3,-31.8,-73.15,1,open
2022-04-01,346.8,348.12,66.3,38.1,87.54,1,open
2022-04-05,349.23,347.79,65.9,-41.2,-94.84,1,open
2022-04-06,346.42,343.58,66.4,-82.0,-188.56,1,open
2022-04-07,344.88,343.74,66.7,-33.1,-76.03,1,open
2022-04-08,345.97,345.69,66.5,-8.1,-18.61,1,open
2022-04-12,343.22,344.38,67.0,33.8,77.73,1,open
2022-04-13,342.24,341.66,67.2,-16.9,-38.98,1,open
2022-04-14,345.89,346.68,66.5,22.8,52.53,1,open
2022-04-18,344.39,343.8,66.8,-17.1,-39.4,1,open
2022-04-19,344.15,344.26,66.8,3.2,7.35,1,open
2022-04-20,349.17,351.03,65.9,53.3,122.52,1,open
2022-04-21,351.62,353.93,65.4,65.7,151.1,1,open
2022-04-22,347.79,346.31,66.1,-42.6,-97.88,1,open
2022-04-26,340.65,338.0,67.5,-77.8,-178.92,1,open
2022-04-27,332.3,333.84,69.2,46.3,106.59,1,open
2022-04-28,333.12,335.22,69.0,63.0,144.99,1,open
2022-04-29,339.4,337.72,67.8,-49.5,-113.85,1,open
2022-05-03,330.81,331.15,69.5,10.3,23.64,1,open
2022-05-04,331.35,331.77,69.4,12.7,29.15,1,open
2022-05-05,340.66,337.8,67.5,-84.0,-193.1,1,open
2022-05-06,330.3,327.71,69.6,-78.4,-180.35,1,open
2022-05-10,322.63,326.5,71.3,120.0,275.89,1,open
2022-05-11,321.81,321.71,71.5,-3.1,-7.15,1,open
2022-05-12,318.58,316.59,72.2,-62.5,-143.67,1,open
2022-05-13,317.7,320.08,72.4,74.9,172.3,1,open
2022-05-17,322.87,326.8,71.2,121.7,279.96,1,open
2022-05-18,327.08,324.18,70.3,-88.7,-203.93,1,open
2022-05-19,315.65,312.08,72.9,-113.1,-260.13,1,open
2022-05-20,313.22,314.76,73.4,49.2,113.08,1,open
2022-05-24,318.84,316.54,72.1,-72.1,-165.91,1,open
2022-05-25,319.47,317.83,72.0,-51.3,-118.07,1,open
2022-05-26,321.36,322.92,71.6,48.5,111.65,1,open
2022-05-27,326.46,327.02,70.5,17.2,39.45,1,open
2022-06-01,330.28,332.4,69.6,64.2,147.63,1,open
2022-06-02,328.39,328.52,70.0,4.0,9.11,1,open
2022-06-03,332.81,329.84,69.1,-89.2,-205.25,1,open
2022-06-07,329.5,326.79,69.8,-82.2,-189.17,1,open
2022-06-08,332.19,330.53,69.2,-50.0,-114.93,1,open
2022-06-09,329.43,328.08,69.8,-41.0,-94.25,1,open
2022-06-10,323.06,318.28,71.2,-148.0,-340.31,1,open
2022-06-14,305.74,306.58,75.2,27.5,63.19,1,open
2022-06-15,304.38,306.4,75.6,66.4,152.64,1,open
2022-06-16,307.33,301.34,74.8,-194.9,-448.28,1,open
2022-06-17,300.05,298.24,76.7,-60.3,-138.74,1,open
2022-06-22,305.33,301.52,75.3,-124.8,-287.0,1,open
2022-06-23,304.55,305.64,75.5,35.8,82.32,1,open
2022-06-24,306.72,309.17,75.0,79.9,183.72,1,open
2022-06-28,314.39,315.97,73.2,50.3,115.59,1,open
2022-06-29,309.41,310.37,74.3,31.0,71.36,1,open
2022-06-30,310.08,306.72,74.2,-108.4,-249.23,1,open
2022-07-01,307.92,307.32,74.7,-19.5,-44.82,1,open
2022-07-06,309.78,310.0,74.2,7.1,16.33,1,open
2022-07-07,310.47,312.51,74.1,65.7,151.13,1,open
2022-07-08,313.92,313.47,73.3,-14.3,-32.97,1,open
2022-07-12,311.78,310.53,73.8,-40.1,-92.21,1,open
2022-07-13,310.03,306.16,74.2,-124.8,-287.1,1,open
2022-07-14,307.73,302.63,74.7,-165.7,-381.18,1,open
2022-07-15,306.41,310.78,75.1,142.6,328.02,1,open
2022-07-19,310.68,313.04,74.0,76.0,174.71,1,open
2022-07-20,318.19,318.21,72.3,0.6,1.45,1,open
2022-07-21,318.79,317.6,72.1,-37.3,-85.86,1,open
2022-07-22,320.48,321.73,71.8,39.0,89.71,1,open
2022-07-26,319.96,318.86,71.9,-34.4,-79.07,1,open
2022-07-27,317.58,318.85,72.4,40.0,91.98,1,open
2022-07-28,322.03,322.42,71.4,12.1,27.85,1,open
2022-07-29,325.24,325.49,70.7,7.7,17.69,1,open
2022-08-02,328.04,326.94,70.1,-33.5,-77.12,1,open
2022-08-03,324.1,325.72,71.0,50.0,114.96,1,open
2022-08-04,328.17,327.66,70.1,-15.5,-35.74,1,open
2022-08-05,327.4,325.05,70.3,-71.8,-165.09,1,open
2022-08-09,328.44,328.25,70.0,-5.8,-13.31,1,open
2022-08-10,327.95,332.57,70.1,140.9,324.01,1,open
2022-08-11,333.24,335.79,69.0,76.5,176.0,1,open
2022-08-12,333.79,334.77,68.9,29.4,67.53,1,open
2022-08-16,339.44,338.79,67.8,-19.1,-44.04,1,open
2022-08-17,341.8,339.64,67.3,-63.2,-145.35,1,open
2022-08-18,340.25,340.17,67.6,-2.4,-5.41,1,open
2022-08-19,340.67,338.32,67.5,-69.0,-158.66,1,open
2022-08-23,330.82,330.28,69.5,-16.3,-37.54,1,open
2022-08-24,329.17,328.9,69.9,-8.2,-18.87,1,open
2022-08-25,329.9,330.06,69.7,4.8,11.15,1,open
2022-08-26,333.15,333.46,69.0,9.3,21.4,1,open
2022-08-30,321.11,322.06,71.6,29.6,68.05,1,open
2022-08-31,318.11,318.43,72.3,10.1,23.14,1,open
2022-09-01,315.66,314.26,72.9,-44.4,-102.01,1,open
2022-09-02,317.1,319.74,72.5,83.3,191.48,1,open
2022-09-07,312.24,311.62,73.7,-19.9,-45.67,1,open
2022-09-08,316.4,314.66,72.7,-55.0,-126.49,1,open
2022-09-09,318.28,320.05,72.3,55.6,127.91,1,open
2022-09-13,324.59,318.77,70.9,-179.3,-412.4,1,open
2022-09-14,311.72,312.31,73.8,18.9,43.53,1,open
2022-09-15,312.07,311.49,73.7,-18.6,-42.75,1,open
2022-09-16,310.4,305.93,74.1,-144.0,-331.22,1,open
2022-09-20,310.18,307.61,74.2,-82.9,-190.57,1,open
2022-09-21,307.07,308.49,74.9,46.2,106.36,1,open
2022-09-22,301.82,301.53,76.2,-9.6,-22.1,1,open
2022-09-23,300.56,297.82,76.5,-91.2,-209.68,1,open
2022-09-27,292.75,294.75,78.6,68.3,157.13,1,open
2022-09-28,291.36,292.32,78.9,32.9,75.78,1,open
2022-09-29,296.76,294.74,77.5,-68.1,-156.56,1,open
2022-09-30,292.25,291.18,78.7,-36.6,-84.21,1,open
2022-10-04,294.83,298.59,78.0,127.5,293.32,1,open
2022-10-05,303.17,299.7,75.9,-114.5,-263.25,1,open
2022-10-06,302.82,301.44,76.0,-45.6,-104.81,1,open
2022-10-07,299.29,296.68,76.8,-87.2,-200.57,1,open
2022-10-11,292.04,291.16,78.8,-30.1,-69.31,1,open
2022-10-12,292.4,292.43,78.7,1.0,2.36,1,open
2022-10-13,292.14,287.11,78.7,-172.2,-396.01,1,open
2022-10-14,300.57,302.51,76.5,64.5,148.45,1,open
2022-10-18,302.08,308.22,76.1,203.3,467.49,1,open
2022-10-19,305.52,304.31,75.3,-39.6,-91.09,1,open
2022-10-20,304.4,304.8,75.6,13.1,30.22,1,open
2022-10-21,303.34,303.05,75.8,-9.6,-21.99,1,open
2022-10-25,315.17,314.32,73.0,-27.0,-62.03,1,open
2022-10-26,318.51,317.95,72.2,-17.6,-40.44,1,open
2022-10-27,318.44,321.53,72.2,97.0,223.17,1,open
2022-10-28,320.5,321.67,71.8,36.5,83.96,1,open
2022-11-01,327.44,329.35,70.2,58.3,134.16,1,open
2022-11-02,326.44,325.43,70.5,-30.9,-71.16,1,open
2022-11-03,321.43,319.32,71.6,-65.6,-150.98,1,open
2022-11-04,319.91,323.58,71.9,114.7,263.86,1,open
2022-11-08,328.43,329.44,70.0,30.8,70.83,1,open
2022-11-09,331.74,329.68,69.3,-62.1,-142.82,1,open
2022-11-10,325.35,334.19,70.7,271.7,624.93,1,open
2022-11-11,337.28,338.14,68.2,25.5,58.65,1,open
2022-11-15,335.78,338.46,68.5,79.8,183.57,1,open
2022-11-16,336.25,335.64,68.4,-18.1,-41.72,1,open
2022-11-17,336.11,332.7,68.4,-101.5,-233.35,1,open
2022-11-18,336.16,337.49,68.4,39.6,91.0,1,open
2022-11-22,337.04,338.84,68.2,53.4,122.83,1,open
2022-11-23,340.99,340.66,67.5,-9.7,-22.26,1,open
2022-11-25,342.06,342.08,67.2,0.6,1.34,1,open
2022-11-29,338.5,337.9,67.9,-17.7,-40.77,1,open
2022-11-30,338.5,338.59,67.9,2.7,6.12,1,open
2022-12-01,346.16,346.72,66.4,16.2,37.21,1,open
2022-12-02,344.39,340.85,66.8,-102.8,-236.42,1,open
2022-12-06,340.01,339.76,67.6,-7.4,-16.91,1,open
2022-12-07,336.48,336.11,68.4,-11.0,-25.29,1,open
2022-12-08,336.43,337.71,68.4,38.0,87.51,1,open
2022-12-09,338.46,337.64,68.0,-24.2,-55.72,1,open
2022-12-13,340.67,348.15,67.5,219.6,505.0,1,open
2022-12-14,341.85,341.75,67.3,-2.9,-6.73,1,open
2022-12-15,340.25,336.55,67.6,-108.7,-250.11,1,open
2022-12-16,332.81,329.26,69.1,-106.7,-245.34,1,open
2022-12-20,327.42,327.56,70.2,4.3,9.83,1,open
2022-12-21,328.4,331.51,70.0,94.7,217.88,1,open
2022-12-22,333.65,331.49,68.9,-64.7,-148.9,1,open
2022-12-23,330.3,329.59,69.6,-21.5,-49.44,1,open
2022-12-28,332.37,332.66,69.2,8.7,20.07,1,open
2022-12-29,328.64,330.5,70.0,56.6,130.17,1,open
2022-12-30,332.17,330.59,69.2,-47.6,-109.4,1,open
2023-01-04,331.23,332.59,69.4,40.9,94.09,1,open
2023-01-05,332.59,330.94,69.2,-49.6,-114.1,1,open
2023-01-06,329.28,332.15,69.8,87.2,200.47,1,open
2023-01-10,335.31,334.92,68.6,-11.6,-26.75,1,open
2023-01-11,337.22,338.37,68.2,34.1,78.44,1,open
2023-01-12,339.77,340.71,67.7,27.7,63.63,1,open
2023-01-13,342.01,339.14,67.2,-83.9,-193.01,1,open
2023-01-18,339.21,339.54,67.8,9.7,22.38,1,open
2023-01-19,333.0,331.06,69.1,-58.3,-133.99,1,open
2023-01-20,330.71,330.79,69.5,2.4,5.56,1,open
2023-01-24,336.18,334.93,68.4,-37.2,-85.52,1,open
2023-01-25,337.12,334.21,68.2,-86.3,-198.53,1,open
2023-01-26,337.36,338.42,68.2,31.4,72.27,1,open
2023-01-27,339.4,339.37,67.8,-0.9,-2.03,1,open
2023-01-31,337.1,337.64,68.2,16.0,36.84,1,open
2023-02-01,340.87,339.09,67.5,-52.2,-120.1,1,open
2023-02-02,340.96,341.36,67.5,11.7,26.98,1,open
2023-02-03,340.45,338.74,67.6,-50.2,-115.52,1,open
2023-02-07,338.75,336.92,67.9,-54.0,-124.25,1,open
2023-02-08,341.53,340.28,67.3,-36.6,-84.18,1,open
2023-02-09,339.47,341.81,67.8,68.9,158.54,1,open
2023-02-10,337.14,336.71,68.2,-12.9,-29.68,1,open
2023-02-14,342.59,341.48,67.1,-32.4,-74.52,1,open
2023-02-15,341.16,339.43,67.4,-50.7,-116.63,1,open
2023-02-16,341.66,338.47,67.3,-93.4,-214.75,1,open
2023-02-17,337.43,335.69,68.2,-51.6,-118.6,1,open
2023-02-22,331.32,331.72,69.4,12.1,27.77,1,open
2023-02-23,330.53,331.82,69.6,39.0,89.76,1,open
2023-02-24,331.69,327.8,69.3,-117.3,-269.74,1,open
2023-02-28,329.07,328.77,69.9,-9.1,-20.97,1,open
2023-03-01,326.58,326.01,70.4,-17.5,-40.14,1,open
2023-03-02,327.07,327.54,70.3,14.4,33.05,1,open
2023-03-03,330.47,331.49,69.6,30.9,70.99,1,open
2023-03-07,334.71,334.64,68.7,-2.1,-4.81,1,open
2023-03-08,328.95,328.89,69.9,-1.8,-4.2,1,open
2023-03-09,328.54,329.69,70.0,35.0,80.51,1,open
2023-03-10,323.11,322.46,71.2,-20.1,-46.27,1,open
2023-03-14,318.92,322.18,72.1,102.2,235.11,1,open
2023-03-15,322.22,316.86,71.4,-166.3,-382.6,1,open
2023-03-16,319.6,317.62,72.0,-62.0,-142.49,1,open
2023-03-17,323.34,320.69,71.1,-82.0,-188.5,1,open
2023-03-21,322.35,325.39,71.4,94.3,216.91,1,open
2023-03-22,325.63,325.62,70.6,-0.3,-0.71,1,open
2023-03-23,320.14,321.38,71.8,38.7,89.09,1,open
2023-03-24,320.85,319.53,71.7,-41.1,-94.62,1,open
2023-03-28,324.37,323.96,70.9,-12.6,-29.07,1,open
2023-03-29,323.87,326.61,71.0,84.6,194.58,1,open
2023-03-30,327.11,328.85,70.3,53.2,122.34,1,open
2023-03-31,328.53,329.56,70.0,31.4,72.11,1,open
2023-04-04,335.89,335.87,68.5,-0.6,-1.37,1,open
2023-04-05,334.0,333.97,68.9,-0.9,-2.07,1,open
2023-04-06,334.87,334.32,68.7,-16.4,-37.78,1,open
2023-04-10,334.93,333.97,68.7,-28.7,-65.92,1,open
2023-04-11,335.98,336.35,68.5,11.0,25.33,1,open
2023-04-12,336.95,338.52,68.3,46.6,107.17,1,open
2023-04-13,336.61,337.04,68.3,12.8,29.38,1,open
2023-04-14,340.4,339.91,67.6,-14.4,-33.11,1,open
2023-04-18,339.96,339.9,67.7,-1.8,-4.06,1,open
2023-04-19,339.78,339.08,67.7,-20.6,-47.38,1,open
2023-04-20,339.03,337.42,67.8,-47.5,-109.22,1,open
2023-04-21,338.01,338.39,68.0,11.2,25.86,1,open
2023-04-25,338.79,338.14,67.9,-19.2,-44.13,1,open
2023-04-26,335.39,335.49,68.6,3.0,6.86,1,open
2023-04-27,332.99,334.15,69.1,34.8,80.12,1,open
2023-04-28,338.23,337.15,68.0,-31.9,-73.44,1,open
2023-05-02,340.43,339.91,67.6,-15.3,-35.13,1,open
2023-05-03,336.87,337.1,68.3,6.8,15.7,1,open
2023-05-04,334.14,333.25,68.8,-26.6,-61.26,1,open
2023-05-05,331.36,334.23,69.4,86.5,198.86,1,open
2023-05-09,336.24,335.38,68.4,-25.6,-58.83,1,open
2023-05-10,335.78,337.36,68.5,47.1,108.23,1,open
2023-05-11,335.48,333.71,68.6,-52.8,-121.35,1,open
2023-05-12,333.33,334.39,69.0,31.8,73.14,1,open
2023-05-16,333.82,332.73,68.9,-32.7,-75.1,1,open
2023-05-17,330.38,332.14,69.6,53.3,122.53,1,open
2023-05-18,334.68,333.87,68.7,-24.2,-55.67,1,open
2023-05-19,336.08,335.91,68.4,-5.1,-11.63,1,open
2023-05-23,332.94,331.73,69.1,-36.3,-83.59,1,open
2023-05-24,330.63,329.97,69.6,-20.0,-45.91,1,open
2023-05-25,328.0,328.04,70.1,1.2,2.8,1,open
2023-05-26,327.7,328.1,70.2,12.2,28.07,1,open
2023-05-31,330.46,329.42,69.6,-31.5,-72.38,1,open
2023-06-01,329.57,328.88,69.8,-20.9,-48.15,1,open
2023-06-02,330.99,333.21,69.5,67.1,154.26,1,open
2023-06-06,336.15,335.95,68.4,-5.9,-13.68,1,open
2023-06-07,336.2,336.51,68.4,9.2,21.21,1,open
2023-06-08,337.21,337.14,68.2,-2.1,-4.77,1,open
2023-06-09,338.82,338.54,67.9,-8.3,-19.01,1,open
2023-06-13,341.22,341.71,67.4,14.4,33.03,1,open
2023-06-14,342.65,341.36,67.1,-37.6,-86.59,1,open
2023-06-15,340.44,340.32,67.6,-3.5,-8.11,1,open
2023-06-16,344.88,345.32,66.7,12.8,29.34,1,open
2023-06-21,340.53,339.59,67.5,-27.6,-63.49,1,open
2023-06-22,339.46,338.91,67.8,-16.2,-37.27,1,open
2023-06-23,339.39,337.09,67.8,-67.8,-155.87,1,open
2023-06-27,337.16,337.07,68.2,-2.7,-6.14,1,open
2023-06-28,339.18,338.7,67.8,-14.2,-32.55,1,open
2023-06-29,338.66,338.38,67.9,-8.3,-19.02,1,open
2023-06-30,341.19,343.21,67.4,59.2,136.17,1,open
2023-07-05,343.98,342.35,66.9,-47.4,-108.99,1,open
2023-07-06,342.87,340.21,67.1,-77.6,-178.43,1,open
2023-07-07,339.29,337.94,67.8,-39.8,-91.51,1,open
2023-07-11,339.6,340.71,67.7,32.7,75.18,1,open
2023-07-12,342.67,344.88,67.1,64.5,148.34,1,open
2023-07-13,343.66,344.31,66.9,18.9,43.5,1,open
2023-07-14,344.0,345.64,66.9,47.7,109.65,1,open
2023-07-18,345.87,345.62,66.5,-7.2,-16.62,1,open
2023-07-19,349.61,350.37,65.8,21.7,50.0,1,open
2023-07-20,350.73,351.42,65.6,19.7,45.25,1,open
2023-07-21,352.44,352.78,65.3,9.6,22.19,1,open
2023-07-25,354.1,353.77,65.0,-9.3,-21.43,1,open
2023-07-26,354.33,353.11,64.9,-34.4,-79.19,1,open
2023-07-27,355.23,355.83,64.7,16.9,38.85,1,open
2023-07-28,352.79,354.48,65.2,47.9,110.18,1,open
2023-08-01,355.61,355.24,64.7,-10.4,-23.93,1,open
2023-08-02,356.18,354.45,64.6,-48.6,-111.71,1,open
2023-08-03,352.7,351.57,65.2,-32.0,-73.69,1,open
2023-08-04,352.02,353.07,65.3,29.8,68.6,1,open
2023-08-08,354.69,352.39,64.8,-64.8,-149.14,1,open
2023-08-09,353.03,352.84,65.2,-5.4,-12.38,1,open
2023-08-10,351.29,353.12,65.5,52.1,119.82,1,open
2023-08-11,351.96,351.13,65.3,-23.6,-54.24,1,open
2023-08-15,353.26,351.64,65.1,-45.9,-105.47,1,open
2023-08-16,349.66,349.27,65.8,-11.2,-25.65,1,open
2023-08-17,347.84,348.92,66.1,31.0,71.41,1,open
2023-08-18,345.09,343.01,66.6,-60.3,-138.63,1,open
2023-08-22,344.72,344.75,66.7,0.9,2.0,1,open
2023-08-23,342.98,343.5,67.1,15.2,34.87,1,open
2023-08-24,344.84,344.27,66.7,-16.5,-38.02,1,open
2023-08-25,341.02,342.41,67.4,40.8,93.75,1,open
2023-08-29,345.73,345.53,66.5,-5.8,-13.31,1,open
2023-08-30,348.71,349.06,66.0,10.0,23.09,1,open
2023-08-31,349.44,350.89,65.8,41.5,95.44,1,open
2023-09-01,347.82,349.9,66.1,59.8,137.54,1,open
2023-09-06,347.03,346.42,66.3,-17.6,-40.43,1,open
2023-09-07,345.03,344.43,66.7,-17.4,-40.0,1,open
2023-09-08,345.7,345.74,66.5,1.2,2.66,1,open
2023-09-12,347.43,346.61,66.2,-23.6,-54.28,1,open
2023-09-13,347.28,347.53,66.2,7.2,16.56,1,open
2023-09-14,346.59,348.63,66.4,58.9,135.38,1,open
2023-09-15,350.04,348.22,65.7,-52.0,-119.59,1,open
2023-09-19,346.15,345.44,66.4,-20.5,-47.18,1,open
2023-09-20,345.14,346.01,66.6,25.2,57.98,1,open
2023-09-21,344.35,343.14,66.8,-35.1,-80.82,1,open
2023-09-22,340.61,340.66,67.5,1.5,3.38,1,open
2023-09-26,340.05,337.84,67.6,-65.0,-149.48,1,open
2023-09-27,336.13,336.84,68.4,21.1,48.58,1,open
2023-09-28,335.52,335.32,68.6,-6.0,-13.71,1,open
2023-09-29,336.61,338.76,68.3,63.9,146.91,1,open
2023-10-03,334.2,332.81,68.8,-41.6,-95.66,1,open
2023-10-04,330.03,330.1,69.7,2.1,4.88,1,open
2023-10-05,331.07,330.79,69.5,-8.5,-19.45,1,open
2023-10-06,331.24,330.32,69.4,-27.8,-63.88,1,open
2023-10-10,336.16,337.17,68.4,30.0,69.1,1,open
2023-10-11,337.48,338.13,68.2,19.3,44.3,1,open
2023-10-12,338.04,338.74,68.0,20.7,47.63,1,open
2023-10-13,336.36,337.45,68.4,32.4,74.53,1,open
2023-10-17,339.88,338.3,67.7,-46.5,-106.92,1,open
2023-10-18,340.01,339.71,67.6,-8.8,-20.29,1,open
2023-10-19,336.73,336.66,68.3,-2.1,-4.78,1,open
2023-10-20,334.16,333.38,68.8,-23.3,-53.69,1,open
2023-10-24,329.33,330.97,69.8,49.8,114.54,1,open
2023-10-25,331.46,332.19,69.4,22.0,50.65,1,open
2023-10-26,330.45,330.13,69.6,-9.7,-22.27,1,open
2023-10-27,327.87,327.81,70.1,-1.8,-4.21,1,open
2023-10-31,329.33,329.15,69.8,-5.5,-12.57,1,open
2023-11-01,330.49,330.89,69.6,12.1,27.84,1,open
2023-11-02,332.75,334.75,69.1,60.1,138.24,1,open
2023-11-03,338.45,340.06,68.0,47.6,109.41,1,open
2023-11-07,341.06,340.7,67.4,-10.6,-24.28,1,open
2023-11-08,341.59,342.07,67.3,14.1,32.32,1,open
2023-11-09,341.14,341.98,67.4,24.6,56.63,1,open
2023-11-10,339.17,340.78,67.8,47.5,109.18,1,open
2023-11-14,343.58,347.39,66.9,110.9,255.05,1,open
2023-11-15,348.49,349.15,66.0,18.9,43.56,1,open
2023-11-16,350.29,349.55,65.7,-21.1,-48.59,1,open
2023-11-17,350.08,349.75,65.7,-9.4,-21.68,1,open
2023-11-21,351.6,351.08,65.4,-14.8,-34.02,1,open
2023-11-22,350.88,351.85,65.5,27.6,63.58,1,open
2023-11-24,352.68,353.13,65.2,12.8,29.35,1,open
2023-11-28,353.36,353.46,65.1,2.8,6.51,1,open
2023-11-29,354.14,354.92,64.9,22.0,50.66,1,open
2023-11-30,354.68,356.68,64.8,56.4,129.69,1,open
2023-12-01,359.88,359.99,63.9,3.1,7.03,1,open
2023-12-05,362.68,361.83,63.4,-23.4,-53.9,1,open
2023-12-06,361.96,362.81,63.5,23.5,54.01,1,open
2023-12-07,361.23,361.93,63.7,19.4,44.57,1,open
2023-12-08,361.87,361.73,63.6,-3.9,-8.9,1,open
2023-12-12,364.76,365.38,63.1,17.0,39.09,1,open
2023-12-13,366.48,366.57,62.8,2.5,5.65,1,open
2023-12-14,371.62,372.68,61.9,28.5,65.6,1,open
2023-12-15,373.38,371.71,61.6,-44.7,-102.87,1,open
2023-12-19,372.99,373.21,61.7,5.9,13.57,1,open
2023-12-20,375.5,374.61,61.3,-23.7,-54.51,1,open
2023-12-21,370.82,372.86,62.0,55.0,126.53,1,open
2023-12-22,373.95,373.61,61.5,-9.2,-21.22,1,open
2023-12-27,375.41,375.07,61.3,-9.1,-20.83,1,open
2023-12-28,376.61,376.45,61.1,-4.3,-9.78,1,open
2023-12-29,377.15,376.95,61.0,-5.3,-12.2,1,open
2024-01-03,377.16,375.54,61.0,-43.0,-98.79,1,open
2024-01-04,374.29,374.81,61.4,13.9,31.95,1,open
2024-01-05,374.58,374.4,61.4,-4.8,-11.05,1,open
2024-01-09,376.86,374.77,61.0,-55.5,-127.55,1,open
2024-01-10,375.27,375.52,61.3,6.7,15.32,1,open
2024-01-11,376.95,377.74,61.0,21.0,48.2,1,open
2024-01-12,377.18,377.45,61.0,7.2,16.46,1,open
2024-01-17,373.65,371.74,61.6,-51.1,-117.57,1,open
2024-01-18,372.78,372.22,61.7,-15.0,-34.55,1,open
2024-01-19,374.81,375.75,61.4,25.1,57.68,1,open
2024-01-23,380.11,379.33,60.5,-20.5,-47.2,1,open
2024-01-24,379.08,380.23,60.7,30.3,69.77,1,open
2024-01-25,378.16,379.04,60.8,23.3,53.52,1,open
2024-01-26,380.55,379.94,60.4,-16.0,-36.87,1,open
2024-01-30,383.34,382.78,60.0,-14.6,-33.6,1,open
2024-01-31,384.58,385.18,59.8,15.6,35.88,1,open
2024-02-01,381.39,381.37,60.3,-0.5,-1.21,1,open
2024-02-02,385.13,383.96,59.7,-30.4,-69.87,1,open
2024-02-06,383.63,383.89,60.0,6.8,15.65,1,open
2024-02-07,385.15,386.36,59.7,31.4,72.26,1,open
2024-02-08,386.77,387.44,59.5,17.3,39.84,1,open
2024-02-09,387.44,387.15,59.4,-7.5,-17.22,1,open
2024-02-13,388.19,385.05,59.2,-80.9,-186.04,1,open
2024-02-14,382.87,383.97,60.1,28.7,66.08,1,open
2024-02-15,384.34,385.16,59.8,21.3,49.07,1,open
2024-02-16,388.3,387.14,59.2,-29.9,-68.71,1,open
2024-02-21,385.77,384.93,59.6,-21.8,-50.08,1,open
2024-02-22,386.07,388.33,59.6,58.5,134.64,1,open
2024-02-23,390.6,391.74,58.9,29.2,67.13,1,open
2024-02-27,390.69,390.33,58.9,-9.2,-21.19,1,open
2024-02-28,389.73,387.91,59.0,-46.7,-107.41,1,open
2024-02-29,389.69,390.66,59.0,24.9,57.25,1,open
2024-03-01,389.89,389.82,59.0,-1.8,-4.13,1,open
2024-03-05,390.3,388.96,58.9,-34.3,-78.96,1,open
2024-03-06,386.22,388.46,59.6,58.0,133.4,1,open
2024-03-07,387.21,389.04,59.4,47.3,108.7,1,open
2024-03-08,388.45,388.21,59.2,-6.2,-14.21,1,open
2024-03-12,388.48,389.21,59.2,18.8,43.22,1,open
2024-03-13,390.77,391.66,58.9,22.8,52.38,1,open
2024-03-14,391.26,392.14,58.8,22.5,51.73,1,open
2024-03-15,390.12,387.72,59.0,-61.5,-141.49,1,open
2024-03-19,387.75,388.14,59.3,10.1,23.13,1,open
2024-03-20,391.03,390.13,58.8,-23.0,-52.94,1,open
2024-03-21,394.98,396.25,58.2,32.2,73.95,1,open
2024-03-22,397.71,397.73,57.8,0.5,1.16,1,open
2024-03-26,392.98,393.65,58.5,17.0,39.21,1,open
2024-03-27,392.91,394.97,58.5,52.4,120.59,1,open
2024-03-28,397.59,398.03,57.8,11.1,25.45,1,open
2024-04-01,397.76,397.79,57.8,0.8,1.73,1,open
2024-04-02,395.33,391.94,58.2,-85.8,-197.23,1,open
2024-04-03,391.62,391.65,58.7,0.8,1.76,1,open
2024-04-04,391.29,394.0,58.8,69.3,159.29,1,open
2024-04-05,386.08,386.32,59.6,6.2,14.3,1,open
2024-04-09,389.1,389.62,59.1,13.4,30.74,1,open
2024-04-10,388.93,384.87,59.1,-104.4,-240.09,1,open
2024-04-11,384.57,385.42,59.8,22.1,50.84,1,open
2024-04-12,384.56,382.31,59.8,-58.5,-134.57,1,open
2024-04-16,377.35,379.71,61.0,62.5,143.85,1,open
2024-04-17,378.02,379.18,60.8,30.7,70.58,1,open
2024-04-18,377.47,379.02,60.9,41.1,94.44,1,open
2024-04-19,377.85,378.66,60.9,21.4,49.31,1,open
2024-04-23,382.46,383.66,60.1,31.4,72.16,1,open
2024-04-24,385.13,384.84,59.7,-7.5,-17.32,1,open
2024-04-25,384.52,379.76,59.8,-123.8,-284.72,1,open
2024-04-26,380.92,380.71,60.4,-5.5,-12.68,1,open
2024-04-30,383.8,382.43,59.9,-35.7,-82.1,1,open
2024-05-01,378.16,378.24,60.8,2.1,4.87,1,open
2024-05-02,378.9,381.12,60.7,58.6,134.76,1,open
2024-05-03,382.32,387.11,60.2,125.3,288.16,1,open
2024-05-07,388.48,389.15,59.2,17.2,39.67,1,open
2024-05-08,388.75,388.31,59.2,-11.3,-26.03,1,open
2024-05-09,390.47,390.08,58.9,-10.0,-22.97,1,open
2024-05-10,394.06,395.22,58.4,29.4,67.71,1,open
2024-05-14,394.51,394.59,58.3,2.0,4.66,1,open
2024-05-15,395.64,397.21,58.1,39.7,91.27,1,open
2024-05-16,399.35,399.72,57.6,9.3,21.31,1,open
2024-05-17,399.22,399.08,57.6,-3.5,-8.07,1,open
2024-05-21,398.18,398.29,57.8,2.8,6.35,1,open
2024-05-22,398.83,397.92,57.7,-22.8,-52.48,1,open
2024-05-23,396.77,397.03,58.0,6.6,15.07,1,open
2024-05-24,390.75,391.19,58.9,11.3,25.9,1,open
2024-05-29,388.65,385.34,59.2,-85.2,-195.88,1,open
2024-05-30,384.66,381.34,59.8,-86.3,-198.51,1,open
2024-05-31,381.46,381.95,60.3,12.8,29.54,1,open
2024-06-04,386.29,384.97,59.5,-34.2,-78.59,1,open
2024-06-05,387.55,388.57,59.3,26.3,60.53,1,open
2024-06-06,388.56,388.78,59.2,5.7,13.02,1,open
2024-06-07,389.37,388.81,59.1,-14.4,-33.08,1,open
2024-06-11,389.33,387.63,59.1,-43.7,-100.43,1,open
2024-06-12,388.05,391.74,59.3,95.1,218.71,1,open
2024-06-13,387.64,386.79,59.3,-21.9,-50.43,1,open
2024-06-14,386.89,384.59,59.4,-59.4,-136.73,1,open
2024-06-18,388.66,388.88,59.2,5.7,13.02,1,open
2024-06-20,389.22,388.71,59.1,-13.1,-30.14,1,open
2024-06-21,392.11,391.64,58.7,-12.0,-27.57,1,open
2024-06-25,394.02,393.53,58.4,-12.4,-28.6,1,open
2024-06-26,391.06,390.06,58.8,-25.6,-58.81,1,open
2024-06-27,391.23,390.58,58.8,-16.6,-38.21,1,open
2024-06-28,391.61,391.34,58.7,-6.9,-15.86,1,open
2024-07-02,391.51,390.76,58.7,-19.2,-44.06,1,open
2024-07-03,393.28,393.7,58.5,10.7,24.56,1,open
2024-07-05,392.53,393.16,58.6,16.0,36.81,1,open
2024-07-09,393.48,393.19,58.5,-7.4,-16.95,1,open
2024-07-10,392.98,392.91,58.5,-1.8,-4.1,1,open
2024-07-11,397.23,397.47,57.9,6.0,13.9,1,open
2024-07-12,397.63,398.83,57.8,30.2,69.41,1,open
2024-07-16,402.38,403.83,57.2,36.0,82.88,1,open
2024-07-17,409.64,408.53,56.1,-27.1,-62.32,1,open
2024-07-18,411.99,410.65,55.8,-32.5,-74.81,1,open
2024-07-19,406.74,405.34,56.5,-34.4,-79.17,1,open
2024-07-23,404.16,404.26,56.9,2.5,5.69,1,open
2024-07-24,403.57,401.7,57.0,-46.3,-106.57,1,open
2024-07-25,398.67,398.6,57.7,-1.8,-4.04,1,open
2024-07-26,399.52,401.74,57.6,55.6,127.8,1,open
2024-07-30,405.53,405.84,56.7,7.6,17.58,1,open
2024-07-31,407.4,407.43,56.5,0.7,1.69,1,open
2024-08-01,408.51,409.67,56.3,28.4,65.31,1,open
2024-08-02,403.32,399.9,57.0,-84.8,-195.03,1,open
2024-08-06,387.08,387.41,59.4,8.5,19.61,1,open
2024-08-07,389.94,392.56,59.0,67.2,154.54,1,open
2024-08-08,387.8,389.48,59.3,43.3,99.64,1,open
2024-08-09,394.6,394.15,58.3,-11.4,-26.23,1,open
2024-08-13,393.83,395.04,58.4,30.7,70.67,1,open
2024-08-14,397.84,397.71,57.8,-3.3,-7.52,1,open
2024-08-15,400.09,404.71,57.5,115.5,265.59,1,open
2024-08-16,405.96,405.0,56.7,-23.6,-54.39,1,open
2024-08-20,409.15,408.59,56.2,-13.7,-31.48,1,open
2024-08-21,408.55,409.29,56.3,18.1,41.66,1,open
2024-08-22,409.05,409.67,56.2,15.2,34.86,1,open
2024-08-23,407.6,409.27,56.4,41.0,94.23,1,open
2024-08-27,412.82,412.26,55.7,-13.6,-31.2,1,open
2024-08-28,412.98,412.63,55.7,-8.5,-19.49,1,open
2024-08-29,411.39,414.34,55.9,71.7,164.93,1,open
2024-08-30,413.93,414.48,55.6,13.3,30.56,1,open
2024-09-04,410.28,409.94,56.1,-8.3,-19.06,1,open
2024-09-05,410.44,411.31,56.0,21.2,48.75,1,open
2024-09-06,408.5,408.93,56.3,10.5,24.21,1,open
2024-09-10,409.1,410.07,56.2,23.7,54.53,1,open
2024-09-11,408.26,407.12,56.3,-27.9,-64.22,1,open
2024-09-12,409.27,409.67,56.2,9.8,22.48,1,open
2024-09-13,412.02,412.56,55.8,13.1,30.14,1,open
2024-09-17,417.39,418.26,55.1,20.8,47.94,1,open
2024-09-18,417.34,417.47,55.1,3.1,7.16,1,open
2024-09-19,416.2,421.97,55.3,138.6,318.86,1,open
2024-09-20,421.44,419.34,54.6,-49.8,-114.61,1,open
2024-09-24,421.14,421.64,54.6,11.9,27.31,1,open
2024-09-25,422.16,422.41,54.5,5.9,13.62,1,open
2024-09-26,419.12,421.21,54.9,49.9,114.69,1,open
2024-09-27,421.6,422.56,54.6,22.8,52.37,1,open
2024-10-01,423.1,422.39,54.4,-16.8,-38.6,1,open
2024-10-02,421.56,421.8,54.6,5.7,13.09,1,open
2024-10-03,421.9,420.31,54.5,-37.7,-86.68,1,open
2024-10-04,419.98,422.34,54.8,56.2,129.24,1,open
2024-10-08,419.57,420.48,54.8,21.7,49.88,1,open
2024-10-09,420.81,420.86,54.7,1.2,2.73,1,open
2024-10-10,425.07,424.97,54.1,-2.5,-5.68,1,open
2024-10-11,424.64,425.25,54.2,14.4,33.04,1,open
2024-10-15,430.92,429.3,53.4,-37.6,-86.47,1,open
2024-10-16,427.56,427.15,53.8,-9.6,-22.06,1,open
2024-10-17,430.76,432.51,53.4,40.6,93.44,1,open
2024-10-18,432.43,432.32,53.2,-2.5,-5.85,1,open
2024-10-22,429.46,427.61,53.6,-43.1,-99.08,1,open
2024-10-23,429.29,427.0,53.6,-53.3,-122.69,1,open
2024-10-24,425.17,424.29,54.1,-20.7,-47.6,1,open
2024-10-25,423.85,425.42,54.3,37.0,85.2,1,open
2024-10-29,424.08,422.16,54.2,-45.3,-104.13,1,open
2024-10-30,422.54,421.99,54.4,-13.0,-29.94,1,open
2024-10-31,421.82,419.2,54.5,-62.1,-142.86,1,open
2024-11-01,417.71,419.64,55.1,46.2,106.27,1,open
2024-11-05,418.11,418.24,55.0,3.1,7.15,1,open
2024-11-06,422.33,434.63,54.5,291.2,669.86,1,open
2024-11-07,437.27,437.5,52.6,5.3,12.1,1,open
2024-11-08,437.41,438.27,52.6,19.7,45.22,1,open
2024-11-12,443.03,443.55,51.9,11.7,27.0,1,open
2024-11-13,439.39,439.88,52.3,11.2,25.65,1,open
2024-11-14,439.82,440.56,52.3,16.8,38.7,1,open
2024-11-15,437.74,435.81,52.5,-44.1,-101.41,1,open
2024-11-19,434.21,430.7,53.0,-80.8,-185.92,1,open
2024-11-20,432.92,433.5,53.1,13.4,30.81,1,open
2024-11-21,434.35,435.77,53.0,32.7,75.19,1,open
2024-11-22,438.93,439.56,52.4,14.4,33.01,1,open
2024-11-26,447.58,446.53,51.4,-23.5,-53.96,1,open
2024-11-27,448.85,449.15,51.2,6.7,15.37,1,open
2024-11-29,447.77,448.27,51.4,11.2,25.68,1,open
2024-12-03,448.75,449.12,51.3,8.2,18.96,1,open
2024-12-04,447.9,449.82,51.4,42.9,98.59,1,open
2024-12-05,450.95,450.45,51.0,-11.1,-25.5,1,open
2024-12-06,448.69,449.46,51.3,17.2,39.47,1,open
2024-12-10,445.1,444.48,51.7,-13.9,-32.04,1,open
2024-12-11,443.66,444.08,51.8,9.5,21.77,1,open
2024-12-12,442.54,442.46,52.0,-1.8,-4.16,1,open
2024-12-13,440.27,440.83,52.2,12.7,29.25,1,open
2024-12-17,438.38,436.15,52.5,-50.9,-117.0,1,open
2024-12-18,435.59,435.95,52.8,8.3,19.01,1,open
2024-12-19,424.29,427.48,54.2,75.2,172.92,1,open
2024-12-20,424.59,422.03,54.2,-60.3,-138.67,1,open
2024-12-24,428.89,428.86,53.6,-0.7,-1.61,1,open
2024-12-26,432.33,430.94,53.2,-32.2,-73.95,1,open
2024-12-27,433.23,430.55,53.1,-61.9,-142.28,1,open
2024-12-31,425.81,426.88,54.0,25.1,57.8,1,open
2025-01-02,425.53,428.31,54.1,65.3,150.26,1,open
2025-01-03,423.86,425.82,54.3,46.2,106.36,1,open
2025-01-07,427.16,428.92,53.8,41.2,94.77,1,open
2025-01-08,425.37,425.38,54.1,0.2,0.54,1,open
2025-01-10,426.17,424.25,54.0,-45.1,-103.62,1,open
2025-01-14,422.99,424.83,54.4,43.5,100.05,1,open
2025-01-15,425.23,431.53,54.1,148.2,340.76,1,open
2025-01-16,432.23,432.06,53.2,-3.9,-9.05,1,open
2025-01-17,431.59,434.51,53.3,67.7,155.61,1,open
2025-01-22,440.2,441.45,52.2,28.4,65.31,1,open
2025-01-23,441.4,441.49,52.1,2.0,4.69,1,open
2025-01-24,445.43,444.77,51.6,-14.8,-34.08,1,open
2025-01-28,447.15,447.16,51.4,0.2,0.51,1,open
2025-01-29,448.42,448.18,51.3,-5.4,-12.31,1,open
2025-01-30,447.19,446.44,51.4,-16.8,-38.57,1,open
2025-01-31,448.81,450.0,51.2,26.5,60.98,1,open
2025-02-04,444.27,444.2,51.8,-1.6,-3.62,1,open
2025-02-05,445.55,445.69,51.6,3.1,7.23,1,open
2025-02-06,448.68,449.32,51.3,14.3,32.81,1,open
2025-02-07,447.42,447.75,51.4,7.4,16.96,1,open
2025-02-11,444.78,443.31,51.7,-33.1,-76.02,1,open
2025-02-12,446.16,442.31,51.6,-86.3,-198.47,1,open
2025-02-13,443.71,445.3,51.8,35.8,82.42,1,open
2025-02-14,447.25,447.07,51.4,-4.0,-9.26,1,open
2025-02-19,445.98,444.76,51.6,-27.4,-62.92,1,open
2025-02-20,446.69,445.24,51.5,-32.5,-74.66,1,open
2025-02-21,442.39,439.06,52.0,-75.3,-173.13,1,open
2025-02-25,434.59,435.51,52.9,21.2,48.69,1,open
2025-02-26,436.14,436.41,52.7,6.2,14.24,1,open
2025-02-27,434.37,434.41,53.0,0.9,2.12,1,open
2025-02-28,432.4,433.02,53.2,14.3,32.98,1,open
2025-03-04,432.19,429.65,53.2,-58.8,-135.17,1,open
2025-03-05,425.63,425.18,54.0,-10.6,-24.32,1,open
2025-03-06,430.34,426.14,53.4,-97.6,-224.47,1,open
2025-03-07,426.03,424.07,54.0,-46.0,-105.81,1,open
2025-03-11,419.65,418.44,54.8,-28.8,-66.32,1,open
2025-03-12,414.74,416.93,55.5,52.8,121.45,1,open
2025-03-13,413.96,413.32,55.6,-15.5,-35.56,1,open
2025-03-14,408.85,410.8,56.3,47.7,109.7,1,open
2025-03-18,419.24,418.39,54.9,-20.3,-46.63,1,open
2025-03-19,416.56,417.58,55.2,24.5,56.32,1,open
2025-03-20,420.5,417.89,54.7,-62.1,-142.76,1,open
2025-03-21,420.17,416.02,54.7,-98.8,-227.17,1,open
2025-03-25,425.51,426.29,54.1,18.3,42.16,1,open
2025-03-26,425.79,426.3,54.0,12.0,27.55,1,open
2025-03-27,424.26,423.65,54.2,-14.4,-33.07,1,open
2025-03-28,422.94,421.95,54.4,-23.4,-53.84,1,open
2025-04-01,419.94,418.38,54.8,-37.1,-85.44,1,open
2025-04-02,419.66,416.33,54.8,-79.3,-182.5,1,open
2025-04-03,422.03,410.94,54.5,-262.8,-604.39,1,open
2025-04-04,405.39,394.9,56.7,-258.8,-595.16,1,open
2025-04-08,379.65,393.45,60.6,363.4,835.73,1,open
2025-04-09,376.67,372.01,61.1,-123.7,-284.55,1,open
2025-04-10,405.87,399.56,56.7,-155.5,-357.58,1,open
2025-04-11,395.8,394.4,58.1,-35.4,-81.35,1,open
2025-04-15,405.52,405.76,56.7,5.9,13.61,1,open
2025-04-16,403.75,402.28,57.0,-36.4,-83.74,1,open
2025-04-17,396.79,391.46,58.0,-134.3,-308.95,1,open
2025-04-21,391.31,388.43,58.8,-73.6,-169.28,1,open
2025-04-22,381.61,386.04,60.3,116.1,267.0,1,open
2025-04-23,391.85,399.26,58.7,189.1,434.94,1,open
2025-04-24,395.92,395.48,58.1,-11.1,-25.56,1,open
2025-04-25,400.94,399.85,57.4,-27.2,-62.53,1,open
2025-04-29,402.25,402.37,57.2,3.0,6.86,1,open
2025-04-30,405.16,402.4,56.8,-68.1,-156.68,1,open
2025-05-01,406.27,408.52,56.6,55.4,127.38,1,open
2025-05-02,407.44,411.75,56.5,105.8,243.3,1,open
2025-05-06,412.31,408.44,55.8,-93.9,-215.88,1,open
2025-05-07,408.25,409.83,56.3,38.7,89.01,1,open
2025-05-08,411.06,412.99,56.0,47.0,107.99,1,open
2025-05-09,413.89,414.41,55.6,12.6,28.9,1,open
2025-05-13,424.19,422.61,54.2,-37.2,-85.67,1,open
2025-05-14,421.52,422.05,54.6,12.6,28.92,1,open
2025-05-15,420.59,418.51,54.7,-49.5,-113.74,1,open
2025-05-16,423.55,423.71,54.3,3.8,8.69,1,open
2025-05-20,428.08,427.38,53.7,-16.4,-37.61,1,open
2025-05-21,427.01,423.06,53.9,-92.5,-212.76,1,open
2025-05-22,418.75,417.84,54.9,-21.7,-49.98,1,open
2025-05-23,418.83,413.91,54.9,-117.6,-270.46,1,open
2025-05-28,423.87,423.7,54.3,-4.0,-9.22,1,open
2025-05-29,421.45,422.4,54.6,22.5,51.84,1,open
2025-05-30,422.49,422.13,54.4,-8.5,-19.6,1,open
2025-06-03,423.79,423.03,54.3,-17.9,-41.25,1,open
2025-06-04,426.01,426.35,54.0,8.0,18.36,1,open
2025-06-05,424.95,425.87,54.1,21.6,49.79,1,open
2025-06-06,424.04,427.75,54.2,87.5,201.23,1,open
2025-06-10,428.36,428.24,53.7,-2.9,-6.71,1,open
2025-06-11,429.68,429.83,53.5,3.5,8.03,1,open
2025-06-12,429.62,428.17,53.5,-33.8,-77.63,1,open
2025-06-13,430.55,426.08,53.4,-103.8,-238.79,1,open
2025-06-17,426.31,424.43,54.0,-44.1,-101.43,1,open
2025-06-18,423.14,423.64,54.4,11.8,27.18,1,open
2025-06-20,422.84,423.34,54.4,11.8,27.2,1,open
2025-06-24,425.7,428.46,54.0,64.8,149.12,1,open
2025-06-25,430.81,430.68,53.4,-3.0,-6.94,1,open
2025-06-26,429.91,430.79,53.5,20.5,47.08,1,open
2025-06-27,433.93,435.12,53.0,27.4,63.07,1,open
2025-07-01,440.63,440.16,52.2,-10.7,-24.53,1,open
2025-07-02,444.93,444.65,51.7,-6.3,-14.47,1,open
2025-07-03,444.72,445.64,51.7,20.7,47.58,1,open
2025-07-07,448.23,447.32,51.3,-20.3,-46.69,1,open
2025-07-08,444.09,443.66,51.8,-9.7,-22.27,1,open
2025-07-09,442.37,444.36,52.0,45.0,103.47,1,open
2025-07-10,444.53,444.35,51.7,-4.0,-9.31,1,open
2025-07-11,446.51,443.6,51.5,-65.2,-149.9,1,open
2025-07-15,444.61,444.55,51.7,-1.3,-3.1,1,open
2025-07-16,440.2,441.83,52.2,37.0,85.17,1,open
2025-07-17,442.43,442.02,52.0,-9.3,-21.31,1,open
2025-07-18,445.15,445.7,51.7,12.4,28.42,1,open
2025-07-22,443.46,442.83,51.9,-14.2,-32.67,1,open
2025-07-23,444.99,447.22,51.7,50.1,115.26,1,open
2025-07-24,450.27,446.98,51.1,-73.1,-168.05,1,open
2025-07-25,447.1,447.5,51.4,8.9,20.58,1,open
2025-07-29,448.36,448.6,51.3,5.4,12.31,1,open
2025-07-30,446.47,446.67,51.5,4.5,10.3,1,open
2025-07-31,444.76,445.24,51.7,10.8,24.82,1,open
2025-08-01,441.34,437.72,52.1,-82.0,-188.65,1,open
2025-08-05,441.81,441.77,52.1,-0.9,-2.08,1,open
2025-08-06,441.18,442.07,52.1,20.2,46.4,1,open
2025-08-07,441.97,444.24,52.0,51.4,118.13,1,open
2025-08-08,439.77,440.78,52.3,23.0,52.82,1,open
2025-08-12,440.07,441.69,52.3,36.8,84.67,1,open
2025-08-13,444.67,446.41,51.7,39.1,90.0,1,open
2025-08-14,449.46,447.71,51.2,-38.9,-89.55,1,open
2025-08-15,449.16,451.95,51.2,62.1,142.87,1,open
2025-08-19,449.08,449.83,51.2,16.7,38.41,1,open
2025-08-20,449.32,449.72,51.2,8.9,20.48,1,open
2025-08-21,449.37,447.69,51.2,-37.4,-85.99,1,open
2025-08-22,448.0,450.38,51.3,53.1,122.19,1,open
2025-08-26,453.12,452.73,50.8,-8.6,-19.8,1,open
2025-08-27,454.52,454.25,50.6,-5.9,-13.66,1,open
2025-08-28,456.04,456.5,50.4,10.1,23.2,1,open
2025-08-29,456.85,456.09,50.3,-16.6,-38.26,1,open
2025-09-03,453.64,452.85,50.7,-17.4,-40.05,1,open
2025-09-04,453.32,453.52,50.7,4.4,10.15,1,open
2025-09-05,457.04,457.09,50.3,1.1,2.52,1,open
2025-09-09,456.2,455.93,50.4,-5.9,-13.61,1,open
2025-09-10,458.04,457.67,50.2,-8.1,-18.58,1,open
2025-09-11,455.92,456.82,50.4,19.7,45.4,1,open
2025-09-12,461.94,461.22,49.8,-15.6,-35.85,1,open
2025-09-16,460.11,460.09,50.0,-0.4,-1.0,1,open
2025-09-17,458.84,459.76,50.1,20.1,46.12,1,open
2025-09-18,461.32,461.21,49.9,-2.4,-5.48,1,open
2025-09-19,462.65,462.69,49.7,0.9,1.99,1,open
2025-09-23,463.67,464.19,49.6,11.1,25.55,1,open
2025-09-24,462.97,463.42,49.7,9.7,22.36,1,open
2025-09-25,461.03,459.87,49.9,-25.2,-57.87,1,open
2025-09-26,459.41,461.24,50.1,39.8,91.62,1,open
2025-09-30,463.07,462.59,49.7,-10.5,-24.09,1,open
2025-10-01,463.75,462.55,49.6,-25.9,-59.51,1,open
2025-10-02,464.28,464.29,49.5,0.2,0.5,1,open
2025-10-03,465.13,465.76,49.4,13.5,31.15,1,open
2025-10-07,466.86,467.52,49.3,14.1,32.52,1,open
2025-10-08,466.0,467.29,49.4,27.7,63.67,1,open
2025-10-09,466.1,466.14,49.3,0.9,1.97,1,open
2025-10-10,463.58,465.09,49.6,32.6,74.92,1,open
2025-10-14,460.73,456.94,49.9,-82.3,-189.2,1,open
2025-10-15,462.79,464.64,49.7,40.0,91.94,1,open
2025-10-16,462.73,463.34,49.7,13.2,30.32,1,open
2025-10-17,459.63,459.27,50.0,-7.8,-18.01,1,open
2025-10-21,467.02,467.04,49.2,0.4,0.98,1,open
2025-10-22,469.23,469.18,49.0,-1.1,-2.45,1,open
2025-10-23,465.84,465.52,49.4,-6.9,-15.8,1,open
2025-10-24,467.31,470.02,49.2,58.0,133.38,1,open
2025-10-28,475.35,478.77,48.4,71.9,165.48,1,open
2025-10-29,477.15,478.62,48.2,30.8,70.86,1,open
2025-10-30,476.54,474.09,48.3,-51.4,-118.25,1,open
2025-10-31,475.06,475.77,48.4,14.9,34.37,1,open
2025-11-04,473.52,470.39,48.6,-66.1,-152.03,1,open
2025-11-05,470.96,470.77,48.8,-4.0,-9.28,1,open
2025-11-06,473.13,472.06,48.6,-22.6,-52.02,1,open
2025-11-07,469.28,468.21,49.0,-22.8,-52.44,1,open
2025-11-11,473.77,474.23,48.5,9.7,22.33,1,open
2025-11-12,479.46,480.46,48.0,20.9,47.97,1,open
2025-11-13,482.81,481.37,47.6,-29.8,-68.6,1,open
2025-11-14,474.8,471.32,48.4,-73.3,-168.58,1,open
2025-11-18,466.32,462.13,49.3,-89.9,-206.66,1,open
2025-11-19,461.37,461.51,49.9,3.0,6.98,1,open
2025-11-20,461.78,466.65,49.8,105.5,242.56,1,open
2025-11-21,458.1,459.51,50.2,30.8,70.79,1,open
2025-11-25,464.44,465.55,49.5,23.9,54.97,1,open
2025-11-26,471.18,472.17,48.8,21.0,48.33,1,open
2025-11-28,474.32,474.79,48.5,9.9,22.79,1,open
2025-12-02,473.38,474.14,48.6,16.1,36.93,1,open
2025-12-03,475.28,474.8,48.4,-10.1,-23.23,1,open
2025-12-04,479.46,479.68,48.0,4.6,10.55,1,open
2025-12-05,479.14,479.45,48.0,6.5,14.88,1,open
2025-12-09,478.17,478.04,48.1,-2.7,-6.25,1,open
2025-12-10,476.47,476.1,48.3,-7.8,-17.86,1,open
2025-12-11,481.4,482.17,47.8,16.0,36.79,1,open
2025-12-12,487.92,488.67,47.1,15.4,35.35,1,open
2025-12-16,485.18,484.42,47.4,-15.7,-36.03,1,open
2025-12-17,481.99,482.78,47.7,16.4,37.7,1,open
2025-12-18,479.83,482.14,47.9,48.1,110.73,1,open
2025-12-19,480.5,480.59,47.9,1.9,4.31,1,open
2025-12-23,483.46,482.15,47.6,-27.1,-62.32,1,open
2025-12-24,484.22,484.15,47.5,-1.4,-3.32,1,open
2025-12-26,486.97,486.81,47.2,-3.3,-7.56,1,open
2025-12-30,484.59,484.59,47.5,0.0,0.0,1,open
2025-12-31,483.64,483.63,47.6,-0.2,-0.48,1,open
2026-01-02,480.61,481.82,47.9,25.2,57.91,1,open
2026-01-06,489.82,489.3,47.0,-10.6,-24.42,1,open
2026-01-07,494.63,495.62,46.5,20.0,46.03,1,open
2026-01-08,490.0,487.8,46.9,-45.0,-103.5,1,open
2026-01-09,492.53,492.83,46.7,6.1,14.01,1,open
2026-01-13,495.92,495.52,46.4,-8.1,-18.55,1,open
2026-01-14,491.92,490.63,46.8,-26.2,-60.31,1,open
2026-01-15,491.59,492.34,46.8,15.3,35.09,1,open
2026-01-16,494.54,494.47,46.5,-1.4,-3.26,1,open
2026-01-21,484.98,485.64,47.4,13.6,31.3,1,open
2026-01-22,490.82,493.44,46.9,53.4,122.77,1,open
2026-01-23,493.75,491.79,46.6,-39.7,-91.3,1,open
2026-01-27,494.07,490.66,46.6,-69.0,-158.74,1,open
2026-01-28,490.1,490.28,46.9,3.7,8.45,1,open
2026-01-29,490.21,490.04,46.9,-3.5,-7.98,1,open
2026-01-30,490.21,489.08,46.9,-23.1,-53.02,1,open
2026-02-03,494.06,493.08,46.6,-19.8,-45.62,1,open
2026-02-04,492.36,493.89,46.7,31.1,71.47,1,open
2026-02-05,494.88,492.48,46.5,-48.5,-111.54,1,open
2026-02-06,488.9,492.34,47.0,70.4,161.83,1,open
2026-02-10,501.24,502.32,45.9,21.5,49.56,1,open
2026-02-11,501.96,504.18,45.8,44.2,101.72,1,open
2026-02-12,501.34,503.1,45.9,35.1,80.74,1,open
2026-02-13,494.67,495.01,46.5,6.9,15.81,1,open
2026-02-18,495.91,496.75,46.4,16.9,38.96,1,open
2026-02-19,497.01,495.53,46.3,-29.9,-68.72,1,open
2026-02-20,494.41,492.51,46.5,-38.4,-88.39,1,open
2026-02-24,488.04,488.35,47.1,6.4,14.61,1,open
2026-02-25,491.78,493.6,46.8,37.0,85.12,1,open
2026-02-26,494.83,496.99,46.5,43.7,100.4,1,open
2026-02-27,494.96,489.62,46.5,-108.0,-248.37,1,open
2026-03-03,489.24,480.13,47.0,-186.2,-428.28,1,open
2026-03-04,485.52,486.52,47.4,20.6,47.37,1,open
2026-03-05,487.76,483.8,47.2,-81.2,-186.73,1,open
2026-03-06,479.88,473.68,47.9,-129.2,-297.16,1,open
2026-03-10,477.94,477.72,48.1,-4.6,-10.59,1,open
2026-03-11,477.76,477.33,48.1,-9.0,-20.7,1,open
2026-03-12,474.86,470.3,48.4,-96.0,-220.87,1,open
2026-03-13,467.51,469.93,49.2,51.8,119.06,1,open
2026-03-17,470.29,473.35,48.9,65.0,149.41,1,open
2026-03-18,470.94,468.74,48.8,-46.7,-107.44,1,open
2026-03-19,463.09,459.94,49.7,-68.0,-156.45,1,open
2026-03-20,461.1,458.7,49.9,-52.0,-119.71,1,open
2026-03-24,461.97,458.39,49.8,-77.5,-178.24,1,open
2026-03-25,461.15,465.7,49.9,98.7,226.93,1,open
2026-03-26,464.21,461.51,49.5,-58.2,-133.78,1,open
2026-03-27,459.35,457.33,50.1,-44.0,-101.14,1,open
2026-03-31,452.06,456.81,50.9,105.1,241.67,1,open
2026-04-01,463.19,465.98,49.7,60.2,138.54,1,open
2026-04-02,465.56,460.14,49.4,-116.4,-267.76,1,open
2026-04-06,465.05,464.13,49.5,-19.8,-45.5,1,open
2026-04-07,466.83,465.72,49.3,-23.8,-54.69,1,open
2026-04-08,465.95,478.88,49.4,277.5,638.24,1,open
2026-04-09,479.17,477.46,48.0,-35.7,-82.08,1,open
2026-04-10,481.89,482.17,47.7,5.7,13.13,1,open
2026-04-14,482.13,482.38,47.7,5.2,11.93,1,open
2026-04-15,485.57,486.48,47.4,18.7,43.1,1,open
2026-04-16,484.68,485.79,47.5,22.9,52.67,1,open
2026-04-17,485.77,490.64,47.3,100.3,230.58,1,open
2026-04-21,494.37,497.21,46.5,57.4,132.13,1,open
2026-04-22,491.45,495.29,46.8,78.1,179.71,1,open
2026-04-23,494.76,492.52,46.5,-45.3,-104.13,1,open
2026-04-24,493.02,492.98,46.7,-0.8,-1.87,1,open
2026-04-28,491.85,493.43,46.8,32.1,73.88,1,open
2026-04-29,491.4,490.89,46.8,-10.4,-23.87,1,open
2026-04-30,488.73,490.95,47.1,45.4,104.47,1,open
2026-05-01,496.62,498.81,46.3,44.1,101.43,1,open
2026-05-05,489.63,491.86,47.0,45.5,104.75,1,open
2026-05-06,492.98,496.96,46.7,80.7,185.69,1,open
2026-05-07,499.02,500.48,46.1,29.3,67.29,1,open
2026-05-08,495.95,498.45,46.4,50.4,115.94,1,open
2026-05-12,497.21,496.48,46.3,-14.7,-33.77,1,open
2026-05-13,497.97,496.13,46.2,-37.0,-84.99,1,open
2026-05-14,497.14,501.35,46.3,84.7,194.77,1,open
2026-05-15,500.88,497.29,45.9,-71.6,-164.62,1,open
2026-05-19,496.98,494.8,46.3,-43.9,-100.89,1,open
2026-05-20,494.0,495.84,46.6,37.2,85.67,1,open
2026-05-21,500.28,498.75,46.0,-30.6,-70.34,1,open
2026-05-22,503.1,506.98,45.7,77.1,177.38,1,open
2026-05-27,505.29,505.9,45.5,12.1,27.77,1,open
2026-05-28,506.9,505.31,45.4,-31.4,-72.14,1,open
2026-05-29,507.12,507.87,45.4,14.8,34.02,1,open
2026-06-02,511.48,509.05,45.0,-47.5,-109.27,1,open
2026-06-03,514.09,511.14,44.7,-57.4,-131.98,1,open
2026-06-04,508.23,513.62,45.3,106.1,243.92,1,open
2026-06-05,516.68,517.7,44.5,19.7,45.41,1,open
2026-06-09,508.91,511.52,45.2,51.3,117.96,1,open
2026-06-10,509.48,507.46,45.1,-39.7,-91.42,1,open
2026-06-11,500.23,503.16,46.0,58.6,134.72,1,open
2026-06-12,509.37,512.86,45.2,68.5,157.59,1,open
2026-06-16,518.52,520.34,44.4,35.1,80.73,1,open
2026-06-17,521.52,521.23,44.1,-5.6,-12.79,1,open
2026-06-18,516.33,518.47,44.5,41.4,95.33,1,open
2026-06-22,515.53,516.81,44.6,24.8,57.11,1,open
2026-06-23,517.03,514.65,44.5,-46.0,-105.87,1,open
2026-06-24,516.65,516.16,44.5,-9.5,-21.81,1,open
2026-06-25,518.54,521.16,44.4,50.5,116.21,1,open
2026-06-26,519.33,516.92,44.3,-46.4,-106.73,1,open
2026-06-30,521.71,522.32,44.1,11.7,26.89,1,open
2026-07-01,522.31,521.4,44.0,-17.4,-40.07,1,open
2026-07-02,522.44,525.51,44.0,58.8,135.15,1,open
2026-07-06,527.86,528.83,43.6,18.4,42.26,1,open
2026-07-07,530.06,532.43,43.4,44.7,102.84,1,open
2026-07-08,528.51,523.31,43.5,-98.4,-226.3,1,open
2026-07-09,522.75,523.62,44.0,16.6,38.28,1,open
2026-07-10,524.25,525.8,43.9,29.6,68.0,1,open
2026-07-14,524.48,523.35,43.9,-21.5,-49.34,1,open
2026-07-15,524.7,525.86,43.8,22.1,50.85,1,open
2026-07-16,526.03,526.78,43.7,14.3,32.79,1,open
2026-07-17,524.81,519.62,43.8,-98.9,-227.45,1,open
2026-07-21,517.94,519.6,44.4,32.1,73.72,1,open
2026-07-22,521.56,521.57,44.1,0.2,0.44,1,open
2026-07-23,521.53,515.04,44.1,-124.4,-286.22,1,open
2026-07-24,516.25,517.25,44.6,19.4,44.55,1,open
2026-07-28,521.37,526.16,44.1,91.9,211.31,1,open
2026-07-29,526.97,522.39,43.6,-86.9,-199.9,1,open
2026-07-30,515.41,518.81,44.6,66.0,151.72,1,open
2026-07-31,521.56,524.05,44.1,47.7,109.81,1,open
2026-08-04,531.27,537.86,43.3,124.0,285.3,1,open
2026-08-05,540.39,543.18,42.6,51.6,118.75,1,open
2026-08-06,542.82,543.77,42.4,17.5,40.25,1,open
2026-08-07,538.25,538.67,42.7,7.8,17.95,1,open
2026-08-11,539.05,539.88,42.7,15.4,35.41,1,open
2026-08-12,537.32,538.95,42.8,30.3,69.77,1,open
2026-08-13,537.12,538.67,42.8,28.9,66.37,1,open
2026-08-14,537.92,537.38,42.8,-10.1,-23.3,1,open
2026-08-18,534.26,533.35,43.1,-17.0,-39.18,1,open
2026-08-19,532.98,535.33,43.2,44.1,101.41,1,open
2026-08-20,534.38,530.32,43.0,-76.0,-174.74,1,open
2026-08-21,527.56,530.0,43.6,46.3,106.38,1,open
2026-08-25,533.65,536.34,43.1,50.4,115.94,1,open
2026-08-26,535.26,535.3,43.0,0.7,1.72,1,open
2026-08-27,534.26,533.54,43.1,-13.5,-31.0,1,open
2026-08-28,535.2,536.5,43.0,24.3,55.87,1,open
2026-09-01,531.58,528.61,43.3,-55.9,-128.5,1,open
2026-09-02,527.76,529.48,43.6,32.6,74.96,1,open
2026-09-03,530.69,534.01,43.3,62.6,143.89,1,open
2026-09-04,536.95,535.09,42.8,-34.6,-79.67,1,open
