day,side,qty,entry_ts,entry_px,exit_ts,exit_px,stop_px,pnl,reason_in,reason_out
2016-01-14,-1,21,2016-01-14 09:00:00-06:00,100.89099999999999,2016-01-14 09:17:00-06:00,101.819,101.8,-194.88,short: close 100.91 < lower 101.19,stop
2016-01-20,-1,12,2016-01-20 09:30:00-06:00,98.67099999999999,2016-01-20 12:00:00-06:00,98.41900000000001,100.19,30.24,short: close 98.69 < lower 98.76,exit short: close 98.40 > lower 98.34
2016-01-27,-1,20,2016-01-27 09:30:00-06:00,101.40599999999999,2016-01-27 10:00:00-06:00,101.77900000000001,102.36,-74.6,short: close 101.43 < lower 101.91,exit short: close 101.76 > lower 101.70
2016-01-29,1,24,2016-01-29 09:30:00-06:00,102.879,2016-01-29 10:00:00-06:00,102.731,102.11,-35.52,long: close 102.86 > upper 102.76,exit long: close 102.75 < upper 102.80
2016-02-03,-1,16,2016-02-03 09:30:00-06:00,100.451,2016-02-03 13:24:00-06:00,101.60900000000001,101.59,-185.28,short: close 100.47 < lower 101.34,stop
2016-02-05,-1,19,2016-02-05 09:00:00-06:00,100.14099999999999,2016-02-05 14:52:00-06:00,97.909,101.11,424.08,short: close 100.15 < lower 100.50,flatten
2016-03-01,1,16,2016-03-01 10:00:00-06:00,104.289,2016-03-01 14:52:00-06:00,105.491,103.09,192.32,long: close 104.27 > upper 104.19,flatten
2016-03-18,-1,42,2016-03-18 09:00:00-05:00,106.92099999999999,2016-03-18 10:00:00-05:00,107.30900000000001,107.35000000000001,-162.96,short: close 106.94 < lower 107.05,exit short: close 107.29 > lower 106.98
2016-03-30,1,28,2016-03-30 09:30:00-05:00,109.869,2016-03-30 10:00:00-05:00,109.841,109.2,-7.84,long: close 109.85 > upper 109.81,exit long: close 109.86 < upper 110.04
2016-04-01,1,23,2016-04-01 10:00:00-05:00,109.71900000000001,2016-04-01 11:30:00-05:00,109.592,108.92,-29.21,long: close 109.71 > upper 109.69,exit long: close 109.61 < upper 109.84
2016-04-06,1,29,2016-04-06 10:00:00-05:00,109.674,2016-04-06 14:52:00-05:00,110.541,109.02,251.43,long: close 109.66 > upper 109.60,flatten
2016-04-07,-1,26,2016-04-07 09:30:00-05:00,109.50099999999999,2016-04-07 11:30:00-05:00,109.32900000000001,110.22,44.72,short: close 109.52 < lower 109.63,exit short: close 109.32 > lower 109.31
2016-04-12,-1,40,2016-04-12 09:30:00-05:00,108.131,2016-04-12 09:31:00-05:00,108.60900000000001,108.59,-191.2,short: close 108.15 < lower 108.18,stop
2016-04-13,1,27,2016-04-13 09:00:00-05:00,110.744,2016-04-13 10:00:00-05:00,110.491,110.04,-68.31,long: close 110.72 > upper 110.63,exit long: close 110.52 < upper 110.98
2016-04-18,1,31,2016-04-18 09:30:00-05:00,111.159,2016-04-18 10:00:00-05:00,111.151,110.56,-2.48,long: close 111.14 > upper 111.08,exit long: close 111.17 < upper 111.19
2016-04-19,-1,46,2016-04-19 09:00:00-05:00,110.651,2016-04-19 09:30:00-05:00,110.869,111.04,-100.28,short: close 110.68 < lower 110.94,exit short: close 110.85 > lower 110.72
2016-04-22,-1,16,2016-04-22 10:00:00-05:00,108.271,2016-04-22 13:00:00-05:00,108.71900000000001,109.47,-71.68,short: close 108.28 < lower 108.72,exit short: close 108.69 > lower 108.53
2016-04-27,-1,18,2016-04-27 09:30:00-05:00,106.821,2016-04-27 10:00:00-05:00,106.944,107.87,-22.14,short: close 106.84 < lower 106.86,exit short: close 106.92 > lower 106.78
2016-04-28,1,32,2016-04-28 10:00:00-05:00,108.284,2016-04-28 10:30:00-05:00,108.25099999999999,107.71000000000001,-10.56,long: close 108.26 > upper 108.21,exit long: close 108.26 < upper 108.27
2016-04-29,-1,45,2016-04-29 09:00:00-05:00,105.681,2016-04-29 12:30:00-05:00,105.799,106.08,-53.1,short: close 105.71 < lower 105.87,exit short: close 105.78 > lower 105.67
2016-05-09,1,44,2016-05-09 09:00:00-05:00,106.16900000000001,2016-05-09 09:30:00-05:00,105.80099999999999,105.76,-161.92,long: close 106.16 > upper 106.01,exit long: close 105.82 < upper 106.03
2016-05-12,-1,27,2016-05-12 10:00:00-05:00,105.69099999999999,2016-05-12 13:00:00-05:00,105.771,106.39,-21.6,short: close 105.72 < lower 105.83,exit short: close 105.75 > lower 105.67
2016-05-16,1,30,2016-05-16 10:00:00-05:00,106.30890000000001,2016-05-16 14:52:00-05:00,106.881,105.69,171.63,long: close 106.29 > upper 106.21,flatten
2016-05-17,-1,40,2016-05-17 09:30:00-05:00,106.223,2016-05-17 10:00:00-05:00,106.459,106.68,-94.4,short: close 106.25 < lower 106.31,exit short: close 106.45 > lower 106.20
2016-05-18,1,36,2016-05-18 09:30:00-05:00,106.21900000000001,2016-05-18 10:00:00-05:00,105.851,105.71000000000001,-132.48,long: close 106.21 > upper 105.90,exit long: close 105.86 < upper 106.00
2016-05-19,-1,29,2016-05-19 09:00:00-05:00,104.916,2016-05-19 09:30:00-05:00,105.02900000000001,105.57000000000001,-32.77,short: close 104.94 < lower 105.00,exit short: close 105.01 > lower 104.96
2016-05-19,-1,26,2016-05-19 10:00:00-05:00,104.786,2016-05-19 10:30:00-05:00,104.82900000000001,105.51,-11.18,short: close 104.80 < lower 104.93,exit short: close 104.78 > lower 104.73
2016-05-20,1,28,2016-05-20 09:00:00-05:00,106.44900000000001,2016-05-20 13:00:00-05:00,106.476,105.79,7.56,long: close 106.43 > upper 106.19,exit long: close 106.50 < upper 106.62
2016-05-24,1,23,2016-05-24 09:00:00-05:00,107.46900000000001,2016-05-24 14:52:00-05:00,108.511,106.65,239.66,long: close 107.44 > upper 107.43,flatten
2016-06-03,-1,32,2016-06-03 09:00:00-05:00,109.83099999999999,2016-06-03 10:00:00-05:00,109.899,110.41,-21.76,short: close 109.87 < lower 109.90,exit short: close 109.87 > lower 109.75
2016-06-14,-1,35,2016-06-14 10:30:00-05:00,107.261,2016-06-14 11:00:00-05:00,107.429,107.78,-58.8,short: close 107.27 < lower 107.38,exit short: close 107.42 > lower 107.40
2016-06-16,-1,30,2016-06-16 09:00:00-05:00,106.771,2016-06-16 10:30:00-05:00,107.004,107.38,-69.9,short: close 106.80 < lower 106.84,exit short: close 106.99 > lower 106.83
2016-06-17,-1,31,2016-06-17 09:00:00-05:00,106.89099999999999,2016-06-17 14:52:00-05:00,106.46900000000001,107.48,130.82,short: close 106.91 < lower 107.20,flatten
2016-06-22,1,36,2016-06-22 10:30:00-05:00,108.179,2016-06-22 11:23:00-05:00,107.651,107.67,-190.08,long: close 108.16 > upper 108.03,stop
2016-06-27,-1,22,2016-06-27 09:00:00-05:00,102.92099999999999,2016-06-27 14:52:00-05:00,102.30900000000001,103.79,134.64,short: close 102.94 < lower 103.11,flatten
2016-06-28,1,17,2016-06-28 09:00:00-05:00,104.049,2016-06-28 10:00:00-05:00,103.791,102.97,-43.86,long: close 104.03 > upper 103.89,exit long: close 103.80 < upper 104.00
2016-06-29,1,18,2016-06-29 10:30:00-05:00,106.02900000000001,2016-06-29 14:52:00-05:00,106.25099999999999,104.97,39.96,long: close 106.01 > upper 105.92,flatten
2016-07-01,1,25,2016-07-01 09:30:00-05:00,108.339,2016-07-01 10:30:00-05:00,108.25099999999999,107.58,-22.0,long: close 108.31 > upper 108.30,exit long: close 108.27 < upper 108.39
2016-07-08,1,17,2016-07-08 10:30:00-05:00,110.09400000000001,2016-07-08 11:00:00-05:00,110.00489999999999,108.96000000000001,-15.15,long: close 110.07 > upper 110.03,exit long: close 110.02 < upper 110.06
2016-07-20,1,22,2016-07-20 10:00:00-05:00,113.394,2016-07-20 11:00:00-05:00,113.431,112.54,8.14,long: close 113.37 > upper 113.29,exit long: close 113.45 < upper 113.50
2016-07-26,1,60,2016-07-26 09:00:00-05:00,114.134,2016-07-26 09:53:00-05:00,113.821,113.84,-187.8,long: close 114.11 > upper 113.94,stop
2016-08-01,1,54,2016-08-01 09:30:00-05:00,115.839,2016-08-01 11:20:00-05:00,115.491,115.51,-187.92,long: close 115.82 > upper 115.60,stop
2016-08-02,-1,59,2016-08-02 09:00:00-05:00,115.39099999999999,2016-08-02 14:52:00-05:00,115.024,115.69,216.53,short: close 115.41 < lower 115.45,flatten
2016-08-05,1,34,2016-08-05 09:00:00-05:00,116.80900000000001,2016-08-05 14:00:00-05:00,116.771,116.27,-12.92,long: close 116.79 > upper 116.52,exit long: close 116.78 < upper 116.80
2016-08-08,-1,45,2016-08-08 09:30:00-05:00,116.351,2016-08-08 10:00:00-05:00,116.459,116.75,-48.6,short: close 116.37 < lower 116.40,exit short: close 116.43 > lower 116.25
2016-08-09,1,34,2016-08-09 10:30:00-05:00,117.24900000000001,2016-08-09 11:00:00-05:00,117.161,116.71000000000001,-29.92,long: close 117.23 > upper 117.23,exit long: close 117.18 < upper 117.32
2016-08-15,1,49,2016-08-15 09:00:00-05:00,117.6589,2016-08-15 10:00:00-05:00,117.80199999999999,117.29,70.12,long: close 117.64 > upper 117.63,exit long: close 117.82 < upper 117.87
2016-08-15,1,31,2016-08-15 10:30:00-05:00,117.929,2016-08-15 11:00:00-05:00,117.836,117.34,-28.83,long: close 117.91 > upper 117.86,exit long: close 117.86 < upper 117.88
2016-08-17,-1,57,2016-08-17 09:00:00-05:00,116.72099999999999,2016-08-17 09:30:00-05:00,116.739,117.03,-10.26,short: close 116.74 < lower 116.75,exit short: close 116.72 > lower 116.62
2016-08-26,1,45,2016-08-26 09:30:00-05:00,117.49900000000001,2016-08-26 10:40:00-05:00,117.081,117.10000000000001,-188.1,long: close 117.47 > upper 117.02,stop
2016-09-08,-1,50,2016-09-08 09:00:00-05:00,117.201,2016-09-08 09:30:00-05:00,117.319,117.56,-59.0,short: close 117.22 < lower 117.40,exit short: close 117.30 > lower 117.27
2016-09-12,1,35,2016-09-12 09:00:00-05:00,114.649,2016-09-12 14:52:00-05:00,116.22099999999999,114.12,550.2,long: close 114.65 > upper 114.49,flatten
2016-09-13,-1,27,2016-09-13 10:00:00-05:00,115.151,2016-09-13 12:30:00-05:00,115.41900000000001,115.85000000000001,-72.36,short: close 115.18 < lower 115.32,exit short: close 115.40 > lower 115.05
2016-09-14,1,45,2016-09-14 09:00:00-05:00,115.85900000000001,2016-09-14 13:00:00-05:00,115.911,115.46000000000001,23.4,long: close 115.84 > upper 115.75,exit long: close 115.93 < upper 116.25
2016-09-15,1,47,2016-09-15 09:00:00-05:00,116.30900000000001,2016-09-15 14:52:00-05:00,117.651,115.93,630.74,long: close 116.29 > upper 116.26,flatten
2016-09-27,1,42,2016-09-27 09:00:00-05:00,117.979,2016-09-27 10:00:00-05:00,117.761,117.55,-91.56,long: close 117.95 > upper 117.75,exit long: close 117.77 < upper 117.93
2016-09-27,1,25,2016-09-27 10:30:00-05:00,118.12400000000001,2016-09-27 14:52:00-05:00,118.461,117.38,84.25,long: close 118.11 > upper 118.06,flatten
2016-10-05,1,38,2016-10-05 09:30:00-05:00,119.069,2016-10-05 10:00:00-05:00,118.83099999999999,118.59,-90.44,long: close 119.05 > upper 119.02,exit long: close 118.86 < upper 119.11
2016-10-07,-1,52,2016-10-07 10:00:00-05:00,118.42099999999999,2016-10-07 10:30:00-05:00,118.509,118.76,-45.76,short: close 118.44 < lower 118.46,exit short: close 118.49 > lower 118.33
2016-10-10,1,30,2016-10-10 09:00:00-05:00,119.40400000000001,2016-10-10 10:30:00-05:00,119.31599999999999,118.79,-26.4,long: close 119.38 > upper 119.38,exit long: close 119.33 < upper 119.49
2016-10-11,-1,46,2016-10-11 09:00:00-05:00,118.53099999999999,2016-10-11 14:52:00-05:00,117.49900000000001,118.92,474.72,short: close 118.54 < lower 118.77,flatten
2016-10-13,-1,24,2016-10-13 09:00:00-05:00,116.091,2016-10-13 10:00:00-05:00,116.337,116.87,-59.04,short: close 116.11 < lower 116.25,exit short: close 116.31 > lower 116.17
2016-10-20,-1,37,2016-10-20 10:00:00-05:00,117.201,2016-10-20 10:30:00-05:00,117.399,117.7,-73.26,short: close 117.21 < lower 117.25,exit short: close 117.37 > lower 117.27
2016-10-24,1,24,2016-10-24 10:30:00-05:00,119.369,2016-10-24 11:00:00-05:00,119.28099999999999,118.59,-21.12,long: close 119.36 > upper 119.34,exit long: close 119.30 < upper 119.41
2016-11-04,1,35,2016-11-04 10:30:00-05:00,114.43900000000001,2016-11-04 11:00:00-05:00,114.231,113.91,-72.8,long: close 114.42 > upper 114.42,exit long: close 114.26 < upper 114.43
2016-11-07,1,13,2016-11-07 10:00:00-06:00,116.099,2016-11-07 14:00:00-06:00,116.11099999999999,114.66,1.56,long: close 116.08 > upper 116.00,exit long: close 116.13 < upper 116.18
2016-11-10,-1,29,2016-11-10 09:30:00-06:00,115.241,2016-11-10 12:09:00-06:00,115.909,115.89,-193.72,short: close 115.25 < lower 117.24,stop
2016-11-14,-1,43,2016-11-14 09:00:00-06:00,114.92099999999999,2016-11-14 09:17:00-06:00,115.35900000000001,115.34,-188.34,short: close 114.95 < lower 115.40,stop
2016-11-14,-1,28,2016-11-14 09:30:00-06:00,114.961,2016-11-14 12:00:00-06:00,114.599,115.62,101.36,short: close 114.97 < lower 115.17,exit short: close 114.56 > lower 114.56
2016-11-15,1,16,2016-11-15 09:30:00-06:00,116.26400000000001,2016-11-15 10:00:00-06:00,116.101,115.12,-26.08,long: close 116.24 > upper 116.20,exit long: close 116.13 < upper 116.51
2016-11-21,1,27,2016-11-21 09:00:00-06:00,118.32900000000001,2016-11-21 09:30:00-06:00,117.8309,117.64,-134.49,long: close 118.30 > upper 118.15,exit long: close 117.84 < upper 118.43
2016-12-01,-1,34,2016-12-01 09:00:00-06:00,116.771,2016-12-01 14:52:00-06:00,115.459,117.31,446.08,short: close 116.78 < lower 116.91,flatten
2016-12-13,1,34,2016-12-13 09:00:00-06:00,120.46900000000001,2016-12-13 14:52:00-06:00,120.62599999999999,119.93,53.38,long: close 120.44 > upper 119.70,flatten
2016-12-16,-1,23,2016-12-16 10:30:00-06:00,119.491,2016-12-16 11:00:00-06:00,119.879,120.29,-89.24,short: close 119.52 < lower 119.55,exit short: close 119.86 > lower 119.43
2016-12-19,1,24,2016-12-19 10:00:00-06:00,120.55900000000001,2016-12-19 10:30:00-06:00,120.42099999999999,119.78,-33.12,long: close 120.55 > upper 120.46,exit long: close 120.41 < upper 120.57
2016-12-27,1,35,2016-12-27 09:00:00-06:00,121.429,2016-12-27 11:00:00-06:00,121.011,120.91,-146.3,long: close 121.40 > upper 120.85,exit long: close 121.03 < upper 121.05
2016-12-30,-1,29,2016-12-30 09:00:00-06:00,118.841,2016-12-30 14:52:00-06:00,118.194,119.49000000000001,187.63,short: close 118.89 < lower 119.15,flatten
2017-01-12,-1,24,2017-01-12 09:30:00-06:00,121.886,2017-01-12 10:30:00-06:00,121.979,122.66,-22.32,short: close 121.92 < lower 121.94,exit short: close 121.95 > lower 121.84
2017-01-30,-1,39,2017-01-30 09:00:00-06:00,124.541,2017-01-30 14:52:00-06:00,124.88900000000001,125.01,-135.72,short: close 124.56 < lower 125.11,flatten
2017-02-07,1,35,2017-02-07 10:00:00-06:00,126.489,2017-02-07 10:30:00-06:00,126.321,125.96000000000001,-58.8,long: close 126.48 > upper 126.48,exit long: close 126.34 < upper 126.47
2017-02-09,1,36,2017-02-09 10:30:00-06:00,127.13900000000001,2017-02-09 14:30:00-06:00,127.08099999999999,126.63000000000001,-20.88,long: close 127.11 > upper 127.09,exit long: close 127.10 < upper 127.10
2017-02-21,1,59,2017-02-21 09:00:00-06:00,130.314,2017-02-21 10:00:00-06:00,130.351,130.01,21.83,long: close 130.29 > upper 130.22,exit long: close 130.38 < upper 130.44
2017-02-23,-1,50,2017-02-23 09:30:00-06:00,129.9983,2017-02-23 14:00:00-06:00,130.089,130.36,-45.35,short: close 130.01 < lower 130.22,exit short: close 130.07 > lower 130.06
2017-03-02,-1,41,2017-03-02 10:30:00-06:00,130.951,2017-03-02 11:00:00-06:00,131.079,131.39000000000001,-52.48,short: close 130.96 < lower 131.00,exit short: close 131.06 > lower 131.04
2017-03-08,1,60,2017-03-08 09:00:00-06:00,130.959,2017-03-08 10:45:00-06:00,130.701,130.72,-154.8,long: close 130.94 > upper 130.77,stop
2017-03-14,-1,39,2017-03-14 09:30:00-05:00,130.821,2017-03-14 10:00:00-05:00,131.019,131.29,-77.22,short: close 130.84 < lower 130.98,exit short: close 131.00 > lower 130.92
2017-03-20,1,49,2017-03-20 09:30:00-05:00,132.0873,2017-03-20 10:00:00-05:00,131.986,131.72,-49.64,long: close 132.06 > upper 132.02,exit long: close 132.01 < upper 132.04
2017-03-21,-1,29,2017-03-21 10:00:00-05:00,131.231,2017-03-21 14:52:00-05:00,129.769,131.88,423.98,short: close 131.24 < lower 131.41,flatten
2017-03-22,1,37,2017-03-22 10:30:00-05:00,130.669,2017-03-22 12:03:00-05:00,130.151,130.17000000000002,-191.66,long: close 130.65 > upper 130.34,stop
2017-03-23,-1,60,2017-03-23 09:00:00-05:00,130.37099999999998,2017-03-23 09:30:00-05:00,130.3863,130.6,-9.18,short: close 130.38 < lower 130.38,exit short: close 130.36 > lower 130.14
2017-03-24,1,49,2017-03-24 09:00:00-05:00,131.12900000000002,2017-03-24 09:30:00-05:00,131.0537,130.76,-36.9,long: close 131.11 > upper 130.95,exit long: close 131.08 < upper 131.18
2017-03-29,1,60,2017-03-29 09:00:00-05:00,131.999,2017-03-29 09:30:00-05:00,131.971,131.77,-16.8,long: close 131.96 > upper 131.91,exit long: close 131.99 < upper 132.07
2017-04-05,1,57,2017-04-05 09:00:00-05:00,132.939,2017-04-05 10:30:00-05:00,133.059,132.63,68.4,long: close 132.96 > upper 132.90,exit long: close 133.07 < upper 133.37
2017-04-07,-1,60,2017-04-07 09:00:00-05:00,131.551,2017-04-07 09:09:00-05:00,131.829,131.81,-166.8,short: close 131.58 < lower 131.75,stop
2017-04-10,1,51,2017-04-10 09:00:00-05:00,132.409,2017-04-10 09:30:00-05:00,132.351,132.06,-29.58,long: close 132.39 > upper 132.38,exit long: close 132.37 < upper 132.44
2017-04-11,-1,46,2017-04-11 09:00:00-05:00,131.291,2017-04-11 11:30:00-05:00,131.329,131.68,-17.48,short: close 131.31 < lower 131.56,exit short: close 131.31 > lower 131.27
2017-05-03,-1,37,2017-05-03 10:00:00-05:00,136.661,2017-05-03 10:30:00-05:00,136.899,137.16,-88.06,short: close 136.68 < lower 136.79,exit short: close 136.88 > lower 136.72
2017-05-09,1,44,2017-05-09 09:00:00-05:00,138.409,2017-05-09 11:00:00-05:00,138.291,138.0,-51.92,long: close 138.38 > upper 138.36,exit long: close 138.31 < upper 138.40
2017-05-10,-1,54,2017-05-10 09:30:00-05:00,137.941,2017-05-10 10:27:00-05:00,138.28900000000002,138.27,-187.92,short: close 137.96 < lower 138.03,stop
2017-05-11,-1,37,2017-05-11 09:00:00-05:00,137.62099999999998,2017-05-11 11:30:00-05:00,137.84900000000002,138.11,-84.36,short: close 137.65 < lower 137.71,exit short: close 137.83 > lower 137.71
2017-05-15,1,47,2017-05-15 10:00:00-05:00,139.079,2017-05-15 10:30:00-05:00,138.87099999999998,138.70000000000002,-97.76,long: close 139.06 > upper 139.00,exit long: close 138.89 < upper 138.99
2017-05-17,-1,21,2017-05-17 09:00:00-05:00,138.101,2017-05-17 14:52:00-05:00,136.309,138.99,376.32,short: close 138.13 < lower 138.20,flatten
2017-05-18,1,47,2017-05-18 09:00:00-05:00,136.549,2017-05-18 14:52:00-05:00,137.411,136.17000000000002,405.14,long: close 136.52 > upper 136.45,flatten
2017-05-22,1,34,2017-05-22 09:00:00-05:00,138.594,2017-05-22 09:30:00-05:00,138.601,138.04,2.38,long: close 138.58 > upper 138.55,exit long: close 138.61 < upper 138.69
2017-05-22,1,27,2017-05-22 10:30:00-05:00,138.709,2017-05-22 14:52:00-05:00,139.021,138.02,84.24,long: close 138.69 > upper 138.69,flatten
2017-05-31,-1,29,2017-05-31 09:00:00-05:00,140.891,2017-05-31 09:30:00-05:00,140.889,141.52,0.58,short: close 140.91 < lower 140.92,exit short: close 140.87 > lower 140.75
2017-06-12,-1,20,2017-06-12 09:00:00-05:00,137.921,2017-06-12 09:52:00-05:00,138.899,138.88,-195.6,short: close 137.94 < lower 138.45,stop
2017-06-15,-1,16,2017-06-15 09:30:00-05:00,137.71099999999998,2017-06-15 10:00:00-05:00,138.249,138.91,-86.08,short: close 137.74 < lower 137.85,exit short: close 138.23 > lower 137.93
2017-06-16,-1,25,2017-06-16 09:30:00-05:00,137.971,2017-06-16 11:30:00-05:00,138.389,138.71,-104.5,short: close 137.99 < lower 138.18,exit short: close 138.37 > lower 138.22
2017-06-19,1,15,2017-06-19 09:30:00-05:00,140.279,2017-06-19 13:30:00-05:00,140.197,139.06,-12.3,long: close 140.25 > upper 140.06,exit long: close 140.21 < upper 140.27
2017-06-21,1,29,2017-06-21 10:00:00-05:00,140.25400000000002,2017-06-21 10:30:00-05:00,140.091,139.62,-47.27,long: close 140.24 > upper 140.14,exit long: close 140.12 < upper 140.17
2017-06-26,-1,20,2017-06-26 10:30:00-05:00,140.62099999999998,2017-06-26 11:00:00-05:00,140.87900000000002,141.54,-51.6,short: close 140.64 < lower 140.70,exit short: close 140.86 > lower 140.74
2017-06-28,1,22,2017-06-28 10:00:00-05:00,139.189,2017-06-28 10:30:00-05:00,139.001,138.34,-41.36,long: close 139.18 > upper 139.13,exit long: close 139.01 < upper 139.21
2017-06-29,-1,25,2017-06-29 09:00:00-05:00,138.591,2017-06-29 14:52:00-05:00,137.779,139.33,203.0,short: close 138.60 < lower 138.97,flatten
2017-07-07,1,30,2017-07-07 09:00:00-05:00,137.359,2017-07-07 09:30:00-05:00,137.281,136.74,-23.4,long: close 137.35 > upper 137.14,exit long: close 137.30 < upper 137.36
2017-07-13,1,36,2017-07-13 09:00:00-05:00,141.299,2017-07-13 09:28:00-05:00,140.771,140.79,-190.08,long: close 141.28 > upper 141.28,stop
2017-07-31,-1,38,2017-07-31 09:30:00-05:00,143.281,2017-07-31 11:00:00-05:00,143.529,143.76,-94.24,short: close 143.30 < lower 143.55,exit short: close 143.51 > lower 143.49
2017-08-02,-1,23,2017-08-02 09:30:00-05:00,143.146,2017-08-02 11:00:00-05:00,143.209,143.97,-14.49,short: close 143.16 < lower 143.16,exit short: close 143.18 > lower 143.10
2017-08-03,-1,40,2017-08-03 09:00:00-05:00,143.501,2017-08-03 09:30:00-05:00,143.579,143.96,-31.2,short: close 143.53 < lower 143.60,exit short: close 143.55 > lower 143.46
2017-08-10,-1,23,2017-08-10 09:00:00-05:00,142.87099999999998,2017-08-10 14:52:00-05:00,141.054,143.68,417.91,short: close 142.88 < lower 142.92,flatten
2017-08-11,1,29,2017-08-11 09:30:00-05:00,141.829,2017-08-11 10:30:00-05:00,141.4825,141.19,-100.49,long: close 141.81 > upper 141.77,exit long: close 141.51 < upper 141.92
2017-08-17,-1,20,2017-08-17 09:30:00-05:00,142.791,2017-08-17 11:00:00-05:00,142.869,143.72,-15.6,short: close 142.81 < lower 143.08,exit short: close 142.85 > lower 142.77
2017-08-18,-1,37,2017-08-18 09:00:00-05:00,140.661,2017-08-18 09:06:00-05:00,141.179,141.16,-191.66,short: close 140.67 < lower 140.87,stop
2017-08-21,-1,29,2017-08-21 09:30:00-05:00,140.361,2017-08-21 10:00:00-05:00,140.56900000000002,141.0,-60.32,short: close 140.39 < lower 140.59,exit short: close 140.55 > lower 140.51
2017-08-22,1,22,2017-08-22 09:00:00-05:00,142.31900000000002,2017-08-22 14:52:00-05:00,143.296,141.47,214.94,long: close 142.30 > upper 142.29,flatten
2017-08-24,-1,22,2017-08-24 10:30:00-05:00,141.761,2017-08-24 11:00:00-05:00,141.87900000000002,142.63,-25.96,short: close 141.78 < lower 141.99,exit short: close 141.86 > lower 141.77
2017-08-30,1,21,2017-08-30 10:00:00-05:00,143.989,2017-08-30 10:30:00-05:00,143.881,143.1,-22.68,long: close 143.97 > upper 143.93,exit long: close 143.90 < upper 144.04
2017-09-11,1,17,2017-09-11 09:00:00-05:00,145.919,2017-09-11 09:30:00-05:00,145.941,144.83,3.74,long: close 145.90 > upper 145.85,exit long: close 145.97 < upper 145.98
2017-09-15,1,29,2017-09-15 10:00:00-05:00,146.449,2017-09-15 10:30:00-05:00,146.251,145.81,-57.42,long: close 146.44 > upper 146.20,exit long: close 146.28 < upper 146.30
2017-09-20,-1,32,2017-09-20 10:00:00-05:00,144.916,2017-09-20 11:00:00-05:00,145.204,145.49,-92.16,short: close 144.93 < lower 145.21,exit short: close 145.18 > lower 145.16
2017-09-21,-1,41,2017-09-21 09:00:00-05:00,144.451,2017-09-21 10:30:00-05:00,144.689,144.89000000000001,-97.58,short: close 144.48 < lower 144.87,exit short: close 144.68 > lower 144.65
2017-09-25,-1,28,2017-09-25 09:00:00-05:00,143.341,2017-09-25 09:30:00-05:00,143.429,144.01,-24.64,short: close 143.35 < lower 143.37,exit short: close 143.42 > lower 143.28
2017-09-25,-1,23,2017-09-25 10:00:00-05:00,142.581,2017-09-25 14:52:00-05:00,142.659,143.41,-17.94,short: close 142.61 < lower 143.21,flatten
2017-10-19,-1,27,2017-10-19 09:00:00-05:00,147.501,2017-10-19 09:30:00-05:00,147.78900000000002,148.18,-77.76,short: close 147.53 < lower 147.76,exit short: close 147.76 > lower 147.74
2017-10-23,-1,41,2017-10-23 09:30:00-05:00,148.37099999999998,2017-10-23 11:30:00-05:00,148.554,148.81,-75.03,short: close 148.38 < lower 148.41,exit short: close 148.53 > lower 148.27
2017-10-25,-1,37,2017-10-25 10:30:00-05:00,146.74099999999999,2017-10-25 12:40:00-05:00,147.249,147.23,-187.96,short: close 146.76 < lower 147.37,stop
2017-10-27,1,13,2017-10-27 09:00:00-05:00,149.81900000000002,2017-10-27 14:52:00-05:00,151.381,148.39000000000001,203.06,long: close 149.79 > upper 149.59,flatten
2017-10-30,1,46,2017-10-30 09:00:00-05:00,151.749,2017-10-30 10:30:00-05:00,151.516,151.36,-107.18,long: close 151.74 > upper 151.54,exit long: close 151.53 < upper 151.75
2017-11-02,-1,33,2017-11-02 09:30:00-05:00,151.391,2017-11-02 11:30:00-05:00,151.59900000000002,151.95000000000002,-68.64,short: close 151.41 < lower 151.44,exit short: close 151.57 > lower 151.38
2017-11-15,-1,25,2017-11-15 09:00:00-06:00,151.951,2017-11-15 09:30:00-06:00,152.449,152.69,-124.5,short: close 152.01 < lower 152.24,exit short: close 152.45 > lower 152.06
2017-11-16,1,20,2017-11-16 10:00:00-06:00,154.279,2017-11-16 14:52:00-06:00,154.62099999999998,153.34,68.4,long: close 154.26 > upper 153.92,flatten
2017-11-21,1,26,2017-11-21 09:00:00-06:00,155.299,2017-11-21 14:52:00-06:00,155.40099999999998,154.57,26.52,long: close 155.28 > upper 154.90,flatten
2017-11-29,-1,40,2017-11-29 09:00:00-06:00,155.521,2017-11-29 14:52:00-06:00,153.869,155.98,660.8,short: close 155.53 < lower 156.07,flatten
2017-12-01,-1,15,2017-12-01 10:30:00-06:00,152.9775,2017-12-01 11:00:00-06:00,153.699,154.24,-108.23,short: close 153.00 < lower 153.41,exit short: close 153.68 > lower 153.36
2017-12-04,-1,15,2017-12-04 10:00:00-06:00,153.226,2017-12-04 10:30:00-06:00,153.67430000000002,154.47,-67.25,short: close 153.25 < lower 153.75,exit short: close 153.64 > lower 153.62
2017-12-05,1,34,2017-12-05 09:00:00-06:00,153.704,2017-12-05 12:00:00-06:00,153.5511,153.15,-51.99,long: close 153.68 > upper 153.23,exit long: close 153.58 < upper 153.62
2017-12-29,-1,35,2017-12-29 10:00:00-06:00,156.201,2017-12-29 11:00:00-06:00,156.34900000000002,156.72,-51.8,short: close 156.21 < lower 156.28,exit short: close 156.33 > lower 156.22
2018-01-02,1,25,2018-01-02 09:00:00-06:00,157.50900000000001,2018-01-02 14:52:00-06:00,158.501,156.76,248.0,long: close 157.49 > upper 156.87,flatten
2018-01-03,1,35,2018-01-03 09:00:00-06:00,159.449,2018-01-03 14:52:00-06:00,160.08599999999998,158.93,222.95,long: close 159.43 > upper 159.06,flatten
2018-01-12,1,28,2018-01-12 09:30:00-06:00,163.864,2018-01-12 14:52:00-06:00,164.6,163.20000000000002,206.08,long: close 163.84 > upper 163.83,flatten
2018-01-16,1,17,2018-01-16 09:00:00-06:00,166.249,2018-01-16 09:30:00-06:00,166.021,165.15,-38.76,long: close 166.23 > upper 166.11,exit long: close 166.03 < upper 166.16
2018-01-22,1,26,2018-01-22 09:30:00-06:00,167.189,2018-01-22 13:30:00-06:00,167.49099999999999,166.47,78.52,long: close 167.16 > upper 167.01,exit long: close 167.51 < upper 167.53
2018-01-23,1,18,2018-01-23 10:00:00-06:00,169.489,2018-01-23 10:30:00-06:00,169.411,168.43,-14.04,long: close 169.47 > upper 169.44,exit long: close 169.43 < upper 169.43
2018-02-02,-1,21,2018-02-02 09:00:00-06:00,166.571,2018-02-02 10:00:00-06:00,166.769,167.47,-41.58,short: close 166.59 < lower 166.75,exit short: close 166.75 > lower 166.53
2018-02-02,-1,17,2018-02-02 10:30:00-06:00,166.421,2018-02-02 11:30:00-06:00,166.81900000000002,167.53,-67.66,short: close 166.44 < lower 166.54,exit short: close 166.80 > lower 166.45
2018-02-05,1,14,2018-02-05 09:30:00-06:00,165.534,2018-02-05 10:00:00-06:00,165.021,164.19,-71.82,long: close 165.49 > upper 165.20,exit long: close 165.04 < upper 165.30
2018-02-06,1,11,2018-02-06 09:00:00-06:00,159.3989,2018-02-06 09:17:00-06:00,157.671,157.69,-190.07,long: close 159.35 > upper 158.78,stop
2018-02-08,-1,13,2018-02-08 10:00:00-06:00,158.191,2018-02-08 14:52:00-06:00,154.81900000000002,159.67000000000002,438.36,short: close 158.19 < lower 158.97,flatten
2018-02-14,1,12,2018-02-14 09:30:00-06:00,160.969,2018-02-14 10:00:00-06:00,160.951,159.46,-2.16,long: close 160.94 > upper 160.73,exit long: close 160.99 < upper 161.16
2018-02-14,1,9,2018-02-14 10:30:00-06:00,161.249,2018-02-14 11:00:00-06:00,160.951,159.26,-26.82,long: close 161.23 > upper 161.21,exit long: close 160.96 < upper 161.37
2018-03-01,-1,26,2018-03-01 09:00:00-06:00,165.87099999999998,2018-03-01 09:03:00-06:00,166.59900000000002,166.58,-189.28,short: close 165.88 < lower 166.48,stop
2018-03-19,-1,14,2018-03-19 09:30:00-05:00,168.7209,2018-03-19 14:52:00-05:00,166.859,170.06,260.67,short: close 168.74 < lower 168.78,flatten
2018-03-20,1,40,2018-03-20 09:30:00-05:00,167.639,2018-03-20 10:00:00-05:00,167.74099999999999,167.18,40.8,long: close 167.62 > upper 167.58,exit long: close 167.75 < upper 168.07
2018-03-28,-1,16,2018-03-28 10:00:00-05:00,157.231,2018-03-28 11:00:00-05:00,157.709,158.42000000000002,-76.48,short: close 157.26 < lower 157.41,exit short: close 157.70 > lower 156.80
2018-03-29,1,14,2018-03-29 10:00:00-05:00,159.579,2018-03-29 10:30:00-05:00,159.201,158.26,-52.92,long: close 159.57 > upper 159.03,exit long: close 159.23 < upper 159.48
2018-04-02,-1,17,2018-04-02 09:00:00-05:00,158.171,2018-04-02 14:52:00-05:00,155.53990000000002,159.28,447.29,short: close 158.20 < lower 158.48,flatten
2018-04-09,1,12,2018-04-09 09:00:00-05:00,159.00900000000001,2018-04-09 13:30:00-05:00,159.761,157.5,90.24,long: close 158.99 > upper 158.85,exit long: close 159.81 < upper 160.91
2018-04-20,-1,11,2018-04-20 10:30:00-05:00,162.421,2018-04-20 11:00:00-05:00,162.739,164.07,-34.98,short: close 162.42 < lower 163.08,exit short: close 162.70 > lower 162.60
2018-04-24,-1,12,2018-04-24 10:00:00-05:00,160.691,2018-04-24 14:52:00-05:00,158.53900000000002,162.20000000000002,258.24,short: close 160.71 < lower 160.75,flatten
2018-04-25,-1,19,2018-04-25 09:00:00-05:00,156.791,2018-04-25 09:30:00-05:00,157.62900000000002,157.8,-159.22,short: close 156.80 < lower 157.63,exit short: close 157.58 > lower 157.47
2018-05-04,1,18,2018-05-04 09:00:00-05:00,162.209,2018-05-04 14:52:00-05:00,164.716,161.17000000000002,451.26,long: close 162.19 > upper 162.10,flatten
2018-05-15,-1,11,2018-05-15 09:00:00-05:00,167.161,2018-05-15 09:30:00-05:00,167.769,168.84,-66.88,short: close 167.19 < lower 167.40,exit short: close 167.76 > lower 167.07
2018-05-24,-1,26,2018-05-24 09:00:00-05:00,168.671,2018-05-24 10:30:00-05:00,168.6782,169.39000000000001,-1.87,short: close 168.70 < lower 168.86,exit short: close 168.66 > lower 168.46
2018-06-01,1,15,2018-06-01 09:30:00-05:00,171.899,2018-06-01 14:52:00-05:00,172.671,170.67000000000002,115.8,long: close 171.87 > upper 171.70,flatten
2018-06-07,-1,22,2018-06-07 09:30:00-05:00,174.721,2018-06-07 14:52:00-05:00,174.579,175.56,31.24,short: close 174.73 < lower 175.06,flatten
2018-06-14,1,16,2018-06-14 09:30:00-05:00,177.56900000000002,2018-06-14 10:00:00-05:00,176.9594,176.41,-97.54,long: close 177.54 > upper 177.36,exit long: close 176.97 < upper 177.56
2018-06-21,-1,22,2018-06-21 09:30:00-05:00,176.041,2018-06-21 10:30:00-05:00,176.449,176.89000000000001,-89.76,short: close 176.07 < lower 176.63,exit short: close 176.41 > lower 176.31
2018-06-22,-1,26,2018-06-22 09:00:00-05:00,175.186,2018-06-22 10:00:00-05:00,175.239,175.91,-13.78,short: close 175.21 < lower 175.29,exit short: close 175.22 > lower 174.94
2018-06-25,-1,16,2018-06-25 09:00:00-05:00,172.721,2018-06-25 14:52:00-05:00,171.334,173.89000000000001,221.92,short: close 172.75 < lower 173.28,flatten
2018-06-28,1,20,2018-06-28 10:00:00-05:00,170.549,2018-06-28 10:30:00-05:00,170.631,169.63,16.4,long: close 170.53 > upper 170.51,exit long: close 170.67 < upper 170.77
2018-07-06,1,13,2018-07-06 10:30:00-05:00,174.809,2018-07-06 14:00:00-05:00,175.3826,173.37,74.57,long: close 174.79 > upper 174.54,exit long: close 175.41 < upper 175.42
2018-07-12,1,13,2018-07-12 09:30:00-05:00,178.339,2018-07-12 10:00:00-05:00,178.131,176.85,-27.04,long: close 178.31 > upper 178.31,exit long: close 178.14 < upper 178.47
2018-07-12,1,12,2018-07-12 10:30:00-05:00,178.50900000000001,2018-07-12 13:00:00-05:00,178.8255,176.89000000000001,37.98,long: close 178.48 > upper 178.44,exit long: close 178.84 < upper 179.10
2018-07-27,-1,15,2018-07-27 10:00:00-05:00,179.411,2018-07-27 14:52:00-05:00,177.749,180.65,249.3,short: close 179.45 < lower 179.47,flatten
2018-07-30,-1,32,2018-07-30 09:00:00-05:00,175.631,2018-07-30 09:09:00-05:00,176.229,176.21,-191.36,short: close 175.65 < lower 177.08,stop
2018-07-30,-1,26,2018-07-30 09:30:00-05:00,176.091,2018-07-30 14:52:00-05:00,175.169,176.8,239.72,short: close 176.11 < lower 176.95,flatten
2018-08-13,1,22,2018-08-13 09:00:00-05:00,181.53900000000002,2018-08-13 10:00:00-05:00,181.68099999999998,180.70000000000002,31.24,long: close 181.52 > upper 181.52,exit long: close 181.69 < upper 181.75
2018-08-15,-1,12,2018-08-15 09:30:00-05:00,178.231,2018-08-15 11:30:00-05:00,178.87900000000002,179.84,-77.76,short: close 178.25 < lower 179.17,exit short: close 178.86 > lower 178.69
2018-08-20,-1,27,2018-08-20 09:00:00-05:00,179.281,2018-08-20 09:30:00-05:00,179.37900000000002,179.98,-26.46,short: close 179.30 < lower 179.38,exit short: close 179.35 > lower 178.97
2018-08-23,1,28,2018-08-23 09:00:00-05:00,181.809,2018-08-23 10:00:00-05:00,181.541,181.15,-75.04,long: close 181.79 > upper 181.56,exit long: close 181.56 < upper 181.90
2018-08-24,1,15,2018-08-24 10:00:00-05:00,182.37900000000002,2018-08-24 14:52:00-05:00,182.521,181.14000000000001,21.3,long: close 182.35 > upper 182.32,flatten
2018-08-29,1,16,2018-08-29 10:00:00-05:00,186.059,2018-08-29 14:52:00-05:00,186.661,184.86,96.32,long: close 186.04 > upper 185.95,flatten
2018-09-04,-1,21,2018-09-04 09:00:00-05:00,185.411,2018-09-04 09:30:00-05:00,185.779,186.3,-77.28,short: close 185.30 < lower 185.47,exit short: close 185.75 > lower 185.08
2018-09-05,-1,23,2018-09-05 09:00:00-05:00,184.131,2018-09-05 14:52:00-05:00,183.209,184.95000000000002,212.06,short: close 184.15 < lower 184.90,flatten
2018-09-06,-1,18,2018-09-06 09:30:00-05:00,182.341,2018-09-06 14:52:00-05:00,181.859,183.4,86.76,short: close 182.36 < lower 182.44,flatten
2018-09-12,-1,12,2018-09-12 10:00:00-05:00,181.261,2018-09-12 10:30:00-05:00,182.529,182.88,-152.16,short: close 181.28 < lower 181.37,exit short: close 182.51 > lower 181.45
2018-09-17,-1,12,2018-09-17 10:00:00-05:00,181.9599,2018-09-17 11:00:00-05:00,182.489,183.57,-63.49,short: close 181.98 < lower 182.20,exit short: close 182.47 > lower 182.05
2018-09-18,1,18,2018-09-18 09:00:00-05:00,182.769,2018-09-18 12:00:00-05:00,183.101,181.75,59.76,long: close 182.73 > upper 182.44,exit long: close 183.11 < upper 183.22
2018-10-04,-1,18,2018-10-04 09:00:00-05:00,184.271,2018-10-04 14:52:00-05:00,182.409,185.29,335.16,short: close 184.30 < lower 184.59,flatten
2018-10-05,-1,25,2018-10-05 09:00:00-05:00,181.591,2018-10-05 09:30:00-05:00,182.089,182.34,-124.5,short: close 181.61 < lower 181.67,exit short: close 182.07 > lower 181.23
2018-10-05,-1,13,2018-10-05 10:30:00-05:00,180.24099999999999,2018-10-05 14:52:00-05:00,180.6,181.64000000000001,-46.67,short: close 180.27 < lower 181.02,flatten
2018-10-09,1,26,2018-10-09 09:00:00-05:00,179.959,2018-10-09 10:00:00-05:00,180.311,179.24,91.52,long: close 179.94 > upper 179.86,exit long: close 180.32 < upper 180.35
2018-10-09,1,14,2018-10-09 10:30:00-05:00,180.499,2018-10-09 11:00:00-05:00,180.481,179.18,-2.52,long: close 180.48 > upper 180.47,exit long: close 180.48 < upper 180.71
2018-10-10,-1,16,2018-10-10 09:00:00-05:00,176.21099999999998,2018-10-10 14:52:00-05:00,172.799,177.38,545.92,short: close 176.22 < lower 177.88,flatten
2018-10-11,1,16,2018-10-11 09:00:00-05:00,173.34900000000002,2018-10-11 09:05:00-05:00,172.131,172.15,-194.88,long: close 173.33 > upper 172.58,stop
2018-10-15,-1,12,2018-10-15 09:30:00-05:00,172.231,2018-10-15 10:00:00-05:00,172.81900000000002,173.76,-70.56,short: close 172.25 < lower 172.49,exit short: close 172.78 > lower 172.46
2018-10-16,1,8,2018-10-16 10:30:00-05:00,175.549,2018-10-16 11:00:00-05:00,175.74099999999999,173.17000000000002,15.36,long: close 175.53 > upper 175.45,exit long: close 175.76 < upper 175.92
2018-10-18,-1,10,2018-10-18 10:30:00-05:00,174.611,2018-10-18 14:52:00-05:00,173.28900000000002,176.52,132.2,short: close 174.64 < lower 175.04,flatten
2018-10-24,-1,11,2018-10-24 10:00:00-05:00,171.541,2018-10-24 11:00:00-05:00,171.50900000000001,173.22,3.52,short: close 171.56 < lower 171.58,exit short: close 171.50 > lower 170.94
2018-10-25,1,6,2018-10-25 09:30:00-05:00,169.589,2018-10-25 11:30:00-05:00,169.56199999999998,166.72,-1.62,long: close 169.57 > upper 169.55,exit long: close 169.62 < upper 170.10
2018-10-31,1,7,2018-10-31 09:30:00-05:00,170.479,2018-10-31 10:00:00-05:00,169.781,167.67000000000002,-48.86,long: close 170.45 > upper 170.02,exit long: close 169.79 < upper 169.92
2018-11-02,-1,10,2018-11-02 09:30:00-05:00,169.951,2018-11-02 10:00:00-05:00,170.314,171.79,-36.3,short: close 169.98 < lower 169.99,exit short: close 170.28 > lower 170.00
2018-11-05,-1,13,2018-11-05 09:00:00-06:00,168.041,2018-11-05 10:00:00-06:00,168.249,169.54,-27.04,short: close 168.04 < lower 168.07,exit short: close 168.23 > lower 167.99
2018-11-06,1,12,2018-11-06 09:00:00-06:00,170.859,2018-11-06 09:30:00-06:00,170.481,169.29,-45.36,long: close 170.86 > upper 170.51,exit long: close 170.49 < upper 170.72
2018-11-07,1,7,2018-11-07 10:00:00-06:00,174.00900000000001,2018-11-07 10:30:00-06:00,173.861,171.52,-10.36,long: close 173.99 > upper 173.76,exit long: close 173.87 < upper 174.44
2018-11-12,-1,9,2018-11-12 09:00:00-06:00,168.701,2018-11-12 09:30:00-06:00,168.689,170.75,1.08,short: close 168.72 < lower 168.88,exit short: close 168.66 > lower 168.61
2018-11-12,-1,9,2018-11-12 10:00:00-06:00,167.351,2018-11-12 13:30:00-06:00,167.519,169.53,-15.12,short: close 167.36 < lower 168.75,exit short: close 167.51 > lower 167.20
2018-11-19,-1,9,2018-11-19 09:30:00-06:00,164.311,2018-11-19 14:52:00-06:00,161.739,166.44,231.48,short: close 164.33 < lower 165.00,flatten
2018-12-07,-1,13,2018-12-07 09:30:00-06:00,165.061,2018-12-07 14:52:00-06:00,161.719,166.47,434.46,short: close 165.07 < lower 165.10,flatten
2018-12-17,-1,25,2018-12-17 09:00:00-06:00,159.391,2018-12-17 09:14:00-06:00,160.15900000000002,160.14000000000001,-192.0,short: close 159.42 < lower 159.91,stop
2018-12-19,1,31,2018-12-19 09:00:00-06:00,159.949,2018-12-19 10:15:00-06:00,159.331,159.35,-191.58,long: close 159.92 > upper 158.94,stop
2018-12-20,-1,13,2018-12-20 10:30:00-06:00,152.921,2018-12-20 11:30:00-06:00,153.06900000000002,154.38,-19.24,short: close 152.93 < lower 153.01,exit short: close 153.05 > lower 152.19
2018-12-24,-1,13,2018-12-24 09:00:00-06:00,144.94979999999998,2018-12-24 09:30:00-06:00,145.889,146.4,-122.1,short: close 144.97 < lower 145.41,exit short: close 145.86 > lower 145.48
2018-12-27,-1,11,2018-12-27 09:30:00-06:00,148.641,2018-12-27 10:30:00-06:00,149.869,150.27,-135.08,short: close 148.66 < lower 149.89,exit short: close 149.84 > lower 149.23
2018-12-28,-1,16,2018-12-28 09:30:00-06:00,152.261,2018-12-28 10:00:00-06:00,152.489,153.45000000000002,-36.48,short: close 152.28 < lower 152.40,exit short: close 152.46 > lower 151.98
2019-01-03,-1,8,2019-01-03 09:30:00-06:00,151.291,2019-01-03 10:30:00-06:00,151.389,153.51,-7.84,short: close 151.32 < lower 151.54,exit short: close 151.36 > lower 151.12
2019-01-04,1,8,2019-01-04 09:00:00-06:00,153.34900000000002,2019-01-04 14:30:00-06:00,155.781,151.11,194.56,long: close 153.33 > upper 153.19,exit long: close 155.81 < upper 155.90
2019-01-15,1,16,2019-01-15 09:00:00-06:00,161.589,2019-01-15 10:00:00-06:00,161.641,160.39000000000001,8.32,long: close 161.56 > upper 160.82,exit long: close 161.66 < upper 161.94
2019-01-29,-1,18,2019-01-29 10:00:00-06:00,161.191,2019-01-29 11:30:00-06:00,161.909,162.24,-129.24,short: close 161.21 < lower 162.10,exit short: close 161.89 > lower 161.72
2019-01-31,1,16,2019-01-31 09:30:00-06:00,167.904,2019-01-31 14:00:00-06:00,168.15099999999998,166.73,39.52,long: close 167.87 > upper 167.40,exit long: close 168.16 < upper 168.34
2019-02-04,1,16,2019-02-04 10:00:00-06:00,168.719,2019-02-04 11:00:00-06:00,169.051,167.58,53.12,long: close 168.66 > upper 168.61,exit long: close 169.06 < upper 169.23
2019-02-05,1,17,2019-02-05 09:30:00-06:00,170.739,2019-02-05 10:30:00-06:00,170.561,169.63,-30.26,long: close 170.74 > upper 170.74,exit long: close 170.57 < upper 171.10
2019-02-12,1,11,2019-02-12 10:00:00-06:00,170.719,2019-02-12 10:30:00-06:00,170.696,169.04,-2.53,long: close 170.71 > upper 170.67,exit long: close 170.72 < upper 170.76
2019-02-21,-1,21,2019-02-21 09:00:00-06:00,171.12099999999998,2019-02-21 09:30:00-06:00,170.889,172.0,48.72,short: close 171.14 < lower 171.15,exit short: close 170.87 > lower 170.79
2019-02-27,-1,16,2019-02-27 09:30:00-06:00,172.021,2019-02-27 10:00:00-06:00,172.28900000000002,173.17000000000002,-42.88,short: close 172.04 < lower 172.16,exit short: close 172.27 > lower 172.14
2019-03-07,-1,24,2019-03-07 09:00:00-06:00,171.911,2019-03-07 11:00:00-06:00,172.279,172.70000000000002,-88.32,short: close 171.94 < lower 172.51,exit short: close 172.26 > lower 172.02
2019-03-11,1,20,2019-03-11 09:00:00-05:00,173.03900000000002,2019-03-11 14:52:00-05:00,174.666,172.11,325.4,long: close 173.02 > upper 172.44,flatten
2019-03-15,1,21,2019-03-15 09:00:00-05:00,178.079,2019-03-15 09:30:00-05:00,178.001,177.20000000000002,-16.38,long: close 178.06 > upper 177.95,exit long: close 178.02 < upper 178.22
2019-03-21,1,17,2019-03-21 09:30:00-05:00,180.839,2019-03-21 14:52:00-05:00,182.481,179.74,279.14,long: close 180.81 > upper 180.60,flatten
2019-03-22,-1,16,2019-03-22 09:00:00-05:00,180.71099999999998,2019-03-22 09:30:00-05:00,181.219,181.9,-81.28,short: close 180.72 < lower 180.97,exit short: close 181.19 > lower 180.85
2019-03-22,-1,12,2019-03-22 10:00:00-05:00,180.522,2019-03-22 14:00:00-05:00,179.869,182.04,78.36,short: close 180.55 < lower 180.64,exit short: close 179.84 > lower 179.81
2019-03-26,1,12,2019-03-26 09:00:00-05:00,180.56900000000002,2019-03-26 09:30:00-05:00,180.001,179.04,-68.16,long: close 180.55 > upper 180.45,exit long: close 180.00 < upper 180.53
2019-03-27,-1,14,2019-03-27 10:30:00-05:00,177.321,2019-03-27 12:30:00-05:00,177.989,178.68,-93.52,short: close 177.37 < lower 177.80,exit short: close 177.98 > lower 177.63
2019-04-15,-1,45,2019-04-15 09:30:00-05:00,184.981,2019-04-15 10:30:00-05:00,185.324,185.38,-154.35,short: close 185.00 < lower 185.43,exit short: close 185.30 > lower 185.04
2019-04-18,-1,29,2019-04-18 09:30:00-05:00,186.441,2019-04-18 10:00:00-05:00,186.909,187.07,-135.72,short: close 186.47 < lower 186.68,exit short: close 186.88 > lower 186.60
2019-04-23,1,27,2019-04-23 09:00:00-05:00,189.06900000000002,2019-04-23 14:52:00-05:00,190.1011,188.38,278.67,long: close 189.04 > upper 188.86,flatten
2019-04-26,-1,29,2019-04-26 09:00:00-05:00,188.921,2019-04-26 09:22:00-05:00,189.56900000000002,189.55,-187.92,short: close 188.95 < lower 189.67,stop
2019-04-30,-1,12,2019-04-30 10:30:00-05:00,188.43099999999998,2019-04-30 11:00:00-05:00,189.019,189.96,-70.56,short: close 188.44 < lower 188.71,exit short: close 188.99 > lower 188.69
2019-05-03,1,13,2019-05-03 10:00:00-05:00,190.579,2019-05-03 10:30:00-05:00,190.381,189.11,-25.74,long: close 190.55 > upper 190.40,exit long: close 190.41 < upper 190.55
2019-05-07,-1,9,2019-05-07 10:00:00-05:00,186.501,2019-05-07 11:30:00-05:00,187.03900000000002,188.47,-48.42,short: close 186.52 < lower 186.96,exit short: close 187.01 > lower 186.86
2019-05-09,-1,10,2019-05-09 09:30:00-05:00,182.37099999999998,2019-05-09 11:00:00-05:00,183.329,184.17000000000002,-95.8,short: close 182.40 < lower 182.90,exit short: close 183.35 > lower 182.58
2019-05-10,-1,15,2019-05-10 09:30:00-05:00,182.791,2019-05-10 12:00:00-05:00,183.25400000000002,184.07,-69.45,short: close 182.84 < lower 183.16,exit short: close 183.24 > lower 182.77
2019-05-15,1,12,2019-05-15 09:30:00-05:00,181.939,2019-05-15 14:52:00-05:00,183.18099999999998,180.37,149.04,long: close 181.92 > upper 181.51,flatten
2019-05-16,1,25,2019-05-16 09:00:00-05:00,184.62900000000002,2019-05-16 14:30:00-05:00,185.081,183.89000000000001,113.0,long: close 184.60 > upper 183.82,exit long: close 185.10 < upper 185.29
2019-06-03,-1,20,2019-06-03 09:00:00-05:00,171.951,2019-06-03 09:30:00-05:00,172.689,172.9,-147.6,short: close 171.97 < lower 172.76,exit short: close 172.66 > lower 172.40
2019-06-04,1,8,2019-06-04 10:30:00-05:00,173.934,2019-06-04 14:52:00-05:00,174.541,171.63,48.56,long: close 173.91 > upper 173.40,flatten
2019-06-07,1,15,2019-06-07 09:00:00-05:00,179.84900000000002,2019-06-07 14:52:00-05:00,180.956,178.6,166.05,long: close 179.82 > upper 179.30,flatten
2019-06-10,1,13,2019-06-10 09:00:00-05:00,183.264,2019-06-10 13:30:00-05:00,183.37099999999998,181.76,13.91,long: close 183.25 > upper 183.12,exit long: close 183.41 < upper 183.81
2019-06-18,1,9,2019-06-18 09:00:00-05:00,187.079,2019-06-18 10:30:00-05:00,187.21099999999998,185.01,11.88,long: close 187.06 > upper 186.86,exit long: close 187.23 < upper 187.24
2019-06-25,-1,14,2019-06-25 10:30:00-05:00,186.601,2019-06-25 14:52:00-05:00,184.794,187.99,252.98,short: close 186.61 < lower 186.70,flatten
2019-07-08,-1,14,2019-07-08 09:00:00-05:00,188.971,2019-07-08 09:30:00-05:00,189.359,190.34,-54.32,short: close 188.98 < lower 189.12,exit short: close 189.34 > lower 188.96
2019-07-10,1,15,2019-07-10 09:00:00-05:00,192.989,2019-07-10 09:30:00-05:00,192.156,191.77,-124.95,long: close 192.98 > upper 192.47,exit long: close 192.16 < upper 192.60
2019-07-22,1,20,2019-07-22 09:00:00-05:00,192.439,2019-07-22 09:30:00-05:00,192.101,191.51,-67.6,long: close 192.42 > upper 192.13,exit long: close 192.12 < upper 192.15
2019-07-25,-1,17,2019-07-25 09:30:00-05:00,193.49099999999999,2019-07-25 10:00:00-05:00,193.999,194.58,-86.36,short: close 193.50 < lower 193.73,exit short: close 193.99 > lower 193.80
2019-07-25,-1,18,2019-07-25 10:30:00-05:00,193.641,2019-07-25 11:00:00-05:00,193.689,194.70000000000002,-8.64,short: close 193.66 < lower 193.76,exit short: close 193.66 > lower 193.51
2019-07-29,-1,21,2019-07-29 09:00:00-05:00,193.821,2019-07-29 11:00:00-05:00,194.309,194.71,-102.48,short: close 193.84 < lower 194.32,exit short: close 194.29 > lower 194.06
2019-08-01,1,19,2019-08-01 09:00:00-05:00,192.929,2019-08-01 12:35:00-05:00,191.931,191.95000000000002,-189.62,long: close 192.92 > upper 192.33,stop
2019-08-02,-1,11,2019-08-02 09:30:00-05:00,187.411,2019-08-02 11:30:00-05:00,187.579,189.13,-18.48,short: close 187.45 < lower 187.75,exit short: close 187.57 > lower 187.54
2019-08-05,-1,6,2019-08-05 10:00:00-05:00,182.111,2019-08-05 14:52:00-05:00,180.774,185.32,80.22,short: close 182.13 < lower 182.27,flatten
2019-08-08,1,9,2019-08-08 10:00:00-05:00,186.704,2019-08-08 10:30:00-05:00,186.61599999999999,184.64000000000001,-7.92,long: close 186.69 > upper 186.67,exit long: close 186.64 < upper 186.66
2019-08-09,-1,9,2019-08-09 10:30:00-05:00,185.21099999999998,2019-08-09 12:00:00-05:00,186.219,187.28,-90.72,short: close 185.23 < lower 185.73,exit short: close 186.23 > lower 185.36
2019-08-13,1,19,2019-08-13 09:00:00-05:00,189.049,2019-08-13 10:04:00-05:00,188.051,188.07,-189.62,long: close 189.07 > upper 185.30,stop
2019-08-13,1,11,2019-08-13 10:30:00-05:00,187.729,2019-08-13 14:52:00-05:00,188.36599999999999,186.0,70.07,long: close 187.72 > upper 186.05,flatten
2019-08-22,-1,10,2019-08-22 10:00:00-05:00,186.691,2019-08-22 10:30:00-05:00,187.299,188.61,-60.8,short: close 186.68 < lower 186.89,exit short: close 187.27 > lower 186.85
2019-08-23,-1,8,2019-08-23 10:30:00-05:00,184.601,2019-08-23 14:52:00-05:00,181.959,187.0,211.36,short: close 184.61 < lower 185.01,flatten
2019-09-05,1,13,2019-09-05 09:00:00-05:00,191.419,2019-09-05 10:30:00-05:00,191.721,189.94,39.26,long: close 191.27 > upper 190.85,exit long: close 191.74 < upper 191.75
2019-09-10,-1,17,2019-09-10 09:00:00-05:00,189.311,2019-09-10 09:30:00-05:00,189.834,190.43,-88.91,short: close 189.34 < lower 189.54,exit short: close 189.82 > lower 189.36
2019-09-19,1,21,2019-09-19 09:30:00-05:00,193.81900000000002,2019-09-19 10:30:00-05:00,193.68099999999998,192.91,-28.98,long: close 193.78 > upper 193.61,exit long: close 193.69 < upper 193.70
2019-09-25,-1,29,2019-09-25 09:00:00-05:00,187.051,2019-09-25 09:30:00-05:00,187.469,187.69,-121.22,short: close 187.06 < lower 187.19,exit short: close 187.45 > lower 187.11
2019-09-26,-1,27,2019-09-26 09:00:00-05:00,188.89759999999998,2019-09-26 11:30:00-05:00,189.029,189.59,-35.48,short: close 188.91 < lower 189.28,exit short: close 189.01 > lower 188.91
2019-09-27,-1,24,2019-09-27 09:00:00-05:00,188.601,2019-09-27 10:00:00-05:00,189.249,189.38,-155.52,short: close 188.63 < lower 188.74,exit short: close 189.23 > lower 188.70
2019-10-01,1,19,2019-10-01 09:00:00-05:00,190.419,2019-10-01 09:05:00-05:00,189.421,189.44,-189.62,long: close 190.41 > upper 190.14,stop
2019-10-02,-1,15,2019-10-02 09:00:00-05:00,184.911,2019-10-02 14:00:00-05:00,184.239,186.14000000000001,100.8,short: close 184.93 < lower 185.40,exit short: close 184.21 > lower 184.20
2019-10-08,-1,14,2019-10-08 09:00:00-05:00,186.011,2019-10-08 10:00:00-05:00,186.499,187.37,-68.32,short: close 186.01 < lower 186.25,exit short: close 186.51 > lower 186.00
2019-10-10,1,23,2019-10-10 09:00:00-05:00,188.749,2019-10-10 11:30:00-05:00,188.49099999999999,187.92000000000002,-59.34,long: close 188.72 > upper 188.14,exit long: close 188.52 < upper 189.17
2019-10-11,1,9,2019-10-11 09:30:00-05:00,192.00900000000001,2019-10-11 10:00:00-05:00,191.911,190.01,-8.82,long: close 191.98 > upper 191.74,exit long: close 191.94 < upper 191.96
2019-10-15,1,14,2019-10-15 09:30:00-05:00,192.81900000000002,2019-10-15 11:30:00-05:00,193.24599999999998,191.52,59.78,long: close 192.78 > upper 192.69,exit long: close 193.27 < upper 193.31
2019-10-25,1,11,2019-10-25 10:30:00-05:00,195.529,2019-10-25 14:30:00-05:00,195.421,193.77,-11.88,long: close 195.51 > upper 195.34,exit long: close 195.43 < upper 195.44
2019-11-12,1,18,2019-11-12 10:30:00-06:00,202.12900000000002,2019-11-12 11:00:00-06:00,201.83599999999998,201.1,-52.74,long: close 202.10 > upper 202.08,exit long: close 201.85 < upper 202.25
2019-11-25,1,21,2019-11-25 09:00:00-06:00,203.619,2019-11-25 14:52:00-06:00,203.986,202.74,77.07,long: close 203.60 > upper 203.12,flatten
2019-12-02,-1,32,2019-12-02 09:00:00-06:00,203.40099999999998,2019-12-02 14:52:00-06:00,203.029,203.97,119.04,short: close 203.43 < lower 204.59,flatten
2019-12-12,1,24,2019-12-12 09:00:00-06:00,206.549,2019-12-12 10:30:00-06:00,205.831,205.76,-172.32,long: close 206.51 > upper 205.69,exit long: close 205.85 < upper 206.02
2019-12-26,1,23,2019-12-26 10:30:00-06:00,213.079,2019-12-26 14:52:00-06:00,213.391,212.26,71.76,long: close 213.07 > upper 212.91,flatten
2019-12-30,-1,22,2019-12-30 09:00:00-06:00,211.71099999999998,2019-12-30 11:30:00-06:00,212.59900000000002,212.58,-195.36,short: close 211.72 < lower 212.68,stop
2020-01-15,1,20,2020-01-15 10:00:00-06:00,221.189,2020-01-15 10:30:00-06:00,220.71099999999998,220.26,-95.6,long: close 221.17 > upper 221.06,exit long: close 220.74 < upper 221.16
2020-01-28,1,14,2020-01-28 09:30:00-06:00,220.28900000000002,2020-01-28 14:52:00-06:00,221.49099999999999,218.9,168.28,long: close 220.26 > upper 220.22,flatten
2020-01-31,-1,15,2020-01-31 09:30:00-06:00,220.781,2020-01-31 14:52:00-06:00,218.97400000000002,222.07,271.05,short: close 220.81 < lower 221.76,flatten
2020-02-03,1,14,2020-02-03 09:00:00-06:00,222.209,2020-02-03 14:52:00-06:00,222.011,220.82,-27.72,long: close 222.16 > upper 220.97,flatten
2020-02-20,-1,8,2020-02-20 10:30:00-06:00,234.001,2020-02-20 13:30:00-06:00,234.219,236.31,-17.44,short: close 234.02 < lower 234.42,exit short: close 234.21 > lower 234.15
2020-02-21,-1,11,2020-02-21 09:00:00-06:00,231.761,2020-02-21 10:30:00-06:00,231.969,233.42000000000002,-22.88,short: close 231.79 < lower 232.53,exit short: close 231.96 > lower 231.41
2020-02-25,-1,7,2020-02-25 10:30:00-06:00,219.021,2020-02-25 11:00:00-06:00,220.199,221.67000000000002,-82.46,short: close 219.04 < lower 219.65,exit short: close 220.18 > lower 219.68
2020-02-26,1,11,2020-02-26 09:00:00-06:00,218.25900000000001,2020-02-26 11:00:00-06:00,218.361,216.53,11.22,long: close 218.26 > upper 217.79,exit long: close 218.38 < upper 218.49
2020-02-27,-1,5,2020-02-27 09:30:00-06:00,209.231,2020-02-27 10:00:00-06:00,211.299,213.18,-103.4,short: close 209.26 < lower 209.81,exit short: close 211.29 > lower 209.41
2020-03-03,-1,13,2020-03-03 09:00:00-06:00,214.12099999999998,2020-03-03 09:00:00-06:00,215.609,215.59,-193.44,short: close 214.13 < lower 215.33,stop
2020-03-03,-1,7,2020-03-03 10:30:00-06:00,212.661,2020-03-03 10:58:00-06:00,215.459,215.44,-195.86,short: close 212.69 < lower 214.02,stop
2020-03-19,1,6,2020-03-19 09:30:00-05:00,179.62900000000002,2020-03-19 09:47:00-05:00,176.481,176.5,-188.88,long: close 179.64 > upper 179.21,stop
2020-03-19,1,3,2020-03-19 10:30:00-05:00,181.734,2020-03-19 11:00:00-05:00,179.131,176.18,-78.09,long: close 181.70 > upper 181.64,exit long: close 179.17 < upper 181.86
2020-04-14,1,5,2020-04-14 09:00:00-05:00,209.709,2020-04-14 09:30:00-05:00,209.921,206.13,10.6,long: close 209.69 > upper 208.70,exit long: close 209.94 < upper 210.04
2020-04-21,-1,5,2020-04-21 10:00:00-05:00,204.881,2020-04-21 14:52:00-05:00,205.189,208.61,-15.4,short: close 204.91 < lower 207.92,flatten
2020-04-28,-1,5,2020-04-28 10:00:00-05:00,212.301,2020-04-28 10:30:00-05:00,213.209,215.84,-45.4,short: close 212.30 < lower 212.78,exit short: close 213.19 > lower 212.63
2020-05-14,-1,10,2020-05-14 09:00:00-05:00,216.581,2020-05-14 10:00:00-05:00,217.369,218.43,-78.8,short: close 216.54 < lower 216.91,exit short: close 217.32 > lower 216.28
2020-05-19,1,12,2020-05-19 10:00:00-05:00,229.279,2020-05-19 11:00:00-05:00,229.191,227.70000000000002,-10.56,long: close 229.29 > upper 229.15,exit long: close 229.17 < upper 229.84
2020-05-20,1,7,2020-05-20 09:00:00-05:00,230.939,2020-05-20 09:30:00-05:00,230.74099999999999,228.35,-13.86,long: close 230.91 > upper 230.71,exit long: close 230.74 < upper 231.09
2020-05-20,1,6,2020-05-20 10:30:00-05:00,231.619,2020-05-20 11:00:00-05:00,231.581,228.74,-2.28,long: close 231.60 > upper 231.01,exit long: close 231.60 < upper 231.70
2020-05-21,-1,11,2020-05-21 10:30:00-05:00,228.981,2020-05-21 11:00:00-05:00,229.399,230.68,-45.98,short: close 228.99 < lower 229.71,exit short: close 229.38 > lower 229.10
2020-05-27,-1,12,2020-05-27 09:00:00-05:00,226.661,2020-05-27 11:30:00-05:00,226.809,228.19,-17.76,short: close 226.69 < lower 227.30,exit short: close 226.79 > lower 226.32
2020-06-05,1,10,2020-06-05 09:00:00-05:00,238.149,2020-06-05 14:52:00-05:00,239.341,236.23000000000002,119.2,long: close 238.12 > upper 237.45,flatten
2020-06-24,-1,13,2020-06-24 09:00:00-05:00,246.221,2020-06-24 09:30:00-05:00,246.9575,247.62,-95.75,short: close 246.27 < lower 246.96,exit short: close 246.97 > lower 246.72
2020-06-24,-1,7,2020-06-24 10:00:00-05:00,245.671,2020-06-24 13:30:00-05:00,244.12900000000002,248.17000000000002,107.94,short: close 245.71 < lower 245.87,exit short: close 244.12 > lower 243.65
2020-06-25,-1,16,2020-06-25 09:00:00-05:00,242.62099999999998,2020-06-25 09:23:00-05:00,243.779,243.76,-185.28,short: close 242.65 < lower 242.71,stop
2020-06-26,-1,16,2020-06-26 09:00:00-05:00,244.411,2020-06-26 12:30:00-05:00,242.519,245.56,302.72,short: close 244.47 < lower 244.76,exit short: close 242.45 > lower 242.32
2020-06-29,-1,17,2020-06-29 09:00:00-05:00,238.90099999999998,2020-06-29 09:14:00-05:00,239.99900000000002,239.98000000000002,-186.66,short: close 238.89 < lower 238.95,stop
2020-06-30,1,17,2020-06-30 09:00:00-05:00,244.559,2020-06-30 12:00:00-05:00,245.521,243.47,163.54,long: close 244.55 > upper 243.84,exit long: close 245.53 < upper 246.05
2020-07-01,1,12,2020-07-01 09:30:00-05:00,249.054,2020-07-01 10:00:00-05:00,249.301,247.49,29.64,long: close 249.03 > upper 249.01,exit long: close 249.30 < upper 250.13
2020-07-06,1,6,2020-07-06 09:30:00-05:00,256.969,2020-07-06 11:30:00-05:00,257.751,253.84,46.92,long: close 256.97 > upper 256.90,exit long: close 257.78 < upper 258.77
2020-07-07,1,12,2020-07-07 09:30:00-05:00,260.029,2020-07-07 10:00:00-05:00,260.091,258.41,7.44,long: close 260.00 > upper 259.86,exit long: close 260.12 < upper 260.77
2020-07-10,-1,13,2020-07-10 09:00:00-05:00,260.391,2020-07-10 09:30:00-05:00,261.469,261.88,-140.14,short: close 260.47 < lower 260.49,exit short: close 261.47 > lower 260.23
2020-07-20,1,10,2020-07-20 09:30:00-05:00,262.6914,2020-07-20 14:52:00-05:00,267.241,260.81,454.96,long: close 262.65 > upper 261.63,flatten
2020-07-27,1,9,2020-07-27 09:00:00-05:00,259.099,2020-07-27 09:30:00-05:00,258.171,257.11,-83.52,long: close 259.05 > upper 258.37,exit long: close 258.19 < upper 258.95
2020-08-10,-1,12,2020-08-10 09:30:00-05:00,269.891,2020-08-10 12:00:00-05:00,270.189,271.49,-35.76,short: close 269.91 < lower 270.03,exit short: close 270.18 > lower 268.99
2020-08-12,1,8,2020-08-12 09:00:00-05:00,269.899,2020-08-12 14:52:00-05:00,271.981,267.59000000000003,166.56,long: close 269.87 > upper 268.60,flatten
2020-08-20,1,8,2020-08-20 10:30:00-05:00,278.074,2020-08-20 11:30:00-05:00,278.276,275.81,16.16,long: close 278.04 > upper 277.98,exit long: close 278.29 < upper 278.46
2020-09-03,-1,4,2020-09-03 09:30:00-05:00,294.201,2020-09-03 14:52:00-05:00,285.924,298.23,331.08,short: close 294.21 < lower 296.45,flatten
2020-09-04,-1,8,2020-09-04 09:00:00-05:00,281.501,2020-09-04 13:45:00-05:00,283.729,283.71,-178.24,short: close 281.58 < lower 284.28,stop
2020-09-30,1,8,2020-09-30 09:00:00-05:00,278.539,2020-09-30 10:00:00-05:00,278.931,276.34000000000003,31.36,long: close 278.52 > upper 278.18,exit long: close 278.96 < upper 279.44
2020-09-30,1,6,2020-09-30 10:30:00-05:00,279.809,2020-09-30 12:00:00-05:00,279.531,276.62,-16.68,long: close 279.78 > upper 279.17,exit long: close 279.53 < upper 279.99
2020-10-21,1,13,2020-10-21 09:00:00-05:00,287.209,2020-10-21 09:48:00-05:00,285.731,285.75,-192.14,long: close 287.19 > upper 286.03,stop
2020-10-22,-1,9,2020-10-22 10:00:00-05:00,282.121,2020-10-22 10:30:00-05:00,283.129,284.22,-90.72,short: close 282.17 < lower 282.52,exit short: close 283.09 > lower 282.28
2020-10-26,-1,6,2020-10-26 10:30:00-05:00,280.301,2020-10-26 11:30:00-05:00,280.159,283.43,8.52,short: close 280.31 < lower 280.53,exit short: close 280.21 > lower 279.92
2020-10-28,-1,5,2020-10-28 09:00:00-05:00,275.76099999999997,2020-10-28 14:52:00-05:00,272.789,279.57,148.6,short: close 275.78 < lower 276.56,flatten
2020-10-29,1,7,2020-10-29 09:30:00-05:00,275.649,2020-10-29 11:00:00-05:00,275.2882,273.09000000000003,-25.26,long: close 275.62 > upper 274.94,exit long: close 275.30 < upper 275.73
2020-10-30,-1,7,2020-10-30 09:00:00-05:00,272.381,2020-10-30 14:52:00-05:00,268.194,275.12,293.09,short: close 272.44 < lower 272.57,flatten
2020-11-03,1,5,2020-11-03 09:30:00-06:00,275.73900000000003,2020-11-03 12:30:00-06:00,275.271,272.35,-23.4,long: close 275.72 > upper 274.35,exit long: close 275.27 < upper 275.74
2020-11-04,1,3,2020-11-04 09:30:00-06:00,286.92900000000003,2020-11-04 10:30:00-06:00,286.601,280.93,-9.84,long: close 286.90 > upper 286.45,exit long: close 286.63 < upper 286.96
2020-11-06,-1,8,2020-11-06 09:00:00-06:00,290.201,2020-11-06 09:28:00-06:00,292.639,292.62,-195.04,short: close 290.20 < lower 291.51,stop
2020-11-10,-1,4,2020-11-10 09:30:00-06:00,282.041,2020-11-10 10:00:00-06:00,282.23900000000003,286.82,-7.92,short: close 282.07 < lower 282.09,exit short: close 282.23 > lower 281.85
2020-11-30,-1,11,2020-11-30 10:00:00-06:00,296.701,2020-11-30 11:00:00-06:00,297.3978,298.48,-76.65,short: close 296.71 < lower 297.52,exit short: close 297.41 > lower 297.34
2020-12-07,1,16,2020-12-07 09:00:00-06:00,307.0072,2020-12-07 09:30:00-06:00,307.051,305.85,7.01,long: close 306.93 > upper 306.81,exit long: close 307.06 < upper 307.10
2020-12-08,-1,12,2020-12-08 09:30:00-06:00,305.371,2020-12-08 10:00:00-06:00,306.319,306.93,-113.76,short: close 305.40 < lower 305.46,exit short: close 306.31 > lower 305.48
2020-12-10,1,8,2020-12-10 10:00:00-06:00,303.204,2020-12-10 11:00:00-06:00,302.01099999999997,300.8,-95.44,long: close 303.20 > upper 302.71,exit long: close 302.03 < upper 303.23
2020-12-14,1,12,2020-12-14 09:00:00-06:00,305.419,2020-12-14 12:00:00-06:00,304.82099999999997,303.8,-71.76,long: close 305.39 > upper 304.11,exit long: close 304.83 < upper 305.20
2020-12-21,-1,6,2020-12-21 09:30:00-06:00,304.651,2020-12-21 10:30:00-06:00,305.649,307.85,-59.88,short: close 304.68 < lower 304.98,exit short: close 305.63 > lower 304.45
2021-01-04,-1,10,2021-01-04 10:00:00-06:00,310.961,2021-01-04 14:52:00-06:00,309.419,312.91,154.2,short: close 310.96 < lower 312.40,flatten
2021-01-05,1,12,2021-01-05 09:00:00-06:00,310.789,2021-01-05 09:30:00-06:00,310.611,309.24,-21.36,long: close 310.76 > upper 310.32,exit long: close 310.61 < upper 310.66
2021-01-07,1,7,2021-01-07 09:00:00-06:00,313.019,2021-01-07 14:52:00-06:00,315.611,310.48,181.44,long: close 312.93 > upper 311.47,flatten
2021-01-13,1,9,2021-01-13 10:00:00-06:00,316.1691,2021-01-13 10:30:00-06:00,316.131,314.19,-3.43,long: close 316.16 > upper 316.07,exit long: close 316.17 < upper 316.34
2021-01-15,-1,9,2021-01-15 09:30:00-06:00,311.741,2021-01-15 10:30:00-06:00,313.269,313.71,-137.52,short: close 311.73 < lower 312.22,exit short: close 313.27 > lower 311.94
2021-01-20,1,5,2021-01-20 09:30:00-06:00,322.42900000000003,2021-01-20 11:30:00-06:00,322.931,318.62,25.1,long: close 322.42 > upper 322.11,exit long: close 322.96 < upper 323.17
2021-01-27,-1,9,2021-01-27 09:00:00-06:00,323.651,2021-01-27 09:21:00-06:00,325.819,325.8,-195.12,short: close 323.67 < lower 325.29,stop
2021-01-27,-1,5,2021-01-27 10:30:00-06:00,323.791,2021-01-27 11:30:00-06:00,324.2687,327.23,-23.89,short: close 323.81 < lower 324.00,exit short: close 324.24 > lower 323.70
2021-01-28,1,9,2021-01-28 09:30:00-06:00,322.659,2021-01-28 14:30:00-06:00,323.101,320.67,39.78,long: close 322.61 > upper 322.21,exit long: close 323.12 < upper 324.24
2021-01-29,-1,7,2021-01-29 10:30:00-06:00,316.701,2021-01-29 11:00:00-06:00,317.549,319.48,-59.36,short: close 316.73 < lower 317.68,exit short: close 317.62 > lower 317.41
2021-02-01,1,5,2021-02-01 10:30:00-06:00,320.654,2021-02-01 14:52:00-06:00,323.101,316.83,122.35,long: close 320.63 > upper 320.27,flatten
2021-02-10,-1,8,2021-02-10 09:30:00-06:00,331.7711,2021-02-10 10:30:00-06:00,331.449,334.01,25.77,short: close 331.76 < lower 331.99,exit short: close 331.40 > lower 330.98
2021-02-22,-1,5,2021-02-22 10:00:00-06:00,324.221,2021-02-22 10:30:00-06:00,325.034,327.84000000000003,-40.65,short: close 324.28 < lower 325.16,exit short: close 325.01 > lower 324.68
2021-02-23,-1,5,2021-02-23 09:00:00-06:00,314.181,2021-02-23 09:30:00-06:00,317.619,317.72,-171.9,short: close 314.21 < lower 316.19,exit short: close 317.57 > lower 315.34
2021-02-25,-1,6,2021-02-25 10:30:00-06:00,319.381,2021-02-25 14:52:00-06:00,313.48900000000003,322.27,353.52,short: close 319.41 < lower 319.87,flatten
2021-02-26,-1,6,2021-02-26 09:30:00-06:00,311.061,2021-02-26 09:39:00-06:00,313.939,313.92,-172.68,short: close 311.12 < lower 311.42,stop
2021-03-01,1,5,2021-03-01 10:00:00-06:00,321.329,2021-03-01 12:00:00-06:00,321.911,317.46,29.1,long: close 321.30 > upper 320.73,exit long: close 321.90 < upper 322.17
2021-03-02,-1,9,2021-03-02 09:30:00-06:00,320.76099999999997,2021-03-02 11:30:00-06:00,320.789,322.86,-2.52,short: close 320.77 < lower 321.80,exit short: close 320.78 > lower 320.60
2021-03-03,-1,10,2021-03-03 09:00:00-06:00,314.671,2021-03-03 10:30:00-06:00,316.059,316.56,-138.8,short: close 314.69 < lower 315.94,exit short: close 316.07 > lower 315.17
2021-03-04,-1,11,2021-03-04 09:00:00-06:00,306.971,2021-03-04 09:30:00-06:00,307.189,308.72,-23.98,short: close 307.01 < lower 307.23,exit short: close 307.16 > lower 306.78
2021-03-05,-1,5,2021-03-05 09:30:00-06:00,301.26099999999997,2021-03-05 11:00:00-06:00,301.359,304.73,-4.9,short: close 301.28 < lower 301.98,exit short: close 301.34 > lower 301.27
2021-03-09,1,3,2021-03-09 09:00:00-06:00,309.7989,2021-03-09 11:00:00-06:00,310.801,303.88,30.06,long: close 309.77 > upper 309.63,exit long: close 310.80 < upper 310.89
2021-03-22,1,5,2021-03-22 10:00:00-05:00,318.329,2021-03-22 14:30:00-05:00,319.281,314.45,47.6,long: close 318.31 > upper 318.20,exit long: close 319.30 < upper 320.78
2021-03-29,-1,9,2021-03-29 09:00:00-05:00,313.371,2021-03-29 10:00:00-05:00,313.699,315.34000000000003,-29.52,short: close 313.38 < lower 313.79,exit short: close 313.65 > lower 313.10
2021-03-31,1,7,2021-03-31 09:00:00-05:00,318.209,2021-03-31 14:52:00-05:00,320.101,315.68,132.44,long: close 318.20 > upper 317.83,flatten
2021-04-05,1,5,2021-04-05 09:30:00-05:00,329.459,2021-04-05 14:52:00-05:00,331.181,326.0,86.1,long: close 329.42 > upper 329.30,flatten
2021-04-14,-1,10,2021-04-14 10:30:00-05:00,338.301,2021-04-14 11:00:00-05:00,338.984,340.12,-68.3,short: close 338.33 < lower 338.92,exit short: close 338.97 > lower 338.44
2021-04-20,-1,9,2021-04-20 10:30:00-05:00,335.19599999999997,2021-04-20 11:30:00-05:00,336.229,337.38,-92.97,short: close 335.22 < lower 336.37,exit short: close 336.19 > lower 336.04
2021-04-23,1,10,2021-04-23 10:00:00-05:00,338.1586,2021-04-23 14:52:00-05:00,339.831,336.3,167.24,long: close 338.13 > upper 337.39,flatten
2021-04-27,-1,14,2021-04-27 09:00:00-05:00,340.161,2021-04-27 09:30:00-05:00,340.319,341.52,-22.12,short: close 340.16 < lower 340.42,exit short: close 340.31 > lower 340.23
2021-04-27,-1,11,2021-04-27 10:00:00-05:00,339.961,2021-04-27 10:30:00-05:00,340.219,341.63,-28.38,short: close 339.97 < lower 340.11,exit short: close 340.19 > lower 339.65
2021-05-04,-1,7,2021-05-04 09:00:00-05:00,330.141,2021-05-04 14:52:00-05:00,329.184,332.91,66.99,short: close 330.15 < lower 332.09,flatten
2021-05-10,-1,8,2021-05-10 09:00:00-05:00,329.971,2021-05-10 11:00:00-05:00,329.619,332.39,28.16,short: close 329.97 < lower 331.05,exit short: close 329.59 > lower 329.46
2021-05-20,1,6,2021-05-20 09:00:00-05:00,326.399,2021-05-20 14:52:00-05:00,328.82099999999997,323.57,145.32,long: close 326.37 > upper 326.20,flatten
2021-05-24,1,5,2021-05-24 09:30:00-05:00,332.42900000000003,2021-05-24 10:00:00-05:00,332.461,328.55,1.6,long: close 332.40 > upper 332.06,exit long: close 332.48 < upper 332.51
2021-06-03,-1,7,2021-06-03 09:00:00-05:00,329.161,2021-06-03 09:30:00-05:00,329.609,331.92,-31.36,short: close 329.16 < lower 329.23,exit short: close 329.59 > lower 328.45
2021-06-04,1,8,2021-06-04 09:00:00-05:00,334.029,2021-06-04 14:52:00-05:00,335.861,331.67,146.56,long: close 334.00 > upper 333.22,flatten
2021-06-10,1,12,2021-06-10 09:00:00-05:00,339.969,2021-06-10 09:45:00-05:00,338.371,338.39,-191.76,long: close 339.94 > upper 338.62,stop
2021-06-17,1,9,2021-06-17 09:30:00-05:00,343.819,2021-06-17 14:52:00-05:00,345.971,341.83,193.68,long: close 343.76 > upper 342.44,flatten
2021-06-28,1,10,2021-06-28 09:00:00-05:00,352.199,2021-06-28 10:30:00-05:00,352.721,350.31,52.2,long: close 352.17 > upper 352.02,exit long: close 352.72 < upper 352.97
2021-07-09,1,13,2021-07-09 10:00:00-05:00,360.139,2021-07-09 14:52:00-05:00,361.07099999999997,358.71,121.16,long: close 360.12 > upper 359.95,flatten
2021-07-13,1,13,2021-07-13 09:30:00-05:00,364.499,2021-07-13 12:27:00-05:00,363.001,363.02,-194.74,long: close 364.47 > upper 363.71,stop
2021-07-15,-1,14,2021-07-15 09:30:00-05:00,360.82099999999997,2021-07-15 10:30:00-05:00,361.1297,362.18,-43.22,short: close 360.82 < lower 361.61,exit short: close 361.13 > lower 361.12
2021-07-19,-1,7,2021-07-19 09:00:00-05:00,352.941,2021-07-19 09:30:00-05:00,353.609,355.69,-46.76,short: close 352.96 < lower 353.08,exit short: close 353.59 > lower 352.46
2021-07-20,1,10,2021-07-20 10:00:00-05:00,357.119,2021-07-20 10:30:00-05:00,357.331,355.22,21.2,long: close 357.13 > upper 357.06,exit long: close 357.35 < upper 357.57
2021-07-22,1,11,2021-07-22 09:30:00-05:00,363.349,2021-07-22 10:00:00-05:00,363.4098,361.63,6.69,long: close 363.33 > upper 363.33,exit long: close 363.44 < upper 363.47
2021-07-27,-1,15,2021-07-27 09:00:00-05:00,366.631,2021-07-27 14:52:00-05:00,363.749,367.86,432.3,short: close 366.65 < lower 367.10,flatten
2021-07-29,1,14,2021-07-29 09:00:00-05:00,366.98900000000003,2021-07-29 09:30:00-05:00,367.191,365.63,28.28,long: close 366.96 > upper 366.88,exit long: close 367.21 < upper 367.59
2021-08-10,-1,8,2021-08-10 10:00:00-05:00,366.591,2021-08-10 10:30:00-05:00,366.549,368.79,3.36,short: close 366.62 < lower 366.78,exit short: close 366.52 > lower 366.50
2021-08-16,-1,9,2021-08-16 09:30:00-05:00,364.471,2021-08-16 11:30:00-05:00,365.849,366.64,-124.02,short: close 364.48 < lower 366.07,exit short: close 365.82 > lower 365.57
2021-08-20,1,12,2021-08-20 09:00:00-05:00,366.719,2021-08-20 10:30:00-05:00,366.861,365.1,17.04,long: close 366.70 > upper 366.12,exit long: close 366.91 < upper 367.10
2021-08-23,1,11,2021-08-23 09:00:00-05:00,370.709,2021-08-23 14:52:00-05:00,373.57099999999997,369.05,314.82,long: close 370.68 > upper 369.93,flatten
2021-08-27,1,8,2021-08-27 09:30:00-05:00,375.219,2021-08-27 10:00:00-05:00,375.421,372.98,16.16,long: close 375.19 > upper 374.97,exit long: close 375.42 < upper 375.48
2021-08-30,1,13,2021-08-30 09:00:00-05:00,378.669,2021-08-30 14:52:00-05:00,380.501,377.22,238.16,long: close 378.61 > upper 377.92,flatten
2021-08-31,-1,14,2021-08-31 09:00:00-05:00,378.506,2021-08-31 09:30:00-05:00,379.1191,379.88,-85.83,short: close 378.52 < lower 379.05,exit short: close 379.09 > lower 378.00
2021-09-08,-1,7,2021-09-08 10:00:00-05:00,379.061,2021-09-08 10:30:00-05:00,379.909,381.58,-59.36,short: close 379.10 < lower 379.51,exit short: close 379.89 > lower 379.80
2021-09-17,-1,10,2021-09-17 09:00:00-05:00,375.791,2021-09-17 14:52:00-05:00,373.459,377.71,233.2,short: close 375.85 < lower 376.16,flatten
2021-09-23,1,9,2021-09-23 09:00:00-05:00,372.3757,2021-09-23 10:30:00-05:00,372.731,370.31,31.98,long: close 372.32 > upper 372.23,exit long: close 372.73 < upper 373.15
2021-09-27,-1,6,2021-09-27 09:00:00-05:00,368.661,2021-09-27 09:30:00-05:00,370.3291,371.71,-100.09,short: close 368.66 < lower 368.72,exit short: close 370.32 > lower 368.09
2021-09-28,-1,4,2021-09-28 09:30:00-05:00,362.561,2021-09-28 14:52:00-05:00,360.119,366.95,97.68,short: close 362.58 < lower 363.63,flatten
2021-09-29,1,8,2021-09-29 09:00:00-05:00,362.819,2021-09-29 09:30:00-05:00,362.181,360.54,-51.04,long: close 362.80 > upper 362.79,exit long: close 362.20 < upper 363.41
2021-10-01,-1,7,2021-10-01 09:30:00-05:00,354.666,2021-10-01 10:00:00-05:00,356.419,357.35,-122.71,short: close 354.69 < lower 355.49,exit short: close 356.41 > lower 355.08
2021-10-04,-1,7,2021-10-04 09:00:00-05:00,355.831,2021-10-04 14:52:00-05:00,351.199,358.34000000000003,324.24,short: close 355.83 < lower 356.80,flatten
2021-10-05,1,6,2021-10-05 09:30:00-05:00,356.73900000000003,2021-10-05 14:52:00-05:00,357.941,353.62,72.12,long: close 356.71 > upper 356.33,flatten
2021-10-27,1,9,2021-10-27 09:00:00-05:00,381.339,2021-10-27 09:30:00-05:00,380.671,379.35,-60.12,long: close 381.32 > upper 381.24,exit long: close 380.67 < upper 381.87
2021-11-02,1,13,2021-11-02 09:00:00-05:00,388.974,2021-11-02 09:14:00-05:00,387.501,387.52,-191.49,long: close 388.95 > upper 388.57,stop
2021-11-04,1,10,2021-11-04 09:00:00-05:00,396.109,2021-11-04 10:30:00-05:00,396.111,394.24,0.2,long: close 396.06 > upper 395.72,exit long: close 396.13 < upper 396.62
2021-11-09,-1,10,2021-11-09 09:00:00-06:00,395.501,2021-11-09 13:30:00-06:00,395.259,397.32,24.2,short: close 395.54 < lower 396.80,exit short: close 395.24 > lower 395.19
2021-11-12,1,7,2021-11-12 10:30:00-06:00,394.499,2021-11-12 12:30:00-06:00,394.371,391.93,-8.96,long: close 394.48 > upper 393.76,exit long: close 394.38 < upper 394.78
2021-11-16,1,7,2021-11-16 10:30:00-06:00,397.339,2021-11-16 11:00:00-06:00,397.061,394.71000000000004,-19.46,long: close 397.31 > upper 396.89,exit long: close 397.07 < upper 397.07
2021-11-22,1,7,2021-11-22 09:00:00-06:00,407.619,2021-11-22 10:00:00-06:00,407.021,405.14,-41.86,long: close 407.59 > upper 407.26,exit long: close 407.05 < upper 407.54
2021-11-23,-1,7,2021-11-23 09:30:00-06:00,395.901,2021-11-23 11:30:00-06:00,395.409,398.40000000000003,34.44,short: close 395.93 < lower 396.23,exit short: close 395.36 > lower 395.29
2021-11-26,-1,5,2021-11-26 10:00:00-06:00,393.001,2021-11-26 14:52:00-06:00,390.469,396.41,126.6,short: close 393.03 < lower 394.10,flatten
2021-11-30,-1,6,2021-11-30 10:00:00-06:00,393.57099999999997,2021-11-30 13:00:00-06:00,395.199,396.39,-97.68,short: close 393.58 < lower 396.36,exit short: close 395.20 > lower 394.62
2021-12-02,1,9,2021-12-02 09:00:00-06:00,389.949,2021-12-02 09:10:00-06:00,387.961,387.98,-178.92,long: close 389.88 > upper 388.40,stop
2021-12-03,-1,7,2021-12-03 09:00:00-06:00,386.381,2021-12-03 14:52:00-06:00,380.749,388.85,394.24,short: close 386.33 < lower 388.13,flatten
2021-12-07,1,3,2021-12-07 09:00:00-06:00,395.67900000000003,2021-12-07 11:00:00-06:00,397.241,390.0,46.86,long: close 395.65 > upper 395.34,exit long: close 397.24 < upper 397.67
2021-12-13,-1,5,2021-12-13 10:30:00-06:00,394.001,2021-12-13 11:00:00-06:00,393.449,397.84000000000003,27.6,short: close 394.01 < lower 394.19,exit short: close 393.45 > lower 393.42
2021-12-16,-1,6,2021-12-16 09:00:00-06:00,394.26099999999997,2021-12-16 14:52:00-06:00,387.6391,397.27,397.31,short: close 394.28 < lower 394.54,flatten
2021-12-27,1,6,2021-12-27 09:30:00-06:00,402.109,2021-12-27 12:00:00-06:00,402.611,399.05,30.12,long: close 402.08 > upper 400.69,exit long: close 402.64 < upper 402.82
2022-01-04,-1,5,2022-01-04 10:00:00-06:00,395.361,2022-01-04 14:30:00-06:00,396.869,398.98,-75.4,short: close 395.37 < lower 398.39,exit short: close 396.86 > lower 396.82
2022-01-07,-1,9,2022-01-07 09:30:00-06:00,381.621,2022-01-07 10:30:00-06:00,380.519,383.77,99.18,short: close 381.65 < lower 381.88,exit short: close 380.50 > lower 380.37
2022-01-10,-1,4,2022-01-10 09:00:00-06:00,371.861,2022-01-10 10:30:00-06:00,373.499,375.85,-65.52,short: close 371.90 < lower 373.33,exit short: close 373.47 > lower 371.40
2022-01-11,1,5,2022-01-11 10:30:00-06:00,383.8874,2022-01-11 11:30:00-06:00,383.861,379.95,-1.32,long: close 383.87 > upper 383.81,exit long: close 383.85 < upper 384.47
2022-01-14,1,7,2022-01-14 09:00:00-06:00,379.719,2022-01-14 09:30:00-06:00,378.1111,377.1,-112.55,long: close 379.73 > upper 378.98,exit long: close 378.13 < upper 380.09
2022-01-19,1,8,2022-01-19 09:00:00-06:00,374.439,2022-01-19 09:30:00-06:00,372.501,372.23,-155.04,long: close 374.44 > upper 373.65,exit long: close 372.51 < upper 374.49
2022-01-20,1,5,2022-01-20 09:00:00-06:00,372.399,2022-01-20 10:00:00-06:00,373.131,369.0,36.6,long: close 372.31 > upper 371.57,exit long: close 373.17 < upper 373.38
2022-01-21,-1,6,2022-01-21 09:00:00-06:00,357.111,2022-01-21 09:37:00-06:00,360.16900000000004,360.15000000000003,-183.48,short: close 357.14 < lower 357.49,stop
2022-01-24,-1,4,2022-01-24 09:00:00-06:00,343.57099999999997,2022-01-24 10:00:00-06:00,343.469,348.44,4.08,short: close 343.58 < lower 343.81,exit short: close 343.47 > lower 342.29
2022-01-24,-1,3,2022-01-24 10:30:00-06:00,341.871,2022-01-24 13:00:00-06:00,345.599,347.87,-111.84,short: close 341.87 < lower 342.19,exit short: close 345.60 > lower 341.62
2022-01-25,-1,3,2022-01-25 09:00:00-06:00,343.721,2022-01-25 09:30:00-06:00,346.439,349.40000000000003,-81.54,short: close 343.76 < lower 344.44,exit short: close 346.43 > lower 343.94
2022-01-28,1,4,2022-01-28 10:30:00-06:00,346.729,2022-01-28 11:30:00-06:00,346.811,342.22,3.28,long: close 346.66 > upper 346.55,exit long: close 346.76 < upper 347.78
2022-01-31,1,5,2022-01-31 09:00:00-06:00,356.769,2022-01-31 14:52:00-06:00,362.541,353.32,288.6,long: close 356.74 > upper 356.06,flatten
2022-02-18,-1,5,2022-02-18 10:30:00-06:00,342.201,2022-02-18 11:30:00-06:00,341.699,345.88,25.1,short: close 342.22 < lower 342.25,exit short: close 341.69 > lower 341.47
2022-02-23,-1,4,2022-02-23 10:30:00-06:00,334.991,2022-02-23 11:00:00-06:00,336.829,339.62,-73.52,short: close 335.01 < lower 335.09,exit short: close 336.81 > lower 334.43
2022-03-03,-1,3,2022-03-03 10:00:00-06:00,342.681,2022-03-03 10:30:00-06:00,343.939,348.43,-37.74,short: close 342.70 < lower 342.82,exit short: close 343.92 > lower 341.98
2022-03-07,-1,6,2022-03-07 09:00:00-06:00,333.421,2022-03-07 10:30:00-06:00,332.009,336.45,84.72,short: close 333.43 < lower 334.29,exit short: close 332.01 > lower 331.92
2022-03-16,1,3,2022-03-16 09:30:00-05:00,337.139,2022-03-16 10:30:00-05:00,337.061,331.14,-2.34,long: close 337.11 > upper 336.21,exit long: close 337.06 < upper 337.94
2022-03-22,1,4,2022-03-22 09:30:00-05:00,355.359,2022-03-22 11:30:00-05:00,355.391,350.49,1.28,long: close 355.32 > upper 355.22,exit long: close 355.40 < upper 356.76
2022-03-28,1,8,2022-03-28 09:00:00-05:00,362.599,2022-03-28 09:21:00-05:00,360.271,360.29,-186.24,long: close 362.57 > upper 361.66,stop
2022-04-04,1,7,2022-04-04 09:00:00-05:00,366.419,2022-04-04 14:30:00-05:00,368.671,363.63,157.64,long: close 366.44 > upper 365.09,exit long: close 368.69 < upper 369.06
2022-04-05,-1,5,2022-04-05 10:00:00-05:00,364.441,2022-04-05 10:30:00-05:00,363.799,367.99,32.1,short: close 364.46 < lower 364.99,exit short: close 363.76 > lower 363.52
2022-04-06,-1,3,2022-04-06 09:30:00-05:00,352.161,2022-04-06 10:30:00-05:00,352.709,358.16,-16.44,short: close 352.18 < lower 352.29,exit short: close 352.67 > lower 351.65
2022-04-08,-1,6,2022-04-08 09:00:00-05:00,348.801,2022-04-08 09:30:00-05:00,350.899,352.08,-125.88,short: close 348.84 < lower 349.95,exit short: close 350.84 > lower 349.12
2022-04-11,-1,4,2022-04-11 10:00:00-05:00,342.111,2022-04-11 10:30:00-05:00,342.409,346.53000000000003,-11.92,short: close 342.15 < lower 342.55,exit short: close 342.39 > lower 341.13
2022-04-13,1,7,2022-04-13 09:30:00-05:00,342.789,2022-04-13 14:52:00-05:00,346.741,340.15000000000003,276.64,long: close 342.75 > upper 342.31,flatten
2022-04-14,-1,7,2022-04-14 09:00:00-05:00,343.751,2022-04-14 14:52:00-05:00,338.5691,346.27,362.73,short: close 343.77 < lower 343.88,flatten
2022-04-19,1,7,2022-04-19 09:00:00-05:00,341.409,2022-04-19 14:52:00-05:00,346.801,338.62,377.44,long: close 341.41 > upper 341.28,flatten
2022-04-20,-1,6,2022-04-20 09:00:00-05:00,343.051,2022-04-20 09:30:00-05:00,343.669,346.27,-37.08,short: close 343.09 < lower 343.40,exit short: close 343.64 > lower 342.49
2022-04-20,-1,4,2022-04-20 10:30:00-05:00,342.061,2022-04-20 11:00:00-05:00,342.089,346.48,-1.12,short: close 342.03 < lower 342.19,exit short: close 342.09 > lower 341.84
2022-04-26,-1,5,2022-04-26 09:00:00-05:00,323.191,2022-04-26 13:30:00-05:00,320.829,326.93,118.1,short: close 323.25 < lower 324.82,exit short: close 320.84 > lower 320.76
2022-04-27,1,6,2022-04-27 09:00:00-05:00,320.949,2022-04-27 09:11:00-05:00,317.831,317.85,-187.08,long: close 320.94 > upper 320.17,stop
2022-05-04,-1,4,2022-05-04 10:30:00-05:00,314.501,2022-05-04 11:00:00-05:00,315.799,318.84000000000003,-51.92,short: close 314.51 < lower 314.77,exit short: close 315.79 > lower 313.79
2022-05-05,-1,3,2022-05-05 09:00:00-05:00,321.041,2022-05-05 14:52:00-05:00,312.619,326.72,252.66,short: close 321.02 < lower 321.80,flatten
2022-05-06,-1,4,2022-05-06 09:00:00-05:00,305.831,2022-05-06 09:17:00-05:00,310.479,310.46,-185.92,short: close 305.84 < lower 307.56,stop
2022-05-13,1,3,2022-05-13 09:30:00-05:00,300.349,2022-05-13 10:00:00-05:00,300.366,294.35,0.51,long: close 300.29 > upper 300.04,exit long: close 300.38 < upper 300.63
2022-05-13,1,3,2022-05-13 10:30:00-05:00,301.089,2022-05-13 13:00:00-05:00,299.861,295.09000000000003,-36.84,long: close 301.06 > upper 300.89,exit long: close 299.88 < upper 301.14
2022-05-18,-1,3,2022-05-18 10:30:00-05:00,296.131,2022-05-18 14:52:00-05:00,290.849,302.13,158.46,short: close 296.15 < lower 296.31,flatten
2022-05-24,-1,3,2022-05-24 09:00:00-05:00,284.741,2022-05-24 10:00:00-05:00,283.526,289.92,36.45,short: close 284.75 < lower 285.63,exit short: close 283.50 > lower 282.83
2022-05-26,1,6,2022-05-26 09:00:00-05:00,295.419,2022-05-26 14:52:00-05:00,299.781,292.45,261.72,long: close 295.38 > upper 293.87,flatten
2022-05-27,1,4,2022-05-27 09:00:00-05:00,305.279,2022-05-27 09:30:00-05:00,306.351,301.06,42.88,long: close 305.27 > upper 305.16,exit long: close 306.35 < upper 306.87
2022-05-31,-1,6,2022-05-31 09:00:00-05:00,306.031,2022-05-31 09:30:00-05:00,306.449,309.09000000000003,-25.08,short: close 306.08 < lower 306.10,exit short: close 306.43 > lower 304.50
2022-06-10,-1,3,2022-06-10 09:30:00-05:00,289.381,2022-06-10 10:30:00-05:00,288.759,295.38,18.66,short: close 289.41 < lower 289.93,exit short: close 288.74 > lower 288.52
2022-06-16,-1,3,2022-06-16 10:00:00-05:00,271.091,2022-06-16 10:30:00-05:00,272.889,277.09000000000003,-53.94,short: close 271.10 < lower 272.08,exit short: close 272.88 > lower 271.41
2022-06-17,1,9,2022-06-17 09:00:00-05:00,275.259,2022-06-17 09:17:00-05:00,273.081,273.1,-196.02,long: close 275.18 > upper 274.06,stop
2022-06-21,1,4,2022-06-21 09:00:00-05:00,282.309,2022-06-21 11:00:00-05:00,281.731,278.29,-23.12,long: close 282.30 > upper 280.77,exit long: close 281.74 < upper 282.12
2022-06-22,1,4,2022-06-22 09:30:00-05:00,284.289,2022-06-22 10:00:00-05:00,284.001,280.06,-11.52,long: close 284.26 > upper 284.10,exit long: close 284.00 < upper 284.65
2022-06-24,1,5,2022-06-24 09:00:00-05:00,290.359,2022-06-24 10:30:00-05:00,291.491,286.65000000000003,56.6,long: close 290.32 > upper 290.06,exit long: close 291.50 < upper 291.65
2022-06-28,-1,4,2022-06-28 10:30:00-05:00,288.051,2022-06-28 14:52:00-05:00,283.669,292.22,175.28,short: close 288.05 < lower 288.58,flatten
2022-06-30,-1,4,2022-06-30 09:00:00-05:00,276.911,2022-06-30 10:00:00-05:00,279.1389,281.0,-89.12,short: close 276.92 < lower 278.23,exit short: close 279.10 > lower 277.10
2022-07-11,-1,4,2022-07-11 09:00:00-05:00,288.891,2022-07-11 09:30:00-05:00,289.629,293.1,-29.52,short: close 288.91 < lower 289.91,exit short: close 289.60 > lower 289.35
2022-07-20,1,6,2022-07-20 10:00:00-05:00,303.509,2022-07-20 12:30:00-05:00,301.701,300.29,-108.48,long: close 303.48 > upper 301.70,exit long: close 301.71 < upper 302.09
2022-07-28,-1,9,2022-07-28 09:00:00-05:00,303.731,2022-07-28 09:59:00-05:00,305.869,305.85,-192.42,short: close 303.71 < lower 304.54,stop
2022-08-03,1,7,2022-08-03 09:00:00-05:00,319.049,2022-08-03 14:52:00-05:00,323.221,316.36,292.04,long: close 319.07 > upper 317.87,flatten
2022-08-08,1,7,2022-08-08 09:00:00-05:00,325.839,2022-08-08 09:30:00-05:00,324.961,323.34000000000003,-61.46,long: close 325.81 > upper 324.75,exit long: close 324.95 < upper 326.04
2022-08-09,-1,5,2022-08-09 09:00:00-05:00,316.311,2022-08-09 09:30:00-05:00,316.9605,319.63,-32.48,short: close 316.37 < lower 316.42,exit short: close 316.91 > lower 315.29
2022-08-19,-1,5,2022-08-19 09:00:00-05:00,324.01099999999997,2022-08-19 11:30:00-05:00,323.109,327.73,45.1,short: close 324.03 < lower 324.04,exit short: close 323.10 > lower 322.83
2022-08-22,-1,4,2022-08-22 09:30:00-05:00,316.031,2022-08-22 11:00:00-05:00,316.349,320.59000000000003,-12.72,short: close 316.06 < lower 316.14,exit short: close 316.30 > lower 315.71
2022-08-24,1,8,2022-08-24 10:30:00-05:00,316.349,2022-08-24 11:30:00-05:00,316.151,314.15000000000003,-15.84,long: close 316.30 > upper 316.03,exit long: close 316.17 < upper 316.46
2022-08-26,-1,8,2022-08-26 09:30:00-05:00,316.311,2022-08-26 14:52:00-05:00,308.109,318.65000000000003,656.16,short: close 316.39 < lower 318.07,flatten
2022-08-30,-1,6,2022-08-30 10:00:00-05:00,300.811,2022-08-30 14:30:00-05:00,301.009,303.99,-11.88,short: close 300.83 < lower 302.08,exit short: close 300.98 > lower 300.44
2022-09-01,-1,4,2022-09-01 10:30:00-05:00,293.301,2022-09-01 11:00:00-05:00,293.564,297.92,-10.52,short: close 293.31 < lower 293.38,exit short: close 293.55 > lower 293.32
2022-09-06,-1,11,2022-09-06 09:00:00-05:00,293.641,2022-09-06 09:58:00-05:00,295.329,295.31,-185.68,short: close 293.69 < lower 293.77,stop
2022-09-09,1,6,2022-09-09 09:00:00-05:00,304.92900000000003,2022-09-09 09:30:00-05:00,305.421,301.99,29.52,long: close 304.86 > upper 304.62,exit long: close 305.44 < upper 305.70
2022-09-12,1,7,2022-09-12 09:00:00-05:00,310.639,2022-09-12 09:30:00-05:00,310.671,308.09000000000003,2.24,long: close 310.60 > upper 310.33,exit long: close 310.67 < upper 311.46
2022-09-13,-1,3,2022-09-13 10:00:00-05:00,298.246,2022-09-13 12:00:00-05:00,297.899,304.25,10.41,short: close 298.26 < lower 298.47,exit short: close 297.90 > lower 297.52
2022-09-23,-1,5,2022-09-23 09:00:00-05:00,275.001,2022-09-23 09:30:00-05:00,276.3189,278.33,-65.9,short: close 275.04 < lower 275.48,exit short: close 276.30 > lower 275.56
2022-09-26,1,8,2022-09-26 09:00:00-05:00,278.399,2022-09-26 10:00:00-05:00,277.586,276.04,-65.04,long: close 278.36 > upper 277.62,exit long: close 277.58 < upper 278.29
2022-09-29,-1,4,2022-09-29 09:00:00-05:00,272.791,2022-09-29 14:52:00-05:00,272.119,276.88,26.88,short: close 272.80 < lower 273.81,flatten
2022-10-03,1,5,2022-10-03 09:30:00-05:00,271.549,2022-10-03 10:00:00-05:00,271.331,268.22,-10.9,long: close 271.51 > upper 271.47,exit long: close 271.34 < upper 272.00
2022-10-04,1,4,2022-10-04 09:00:00-05:00,281.48900000000003,2022-10-04 11:30:00-05:00,282.126,276.74,25.48,long: close 281.46 > upper 281.04,exit long: close 282.15 < upper 282.21
2022-10-07,-1,4,2022-10-07 09:00:00-05:00,272.161,2022-10-07 09:30:00-05:00,272.669,276.6,-20.32,short: close 272.18 < lower 272.99,exit short: close 272.63 > lower 272.07
2022-10-07,-1,3,2022-10-07 10:30:00-05:00,271.751,2022-10-07 14:52:00-05:00,269.284,277.32,74.01,short: close 271.83 < lower 271.86,flatten
2022-10-10,-1,6,2022-10-10 10:00:00-05:00,265.451,2022-10-10 10:30:00-05:00,265.889,268.64,-26.28,short: close 265.48 < lower 265.98,exit short: close 265.87 > lower 265.80
2022-10-11,-1,6,2022-10-11 09:00:00-05:00,262.351,2022-10-11 09:30:00-05:00,262.509,265.33,-9.48,short: close 262.36 < lower 262.48,exit short: close 262.52 > lower 261.74
2022-10-14,-1,4,2022-10-14 09:30:00-05:00,264.791,2022-10-14 10:30:00-05:00,264.879,269.23,-3.52,short: close 264.84 < lower 265.54,exit short: close 264.87 > lower 264.57
2022-10-20,1,4,2022-10-20 09:30:00-05:00,274.469,2022-10-20 10:00:00-05:00,274.581,270.27,4.48,long: close 274.42 > upper 274.29,exit long: close 274.59 < upper 274.60
2022-10-25,1,6,2022-10-25 09:00:00-05:00,282.749,2022-10-25 09:30:00-05:00,282.661,279.61,-5.28,long: close 282.71 > upper 282.12,exit long: close 282.67 < upper 283.48
2022-10-28,1,4,2022-10-28 10:00:00-05:00,278.249,2022-10-28 11:00:00-05:00,278.141,273.99,-4.32,long: close 278.22 > upper 276.79,exit long: close 278.15 < upper 278.96
2022-11-11,1,7,2022-11-11 09:30:00-06:00,285.729,2022-11-11 10:00:00-06:00,285.551,282.94,-12.46,long: close 285.67 > upper 285.40,exit long: close 285.57 < upper 286.00
2022-11-23,1,10,2022-11-23 09:00:00-06:00,288.009,2022-11-23 11:00:00-06:00,286.831,286.14,-117.8,long: close 287.94 > upper 287.82,exit long: close 286.87 < upper 289.37
2022-11-29,-1,8,2022-11-29 10:30:00-06:00,279.731,2022-11-29 11:00:00-06:00,280.604,282.01,-69.84,short: close 279.78 < lower 280.51,exit short: close 280.57 > lower 280.15
2022-12-01,-1,9,2022-12-01 09:30:00-06:00,291.341,2022-12-01 09:57:00-06:00,293.469,293.45,-191.52,short: close 291.37 < lower 291.43,stop
2022-12-06,-1,13,2022-12-06 09:00:00-06:00,284.171,2022-12-06 14:52:00-06:00,281.939,285.66,290.16,short: close 284.21 < lower 286.01,flatten
2022-12-15,-1,5,2022-12-15 09:00:00-06:00,279.681,2022-12-15 14:30:00-06:00,277.749,283.24,96.6,short: close 279.68 < lower 280.82,exit short: close 277.73 > lower 277.24
2022-12-19,-1,10,2022-12-19 09:00:00-06:00,271.771,2022-12-19 09:30:00-06:00,272.599,273.61,-82.8,short: close 271.79 < lower 272.21,exit short: close 272.58 > lower 271.39
2022-12-19,-1,6,2022-12-19 10:00:00-06:00,270.966,2022-12-19 10:30:00-06:00,270.829,273.79,8.22,short: close 270.99 < lower 271.23,exit short: close 270.82 > lower 270.73
2022-12-21,1,5,2022-12-21 10:00:00-06:00,273.869,2022-12-21 10:30:00-06:00,273.681,270.37,-9.4,long: close 273.83 > upper 273.59,exit long: close 273.70 < upper 273.71
2022-12-22,-1,6,2022-12-22 09:00:00-06:00,268.51099999999997,2022-12-22 14:30:00-06:00,266.549,271.75,117.72,short: close 268.53 < lower 268.71,exit short: close 266.52 > lower 265.64
2022-12-27,-1,8,2022-12-27 09:00:00-06:00,263.801,2022-12-27 09:30:00-06:00,265.229,266.05,-114.24,short: close 263.85 < lower 264.85,exit short: close 265.24 > lower 263.75
2022-12-29,1,4,2022-12-29 10:00:00-06:00,266.499,2022-12-29 10:30:00-06:00,266.271,261.63,-9.12,long: close 266.47 > upper 266.38,exit long: close 266.27 < upper 266.36
2023-01-09,1,6,2023-01-09 09:00:00-06:00,273.549,2023-01-09 09:30:00-06:00,273.271,270.31,-16.68,long: close 273.52 > upper 273.04,exit long: close 273.26 < upper 273.52
2023-01-09,1,4,2023-01-09 10:30:00-06:00,275.049,2023-01-09 12:00:00-06:00,274.541,270.68,-20.32,long: close 275.03 > upper 274.17,exit long: close 274.56 < upper 274.95
2023-01-12,-1,7,2023-01-12 09:00:00-06:00,274.871,2023-01-12 09:12:00-06:00,277.54900000000004,277.53000000000003,-187.46,short: close 274.86 < lower 275.19,stop
2023-01-23,1,8,2023-01-23 09:00:00-06:00,285.889,2023-01-23 14:52:00-06:00,289.006,283.53000000000003,249.36,long: close 285.85 > upper 285.51,flatten
2023-01-25,-1,4,2023-01-25 09:00:00-06:00,281.631,2023-01-25 09:30:00-06:00,282.229,285.93,-23.92,short: close 281.65 < lower 281.81,exit short: close 282.20 > lower 281.45
2023-02-02,1,3,2023-02-02 10:00:00-06:00,310.539,2023-02-02 11:00:00-06:00,310.051,304.54,-14.64,long: close 310.51 > upper 310.35,exit long: close 310.07 < upper 310.55
2023-02-08,-1,4,2023-02-08 10:30:00-06:00,304.201,2023-02-08 11:00:00-06:00,305.359,308.58,-46.32,short: close 304.24 < lower 304.87,exit short: close 305.33 > lower 305.09
2023-03-01,-1,9,2023-03-01 09:30:00-06:00,291.291,2023-03-01 10:00:00-06:00,292.209,293.33,-82.62,short: close 291.32 < lower 291.32,exit short: close 292.20 > lower 291.26
2023-03-03,1,10,2023-03-03 09:00:00-06:00,296.73900000000003,2023-03-03 10:00:00-06:00,296.651,294.81,-8.8,long: close 296.75 > upper 296.48,exit long: close 296.65 < upper 297.25
2023-03-06,1,7,2023-03-06 10:00:00-06:00,303.249,2023-03-06 10:30:00-06:00,303.0818,300.61,-11.7,long: close 303.23 > upper 302.96,exit long: close 303.11 < upper 303.50
2023-03-07,-1,9,2023-03-07 10:00:00-06:00,297.451,2023-03-07 11:00:00-06:00,297.67900000000003,299.5,-20.52,short: close 297.45 < lower 298.00,exit short: close 297.66 > lower 297.55
2023-03-09,1,17,2023-03-09 09:00:00-06:00,300.339,2023-03-09 09:17:00-06:00,299.241,299.26,-186.66,long: close 300.31 > upper 299.20,stop
2023-03-10,-1,17,2023-03-10 09:00:00-06:00,290.181,2023-03-10 09:01:00-06:00,291.319,291.3,-193.46,short: close 290.20 < lower 291.54,stop
2023-03-10,-1,9,2023-03-10 09:30:00-06:00,290.481,2023-03-10 09:57:00-06:00,292.539,292.52,-185.22,short: close 290.49 < lower 290.62,stop
2023-03-13,1,10,2023-03-13 09:00:00-05:00,289.659,2023-03-13 09:30:00-05:00,289.041,287.71,-61.8,long: close 289.68 > upper 289.57,exit long: close 289.03 < upper 290.50
2023-03-13,1,7,2023-03-13 10:00:00-05:00,291.1191,2023-03-13 14:30:00-05:00,291.586,288.39,32.68,long: close 291.10 > upper 290.35,exit long: close 291.58 < upper 291.99
2023-03-14,1,4,2023-03-14 09:30:00-05:00,296.789,2023-03-14 10:00:00-05:00,296.341,292.82,-17.92,long: close 296.76 > upper 296.49,exit long: close 296.37 < upper 296.57
2023-03-14,1,4,2023-03-14 10:30:00-05:00,297.564,2023-03-14 11:30:00-05:00,296.911,293.06,-26.12,long: close 297.55 > upper 297.03,exit long: close 296.92 < upper 296.92
2023-03-16,1,7,2023-03-16 10:00:00-05:00,302.119,2023-03-16 14:52:00-05:00,306.551,299.48,310.24,long: close 302.10 > upper 301.08,flatten
2023-03-23,1,4,2023-03-23 10:00:00-05:00,313.369,2023-03-23 10:30:00-05:00,312.811,308.87,-22.32,long: close 313.32 > upper 312.47,exit long: close 312.81 < upper 313.33
2023-03-28,-1,9,2023-03-28 09:00:00-05:00,306.151,2023-03-28 09:30:00-05:00,306.494,308.16,-30.87,short: close 306.19 < lower 306.43,exit short: close 306.47 > lower 306.40
2023-03-28,-1,7,2023-03-28 10:00:00-05:00,305.291,2023-03-28 10:30:00-05:00,306.48900000000003,307.99,-83.86,short: close 305.31 < lower 305.74,exit short: close 306.47 > lower 304.79
2023-04-05,-1,10,2023-04-05 09:30:00-05:00,316.051,2023-04-05 13:30:00-05:00,315.219,317.90000000000003,83.2,short: close 316.08 < lower 316.77,exit short: close 315.21 > lower 315.09
2023-04-10,-1,7,2023-04-10 09:00:00-05:00,313.671,2023-04-10 09:30:00-05:00,313.899,316.28000000000003,-15.96,short: close 313.71 < lower 313.97,exit short: close 313.86 > lower 313.70
2023-04-11,-1,17,2023-04-11 09:00:00-05:00,316.581,2023-04-11 09:30:00-05:00,316.579,317.7,0.34,short: close 316.60 < lower 316.75,exit short: close 316.58 > lower 316.37
2023-04-11,-1,9,2023-04-11 10:00:00-05:00,315.556,2023-04-11 10:30:00-05:00,315.839,317.67,-25.47,short: close 315.58 < lower 315.76,exit short: close 315.84 > lower 315.71
2023-04-13,1,8,2023-04-13 09:30:00-05:00,317.289,2023-04-13 10:00:00-05:00,316.771,314.96,-41.44,long: close 317.25 > upper 316.27,exit long: close 316.79 < upper 317.26
2023-04-21,-1,11,2023-04-21 09:00:00-05:00,314.391,2023-04-21 09:20:00-05:00,316.069,316.05,-184.58,short: close 314.41 < lower 314.45,stop
2023-04-27,1,4,2023-04-27 10:30:00-05:00,318.059,2023-04-27 11:00:00-05:00,318.031,314.01,-1.12,long: close 318.04 > upper 317.80,exit long: close 318.03 < upper 318.22
2023-05-02,-1,12,2023-05-02 09:30:00-05:00,319.97159999999997,2023-05-02 12:30:00-05:00,319.469,321.51,60.31,short: close 320.00 < lower 320.60,exit short: close 319.44 > lower 319.23
2023-05-04,-1,17,2023-05-04 09:00:00-05:00,316.056,2023-05-04 10:00:00-05:00,316.159,317.19,-17.51,short: close 316.07 < lower 316.07,exit short: close 316.14 > lower 315.49
2023-05-05,1,9,2023-05-05 09:00:00-05:00,319.729,2023-05-05 14:52:00-05:00,323.056,317.76,299.43,long: close 319.71 > upper 319.31,flatten
2023-05-16,1,9,2023-05-16 10:30:00-05:00,328.549,2023-05-16 11:30:00-05:00,328.561,326.55,1.08,long: close 328.52 > upper 328.47,exit long: close 328.59 < upper 328.64
2023-05-18,1,14,2023-05-18 09:00:00-05:00,332.999,2023-05-18 14:52:00-05:00,337.32099999999997,331.69,605.08,long: close 332.97 > upper 332.65,flatten
2023-05-22,1,14,2023-05-22 09:00:00-05:00,338.249,2023-05-22 09:08:00-05:00,336.871,336.89,-192.92,long: close 338.22 > upper 337.72,stop
2023-05-26,1,10,2023-05-26 09:00:00-05:00,343.159,2023-05-26 14:52:00-05:00,348.316,341.25,515.7,long: close 343.12 > upper 342.16,flatten
2023-06-07,-1,7,2023-06-07 10:00:00-05:00,352.246,2023-06-07 10:30:00-05:00,352.584,354.72,-23.66,short: close 352.25 < lower 352.53,exit short: close 352.57 > lower 352.31
2023-06-08,1,7,2023-06-08 10:00:00-05:00,352.039,2023-06-08 12:30:00-05:00,352.0611,349.31,1.55,long: close 352.01 > upper 351.69,exit long: close 352.09 < upper 352.57
2023-06-09,1,8,2023-06-09 09:00:00-05:00,356.889,2023-06-09 10:00:00-05:00,355.291,354.51,-127.84,long: close 356.84 > upper 356.24,exit long: close 355.30 < upper 357.19
2023-06-14,1,8,2023-06-14 10:30:00-05:00,365.769,2023-06-14 11:00:00-05:00,365.161,363.32,-48.64,long: close 365.74 > upper 365.72,exit long: close 365.19 < upper 366.45
2023-06-21,-1,8,2023-06-21 09:00:00-05:00,363.956,2023-06-21 11:30:00-05:00,362.669,366.22,102.96,short: close 363.98 < lower 364.08,exit short: close 362.63 > lower 362.41
2023-06-22,1,7,2023-06-22 09:30:00-05:00,364.369,2023-06-22 10:00:00-05:00,363.031,361.57,-93.66,long: close 364.36 > upper 364.13,exit long: close 363.06 < upper 364.72
2023-06-26,1,9,2023-06-26 09:00:00-05:00,364.509,2023-06-26 09:30:00-05:00,364.171,362.41,-30.42,long: close 364.49 > upper 364.38,exit long: close 364.20 < upper 365.01
2023-07-14,1,10,2023-07-14 09:00:00-05:00,381.649,2023-07-14 10:00:00-05:00,381.1692,379.71,-47.98,long: close 381.67 > upper 381.31,exit long: close 381.16 < upper 381.40
2023-07-14,1,10,2023-07-14 10:30:00-05:00,381.689,2023-07-14 11:30:00-05:00,380.831,379.90000000000003,-85.8,long: close 381.67 > upper 381.17,exit long: close 380.84 < upper 381.83
2023-07-20,-1,6,2023-07-20 09:30:00-05:00,380.676,2023-07-20 14:52:00-05:00,377.229,383.69,206.82,short: close 380.70 < lower 380.99,flatten
2023-07-25,1,9,2023-07-25 09:00:00-05:00,378.779,2023-07-25 09:30:00-05:00,377.871,376.79,-81.72,long: close 378.71 > upper 378.58,exit long: close 377.88 < upper 378.69
2023-07-26,-1,9,2023-07-26 10:00:00-05:00,375.711,2023-07-26 11:00:00-05:00,376.92900000000003,377.7,-109.62,short: close 375.73 < lower 376.27,exit short: close 376.90 > lower 375.60
2023-07-28,1,5,2023-07-28 10:00:00-05:00,382.649,2023-07-28 12:30:00-05:00,382.861,378.96,10.6,long: close 382.61 > upper 382.34,exit long: close 382.89 < upper 382.97
2023-08-02,-1,6,2023-08-02 09:00:00-05:00,377.671,2023-08-02 14:52:00-05:00,374.549,380.89,187.32,short: close 377.70 < lower 377.81,flatten
2023-08-08,-1,6,2023-08-08 09:00:00-05:00,370.57099999999997,2023-08-08 12:00:00-05:00,370.149,373.5,25.32,short: close 370.61 < lower 371.00,exit short: close 370.11 > lower 369.84
2023-08-09,-1,7,2023-08-09 10:00:00-05:00,368.521,2023-08-09 12:30:00-05:00,369.519,371.07,-69.86,short: close 368.54 < lower 369.57,exit short: close 369.48 > lower 369.21
2023-08-10,1,5,2023-08-10 09:00:00-05:00,373.949,2023-08-10 10:00:00-05:00,371.741,370.44,-110.4,long: close 373.91 > upper 372.94,exit long: close 371.75 < upper 373.47
2023-08-14,1,7,2023-08-14 10:00:00-05:00,369.409,2023-08-14 11:00:00-05:00,368.956,366.76,-31.71,long: close 369.37 > upper 368.48,exit long: close 368.97 < upper 369.11
2023-08-15,-1,8,2023-08-15 09:30:00-05:00,367.181,2023-08-15 10:00:00-05:00,367.219,369.61,-3.04,short: close 367.20 < lower 367.49,exit short: close 367.20 > lower 366.71
2023-08-21,1,7,2023-08-21 09:00:00-05:00,362.189,2023-08-21 09:30:00-05:00,360.151,359.55,-142.66,long: close 362.16 > upper 361.51,exit long: close 360.16 < upper 361.66
2023-08-23,1,7,2023-08-23 09:30:00-05:00,367.459,2023-08-23 14:52:00-05:00,369.301,364.84000000000003,128.94,long: close 367.45 > upper 366.59,flatten
2023-08-24,-1,4,2023-08-24 09:30:00-05:00,366.291,2023-08-24 14:52:00-05:00,361.954,370.38,173.48,short: close 366.31 < lower 366.82,flatten
2023-08-29,1,7,2023-08-29 09:30:00-05:00,371.759,2023-08-29 14:52:00-05:00,374.56,368.95,196.07,long: close 371.74 > upper 369.52,flatten
2023-09-06,-1,6,2023-09-06 09:30:00-05:00,374.51099999999997,2023-09-06 10:00:00-05:00,374.279,377.6,13.92,short: close 374.53 < lower 374.59,exit short: close 374.25 > lower 373.35
2023-09-15,-1,8,2023-09-15 09:00:00-05:00,373.631,2023-09-15 14:52:00-05:00,370.569,376.05,244.96,short: close 373.61 < lower 374.18,flatten
2023-10-02,1,14,2023-10-02 09:30:00-05:00,359.98900000000003,2023-10-02 10:00:00-05:00,359.951,358.65000000000003,-5.32,long: close 359.96 > upper 359.78,exit long: close 359.97 < upper 360.67
2023-10-02,1,7,2023-10-02 10:30:00-05:00,362.55400000000003,2023-10-02 10:53:00-05:00,359.751,359.77,-196.21,long: close 362.50 > upper 361.22,stop
2023-10-03,-1,7,2023-10-03 09:30:00-05:00,356.281,2023-10-03 11:30:00-05:00,356.129,358.90000000000003,10.64,short: close 356.29 < lower 357.43,exit short: close 356.09 > lower 355.68
2023-10-05,-1,12,2023-10-05 09:00:00-05:00,357.991,2023-10-05 11:30:00-05:00,357.659,359.61,39.84,short: close 358.01 < lower 358.13,exit short: close 357.64 > lower 356.35
2023-10-10,1,10,2023-10-10 09:30:00-05:00,369.069,2023-10-10 12:30:00-05:00,369.01099999999997,367.27,-5.8,long: close 369.02 > upper 368.54,exit long: close 369.03 < upper 370.79
2023-10-13,-1,6,2023-10-13 10:00:00-05:00,367.151,2023-10-13 11:30:00-05:00,366.779,370.06,22.32,short: close 367.18 < lower 367.29,exit short: close 366.77 > lower 365.74
2023-10-16,1,7,2023-10-16 09:30:00-05:00,369.589,2023-10-16 10:30:00-05:00,369.641,367.02,3.64,long: close 369.57 > upper 368.51,exit long: close 369.66 < upper 370.33
2023-10-17,-1,6,2023-10-17 09:00:00-05:00,364.381,2023-10-17 09:30:00-05:00,366.889,367.53000000000003,-150.48,short: close 364.38 < lower 364.50,exit short: close 366.87 > lower 363.77
2023-10-20,-1,7,2023-10-20 09:30:00-05:00,357.081,2023-10-20 11:00:00-05:00,356.209,359.55,61.04,short: close 357.12 < lower 357.24,exit short: close 356.18 > lower 355.48
2023-10-25,-1,8,2023-10-25 09:00:00-05:00,354.51099999999997,2023-10-25 10:00:00-05:00,353.869,356.97,51.36,short: close 354.53 < lower 355.48,exit short: close 353.85 > lower 353.36
2023-10-26,-1,10,2023-10-26 09:00:00-05:00,346.9409,2023-10-26 10:00:00-05:00,347.509,348.76,-56.81,short: close 346.95 < lower 347.89,exit short: close 347.49 > lower 346.00
2023-10-26,-1,5,2023-10-26 10:30:00-05:00,345.171,2023-10-26 11:00:00-05:00,345.419,349.05,-12.4,short: close 345.18 < lower 345.84,exit short: close 345.42 > lower 345.18
2023-10-30,1,7,2023-10-30 09:00:00-05:00,349.934,2023-10-30 09:21:00-05:00,347.371,347.39,-179.41,long: close 349.91 > upper 349.17,stop
2023-10-31,-1,12,2023-10-31 09:00:00-05:00,347.291,2023-10-31 09:11:00-05:00,348.819,348.8,-183.36,short: close 347.33 < lower 347.68,stop
2023-11-01,1,7,2023-11-01 09:30:00-05:00,354.409,2023-11-01 10:00:00-05:00,354.171,351.75,-16.66,long: close 354.40 > upper 353.98,exit long: close 354.19 < upper 354.38
2023-11-07,1,6,2023-11-07 10:00:00-06:00,372.999,2023-11-07 10:30:00-06:00,372.911,370.05,-5.28,long: close 372.97 > upper 372.70,exit long: close 372.93 < upper 372.94
2023-11-10,1,6,2023-11-10 10:30:00-06:00,374.469,2023-11-10 14:52:00-06:00,378.421,371.21,237.12,long: close 374.45 > upper 374.22,flatten
2023-11-14,1,4,2023-11-14 09:30:00-06:00,385.419,2023-11-14 10:00:00-06:00,384.991,380.53000000000003,-17.12,long: close 385.40 > upper 385.39,exit long: close 385.01 < upper 385.59
2023-11-20,1,15,2023-11-20 09:00:00-06:00,388.519,2023-11-20 09:23:00-06:00,387.241,387.26,-191.7,long: close 388.48 > upper 387.32,stop
2023-11-20,1,15,2023-11-20 09:30:00-06:00,387.659,2023-11-20 14:52:00-06:00,390.751,386.42,463.8,long: close 387.64 > upper 387.29,flatten
2023-11-21,-1,8,2023-11-21 09:30:00-06:00,386.931,2023-11-21 10:00:00-06:00,387.359,389.14,-34.24,short: close 386.94 < lower 387.66,exit short: close 387.33 > lower 387.32
2023-11-29,1,8,2023-11-29 09:00:00-06:00,393.849,2023-11-29 09:20:00-06:00,391.561,391.58,-183.04,long: close 393.82 > upper 393.73,stop
2023-11-30,-1,14,2023-11-30 09:30:00-06:00,388.07099999999997,2023-11-30 14:00:00-06:00,387.509,389.38,78.68,short: close 388.07 < lower 388.61,exit short: close 387.50 > lower 387.01
2023-12-01,-1,10,2023-12-01 09:30:00-06:00,386.441,2023-12-01 10:00:00-06:00,387.3267,388.23,-88.57,short: close 386.46 < lower 386.48,exit short: close 387.30 > lower 386.23
2023-12-04,-1,6,2023-12-04 09:30:00-06:00,383.401,2023-12-04 11:00:00-06:00,385.219,386.69,-109.08,short: close 383.42 < lower 384.74,exit short: close 385.19 > lower 384.04
2023-12-05,1,7,2023-12-05 10:00:00-06:00,388.299,2023-12-05 10:30:00-06:00,386.451,385.65000000000003,-129.36,long: close 388.28 > upper 387.98,exit long: close 386.48 < upper 388.24
2023-12-11,1,12,2023-12-11 09:00:00-06:00,393.749,2023-12-11 09:30:00-06:00,393.361,392.22,-46.56,long: close 393.73 > upper 393.47,exit long: close 393.37 < upper 394.62
2023-12-29,-1,11,2023-12-29 10:30:00-06:00,407.681,2023-12-29 12:05:00-06:00,409.389,409.37,-187.88,short: close 407.69 < lower 409.56,stop
2024-01-02,-1,6,2024-01-02 09:00:00-06:00,403.556,2024-01-02 14:52:00-06:00,401.969,406.40000000000003,95.22,short: close 403.58 < lower 404.82,flatten
2024-01-05,1,11,2024-01-05 09:30:00-06:00,398.619,2024-01-05 10:30:00-06:00,398.111,396.97,-55.88,long: close 398.59 > upper 397.99,exit long: close 398.12 < upper 398.38
2024-01-08,1,12,2024-01-08 09:00:00-06:00,400.834,2024-01-08 14:52:00-06:00,404.971,399.24,496.44,long: close 400.81 > upper 398.97,flatten
2024-01-11,-1,6,2024-01-11 10:30:00-06:00,405.251,2024-01-11 12:00:00-06:00,406.299,408.17,-62.88,short: close 405.27 < lower 406.24,exit short: close 406.31 > lower 405.92
2024-01-17,-1,7,2024-01-17 09:00:00-06:00,403.331,2024-01-17 09:30:00-06:00,404.419,406.09000000000003,-76.16,short: close 403.36 < lower 405.09,exit short: close 404.41 > lower 404.14
2024-01-31,-1,5,2024-01-31 09:30:00-06:00,419.021,2024-01-31 10:30:00-06:00,419.389,422.48,-18.4,short: close 419.04 < lower 419.57,exit short: close 419.37 > lower 419.13
2024-02-01,1,8,2024-02-01 09:30:00-06:00,420.339,2024-02-01 10:00:00-06:00,418.016,417.98,-185.84,long: close 420.31 > upper 420.20,exit long: close 418.05 < upper 420.90
2024-02-02,1,11,2024-02-02 09:00:00-06:00,425.819,2024-02-02 14:52:00-06:00,430.021,424.05,462.22,long: close 425.84 > upper 424.71,flatten
2024-02-05,-1,13,2024-02-05 09:30:00-06:00,426.721,2024-02-05 11:00:00-06:00,427.569,428.22,-110.24,short: close 426.74 < lower 427.61,exit short: close 427.55 > lower 427.29
2024-02-06,-1,9,2024-02-06 09:30:00-06:00,426.711,2024-02-06 10:00:00-06:00,427.089,428.78000000000003,-34.02,short: close 426.73 < lower 426.95,exit short: close 427.08 > lower 426.31
2024-02-07,1,6,2024-02-07 09:30:00-06:00,432.629,2024-02-07 10:00:00-06:00,431.811,429.64,-49.08,long: close 432.61 > upper 432.03,exit long: close 431.84 < upper 432.68
2024-02-15,-1,14,2024-02-15 09:00:00-06:00,432.161,2024-02-15 09:30:00-06:00,432.289,433.49,-17.92,short: close 432.18 < lower 432.25,exit short: close 432.23 > lower 431.19
2024-02-16,-1,14,2024-02-16 09:00:00-06:00,431.161,2024-02-16 10:00:00-06:00,432.059,432.51,-125.72,short: close 431.25 < lower 433.37,exit short: close 432.04 > lower 432.01
2024-02-20,-1,7,2024-02-20 09:00:00-06:00,426.121,2024-02-20 10:00:00-06:00,426.469,428.65000000000003,-24.36,short: close 426.16 < lower 427.04,exit short: close 426.45 > lower 425.79
2024-03-01,1,8,2024-03-01 10:00:00-06:00,442.219,2024-03-01 14:52:00-06:00,445.631,439.99,272.96,long: close 442.21 > upper 441.72,flatten
2024-03-05,-1,6,2024-03-05 09:00:00-06:00,438.721,2024-03-05 14:52:00-06:00,435.259,441.85,207.72,short: close 438.72 < lower 439.30,flatten
2024-03-07,1,4,2024-03-07 10:30:00-06:00,444.949,2024-03-07 14:30:00-06:00,445.331,440.98,15.28,long: close 444.93 > upper 444.61,exit long: close 445.35 < upper 445.69
2024-03-08,1,7,2024-03-08 09:30:00-06:00,448.509,2024-03-08 10:00:00-06:00,447.221,445.89,-90.16,long: close 448.47 > upper 448.28,exit long: close 447.28 < upper 447.83
2024-03-08,-1,7,2024-03-08 10:30:00-06:00,442.841,2024-03-08 11:30:00-06:00,442.689,445.35,10.64,short: close 442.86 < lower 443.15,exit short: close 442.62 > lower 442.57
2024-03-11,-1,8,2024-03-11 09:00:00-05:00,435.671,2024-03-11 09:30:00-05:00,436.419,437.92,-59.84,short: close 435.69 < lower 436.01,exit short: close 436.39 > lower 435.22
2024-03-12,1,6,2024-03-12 10:00:00-05:00,442.379,2024-03-12 11:30:00-05:00,441.466,439.51,-54.78,long: close 442.32 > upper 441.42,exit long: close 441.48 < upper 442.36
2024-03-13,-1,9,2024-03-13 09:00:00-05:00,440.501,2024-03-13 09:30:00-05:00,440.609,442.47,-9.72,short: close 440.51 < lower 441.20,exit short: close 440.60 > lower 440.54
2024-03-13,-1,8,2024-03-13 10:00:00-05:00,440.351,2024-03-13 10:30:00-05:00,440.089,442.77,20.96,short: close 440.37 < lower 440.74,exit short: close 440.07 > lower 439.92
2024-03-14,-1,8,2024-03-14 09:00:00-05:00,438.221,2024-03-14 09:30:00-05:00,440.049,440.45,-146.24,short: close 438.29 < lower 438.64,exit short: close 440.06 > lower 438.08
2024-04-01,1,8,2024-04-01 09:00:00-05:00,447.049,2024-04-01 09:30:00-05:00,445.811,444.76,-99.04,long: close 447.04 > upper 446.77,exit long: close 445.82 < upper 446.84
2024-04-03,1,6,2024-04-03 09:30:00-05:00,443.029,2024-04-03 11:00:00-05:00,442.861,440.16,-10.08,long: close 443.00 > upper 442.89,exit long: close 442.87 < upper 442.96
2024-04-05,1,9,2024-04-05 09:00:00-05:00,438.48900000000003,2024-04-05 09:30:00-05:00,438.361,436.33,-11.52,long: close 438.47 > upper 438.18,exit long: close 438.36 < upper 438.72
2024-04-05,1,7,2024-04-05 10:00:00-05:00,440.939,2024-04-05 14:52:00-05:00,440.76099999999997,438.21000000000004,-12.46,long: close 440.91 > upper 438.74,flatten
2024-04-19,-1,7,2024-04-19 09:30:00-05:00,419.341,2024-04-19 10:00:00-05:00,419.659,421.96000000000004,-22.26,short: close 419.38 < lower 420.17,exit short: close 419.68 > lower 419.25
2024-04-19,-1,6,2024-04-19 10:30:00-05:00,418.311,2024-04-19 14:52:00-05:00,413.949,421.6,261.72,short: close 418.35 < lower 419.50,flatten
2024-04-23,1,8,2024-04-23 09:00:00-05:00,422.559,2024-04-23 12:00:00-05:00,424.76099999999997,420.31,176.16,long: close 422.52 > upper 422.06,exit long: close 424.78 < upper 424.96
2024-04-26,1,6,2024-04-26 09:00:00-05:00,429.839,2024-04-26 11:30:00-05:00,431.231,427.0,83.52,long: close 429.82 > upper 428.84,exit long: close 431.23 < upper 431.55
2024-05-14,1,10,2024-05-14 09:30:00-05:00,444.839,2024-05-14 09:38:00-05:00,442.951,442.97,-188.8,long: close 444.81 > upper 444.75,stop
2024-05-20,1,12,2024-05-20 09:00:00-05:00,454.539,2024-05-20 13:30:00-05:00,454.491,453.01,-5.76,long: close 454.51 > upper 453.40,exit long: close 454.52 < upper 454.58
2024-05-24,1,6,2024-05-24 10:00:00-05:00,457.699,2024-05-24 13:30:00-05:00,458.561,454.56,51.72,long: close 457.67 > upper 457.60,exit long: close 458.58 < upper 458.58
2024-05-30,-1,6,2024-05-30 10:00:00-05:00,452.901,2024-05-30 10:30:00-05:00,453.309,455.73,-24.48,short: close 452.94 < lower 453.19,exit short: close 453.30 > lower 453.19
2024-05-31,-1,9,2024-05-31 09:30:00-05:00,447.331,2024-05-31 14:48:00-05:00,449.319,449.3,-178.92,short: close 447.39 < lower 449.71,stop
2024-06-12,1,5,2024-06-12 09:00:00-05:00,474.159,2024-06-12 10:00:00-05:00,474.411,470.72,12.6,long: close 474.13 > upper 473.47,exit long: close 474.41 < upper 475.09
2024-06-12,1,3,2024-06-12 10:30:00-05:00,475.194,2024-06-12 11:00:00-05:00,474.661,470.12,-15.99,long: close 475.13 > upper 475.10,exit long: close 474.71 < upper 475.13
2024-06-21,-1,15,2024-06-21 09:00:00-05:00,479.601,2024-06-21 09:15:00-05:00,480.869,480.85,-190.2,short: close 479.62 < lower 480.04,stop
2024-06-25,1,6,2024-06-25 10:30:00-05:00,478.519,2024-06-25 11:30:00-05:00,478.201,475.41,-19.08,long: close 478.50 > upper 478.10,exit long: close 478.21 < upper 478.82
2024-06-27,1,15,2024-06-27 09:00:00-05:00,481.769,2024-06-27 09:50:00-05:00,480.521,480.54,-187.2,long: close 481.77 > upper 481.49,stop
2024-06-28,1,12,2024-06-28 09:00:00-05:00,484.259,2024-06-28 10:00:00-05:00,484.051,482.75,-24.96,long: close 484.24 > upper 483.50,exit long: close 484.07 < upper 484.11
2024-07-02,1,8,2024-07-02 10:30:00-05:00,483.849,2024-07-02 11:00:00-05:00,483.001,481.40000000000003,-67.84,long: close 483.81 > upper 483.63,exit long: close 483.08 < upper 483.71
2024-07-03,1,8,2024-07-03 10:30:00-05:00,489.359,2024-07-03 14:53:00-05:00,490.911,487.05,124.16,long: close 489.32 > upper 488.92,flatten
2024-07-05,1,8,2024-07-05 09:00:00-05:00,493.67900000000003,2024-07-05 09:30:00-05:00,493.681,491.40000000000003,0.16,long: close 493.61 > upper 493.46,exit long: close 493.69 < upper 493.89
2024-07-05,1,7,2024-07-05 10:00:00-05:00,493.839,2024-07-05 13:30:00-05:00,495.651,491.25,126.84,long: close 493.83 > upper 493.78,exit long: close 495.68 < upper 495.75
2024-07-11,-1,9,2024-07-11 09:30:00-05:00,498.156,2024-07-11 14:52:00-05:00,492.819,500.2,480.33,short: close 498.20 < lower 500.98,flatten
2024-07-12,1,10,2024-07-12 09:00:00-05:00,494.92900000000003,2024-07-12 14:52:00-05:00,494.421,492.98,-50.8,long: close 494.89 > upper 494.16,flatten
2024-07-17,-1,3,2024-07-17 09:30:00-05:00,485.121,2024-07-17 10:00:00-05:00,484.979,491.12,4.26,short: close 485.15 < lower 485.60,exit short: close 484.98 > lower 484.96
2024-07-18,-1,3,2024-07-18 10:30:00-05:00,477.721,2024-07-18 11:30:00-05:00,478.049,483.18,-9.84,short: close 477.74 < lower 478.22,exit short: close 478.04 > lower 477.68
2024-07-24,-1,4,2024-07-24 09:00:00-05:00,470.791,2024-07-24 14:52:00-05:00,464.219,475.65000000000003,262.88,short: close 470.82 < lower 472.37,flatten
2024-07-25,-1,11,2024-07-25 09:00:00-05:00,459.171,2024-07-25 09:36:00-05:00,460.969,460.95,-197.78,short: close 459.20 < lower 461.75,stop
2024-08-01,1,7,2024-08-01 09:00:00-05:00,474.639,2024-08-01 09:19:00-05:00,472.001,472.02,-184.66,long: close 474.71 > upper 474.02,stop
2024-08-01,-1,5,2024-08-01 10:00:00-05:00,467.341,2024-08-01 14:52:00-05:00,460.17900000000003,471.04,358.1,short: close 467.37 < lower 467.70,flatten
2024-08-02,-1,3,2024-08-02 09:30:00-05:00,446.906,2024-08-02 10:30:00-05:00,446.784,452.91,3.66,short: close 446.95 < lower 448.08,exit short: close 446.76 > lower 445.88
2024-08-06,1,4,2024-08-06 10:00:00-05:00,442.719,2024-08-06 10:30:00-05:00,439.901,437.78000000000003,-112.72,long: close 442.71 > upper 441.48,exit long: close 439.89 < upper 443.55
2024-08-08,1,3,2024-08-08 09:30:00-05:00,444.809,2024-08-08 10:30:00-05:00,444.781,438.81,-0.84,long: close 444.75 > upper 444.33,exit long: close 444.78 < upper 446.63
2024-08-26,-1,6,2024-08-26 09:30:00-05:00,475.891,2024-08-26 11:30:00-05:00,475.92900000000003,478.89,-2.28,short: close 475.95 < lower 476.74,exit short: close 475.92 > lower 475.26
2024-08-28,-1,5,2024-08-28 10:00:00-05:00,472.1309,2024-08-28 12:00:00-05:00,472.099,475.67,1.6,short: close 472.16 < lower 473.02,exit short: close 472.10 > lower 471.83
2024-08-29,1,6,2024-08-29 09:00:00-05:00,476.839,2024-08-29 09:30:00-05:00,475.691,473.93,-68.88,long: close 476.82 > upper 475.19,exit long: close 475.70 < upper 476.00
2024-08-29,1,4,2024-08-29 10:00:00-05:00,476.809,2024-08-29 10:30:00-05:00,476.401,472.63,-16.32,long: close 476.72 > upper 476.46,exit long: close 476.38 < upper 476.43
2024-09-03,-1,5,2024-09-03 09:00:00-05:00,470.581,2024-09-03 14:52:00-05:00,460.819,474.24,488.1,short: close 470.62 < lower 471.13,flatten
2024-09-05,1,6,2024-09-05 09:00:00-05:00,463.059,2024-09-05 10:00:00-05:00,461.343,460.2,-102.96,long: close 463.05 > upper 462.66,exit long: close 461.33 < upper 464.74
2024-09-06,-1,7,2024-09-06 09:00:00-05:00,455.861,2024-09-06 14:52:00-05:00,449.329,458.47,457.24,short: close 455.85 < lower 458.12,flatten
2024-09-11,-1,4,2024-09-11 09:30:00-05:00,453.871,2024-09-11 10:30:00-05:00,454.674,458.17,-32.12,short: close 453.89 < lower 454.97,exit short: close 454.70 > lower 453.93
2024-10-01,-1,11,2024-10-01 09:00:00-05:00,482.721,2024-10-01 14:52:00-05:00,481.399,484.49,145.42,short: close 482.74 < lower 486.10,flatten
2024-10-08,1,4,2024-10-08 10:00:00-05:00,487.889,2024-10-08 10:30:00-05:00,487.681,483.51,-8.32,long: close 487.83 > upper 487.75,exit long: close 487.65 < upper 488.53
2024-10-14,1,5,2024-10-14 09:00:00-05:00,498.649,2024-10-14 09:30:00-05:00,497.94599999999997,495.1,-35.15,long: close 498.62 > upper 498.11,exit long: close 497.97 < upper 499.53
2024-10-15,-1,5,2024-10-15 10:00:00-05:00,492.211,2024-10-15 14:52:00-05:00,490.159,495.83,102.6,short: close 492.23 < lower 494.05,flatten
2024-10-16,-1,7,2024-10-16 09:00:00-05:00,487.951,2024-10-16 09:24:00-05:00,490.449,490.43,-174.86,short: close 488.00 < lower 488.50,stop
2024-10-25,1,6,2024-10-25 09:00:00-05:00,498.949,2024-10-25 11:00:00-05:00,498.241,495.8,-42.48,long: close 498.95 > upper 496.89,exit long: close 498.28 < upper 498.40
2024-10-31,-1,4,2024-10-31 09:00:00-05:00,487.581,2024-10-31 14:52:00-05:00,486.069,491.77000000000004,60.48,short: close 487.61 < lower 490.21,flatten
2024-11-01,1,5,2024-11-01 09:30:00-05:00,490.379,2024-11-01 12:00:00-05:00,488.931,486.67,-72.4,long: close 490.35 > upper 488.42,exit long: close 488.92 < upper 489.26
2024-11-05,1,5,2024-11-05 09:00:00-06:00,490.899,2024-11-05 09:30:00-06:00,490.331,487.5,-28.4,long: close 490.95 > upper 490.19,exit long: close 490.33 < upper 490.68
2024-11-05,1,4,2024-11-05 10:30:00-06:00,491.209,2024-11-05 13:00:00-06:00,491.421,486.92,8.48,long: close 491.12 > upper 491.08,exit long: close 491.38 < upper 491.40
2024-11-07,1,5,2024-11-07 09:00:00-06:00,510.899,2024-11-07 09:30:00-06:00,510.90749999999997,507.15000000000003,0.42,long: close 510.89 > upper 510.77,exit long: close 510.91 < upper 511.79
2024-11-07,1,4,2024-11-07 10:00:00-06:00,512.099,2024-11-07 10:30:00-06:00,511.921,507.62,-7.12,long: close 512.06 > upper 511.49,exit long: close 511.96 < upper 512.22
2024-11-15,-1,3,2024-11-15 09:30:00-06:00,498.871,2024-11-15 14:52:00-06:00,495.839,504.63,90.96,short: close 498.89 < lower 500.06,flatten
2024-11-20,-1,7,2024-11-20 09:00:00-06:00,499.881,2024-11-20 10:00:00-06:00,500.149,502.40000000000003,-18.76,short: close 499.83 < lower 500.73,exit short: close 500.14 > lower 499.37
2024-11-20,-1,4,2024-11-20 10:30:00-06:00,498.671,2024-11-20 11:00:00-06:00,501.639,502.91,-118.72,short: close 498.65 < lower 499.01,exit short: close 501.63 > lower 498.65
2024-11-21,-1,3,2024-11-21 09:30:00-06:00,497.891,2024-11-21 10:00:00-06:00,502.23900000000003,502.97,-130.44,short: close 497.91 < lower 499.64,exit short: close 502.20 > lower 499.86
2024-11-27,-1,4,2024-11-27 09:30:00-06:00,504.271,2024-11-27 13:00:00-06:00,505.209,508.39,-37.52,short: close 504.33 < lower 504.62,exit short: close 505.19 > lower 503.74
2024-11-29,1,5,2024-11-29 10:30:00-06:00,509.659,2024-11-29 11:30:00-06:00,509.501,506.11,-7.9,long: close 509.66 > upper 509.16,exit long: close 509.50 < upper 509.74
2024-12-02,1,6,2024-12-02 09:00:00-06:00,513.699,2024-12-02 09:30:00-06:00,514.3807,510.53000000000003,40.9,long: close 513.67 > upper 513.60,exit long: close 514.40 < upper 515.00
2024-12-06,1,6,2024-12-06 09:00:00-06:00,525.299,2024-12-06 09:30:00-06:00,525.866,522.36,34.02,long: close 525.24 > upper 525.07,exit long: close 525.87 < upper 526.61
2024-12-11,1,3,2024-12-11 10:30:00-06:00,529.189,2024-12-11 14:52:00-06:00,530.106,523.42,27.51,long: close 529.17 > upper 528.55,flatten
2024-12-13,1,4,2024-12-13 09:00:00-06:00,532.539,2024-12-13 09:30:00-06:00,530.611,528.53,-77.12,long: close 532.52 > upper 532.50,exit long: close 530.63 < upper 533.08
2024-12-20,1,4,2024-12-20 10:00:00-06:00,517.899,2024-12-20 14:52:00-06:00,518.931,513.36,41.28,long: close 517.84 > upper 516.85,flatten
2024-12-24,1,7,2024-12-24 09:00:00-06:00,526.689,2024-12-24 09:30:00-06:00,527.171,524.1800000000001,33.74,long: close 526.66 > upper 526.39,exit long: close 527.20 < upper 527.77
2024-12-24,1,4,2024-12-24 10:30:00-06:00,528.479,2024-12-24 11:00:00-06:00,528.171,523.96,-12.32,long: close 528.46 > upper 528.40,exit long: close 528.15 < upper 528.83
2024-12-27,-1,5,2024-12-27 09:00:00-06:00,522.611,2024-12-27 13:00:00-06:00,521.799,526.07,40.6,short: close 522.60 < lower 524.32,exit short: close 521.78 > lower 521.43
2024-12-30,-1,3,2024-12-30 09:00:00-06:00,512.601,2024-12-30 09:30:00-06:00,512.509,517.86,2.76,short: close 512.64 < lower 513.79,exit short: close 512.44 > lower 512.09
2025-01-03,1,5,2025-01-03 09:00:00-06:00,515.419,2025-01-03 09:30:00-06:00,514.271,511.97,-57.4,long: close 515.48 > upper 515.21,exit long: close 514.28 < upper 516.84
2025-01-07,-1,4,2025-01-07 09:30:00-06:00,520.3911,2025-01-07 12:30:00-06:00,518.799,524.92,63.68,short: close 520.41 < lower 520.54,exit short: close 518.81 > lower 518.30
2025-01-10,-1,5,2025-01-10 09:00:00-06:00,508.241,2025-01-10 09:30:00-06:00,507.659,512.2,29.1,short: close 508.35 < lower 509.44,exit short: close 507.66 > lower 507.34
2025-01-10,-1,3,2025-01-10 10:00:00-06:00,506.671,2025-01-10 11:30:00-06:00,505.859,512.62,24.36,short: close 506.68 < lower 507.45,exit short: close 505.84 > lower 504.63
2025-01-28,1,4,2025-01-28 09:30:00-06:00,519.239,2025-01-28 10:30:00-06:00,517.711,514.75,-61.12,long: close 519.21 > upper 519.11,exit long: close 517.72 < upper 518.79
2025-01-31,1,3,2025-01-31 10:00:00-06:00,530.859,2025-01-31 10:30:00-06:00,530.321,525.2,-16.14,long: close 530.84 > upper 530.69,exit long: close 530.34 < upper 530.35
2025-02-04,1,6,2025-02-04 09:00:00-06:00,521.989,2025-02-04 11:30:00-06:00,521.981,519.07,-0.48,long: close 521.94 > upper 521.31,exit long: close 521.94 < upper 522.61
2025-02-07,-1,5,2025-02-07 10:30:00-06:00,524.681,2025-02-07 12:30:00-06:00,525.939,528.64,-62.9,short: close 524.58 < lower 525.91,exit short: close 525.95 > lower 525.80
2025-02-20,-1,8,2025-02-20 09:00:00-06:00,533.831,2025-02-20 09:21:00-06:00,536.089,536.07,-180.64,short: close 533.89 < lower 536.91,stop
2025-02-20,-1,3,2025-02-20 10:00:00-06:00,533.4408999999999,2025-02-20 10:30:00-06:00,535.159,538.4300000000001,-51.54,short: close 533.41 < lower 534.16,exit short: close 535.05 > lower 534.59
2025-02-24,-1,6,2025-02-24 09:00:00-06:00,523.321,2025-02-24 10:00:00-06:00,521.609,526.42,102.72,short: close 523.34 < lower 523.89,exit short: close 521.55 > lower 521.53
2025-02-25,-1,6,2025-02-25 09:00:00-06:00,515.981,2025-02-25 12:00:00-06:00,515.049,518.9300000000001,55.92,short: close 516.00 < lower 516.59,exit short: close 515.02 > lower 514.32
2025-02-27,-1,4,2025-02-27 09:00:00-06:00,510.01099999999997,2025-02-27 09:30:00-06:00,512.949,514.6,-117.52,short: close 510.03 < lower 511.73,exit short: close 512.95 > lower 510.00
2025-03-04,-1,3,2025-03-04 10:30:00-06:00,489.361,2025-03-04 11:00:00-06:00,493.177,495.36,-114.48,short: close 489.38 < lower 489.43,exit short: close 493.15 > lower 489.26
2025-03-10,-1,3,2025-03-10 09:30:00-05:00,478.291,2025-03-10 14:52:00-05:00,473.229,484.29,151.86,short: close 478.30 < lower 478.52,flatten
2025-03-13,-1,4,2025-03-13 09:00:00-05:00,471.111,2025-03-13 09:24:00-05:00,475.48900000000003,475.47,-175.12,short: close 471.22 < lower 472.30,stop
2025-03-18,-1,3,2025-03-18 09:00:00-05:00,474.001,2025-03-18 10:00:00-05:00,474.229,479.65000000000003,-6.84,short: close 474.02 < lower 475.43,exit short: close 474.19 > lower 474.14
2025-03-18,-1,3,2025-03-18 10:30:00-05:00,473.941,2025-03-18 11:30:00-05:00,475.829,479.94,-56.64,short: close 473.94 < lower 474.22,exit short: close 475.85 > lower 474.64
2025-03-28,-1,4,2025-03-28 09:30:00-05:00,473.211,2025-03-28 14:52:00-05:00,468.73900000000003,477.97,178.88,short: close 473.21 < lower 475.94,flatten
2025-04-04,-1,3,2025-04-04 09:30:00-05:00,432.351,2025-04-04 14:52:00-05:00,425.659,438.35,200.76,short: close 432.39 < lower 434.10,flatten
2025-04-09,1,5,2025-04-09 09:00:00-05:00,421.329,2025-04-09 09:30:00-05:00,421.291,417.75,-1.9,long: close 421.29 > upper 419.45,exit long: close 421.28 < upper 421.53
2025-04-10,-1,3,2025-04-10 10:30:00-05:00,445.861,2025-04-10 12:30:00-05:00,441.389,451.86,134.16,short: close 445.87 < lower 447.68,exit short: close 441.46 > lower 440.83
2025-04-21,-1,3,2025-04-21 10:30:00-05:00,431.931,2025-04-21 11:30:00-05:00,430.659,437.93,38.16,short: close 431.93 < lower 432.05,exit short: close 430.68 > lower 429.04
2025-04-24,1,3,2025-04-24 09:30:00-05:00,462.859,2025-04-24 11:00:00-05:00,463.366,456.86,15.21,long: close 462.85 > upper 462.23,exit long: close 463.33 < upper 464.27
2025-05-13,1,4,2025-05-13 09:30:00-05:00,514.169,2025-05-13 14:52:00-05:00,516.2909999999999,509.95,84.88,long: close 514.13 > upper 512.72,flatten
2025-05-22,1,8,2025-05-22 09:00:00-05:00,516.539,2025-05-22 09:30:00-05:00,515.191,514.08,-107.84,long: close 516.50 > upper 515.82,exit long: close 515.19 < upper 517.07
2025-05-30,-1,6,2025-05-30 09:00:00-05:00,516.441,2025-05-30 09:12:00-05:00,519.279,519.26,-170.28,short: close 516.47 < lower 516.88,stop
2025-06-16,1,5,2025-06-16 09:00:00-05:00,533.759,2025-06-16 11:30:00-05:00,534.061,530.12,15.1,long: close 533.73 > upper 532.37,exit long: close 534.08 < upper 534.20
2025-06-20,-1,5,2025-06-20 10:00:00-05:00,526.091,2025-06-20 10:30:00-05:00,527.099,530.03,-50.4,short: close 526.13 < lower 526.68,exit short: close 527.11 > lower 526.72
2025-06-23,1,8,2025-06-23 09:30:00-05:00,529.579,2025-06-23 10:00:00-05:00,528.831,527.22,-59.84,long: close 529.54 > upper 529.13,exit long: close 528.83 < upper 529.67
2025-06-27,1,10,2025-06-27 09:00:00-05:00,548.619,2025-06-27 09:30:00-05:00,549.001,546.76,38.2,long: close 548.60 > upper 548.59,exit long: close 549.03 < upper 549.56
2025-07-01,-1,5,2025-07-01 10:00:00-05:00,546.891,2025-07-01 11:30:00-05:00,546.699,550.44,9.6,short: close 546.92 < lower 547.14,exit short: close 546.70 > lower 546.61
2025-07-02,1,7,2025-07-02 09:30:00-05:00,549.469,2025-07-02 10:30:00-05:00,549.721,546.6800000000001,17.64,long: close 549.47 > upper 549.36,exit long: close 549.73 < upper 549.98
2025-07-03,1,7,2025-07-03 09:00:00-05:00,554.759,2025-07-03 10:00:00-05:00,555.901,552.1,79.94,long: close 554.75 > upper 554.66,exit long: close 555.91 < upper 556.35
2025-07-09,1,8,2025-07-09 09:00:00-05:00,557.049,2025-07-09 09:30:00-05:00,556.121,554.74,-74.24,long: close 557.04 > upper 555.70,exit long: close 556.13 < upper 556.81
2025-07-10,-1,11,2025-07-10 09:00:00-05:00,554.141,2025-07-10 10:00:00-05:00,554.249,555.9,-11.88,short: close 554.16 < lower 554.81,exit short: close 554.24 > lower 553.39
2025-07-16,-1,9,2025-07-16 09:00:00-05:00,554.761,2025-07-16 09:30:00-05:00,555.679,556.8100000000001,-82.62,short: close 554.77 < lower 554.94,exit short: close 555.65 > lower 554.61
2025-07-17,1,7,2025-07-17 10:30:00-05:00,561.104,2025-07-17 14:52:00-05:00,561.801,558.3000000000001,48.79,long: close 561.08 > upper 560.47,flatten
2025-07-21,1,7,2025-07-21 09:00:00-05:00,564.949,2025-07-21 11:30:00-05:00,564.943,562.48,-0.42,long: close 564.91 > upper 564.14,exit long: close 564.98 < upper 565.13
2025-07-22,-1,8,2025-07-22 09:00:00-05:00,559.321,2025-07-22 10:00:00-05:00,561.379,561.63,-164.64,short: close 559.34 < lower 561.92,exit short: close 561.35 > lower 560.93
2025-07-22,-1,6,2025-07-22 10:30:00-05:00,560.941,2025-07-22 12:00:00-05:00,560.734,564.04,12.42,short: close 560.97 < lower 561.14,exit short: close 560.71 > lower 560.71
2025-08-01,-1,3,2025-08-01 09:00:00-05:00,553.711,2025-08-01 11:00:00-05:00,556.939,559.07,-96.84,short: close 553.80 < lower 556.58,exit short: close 556.91 > lower 556.14
2025-08-04,1,3,2025-08-04 09:00:00-05:00,562.789,2025-08-04 10:00:00-05:00,561.991,557.47,-23.94,long: close 562.75 > upper 561.79,exit long: close 562.02 < upper 562.19
2025-08-06,1,4,2025-08-06 10:30:00-05:00,564.879,2025-08-06 14:52:00-05:00,567.081,560.71,88.08,long: close 564.88 > upper 564.82,flatten
2025-08-08,1,5,2025-08-08 09:30:00-05:00,573.629,2025-08-08 10:00:00-05:00,573.051,570.28,-28.9,long: close 573.62 > upper 573.19,exit long: close 573.06 < upper 573.87
2025-08-15,-1,7,2025-08-15 09:00:00-05:00,577.181,2025-08-15 09:30:00-05:00,578.509,579.66,-92.96,short: close 577.29 < lower 577.35,exit short: close 578.49 > lower 577.33
2025-08-19,-1,7,2025-08-19 09:30:00-05:00,573.091,2025-08-19 14:52:00-05:00,568.909,575.88,292.74,short: close 573.10 < lower 573.95,flatten
2025-08-20,-1,6,2025-08-20 09:00:00-05:00,562.161,2025-08-20 11:30:00-05:00,565.219,565.42,-183.48,short: close 562.18 < lower 565.54,exit short: close 565.20 > lower 563.85
2025-08-22,1,5,2025-08-22 09:30:00-05:00,571.729,2025-08-22 14:52:00-05:00,571.991,567.84,13.1,long: close 571.68 > upper 567.88,flatten
2025-08-29,-1,5,2025-08-29 09:00:00-05:00,571.441,2025-08-29 12:00:00-05:00,570.419,574.82,51.1,short: close 571.44 < lower 572.49,exit short: close 570.43 > lower 570.24
2025-09-15,1,8,2025-09-15 09:00:00-05:00,590.4590000000001,2025-09-15 09:30:00-05:00,590.261,588.03,-15.84,long: close 590.43 > upper 589.98,exit long: close 590.29 < upper 590.87
2025-09-18,1,3,2025-09-18 09:30:00-05:00,597.4590000000001,2025-09-18 10:00:00-05:00,596.191,592.45,-38.04,long: close 597.45 > upper 597.44,exit long: close 596.21 < upper 598.34
2025-09-23,-1,13,2025-09-23 09:00:00-05:00,600.871,2025-09-23 09:30:00-05:00,601.229,602.27,-46.54,short: close 600.87 < lower 600.90,exit short: close 601.19 > lower 600.03
2025-09-25,-1,5,2025-09-25 09:00:00-05:00,589.211,2025-09-25 09:15:00-05:00,592.679,592.66,-173.4,short: close 589.23 < lower 590.69,stop
2025-09-29,1,6,2025-09-29 09:00:00-05:00,601.279,2025-09-29 10:00:00-05:00,600.921,598.0,-21.48,long: close 601.26 > upper 600.87,exit long: close 600.95 < upper 601.42
2025-10-07,-1,6,2025-10-07 10:30:00-05:00,605.161,2025-10-07 12:30:00-05:00,604.629,608.2,31.92,short: close 605.21 < lower 605.34,exit short: close 604.62 > lower 604.39
2025-10-08,1,8,2025-10-08 09:00:00-05:00,607.609,2025-10-08 14:52:00-05:00,611.201,605.25,287.36,long: close 607.58 > upper 607.31,flatten
2025-10-10,-1,6,2025-10-10 10:30:00-05:00,599.481,2025-10-10 14:52:00-05:00,591.699,602.61,466.92,short: close 599.57 < lower 607.92,flatten
2025-10-20,1,5,2025-10-20 09:00:00-05:00,609.669,2025-10-20 11:30:00-05:00,611.761,606.32,104.6,long: close 609.63 > upper 608.86,exit long: close 611.78 < upper 612.34
2025-10-22,-1,6,2025-10-22 09:30:00-05:00,607.411,2025-10-22 10:00:00-05:00,608.619,610.5500000000001,-72.48,short: close 607.42 < lower 607.98,exit short: close 608.60 > lower 608.01
2025-10-22,-1,4,2025-10-22 10:30:00-05:00,605.091,2025-10-22 11:00:00-05:00,606.889,609.21,-71.92,short: close 605.11 < lower 606.99,exit short: close 606.82 > lower 606.34
2025-10-23,1,9,2025-10-23 09:00:00-05:00,608.399,2025-10-23 09:30:00-05:00,608.031,606.39,-33.12,long: close 608.34 > upper 607.16,exit long: close 608.03 < upper 608.33
2025-10-23,1,6,2025-10-23 10:00:00-05:00,609.079,2025-10-23 10:30:00-05:00,608.831,606.2,-14.88,long: close 609.06 > upper 608.03,exit long: close 608.81 < upper 609.47
2025-10-30,-1,4,2025-10-30 10:00:00-05:00,629.551,2025-10-30 10:30:00-05:00,630.589,633.99,-41.52,short: close 629.56 < lower 629.58,exit short: close 630.56 > lower 628.24
2025-11-05,1,7,2025-11-05 09:00:00-06:00,621.9590000000001,2025-11-05 09:30:00-06:00,622.021,619.3000000000001,4.34,long: close 621.98 > upper 621.54,exit long: close 622.04 < upper 622.75
2025-11-05,1,6,2025-11-05 10:00:00-06:00,622.839,2025-11-05 14:52:00-06:00,624.601,619.99,105.72,long: close 622.81 > upper 621.72,flatten
2025-11-06,-1,5,2025-11-06 09:00:00-06:00,617.871,2025-11-06 13:30:00-06:00,615.969,621.26,95.1,short: close 617.90 < lower 619.16,exit short: close 615.95 > lower 615.78
2025-11-07,-1,3,2025-11-07 10:00:00-06:00,601.391,2025-11-07 12:30:00-06:00,603.819,606.69,-72.84,short: close 601.42 < lower 604.71,exit short: close 603.78 > lower 602.58
2025-11-13,-1,3,2025-11-13 10:00:00-06:00,612.281,2025-11-13 14:52:00-06:00,609.009,618.08,98.16,short: close 612.29 < lower 613.50,flatten
2025-11-18,-1,3,2025-11-18 09:00:00-06:00,594.811,2025-11-18 09:30:00-06:00,595.399,600.8100000000001,-17.64,short: close 594.86 < lower 595.57,exit short: close 595.38 > lower 594.99
2025-11-18,-1,3,2025-11-18 10:00:00-06:00,593.271,2025-11-18 10:30:00-06:00,597.889,599.27,-138.54,short: close 593.28 < lower 594.00,exit short: close 597.87 > lower 593.57
2025-11-19,1,4,2025-11-19 09:00:00-06:00,603.909,2025-11-19 10:00:00-06:00,600.886,599.13,-120.92,long: close 603.90 > upper 601.49,exit long: close 600.91 < upper 603.32
2025-11-24,1,3,2025-11-24 10:30:00-06:00,603.539,2025-11-24 11:00:00-06:00,603.081,597.54,-13.74,long: close 603.55 > upper 601.77,exit long: close 603.10 < upper 603.92
2025-12-11,-1,4,2025-12-11 09:00:00-06:00,618.2909999999999,2025-12-11 09:21:00-06:00,622.5790000000001,622.5600000000001,-171.52,short: close 618.29 < lower 621.42,stop
2025-12-11,-1,3,2025-12-11 10:30:00-06:00,619.551,2025-12-11 11:00:00-06:00,620.439,625.08,-26.64,short: close 619.57 < lower 620.16,exit short: close 620.42 > lower 618.48
2025-12-12,-1,4,2025-12-12 09:30:00-06:00,616.241,2025-12-12 14:52:00-06:00,613.389,621.02,114.08,short: close 616.27 < lower 619.08,flatten
2025-12-15,-1,3,2025-12-15 09:30:00-06:00,610.121,2025-12-15 10:00:00-06:00,612.179,615.69,-61.74,short: close 610.17 < lower 610.43,exit short: close 612.16 > lower 609.23
2025-12-17,-1,3,2025-12-17 10:00:00-06:00,604.461,2025-12-17 14:52:00-06:00,601.159,609.53,99.06,short: close 604.51 < lower 607.36,flatten
2025-12-19,1,4,2025-12-19 09:00:00-06:00,616.669,2025-12-19 09:30:00-06:00,615.381,612.15,-51.52,long: close 616.65 > upper 615.08,exit long: close 615.40 < upper 615.48
2026-01-06,1,6,2026-01-06 09:00:00-06:00,621.979,2026-01-06 10:00:00-06:00,620.411,618.8000000000001,-94.08,long: close 621.98 > upper 621.78,exit long: close 620.43 < upper 623.47
2026-01-08,-1,7,2026-01-08 09:00:00-06:00,618.581,2026-01-08 09:28:00-06:00,621.239,621.22,-186.06,short: close 618.62 < lower 620.91,stop
2026-01-08,-1,4,2026-01-08 10:30:00-06:00,619.061,2026-01-08 11:00:00-06:00,620.2090000000001,623.4300000000001,-45.92,short: close 619.10 < lower 619.18,exit short: close 620.19 > lower 618.83
2026-01-09,1,6,2026-01-09 09:30:00-06:00,624.769,2026-01-09 10:00:00-06:00,623.781,621.75,-59.28,long: close 624.74 > upper 623.94,exit long: close 623.76 < upper 624.51
2026-01-09,1,5,2026-01-09 10:30:00-06:00,624.989,2026-01-09 14:52:00-06:00,627.121,621.14,106.6,long: close 624.97 > upper 624.77,flatten
2026-01-14,-1,4,2026-01-14 09:00:00-06:00,618.521,2026-01-14 14:30:00-06:00,617.9590000000001,622.7,22.48,short: close 618.52 < lower 620.01,exit short: close 617.93 > lower 617.74
2026-01-21,1,5,2026-01-21 09:00:00-06:00,612.619,2026-01-21 11:00:00-06:00,610.2909999999999,608.86,-116.4,long: close 612.60 > upper 612.52,exit long: close 610.30 < upper 614.18
2026-01-29,-1,5,2026-01-29 09:00:00-06:00,626.181,2026-01-29 14:52:00-06:00,628.499,629.71,-115.9,short: close 626.19 < lower 629.29,flatten
2026-02-02,1,3,2026-02-02 10:30:00-06:00,627.159,2026-02-02 14:00:00-06:00,626.011,621.16,-34.44,long: close 627.14 > upper 627.07,exit long: close 626.04 < upper 628.11
2026-02-03,-1,4,2026-02-03 09:00:00-06:00,620.961,2026-02-03 10:00:00-06:00,620.649,625.65,12.48,short: close 620.96 < lower 622.57,exit short: close 620.60 > lower 619.92
2026-02-03,-1,3,2026-02-03 10:30:00-06:00,617.681,2026-02-03 14:52:00-06:00,615.559,623.6800000000001,63.66,short: close 617.68 < lower 620.53,flatten
2026-02-04,-1,3,2026-02-04 09:00:00-06:00,610.311,2026-02-04 09:30:00-06:00,611.749,615.38,-43.14,short: close 610.42 < lower 610.69,exit short: close 611.72 > lower 609.20
2026-02-12,-1,3,2026-02-12 10:30:00-06:00,601.926,2026-02-12 14:52:00-06:00,599.679,607.9300000000001,67.41,short: close 601.94 < lower 605.74,flatten
2026-02-17,-1,3,2026-02-17 09:00:00-06:00,594.141,2026-02-17 09:30:00-06:00,595.189,599.6,-31.44,short: close 594.16 < lower 594.64,exit short: close 595.20 > lower 592.35
2026-02-20,1,3,2026-02-20 10:00:00-06:00,609.879,2026-02-20 10:30:00-06:00,606.451,603.88,-102.84,long: close 609.86 > upper 609.57,exit long: close 606.47 < upper 610.91
2026-02-25,1,3,2026-02-25 09:00:00-06:00,615.489,2026-02-25 09:30:00-06:00,615.241,610.37,-7.44,long: close 615.48 > upper 614.58,exit long: close 615.26 < upper 616.75
2026-02-26,-1,5,2026-02-26 09:00:00-06:00,611.961,2026-02-26 10:30:00-06:00,608.744,615.9,160.85,short: close 611.98 < lower 612.12,exit short: close 608.72 > lower 608.64
2026-03-20,-1,5,2026-03-20 09:00:00-05:00,586.281,2026-03-20 11:00:00-05:00,586.929,590.19,-32.4,short: close 586.30 < lower 588.14,exit short: close 586.91 > lower 586.02
2026-03-23,1,3,2026-03-23 09:30:00-05:00,593.879,2026-03-23 10:00:00-05:00,593.221,587.88,-19.74,long: close 593.87 > upper 593.84,exit long: close 593.21 < upper 594.82
2026-03-27,-1,4,2026-03-27 09:00:00-05:00,566.691,2026-03-27 10:30:00-05:00,568.479,570.85,-71.52,short: close 566.71 < lower 568.09,exit short: close 568.45 > lower 567.24
2026-03-31,1,3,2026-03-31 09:00:00-05:00,568.759,2026-03-31 10:00:00-05:00,564.961,562.76,-113.94,long: close 568.75 > upper 567.73,exit long: close 564.97 < upper 567.46
2026-04-01,1,3,2026-04-01 10:00:00-05:00,585.589,2026-04-01 13:00:00-05:00,585.7311,580.16,4.26,long: close 585.57 > upper 584.76,exit long: close 585.76 < upper 587.06
2026-04-07,-1,3,2026-04-07 10:00:00-05:00,580.011,2026-04-07 11:00:00-05:00,582.474,585.49,-73.89,short: close 580.02 < lower 581.60,exit short: close 582.40 > lower 581.75
2026-04-30,-1,6,2026-04-30 09:00:00-05:00,659.581,2026-04-30 10:00:00-05:00,662.339,662.84,-165.48,short: close 659.58 < lower 660.24,exit short: close 662.29 > lower 658.08
2026-05-01,1,7,2026-05-01 09:00:00-05:00,674.999,2026-05-01 09:37:00-05:00,672.211,672.23,-195.16,long: close 674.96 > upper 671.15,stop
2026-05-01,1,4,2026-05-01 10:00:00-05:00,673.589,2026-05-01 14:52:00-05:00,674.561,669.02,38.88,long: close 673.53 > upper 672.94,flatten
2026-05-05,1,3,2026-05-05 09:30:00-05:00,681.149,2026-05-05 10:00:00-05:00,680.5309,675.69,-18.54,long: close 681.12 > upper 680.90,exit long: close 680.53 < upper 681.56
2026-05-06,1,3,2026-05-06 10:00:00-05:00,691.299,2026-05-06 11:00:00-05:00,691.861,685.3000000000001,16.86,long: close 691.28 > upper 691.27,exit long: close 691.88 < upper 692.02
2026-05-07,1,5,2026-05-07 09:30:00-05:00,699.559,2026-05-07 10:30:00-05:00,699.081,696.2,-23.9,long: close 699.52 > upper 699.44,exit long: close 699.08 < upper 701.04
2026-05-08,1,4,2026-05-08 09:00:00-05:00,705.339,2026-05-08 14:52:00-05:00,710.201,700.5,194.48,long: close 705.33 > upper 702.27,flatten
2026-05-12,-1,3,2026-05-12 10:00:00-05:00,703.261,2026-05-12 14:30:00-05:00,704.099,709.26,-25.14,short: close 703.30 < lower 703.92,exit short: close 704.07 > lower 702.42
2026-05-14,1,4,2026-05-14 10:00:00-05:00,719.479,2026-05-14 12:30:00-05:00,718.7909999999999,714.95,-27.52,long: close 719.42 > upper 719.07,exit long: close 718.80 < upper 720.45
2026-05-18,-1,3,2026-05-18 10:30:00-05:00,702.366,2026-05-18 12:00:00-05:00,703.419,708.37,-31.59,short: close 702.34 < lower 703.25,exit short: close 703.47 > lower 702.87
2026-05-26,1,3,2026-05-26 09:30:00-05:00,729.929,2026-05-26 10:00:00-05:00,729.641,723.9300000000001,-8.64,long: close 729.92 > upper 729.64,exit long: close 729.63 < upper 730.79
2026-05-27,-1,3,2026-05-27 09:30:00-05:00,726.301,2026-05-27 10:00:00-05:00,726.9590000000001,731.45,-19.74,short: close 726.36 < lower 726.45,exit short: close 726.92 > lower 725.25
2026-06-03,-1,5,2026-06-03 09:00:00-05:00,742.651,2026-06-03 09:29:00-05:00,746.399,746.38,-187.4,short: close 742.66 < lower 742.98,stop
2026-06-05,-1,3,2026-06-05 09:00:00-05:00,723.721,2026-06-05 14:52:00-05:00,709.305,729.72,432.48,short: close 723.72 < lower 726.97,flatten
2026-06-09,-1,3,2026-06-09 10:00:00-05:00,710.971,2026-06-09 14:52:00-05:00,705.329,716.97,169.26,short: close 710.94 < lower 712.03,flatten
2026-06-25,-1,3,2026-06-25 09:00:00-05:00,705.821,2026-06-25 09:07:00-05:00,711.839,711.82,-180.54,short: close 705.76 < lower 706.28,stop
2026-06-30,1,3,2026-06-30 09:00:00-05:00,731.909,2026-06-30 10:00:00-05:00,730.481,726.1800000000001,-42.84,long: close 731.87 > upper 729.80,exit long: close 730.47 < upper 730.77
2026-06-30,1,3,2026-06-30 10:30:00-05:00,733.079,2026-06-30 14:52:00-05:00,736.491,727.08,102.36,long: close 733.02 > upper 731.93,flatten
2026-07-02,-1,3,2026-07-02 10:30:00-05:00,715.741,2026-07-02 14:52:00-05:00,711.779,721.74,118.86,short: close 715.79 < lower 718.65,flatten
2026-07-07,-1,3,2026-07-07 09:30:00-05:00,707.191,2026-07-07 10:30:00-05:00,707.479,713.19,-8.64,short: close 707.21 < lower 708.35,exit short: close 707.45 > lower 706.80
2026-07-23,-1,3,2026-07-23 10:30:00-05:00,688.611,2026-07-23 11:00:00-05:00,691.609,694.61,-89.94,short: close 688.63 < lower 688.99,exit short: close 691.56 > lower 688.67
2026-07-24,-1,4,2026-07-24 09:00:00-05:00,685.151,2026-07-24 09:30:00-05:00,686.9254,689.4,-70.98,short: close 685.22 < lower 686.97,exit short: close 686.88 > lower 686.84
2026-07-27,-1,3,2026-07-27 09:30:00-05:00,679.431,2026-07-27 10:00:00-05:00,681.539,685.4300000000001,-63.24,short: close 679.46 < lower 680.71,exit short: close 681.47 > lower 680.71
2026-07-27,-1,3,2026-07-27 10:30:00-05:00,679.161,2026-07-27 11:30:00-05:00,681.129,685.16,-59.04,short: close 679.12 < lower 679.42,exit short: close 681.12 > lower 679.25
2026-07-28,-1,3,2026-07-28 09:00:00-05:00,669.311,2026-07-28 10:00:00-05:00,672.729,675.3100000000001,-102.54,short: close 669.38 < lower 672.26,exit short: close 672.69 > lower 672.46
2026-07-29,-1,4,2026-07-29 09:30:00-05:00,667.251,2026-07-29 12:30:00-05:00,669.129,671.7,-75.12,short: close 667.28 < lower 671.05,exit short: close 669.11 > lower 668.69
2026-07-30,1,3,2026-07-30 09:00:00-05:00,681.509,2026-07-30 10:00:00-05:00,679.5409999999999,675.51,-59.04,long: close 681.51 > upper 679.17,exit long: close 679.53 < upper 679.63
2026-08-03,1,3,2026-08-03 10:00:00-05:00,697.609,2026-08-03 14:52:00-05:00,700.711,691.61,93.06,long: close 697.59 > upper 694.44,flatten
2026-08-04,1,3,2026-08-04 09:30:00-05:00,716.069,2026-08-04 14:52:00-05:00,724.191,710.07,243.66,long: close 716.00 > upper 715.75,flatten
2026-08-13,1,3,2026-08-13 09:00:00-05:00,731.579,2026-08-13 09:30:00-05:00,732.931,725.58,40.56,long: close 731.57 > upper 731.53,exit long: close 732.96 < upper 733.44
2026-08-24,-1,3,2026-08-24 09:00:00-05:00,704.446,2026-08-24 10:00:00-05:00,705.949,710.0,-45.09,short: close 704.48 < lower 705.99,exit short: close 705.93 > lower 705.01
2026-09-03,1,5,2026-09-03 10:30:00-05:00,717.789,2026-09-03 14:52:00-05:00,717.301,713.95,-24.4,long: close 717.73 > upper 713.89,flatten
