day,entry_px,exit_px,shares,ret_bp,pnl,qty,reason_out
2016-01-05,109.6,110.02,456.2,38.5,192.52,1,open
2016-01-06,109.26,107.42,457.6,-168.2,-841.12,1,open
2016-01-07,108.29,105.94,461.7,-216.8,-1084.14,1,open
2016-01-08,104.9,105.65,476.6,71.7,358.44,1,open
2016-01-12,104.37,105.29,479.0,87.9,439.29,1,open
2016-01-13,105.59,105.98,473.5,37.1,185.63,1,open
2016-01-14,101.92,102.28,490.6,35.5,177.59,1,open
2016-01-15,104.08,100.55,480.4,-339.0,-1694.87,1,open
2016-01-20,101.08,99.46,494.7,-160.1,-800.36,1,open
2016-01-21,100.79,101.17,496.1,37.9,189.5,1,open
2016-01-22,100.9,102.82,495.5,190.5,952.44,1,open
2016-01-26,102.28,102.62,488.9,33.4,167.19,1,open
2016-01-27,103.19,102.52,484.5,-64.7,-323.68,1,open
2016-01-28,100.6,102.17,497.0,156.3,781.32,1,open
2016-01-29,101.99,102.0,490.2,1.2,5.88,1,open
2016-02-02,104.4,103.95,478.9,-42.9,-214.56,1,open
2016-02-03,102.18,102.78,489.3,58.9,294.58,1,open
2016-02-04,101.69,101.33,491.7,-35.2,-176.03,1,open
2016-02-05,101.66,101.27,491.8,-38.2,-190.83,1,open
2016-02-09,96.64,95.34,517.4,-134.3,-671.57,1,open
2016-02-10,96.33,97.48,519.1,119.6,597.95,1,open
2016-02-11,96.73,95.43,516.9,-134.2,-670.95,1,open
2016-02-12,96.63,97.66,517.4,106.8,534.0,1,open
2016-02-17,100.16,100.98,499.2,82.1,410.35,1,open
2016-02-18,102.5,102.79,487.8,28.5,142.44,1,open
2016-02-19,101.36,100.89,493.3,-46.2,-230.86,1,open
2016-02-23,103.29,102.65,484.1,-61.8,-308.84,1,open
2016-02-24,101.62,100.42,492.0,-117.9,-589.46,1,open
2016-02-25,102.57,102.74,487.5,16.8,83.85,1,open
2016-02-26,103.56,104.26,482.8,67.8,338.94,1,open
2016-03-01,102.56,103.43,487.5,85.0,425.12,1,open
2016-03-02,105.8,105.61,472.6,-17.8,-88.85,1,open
2016-03-03,105.82,105.69,472.5,-12.6,-62.84,1,open
2016-03-04,105.64,105.73,473.3,8.7,43.54,1,open
2016-03-08,105.05,104.28,476.0,-73.1,-365.54,1,open
2016-03-09,104.15,104.55,480.1,38.6,192.99,1,open
2016-03-10,104.84,105.29,476.9,43.1,215.57,1,open
2016-03-11,104.7,105.78,477.6,103.3,516.67,1,open
2016-03-15,106.66,106.25,468.8,-38.3,-191.26,1,open
2016-03-16,106.64,106.35,468.9,-27.0,-135.04,1,open
2016-03-17,107.6,107.24,464.7,-33.3,-166.36,1,open
2016-03-18,107.51,107.44,465.1,-6.3,-31.63,1,open
2016-03-22,107.8,107.17,463.8,-58.3,-291.28,1,open
2016-03-23,108.11,107.89,462.5,-20.2,-100.82,1,open
2016-03-24,107.24,106.65,466.2,-54.8,-274.15,1,open
2016-03-28,107.27,107.54,466.1,25.4,126.78,1,open
2016-03-29,107.14,106.91,466.7,-21.3,-106.4,1,open
2016-03-30,108.82,109.46,459.5,59.0,294.99,1,open
2016-03-31,109.39,109.28,457.1,-9.9,-49.37,1,open
2016-04-01,109.21,108.56,457.8,-59.3,-296.68,1,open
2016-04-05,109.91,109.07,454.9,-76.2,-381.22,1,open
2016-04-06,108.92,108.98,459.1,5.7,28.46,1,open
2016-04-07,110.68,110.02,451.7,-59.9,-299.5,1,open
2016-04-08,109.05,109.76,458.5,65.3,326.46,1,open
2016-04-12,108.63,108.64,460.3,1.1,5.52,1,open
2016-04-13,109.53,110.31,456.5,71.4,356.98,1,open
2016-04-14,110.94,110.89,450.7,-4.3,-21.63,1,open
2016-04-15,110.94,110.81,450.7,-11.5,-57.69,1,open
2016-04-19,111.24,111.42,449.5,16.4,81.81,1,open
2016-04-20,110.55,110.52,452.3,-2.5,-12.66,1,open
2016-04-21,110.64,110.57,451.9,-6.1,-30.73,1,open
2016-04-22,110.64,109.19,451.9,-130.9,-654.38,1,open
2016-04-26,108.99,109.18,458.8,17.6,88.08,1,open
2016-04-27,108.49,107.31,460.9,-108.6,-542.91,1,open
2016-04-28,107.61,107.67,464.6,5.8,28.81,1,open
2016-04-29,106.33,106.2,470.2,-12.0,-60.19,1,open
2016-05-03,106.73,105.94,468.5,-73.8,-369.16,1,open
2016-05-04,105.75,105.1,472.8,-61.3,-306.39,1,open
2016-05-05,105.06,105.41,475.9,33.5,167.52,1,open
2016-05-06,105.05,104.49,476.0,-53.1,-265.59,1,open
2016-05-10,105.88,106.24,472.2,34.2,170.95,1,open
2016-05-11,107.35,107.14,465.8,-19.4,-96.88,1,open
2016-05-12,106.39,106.66,470.0,25.6,127.83,1,open
2016-05-13,105.92,105.83,472.1,-8.3,-41.54,1,open
2016-05-17,106.83,106.72,468.0,-10.1,-50.55,1,open
2016-05-18,105.5,105.27,473.9,-21.6,-108.06,1,open
2016-05-19,105.87,105.43,472.3,-41.4,-206.86,1,open
2016-05-20,105.33,105.72,474.7,37.2,186.08,1,open
2016-05-24,106.32,106.9,470.3,54.7,273.7,1,open
2016-05-25,108.47,108.84,461.0,34.3,171.48,1,open
2016-05-26,109.27,109.33,457.6,5.7,28.37,1,open
2016-05-27,109.56,109.63,456.4,6.6,32.86,1,open
2016-06-01,110.38,109.98,453.0,-36.1,-180.29,1,open
2016-06-02,110.36,110.11,453.1,-22.5,-112.36,1,open
2016-06-03,110.6,110.35,452.1,-22.4,-112.12,1,open
2016-06-07,110.46,110.51,452.7,4.7,23.54,1,open
2016-06-08,110.21,110.35,453.7,12.9,64.42,1,open
2016-06-09,110.38,109.91,453.0,-42.4,-212.0,1,open
2016-06-10,110.2,109.18,453.7,-92.4,-461.89,1,open
2016-06-14,108.05,107.76,462.8,-26.7,-133.27,1,open
2016-06-15,108.05,108.31,462.8,24.2,121.24,1,open
2016-06-16,107.74,107.15,464.1,-54.6,-272.88,1,open
2016-06-17,108.05,107.53,462.8,-47.9,-239.71,1,open
2016-06-21,107.18,107.3,466.5,11.4,56.91,1,open
2016-06-22,107.48,107.56,465.2,7.6,38.15,1,open
2016-06-23,107.27,108.07,466.1,74.8,373.83,1,open
2016-06-24,108.78,104.79,459.6,-366.6,-1833.07,1,open
2016-06-28,102.3,103.31,488.8,98.9,494.63,1,open
2016-06-29,104.48,105.24,478.6,72.9,364.67,1,open
2016-06-30,106.31,106.5,470.3,18.1,90.3,1,open
2016-07-01,107.62,107.47,464.6,-13.8,-68.76,1,open
2016-07-06,107.45,106.91,465.3,-50.1,-250.35,1,open
2016-07-07,108.32,108.37,461.6,4.8,24.0,1,open
2016-07-08,108.64,109.15,460.2,47.1,235.64,1,open
2016-07-12,110.95,111.57,450.7,56.1,280.31,1,open
2016-07-13,111.53,111.77,448.3,21.7,108.49,1,open
2016-07-14,111.25,111.94,449.4,62.2,311.01,1,open
2016-07-15,111.98,112.2,446.5,19.8,99.13,1,open
2016-07-19,112.55,112.15,444.3,-35.4,-176.81,1,open
2016-07-20,112.14,112.73,445.9,52.8,263.96,1,open
2016-07-21,113.46,113.5,440.7,3.7,18.51,1,open
2016-07-22,113.2,113.26,441.7,5.5,27.39,1,open
2016-07-26,113.69,113.61,439.8,-6.9,-34.3,1,open
2016-07-27,113.82,114.74,439.3,81.0,405.03,1,open
2016-07-28,114.59,114.74,436.3,13.3,66.32,1,open
2016-07-29,115.0,115.22,434.8,19.3,96.52,1,open
2016-08-02,115.85,115.66,431.6,-16.2,-81.14,1,open
2016-08-03,114.98,114.85,434.9,-11.1,-55.66,1,open
2016-08-04,115.36,115.3,433.4,-5.0,-25.14,1,open
2016-08-05,115.69,116.26,432.2,49.4,247.21,1,open
2016-08-09,116.67,116.71,428.6,3.6,18.0,1,open
2016-08-10,116.93,116.94,427.6,1.0,5.13,1,open
2016-08-11,116.64,116.99,428.7,30.2,150.89,1,open
2016-08-12,117.14,116.89,426.8,-21.2,-105.86,1,open
2016-08-16,117.73,117.45,424.7,-23.6,-118.07,1,open
2016-08-17,117.07,117.06,427.1,-0.7,-3.42,1,open
2016-08-18,117.25,117.13,426.4,-10.1,-50.32,1,open
2016-08-19,117.32,117.08,426.2,-20.3,-101.43,1,open
2016-08-23,117.34,117.77,426.1,36.4,181.94,1,open
2016-08-24,117.58,117.48,425.2,-8.3,-41.67,1,open
2016-08-25,116.78,116.46,428.2,-27.2,-136.15,1,open
2016-08-26,116.59,116.64,428.9,4.5,22.3,1,open
2016-08-30,116.95,116.71,427.5,-20.4,-101.75,1,open
2016-08-31,116.59,116.36,428.9,-19.6,-97.78,1,open
2016-09-01,116.45,116.46,429.4,1.0,5.15,1,open
2016-09-02,116.76,117.3,428.2,46.4,232.1,1,open
2016-09-07,117.87,117.94,424.2,6.1,30.54,1,open
2016-09-08,117.95,117.57,423.9,-32.0,-160.24,1,open
2016-09-09,117.25,116.2,426.4,-89.4,-446.91,1,open
2016-09-13,116.32,115.72,429.9,-51.4,-257.05,1,open
2016-09-14,115.3,115.41,433.7,9.7,48.57,1,open
2016-09-15,115.88,115.87,431.5,-0.7,-3.45,1,open
2016-09-16,117.68,117.2,424.9,-40.6,-203.09,1,open
2016-09-20,116.8,117.17,428.1,31.8,159.25,1,open
2016-09-21,117.02,117.47,427.3,38.6,193.13,1,open
2016-09-22,118.17,118.84,423.1,56.9,284.34,1,open
2016-09-23,119.11,118.9,419.8,-17.5,-87.31,1,open
2016-09-27,117.35,117.29,426.1,-4.9,-24.71,1,open
2016-09-28,118.53,118.6,421.8,6.1,30.37,1,open
2016-09-29,118.72,118.5,421.1,-18.8,-93.92,1,open
2016-09-30,117.85,118.13,424.3,23.5,117.52,1,open
2016-10-04,118.58,118.83,421.7,21.3,106.26,1,open
2016-10-05,118.4,118.68,422.3,23.8,119.09,1,open
2016-10-06,118.82,118.61,420.8,-17.5,-87.53,1,open
2016-10-07,118.76,118.84,421.0,6.9,34.52,1,open
2016-10-11,119.23,119.08,419.4,-12.4,-62.07,1,open
2016-10-12,117.5,117.56,425.5,4.9,24.26,1,open
2016-10-13,117.44,116.62,425.8,-70.1,-350.39,1,open
2016-10-14,117.03,117.52,427.2,42.0,210.2,1,open
2016-10-18,116.83,118.16,428.0,114.0,570.06,1,open
2016-10-19,117.88,117.75,424.2,-10.9,-54.29,1,open
2016-10-20,117.85,117.65,424.3,-16.8,-84.01,1,open
2016-10-21,117.73,117.78,424.7,4.4,22.08,1,open
2016-10-25,119.58,119.59,418.1,1.0,5.02,1,open
2016-10-26,119.18,118.38,419.5,-67.0,-334.79,1,open
2016-10-27,118.41,118.89,422.3,40.7,203.53,1,open
2016-10-28,117.89,117.45,424.1,-37.2,-185.77,1,open
2016-11-01,116.98,117.17,427.4,16.4,82.07,1,open
2016-11-02,116.12,116.04,430.6,-6.7,-33.59,1,open
2016-11-03,115.18,114.99,434.1,-16.3,-81.61,1,open
2016-11-04,114.07,113.7,438.3,-32.3,-161.31,1,open
2016-11-08,116.38,116.19,429.6,-16.2,-80.77,1,open
2016-11-09,117.14,115.69,426.8,-123.6,-618.07,1,open
2016-11-10,117.62,118.17,425.1,46.9,234.66,1,open
2016-11-11,115.74,115.23,432.0,-43.9,-219.46,1,open
2016-11-15,114.66,115.46,436.1,69.9,349.73,1,open
2016-11-16,116.28,115.7,430.0,-49.7,-248.54,1,open
2016-11-17,116.93,116.85,427.6,-6.7,-33.35,1,open
2016-11-18,117.79,117.83,424.5,3.6,17.83,1,open
2016-11-22,118.57,118.96,421.7,33.1,165.3,1,open
2016-11-23,118.93,118.48,420.4,-37.7,-188.35,1,open
2016-11-25,118.45,118.55,422.1,8.6,43.06,1,open
2016-11-29,118.56,118.63,421.7,6.1,30.36,1,open
2016-11-30,118.97,119.05,420.3,6.9,34.46,1,open
2016-12-01,117.48,117.42,425.6,-4.9,-24.69,1,open
2016-12-02,115.54,115.55,432.8,1.0,5.19,1,open
2016-12-06,116.64,116.86,428.7,19.0,95.17,1,open
2016-12-07,116.87,116.61,427.8,-22.1,-110.38,1,open
2016-12-08,118.39,118.38,422.3,-0.7,-3.38,1,open
2016-12-09,118.6,119.01,421.6,34.3,171.59,1,open
2016-12-13,118.98,119.34,420.2,30.4,152.13,1,open
2016-12-14,120.5,120.54,414.9,3.5,17.43,1,open
2016-12-15,120.19,120.34,416.0,12.6,63.23,1,open
2016-12-16,120.43,120.27,415.2,-13.1,-65.6,1,open
2016-12-20,120.09,120.41,416.3,26.4,131.98,1,open
2016-12-21,120.58,120.55,414.7,-2.3,-11.61,1,open
2016-12-22,120.45,120.46,415.1,1.0,4.98,1,open
2016-12-23,120.12,119.95,416.3,-14.0,-69.93,1,open
2016-12-28,120.86,121.04,413.7,15.1,75.29,1,open
2016-12-29,119.91,119.92,417.0,1.0,5.0,1,open
2016-12-30,119.71,119.88,417.7,14.4,71.84,1,open
2017-01-04,119.54,119.65,418.3,9.4,46.85,1,open
2017-01-05,120.22,120.11,415.9,-9.0,-44.92,1,open
2017-01-06,120.89,120.97,413.6,6.8,33.92,1,open
2017-01-10,122.36,122.34,408.6,-1.5,-7.36,1,open
2017-01-11,122.63,122.6,407.7,-2.3,-11.42,1,open
2017-01-12,122.94,122.48,406.7,-37.3,-186.27,1,open
2017-01-13,122.75,122.81,407.3,4.6,23.22,1,open
2017-01-18,122.8,122.97,407.2,13.6,67.99,1,open
2017-01-19,123.07,123.17,406.3,8.3,41.44,1,open
2017-01-20,122.98,123.5,406.6,42.4,212.23,1,open
2017-01-24,123.36,123.57,405.3,17.2,85.93,1,open
2017-01-25,124.22,124.93,402.5,57.3,286.59,1,open
2017-01-26,125.44,125.59,398.6,12.1,60.59,1,open
2017-01-27,125.56,125.81,398.2,20.1,100.35,1,open
2017-01-31,124.85,124.38,400.5,-37.5,-187.43,1,open
2017-02-01,124.62,125.4,401.2,62.8,313.76,1,open
2017-02-02,125.46,125.2,398.5,-20.6,-102.82,1,open
2017-02-03,125.33,125.47,398.9,11.3,56.65,1,open
2017-02-07,125.84,126.06,397.3,17.6,88.21,1,open
2017-02-08,126.31,126.11,395.9,-15.7,-78.38,1,open
2017-02-09,126.53,126.63,395.2,8.1,40.31,1,open
2017-02-10,126.99,127.2,393.7,16.7,83.47,1,open
2017-02-14,128.12,128.11,390.3,-0.6,-3.12,1,open
2017-02-15,128.54,128.42,389.0,-9.2,-45.9,1,open
2017-02-16,129.31,129.35,386.7,3.2,16.24,1,open
2017-02-17,129.27,129.07,386.8,-15.3,-76.58,1,open
2017-02-22,130.46,130.31,383.3,-11.3,-56.72,1,open
2017-02-23,130.51,130.65,383.1,10.9,54.4,1,open
2017-02-24,130.03,129.46,384.5,-43.7,-218.41,1,open
2017-02-28,130.45,130.36,383.3,-6.7,-33.73,1,open
2017-03-01,130.03,130.79,384.5,58.6,293.01,1,open
2017-03-02,131.47,131.41,380.3,-4.4,-22.06,1,open
2017-03-03,130.81,130.66,382.2,-11.3,-56.57,1,open
2017-03-07,130.76,130.44,382.4,-24.3,-121.6,1,open
2017-03-08,130.52,130.54,383.1,1.7,8.43,1,open
2017-03-09,130.75,130.71,382.4,-2.9,-14.53,1,open
2017-03-10,130.86,131.43,382.1,43.3,216.65,1,open
2017-03-14,131.61,131.29,379.9,-24.2,-120.81,1,open
2017-03-15,131.3,131.54,380.8,18.4,92.16,1,open
2017-03-16,132.12,132.32,378.4,15.3,76.45,1,open
2017-03-17,132.04,131.84,378.7,-15.0,-74.98,1,open
2017-03-21,131.82,132.28,379.3,35.0,175.24,1,open
2017-03-22,129.84,129.84,385.1,0.2,0.77,1,open
2017-03-23,130.7,130.52,382.6,-13.6,-68.1,1,open
2017-03-24,130.4,130.76,383.4,27.8,138.8,1,open
2017-03-28,130.87,130.8,382.1,-5.2,-25.98,1,open
2017-03-29,131.67,131.69,379.7,1.7,8.35,1,open
2017-03-30,132.27,132.2,378.0,-5.1,-25.71,1,open
2017-03-31,132.48,132.27,377.4,-15.7,-78.5,1,open
2017-04-04,132.3,131.91,377.9,-29.3,-146.64,1,open
2017-04-05,132.51,132.66,377.3,11.5,57.35,1,open
2017-04-06,132.0,132.1,378.8,7.7,38.64,1,open
2017-04-07,132.06,131.97,378.6,-6.7,-33.32,1,open
2017-04-11,132.06,131.84,378.6,-16.5,-82.54,1,open
2017-04-12,131.51,131.42,380.2,-6.7,-33.46,1,open
2017-04-13,130.95,130.73,381.8,-16.6,-83.24,1,open
2017-04-17,130.4,130.78,383.4,29.3,146.47,1,open
2017-04-18,131.5,131.01,380.2,-37.1,-185.55,1,open
2017-04-19,131.31,131.83,380.8,39.8,198.77,1,open
2017-04-20,131.51,132.02,380.2,38.9,194.66,1,open
2017-04-21,132.58,132.68,377.1,7.7,38.47,1,open
2017-04-25,134.16,134.56,372.7,29.6,147.95,1,open
2017-04-26,135.15,135.15,370.0,0.1,0.74,1,open
2017-04-27,134.96,135.26,370.5,22.4,111.89,1,open
2017-04-28,135.75,136.26,368.3,37.7,188.58,1,open
2017-05-02,137.17,137.36,364.5,14.0,69.99,1,open
2017-05-03,137.46,137.12,363.7,-24.6,-122.95,1,open
2017-05-04,137.0,136.99,365.0,-0.6,-2.92,1,open
2017-05-05,137.06,137.37,364.8,22.8,113.82,1,open
2017-05-09,137.86,138.03,362.7,12.5,62.38,1,open
2017-05-10,138.34,138.38,361.4,3.0,15.18,1,open
2017-05-11,138.4,138.01,361.3,-28.0,-140.17,1,open
2017-05-12,138.31,138.34,361.5,2.3,11.57,1,open
2017-05-16,139.06,139.34,359.6,20.3,101.4,1,open
2017-05-17,139.65,138.53,358.0,-80.1,-400.29,1,open
2017-05-18,136.1,136.04,367.4,-4.3,-21.31,1,open
2017-05-19,137.28,137.69,364.2,30.0,150.06,1,open
2017-05-23,139.03,139.4,359.6,26.8,133.79,1,open
2017-05-24,139.16,139.54,359.3,27.5,137.25,1,open
2017-05-25,139.81,140.3,357.6,34.8,174.17,1,open
2017-05-26,140.99,140.98,354.6,-0.6,-2.84,1,open
2017-05-31,141.35,141.76,353.7,29.1,145.74,1,open
2017-06-01,141.27,141.55,353.9,20.0,99.81,1,open
2017-06-02,141.91,142.32,352.3,29.0,145.16,1,open
2017-06-06,143.43,143.26,348.6,-11.7,-58.57,1,open
2017-06-07,142.88,143.21,349.9,23.2,116.18,1,open
2017-06-08,143.43,143.72,348.6,20.4,101.79,1,open
2017-06-09,143.6,143.71,348.2,7.8,39.0,1,open
2017-06-13,139.27,140.0,359.0,52.6,262.8,1,open
2017-06-14,140.37,140.87,356.2,35.8,178.81,1,open
2017-06-15,139.77,138.33,357.7,-102.9,-514.42,1,open
2017-06-16,139.14,138.7,359.4,-31.5,-157.4,1,open
2017-06-20,140.48,140.3,355.9,-12.7,-63.35,1,open
2017-06-21,139.38,139.64,358.7,18.8,93.99,1,open
2017-06-22,140.76,140.92,355.2,11.5,57.55,1,open
2017-06-23,140.71,140.51,355.3,-14.1,-70.36,1,open
2017-06-27,140.6,140.05,355.6,-39.0,-194.88,1,open
2017-06-28,138.04,138.52,362.2,34.9,174.59,1,open
2017-06-29,140.03,139.38,357.1,-46.3,-231.38,1,open
2017-06-30,137.6,137.98,363.4,27.8,138.81,1,open
2017-07-05,136.01,136.55,367.6,39.9,199.25,1,open
2017-07-06,137.54,136.43,363.5,-80.6,-402.79,1,open
2017-07-07,136.32,136.72,366.8,29.5,147.45,1,open
2017-07-11,138.67,138.42,360.6,-17.9,-89.42,1,open
2017-07-12,139.05,140.19,359.6,82.1,410.65,1,open
2017-07-13,140.74,140.79,355.3,3.7,18.47,1,open
2017-07-14,141.04,141.56,354.5,37.0,185.06,1,open
2017-07-18,142.18,142.04,351.7,-9.7,-48.53,1,open
2017-07-19,143.16,143.51,349.3,24.6,122.94,1,open
2017-07-20,144.0,144.29,347.2,20.3,101.39,1,open
2017-07-21,144.19,143.58,346.8,-42.2,-210.83,1,open
2017-07-25,144.75,144.27,345.4,-33.0,-165.11,1,open
2017-07-26,144.41,144.72,346.2,21.6,108.03,1,open
2017-07-27,144.89,145.84,345.1,65.7,328.53,1,open
2017-07-28,144.04,143.12,347.1,-63.7,-318.66,1,open
2017-08-01,143.21,143.68,349.1,33.0,164.79,1,open
2017-08-02,143.54,144.43,348.3,62.1,310.72,1,open
2017-08-03,143.97,144.15,347.3,12.6,63.21,1,open
2017-08-04,143.44,143.63,348.6,13.1,65.32,1,open
2017-08-08,144.5,144.25,346.0,-17.2,-85.81,1,open
2017-08-09,144.33,143.12,346.4,-83.7,-418.49,1,open
2017-08-10,144.15,143.31,346.9,-58.1,-290.67,1,open
2017-08-11,141.04,141.22,354.5,12.9,64.52,1,open
2017-08-15,143.94,144.2,347.4,18.2,91.01,1,open
2017-08-16,144.05,144.35,347.1,21.0,104.83,1,open
2017-08-17,144.3,143.71,346.5,-40.7,-203.74,1,open
2017-08-18,141.35,141.4,353.7,3.7,18.39,1,open
2017-08-22,141.1,141.78,354.4,48.3,241.67,1,open
2017-08-23,143.22,142.48,349.1,-51.5,-257.65,1,open
2017-08-24,142.71,143.01,350.4,21.2,105.81,1,open
2017-08-25,142.3,142.77,351.4,33.2,165.85,1,open
2017-08-29,142.4,141.17,351.1,-86.2,-431.18,1,open
2017-08-30,143.0,143.09,349.7,6.4,32.17,1,open
2017-08-31,144.68,145.01,345.6,22.9,114.74,1,open
2017-09-01,146.07,146.34,342.3,18.6,93.11,1,open
2017-09-06,144.69,145.04,345.6,24.3,121.64,1,open
2017-09-07,145.14,145.38,344.5,16.7,83.37,1,open
2017-09-08,145.48,145.26,343.7,-15.0,-74.92,1,open
2017-09-12,145.85,146.23,342.8,26.2,130.96,1,open
2017-09-13,146.23,145.93,341.9,-20.4,-101.89,1,open
2017-09-14,146.43,145.83,341.5,-40.8,-204.19,1,open
2017-09-15,145.58,145.54,343.5,-2.6,-13.05,1,open
2017-09-19,145.57,145.79,343.5,15.3,76.25,1,open
2017-09-20,145.82,145.73,342.9,-6.0,-30.17,1,open
2017-09-21,145.38,145.23,343.9,-10.2,-50.9,1,open
2017-09-22,144.47,143.97,346.1,-34.5,-172.36,1,open
2017-09-26,142.83,143.5,350.1,47.0,235.25,1,open
2017-09-27,143.2,143.91,349.2,49.7,248.61,1,open
2017-09-28,144.51,144.12,346.0,-26.8,-134.25,1,open
2017-09-29,144.43,144.68,346.2,17.4,87.24,1,open
2017-10-03,145.61,145.72,343.4,7.7,38.46,1,open
2017-10-04,145.94,145.58,342.6,-24.5,-122.65,1,open
2017-10-05,146.05,146.54,342.4,33.7,168.44,1,open
2017-10-06,147.48,146.95,339.0,-35.8,-179.01,1,open
2017-10-10,147.5,147.96,339.0,31.3,156.61,1,open
2017-10-11,147.63,147.51,338.7,-8.0,-39.97,1,open
2017-10-12,148.07,147.83,337.7,-16.1,-80.37,1,open
2017-10-13,147.79,148.38,338.3,40.1,200.29,1,open
2017-10-17,148.87,148.77,335.9,-6.6,-32.91,1,open
2017-10-18,149.06,149.19,335.4,8.9,44.28,1,open
2017-10-19,148.88,148.0,335.8,-59.0,-294.87,1,open
2017-10-20,148.35,148.89,337.0,36.5,182.68,1,open
2017-10-24,147.76,147.98,338.4,15.0,75.12,1,open
2017-10-25,148.04,147.69,337.7,-23.5,-117.54,1,open
2017-10-26,147.43,147.34,339.1,-6.0,-29.84,1,open
2017-10-27,147.0,149.31,340.1,157.3,786.4,1,open
2017-10-31,151.6,152.02,329.8,27.8,139.18,1,open
2017-11-01,152.16,152.73,328.6,37.6,187.96,1,open
2017-11-02,152.11,151.9,328.7,-13.7,-68.37,1,open
2017-11-03,151.83,152.38,329.3,36.4,181.78,1,open
2017-11-07,153.79,153.65,325.1,-9.0,-44.87,1,open
2017-11-08,153.89,153.79,324.9,-6.4,-31.84,1,open
2017-11-09,154.52,153.24,323.6,-82.7,-413.54,1,open
2017-11-10,153.7,153.34,325.3,-23.3,-116.46,1,open
2017-11-14,153.89,153.29,324.9,-38.9,-194.3,1,open
2017-11-15,153.33,152.63,326.1,-45.5,-227.62,1,open
2017-11-16,152.59,153.37,327.7,51.2,256.24,1,open
2017-11-17,154.56,154.56,323.5,0.1,0.65,1,open
2017-11-21,153.84,154.49,325.0,42.4,211.91,1,open
2017-11-22,155.51,155.61,321.5,6.6,32.8,1,open
2017-11-24,155.71,155.84,321.1,8.5,42.39,1,open
2017-11-28,156.21,156.5,320.1,18.7,93.46,1,open
2017-11-29,156.63,156.43,319.2,-12.6,-63.21,1,open
2017-11-30,153.9,154.44,324.9,35.2,176.09,1,open
2017-12-01,155.18,154.16,322.2,-65.6,-328.01,1,open
2017-12-05,152.75,152.62,327.3,-8.4,-41.9,1,open
2017-12-06,152.8,152.24,327.2,-36.5,-182.59,1,open
2017-12-07,153.49,153.47,325.8,-1.2,-5.86,1,open
2017-12-08,154.06,155.08,324.6,66.3,331.69,1,open
2017-12-12,155.92,155.79,320.7,-8.2,-41.05,1,open
2017-12-13,155.71,156.26,321.1,35.5,177.25,1,open
2017-12-14,156.01,156.26,320.5,16.2,80.76,1,open
2017-12-15,155.89,156.47,320.7,37.3,186.67,1,open
2017-12-19,158.6,158.32,315.3,-17.5,-87.64,1,open
2017-12-20,157.74,158.22,317.0,30.6,152.78,1,open
2017-12-21,157.57,157.71,317.3,9.0,45.06,1,open
2017-12-22,157.58,157.29,317.3,-18.3,-91.38,1,open
2017-12-27,156.57,156.5,319.3,-4.3,-21.72,1,open
2017-12-28,156.59,157.03,319.3,28.2,141.13,1,open
2017-12-29,156.75,156.86,319.0,6.8,34.13,1,open
2018-01-03,158.49,158.6,315.5,7.1,35.33,1,open
2018-01-04,160.04,160.57,312.4,33.2,166.21,1,open
2018-01-05,160.33,161.03,311.9,43.8,218.92,1,open
2018-01-09,162.53,162.83,307.6,18.6,92.91,1,open
2018-01-10,162.61,161.79,307.5,-50.3,-251.52,1,open
2018-01-11,162.2,162.46,308.3,16.2,80.76,1,open
2018-01-12,163.32,163.01,306.1,-18.9,-94.29,1,open
2018-01-17,164.01,164.75,304.9,45.2,226.21,1,open
2018-01-18,165.8,165.53,301.6,-16.2,-81.12,1,open
2018-01-19,165.84,166.3,301.5,27.9,139.29,1,open
2018-01-23,168.13,168.63,297.4,29.9,149.29,1,open
2018-01-24,169.51,169.79,295.0,16.6,83.18,1,open
2018-01-25,168.48,169.53,296.8,62.4,312.21,1,open
2018-01-26,168.37,169.24,297.0,51.8,258.96,1,open
2018-01-30,170.11,168.57,293.9,-90.4,-452.06,1,open
2018-01-31,168.76,169.65,296.3,52.9,264.28,1,open
2018-02-01,169.34,168.1,295.3,-73.1,-365.54,1,open
2018-02-02,167.99,167.32,297.6,-39.8,-198.82,1,open
2018-02-06,158.19,155.94,316.1,-142.1,-710.54,1,open
2018-02-07,162.33,161.77,308.0,-34.4,-171.87,1,open
2018-02-08,160.23,160.67,312.1,27.6,137.93,1,open
2018-02-09,153.49,155.61,325.8,138.3,691.25,1,open
2018-02-13,158.95,157.95,314.6,-62.8,-313.94,1,open
2018-02-14,159.66,158.77,313.2,-55.6,-278.09,1,open
2018-02-15,162.73,164.1,307.3,84.3,421.56,1,open
2018-02-16,165.68,165.18,301.8,-30.1,-150.29,1,open
2018-02-21,165.26,166.03,302.6,46.7,233.57,1,open
2018-02-22,164.76,165.52,303.5,46.2,231.25,1,open
2018-02-23,164.88,166.04,303.3,70.5,352.38,1,open
2018-02-27,170.37,170.4,293.5,1.9,9.39,1,open
2018-02-28,168.24,169.18,297.2,56.0,279.96,1,open
2018-03-01,167.12,167.27,299.2,9.1,45.48,1,open
2018-03-02,164.56,162.57,303.8,-120.8,-604.04,1,open
2018-03-06,167.8,168.6,298.0,47.8,238.98,1,open
2018-03-07,168.54,167.24,296.7,-77.0,-385.07,1,open
2018-03-08,168.93,169.52,296.0,35.0,175.22,1,open
2018-03-09,169.86,171.08,294.4,71.9,359.71,1,open
2018-03-13,173.89,174.78,287.5,51.3,256.49,1,open
2018-03-14,171.79,172.56,291.1,44.9,224.69,1,open
2018-03-15,171.71,171.81,291.2,5.9,29.7,1,open
2018-03-16,171.45,171.76,291.6,18.2,90.99,1,open
2018-03-20,167.17,167.08,299.1,-5.3,-26.32,1,open
2018-03-21,167.66,167.21,298.2,-26.7,-133.6,1,open
2018-03-22,166.88,164.68,299.6,-131.7,-658.56,1,open
2018-03-23,162.69,162.58,307.3,-6.6,-33.19,1,open
2018-03-27,164.43,165.58,304.1,70.1,350.3,1,open
2018-03-28,159.01,158.19,314.4,-51.4,-257.22,1,open
2018-03-29,157.3,158.12,317.9,52.3,261.29,1,open
2018-04-02,160.19,158.98,312.1,-75.4,-377.05,1,open
2018-04-03,155.63,156.9,321.3,81.7,408.66,1,open
2018-04-04,157.26,154.25,317.9,-191.3,-956.38,1,open
2018-04-05,159.76,161.3,313.0,96.5,482.6,1,open
2018-04-06,160.62,158.92,311.3,-105.7,-528.58,1,open
2018-04-10,157.66,160.09,317.1,154.3,771.28,1,open
2018-04-11,161.13,160.22,310.3,-56.4,-281.76,1,open
2018-04-12,160.35,161.28,311.8,58.1,290.62,1,open
2018-04-13,162.14,162.99,308.4,52.5,262.74,1,open
2018-04-17,162.56,164.17,307.6,99.2,495.82,1,open
2018-04-18,166.02,166.11,301.2,5.5,27.71,1,open
2018-04-19,166.42,165.63,300.4,-47.4,-236.75,1,open
2018-04-20,164.99,164.47,303.1,-31.4,-156.98,1,open
2018-04-24,161.92,162.58,308.8,40.9,204.42,1,open
2018-04-25,158.52,158.77,315.4,15.9,79.49,1,open
2018-04-26,158.74,160.7,315.0,123.6,618.0,1,open
2018-04-27,161.99,164.33,308.7,144.6,722.89,1,open
2018-05-01,160.91,160.52,310.7,-24.1,-120.57,1,open
2018-05-08,166.17,165.82,300.9,-20.9,-104.71,1,open
2018-05-09,166.03,166.37,301.2,20.6,102.99,1,open
2018-05-10,167.91,168.41,297.8,29.6,147.99,1,open
2018-05-11,169.64,169.31,294.7,-19.3,-96.68,1,open
2018-05-15,169.76,168.38,294.5,-81.2,-405.87,1,open
2018-05-16,167.91,168.06,297.8,9.1,45.26,1,open
2018-05-17,169.0,168.38,295.9,-36.6,-182.84,1,open
2018-05-18,168.34,167.7,297.0,-37.9,-189.5,1,open
2018-05-22,168.44,169.12,296.8,40.5,202.45,1,open
2018-05-23,168.19,166.88,297.3,-77.8,-388.85,1,open
2018-05-24,169.62,169.54,294.8,-4.6,-22.99,1,open
2018-05-25,169.52,169.5,294.9,-1.4,-6.78,1,open
2018-05-30,168.97,169.59,295.9,36.8,184.06,1,open
2018-05-31,170.19,170.12,293.8,-4.0,-19.98,1,open
2018-06-01,170.05,170.87,294.0,48.3,241.7,1,open
2018-06-05,174.24,174.65,287.0,23.6,118.23,1,open
2018-06-06,174.85,175.02,286.0,9.8,49.19,1,open
2018-06-07,175.9,175.89,284.3,-0.5,-2.27,1,open
2018-06-08,174.51,173.51,286.5,-57.2,-285.95,1,open
2018-06-12,174.91,175.13,285.9,12.7,63.46,1,open
2018-06-13,175.85,176.09,284.3,13.8,68.81,1,open
2018-06-14,175.79,176.6,284.4,46.2,230.96,1,open
2018-06-15,177.62,176.97,281.5,-36.5,-182.41,1,open
2018-06-19,176.52,174.26,283.3,-127.9,-639.59,1,open
2018-06-20,176.03,176.77,284.0,42.2,210.76,1,open
2018-06-21,177.27,177.68,282.1,23.2,116.21,1,open
2018-06-22,175.74,176.29,284.5,31.4,157.05,1,open
2018-06-26,171.38,171.97,291.8,34.5,172.72,1,open
2018-06-27,172.09,172.75,290.5,38.5,192.34,1,open
2018-06-28,169.68,169.5,294.7,-10.5,-52.45,1,open
2018-06-29,171.21,171.99,292.0,45.7,228.38,1,open
2018-07-03,172.83,173.39,289.3,32.5,162.59,1,open
2018-07-05,170.64,171.89,293.0,73.2,365.91,1,open
2018-07-06,172.94,173.27,289.1,19.2,95.99,1,open
2018-07-10,177.2,177.37,282.2,9.7,48.53,1,open
2018-07-11,177.33,175.94,282.0,-78.3,-391.36,1,open
2018-07-12,176.44,177.19,283.4,42.6,213.1,1,open
2018-07-13,179.39,179.4,278.7,0.7,3.34,1,open
2018-07-17,179.19,177.28,279.0,-106.5,-532.4,1,open
2018-07-18,180.33,180.26,277.3,-3.8,-18.85,1,open
2018-07-19,179.95,179.32,277.9,-34.9,-174.49,1,open
2018-07-20,179.11,179.55,279.2,24.7,123.39,1,open
2018-07-24,179.52,181.37,278.5,102.9,514.42,1,open
2018-07-25,180.33,180.34,277.3,0.7,3.33,1,open
2018-07-26,182.83,180.33,273.5,-136.6,-683.15,1,open
2018-07-27,180.18,181.23,277.5,58.4,291.93,1,open
2018-07-31,175.18,175.75,285.4,32.7,163.26,1,open
2018-08-01,176.18,176.85,283.8,38.1,190.72,1,open
2018-08-02,177.14,175.85,282.3,-72.7,-363.56,1,open
2018-08-03,179.54,179.77,278.5,12.9,64.61,1,open
2018-08-07,181.19,181.61,276.0,23.3,116.45,1,open
2018-08-08,181.78,181.54,275.1,-13.1,-65.46,1,open
2018-08-09,181.94,181.92,274.8,-1.0,-4.95,1,open
2018-08-10,181.87,180.66,274.9,-66.4,-332.11,1,open
2018-08-14,180.38,180.99,277.2,33.9,169.64,1,open
2018-08-15,181.49,180.07,275.5,-78.1,-390.66,1,open
2018-08-16,179.31,180.55,278.8,69.3,346.33,1,open
2018-08-17,179.84,179.31,278.0,-29.4,-146.8,1,open
2018-08-21,179.72,180.24,278.2,29.0,145.23,1,open
2018-08-22,180.36,179.94,277.2,-23.2,-115.88,1,open
2018-08-23,181.05,180.75,276.2,-16.5,-82.3,1,open
2018-08-24,180.79,181.37,276.6,32.2,160.96,1,open
2018-08-28,184.32,184.78,271.3,25.1,125.33,1,open
2018-08-29,184.61,184.89,270.8,15.3,76.38,1,open
2018-08-30,186.75,186.39,267.7,-19.2,-95.85,1,open
2018-08-31,186.37,186.16,268.3,-11.2,-55.8,1,open
2018-09-05,185.89,185.54,269.0,-18.7,-93.6,1,open
2018-09-06,183.48,183.52,272.5,2.3,11.45,1,open
2018-09-07,181.84,180.52,275.0,-72.5,-362.38,1,open
2018-09-11,181.74,180.95,275.1,-43.4,-216.79,1,open
2018-09-12,183.13,182.85,273.0,-15.2,-75.9,1,open
2018-09-13,182.61,183.65,273.8,57.1,285.31,1,open
2018-09-14,184.46,184.64,271.1,9.9,49.33,1,open
2018-09-18,181.36,181.49,275.7,7.3,36.39,1,open
2018-09-19,182.84,182.84,273.5,0.1,0.36,1,open
2018-09-20,182.72,183.92,273.6,65.8,328.92,1,open
2018-09-21,184.66,185.25,270.8,32.1,160.3,1,open
2018-09-25,183.86,183.76,271.9,-5.3,-26.65,1,open
2018-09-26,184.15,184.24,271.5,5.0,24.98,1,open
2018-09-27,184.23,185.02,271.4,43.0,214.95,1,open
2018-09-28,185.84,185.23,269.1,-32.7,-163.58,1,open
2018-10-02,186.16,185.93,268.6,-12.2,-61.24,1,open
2018-10-03,185.77,186.5,269.2,39.4,197.02,1,open
2018-10-04,186.02,185.2,268.8,-44.0,-219.87,1,open
2018-10-05,182.47,182.37,274.0,-5.4,-26.85,1,open
2018-10-09,179.11,179.18,279.2,4.0,20.1,1,open
2018-10-10,179.58,178.53,278.4,-58.4,-291.79,1,open
2018-10-11,171.75,171.02,291.1,-42.4,-211.94,1,open
2018-10-12,169.65,173.97,294.7,254.8,1273.81,1,open
2018-10-16,172.14,174.0,290.5,108.2,540.84,1,open
2018-10-17,177.15,178.13,282.2,55.4,277.17,1,open
2018-10-18,177.32,176.58,282.0,-41.6,-208.1,1,open
2018-10-19,173.36,174.37,288.4,58.4,291.88,1,open
2018-10-23,173.94,170.78,287.5,-181.6,-907.79,1,open
2018-10-24,173.42,173.1,288.3,-18.3,-91.69,1,open
2018-10-25,165.36,167.97,302.4,158.0,789.8,1,open
2018-10-26,170.98,165.23,292.4,-336.2,-1680.91,1,open
2018-10-30,163.74,162.81,305.4,-56.7,-283.38,1,open
2018-10-31,165.88,168.52,301.4,159.3,796.36,1,open
2018-11-01,169.68,170.09,294.7,24.3,121.41,1,open
2018-11-02,172.14,171.51,290.5,-36.5,-182.41,1,open
2018-11-06,168.97,168.91,295.9,-3.4,-17.16,1,open
2018-11-07,170.28,172.23,293.6,114.6,573.18,1,open
2018-11-08,175.49,174.74,284.9,-42.6,-213.12,1,open
2018-11-09,174.51,172.81,286.5,-97.3,-486.51,1,open
2018-11-13,166.5,167.13,300.3,38.0,189.79,1,open
2018-11-14,166.52,168.08,300.3,93.8,469.02,1,open
2018-11-15,165.16,164.82,302.7,-20.5,-102.33,1,open
2018-11-16,168.11,166.48,297.4,-96.8,-484.21,1,open
2018-11-20,162.06,158.35,308.5,-228.8,-1144.03,1,open
2018-11-21,159.24,161.27,314.0,127.6,638.03,1,open
2018-11-23,160.42,159.11,311.7,-81.5,-407.68,1,open
2018-11-27,162.94,161.98,306.9,-58.8,-293.98,1,open
2018-11-28,163.49,164.6,305.8,68.0,340.08,1,open
2018-11-29,168.67,167.98,296.4,-40.8,-203.95,1,open
2018-11-30,168.18,168.33,297.3,9.0,45.19,1,open
2018-12-04,172.29,171.36,290.2,-53.9,-269.31,1,open
2018-12-06,165.84,162.46,301.5,-203.7,-1018.46,1,open
2018-12-07,166.91,166.11,299.6,-47.8,-239.05,1,open
2018-12-11,163.07,165.64,306.6,157.7,788.62,1,open
2018-12-12,163.59,166.04,305.6,149.9,749.44,1,open
2018-12-13,165.06,166.04,302.9,59.5,297.47,1,open
2018-12-14,165.14,163.17,302.8,-119.2,-595.86,1,open
2018-12-18,157.54,158.65,317.4,70.6,352.93,1,open
2018-12-19,158.46,158.22,315.5,-15.0,-75.1,1,open
2018-12-20,154.8,154.15,323.0,-41.9,-209.3,1,open
2018-12-21,152.49,153.03,327.9,35.5,177.72,1,open
2018-12-26,142.77,145.08,350.2,161.9,809.7,1,open
2018-12-27,152.49,150.54,327.9,-127.7,-638.73,1,open
2018-12-28,153.19,153.99,326.4,52.4,261.77,1,open
2019-01-02,154.28,150.97,324.1,-214.4,-1072.08,1,open
2019-01-03,154.91,152.58,322.8,-150.3,-751.41,1,open
2019-01-04,149.72,152.16,334.0,163.1,815.53,1,open
2019-01-08,158.03,159.54,316.4,95.4,476.8,1,open
2019-01-09,159.58,160.13,313.3,34.6,172.96,1,open
2019-01-10,160.8,159.57,310.9,-76.4,-381.84,1,open
2019-01-11,161.25,160.3,310.1,-58.8,-293.96,1,open
2019-01-15,159.32,159.92,313.8,37.8,188.93,1,open
2019-01-16,162.45,162.61,307.8,10.0,49.86,1,open
2019-01-17,162.4,161.82,307.9,-35.6,-177.96,1,open
2019-01-18,163.64,164.83,305.6,72.8,364.22,1,open
2019-01-23,162.09,162.74,308.5,40.2,201.12,1,open
2019-01-24,162.2,162.63,308.3,26.6,133.17,1,open
2019-01-25,163.21,164.46,306.4,76.7,383.56,1,open
2019-01-29,163.12,163.18,306.5,3.8,19.0,1,open
2019-01-30,161.53,163.37,309.5,114.0,570.18,1,open
2019-01-31,165.83,166.63,301.5,48.4,241.82,1,open
2019-02-01,168.18,167.35,297.3,-49.2,-246.17,1,open
2019-02-05,169.52,169.73,295.0,12.5,62.53,1,open
2019-02-06,171.05,171.04,292.3,-0.5,-2.34,1,open
2019-02-07,170.51,169.02,293.2,-87.3,-436.34,1,open
2019-02-08,168.26,166.71,297.2,-92.0,-460.01,1,open
2019-02-12,168.42,169.55,296.9,67.2,336.07,1,open
2019-02-13,170.94,171.61,292.5,39.3,196.56,1,open
2019-02-14,170.99,170.36,292.4,-36.7,-183.64,1,open
2019-02-15,171.19,172.49,292.1,76.1,380.28,1,open
2019-02-20,172.29,172.41,290.2,7.1,35.41,1,open
2019-02-21,172.29,171.76,290.2,-30.6,-153.23,1,open
2019-02-22,171.62,171.96,291.3,19.9,99.64,1,open
2019-02-26,173.53,173.02,288.1,-29.3,-146.37,1,open
2019-02-27,173.72,172.9,287.8,-47.1,-235.44,1,open
2019-02-28,173.59,173.02,288.0,-32.7,-163.6,1,open
2019-03-01,173.19,174.39,288.7,69.4,347.02,1,open
2019-03-05,174.46,174.5,286.6,2.4,12.04,1,open
2019-03-06,174.55,174.66,286.5,6.4,32.08,1,open
2019-03-07,173.54,173.07,288.1,-27.0,-134.84,1,open
2019-03-08,171.47,169.49,291.6,-115.4,-576.78,1,open
2019-03-12,174.76,175.15,286.1,22.4,112.15,1,open
2019-03-13,175.72,176.58,284.5,49.1,245.28,1,open
2019-03-14,177.04,177.1,282.4,3.2,16.1,1,open
2019-03-15,176.74,177.39,282.9,36.9,184.45,1,open
2019-03-19,178.43,179.15,280.2,40.5,202.32,1,open
2019-03-20,179.06,179.03,279.2,-1.6,-7.82,1,open
2019-03-21,179.81,179.18,278.1,-34.9,-174.63,1,open
2019-03-22,182.58,181.74,273.9,-45.9,-229.49,1,open
2019-03-26,178.26,179.56,280.5,73.0,365.2,1,open
2019-03-27,179.07,179.25,279.2,10.2,50.82,1,open
2019-03-28,178.02,178.36,280.9,19.2,96.06,1,open
2019-03-29,178.36,179.59,280.3,69.1,345.37,1,open
2019-04-02,182.16,182.21,274.5,2.9,14.27,1,open
2019-04-03,182.75,183.72,273.6,53.2,265.94,1,open
2019-04-04,183.8,183.79,272.0,-0.4,-2.18,1,open
2019-04-05,183.74,184.27,272.1,28.7,143.41,1,open
2019-04-09,185.17,184.48,270.0,-37.2,-185.78,1,open
2019-04-10,184.5,184.73,271.0,12.6,62.87,1,open
2019-04-11,185.5,185.75,269.5,13.6,67.92,1,open
2019-04-12,185.08,185.84,270.2,41.2,205.86,1,open
2019-04-16,185.9,186.49,269.0,31.8,159.23,1,open
2019-04-17,186.56,187.73,268.0,62.8,314.11,1,open
2019-04-18,187.16,187.46,267.2,16.1,80.68,1,open
2019-04-22,187.4,186.52,266.8,-46.9,-234.26,1,open
2019-04-23,187.99,188.35,266.0,19.3,96.28,1,open
2019-04-24,190.31,190.42,262.7,5.9,29.43,1,open
2019-04-25,189.71,191.13,263.6,75.0,374.78,1,open
2019-04-26,190.43,190.18,262.6,-13.0,-65.12,1,open
2019-04-30,191.02,189.46,261.8,-81.6,-407.81,1,open
2019-05-01,189.57,190.74,263.8,61.8,309.12,1,open
2019-05-02,188.85,188.86,264.8,0.6,3.18,1,open
2019-05-03,188.21,189.66,265.7,77.1,385.74,1,open
2019-05-07,190.01,187.84,263.1,-114.1,-570.5,1,open
2019-05-08,186.28,185.64,268.4,-34.2,-171.25,1,open
2019-05-09,185.65,183.74,269.3,-102.8,-513.87,1,open
2019-05-10,184.83,184.04,270.5,-42.6,-213.17,1,open
2019-05-14,178.59,179.48,280.0,49.9,249.74,1,open
2019-05-15,180.51,179.36,277.0,-63.6,-317.99,1,open
2019-05-16,183.05,183.1,273.2,2.8,14.2,1,open
2019-05-17,184.94,183.08,270.4,-100.5,-502.33,1,open
2019-05-21,179.98,181.48,277.8,83.5,417.27,1,open
2019-05-22,181.82,180.79,275.0,-56.5,-282.7,1,open
2019-05-23,181.06,179.0,276.2,-113.7,-568.32,1,open
2019-05-24,178.31,179.28,280.4,54.5,272.56,1,open
2019-05-29,177.52,176.44,281.7,-60.7,-303.63,1,open
2019-05-30,176.09,176.52,283.9,24.5,122.67,1,open
2019-05-31,176.82,174.7,282.8,-119.8,-598.92,1,open
2019-06-04,170.23,171.96,293.7,101.7,508.73,1,open
2019-06-05,174.93,176.58,285.8,94.4,472.19,1,open
2019-06-06,176.24,176.5,283.7,14.9,74.33,1,open
2019-06-07,177.63,178.48,281.5,48.0,239.83,1,open
2019-06-11,183.11,185.07,273.1,107.1,535.75,1,open
2019-06-12,183.41,182.86,272.6,-29.9,-149.39,1,open
2019-06-13,182.38,183.1,274.2,39.6,197.94,1,open
2019-06-14,183.47,182.38,272.5,-59.3,-296.51,1,open
2019-06-18,183.74,185.83,272.1,113.9,569.29,1,open
2019-06-19,186.42,186.71,268.2,15.7,78.32,1,open
2019-06-20,187.14,189.72,267.2,138.0,689.86,1,open
2019-06-21,188.83,188.55,264.8,-14.7,-73.61,1,open
2019-06-25,188.16,188.03,265.7,-6.8,-34.01,1,open
2019-06-26,184.95,186.12,270.3,63.4,316.84,1,open
2019-06-27,185.8,186.45,269.1,35.1,175.46,1,open
2019-06-28,186.52,186.93,268.1,22.1,110.44,1,open
2019-07-02,189.24,189.17,264.2,-3.6,-17.97,1,open
2019-07-03,190.04,190.43,263.1,20.6,103.14,1,open
2019-07-05,191.56,190.13,261.0,-74.5,-372.73,1,open
2019-07-09,189.74,188.77,263.5,-51.0,-255.09,1,open
2019-07-10,190.71,191.77,262.2,55.7,278.43,1,open
2019-07-11,192.57,192.86,259.6,15.2,75.82,1,open
2019-07-12,192.42,192.61,259.8,10.0,49.89,1,open
2019-07-16,194.12,193.84,257.6,-14.3,-71.61,1,open
2019-07-17,193.15,193.18,258.9,1.7,8.28,1,open
2019-07-18,192.21,191.28,260.1,-48.3,-241.4,1,open
2019-07-19,192.55,193.81,259.7,65.5,327.71,1,open
2019-07-23,192.6,193.56,259.6,49.9,249.74,1,open
2019-07-24,193.81,193.05,258.0,-39.1,-195.55,1,open
2019-07-25,195.17,194.47,256.2,-35.8,-178.82,1,open
2019-07-26,193.3,194.5,258.7,62.2,310.92,1,open
2019-07-30,194.66,193.14,256.9,-78.0,-389.91,1,open
2019-07-31,193.81,194.29,258.0,24.9,124.35,1,open
2019-08-01,191.21,191.49,261.5,14.7,73.74,1,open
2019-08-02,190.13,188.8,263.0,-69.8,-349.24,1,open
2019-08-06,180.7,182.38,276.7,93.1,465.41,1,open
2019-08-07,183.27,181.33,272.8,-105.7,-528.73,1,open
2019-08-08,184.08,185.13,271.6,57.1,285.75,1,open
2019-08-09,188.3,187.3,265.5,-53.0,-265.0,1,open
2019-08-13,184.38,184.26,271.2,-6.4,-32.0,1,open
2019-08-14,188.46,185.29,265.3,-168.1,-840.5,1,open
2019-08-15,182.73,183.09,273.6,19.8,99.05,1,open
2019-08-16,182.61,184.09,273.8,81.2,405.79,1,open
2019-08-20,188.32,187.98,265.5,-17.9,-89.74,1,open
2019-08-21,187.01,188.64,267.4,87.3,436.34,1,open
2019-08-22,188.65,188.96,265.0,16.5,82.69,1,open
2019-08-23,188.07,186.74,265.9,-70.6,-353.06,1,open
2019-08-27,184.86,186.06,270.5,65.0,325.11,1,open
2019-08-28,184.57,183.83,270.9,-40.0,-199.93,1,open
2019-08-29,185.13,187.35,270.1,120.0,600.12,1,open
2019-08-30,187.93,188.92,266.1,52.8,263.93,1,open
2019-09-04,185.68,187.4,269.3,92.7,463.7,1,open
2019-09-05,188.36,190.37,265.5,106.8,534.09,1,open
2019-09-06,191.84,192.01,260.6,9.0,44.83,1,open
2019-09-10,191.17,190.16,261.5,-52.7,-263.64,1,open
2019-09-11,190.75,190.94,262.1,10.1,50.33,1,open
2019-09-12,192.47,193.62,259.8,59.9,299.27,1,open
2019-09-13,193.23,192.93,258.8,-15.4,-77.11,1,open
2019-09-17,191.66,191.68,260.9,1.1,5.74,1,open
2019-09-18,192.54,192.18,259.7,-18.6,-92.97,1,open
2019-09-19,192.54,192.84,259.7,15.7,78.43,1,open
2019-09-20,192.85,193.09,259.3,12.5,62.74,1,open
2019-09-24,190.48,191.35,262.5,45.8,228.9,1,open
2019-09-25,187.89,187.77,266.1,-6.3,-31.4,1,open
2019-09-26,190.09,189.85,263.0,-12.5,-62.6,1,open
2019-09-27,189.39,189.66,264.0,14.4,71.81,1,open
2019-10-01,188.8,189.52,264.8,38.2,191.21,1,open
2019-10-02,187.23,186.01,267.1,-65.1,-325.27,1,open
2019-10-03,184.02,184.05,271.7,1.7,8.69,1,open
2019-10-04,186.15,186.97,268.6,44.2,220.79,1,open
2019-10-08,188.23,186.99,265.6,-65.8,-328.85,1,open
2019-10-09,185.33,186.94,269.8,87.0,434.9,1,open
2019-10-10,187.36,187.25,266.9,-5.8,-28.82,1,open
2019-10-11,188.68,190.78,265.0,111.4,557.03,1,open
2019-10-15,191.13,191.63,261.6,26.3,131.32,1,open
2019-10-16,193.54,192.87,258.3,-34.5,-172.58,1,open
2019-10-17,193.05,194.16,259.0,57.6,288.01,1,open
2019-10-18,193.56,193.3,258.3,-13.3,-66.65,1,open
2019-10-22,193.44,194.04,258.5,31.1,155.6,1,open
2019-10-23,191.89,191.41,260.6,-24.9,-124.55,1,open
2019-10-24,192.24,193.6,260.1,70.8,354.25,1,open
2019-10-25,194.1,193.06,257.6,-53.5,-267.39,1,open
2019-10-29,197.61,197.22,253.0,-19.6,-98.17,1,open
2019-10-30,196.11,196.4,255.0,14.9,74.45,1,open
2019-10-31,196.96,197.54,253.9,29.5,147.75,1,open
2019-11-01,197.05,197.92,253.7,44.3,221.26,1,open
2019-11-05,200.09,200.33,249.9,12.1,60.47,1,open
2019-11-06,200.12,199.96,249.9,-7.9,-39.48,1,open
2019-11-07,199.77,200.74,250.3,48.7,243.28,1,open
2019-11-08,200.45,200.01,249.4,-21.9,-109.25,1,open
2019-11-12,200.98,201.11,248.8,6.6,32.84,1,open
2019-11-13,201.53,200.82,248.1,-35.1,-175.66,1,open
2019-11-14,201.39,200.81,248.3,-28.7,-143.5,1,open
2019-11-15,201.44,202.6,248.2,57.7,288.42,1,open
2019-11-19,203.1,203.82,246.2,35.5,177.75,1,open
2019-11-20,203.38,202.83,245.8,-26.9,-134.72,1,open
2019-11-21,202.14,201.92,247.4,-10.8,-53.92,1,open
2019-11-22,201.7,202.15,247.9,22.4,112.05,1,open
2019-11-26,204.27,204.3,244.8,1.6,7.83,1,open
2019-11-27,204.62,205.11,244.4,24.0,120.22,1,open
2019-11-29,206.07,205.57,242.6,-24.2,-120.83,1,open
2019-12-03,202.88,200.3,246.5,-127.1,-635.35,1,open
2019-12-04,201.41,202.47,248.3,52.7,263.64,1,open
2019-12-05,202.42,203.13,247.0,35.2,175.87,1,open
2019-12-06,202.81,204.2,246.5,68.6,343.18,1,open
2019-12-10,204.06,204.15,245.0,4.5,22.54,1,open
2019-12-11,203.92,204.35,245.2,21.2,105.92,1,open
2019-12-12,205.06,204.75,243.8,-15.0,-75.1,1,open
2019-12-13,206.6,206.36,242.0,-11.5,-57.6,1,open
2019-12-17,209.18,209.47,239.0,14.0,69.8,1,open
2019-12-18,209.31,209.58,238.9,13.0,64.98,1,open
2019-12-19,209.45,209.62,238.7,8.2,41.06,1,open
2019-12-20,210.91,211.81,237.1,42.8,213.84,1,open
2019-12-24,211.77,211.95,236.1,8.6,42.97,1,open
2019-12-26,211.94,212.24,235.9,14.2,71.25,1,open
2019-12-27,213.8,214.53,233.9,34.2,171.19,1,open
2019-12-31,212.18,211.6,235.7,-27.2,-136.21,1,open
2020-01-02,212.6,214.34,235.2,81.9,409.69,1,open
2020-01-03,216.16,213.28,231.3,-133.1,-665.71,1,open
2020-01-07,215.56,215.61,232.0,2.4,12.06,1,open
2020-01-08,215.53,215.45,232.0,-3.6,-18.1,1,open
2020-01-09,217.13,218.88,230.3,80.7,403.45,1,open
2020-01-10,219.03,219.74,228.3,32.5,162.54,1,open
2020-01-14,220.97,220.74,226.3,-10.3,-51.59,1,open
2020-01-15,220.12,220.15,227.1,1.5,7.27,1,open
2020-01-16,220.19,221.24,227.1,47.8,238.89,1,open
2020-01-17,222.32,223.19,224.9,39.2,196.11,1,open
2020-01-22,223.36,224.37,223.9,45.3,226.54,1,open
2020-01-23,223.88,223.69,223.3,-8.4,-41.99,1,open
2020-01-24,224.55,225.6,222.7,46.8,234.25,1,open
2020-01-28,218.07,219.58,229.3,69.3,346.68,1,open
2020-01-29,221.45,222.64,225.8,53.8,269.14,1,open
2020-01-30,221.74,220.35,225.5,-62.6,-312.98,1,open
2020-01-31,222.62,223.49,224.6,39.2,195.85,1,open
2020-02-04,222.32,225.37,224.9,137.3,686.4,1,open
2020-02-05,227.44,230.21,219.8,121.9,609.39,1,open
2020-02-06,228.27,228.76,219.0,21.6,107.77,1,open
2020-02-07,230.19,229.14,217.2,-45.5,-227.64,1,open
2020-02-11,231.98,233.19,215.5,52.2,261.23,1,open
2020-02-12,232.0,233.32,215.5,57.0,284.92,1,open
2020-02-13,234.31,232.6,213.4,-72.9,-364.48,1,open
2020-02-14,233.96,234.26,213.7,12.9,64.54,1,open
2020-02-19,234.76,236.03,213.0,54.2,270.92,1,open
2020-02-20,237.01,236.44,211.0,-24.0,-119.83,1,open
2020-02-21,234.75,233.63,213.0,-47.6,-238.13,1,open
2020-02-25,221.41,223.17,225.8,79.6,397.91,1,open
2020-02-26,215.47,216.65,232.1,54.9,274.29,1,open
2020-02-27,216.45,211.03,231.0,-250.3,-1251.57,1,open
2020-02-28,205.62,198.9,243.2,-326.7,-1633.6,1,open
2020-03-03,216.5,217.1,230.9,27.8,139.03,1,open
2020-03-04,209.64,213.3,238.5,174.7,873.41,1,open
2020-03-05,218.2,212.65,229.1,-254.3,-1271.32,1,open
2020-03-06,211.6,204.65,236.3,-328.4,-1641.78,1,open
2020-03-10,193.67,201.09,258.2,383.2,1916.16,1,open
2020-03-11,204.27,199.33,244.8,-241.7,-1208.7,1,open
2020-03-12,195.32,182.07,256.0,-678.3,-3391.38,1,open
2020-03-13,177.27,186.98,282.1,547.9,2739.34,1,open
2020-03-17,169.6,175.38,294.8,340.9,1704.61,1,open
2020-03-18,182.03,171.61,274.7,-572.3,-2861.63,1,open
2020-03-19,176.44,175.71,283.4,-41.3,-206.3,1,open
2020-03-20,177.76,181.72,281.3,222.9,1114.43,1,open
2020-03-24,170.63,179.89,293.0,542.8,2714.08,1,open
2020-03-25,183.81,184.39,272.0,31.7,158.32,1,open
2020-03-26,182.13,183.81,274.5,92.4,461.76,1,open
2020-03-27,192.18,186.96,260.2,-271.5,-1357.59,1,open
2020-03-31,192.14,191.53,260.2,-31.6,-158.22,1,open
2020-04-01,190.48,184.76,262.5,-300.2,-1500.95,1,open
2020-04-02,182.41,181.55,274.1,-47.0,-235.19,1,open
2020-04-03,186.04,185.45,268.8,-31.6,-158.03,1,open
2020-04-07,196.6,202.16,254.3,282.9,1414.55,1,open
2020-04-08,196.24,198.08,254.8,93.9,469.33,1,open
2020-04-09,200.49,202.25,249.4,87.9,439.43,1,open
2020-04-13,200.83,199.9,249.0,-46.2,-231.04,1,open
2020-04-14,203.06,207.15,246.2,201.5,1007.59,1,open
2020-04-15,211.87,208.51,236.0,-158.5,-792.47,1,open
2020-04-16,209.45,211.76,238.7,110.4,551.92,1,open
2020-04-17,213.37,215.94,234.3,120.5,602.71,1,open
2020-04-21,212.66,210.62,235.1,-95.8,-479.17,1,open
2020-04-22,204.8,209.12,244.1,211.0,1055.18,1,open
2020-04-23,211.09,211.76,236.9,31.8,159.17,1,open
2020-04-24,210.57,210.92,237.5,16.7,83.58,1,open
2020-04-28,215.37,217.25,232.2,87.4,436.92,1,open
2020-04-29,211.54,216.22,236.4,221.3,1106.65,1,open
2020-04-30,218.77,219.99,228.6,55.9,279.29,1,open
2020-05-01,219.19,214.53,228.1,-212.5,-1062.55,1,open
2020-05-05,215.24,217.38,232.3,99.5,497.59,1,open
2020-05-06,217.68,219.35,229.7,76.8,384.05,1,open
2020-05-07,218.99,221.73,228.3,125.2,626.06,1,open
2020-05-08,221.91,223.53,225.3,73.1,365.47,1,open
2020-05-12,226.67,227.46,220.6,34.9,174.7,1,open
2020-05-13,222.16,222.63,225.1,21.2,106.23,1,open
2020-05-14,219.46,218.07,227.8,-63.2,-316.23,1,open
2020-05-15,221.84,218.75,225.4,-139.2,-696.0,1,open
2020-05-19,227.51,227.64,219.8,5.8,29.01,1,open
2020-05-20,226.77,229.46,220.5,118.7,593.56,1,open
2020-05-21,231.38,231.45,216.1,3.1,15.56,1,open
2020-05-22,228.89,228.42,218.4,-20.4,-102.23,1,open
2020-05-27,229.16,228.49,218.2,-29.2,-145.75,1,open
2020-05-28,230.3,229.01,217.1,-55.9,-279.64,1,open
2020-05-29,229.82,230.41,217.6,25.8,128.8,1,open
2020-06-02,234.2,234.4,213.5,8.6,43.13,1,open
2020-06-03,235.69,236.2,212.1,21.7,108.62,1,open
2020-06-04,236.7,236.29,211.2,-17.2,-86.19,1,open
2020-06-05,235.02,236.04,212.7,43.5,217.43,1,open
2020-06-09,241.59,240.61,207.0,-40.5,-202.41,1,open
2020-06-10,243.22,245.0,205.6,73.3,366.34,1,open
2020-06-11,246.24,242.27,203.1,-161.1,-805.72,1,open
2020-06-12,234.14,239.07,213.5,210.6,1053.22,1,open
2020-06-16,238.68,243.76,209.5,212.9,1064.61,1,open
2020-06-17,242.97,244.37,205.8,57.7,288.51,1,open
2020-06-18,243.57,243.27,205.3,-12.2,-61.17,1,open
2020-06-19,244.31,246.72,204.7,98.7,493.64,1,open
2020-06-23,246.79,248.37,202.6,64.1,320.52,1,open
2020-06-24,248.75,247.97,201.0,-31.3,-156.38,1,open
2020-06-25,243.8,243.89,205.1,3.8,18.87,1,open
2020-06-26,246.1,245.73,203.2,-15.0,-74.77,1,open
2020-06-30,242.79,242.71,205.9,-3.2,-16.06,1,open
2020-07-01,247.3,247.59,202.2,11.8,59.04,1,open
2020-07-02,250.45,252.95,199.6,99.9,499.5,1,open
2020-07-06,252.13,255.4,198.3,129.8,648.87,1,open
2020-07-07,258.41,258.08,193.5,-12.7,-63.47,1,open
2020-07-08,256.58,257.98,194.9,54.6,273.21,1,open
2020-07-09,259.95,261.87,192.3,73.9,369.69,1,open
2020-07-10,262.08,261.89,190.8,-7.2,-35.87,1,open
2020-07-14,258.55,256.05,193.4,-96.6,-483.08,1,open
2020-07-15,260.43,261.66,192.0,47.3,236.53,1,open
2020-07-16,260.8,257.95,191.7,-109.2,-546.01,1,open
2020-07-17,259.0,259.71,193.1,27.5,137.45,1,open
2020-07-21,266.81,268.39,187.4,59.3,296.47,1,open
2020-07-22,264.07,264.42,189.3,13.3,66.65,1,open
2020-07-23,264.94,264.53,188.7,-15.4,-77.0,1,open
2020-07-24,257.96,254.11,193.8,-149.2,-745.85,1,open
2020-07-28,260.11,259.35,192.2,-29.1,-145.71,1,open
2020-07-29,256.78,258.31,194.7,59.7,298.31,1,open
2020-07-30,259.85,257.77,192.4,-80.0,-399.85,1,open
2020-07-31,261.18,265.79,191.4,176.6,882.92,1,open
2020-08-04,269.33,268.74,185.6,-21.8,-109.16,1,open
2020-08-05,270.46,270.81,184.9,13.0,65.07,1,open
2020-08-06,271.13,270.76,184.4,-13.6,-67.86,1,open
2020-08-07,274.6,274.02,182.1,-21.2,-106.15,1,open
2020-08-11,270.3,269.06,185.0,-45.8,-229.01,1,open
2020-08-12,265.23,267.35,188.5,80.0,400.03,1,open
2020-08-13,271.95,272.6,183.9,24.0,119.88,1,open
2020-08-14,272.5,273.0,183.5,18.4,92.11,1,open
2020-08-18,275.29,276.39,181.6,40.0,200.15,1,open
2020-08-19,277.98,277.92,179.9,-2.2,-10.79,1,open
2020-08-20,276.16,275.27,181.1,-32.2,-160.78,1,open
2020-08-21,279.9,280.05,178.6,5.4,27.15,1,open
2020-08-25,283.63,282.76,176.3,-30.6,-153.02,1,open
2020-08-26,285.84,287.09,174.9,43.8,219.0,1,open
2020-08-27,291.9,293.01,171.3,38.1,190.48,1,open
2020-08-28,291.01,292.25,171.8,42.7,213.4,1,open
2020-09-01,295.01,297.58,169.5,87.2,435.92,1,open
2020-09-02,299.91,303.24,166.7,111.1,555.5,1,open
2020-09-03,302.75,298.18,165.2,-150.9,-754.42,1,open
2020-09-04,287.23,285.74,174.1,-51.8,-259.03,1,open
2020-09-09,270.03,275.52,185.2,203.4,1016.93,1,open
2020-09-10,277.8,280.95,180.0,113.5,567.32,1,open
2020-09-11,272.21,274.34,183.7,78.3,391.61,1,open
2020-09-15,275.11,278.88,181.7,137.1,685.55,1,open
2020-09-16,279.07,279.74,179.2,24.1,120.4,1,open
2020-09-17,274.45,267.48,182.2,-254.1,-1270.34,1,open
2020-09-18,270.4,271.6,184.9,44.5,222.26,1,open
2020-09-22,267.56,270.06,186.9,93.5,467.56,1,open
2020-09-23,272.46,272.13,183.5,-12.0,-60.19,1,open
2020-09-24,264.1,261.56,189.3,-96.1,-480.5,1,open
2020-09-25,265.44,265.8,188.4,13.6,68.19,1,open
2020-09-29,277.05,276.7,180.5,-12.6,-62.8,1,open
2020-09-30,275.88,276.07,181.2,7.0,34.8,1,open
2020-10-01,278.12,281.82,179.8,133.1,665.54,1,open
2020-10-02,282.28,276.03,177.1,-221.3,-1106.71,1,open
2020-10-06,280.35,279.27,178.3,-38.5,-192.26,1,open
2020-10-07,275.17,277.81,181.7,96.0,480.07,1,open
2020-10-08,280.13,282.3,178.5,77.5,387.68,1,open
2020-10-09,281.49,283.03,177.6,54.8,273.9,1,open
2020-10-13,294.54,296.29,169.8,59.5,297.41,1,open
2020-10-14,294.46,295.32,169.8,29.3,146.37,1,open
2020-10-15,292.16,287.22,171.1,-169.0,-845.09,1,open
2020-10-16,290.03,291.81,172.4,61.4,307.21,1,open
2020-10-20,283.71,284.54,176.2,29.3,146.63,1,open
2020-10-21,284.49,284.65,175.8,5.7,28.47,1,open
2020-10-22,284.21,285.03,175.9,28.9,144.61,1,open
2020-10-23,284.28,284.84,175.9,19.8,98.85,1,open
2020-10-27,280.42,281.39,178.3,34.7,173.31,1,open
2020-10-28,282.62,278.09,176.9,-160.2,-801.08,1,open
2020-10-29,271.73,273.02,184.0,47.5,237.74,1,open
2020-10-30,276.25,274.36,181.0,-68.5,-342.63,1,open
2020-11-03,270.07,271.83,185.1,65.2,326.21,1,open
2020-11-04,274.65,283.54,182.1,323.8,1618.79,1,open
2020-11-05,286.87,293.42,174.3,228.4,1141.98,1,open
2020-11-06,294.33,293.53,169.9,-27.1,-135.56,1,open
2020-11-10,288.46,285.25,173.3,-111.2,-556.06,1,open
2020-11-11,283.48,285.9,176.4,85.4,427.19,1,open
2020-11-12,289.86,290.72,172.5,29.7,148.69,1,open
2020-11-13,288.44,289.99,173.3,53.8,269.03,1,open
2020-11-17,293.07,293.38,170.6,10.6,53.23,1,open
2020-11-18,292.14,291.68,171.2,-15.7,-78.39,1,open
2020-11-19,290.09,289.46,172.4,-21.6,-108.24,1,open
2020-11-20,292.26,292.28,171.1,0.8,3.76,1,open
2020-11-24,290.39,291.48,172.2,37.6,188.02,1,open
2020-11-25,294.54,295.44,169.8,30.6,153.12,1,open
2020-11-27,296.44,298.21,168.7,59.8,298.88,1,open
2020-12-01,299.38,301.85,167.0,82.6,412.85,1,open
2020-12-02,303.68,302.16,164.6,-50.0,-249.93,1,open
2020-12-03,303.87,304.05,164.5,6.0,29.95,1,open
2020-12-04,304.21,304.25,164.4,1.4,6.9,1,open
2020-12-08,307.28,306.76,162.7,-16.9,-84.29,1,open
2020-12-09,308.23,308.09,162.2,-4.5,-22.39,1,open
2020-12-10,301.42,299.19,165.9,-73.9,-369.59,1,open
2020-12-11,302.45,300.79,165.3,-54.8,-274.1,1,open
2020-12-15,303.85,306.33,164.6,81.7,408.43,1,open
2020-12-16,307.27,307.7,162.7,14.1,70.3,1,open
2020-12-17,309.03,310.59,161.8,50.5,252.73,1,open
2020-12-18,311.02,311.64,160.8,20.0,99.99,1,open
2020-12-22,309.03,309.83,161.8,26.0,129.76,1,open
2020-12-23,309.77,309.79,161.4,0.7,3.55,1,open
2020-12-24,308.18,308.45,162.2,8.8,44.13,1,open
2020-12-28,309.4,312.23,161.6,91.5,457.66,1,open
2020-12-29,312.67,314.06,159.9,44.5,222.6,1,open
2020-12-30,312.94,314.15,159.8,38.7,193.65,1,open
2020-12-31,312.92,312.86,159.8,-1.9,-9.27,1,open
2021-01-04,313.61,315.09,159.4,47.3,236.28,1,open
2021-01-05,309.26,308.27,161.7,-31.9,-159.74,1,open
2021-01-06,311.79,307.06,160.4,-151.6,-758.21,1,open
2021-01-07,307.59,310.26,162.6,86.9,434.35,1,open
2021-01-08,315.05,317.32,158.7,72.1,360.58,1,open
2021-01-12,314.33,314.44,159.1,3.6,17.82,1,open
2021-01-13,314.0,314.17,159.2,5.5,27.39,1,open
2021-01-14,316.02,316.48,158.2,14.6,73.1,1,open
2021-01-15,314.27,314.11,159.1,-5.0,-25.14,1,open
2021-01-20,316.45,320.12,158.0,116.0,580.19,1,open
2021-01-21,323.76,325.14,154.4,42.7,213.43,1,open
2021-01-22,326.52,325.28,153.1,-37.9,-189.58,1,open
2021-01-26,328.37,328.84,152.3,14.4,71.87,1,open
2021-01-27,328.62,326.24,152.2,-72.4,-361.82,1,open
2021-01-28,319.77,320.65,156.4,27.6,137.91,1,open
2021-01-29,321.39,319.52,155.6,-58.1,-290.61,1,open
2021-02-02,322.49,325.45,155.0,91.8,459.24,1,open
2021-02-03,327.76,329.8,152.6,62.3,311.51,1,open
2021-02-04,326.35,327.82,153.2,45.1,225.53,1,open
2021-02-05,330.32,331.2,151.4,26.7,133.51,1,open
2021-02-09,333.61,332.6,149.9,-30.2,-151.08,1,open
2021-02-10,333.5,334.96,149.9,43.8,219.19,1,open
2021-02-11,332.75,334.31,150.3,46.9,234.71,1,open
2021-02-12,334.58,333.74,149.4,-25.0,-125.23,1,open
2021-02-17,335.53,332.42,149.0,-92.6,-463.15,1,open
2021-02-18,333.96,330.17,149.7,-113.4,-567.14,1,open
2021-02-19,332.46,333.84,150.4,41.6,207.85,1,open
2021-02-23,322.46,316.98,155.1,-169.9,-849.41,1,open
2021-02-24,321.55,318.72,155.5,-87.9,-439.75,1,open
2021-02-25,324.13,321.38,154.3,-84.8,-423.91,1,open
2021-02-26,312.73,315.82,159.9,98.9,494.36,1,open
2021-03-02,323.62,324.18,154.5,17.4,86.83,1,open
2021-03-03,318.39,317.25,157.0,-35.8,-179.13,1,open
2021-03-04,309.19,308.76,161.7,-13.8,-69.23,1,open
2021-03-05,304.11,306.77,164.4,87.5,437.67,1,open
2021-03-09,299.94,307.42,166.7,249.5,1247.25,1,open
2021-03-10,311.81,316.15,160.4,139.3,696.26,1,open
2021-03-11,310.94,315.74,160.8,154.4,772.18,1,open
2021-03-12,318.15,313.84,157.2,-135.4,-677.04,1,open
2021-03-16,318.9,321.07,156.8,68.1,340.55,1,open
2021-03-17,320.64,317.43,155.9,-100.1,-500.25,1,open
2021-03-18,321.97,316.85,155.3,-159.0,-794.8,1,open
2021-03-19,312.03,311.9,160.2,-4.1,-20.51,1,open
2021-03-23,318.66,319.71,156.9,33.0,165.07,1,open
2021-03-24,317.04,318.61,157.7,49.6,247.92,1,open
2021-03-25,311.78,309.95,160.4,-58.6,-293.16,1,open
2021-03-26,311.34,311.08,160.6,-8.3,-41.43,1,open
2021-03-30,315.89,313.85,158.3,-64.5,-322.58,1,open
2021-03-31,314.42,316.16,159.0,55.4,277.02,1,open
2021-04-01,318.97,323.05,156.8,128.0,639.87,1,open
2021-04-05,324.57,327.09,154.1,77.7,388.52,1,open
2021-04-06,331.1,330.71,151.0,-11.7,-58.59,1,open
2021-04-07,330.8,330.31,151.1,-14.8,-73.76,1,open
2021-04-08,331.64,334.54,150.8,87.5,437.52,1,open
2021-04-09,335.16,333.66,149.2,-44.7,-223.48,1,open
2021-04-13,336.7,338.22,148.5,45.2,226.02,1,open
2021-04-14,340.64,340.83,146.8,5.6,28.18,1,open
2021-04-15,336.51,339.47,148.6,88.0,440.11,1,open
2021-04-16,341.61,342.13,146.4,15.3,76.4,1,open
2021-04-20,338.91,338.18,147.5,-21.5,-107.4,1,open
2021-04-21,336.34,335.06,148.7,-38.0,-189.99,1,open
2021-04-22,339.32,338.86,147.4,-13.5,-67.49,1,open
2021-04-23,335.24,335.83,149.1,17.7,88.3,1,open
2021-04-27,341.65,341.91,146.3,7.7,38.34,1,open
2021-04-28,340.09,339.79,147.0,-8.8,-43.81,1,open
2021-04-29,338.76,342.33,147.6,105.4,527.22,1,open
2021-04-30,340.24,337.68,147.0,-75.2,-375.91,1,open
2021-05-04,336.15,333.54,148.7,-77.6,-388.22,1,open
2021-05-05,330.17,332.23,151.4,62.5,312.26,1,open
2021-05-06,328.99,328.74,152.0,-7.5,-37.69,1,open
2021-05-07,331.55,334.37,150.8,85.1,425.58,1,open
2021-05-11,325.63,319.68,153.5,-182.7,-913.31,1,open
2021-05-12,325.33,320.21,153.7,-157.3,-786.59,1,open
2021-05-13,316.92,319.92,157.8,94.7,473.62,1,open
2021-05-14,319.37,322.61,156.6,101.5,507.56,1,open
2021-05-18,324.46,325.39,154.1,28.7,143.62,1,open
2021-05-19,322.17,316.64,155.2,-171.6,-857.93,1,open
2021-05-20,322.63,324.1,155.0,45.6,228.13,1,open
2021-05-21,328.89,330.46,152.0,47.8,238.99,1,open
2021-05-25,332.55,334.05,150.4,45.2,225.83,1,open
2021-05-26,332.97,333.64,150.2,20.2,100.91,1,open
2021-05-27,334.07,333.65,149.7,-12.5,-62.56,1,open
2021-05-28,332.87,334.12,150.2,37.6,188.06,1,open
2021-06-02,332.85,333.23,150.2,11.5,57.38,1,open
2021-06-03,333.44,330.53,150.0,-87.2,-436.06,1,open
2021-06-04,329.89,331.83,151.6,58.9,294.34,1,open
2021-06-08,336.53,338.36,148.6,54.4,272.19,1,open
2021-06-09,336.67,338.15,148.5,44.0,220.1,1,open
2021-06-10,336.86,337.2,148.4,10.2,50.76,1,open
2021-06-11,340.38,340.34,146.9,-1.1,-5.58,1,open
2021-06-15,344.51,344.13,145.1,-11.0,-54.86,1,open
2021-06-16,342.21,342.72,146.1,15.0,74.81,1,open
2021-06-17,340.96,339.95,146.6,-29.6,-147.82,1,open
2021-06-18,345.36,343.61,144.8,-50.6,-253.07,1,open
2021-06-22,344.32,344.13,145.2,-5.5,-27.3,1,open
2021-06-23,347.54,347.49,143.9,-1.4,-6.91,1,open
2021-06-24,347.68,349.72,143.8,58.7,293.66,1,open
2021-06-25,349.87,350.45,142.9,16.6,83.17,1,open
2021-06-29,353.7,353.51,141.4,-5.3,-26.58,1,open
2021-06-30,354.98,354.81,140.9,-4.7,-23.66,1,open
2021-07-01,354.45,354.05,141.1,-11.2,-56.14,1,open
2021-07-02,354.61,356.52,141.0,53.9,269.59,1,open
2021-07-07,360.18,362.43,138.8,62.5,312.62,1,open
2021-07-08,360.85,355.72,138.6,-142.1,-710.55,1,open
2021-07-09,358.88,358.15,139.3,-20.3,-101.43,1,open
2021-07-13,362.43,362.02,138.0,-11.3,-56.29,1,open
2021-07-14,362.36,364.79,138.0,67.1,335.58,1,open
2021-07-15,363.0,362.94,137.7,-1.6,-7.99,1,open
2021-07-16,360.44,361.39,138.7,26.4,132.06,1,open
2021-07-20,354.7,355.63,141.0,26.3,131.38,1,open
2021-07-21,358.76,358.33,139.4,-11.9,-59.65,1,open
2021-07-22,361.48,361.73,138.3,7.0,34.86,1,open
2021-07-23,363.95,365.29,137.4,36.9,184.37,1,open
2021-07-27,368.49,368.17,135.7,-8.6,-43.15,1,open
2021-07-28,364.46,365.58,137.2,30.8,153.93,1,open
2021-07-29,365.81,365.23,136.7,-15.8,-79.0,1,open
2021-07-30,366.5,362.43,136.4,-111.0,-554.98,1,open
2021-08-03,364.54,365.27,137.2,20.1,100.4,1,open
2021-08-04,366.79,366.74,136.3,-1.3,-6.54,1,open
2021-08-05,367.36,368.12,136.1,20.7,103.71,1,open
2021-08-06,369.79,368.33,135.2,-39.4,-197.14,1,open
2021-08-10,368.72,369.24,135.6,14.2,70.79,1,open
2021-08-11,366.87,368.12,136.3,34.1,170.63,1,open
2021-08-12,366.25,365.66,136.5,-16.1,-80.27,1,open
2021-08-13,367.6,367.86,136.0,7.1,35.64,1,open
2021-08-17,368.99,366.13,135.5,-77.5,-387.27,1,open
2021-08-18,365.72,365.16,136.7,-15.4,-76.97,1,open
2021-08-19,362.22,360.2,138.0,-55.7,-278.56,1,open
2021-08-20,363.98,365.03,137.4,28.9,144.51,1,open
2021-08-24,373.22,373.81,134.0,15.9,79.31,1,open
2021-08-25,374.41,374.61,133.5,5.4,26.98,1,open
2021-08-26,374.59,373.9,133.5,-18.4,-91.83,1,open
2021-08-27,372.42,373.05,134.3,17.0,84.85,1,open
2021-08-31,380.34,380.49,131.5,4.0,19.98,1,open
2021-09-01,379.92,381.03,131.6,29.3,146.35,1,open
2021-09-02,380.61,381.95,131.4,35.3,176.3,1,open
2021-09-03,380.44,379.2,131.4,-32.5,-162.71,1,open
2021-09-08,382.14,381.91,130.8,-6.0,-29.83,1,open
2021-09-09,380.85,380.99,131.3,3.7,18.64,1,open
2021-09-10,379.45,381.21,131.8,46.4,232.18,1,open
2021-09-14,376.38,377.82,132.8,38.3,191.56,1,open
2021-09-15,375.2,375.71,133.3,13.6,68.23,1,open
2021-09-16,378.03,376.69,132.3,-35.4,-176.97,1,open
2021-09-17,378.36,377.8,132.1,-14.7,-73.74,1,open
2021-09-21,365.84,367.56,136.7,47.1,235.35,1,open
2021-09-22,366.04,367.07,136.6,28.2,140.97,1,open
2021-09-23,369.57,370.74,135.3,31.7,158.56,1,open
2021-09-24,372.93,370.63,134.1,-61.6,-308.1,1,open
2021-09-28,370.37,365.65,135.0,-127.4,-636.93,1,open
2021-09-29,359.87,361.15,138.9,35.6,178.12,1,open
2021-09-30,359.37,361.0,139.1,45.4,227.06,1,open
2021-10-01,357.75,358.58,139.8,23.3,116.28,1,open
2021-10-05,352.72,353.69,141.8,27.6,137.79,1,open
2021-10-06,357.4,354.07,139.9,-93.1,-465.59,1,open
2021-10-07,359.69,362.78,139.0,86.0,429.82,1,open
2021-10-08,362.95,364.08,137.8,31.2,155.94,1,open
2021-10-12,358.41,359.86,139.5,40.5,202.56,1,open
2021-10-13,357.17,359.47,140.0,64.5,322.26,1,open
2021-10-14,360.02,363.67,138.9,101.4,507.2,1,open
2021-10-15,366.62,367.86,136.4,33.9,169.39,1,open
2021-10-19,372.67,373.72,134.2,28.2,141.14,1,open
2021-10-20,375.46,375.92,133.2,12.3,61.52,1,open
2021-10-21,375.0,374.12,133.3,-23.4,-117.07,1,open
2021-10-22,377.3,375.96,132.5,-35.5,-177.31,1,open
2021-10-26,377.95,380.2,132.3,59.6,297.92,1,open
2021-10-27,378.94,379.56,131.9,16.4,82.07,1,open
2021-10-28,379.97,381.93,131.6,51.6,258.18,1,open
2021-10-29,384.22,381.04,130.1,-82.7,-413.57,1,open
2021-11-02,387.45,386.78,129.0,-17.2,-86.2,1,open
2021-11-03,389.13,389.51,128.5,9.8,49.08,1,open
2021-11-04,393.25,394.44,127.1,30.2,150.92,1,open
2021-11-05,398.28,400.02,125.5,43.7,218.69,1,open
2021-11-09,398.08,399.14,125.6,26.7,133.39,1,open
2021-11-10,395.31,392.45,126.5,-72.3,-361.49,1,open
2021-11-11,389.51,392.55,128.4,78.1,390.49,1,open
2021-11-12,390.64,391.75,128.0,28.5,142.33,1,open
2021-11-16,394.65,393.85,126.7,-20.2,-101.1,1,open
2021-11-17,397.52,397.73,125.8,5.3,26.67,1,open
2021-11-18,397.67,399.7,125.7,51.1,255.49,1,open
2021-11-19,401.77,403.41,124.4,40.9,204.35,1,open
2021-11-23,399.36,398.09,125.2,-31.8,-158.75,1,open
2021-11-24,397.5,394.89,125.8,-65.6,-328.05,1,open
2021-11-26,398.91,396.09,125.3,-70.6,-353.21,1,open
2021-11-30,399.64,398.72,125.1,-23.0,-114.85,1,open
2021-12-01,393.68,398.27,127.0,116.6,583.22,1,open
2021-12-02,387.07,385.78,129.2,-33.3,-166.38,1,open
2021-12-03,389.93,391.27,128.2,34.4,172.08,1,open
2021-12-07,386.32,392.96,129.4,171.9,859.65,1,open
2021-12-08,397.97,398.15,125.6,4.6,22.87,1,open
2021-12-09,399.64,398.33,125.1,-32.7,-163.65,1,open
2021-12-10,393.76,396.57,127.0,71.4,357.07,1,open
2021-12-14,392.26,387.28,127.5,-126.9,-634.53,1,open
2021-12-15,388.39,387.96,128.7,-11.0,-55.1,1,open
2021-12-16,397.07,398.02,125.9,24.0,119.88,1,open
2021-12-17,386.88,383.29,129.2,-92.7,-463.71,1,open
2021-12-21,380.66,384.03,131.4,88.6,442.92,1,open
2021-12-22,389.24,388.89,128.5,-8.9,-44.7,1,open
2021-12-23,393.94,394.32,126.9,9.7,48.48,1,open
2021-12-27,397.02,398.24,125.9,30.8,153.9,1,open
2021-12-28,403.43,404.34,123.9,22.6,113.03,1,open
2021-12-29,401.73,401.76,124.5,0.8,3.98,1,open
2021-12-30,401.62,401.29,124.5,-8.2,-40.83,1,open
2021-12-31,400.16,399.67,125.0,-12.2,-60.98,1,open
2022-01-04,401.8,402.22,124.4,10.5,52.51,1,open
2022-01-05,396.51,394.72,126.1,-45.1,-225.47,1,open
2022-01-06,384.17,382.36,130.2,-47.1,-235.31,1,open
2022-01-07,384.05,384.01,130.2,-1.0,-4.95,1,open
2022-01-11,380.36,379.36,131.5,-26.2,-131.19,1,open
2022-01-12,385.92,388.45,129.6,65.6,328.05,1,open
2022-01-13,387.44,388.73,129.1,33.3,166.74,1,open
2022-01-14,377.67,375.05,132.4,-69.3,-346.6,1,open
2022-01-19,370.82,372.06,134.8,33.5,167.47,1,open
2022-01-20,366.55,369.76,136.4,87.6,438.14,1,open
2022-01-21,361.63,359.41,138.3,-61.3,-306.67,1,open
2022-01-25,353.6,346.6,141.4,-197.9,-989.54,1,open
2022-01-26,344.95,352.89,144.9,230.2,1151.18,1,open
2022-01-27,345.0,349.37,144.9,126.7,633.63,1,open
2022-01-28,341.04,343.01,146.6,57.8,289.12,1,open
2022-02-01,363.3,364.41,137.6,30.6,153.04,1,open
2022-02-02,365.52,369.78,136.8,116.6,583.01,1,open
2022-02-03,368.56,358.56,135.7,-271.3,-1356.36,1,open
2022-02-04,353.62,354.06,141.4,12.5,62.5,1,open
2022-02-08,355.19,353.99,140.8,-33.7,-168.64,1,open
2022-02-09,359.22,363.71,139.2,125.0,625.25,1,open
2022-02-10,366.79,359.5,136.3,-198.7,-993.49,1,open
2022-02-11,358.47,358.44,139.5,-0.8,-3.91,1,open
2022-02-15,347.69,352.89,143.8,149.6,748.08,1,open
2022-02-16,356.23,353.9,140.4,-65.4,-326.76,1,open
2022-02-17,356.03,352.67,140.4,-94.3,-471.59,1,open
2022-02-18,345.47,346.39,144.7,26.7,133.44,1,open
2022-02-23,338.11,341.3,147.9,94.4,472.04,1,open
2022-02-24,329.43,318.82,151.8,-322.0,-1610.06,1,open
2022-02-25,340.67,341.29,146.8,18.3,91.29,1,open
2022-03-01,347.17,345.73,144.0,-41.4,-207.1,1,open
2022-03-02,341.58,343.06,146.4,43.4,216.93,1,open
2022-03-03,347.2,349.92,144.0,78.4,391.99,1,open
2022-03-04,342.28,339.81,146.1,-72.1,-360.52,1,open
2022-03-08,324.85,324.03,153.9,-25.2,-125.9,1,open
2022-03-09,323.3,331.74,154.7,261.1,1305.6,1,open
2022-03-10,335.07,330.8,149.2,-127.4,-636.88,1,open
2022-03-11,331.43,334.3,150.9,86.5,432.51,1,open
2022-03-15,318.23,320.86,157.1,82.7,413.54,1,open
2022-03-16,328.2,332.15,152.3,120.4,602.07,1,open
2022-03-17,340.41,338.35,146.9,-60.5,-302.28,1,open
2022-03-18,344.38,342.72,145.2,-48.1,-240.72,1,open
2022-03-22,350.14,350.55,142.8,11.8,58.83,1,open
2022-03-23,356.98,353.97,140.1,-84.3,-421.31,1,open
2022-03-24,351.86,353.78,142.1,54.6,273.12,1,open
2022-03-25,359.66,359.56,139.0,-2.7,-13.62,1,open
2022-03-29,365.02,368.84,137.0,104.7,523.53,1,open
2022-03-30,371.2,369.26,134.7,-52.3,-261.72,1,open
2022-03-31,367.21,367.22,136.2,0.2,0.95,1,open
2022-04-01,362.02,362.79,138.1,21.3,106.62,1,open
2022-04-05,369.29,367.79,135.4,-40.6,-202.82,1,open
2022-04-06,361.15,355.63,138.4,-152.8,-763.95,1,open
2022-04-07,353.19,352.22,141.6,-27.4,-137.04,1,open
2022-04-08,354.15,352.3,141.2,-52.2,-260.91,1,open
2022-04-12,340.9,345.74,146.7,142.0,710.18,1,open
2022-04-13,339.54,339.79,147.3,7.4,37.11,1,open
2022-04-14,346.38,346.42,144.4,1.2,6.06,1,open
2022-04-18,338.42,337.33,147.7,-32.1,-160.75,1,open
2022-04-19,338.98,338.01,147.5,-28.6,-142.78,1,open
2022-04-20,346.15,347.07,144.4,26.6,133.18,1,open
2022-04-21,341.07,345.15,146.6,119.7,598.41,1,open
2022-04-22,334.24,334.31,149.6,2.2,10.77,1,open
2022-04-26,329.64,327.45,151.7,-66.4,-331.88,1,open
2022-04-27,316.93,317.22,157.8,9.2,46.07,1,open
2022-04-28,316.75,321.83,157.9,160.4,802.21,1,open
2022-04-29,327.96,323.68,152.5,-130.4,-652.22,1,open
2022-05-03,318.48,318.48,157.0,0.1,0.31,1,open
2022-05-04,318.93,319.29,156.8,11.4,56.75,1,open
2022-05-05,329.76,325.15,151.6,-139.7,-698.69,1,open
2022-05-06,313.41,310.93,159.5,-79.1,-395.33,1,open
2022-05-10,297.21,304.48,168.2,244.7,1223.38,1,open
2022-05-11,300.84,298.42,166.2,-80.4,-401.88,1,open
2022-05-12,291.85,287.43,171.3,-151.4,-756.9,1,open
2022-05-13,291.27,295.7,171.7,152.2,760.81,1,open
2022-05-17,298.57,304.4,167.5,195.3,976.66,1,open
2022-05-18,306.27,301.52,163.3,-155.0,-775.14,1,open
2022-05-19,291.11,289.27,171.8,-63.1,-315.69,1,open
2022-05-20,289.62,293.11,172.6,120.6,602.86,1,open
2022-05-24,293.46,288.11,170.4,-182.4,-912.05,1,open
2022-05-25,287.27,285.69,174.1,-54.9,-274.66,1,open
2022-05-26,291.38,290.42,171.6,-32.9,-164.39,1,open
2022-05-27,299.33,302.51,167.0,106.3,531.52,1,open
2022-06-01,308.33,310.45,162.2,68.8,344.11,1,open
2022-06-02,306.0,304.83,163.4,-38.2,-190.85,1,open
2022-06-03,314.44,309.01,159.0,-172.6,-863.12,1,open
2022-06-07,307.27,303.79,162.7,-113.2,-565.95,1,open
2022-06-08,309.97,309.03,161.3,-30.3,-151.31,1,open
2022-06-09,307.72,305.89,162.5,-59.4,-297.02,1,open
2022-06-10,299.27,293.63,167.1,-188.4,-941.96,1,open
2022-06-14,275.51,277.66,181.5,78.1,390.55,1,open
2022-06-15,276.13,279.42,181.1,119.2,596.1,1,open
2022-06-16,282.89,275.57,176.7,-258.9,-1294.3,1,open
2022-06-17,271.66,272.13,184.1,17.4,86.87,1,open
2022-06-22,281.21,278.5,177.8,-96.3,-481.49,1,open
2022-06-23,280.68,283.18,178.1,89.1,445.7,1,open
2022-06-24,284.92,287.75,175.5,99.4,496.98,1,open
2022-06-28,292.5,292.98,170.9,16.5,82.39,1,open
2022-06-29,283.49,283.38,176.4,-3.8,-19.05,1,open
2022-06-30,283.89,280.73,176.1,-111.2,-556.2,1,open
2022-07-01,280.26,278.93,178.4,-47.4,-236.92,1,open
2022-07-06,287.04,287.33,174.2,10.2,50.86,1,open
2022-07-07,288.77,289.65,173.1,30.5,152.72,1,open
2022-07-08,294.96,292.06,169.5,-98.3,-491.25,1,open
2022-07-12,289.0,290.3,173.0,45.1,225.26,1,open
2022-07-13,286.21,280.58,174.7,-196.6,-983.2,1,open
2022-07-14,285.64,282.97,175.0,-93.4,-467.02,1,open
2022-07-15,286.72,289.73,174.4,105.1,525.25,1,open
2022-07-19,289.43,293.12,172.8,127.6,637.81,1,open
2022-07-20,298.25,298.71,167.6,15.5,77.45,1,open
2022-07-21,303.04,303.48,165.0,14.6,72.93,1,open
2022-07-22,307.45,306.41,162.6,-33.8,-168.81,1,open
2022-07-26,300.38,298.5,166.5,-62.5,-312.61,1,open
2022-07-27,294.37,299.02,169.9,158.0,790.16,1,open
2022-07-28,306.76,306.57,163.0,-6.1,-30.64,1,open
2022-07-29,309.78,311.36,161.4,51.1,255.34,1,open
2022-08-02,315.26,312.9,158.6,-74.8,-373.98,1,open
2022-08-03,314.32,316.03,159.1,54.5,272.33,1,open
2022-08-04,322.85,322.9,154.9,1.6,8.05,1,open
2022-08-05,324.34,319.17,154.2,-159.5,-797.46,1,open
2022-08-09,320.72,318.75,155.9,-61.4,-306.81,1,open
2022-08-10,317.06,324.57,157.7,236.9,1184.64,1,open
2022-08-11,325.94,328.27,153.4,71.5,357.74,1,open
2022-08-12,324.1,326.16,154.3,63.5,317.34,1,open
2022-08-16,333.12,332.04,150.1,-32.5,-162.55,1,open
2022-08-17,332.33,329.05,150.5,-98.6,-493.19,1,open
2022-08-18,328.5,328.42,152.2,-2.4,-11.87,1,open
2022-08-19,329.34,326.15,151.8,-96.8,-484.0,1,open
2022-08-23,314.49,314.08,159.0,-13.0,-64.87,1,open
2022-08-24,314.12,313.53,159.2,-18.7,-93.6,1,open
2022-08-25,315.04,316.83,158.7,56.9,284.41,1,open
2022-08-26,320.55,320.26,156.0,-9.0,-44.92,1,open
2022-08-30,304.43,306.08,164.2,54.3,271.33,1,open
2022-08-31,301.02,303.98,166.1,98.4,492.0,1,open
2022-09-01,299.28,296.7,167.1,-86.1,-430.7,1,open
2022-09-02,299.45,302.32,167.0,95.9,479.55,1,open
2022-09-07,293.08,293.52,170.6,15.1,75.41,1,open
2022-09-08,298.97,296.83,167.2,-71.5,-357.56,1,open
2022-09-09,300.53,302.81,166.4,75.9,379.66,1,open
2022-09-13,310.78,301.78,160.9,-289.5,-1447.65,1,open
2022-09-14,293.64,294.85,170.3,41.1,205.52,1,open
2022-09-15,296.09,294.05,168.9,-68.8,-344.15,1,open
2022-09-16,291.04,287.7,171.8,-114.7,-573.46,1,open
2022-09-20,291.12,288.47,171.8,-91.0,-454.8,1,open
2022-09-21,288.71,289.59,173.2,30.5,152.75,1,open
2022-09-22,283.44,281.98,176.4,-51.4,-257.2,1,open
2022-09-23,280.07,277.53,178.5,-90.6,-453.1,1,open
2022-09-27,274.18,277.79,182.4,131.7,658.69,1,open
2022-09-28,274.55,274.44,182.1,-3.9,-19.67,1,open
2022-09-29,279.89,275.88,178.6,-143.2,-716.0,1,open
2022-09-30,272.06,271.01,183.8,-38.5,-192.61,1,open
2022-10-04,273.56,278.97,182.8,197.8,989.18,1,open
2022-10-05,282.19,278.27,177.2,-138.8,-694.22,1,open
2022-10-06,282.0,280.95,177.3,-37.2,-185.82,1,open
2022-10-07,279.82,275.0,178.7,-172.2,-860.91,1,open
2022-10-11,266.19,264.72,187.8,-55.1,-275.74,1,open
2022-10-12,262.91,263.38,190.2,18.0,89.76,1,open
2022-10-13,262.75,255.16,190.3,-288.8,-1443.96,1,open
2022-10-14,268.77,271.16,186.0,89.0,444.99,1,open
2022-10-18,269.51,276.52,185.5,260.2,1300.88,1,open
2022-10-19,271.7,269.91,184.0,-65.8,-329.04,1,open
2022-10-20,270.61,269.56,184.8,-38.7,-193.64,1,open
2022-10-21,269.04,267.96,185.8,-40.1,-200.34,1,open
2022-10-25,278.56,279.39,179.5,29.9,149.34,1,open
2022-10-26,284.28,278.44,175.9,-205.4,-1026.81,1,open
2022-10-27,277.93,276.77,179.9,-41.7,-208.33,1,open
2022-10-28,272.85,272.21,183.3,-23.4,-116.91,1,open
2022-11-01,277.94,281.48,179.9,127.3,636.29,1,open
2022-11-02,275.06,275.06,181.8,0.1,0.36,1,open
2022-11-03,265.68,262.99,188.2,-101.2,-505.87,1,open
2022-11-04,260.52,265.5,191.9,191.2,956.17,1,open
2022-11-08,267.6,269.08,186.8,55.4,276.91,1,open
2022-11-09,269.56,267.74,185.5,-67.4,-337.22,1,open
2022-11-10,263.29,275.99,189.9,482.4,2412.18,1,open
2022-11-11,282.68,282.54,176.9,-4.9,-24.41,1,open
2022-11-15,285.4,292.19,175.2,238.0,1189.91,1,open
2022-11-16,289.44,287.37,172.7,-71.4,-357.24,1,open
2022-11-17,285.42,280.91,175.2,-157.9,-789.72,1,open
2022-11-18,284.84,287.87,175.5,106.4,532.23,1,open
2022-11-22,281.85,282.62,177.4,27.4,136.95,1,open
2022-11-23,285.94,285.96,174.9,0.8,3.85,1,open
2022-11-25,288.88,287.17,173.1,-59.1,-295.63,1,open
2022-11-29,282.65,282.92,176.9,9.6,48.12,1,open
2022-11-30,280.56,280.82,178.2,9.3,46.69,1,open
2022-12-01,293.44,293.65,170.4,7.2,36.12,1,open
2022-12-02,293.74,288.52,170.2,-177.6,-888.2,1,open
2022-12-06,287.54,287.46,173.9,-2.7,-13.56,1,open
2022-12-07,281.73,280.45,177.5,-45.5,-227.7,1,open
2022-12-08,280.46,281.89,178.3,51.1,255.3,1,open
2022-12-09,283.91,282.79,176.1,-39.4,-196.89,1,open
2022-12-13,285.64,296.61,175.0,384.1,1920.61,1,open
2022-12-14,288.74,288.06,173.2,-23.5,-117.41,1,open
2022-12-15,286.44,282.31,174.6,-144.1,-720.57,1,open
2022-12-16,276.94,276.18,180.5,-27.4,-136.85,1,open
2022-12-20,269.86,268.53,185.3,-49.2,-246.05,1,open
2022-12-21,269.59,270.58,185.5,36.8,183.98,1,open
2022-12-22,273.52,270.36,182.8,-115.5,-577.29,1,open
2022-12-23,266.83,265.44,187.4,-52.0,-260.09,1,open
2022-12-28,263.56,263.11,189.7,-17.0,-84.99,1,open
2022-12-29,260.04,262.94,192.3,111.6,557.99,1,open
2022-12-30,266.53,263.6,187.6,-109.9,-549.28,1,open
2023-01-04,264.48,266.59,189.1,79.9,399.28,1,open
2023-01-05,265.78,264.05,188.1,-65.0,-325.08,1,open
2023-01-06,261.62,263.31,191.1,64.7,323.37,1,open
2023-01-10,270.56,269.51,184.8,-38.7,-193.67,1,open
2023-01-11,272.95,273.92,183.2,35.6,178.06,1,open
2023-01-12,277.6,278.1,180.1,18.1,90.42,1,open
2023-01-13,279.05,276.5,179.2,-91.3,-456.55,1,open
2023-01-18,281.47,283.13,177.6,59.0,295.24,1,open
2023-01-19,277.88,276.22,179.9,-59.8,-299.23,1,open
2023-01-20,275.11,276.74,181.7,59.3,296.61,1,open
2023-01-24,289.02,287.29,173.0,-59.8,-298.94,1,open
2023-01-25,288.43,283.75,173.4,-162.2,-810.94,1,open
2023-01-26,287.72,291.2,173.8,121.0,605.1,1,open
2023-01-27,293.4,291.98,170.4,-48.3,-241.65,1,open
2023-01-31,290.16,290.29,172.3,4.5,22.75,1,open
2023-02-01,294.69,294.39,169.7,-10.1,-50.56,1,open
2023-02-02,301.1,307.5,166.1,212.6,1063.11,1,open
2023-02-03,311.78,304.92,160.4,-220.0,-1099.82,1,open
2023-02-07,303.62,303.44,164.7,-5.9,-29.31,1,open
2023-02-08,309.96,308.52,161.3,-46.4,-231.97,1,open
2023-02-09,304.4,308.82,164.3,145.3,726.35,1,open
2023-02-10,301.66,299.46,165.8,-72.9,-364.32,1,open
2023-02-14,304.6,302.87,164.1,-56.9,-284.47,1,open
2023-02-15,306.73,304.88,163.0,-60.2,-301.24,1,open
2023-02-16,309.27,304.36,161.7,-158.7,-793.48,1,open
2023-02-17,303.3,301.05,164.9,-74.1,-370.59,1,open
2023-02-22,294.04,294.6,170.0,19.1,95.57,1,open
2023-02-23,294.23,297.94,169.9,126.2,630.8,1,open
2023-02-24,296.85,291.74,168.4,-172.1,-860.37,1,open
2023-02-28,293.96,293.28,170.1,-23.1,-115.32,1,open
2023-03-01,293.51,293.22,170.4,-9.8,-49.06,1,open
2023-03-02,291.17,288.64,171.7,-86.8,-434.11,1,open
2023-03-03,293.72,295.37,170.2,56.2,281.22,1,open
2023-03-07,300.05,300.05,166.6,0.1,0.33,1,open
2023-03-08,296.35,296.72,168.7,12.6,62.76,1,open
2023-03-09,297.9,298.32,167.8,14.2,70.83,1,open
2023-03-10,292.51,292.81,170.9,10.3,51.62,1,open
2023-03-14,290.74,294.29,172.0,122.2,610.86,1,open
2023-03-15,297.41,294.69,168.1,-91.4,-456.95,1,open
2023-03-16,298.95,297.93,167.3,-34.1,-170.26,1,open
2023-03-17,306.82,306.7,163.0,-3.9,-19.33,1,open
2023-03-21,305.93,307.92,163.4,65.1,325.57,1,open
2023-03-22,310.34,310.25,161.1,-2.8,-14.18,1,open
2023-03-23,306.01,309.9,163.4,127.2,635.93,1,open
2023-03-24,309.8,309.3,161.4,-16.1,-80.37,1,open
2023-03-28,308.72,308.15,162.0,-18.6,-92.8,1,open
2023-03-29,307.13,310.86,162.8,121.5,607.56,1,open
2023-03-30,312.83,315.2,159.8,75.8,379.12,1,open
2023-03-31,315.7,315.89,158.4,6.1,30.41,1,open
2023-04-04,320.18,320.58,156.2,12.6,62.78,1,open
2023-04-05,319.15,318.08,156.7,-33.5,-167.32,1,open
2023-04-06,315.87,314.22,158.3,-52.2,-260.87,1,open
2023-04-10,318.12,315.04,157.2,-96.8,-483.78,1,open
2023-04-11,317.94,317.81,157.3,-4.0,-20.13,1,open
2023-04-12,315.85,317.8,158.3,61.8,309.01,1,open
2023-04-13,313.06,314.8,159.7,55.6,278.22,1,open
2023-04-14,319.29,317.57,156.6,-53.8,-269.04,1,open
2023-04-18,318.8,320.97,156.8,68.0,339.86,1,open
2023-04-19,318.86,316.39,156.8,-77.4,-387.0,1,open
2023-04-20,318.76,315.67,156.9,-96.9,-484.38,1,open
2023-04-21,316.33,315.89,158.1,-13.8,-69.23,1,open
2023-04-25,315.96,314.27,158.2,-53.4,-267.12,1,open
2023-04-26,309.96,313.42,161.3,111.7,558.46,1,open
2023-04-27,311.81,315.68,160.4,124.2,620.89,1,open
2023-04-28,320.42,320.09,156.0,-10.2,-51.18,1,open
2023-05-02,322.19,322.1,155.2,-2.7,-13.66,1,open
2023-05-03,319.38,319.73,156.6,11.0,55.11,1,open
2023-05-04,317.37,317.04,157.5,-10.3,-51.67,1,open
2023-05-05,316.25,318.44,158.1,69.3,346.56,1,open
2023-05-09,323.76,321.98,154.4,-54.9,-274.59,1,open
2023-05-10,321.61,324.09,155.5,77.2,385.87,1,open
2023-05-11,325.17,325.68,153.8,15.7,78.73,1,open
2023-05-12,326.21,326.68,153.3,14.5,72.35,1,open
2023-05-16,326.88,326.04,153.0,-25.6,-128.18,1,open
2023-05-17,327.16,328.22,152.8,32.5,162.31,1,open
2023-05-18,331.19,331.5,151.0,9.4,47.1,1,open
2023-05-19,337.25,337.47,148.3,6.6,32.91,1,open
2023-05-23,337.68,335.87,148.1,-53.5,-267.71,1,open
2023-05-24,333.34,331.35,150.0,-59.6,-298.19,1,open
2023-05-25,331.67,339.14,150.8,225.3,1126.42,1,open
2023-05-26,339.76,340.74,147.2,28.9,144.51,1,open
2023-05-31,349.98,348.35,142.9,-46.5,-232.59,1,open
2023-06-01,347.68,347.71,143.8,0.9,4.6,1,open
2023-06-02,352.07,353.74,142.0,47.5,237.45,1,open
2023-06-06,354.92,354.26,140.9,-18.5,-92.7,1,open
2023-06-07,354.88,355.11,140.9,6.5,32.69,1,open
2023-06-08,348.82,349.1,143.3,8.1,40.42,1,open
2023-06-09,353.08,354.61,141.6,43.2,216.24,1,open
2023-06-13,360.55,363.27,138.7,75.5,377.48,1,open
2023-06-14,363.28,363.25,137.6,-0.8,-3.85,1,open
2023-06-15,365.92,364.59,136.6,-36.3,-181.46,1,open
2023-06-16,370.28,372.7,135.0,65.4,327.05,1,open
2023-06-21,366.95,365.72,136.3,-33.6,-168.0,1,open
2023-06-22,362.04,360.61,138.1,-39.4,-197.22,1,open
2023-06-23,366.22,362.19,136.5,-110.0,-549.94,1,open
2023-06-27,357.75,359.23,139.8,41.4,207.13,1,open
2023-06-28,363.88,361.97,137.4,-52.4,-262.18,1,open
2023-06-29,364.6,364.22,137.1,-10.4,-51.84,1,open
2023-06-30,363.87,367.53,137.4,100.6,503.2,1,open
2023-07-05,370.17,368.68,135.1,-40.3,-201.66,1,open
2023-07-06,370.3,366.49,135.0,-102.8,-514.18,1,open
2023-07-07,367.49,367.21,136.1,-7.7,-38.5,1,open
2023-07-11,366.48,366.77,136.4,8.0,39.84,1,open
2023-07-12,368.18,372.32,135.8,112.4,561.81,1,open
2023-07-13,372.92,376.03,134.1,83.4,417.25,1,open
2023-07-14,379.18,379.57,131.9,10.3,51.69,1,open
2023-07-18,382.62,381.93,130.7,-18.0,-89.91,1,open
2023-07-19,385.78,386.8,129.6,26.5,132.46,1,open
2023-07-20,385.41,382.59,129.7,-73.1,-365.59,1,open
2023-07-21,376.7,379.16,132.7,65.4,326.79,1,open
2023-07-25,376.26,376.93,132.9,17.9,89.3,1,open
2023-07-26,378.82,377.7,132.0,-29.5,-147.56,1,open
2023-07-27,377.57,383.05,132.4,145.2,725.96,1,open
2023-07-28,376.56,380.72,132.8,110.5,552.64,1,open
2023-08-01,383.87,382.29,130.3,-41.1,-205.54,1,open
2023-08-02,382.82,379.22,130.6,-94.0,-469.93,1,open
2023-08-03,374.41,371.92,133.5,-66.5,-332.26,1,open
2023-08-04,373.8,375.73,133.8,51.7,258.43,1,open
2023-08-08,375.22,372.63,133.3,-69.0,-344.87,1,open
2023-08-09,371.96,372.27,134.4,8.4,41.94,1,open
2023-08-10,367.89,370.95,135.9,83.2,416.16,1,open
2023-08-11,368.58,365.97,135.7,-70.8,-353.79,1,open
2023-08-15,370.48,369.34,135.0,-30.7,-153.58,1,open
2023-08-16,366.44,365.85,136.4,-16.0,-80.23,1,open
2023-08-17,362.5,363.93,137.9,39.5,197.52,1,open
2023-08-18,358.61,355.24,139.4,-93.9,-469.59,1,open
2023-08-22,363.98,366.53,137.4,70.1,350.57,1,open
2023-08-23,363.39,364.56,137.6,32.3,161.26,1,open
2023-08-24,369.19,372.62,135.4,93.0,464.8,1,open
2023-08-25,361.11,362.05,138.5,26.1,130.43,1,open
2023-08-29,366.87,366.54,136.3,-8.9,-44.7,1,open
2023-08-30,374.75,374.87,133.4,3.3,16.28,1,open
2023-08-31,376.95,376.92,132.6,-0.7,-3.71,1,open
2023-09-01,377.91,380.38,132.3,65.4,327.06,1,open
2023-09-06,378.08,377.26,132.2,-21.6,-108.18,1,open
2023-09-07,374.82,370.17,133.4,-124.1,-620.69,1,open
2023-09-08,372.05,371.99,134.4,-1.6,-7.79,1,open
2023-09-12,376.98,375.26,132.6,-45.6,-227.86,1,open
2023-09-13,372.83,373.01,134.1,4.9,24.41,1,open
2023-09-14,374.26,375.97,133.6,45.7,228.72,1,open
2023-09-15,377.3,375.89,132.5,-37.3,-186.59,1,open
2023-09-19,370.68,369.3,134.9,-37.2,-185.88,1,open
2023-09-20,369.89,370.93,135.2,28.2,140.85,1,open
2023-09-21,364.56,360.78,137.2,-103.6,-518.16,1,open
2023-09-22,357.77,359.61,139.8,51.3,256.73,1,open
2023-09-26,359.67,356.97,139.0,-75.0,-375.07,1,open
2023-09-27,354.23,355.36,141.1,31.8,159.08,1,open
2023-09-28,355.15,354.08,140.8,-30.1,-150.36,1,open
2023-09-29,358.07,361.52,139.6,96.4,482.03,1,open
2023-10-03,361.32,358.76,138.4,-70.8,-353.98,1,open
2023-10-04,354.92,355.74,140.9,23.2,115.8,1,open
2023-10-05,359.78,359.72,139.0,-1.6,-8.06,1,open
2023-10-06,358.69,355.63,139.4,-85.3,-426.27,1,open
2023-10-10,366.58,366.89,136.4,8.5,42.56,1,open
2023-10-11,368.56,369.92,135.7,37.0,184.77,1,open
2023-10-12,371.22,371.71,134.7,13.3,66.27,1,open
2023-10-13,369.87,370.54,135.2,18.2,90.84,1,open
2023-10-17,369.5,365.79,135.3,-100.4,-501.76,1,open
2023-10-18,368.28,365.64,135.8,-71.6,-358.15,1,open
2023-10-19,363.11,364.79,137.7,46.3,231.61,1,open
2023-10-20,359.96,359.46,138.9,-13.8,-69.17,1,open
2023-10-24,355.69,357.49,140.6,50.7,253.31,1,open
2023-10-25,359.21,356.67,139.2,-70.7,-353.28,1,open
2023-10-26,350.32,349.1,142.7,-34.8,-173.84,1,open
2023-10-27,343.66,346.41,145.5,80.1,400.4,1,open
2023-10-31,349.17,349.21,143.2,1.2,6.01,1,open
2023-11-01,350.94,351.7,142.5,21.7,108.58,1,open
2023-11-02,357.11,361.52,140.0,123.5,617.74,1,open
2023-11-03,363.46,364.73,137.6,35.0,174.99,1,open
2023-11-07,369.24,370.25,135.4,27.4,137.04,1,open
2023-11-08,372.69,373.06,134.2,10.0,49.91,1,open
2023-11-09,372.99,373.62,134.1,16.9,84.72,1,open
2023-11-10,370.1,371.8,135.1,45.9,229.26,1,open
2023-11-14,377.28,383.69,132.5,170.0,849.77,1,open
2023-11-15,385.31,387.22,129.8,49.6,248.11,1,open
2023-11-16,385.63,384.82,129.7,-21.0,-104.76,1,open
2023-11-17,385.98,385.19,129.5,-20.4,-102.08,1,open
2023-11-21,390.76,388.99,128.0,-45.2,-226.23,1,open
2023-11-22,388.45,390.55,128.7,54.1,270.56,1,open
2023-11-24,390.06,389.62,128.2,-11.2,-56.15,1,open
2023-11-28,389.16,388.38,128.5,-20.0,-99.96,1,open
2023-11-29,390.23,392.67,128.1,62.4,312.25,1,open
2023-11-30,389.77,390.08,128.3,8.0,40.02,1,open
2023-12-01,388.85,387.7,128.6,-29.5,-147.62,1,open
2023-12-05,386.29,384.36,129.4,-49.9,-249.55,1,open
2023-12-06,387.31,390.25,129.1,75.8,379.15,1,open
2023-12-07,385.03,388.04,129.9,78.1,390.48,1,open
2023-12-08,390.59,388.65,128.0,-49.6,-248.09,1,open
2023-12-12,395.55,395.54,126.4,-0.2,-1.01,1,open
2023-12-13,398.77,399.61,125.4,21.1,105.57,1,open
2023-12-14,403.78,404.96,123.8,29.3,146.37,1,open
2023-12-15,403.39,404.16,123.9,19.1,95.69,1,open
2023-12-19,407.13,407.52,122.8,9.6,48.14,1,open
2023-12-20,409.17,408.33,122.2,-20.5,-102.4,1,open
2023-12-21,402.99,407.04,124.1,100.5,502.74,1,open
2023-12-22,407.81,408.98,122.6,28.7,143.69,1,open
2023-12-27,410.88,410.93,121.7,1.1,5.72,1,open
2023-12-28,411.52,412.65,121.5,27.5,137.54,1,open
2023-12-29,411.23,411.27,121.6,1.0,5.11,1,open
2024-01-03,402.59,399.91,124.2,-66.5,-332.6,1,open
2024-01-04,398.35,396.43,125.5,-48.3,-241.37,1,open
2024-01-05,396.26,396.42,126.2,4.1,20.44,1,open
2024-01-09,405.03,401.89,123.4,-77.5,-387.38,1,open
2024-01-10,405.81,406.05,123.2,6.0,29.82,1,open
2024-01-11,408.55,409.77,122.4,29.9,149.55,1,open
2024-01-12,409.36,410.39,122.1,25.2,126.05,1,open
2024-01-17,409.55,406.15,122.1,-83.0,-414.85,1,open
2024-01-18,407.22,410.5,122.8,80.6,402.98,1,open
2024-01-19,413.21,415.2,121.0,48.2,241.04,1,open
2024-01-23,421.74,422.41,118.6,15.9,79.67,1,open
2024-01-24,423.43,427.42,118.1,94.3,471.39,1,open
2024-01-25,425.81,428.33,117.4,59.2,296.14,1,open
2024-01-26,426.33,424.4,117.3,-45.2,-226.12,1,open
2024-01-30,428.18,427.08,116.8,-25.6,-128.22,1,open
2024-01-31,425.23,420.83,117.6,-103.4,-517.13,1,open
2024-02-01,416.91,418.77,119.9,44.7,223.31,1,open
2024-02-02,422.1,423.78,118.5,39.8,199.24,1,open
2024-02-06,428.47,429.56,116.7,25.5,127.43,1,open
2024-02-07,427.67,430.39,116.9,63.6,318.24,1,open
2024-02-08,432.05,432.09,115.7,1.0,4.86,1,open
2024-02-09,432.82,433.92,115.5,25.5,127.3,1,open
2024-02-13,435.33,427.26,114.9,-185.3,-926.66,1,open
2024-02-14,428.54,431.24,116.7,63.1,315.26,1,open
2024-02-15,433.26,433.9,115.4,14.8,74.09,1,open
2024-02-16,434.55,434.9,115.1,8.1,40.5,1,open
2024-02-21,427.35,424.53,117.0,-65.9,-329.71,1,open
2024-02-22,425.63,434.47,117.5,207.7,1038.7,1,open
2024-02-23,438.16,439.63,114.1,33.6,167.98,1,open
2024-02-27,436.65,437.65,114.5,22.9,114.74,1,open
2024-02-28,437.64,435.42,114.2,-50.7,-253.41,1,open
2024-02-29,435.3,438.21,114.9,66.9,334.48,1,open
2024-03-01,439.11,439.88,113.9,17.6,87.91,1,open
2024-03-05,443.92,440.92,112.6,-67.5,-337.67,1,open
2024-03-06,436.07,440.3,114.7,97.0,485.24,1,open
2024-03-07,438.88,442.37,113.9,79.6,397.83,1,open
2024-03-08,445.53,445.79,112.2,5.9,29.4,1,open
2024-03-12,437.37,439.72,114.3,53.8,268.88,1,open
2024-03-13,443.71,442.62,112.7,-24.5,-122.6,1,open
2024-03-14,440.25,441.48,113.6,28.0,139.92,1,open
2024-03-15,439.22,436.05,113.8,-72.1,-360.64,1,open
2024-03-19,437.49,435.43,114.3,-47.0,-235.21,1,open
2024-03-20,438.6,439.76,114.0,26.5,132.47,1,open
2024-03-21,443.83,448.86,112.7,113.4,566.88,1,open
2024-03-22,445.82,445.33,112.2,-10.9,-54.73,1,open
2024-03-26,444.76,446.27,112.4,34.0,169.98,1,open
2024-03-27,443.33,446.41,112.8,69.5,347.6,1,open
2024-03-28,444.95,444.77,112.4,-4.1,-20.56,1,open
2024-04-01,443.99,444.95,112.6,21.7,108.34,1,open
2024-04-02,445.01,440.07,112.4,-111.0,-554.82,1,open
2024-04-03,441.09,438.94,113.4,-48.7,-243.49,1,open
2024-04-04,442.08,446.31,113.1,95.7,478.65,1,open
2024-04-05,435.26,436.76,114.9,34.5,172.54,1,open
2024-04-09,440.64,442.92,113.5,51.8,258.94,1,open
2024-04-10,442.28,436.98,113.1,-119.8,-598.94,1,open
2024-04-11,438.29,440.23,114.1,44.3,221.54,1,open
2024-04-12,445.48,441.08,112.2,-98.7,-493.63,1,open
2024-04-16,431.01,430.87,116.0,-3.2,-16.01,1,open
2024-04-17,431.1,433.08,116.0,46.0,229.88,1,open
2024-04-18,425.82,426.46,117.4,15.1,75.38,1,open
2024-04-19,423.38,422.2,118.1,-27.8,-139.12,1,open
2024-04-23,418.87,420.74,119.4,44.7,223.46,1,open
2024-04-24,425.16,428.18,117.6,71.1,355.4,1,open
2024-04-25,426.45,419.22,117.2,-169.5,-847.46,1,open
2024-04-26,424.4,427.6,117.8,75.4,377.24,1,open
2024-04-30,432.76,431.13,115.5,-37.6,-188.1,1,open
2024-05-01,424.55,423.13,117.8,-33.4,-167.0,1,open
2024-05-02,421.47,425.27,118.6,90.2,451.04,1,open
2024-05-03,426.95,434.42,117.1,175.0,875.05,1,open
2024-05-07,440.34,440.68,113.5,7.7,38.27,1,open
2024-05-08,440.31,437.64,113.6,-60.6,-302.97,1,open
2024-05-09,440.1,440.31,113.6,4.8,24.09,1,open
2024-05-10,441.05,442.52,113.4,33.4,166.87,1,open
2024-05-14,443.12,442.63,112.8,-11.0,-55.06,1,open
2024-05-15,445.99,448.41,112.1,54.3,271.53,1,open
2024-05-16,452.86,452.69,110.4,-3.7,-18.55,1,open
2024-05-17,451.98,452.09,110.6,2.5,12.39,1,open
2024-05-21,454.94,453.0,109.9,-42.6,-213.0,1,open
2024-05-22,455.82,456.04,109.7,4.9,24.35,1,open
2024-05-23,455.7,460.55,109.7,106.5,532.37,1,open
2024-05-24,453.66,455.26,110.2,35.3,176.56,1,open
2024-05-29,459.7,455.46,108.8,-92.2,-460.95,1,open
2024-05-30,456.55,455.49,109.5,-23.2,-115.87,1,open
2024-05-31,451.57,451.77,110.7,4.5,22.37,1,open
2024-06-04,453.17,452.83,110.3,-7.5,-37.29,1,open
2024-06-05,454.37,457.96,110.0,79.1,395.27,1,open
2024-06-06,463.61,464.2,107.8,12.8,63.85,1,open
2024-06-07,463.43,462.98,107.9,-9.7,-48.34,1,open
2024-06-11,464.83,463.54,107.6,-27.7,-138.55,1,open
2024-06-12,468.07,471.97,106.8,83.4,416.82,1,open
2024-06-13,474.16,477.7,105.4,74.7,373.5,1,open
2024-06-14,476.73,476.5,104.9,-4.8,-23.91,1,open
2024-06-18,485.07,484.98,103.1,-1.8,-9.07,1,open
2024-06-20,485.25,486.4,103.0,23.7,118.7,1,open
2024-06-21,481.4,481.17,103.9,-4.7,-23.68,1,open
2024-06-25,473.93,476.05,105.5,44.8,223.87,1,open
2024-06-26,479.38,478.53,104.3,-17.7,-88.45,1,open
2024-06-27,480.41,480.11,104.1,-6.2,-31.02,1,open
2024-06-28,481.59,482.39,103.8,16.7,83.27,1,open
2024-07-02,481.96,480.39,103.7,-32.5,-162.67,1,open
2024-07-03,487.03,486.2,102.7,-17.0,-85.01,1,open
2024-07-05,490.49,491.88,101.9,28.4,141.9,1,open
2024-07-09,497.43,498.85,100.5,28.6,142.93,1,open
2024-07-10,497.79,499.69,100.4,38.2,191.04,1,open
2024-07-11,502.98,503.05,99.4,1.4,7.16,1,open
2024-07-12,491.93,492.49,101.6,11.4,57.12,1,open
2024-07-16,496.21,497.6,100.8,28.1,140.26,1,open
2024-07-17,496.4,488.24,100.7,-164.3,-821.72,1,open
2024-07-18,481.82,485.5,103.8,76.4,382.09,1,open
2024-07-19,479.55,479.15,104.3,-8.3,-41.5,1,open
2024-07-23,482.35,481.4,103.7,-19.7,-98.27,1,open
2024-07-24,480.64,473.8,104.0,-142.3,-711.34,1,open
2024-07-25,463.35,463.7,107.9,7.6,37.98,1,open
2024-07-26,458.27,462.64,109.1,95.4,477.01,1,open
2024-07-30,463.86,465.83,107.8,42.5,212.56,1,open
2024-07-31,457.4,467.88,109.3,229.2,1145.83,1,open
2024-08-01,471.06,471.74,106.1,14.5,72.39,1,open
2024-08-02,459.7,450.87,108.8,-192.0,-960.19,1,open
2024-08-06,435.77,437.28,114.7,34.7,173.49,1,open
2024-08-07,439.62,446.49,113.7,156.3,781.59,1,open
2024-08-08,434.85,441.05,115.0,142.6,713.12,1,open
2024-08-09,448.22,446.71,111.6,-33.6,-168.22,1,open
2024-08-13,451.5,455.79,110.7,95.1,475.31,1,open
2024-08-14,462.62,463.54,108.1,19.9,99.65,1,open
2024-08-15,462.83,468.74,108.0,127.7,638.68,1,open
2024-08-16,474.51,472.64,105.4,-39.4,-196.84,1,open
2024-08-20,481.28,480.33,103.9,-19.7,-98.49,1,open
2024-08-21,480.22,481.03,104.1,16.9,84.54,1,open
2024-08-22,482.55,484.85,103.6,47.7,238.52,1,open
2024-08-23,474.85,479.21,105.3,91.9,459.3,1,open
2024-08-27,475.35,473.67,105.2,-35.3,-176.5,1,open
2024-08-28,476.85,476.27,104.9,-12.1,-60.61,1,open
2024-08-29,471.3,473.26,106.1,41.6,208.15,1,open
2024-08-30,470.7,475.02,106.2,91.8,459.1,1,open
2024-09-04,461.86,458.65,108.3,-69.5,-347.29,1,open
2024-09-05,460.64,458.95,108.5,-36.6,-183.22,1,open
2024-09-06,461.16,460.3,108.4,-18.6,-93.03,1,open
2024-09-10,454.53,456.22,110.0,37.2,186.13,1,open
2024-09-11,458.69,459.84,109.0,25.1,125.58,1,open
2024-09-12,468.47,468.62,106.7,3.2,16.22,1,open
2024-09-13,473.26,472.48,105.7,-16.4,-82.2,1,open
2024-09-17,473.24,476.28,105.7,64.3,321.4,1,open
2024-09-18,473.53,474.68,105.6,24.3,121.64,1,open
2024-09-19,471.35,482.59,106.1,238.5,1192.53,1,open
2024-09-20,483.43,482.49,103.4,-19.4,-97.02,1,open
2024-09-24,483.04,484.46,103.5,29.4,147.19,1,open
2024-09-25,485.37,484.72,103.0,-13.4,-66.75,1,open
2024-09-26,485.95,493.35,102.9,152.3,761.6,1,open
2024-09-27,489.46,490.48,102.2,20.9,104.4,1,open
2024-10-01,488.07,487.68,102.4,-7.9,-39.75,1,open
2024-10-02,481.19,480.34,103.9,-17.6,-88.12,1,open
2024-10-03,481.96,479.72,103.7,-46.4,-232.18,1,open
2024-10-04,481.65,487.43,103.8,120.0,600.23,1,open
2024-10-08,482.08,484.64,103.7,53.1,265.72,1,open
2024-10-09,489.35,488.96,102.2,-7.9,-39.64,1,open
2024-10-10,493.19,490.83,101.4,-47.8,-239.06,1,open
2024-10-11,492.62,490.72,101.5,-38.5,-192.64,1,open
2024-10-15,497.52,497.81,100.5,5.9,29.35,1,open
2024-10-16,490.8,491.16,101.9,7.4,36.88,1,open
2024-10-17,490.95,496.4,101.8,111.1,555.25,1,open
2024-10-18,491.37,494.04,101.8,54.4,271.89,1,open
2024-10-22,495.5,492.7,100.9,-56.5,-282.34,1,open
2024-10-23,496.05,493.56,100.8,-50.2,-250.78,1,open
2024-10-24,488.39,492.09,102.4,75.8,379.0,1,open
2024-10-25,492.35,495.12,101.6,56.3,281.51,1,open
2024-10-29,495.42,495.7,100.9,5.7,28.46,1,open
2024-10-30,500.16,499.37,100.0,-15.8,-78.77,1,open
2024-10-31,496.42,492.35,100.7,-81.9,-409.73,1,open
2024-11-01,483.92,485.5,103.3,32.7,163.46,1,open
2024-11-05,485.98,487.59,102.9,33.2,165.85,1,open
2024-11-06,492.27,500.54,101.6,168.0,840.19,1,open
2024-11-07,505.64,508.38,98.9,54.2,271.14,1,open
2024-11-08,513.62,513.02,97.3,-11.7,-58.7,1,open
2024-11-12,513.85,513.73,97.3,-2.3,-11.48,1,open
2024-11-13,512.93,512.38,97.5,-10.7,-53.42,1,open
2024-11-14,512.29,511.89,97.6,-7.8,-38.85,1,open
2024-11-15,508.69,502.92,98.3,-113.4,-566.95,1,open
2024-11-19,500.03,497.4,100.0,-52.6,-262.78,1,open
2024-11-20,503.41,503.09,99.3,-6.3,-31.58,1,open
2024-11-21,503.21,506.22,99.4,59.9,299.28,1,open
2024-11-22,505.0,504.38,99.0,-12.2,-61.19,1,open
2024-11-26,506.59,508.06,98.7,29.1,145.29,1,open
2024-11-27,509.32,508.15,98.2,-22.9,-114.66,1,open
2024-11-29,505.3,505.91,99.0,12.1,60.56,1,open
2024-12-03,515.32,513.93,97.0,-26.9,-134.67,1,open
2024-12-04,516.93,520.3,96.7,65.2,326.16,1,open
2024-12-05,523.27,523.29,95.6,0.4,2.1,1,open
2024-12-06,521.82,522.44,95.8,11.9,59.6,1,open
2024-12-10,522.38,523.6,95.7,23.4,116.96,1,open
2024-12-11,520.57,524.96,96.0,84.4,421.85,1,open
2024-12-12,529.96,527.66,94.3,-43.4,-216.81,1,open
2024-12-13,526.52,530.44,95.0,74.5,372.45,1,open
2024-12-17,538.22,536.34,92.9,-34.9,-174.46,1,open
2024-12-18,535.87,535.13,93.3,-13.8,-68.86,1,open
2024-12-19,516.55,521.17,96.8,89.5,447.39,1,open
2024-12-20,514.19,510.42,97.2,-73.3,-366.4,1,open
2024-12-24,522.94,524.81,95.6,35.8,178.99,1,open
2024-12-26,529.9,528.32,94.4,-29.8,-148.9,1,open
2024-12-27,529.57,525.99,94.4,-67.6,-337.82,1,open
2024-12-31,515.59,516.88,97.0,25.1,125.29,1,open
2025-01-02,511.23,514.31,97.8,60.2,300.94,1,open
2025-01-03,510.19,513.33,98.0,61.6,307.93,1,open
2025-01-07,524.54,525.59,95.3,20.1,100.28,1,open
2025-01-08,515.17,515.06,97.1,-2.1,-10.48,1,open
2025-01-10,515.32,511.46,97.0,-74.9,-374.33,1,open
2025-01-14,505.62,508.74,98.9,61.7,308.73,1,open
2025-01-15,505.12,513.01,99.0,156.2,781.2,1,open
2025-01-16,516.55,518.98,96.8,47.1,235.41,1,open
2025-01-17,513.09,522.83,97.4,189.9,949.35,1,open
2025-01-22,524.68,529.55,95.3,92.9,464.28,1,open
2025-01-23,531.53,529.01,94.1,-47.4,-236.86,1,open
2025-01-24,532.74,533.0,93.9,4.9,24.59,1,open
2025-01-28,514.07,515.18,97.3,21.5,107.67,1,open
2025-01-29,521.88,522.44,95.8,10.8,53.84,1,open
2025-01-30,520.8,523.69,96.0,55.5,277.65,1,open
2025-01-31,523.15,526.9,95.6,71.7,358.6,1,open
2025-02-04,518.16,518.61,96.5,8.6,43.13,1,open
2025-02-05,524.56,521.8,95.3,-52.6,-262.89,1,open
2025-02-06,526.87,527.34,94.9,9.0,44.79,1,open
2025-02-07,529.61,530.12,94.4,9.7,48.34,1,open
2025-02-11,529.23,525.94,94.5,-62.2,-311.11,1,open
2025-02-12,527.97,522.27,94.7,-107.9,-539.62,1,open
2025-02-13,528.34,529.96,94.6,30.7,153.5,1,open
2025-02-14,535.9,536.06,93.3,3.0,15.11,1,open
2025-02-19,539.34,538.55,92.7,-14.6,-73.05,1,open
2025-02-20,539.58,538.71,92.7,-16.1,-80.43,1,open
2025-02-21,537.21,538.36,93.1,21.4,107.22,1,open
2025-02-25,519.85,519.22,96.2,-12.1,-60.4,1,open
2025-02-26,513.31,515.51,97.4,42.9,214.49,1,open
2025-02-27,514.51,518.11,97.2,70.0,350.04,1,open
2025-02-28,500.35,500.11,99.9,-4.8,-23.78,1,open
2025-03-04,497.34,494.16,100.5,-63.9,-319.5,1,open
2025-03-05,495.54,496.18,100.9,13.0,64.78,1,open
2025-03-06,502.12,493.67,99.6,-168.2,-841.23,1,open
2025-03-07,488.35,487.14,102.4,-24.7,-123.68,1,open
2025-03-11,473.32,472.33,105.6,-20.9,-104.37,1,open
2025-03-12,471.69,479.13,106.0,157.8,788.87,1,open
2025-03-13,477.1,476.22,104.8,-18.4,-92.01,1,open
2025-03-14,468.41,473.72,106.7,113.4,567.03,1,open
2025-03-18,482.75,479.39,103.6,-69.6,-347.8,1,open
2025-03-19,474.75,476.79,105.3,43.0,215.06,1,open
2025-03-20,480.81,476.87,104.0,-81.9,-409.52,1,open
2025-03-21,479.31,474.07,104.3,-109.3,-546.41,1,open
2025-03-25,490.47,491.37,101.9,18.4,91.95,1,open
2025-03-26,493.47,492.28,101.3,-24.1,-120.37,1,open
2025-03-27,484.42,482.39,103.2,-41.9,-209.32,1,open
2025-03-28,481.6,479.79,103.8,-37.5,-187.71,1,open
2025-04-01,468.95,467.28,106.6,-35.6,-177.84,1,open
2025-04-02,472.65,466.1,105.8,-138.5,-692.69,1,open
2025-04-03,476.17,456.42,105.0,-414.7,-2073.63,1,open
2025-04-04,450.7,438.12,110.9,-279.1,-1395.39,1,open
2025-04-08,423.97,438.09,117.9,333.1,1665.45,1,open
2025-04-09,416.26,415.47,120.1,-18.9,-94.65,1,open
2025-04-10,465.16,453.62,107.5,-248.0,-1240.22,1,open
2025-04-11,446.21,444.63,112.1,-35.4,-176.82,1,open
2025-04-15,457.43,458.52,109.3,23.9,119.36,1,open
2025-04-16,458.01,448.99,109.2,-196.9,-984.48,1,open
2025-04-17,444.24,447.15,112.6,65.6,327.75,1,open
2025-04-21,444.08,438.21,112.6,-132.1,-660.69,1,open
2025-04-22,433.25,438.8,115.4,128.1,640.74,1,open
2025-04-23,444.4,458.15,112.5,309.5,1547.26,1,open
2025-04-24,454.39,456.46,110.0,45.6,228.0,1,open
2025-04-25,467.22,466.95,107.0,-5.7,-28.68,1,open
2025-04-29,472.47,470.07,105.8,-50.8,-253.77,1,open
2025-04-30,475.44,467.11,105.2,-175.2,-875.82,1,open
2025-05-01,475.51,483.39,105.2,165.8,828.8,1,open
2025-05-02,481.21,486.52,103.9,110.4,551.94,1,open
2025-05-06,485.97,479.54,102.9,-132.3,-661.36,1,open
2025-05-07,481.44,482.06,103.9,12.9,64.6,1,open
2025-05-08,483.37,488.51,103.4,106.4,531.89,1,open
2025-05-09,488.24,490.19,102.4,40.0,199.9,1,open
2025-05-13,507.82,509.17,98.5,26.6,133.12,1,open
2025-05-14,515.6,516.75,97.0,22.3,111.71,1,open
2025-05-15,518.72,516.5,96.4,-42.8,-213.8,1,open
2025-05-16,519.31,520.67,96.3,26.2,131.14,1,open
2025-05-20,522.05,519.44,95.8,-50.0,-249.78,1,open
2025-05-21,520.26,516.27,96.1,-76.7,-383.27,1,open
2025-05-22,513.07,513.65,97.5,11.3,56.72,1,open
2025-05-23,514.04,506.18,97.3,-152.9,-764.34,1,open
2025-05-28,521.23,522.16,95.9,17.9,89.4,1,open
2025-05-29,518.97,526.3,96.3,141.3,706.4,1,open
2025-05-30,519.98,519.42,96.2,-10.7,-53.66,1,open
2025-06-03,523.23,523.56,95.6,6.3,31.73,1,open
2025-06-04,527.44,528.0,94.8,10.7,53.28,1,open
2025-06-05,528.8,530.16,94.6,25.8,128.78,1,open
2025-06-06,524.72,529.98,95.3,100.3,501.41,1,open
2025-06-10,530.7,531.15,94.2,8.5,42.59,1,open
2025-06-11,534.3,535.61,93.6,24.6,122.78,1,open
2025-06-12,532.47,531.05,93.9,-26.6,-133.15,1,open
2025-06-13,533.68,527.65,93.7,-113.0,-564.76,1,open
2025-06-17,534.29,531.69,93.6,-48.6,-243.13,1,open
2025-06-18,529.02,530.08,94.5,20.1,100.37,1,open
2025-06-20,528.98,532.24,94.5,61.7,308.33,1,open
2025-06-24,531.72,536.88,94.0,97.1,485.41,1,open
2025-06-25,539.75,542.04,92.6,42.4,211.86,1,open
2025-06-26,541.19,543.33,92.4,39.6,197.9,1,open
2025-06-27,546.23,547.24,91.5,18.5,92.64,1,open
2025-07-01,551.66,549.71,90.6,-35.3,-176.56,1,open
2025-07-02,547.0,546.14,91.4,-15.7,-78.43,1,open
2025-07-03,550.83,553.16,90.8,42.3,211.68,1,open
2025-07-07,555.85,553.5,90.0,-42.2,-211.21,1,open
2025-07-08,552.08,553.36,90.6,23.2,116.11,1,open
2025-07-09,552.34,554.44,90.5,38.1,190.28,1,open
2025-07-10,556.28,556.87,89.9,10.6,53.21,1,open
2025-07-11,555.49,553.28,90.0,-39.7,-198.74,1,open
2025-07-15,556.2,560.24,89.9,72.7,363.36,1,open
2025-07-16,556.72,557.26,89.8,9.7,48.68,1,open
2025-07-17,557.36,557.97,89.7,11.0,54.9,1,open
2025-07-18,561.82,563.1,89.0,22.8,114.09,1,open
2025-07-22,564.18,564.29,88.6,2.0,9.93,1,open
2025-07-23,561.31,562.32,89.1,18.0,90.15,1,open
2025-07-24,563.85,565.11,88.7,22.4,111.91,1,open
2025-07-25,565.11,564.91,88.5,-3.5,-17.52,1,open
2025-07-29,568.22,570.75,88.0,44.6,222.8,1,open
2025-07-30,567.35,568.16,88.1,14.3,71.56,1,open
2025-07-31,568.12,574.52,88.0,112.7,563.44,1,open
2025-08-01,565.02,558.83,88.5,-109.5,-547.59,1,open
2025-08-05,564.12,565.37,88.6,22.2,110.97,1,open
2025-08-06,560.21,561.09,89.3,15.7,78.72,1,open
2025-08-07,567.34,571.65,88.1,76.0,380.02,1,open
2025-08-08,569.28,570.41,87.8,19.9,99.43,1,open
2025-08-12,572.78,575.14,87.3,41.2,206.19,1,open
2025-08-13,580.04,582.74,86.2,46.6,232.92,1,open
2025-08-14,580.37,578.26,86.2,-36.3,-181.61,1,open
2025-08-15,579.88,579.78,86.2,-1.7,-8.45,1,open
2025-08-19,577.12,576.37,86.6,-13.0,-64.8,1,open
2025-08-20,569.3,568.3,87.8,-17.5,-87.65,1,open
2025-08-21,565.87,564.33,88.4,-27.2,-135.9,1,open
2025-08-22,563.34,564.63,88.8,22.9,114.67,1,open
2025-08-26,570.37,569.81,87.7,-9.8,-48.92,1,open
2025-08-27,572.67,571.57,87.3,-19.2,-95.87,1,open
2025-08-28,573.56,574.09,87.2,9.3,46.38,1,open
2025-08-29,577.09,574.65,86.6,-42.2,-211.23,1,open
2025-09-03,565.64,569.27,88.4,64.2,321.05,1,open
2025-09-04,570.01,570.72,87.7,12.5,62.46,1,open
2025-09-05,575.29,580.46,86.9,89.9,449.51,1,open
2025-09-09,578.84,579.65,86.4,14.0,70.14,1,open
2025-09-10,580.49,583.72,86.1,55.7,278.39,1,open
2025-09-11,580.72,583.22,86.1,43.1,215.42,1,open
2025-09-12,584.11,585.02,85.6,15.6,78.07,1,open
2025-09-16,591.72,592.59,84.5,14.7,73.68,1,open
2025-09-17,591.19,591.08,84.6,-1.8,-9.13,1,open
2025-09-18,589.95,594.89,84.8,83.8,418.85,1,open
2025-09-19,595.4,597.3,84.0,31.9,159.72,1,open
2025-09-23,602.26,602.35,83.0,1.5,7.64,1,open
2025-09-24,598.16,599.55,83.6,23.3,116.36,1,open
2025-09-25,596.08,592.18,83.9,-65.4,-326.97,1,open
2025-09-26,593.57,594.33,84.2,12.8,64.19,1,open
2025-09-30,598.77,598.43,83.5,-5.6,-28.22,1,open
2025-10-01,600.35,597.16,83.3,-53.1,-265.51,1,open
2025-10-02,603.29,607.04,82.9,62.2,310.96,1,open
2025-10-03,605.72,606.49,82.5,12.7,63.73,1,open
2025-10-07,607.73,609.01,82.3,21.1,105.47,1,open
2025-10-08,604.49,605.39,82.7,14.9,74.61,1,open
2025-10-09,611.47,611.46,81.8,-0.1,-0.65,1,open
2025-10-10,610.72,611.38,81.9,10.8,54.2,1,open
2025-10-14,602.06,595.28,83.0,-112.6,-562.9,1,open
2025-10-15,598.07,603.99,83.6,99.0,495.09,1,open
2025-10-16,602.18,605.08,83.0,48.2,240.96,1,open
2025-10-17,599.99,597.93,83.3,-34.3,-171.5,1,open
2025-10-21,611.57,611.61,81.8,0.7,3.43,1,open
2025-10-22,611.43,610.8,81.8,-10.3,-51.36,1,open
2025-10-23,605.4,604.89,82.6,-8.4,-41.96,1,open
2025-10-24,610.62,615.97,81.9,87.6,438.24,1,open
2025-10-28,628.1,630.34,79.6,35.7,178.48,1,open
2025-10-29,632.91,635.56,79.0,41.9,209.51,1,open
2025-10-30,635.89,632.13,78.6,-59.1,-295.49,1,open
2025-10-31,626.03,634.18,79.9,130.2,651.09,1,open
2025-11-04,632.13,623.26,79.1,-140.3,-701.44,1,open
2025-11-05,619.26,618.48,80.7,-12.6,-62.82,1,open
2025-11-06,623.31,621.77,80.2,-24.7,-123.37,1,open
2025-11-07,611.72,608.29,81.7,-56.0,-280.19,1,open
2025-11-11,623.2,620.56,80.2,-42.3,-211.65,1,open
2025-11-12,621.54,624.82,80.4,52.8,264.02,1,open
2025-11-13,621.06,617.52,80.5,-57.0,-284.84,1,open
2025-11-14,608.43,599.53,82.2,-146.2,-731.23,1,open
2025-11-18,603.67,599.6,82.8,-67.4,-336.94,1,open
2025-11-19,596.35,597.05,83.8,11.8,58.86,1,open
2025-11-20,599.78,611.6,83.4,197.1,985.53,1,open
2025-11-21,585.69,587.45,85.4,30.0,150.18,1,open
2025-11-25,605.33,603.49,82.6,-30.4,-151.82,1,open
2025-11-26,608.93,612.49,82.1,58.5,292.48,1,open
2025-11-28,614.33,616.09,81.4,28.7,143.41,1,open
2025-12-02,617.22,619.44,81.0,36.0,180.0,1,open
2025-12-03,622.09,619.6,80.4,-40.0,-199.97,1,open
2025-12-04,623.55,624.9,80.2,21.7,108.41,1,open
2025-12-05,622.88,624.36,80.3,23.8,118.96,1,open
2025-12-09,624.2,623.02,80.1,-18.9,-94.36,1,open
2025-12-10,625.13,623.82,80.0,-20.9,-104.62,1,open
2025-12-11,627.57,623.8,79.7,-60.0,-300.21,1,open
2025-12-12,625.64,622.06,79.9,-57.2,-285.95,1,open
2025-12-16,610.51,608.24,81.9,-37.1,-185.75,1,open
2025-12-17,611.82,613.04,81.7,20.0,99.87,1,open
2025-12-18,600.38,609.73,83.3,155.8,778.84,1,open
2025-12-19,609.17,611.94,82.1,45.5,227.52,1,open
2025-12-23,619.18,618.18,80.8,-16.1,-80.59,1,open
2025-12-24,622.23,621.98,80.4,-4.0,-19.93,1,open
2025-12-26,623.22,624.65,80.2,23.0,114.89,1,open
2025-12-30,620.9,619.82,80.5,-17.4,-86.81,1,open
2025-12-31,619.44,619.63,80.7,3.1,15.5,1,open
2026-01-02,614.3,620.07,81.4,94.0,469.8,1,open
2026-01-06,617.97,619.21,80.9,20.1,100.49,1,open
2026-01-07,623.49,623.02,80.2,-7.5,-37.53,1,open
2026-01-08,624.08,623.01,80.1,-17.1,-85.57,1,open
2026-01-09,620.45,621.39,80.6,15.2,75.91,1,open
2026-01-13,627.21,627.25,79.7,0.7,3.35,1,open
2026-01-14,626.15,622.22,79.9,-62.7,-313.66,1,open
2026-01-15,619.67,626.59,80.7,111.7,558.52,1,open
2026-01-16,621.68,625.49,80.4,61.3,306.59,1,open
2026-01-21,608.06,609.45,82.2,22.9,114.46,1,open
2026-01-22,616.14,622.34,81.2,100.7,503.3,1,open
2026-01-23,620.8,619.69,80.5,-17.8,-89.24,1,open
2026-01-27,625.5,628.89,79.9,54.2,271.14,1,open
2026-01-28,631.1,635.44,79.2,68.8,344.0,1,open
2026-01-29,632.99,632.65,79.0,-5.3,-26.7,1,open
2026-01-30,629.38,625.68,79.4,-58.8,-293.78,1,open
2026-02-03,626.26,628.26,79.8,32.0,159.84,1,open
2026-02-04,616.47,615.03,81.1,-23.3,-116.63,1,open
2026-02-05,605.64,600.19,82.6,-90.0,-449.77,1,open
2026-02-06,597.06,600.21,83.7,52.8,263.96,1,open
2026-02-10,614.35,615.3,81.4,15.5,77.48,1,open
2026-02-11,611.5,616.37,81.8,79.7,398.37,1,open
2026-02-12,613.02,614.69,81.6,27.3,136.37,1,open
2026-02-13,600.58,600.4,83.3,-3.0,-14.82,1,open
2026-02-18,601.22,602.09,83.2,14.5,72.52,1,open
2026-02-19,605.72,602.79,82.5,-48.3,-241.7,1,open
2026-02-20,603.52,600.1,82.8,-56.6,-283.17,1,open
2026-02-24,601.48,602.31,83.1,13.8,69.16,1,open
2026-02-25,607.82,611.09,82.3,53.8,269.16,1,open
2026-02-26,616.54,615.57,81.1,-15.7,-78.5,1,open
2026-02-27,609.28,602.96,82.1,-103.7,-518.48,1,open
2026-03-03,608.1,596.31,82.2,-193.9,-969.25,1,open
2026-03-04,601.69,604.14,83.1,40.8,203.76,1,open
2026-03-05,610.57,607.37,81.9,-52.4,-261.89,1,open
2026-03-06,608.92,600.29,82.1,-141.7,-708.47,1,open
2026-03-10,607.77,607.76,82.3,-0.2,-1.07,1,open
2026-03-11,607.67,608.94,82.3,20.9,104.66,1,open
2026-03-12,607.75,602.71,82.3,-82.9,-414.48,1,open
2026-03-13,597.36,599.74,83.7,39.9,199.38,1,open
2026-03-17,600.33,603.12,83.3,46.5,232.54,1,open
2026-03-18,603.42,601.47,82.9,-32.3,-161.41,1,open
2026-03-19,594.8,589.49,84.1,-89.2,-446.2,1,open
2026-03-20,593.01,591.08,84.3,-32.5,-162.56,1,open
2026-03-24,588.2,584.79,85.0,-57.9,-289.7,1,open
2026-03-25,583.95,589.12,85.6,88.6,442.85,1,open
2026-03-26,587.76,582.57,85.1,-88.3,-441.34,1,open
2026-03-27,573.71,570.78,87.2,-51.0,-255.18,1,open
2026-03-31,558.31,564.27,89.6,106.8,533.93,1,open
2026-04-01,577.16,581.47,86.6,74.7,373.55,1,open
2026-04-02,584.28,573.95,85.6,-176.8,-883.82,1,open
2026-04-06,585.02,586.19,85.5,20.0,100.17,1,open
2026-04-07,588.54,585.61,85.0,-49.8,-248.75,1,open
2026-04-08,588.71,608.69,84.9,339.4,1697.1,1,open
2026-04-09,605.91,605.91,82.5,0.0,0.17,1,open
2026-04-10,610.06,611.8,82.0,28.6,142.77,1,open
2026-04-14,617.34,620.21,81.0,46.5,232.61,1,open
2026-04-15,628.59,629.06,79.5,7.5,37.54,1,open
2026-04-16,637.38,639.22,78.4,28.8,144.1,1,open
2026-04-17,640.43,645.51,78.1,79.4,396.77,1,open
2026-04-21,646.82,648.39,77.3,24.3,121.52,1,open
2026-04-22,644.32,650.13,77.6,90.2,451.02,1,open
2026-04-23,655.1,653.47,76.3,-24.9,-124.26,1,open
2026-04-24,651.43,658.49,76.8,108.4,542.04,1,open
2026-04-28,664.3,657.44,75.3,-103.2,-516.18,1,open
2026-04-29,657.59,658.6,76.0,15.4,76.95,1,open
2026-04-30,661.63,665.37,75.6,56.6,282.79,1,open
2026-05-01,667.62,669.12,74.9,22.5,112.49,1,open
2026-05-05,672.9,677.95,74.3,75.1,375.39,1,open
2026-05-06,681.55,687.73,73.4,90.7,453.53,1,open
2026-05-07,695.59,696.56,71.9,13.9,69.51,1,open
2026-05-08,694.95,699.9,71.9,71.3,356.29,1,open
2026-05-12,713.4,708.18,70.1,-73.1,-365.71,1,open
2026-05-13,707.23,709.95,70.7,38.4,192.09,1,open
2026-05-14,714.49,714.6,70.0,1.6,7.84,1,open
2026-05-15,719.75,710.13,69.5,-133.6,-668.15,1,open
2026-05-19,705.73,699.82,70.8,-83.7,-418.57,1,open
2026-05-20,701.56,705.27,71.3,52.9,264.55,1,open
2026-05-21,713.09,708.97,70.1,-57.7,-288.74,1,open
2026-05-22,714.47,718.06,70.0,50.3,251.38,1,open
2026-05-27,730.23,732.94,68.5,37.1,185.7,1,open
2026-05-28,729.51,729.71,68.5,2.8,13.84,1,open
2026-05-29,735.56,737.82,68.0,30.8,153.76,1,open
2026-06-02,742.71,742.38,67.3,-4.4,-22.08,1,open
2026-06-03,746.12,747.29,67.0,15.7,78.54,1,open
2026-06-04,744.26,735.46,67.2,-118.2,-591.06,1,open
2026-06-05,740.52,730.04,67.5,-141.5,-707.48,1,open
2026-06-09,716.04,722.96,69.8,96.7,483.35,1,open
2026-06-10,707.9,701.64,70.6,-88.4,-442.01,1,open
2026-06-11,693.74,699.27,72.1,79.7,398.71,1,open
2026-06-12,716.46,717.59,69.8,15.8,79.0,1,open
2026-06-16,743.86,742.23,67.2,-21.9,-109.43,1,open
2026-06-17,729.78,735.17,68.5,73.9,369.43,1,open
2026-06-18,722.52,737.18,69.2,202.9,1014.64,1,open
2026-06-22,739.68,742.0,67.6,31.4,156.96,1,open
2026-06-23,738.02,715.72,67.7,-302.1,-1510.73,1,open
2026-06-24,713.71,715.38,70.1,23.4,117.13,1,open
2026-06-25,710.59,725.88,70.4,215.2,1076.01,1,open
2026-06-26,716.28,707.11,69.8,-128.0,-639.97,1,open
2026-06-30,723.97,724.16,69.1,2.7,13.26,1,open
2026-07-01,735.78,729.16,68.0,-89.9,-449.73,1,open
2026-07-02,725.18,725.54,68.9,5.0,24.96,1,open
2026-07-06,712.76,719.82,70.1,99.1,495.4,1,open
2026-07-07,722.65,714.15,69.2,-117.6,-587.98,1,open
2026-07-08,709.51,704.93,70.5,-64.6,-322.97,1,open
2026-07-09,711.32,718.31,70.3,98.3,491.48,1,open
2026-07-10,723.21,720.68,69.1,-35.0,-174.78,1,open
2026-07-14,711.79,720.2,70.2,118.2,590.91,1,open
2026-07-15,719.67,723.83,69.5,57.8,289.16,1,open
2026-07-16,717.72,711.99,69.7,-79.8,-399.04,1,open
2026-07-17,706.04,691.52,70.8,-205.6,-1028.13,1,open
2026-07-21,696.02,706.57,71.8,151.6,758.03,1,open
2026-07-22,708.96,703.54,70.5,-76.4,-382.11,1,open
2026-07-23,705.24,694.65,70.9,-150.1,-750.67,1,open
2026-07-24,692.01,690.42,72.3,-22.9,-114.74,1,open
2026-07-28,682.08,676.27,73.3,-85.2,-425.76,1,open
2026-07-29,675.52,675.49,74.0,-0.5,-2.44,1,open
2026-07-30,661.55,674.73,75.6,199.3,996.3,1,open
2026-07-31,683.62,692.09,73.1,123.9,619.64,1,open
2026-08-04,700.08,708.19,71.4,115.9,579.36,1,open
2026-08-05,723.7,726.21,69.1,34.7,173.55,1,open
2026-08-06,717.26,710.74,69.7,-90.9,-454.37,1,open
2026-08-07,714.59,720.13,70.0,77.6,387.78,1,open
2026-08-11,720.82,723.27,69.4,33.9,169.74,1,open
2026-08-12,718.35,727.06,69.6,121.3,606.39,1,open
2026-08-13,723.68,725.13,69.1,20.1,100.32,1,open
2026-08-14,732.08,733.39,68.3,17.9,89.61,1,open
2026-08-18,729.87,720.2,68.5,-132.5,-662.31,1,open
2026-08-19,717.64,720.37,69.7,38.1,190.35,1,open
2026-08-20,716.15,712.07,69.8,-56.9,-284.72,1,open
2026-08-21,711.02,715.2,70.3,58.8,294.08,1,open
2026-08-25,706.3,711.2,70.8,69.4,347.02,1,open
2026-08-26,710.65,708.39,70.4,-31.8,-158.87,1,open
2026-08-27,711.31,716.92,70.3,78.9,394.48,1,open
2026-08-28,721.08,719.74,69.3,-18.6,-92.78,1,open
2026-09-01,716.84,707.35,69.8,-132.4,-661.79,1,open
2026-09-02,707.69,707.08,70.7,-8.6,-42.96,1,open
2026-09-03,709.27,710.83,70.5,22.0,110.11,1,open
2026-09-04,717.63,719.33,69.7,23.6,118.24,1,open
