day,side,qty,entry_ts,entry_px,exit_ts,exit_px,stop_px,pnl,reason_in,reason_out
2016-01-07,-1,40,2016-01-07 14:30:00-06:00,104.86099999999999,2016-01-07 14:34:00-06:00,105.32900000000001,105.31,-187.2,"lasthalf short: r_first -1.80%, r_late -0.41%",stop
2016-01-11,1,38,2016-01-11 14:30:00-06:00,104.24900000000001,2016-01-11 14:58:00-06:00,104.491,103.77,91.96,"lasthalf long: r_first +0.16%, r_late +0.67%",flatten
2016-01-12,1,34,2016-01-12 14:30:00-06:00,105.429,2016-01-12 14:58:00-06:00,105.761,104.88,112.88,"lasthalf long: r_first +1.38%, r_late +0.13%",flatten
2016-01-13,1,32,2016-01-13 14:30:00-06:00,102.69900000000001,2016-01-13 14:47:00-06:00,102.11099999999999,102.13,-188.16,"lasthalf long: r_first +0.08%, r_late +0.18%",stop
2016-01-14,-1,31,2016-01-14 14:30:00-06:00,104.521,2016-01-14 14:58:00-06:00,104.1491,105.11,115.29,"lasthalf short: r_first -0.97%, r_late -0.30%",flatten
2016-01-15,-1,30,2016-01-15 14:30:00-06:00,100.931,2016-01-15 14:58:00-06:00,100.80890000000001,101.54,36.63,"lasthalf short: r_first -2.82%, r_late -0.25%",flatten
2016-01-19,1,30,2016-01-19 14:30:00-06:00,101.10310000000001,2016-01-19 14:58:00-06:00,101.17099999999999,100.49000000000001,20.37,"lasthalf long: r_first +0.89%, r_late +0.88%",flatten
2016-01-21,-1,30,2016-01-21 14:30:00-06:00,101.01599999999999,2016-01-21 14:58:00-06:00,101.16900000000001,101.63,-45.9,"lasthalf short: r_first -0.67%, r_late -0.38%",flatten
2016-01-25,-1,30,2016-01-25 14:30:00-06:00,102.53099999999999,2016-01-25 14:58:00-06:00,102.299,103.14,69.6,"lasthalf short: r_first -0.27%, r_late -0.71%",flatten
2016-01-26,-1,30,2016-01-26 14:30:00-06:00,102.771,2016-01-26 14:58:00-06:00,103.069,103.38,-89.4,"lasthalf short: r_first -0.36%, r_late -0.16%",flatten
2016-01-27,-1,30,2016-01-27 14:30:00-06:00,100.451,2016-01-27 14:58:00-06:00,100.49900000000001,101.06,-14.4,"lasthalf short: r_first -0.95%, r_late -0.50%",flatten
2016-01-28,1,30,2016-01-28 14:30:00-06:00,101.94900000000001,2016-01-28 14:58:00-06:00,102.00099999999999,101.34,15.6,"lasthalf long: r_first +1.17%, r_late +0.15%",flatten
2016-01-29,1,30,2016-01-29 14:30:00-06:00,103.899,2016-01-29 14:58:00-06:00,104.041,103.29,42.6,"lasthalf long: r_first +0.90%, r_late +0.34%",flatten
2016-02-03,-1,33,2016-02-03 14:30:00-06:00,101.491,2016-02-03 14:58:00-06:00,101.66900000000001,102.05,-58.74,"lasthalf short: r_first -0.30%, r_late -0.47%",flatten
2016-02-12,1,30,2016-02-12 14:30:00-06:00,98.069,2016-02-12 14:58:00-06:00,98.01599999999999,97.45,-15.9,"lasthalf long: r_first +0.26%, r_late +0.18%",flatten
2016-02-16,1,30,2016-02-16 14:30:00-06:00,100.069,2016-02-16 14:58:00-06:00,100.11099999999999,99.45,12.6,"lasthalf long: r_first +1.58%, r_late +0.13%",flatten
2016-02-18,-1,30,2016-02-18 14:30:00-06:00,101.47099999999999,2016-02-18 14:58:00-06:00,101.32900000000001,102.09,42.6,"lasthalf short: r_first -0.19%, r_late -0.32%",flatten
2016-02-23,-1,35,2016-02-23 14:30:00-06:00,101.601,2016-02-23 14:58:00-06:00,101.59400000000001,102.12,2.45,"lasthalf short: r_first -0.48%, r_late -0.13%",flatten
2016-02-26,1,46,2016-02-26 14:30:00-06:00,103.44900000000001,2016-02-26 14:58:00-06:00,103.42099999999999,103.06,-12.88,"lasthalf long: r_first +0.45%, r_late +0.13%",flatten
2016-03-02,-1,50,2016-03-02 14:30:00-06:00,105.451,2016-03-02 14:58:00-06:00,105.804,105.81,-176.5,"lasthalf short: r_first -0.31%, r_late -0.03%",flatten
2016-03-03,-1,50,2016-03-03 14:30:00-06:00,105.44099999999999,2016-03-03 14:58:00-06:00,105.57900000000001,105.8,-69.0,"lasthalf short: r_first -0.39%, r_late -0.03%",flatten
2016-03-08,-1,51,2016-03-08 14:30:00-06:00,104.341,2016-03-08 14:58:00-06:00,104.13680000000001,104.69,104.14,"lasthalf short: r_first -0.41%, r_late -0.26%",flatten
2016-03-10,1,50,2016-03-10 14:30:00-06:00,104.909,2016-03-10 14:40:00-06:00,104.53099999999999,104.55,-189.0,"lasthalf long: r_first +0.92%, r_late +0.43%",stop
2016-03-11,1,50,2016-03-11 14:30:00-06:00,106.369,2016-03-11 14:58:00-06:00,106.43599999999999,106.01,33.5,"lasthalf long: r_first +1.11%, r_late +0.23%",flatten
2016-03-16,1,50,2016-03-16 14:30:00-05:00,107.5989,2016-03-16 14:58:00-05:00,107.50099999999999,107.24000000000001,-48.95,"lasthalf long: r_first +0.13%, r_late +0.29%",flatten
2016-03-22,-1,60,2016-03-22 14:30:00-05:00,108.011,2016-03-22 14:58:00-05:00,108.019,108.3,-4.8,"lasthalf short: r_first -0.10%, r_late -0.05%",flatten
2016-03-23,-1,60,2016-03-23 14:30:00-05:00,107.101,2016-03-23 14:58:00-05:00,107.209,107.37,-64.8,"lasthalf short: r_first -0.43%, r_late -0.07%",flatten
2016-03-30,1,60,2016-03-30 14:30:00-05:00,109.619,2016-03-30 14:56:00-05:00,109.36099999999999,109.38,-154.8,"lasthalf long: r_first +1.02%, r_late +0.13%",stop
2016-04-04,-1,60,2016-04-04 14:30:00-05:00,109.701,2016-04-04 14:58:00-05:00,109.819,109.94,-70.8,"lasthalf short: r_first -0.06%, r_late -0.15%",flatten
2016-04-05,-1,60,2016-04-05 14:30:00-05:00,109.071,2016-04-05 14:58:00-05:00,108.799,109.31,163.2,"lasthalf short: r_first -0.80%, r_late -0.21%",flatten
2016-04-06,1,60,2016-04-06 14:30:00-05:00,110.46900000000001,2016-04-06 14:58:00-05:00,110.651,110.22,109.2,"lasthalf long: r_first +0.38%, r_late +0.21%",flatten
2016-04-13,1,60,2016-04-13 14:30:00-05:00,110.84400000000001,2016-04-13 14:58:00-05:00,110.951,110.58,64.2,"lasthalf long: r_first +1.11%, r_late +0.20%",flatten
2016-04-15,-1,60,2016-04-15 14:30:00-05:00,110.69099999999999,2016-04-15 14:58:00-05:00,110.679,110.96000000000001,7.2,"lasthalf short: r_first -0.10%, r_late -0.02%",flatten
2016-05-17,-1,57,2016-05-17 14:30:00-05:00,105.341,2016-05-17 14:58:00-05:00,105.49900000000001,105.65,-90.06,"lasthalf short: r_first -0.20%, r_late -0.17%",flatten
2016-05-24,1,60,2016-05-24 14:30:00-05:00,108.54400000000001,2016-05-24 14:58:00-05:00,108.491,108.26,-31.8,"lasthalf long: r_first +1.07%, r_late +0.12%",flatten
2016-05-25,1,60,2016-05-25 14:30:00-05:00,109.4525,2016-05-25 14:58:00-05:00,109.2911,109.17,-96.84,"lasthalf long: r_first +0.63%, r_late +0.29%",flatten
2016-06-24,-1,60,2016-06-24 14:30:00-05:00,104.17099999999999,2016-06-24 14:35:00-05:00,104.43900000000001,104.42,-160.8,"lasthalf short: r_first -2.45%, r_late -0.37%",stop
2016-06-29,1,59,2016-06-29 14:30:00-05:00,106.479,2016-06-29 14:53:00-05:00,106.161,106.18,-187.62,"lasthalf long: r_first +1.12%, r_late +0.06%",stop
2016-07-01,1,59,2016-07-01 14:30:00-05:00,108.18900000000001,2016-07-01 14:58:00-05:00,108.161,107.89,-16.52,"lasthalf long: r_first +0.47%, r_late +0.14%",flatten
2016-07-06,-1,60,2016-07-06 14:30:00-05:00,108.011,2016-07-06 14:55:00-05:00,108.30900000000001,108.29,-178.8,"lasthalf short: r_first -0.37%, r_late -0.20%",stop
2016-07-07,1,59,2016-07-07 14:30:00-05:00,108.479,2016-07-07 14:58:00-05:00,108.571,108.18,54.28,"lasthalf long: r_first +0.45%, r_late +0.23%",flatten
2016-07-11,1,60,2016-07-11 14:30:00-05:00,111.164,2016-07-11 14:58:00-05:00,110.95599999999999,110.88,-124.8,"lasthalf long: r_first +0.66%, r_late +0.04%",flatten
2016-07-12,1,60,2016-07-12 14:30:00-05:00,111.5263,2016-07-12 14:58:00-05:00,111.47099999999999,111.25,-33.18,"lasthalf long: r_first +0.59%, r_late +0.04%",flatten
2016-07-14,1,60,2016-07-14 14:30:00-05:00,112.10900000000001,2016-07-14 14:58:00-05:00,111.991,111.86,-70.8,"lasthalf long: r_first +0.55%, r_late +0.14%",flatten
2016-07-15,1,60,2016-07-15 14:30:00-05:00,111.854,2016-07-15 14:58:00-05:00,111.75099999999999,111.60000000000001,-61.8,"lasthalf long: r_first +0.09%, r_late +0.09%",flatten
2016-09-21,1,60,2016-09-21 14:30:00-05:00,118.019,2016-09-21 14:58:00-05:00,118.211,117.77,115.2,"lasthalf long: r_first +0.52%, r_late +0.14%",flatten
2016-09-22,1,60,2016-09-22 14:30:00-05:00,119.119,2016-09-22 14:58:00-05:00,119.131,118.87,7.2,"lasthalf long: r_first +0.60%, r_late +0.02%",flatten
2016-11-10,-1,60,2016-11-10 14:30:00-06:00,115.991,2016-11-10 14:58:00-06:00,115.819,116.24000000000001,103.2,"lasthalf short: r_first -0.06%, r_late -0.29%",flatten
2016-11-14,-1,59,2016-11-14 14:30:00-06:00,114.871,2016-11-14 14:58:00-06:00,114.69900000000001,115.17,101.48,"lasthalf short: r_first -0.74%, r_late -0.17%",flatten
2016-11-16,-1,51,2016-11-16 14:30:00-06:00,116.83099999999999,2016-11-16 14:58:00-06:00,116.94900000000001,117.18,-60.18,"lasthalf short: r_first -0.17%, r_late -0.03%",flatten
2016-11-17,1,51,2016-11-17 14:30:00-06:00,117.649,2016-11-17 14:58:00-06:00,117.731,117.3,41.82,"lasthalf long: r_first +0.13%, r_late +0.07%",flatten
2016-11-21,1,54,2016-11-21 14:30:00-06:00,118.489,2016-11-21 14:58:00-06:00,118.571,118.16,44.28,"lasthalf long: r_first +0.84%, r_late +0.06%",flatten
2016-11-22,1,60,2016-11-22 14:30:00-06:00,118.834,2016-11-22 14:58:00-06:00,118.966,118.55,79.2,"lasthalf long: r_first +0.33%, r_late +0.00%",flatten
2016-12-01,-1,60,2016-12-01 14:30:00-06:00,115.371,2016-12-01 14:58:00-06:00,115.52900000000001,115.57000000000001,-94.8,"lasthalf short: r_first -0.58%, r_late -0.24%",flatten
2016-12-02,1,60,2016-12-02 14:30:00-06:00,115.619,2016-12-02 14:58:00-06:00,115.62599999999999,115.42,4.2,"lasthalf long: r_first +0.17%, r_late +0.02%",flatten
2016-12-05,1,60,2016-12-05 14:30:00-06:00,116.614,2016-12-05 14:58:00-06:00,116.6437,116.41,17.82,"lasthalf long: r_first +0.75%, r_late +0.03%",flatten
2016-12-13,1,60,2016-12-13 14:30:00-06:00,120.77900000000001,2016-12-13 14:53:00-06:00,120.541,120.56,-142.8,"lasthalf long: r_first +1.24%, r_late +0.00%",stop
2016-12-16,-1,60,2016-12-16 14:30:00-06:00,119.491,2016-12-16 14:58:00-06:00,119.55900000000001,119.75,-40.8,"lasthalf short: r_first -0.11%, r_late -0.10%",flatten
2017-05-22,1,60,2017-05-22 14:30:00-05:00,138.959,2017-05-22 14:58:00-05:00,139.021,138.76,37.2,"lasthalf long: r_first +0.53%, r_late +0.01%",flatten
2017-05-24,1,60,2017-05-24 14:30:00-05:00,139.659,2017-05-24 14:58:00-05:00,139.751,139.46,55.2,"lasthalf long: r_first +0.12%, r_late +0.06%",flatten
2017-05-26,1,60,2017-05-26 14:30:00-05:00,141.139,2017-05-26 14:58:00-05:00,141.09109999999998,140.94,-28.74,"lasthalf long: r_first +0.10%, r_late +0.02%",flatten
2017-05-30,1,60,2017-05-30 14:30:00-05:00,141.41,2017-05-30 14:58:00-05:00,141.37099999999998,141.21,-23.4,"lasthalf long: r_first +0.14%, r_late +0.05%",flatten
2017-06-01,1,60,2017-06-01 14:30:00-05:00,141.669,2017-06-01 14:58:00-05:00,141.771,141.47,61.2,"lasthalf long: r_first +0.16%, r_late +0.08%",flatten
2017-06-02,1,60,2017-06-02 14:30:00-05:00,143.37900000000002,2017-06-02 14:58:00-05:00,143.421,143.18,25.2,"lasthalf long: r_first +0.27%, r_late +0.06%",flatten
2017-06-05,1,60,2017-06-05 14:30:00-05:00,143.469,2017-06-05 14:58:00-05:00,143.421,143.27,-28.8,"lasthalf long: r_first +0.06%, r_late +0.03%",flatten
2017-06-12,-1,60,2017-06-12 14:30:00-05:00,138.721,2017-06-12 14:35:00-05:00,138.93900000000002,138.92000000000002,-130.8,"lasthalf short: r_first -1.46%, r_late -0.09%",stop
2017-06-13,1,60,2017-06-13 14:30:00-05:00,140.459,2017-06-13 14:52:00-05:00,140.24099999999999,140.26,-130.8,"lasthalf long: r_first +0.75%, r_late +0.18%",stop
2017-06-16,-1,60,2017-06-16 14:30:00-05:00,138.171,2017-06-16 14:58:00-05:00,138.25900000000001,138.41,-52.8,"lasthalf short: r_first -0.37%, r_late -0.17%",flatten
2017-06-19,1,60,2017-06-19 14:30:00-05:00,140.229,2017-06-19 14:58:00-05:00,140.40099999999998,139.98,103.2,"lasthalf long: r_first +1.16%, r_late +0.06%",flatten
2017-06-20,-1,60,2017-06-20 14:30:00-05:00,139.74099999999999,2017-06-20 14:58:00-05:00,139.399,139.99,205.2,"lasthalf short: r_first -0.27%, r_late -0.03%",flatten
2017-06-21,1,60,2017-06-21 14:30:00-05:00,140.719,2017-06-21 14:58:00-05:00,140.7011,140.45000000000002,-10.74,"lasthalf long: r_first +0.22%, r_late +0.06%",flatten
2017-06-22,-1,59,2017-06-22 14:30:00-05:00,140.96099999999998,2017-06-22 14:58:00-05:00,140.709,141.26,148.68,"lasthalf short: r_first -0.15%, r_late -0.04%",flatten
2017-06-23,-1,59,2017-06-23 14:30:00-05:00,140.881,2017-06-23 14:43:00-05:00,141.199,141.18,-187.62,"lasthalf short: r_first -0.20%, r_late -0.19%",stop
2017-06-27,-1,52,2017-06-27 14:30:00-05:00,138.391,2017-06-27 14:58:00-05:00,138.199,138.73,99.84,"lasthalf short: r_first -0.60%, r_late -0.25%",flatten
2017-07-06,-1,54,2017-07-06 14:30:00-05:00,136.256,2017-07-06 14:58:00-05:00,136.359,136.59,-55.62,"lasthalf short: r_first -0.87%, r_late -0.19%",flatten
2017-07-12,1,54,2017-07-12 14:30:00-05:00,140.749,2017-07-12 14:58:00-05:00,140.726,140.42000000000002,-12.42,"lasthalf long: r_first +0.76%, r_late +0.06%",flatten
2017-07-14,1,57,2017-07-14 14:30:00-05:00,142.199,2017-07-14 14:58:00-05:00,142.18099999999998,141.89000000000001,-10.26,"lasthalf long: r_first +0.27%, r_late +0.12%",flatten
2017-07-17,1,57,2017-07-17 14:30:00-05:00,142.1002,2017-07-17 14:58:00-05:00,142.15099999999998,141.79,28.96,"lasthalf long: r_first +0.28%, r_late +0.02%",flatten
2017-07-19,1,60,2017-07-19 14:30:00-05:00,144.119,2017-07-19 14:58:00-05:00,143.93099999999998,143.85,-112.8,"lasthalf long: r_first +0.46%, r_late +0.03%",flatten
2017-07-20,1,60,2017-07-20 14:30:00-05:00,144.174,2017-07-20 14:58:00-05:00,144.08599999999998,143.91,-52.8,"lasthalf long: r_first +0.19%, r_late +0.11%",flatten
2017-07-21,-1,60,2017-07-21 14:30:00-05:00,143.886,2017-07-21 14:58:00-05:00,144.059,144.14000000000001,-103.8,"lasthalf short: r_first -0.31%, r_late -0.02%",flatten
2017-07-24,1,60,2017-07-24 14:30:00-05:00,144.769,2017-07-24 14:58:00-05:00,144.701,144.54,-40.8,"lasthalf long: r_first +0.08%, r_late +0.13%",flatten
2017-08-14,1,60,2017-08-14 14:30:00-05:00,143.949,2017-08-14 14:58:00-05:00,144.05599999999998,143.68,64.2,"lasthalf long: r_first +0.97%, r_late +0.10%",flatten
2017-08-17,-1,60,2017-08-17 14:30:00-05:00,141.62099999999998,2017-08-17 14:58:00-05:00,141.44400000000002,141.9,106.2,"lasthalf short: r_first -0.49%, r_late -0.25%",flatten
2017-08-30,1,54,2017-08-30 14:30:00-05:00,144.78900000000002,2017-08-30 14:40:00-05:00,144.441,144.46,-187.92,"lasthalf long: r_first +0.48%, r_late +0.01%",stop
2017-08-31,1,57,2017-08-31 14:30:00-05:00,145.97910000000002,2017-08-31 14:58:00-05:00,145.981,145.67000000000002,1.08,"lasthalf long: r_first +0.58%, r_late +0.00%",flatten
2017-09-06,1,57,2017-09-06 14:30:00-05:00,145.44400000000002,2017-09-06 14:54:00-05:00,145.111,145.13,-189.81,"lasthalf long: r_first +0.22%, r_late +0.18%",stop
2017-09-08,-1,60,2017-09-08 14:30:00-05:00,144.101,2017-09-08 14:58:00-05:00,144.269,144.39000000000001,-100.8,"lasthalf short: r_first -0.25%, r_late -0.12%",flatten
2017-09-11,1,60,2017-09-11 14:30:00-05:00,145.844,2017-09-11 14:58:00-05:00,145.756,145.57,-52.8,"lasthalf long: r_first +1.16%, r_late +0.07%",flatten
2017-09-14,-1,60,2017-09-14 14:30:00-05:00,145.671,2017-09-14 14:58:00-05:00,145.559,145.94,67.2,"lasthalf short: r_first -0.37%, r_late -0.07%",flatten
2017-09-15,-1,60,2017-09-15 14:30:00-05:00,145.99599999999998,2017-09-15 14:58:00-05:00,145.994,146.25,1.2,"lasthalf short: r_first -0.05%, r_late -0.01%",flatten
2017-09-18,1,60,2017-09-18 14:30:00-05:00,145.5191,2017-09-18 14:58:00-05:00,145.611,145.29,55.14,"lasthalf long: r_first +0.13%, r_late +0.07%",flatten
2017-11-06,1,60,2017-11-06 14:30:00-06:00,153.809,2017-11-06 14:58:00-06:00,153.781,153.57,-16.8,"lasthalf long: r_first +0.23%, r_late +0.01%",flatten
2017-11-30,1,60,2017-11-30 14:30:00-06:00,155.059,2017-11-30 14:38:00-06:00,154.841,154.86,-130.8,"lasthalf long: r_first +0.32%, r_late +0.02%",stop
2017-12-05,1,60,2017-12-05 14:30:00-06:00,153.09900000000002,2017-12-05 14:47:00-06:00,152.871,152.89000000000001,-136.8,"lasthalf long: r_first +0.62%, r_late +0.14%",stop
2017-12-07,1,60,2017-12-07 14:30:00-06:00,154.094,2017-12-07 14:58:00-06:00,154.101,153.87,4.2,"lasthalf long: r_first +0.20%, r_late +0.09%",flatten
2017-12-08,1,59,2017-12-08 14:30:00-06:00,154.714,2017-12-08 14:58:00-06:00,154.581,154.41,-78.47,"lasthalf long: r_first +0.80%, r_late +0.01%",flatten
2017-12-15,1,52,2017-12-15 14:30:00-06:00,157.809,2017-12-15 14:45:00-06:00,157.451,157.47,-186.16,"lasthalf long: r_first +0.32%, r_late +0.13%",stop
2018-01-05,1,60,2018-01-05 14:30:00-06:00,161.689,2018-01-05 14:58:00-06:00,161.881,161.46,115.2,"lasthalf long: r_first +0.44%, r_late +0.01%",flatten
2018-01-16,1,60,2018-01-16 14:30:00-06:00,164.399,2018-01-16 14:40:00-06:00,164.181,164.20000000000002,-130.8,"lasthalf long: r_first +1.07%, r_late +0.29%",stop
2018-01-19,1,60,2018-01-19 14:30:00-06:00,166.399,2018-01-19 14:41:00-06:00,166.151,166.17000000000002,-148.8,"lasthalf long: r_first +0.13%, r_late +0.09%",stop
2018-01-22,1,60,2018-01-22 14:30:00-06:00,167.689,2018-01-22 14:58:00-06:00,167.941,167.44,151.2,"lasthalf long: r_first +0.16%, r_late +0.08%",flatten
2018-01-23,1,60,2018-01-23 14:30:00-06:00,169.479,2018-01-23 14:58:00-06:00,169.52599999999998,169.22,28.2,"lasthalf long: r_first +0.42%, r_late +0.06%",flatten
2018-01-26,1,60,2018-01-26 14:30:00-06:00,170.449,2018-01-26 14:58:00-06:00,170.701,170.16,151.2,"lasthalf long: r_first +0.58%, r_late +0.15%",flatten
2018-01-29,-1,59,2018-01-29 14:30:00-06:00,170.18099999999998,2018-01-29 14:58:00-06:00,170.329,170.48,-87.32,"lasthalf short: r_first -0.15%, r_late -0.14%",flatten
2018-01-31,1,54,2018-01-31 14:30:00-06:00,168.949,2018-01-31 14:58:00-06:00,169.081,168.62,71.28,"lasthalf long: r_first +0.59%, r_late +0.05%",flatten
2018-02-01,-1,52,2018-02-01 14:30:00-06:00,168.161,2018-02-01 14:58:00-06:00,168.06900000000002,168.5,47.84,"lasthalf short: r_first -0.19%, r_late -0.37%",flatten
2018-02-02,-1,46,2018-02-02 14:30:00-06:00,165.161,2018-02-02 14:58:00-06:00,164.589,165.55,263.12,"lasthalf short: r_first -0.82%, r_late -0.04%",flatten
2018-02-06,1,44,2018-02-06 14:30:00-06:00,161.56900000000002,2018-02-06 14:31:00-06:00,161.141,161.16,-188.32,"lasthalf long: r_first +0.75%, r_late +0.49%",stop
2018-02-08,-1,40,2018-02-08 14:30:00-06:00,156.18099999999998,2018-02-08 14:58:00-06:00,154.439,156.64000000000001,696.8,"lasthalf short: r_first -0.17%, r_late -0.10%",flatten
2018-02-09,1,35,2018-02-09 14:30:00-06:00,154.7958,2018-02-09 14:58:00-06:00,156.341,154.27,540.82,"lasthalf long: r_first +1.58%, r_late +0.27%",flatten
2018-02-12,1,31,2018-02-12 14:30:00-06:00,159.6378,2018-02-12 14:39:00-06:00,159.021,159.04,-191.21,"lasthalf long: r_first +1.01%, r_late +0.23%",stop
2018-02-15,1,27,2018-02-15 14:30:00-06:00,165.34900000000002,2018-02-15 14:58:00-06:00,165.361,164.67000000000002,3.24,"lasthalf long: r_first +1.09%, r_late +0.12%",flatten
2018-02-22,1,26,2018-02-22 14:30:00-06:00,164.949,2018-02-22 14:58:00-06:00,164.851,164.24,-25.48,"lasthalf long: r_first +0.45%, r_late +0.14%",flatten
2018-02-23,1,25,2018-02-23 14:30:00-06:00,167.9164,2018-02-23 14:58:00-06:00,167.971,167.18,13.65,"lasthalf long: r_first +0.69%, r_late +0.23%",flatten
2018-02-26,1,27,2018-02-26 14:30:00-06:00,170.28900000000002,2018-02-26 14:58:00-06:00,170.111,169.61,-48.06,"lasthalf long: r_first +0.83%, r_late +0.18%",flatten
2018-02-27,-1,29,2018-02-27 14:30:00-06:00,168.71099999999998,2018-02-27 14:58:00-06:00,168.559,169.36,44.08,"lasthalf short: r_first -0.31%, r_late -0.21%",flatten
2018-03-05,-1,29,2018-03-05 14:30:00-06:00,167.816,2018-03-05 14:58:00-06:00,167.899,168.47,-24.07,"lasthalf short: r_first -0.48%, r_late -0.14%",flatten
2018-03-08,1,28,2018-03-08 14:30:00-06:00,169.78900000000002,2018-03-08 14:46:00-06:00,169.111,169.13,-189.84,"lasthalf long: r_first +0.37%, r_late +0.02%",stop
2018-03-09,1,28,2018-03-09 14:30:00-06:00,172.81900000000002,2018-03-09 14:58:00-06:00,172.9211,172.16,28.59,"lasthalf long: r_first +0.77%, r_late +0.08%",flatten
2018-03-12,1,28,2018-03-12 14:30:00-05:00,174.09900000000002,2018-03-12 14:58:00-05:00,174.081,173.44,-5.04,"lasthalf long: r_first +0.51%, r_late +0.12%",flatten
2018-03-16,1,28,2018-03-16 14:30:00-05:00,171.249,2018-03-16 14:58:00-05:00,171.391,170.59,39.76,"lasthalf long: r_first +0.35%, r_late +0.02%",flatten
2018-03-20,1,28,2018-03-20 14:30:00-05:00,167.779,2018-03-20 14:58:00-05:00,167.62099999999998,167.12,-44.24,"lasthalf long: r_first +0.17%, r_late +0.02%",flatten
2018-03-22,-1,32,2018-03-22 14:30:00-05:00,163.641,2018-03-22 14:58:00-05:00,162.939,164.22,224.64,"lasthalf short: r_first -1.09%, r_late -0.25%",flatten
2018-03-23,-1,32,2018-03-23 14:30:00-05:00,159.801,2018-03-23 14:58:00-05:00,158.87900000000002,160.38,295.04,"lasthalf short: r_first -0.15%, r_late -0.13%",flatten
2018-03-26,1,32,2018-03-26 14:30:00-05:00,163.62900000000002,2018-03-26 14:58:00-05:00,164.571,163.05,301.44,"lasthalf long: r_first +2.20%, r_late +0.39%",flatten
2018-03-29,-1,28,2018-03-29 14:30:00-05:00,160.791,2018-03-29 14:58:00-05:00,160.429,161.46,101.36,"lasthalf short: r_first -0.21%, r_late -0.25%",flatten
2018-04-02,-1,26,2018-04-02 14:30:00-05:00,154.731,2018-04-02 14:46:00-05:00,155.459,155.44,-189.28,"lasthalf short: r_first -1.23%, r_late -0.12%",stop
2018-04-03,1,23,2018-04-03 14:30:00-05:00,157.53900000000002,2018-04-03 14:35:00-05:00,156.691,156.71,-195.04,"lasthalf long: r_first +0.23%, r_late +0.49%",stop
2018-04-05,1,19,2018-04-05 14:30:00-05:00,160.979,2018-04-05 14:58:00-05:00,160.7809,159.99,-37.64,"lasthalf long: r_first +0.77%, r_late +0.04%",flatten
2018-04-10,1,18,2018-04-10 14:30:00-05:00,161.429,2018-04-10 14:58:00-05:00,160.971,160.41,-82.44,"lasthalf long: r_first +1.11%, r_late +0.23%",flatten
2018-04-11,-1,18,2018-04-11 14:30:00-05:00,160.271,2018-04-11 14:58:00-05:00,160.139,161.29,23.76,"lasthalf short: r_first -0.14%, r_late -0.39%",flatten
2018-04-12,1,18,2018-04-12 14:30:00-05:00,162.62900000000002,2018-04-12 14:58:00-05:00,162.15099999999998,161.61,-86.04,"lasthalf long: r_first +1.23%, r_late +0.17%",flatten
2018-04-17,1,22,2018-04-17 14:30:00-05:00,166.229,2018-04-17 14:58:00-05:00,165.921,165.38,-67.76,"lasthalf long: r_first +1.22%, r_late +0.06%",flatten
2018-04-19,-1,24,2018-04-19 14:30:00-05:00,164.721,2018-04-19 14:58:00-05:00,164.949,165.49,-54.72,"lasthalf short: r_first -0.43%, r_late -0.05%",flatten
2018-04-20,-1,26,2018-04-20 14:30:00-05:00,162.001,2018-04-20 14:58:00-05:00,162.31900000000002,162.71,-82.68,"lasthalf short: r_first -0.73%, r_late -0.23%",flatten
2018-04-23,1,29,2018-04-23 14:30:00-05:00,161.809,2018-04-23 14:58:00-05:00,161.891,161.16,23.78,"lasthalf long: r_first +0.11%, r_late +0.33%",flatten
2018-04-24,1,29,2018-04-24 14:30:00-05:00,158.429,2018-04-24 14:38:00-05:00,157.761,157.78,-193.72,"lasthalf long: r_first +0.19%, r_late +0.11%",stop
2018-04-25,-1,29,2018-04-25 14:30:00-05:00,158.6962,2018-04-25 14:58:00-05:00,158.549,159.35,42.69,"lasthalf short: r_first -1.07%, r_late -0.31%",flatten
2018-04-30,1,31,2018-04-30 14:30:00-05:00,161.159,2018-04-30 14:58:00-05:00,161.071,160.56,-27.28,"lasthalf long: r_first +0.51%, r_late +0.04%",flatten
2018-05-01,1,31,2018-05-01 14:30:00-05:00,162.00400000000002,2018-05-01 14:58:00-05:00,162.74099999999999,161.4,228.47,"lasthalf long: r_first +0.10%, r_late +0.05%",flatten
2018-05-04,1,31,2018-05-04 14:30:00-05:00,165.049,2018-05-04 14:58:00-05:00,164.696,164.45000000000002,-109.43,"lasthalf long: r_first +0.74%, r_late +0.04%",flatten
2018-05-10,1,32,2018-05-10 14:30:00-05:00,169.439,2018-05-10 14:58:00-05:00,169.471,168.87,10.24,"lasthalf long: r_first +0.43%, r_late +0.02%",flatten
2018-05-15,-1,35,2018-05-15 14:30:00-05:00,167.281,2018-05-15 14:51:00-05:00,167.829,167.81,-191.8,"lasthalf short: r_first -1.50%, r_late -0.10%",stop
2018-05-17,-1,37,2018-05-17 14:30:00-05:00,168.27599999999998,2018-05-17 14:58:00-05:00,168.309,168.77,-12.21,"lasthalf short: r_first -0.31%, r_late -0.13%",flatten
2018-05-18,-1,41,2018-05-18 14:30:00-05:00,167.5995,2018-05-18 14:58:00-05:00,167.579,168.04,8.4,"lasthalf short: r_first -0.40%, r_late -0.07%",flatten
2018-05-22,1,44,2018-05-22 14:30:00-05:00,168.549,2018-05-22 14:50:00-05:00,168.121,168.14000000000001,-188.32,"lasthalf long: r_first +0.34%, r_late +0.01%",stop
2018-06-15,-1,54,2018-06-15 14:30:00-05:00,177.071,2018-06-15 14:58:00-05:00,176.979,177.4,49.68,"lasthalf short: r_first -0.50%, r_late -0.04%",flatten
2018-06-20,1,54,2018-06-20 14:30:00-05:00,177.489,2018-06-20 14:58:00-05:00,177.191,177.16,-160.92,"lasthalf long: r_first +0.65%, r_late +0.03%",flatten
2018-06-27,1,46,2018-06-27 14:30:00-05:00,170.809,2018-06-27 14:46:00-05:00,170.401,170.42000000000002,-187.68,"lasthalf long: r_first +0.71%, r_late +0.14%",stop
2018-07-03,-1,40,2018-07-03 14:31:00-05:00,170.68099999999998,2018-07-03 14:59:00-05:00,170.6422,171.14000000000001,15.52,"lasthalf short: r_first -0.21%, r_late +0.00%",flatten
2018-07-05,1,40,2018-07-05 14:30:00-05:00,172.78900000000002,2018-07-05 14:58:00-05:00,172.976,172.33,74.8,"lasthalf long: r_first +0.74%, r_late +0.02%",flatten
2018-07-06,1,40,2018-07-06 14:30:00-05:00,175.7138,2018-07-06 14:49:00-05:00,175.231,175.25,-193.12,"lasthalf long: r_first +0.58%, r_late +0.16%",stop
2018-07-11,-1,43,2018-07-11 14:30:00-05:00,176.451,2018-07-11 14:58:00-05:00,176.494,176.87,-18.49,"lasthalf short: r_first -0.50%, r_late -0.06%",flatten
2018-07-19,-1,49,2018-07-19 14:30:00-05:00,179.041,2018-07-19 14:58:00-05:00,178.989,179.41,25.48,"lasthalf short: r_first -0.43%, r_late -0.09%",flatten
2018-07-30,-1,47,2018-07-30 14:30:00-05:00,175.016,2018-07-30 14:34:00-05:00,175.419,175.4,-189.41,"lasthalf short: r_first -1.13%, r_late -0.13%",stop
2018-08-01,1,46,2018-08-01 14:30:00-05:00,177.0676,2018-08-01 14:58:00-05:00,177.036,176.68,-14.54,"lasthalf long: r_first +0.57%, r_late +0.09%",flatten
2018-08-06,1,42,2018-08-06 14:30:00-05:00,181.1437,2018-08-06 14:58:00-05:00,181.11599999999999,180.71,-11.63,"lasthalf long: r_first +0.12%, r_late +0.06%",flatten
2018-08-14,1,44,2018-08-14 14:30:00-05:00,181.619,2018-08-14 14:58:00-05:00,181.382,181.21,-104.28,"lasthalf long: r_first +0.11%, r_late +0.05%",flatten
2018-09-17,-1,42,2018-09-17 14:30:00-05:00,181.631,2018-09-17 14:58:00-05:00,181.244,182.06,162.54,"lasthalf short: r_first -0.57%, r_late -0.26%",flatten
2018-09-18,1,41,2018-09-18 14:30:00-05:00,183.229,2018-09-18 14:55:00-05:00,182.771,182.79,-187.78,"lasthalf long: r_first +0.77%, r_late +0.05%",stop
2018-09-20,1,41,2018-09-20 14:30:00-05:00,184.87900000000002,2018-09-20 14:58:00-05:00,184.62099999999998,184.44,-105.78,"lasthalf long: r_first +0.83%, r_late +0.06%",flatten
2018-10-10,-1,45,2018-10-10 14:30:00-05:00,174.031,2018-10-10 14:58:00-05:00,171.96890000000002,174.43,927.94,"lasthalf short: r_first -1.86%, r_late -0.33%",flatten
2018-10-11,1,43,2018-10-11 14:30:00-05:00,171.029,2018-10-11 14:35:00-05:00,170.591,170.61,-188.34,"lasthalf long: r_first +0.93%, r_late +1.08%",stop
2018-10-12,1,40,2018-10-12 14:30:00-05:00,173.84900000000002,2018-10-12 14:58:00-05:00,174.791,173.39000000000001,376.8,"lasthalf long: r_first +2.41%, r_late +0.47%",flatten
2018-10-15,-1,33,2018-10-15 14:30:00-05:00,172.891,2018-10-15 14:58:00-05:00,172.524,173.45000000000002,121.11,"lasthalf short: r_first -0.94%, r_late -0.44%",flatten
2018-10-16,1,26,2018-10-16 14:30:00-05:00,176.739,2018-10-16 14:58:00-05:00,177.341,176.02,156.52,"lasthalf long: r_first +1.52%, r_late +0.20%",flatten
2018-10-18,-1,23,2018-10-18 14:30:00-05:00,173.421,2018-10-18 14:58:00-05:00,173.149,174.25,62.56,"lasthalf short: r_first -0.85%, r_late -0.07%",flatten
2018-10-19,1,22,2018-10-19 14:30:00-05:00,173.619,2018-10-19 14:58:00-05:00,173.1935,172.78,-93.61,"lasthalf long: r_first +1.19%, r_late +0.30%",flatten
2018-10-23,-1,21,2018-10-23 14:30:00-05:00,173.671,2018-10-23 14:58:00-05:00,173.169,174.56,105.42,"lasthalf short: r_first -1.98%, r_late -0.01%",flatten
2018-10-24,-1,20,2018-10-24 14:30:00-05:00,167.171,2018-10-24 14:58:00-05:00,165.37900000000002,168.11,358.4,"lasthalf short: r_first -0.60%, r_late -0.90%",flatten
2018-10-25,1,20,2018-10-25 14:30:00-05:00,171.799,2018-10-25 14:51:00-05:00,170.821,170.84,-195.6,"lasthalf long: r_first +2.26%, r_late +0.08%",stop
2018-10-30,1,17,2018-10-30 14:30:00-05:00,165.339,2018-10-30 14:58:00-05:00,165.90099999999998,164.24,95.54,"lasthalf long: r_first +0.86%, r_late +0.31%",flatten
2018-11-05,-1,19,2018-11-05 14:30:00-06:00,168.74099999999999,2018-11-05 14:58:00-06:00,169.06900000000002,169.74,-62.32,"lasthalf short: r_first -0.88%, r_late -0.17%",flatten
2018-11-06,1,19,2018-11-06 14:30:00-06:00,169.75900000000001,2018-11-06 14:58:00-06:00,170.191,168.76,82.08,"lasthalf long: r_first +1.13%, r_late +0.27%",flatten
2018-11-07,1,19,2018-11-07 14:30:00-06:00,175.00900000000001,2018-11-07 14:58:00-06:00,175.441,174.01,82.08,"lasthalf long: r_first +1.32%, r_late +0.19%",flatten
2018-11-08,-1,19,2018-11-08 14:30:00-06:00,173.851,2018-11-08 14:58:00-06:00,174.22400000000002,174.85,-70.87,"lasthalf short: r_first -0.19%, r_late -0.11%",flatten
2018-11-15,-1,18,2018-11-15 14:30:00-06:00,167.101,2018-11-15 14:54:00-06:00,168.179,168.16,-194.04,"lasthalf short: r_first -0.30%, r_late -0.53%",stop
2018-11-19,-1,20,2018-11-19 14:30:00-06:00,162.596,2018-11-19 14:58:00-06:00,161.889,163.53,141.4,"lasthalf short: r_first -1.21%, r_late -0.06%",flatten
2018-11-27,-1,24,2018-11-27 14:30:00-06:00,163.031,2018-11-27 14:58:00-06:00,163.41400000000002,163.81,-91.92,"lasthalf short: r_first -0.26%, r_late -0.10%",flatten
2018-11-28,1,24,2018-11-28 14:30:00-06:00,168.00900000000001,2018-11-28 14:58:00-06:00,168.531,167.24,125.28,"lasthalf long: r_first +0.59%, r_late +0.33%",flatten
2018-11-29,-1,24,2018-11-29 14:30:00-06:00,168.851,2018-11-29 14:58:00-06:00,168.209,169.62,154.08,"lasthalf short: r_first -0.36%, r_late -0.20%",flatten
2018-12-03,1,25,2018-12-03 14:30:00-06:00,172.089,2018-12-03 14:58:00-06:00,172.011,171.33,-19.5,"lasthalf long: r_first +1.45%, r_late +0.17%",flatten
2018-12-04,-1,25,2018-12-04 14:30:00-06:00,166.221,2018-12-04 14:58:00-06:00,165.619,166.97,150.5,"lasthalf short: r_first -0.55%, r_late -0.65%",flatten
2018-12-11,1,25,2018-12-11 14:30:00-06:00,164.419,2018-12-11 14:55:00-06:00,163.651,163.67000000000002,-192.0,"lasthalf long: r_first +1.29%, r_late +0.26%",stop
2018-12-13,1,26,2018-12-13 14:30:00-06:00,164.809,2018-12-13 14:58:00-06:00,165.15099999999998,164.08,88.92,"lasthalf long: r_first +0.33%, r_late +0.02%",flatten
2018-12-14,-1,24,2018-12-14 14:30:00-06:00,161.351,2018-12-14 14:58:00-06:00,161.269,162.12,19.68,"lasthalf short: r_first -1.14%, r_late -0.07%",flatten
2018-12-17,-1,23,2018-12-17 14:30:00-06:00,156.761,2018-12-17 14:58:00-06:00,157.229,157.57,-107.64,"lasthalf short: r_first -0.93%, r_late -0.69%",flatten
2018-12-18,1,22,2018-12-18 14:30:00-06:00,157.779,2018-12-18 14:58:00-06:00,158.611,156.94,183.04,"lasthalf long: r_first +1.01%, r_late +0.15%",flatten
2018-12-26,1,16,2018-12-26 14:30:00-06:00,150.269,2018-12-26 14:58:00-06:00,152.201,149.12,309.12,"lasthalf long: r_first +1.91%, r_late +0.39%",flatten
2019-01-02,-1,16,2019-01-02 14:30:00-06:00,154.301,2019-01-02 14:58:00-06:00,154.799,155.44,-79.68,"lasthalf short: r_first -1.30%, r_late -0.35%",flatten
2019-01-03,-1,18,2019-01-03 14:30:00-06:00,150.101,2019-01-03 14:58:00-06:00,149.889,151.15,38.16,"lasthalf short: r_first -1.86%, r_late -0.06%",flatten
2019-01-07,1,16,2019-01-07 14:30:00-06:00,158.409,2019-01-07 14:58:00-06:00,158.141,157.27,-42.88,"lasthalf long: r_first +0.16%, r_late +0.46%",flatten
2019-01-08,1,16,2019-01-08 14:30:00-06:00,159.639,2019-01-08 14:58:00-06:00,159.521,158.5,-18.88,"lasthalf long: r_first +0.63%, r_late +0.13%",flatten
2019-01-09,1,18,2019-01-09 14:30:00-06:00,161.12900000000002,2019-01-09 14:58:00-06:00,160.661,160.07,-84.24,"lasthalf long: r_first +0.65%, r_late +0.07%",flatten
2019-01-14,-1,20,2019-01-14 14:30:00-06:00,159.671,2019-01-14 14:58:00-06:00,159.28900000000002,160.61,76.4,"lasthalf short: r_first -1.19%, r_late -0.04%",flatten
2019-01-15,1,22,2019-01-15 14:30:00-06:00,162.149,2019-01-15 14:58:00-06:00,162.301,161.29,33.44,"lasthalf long: r_first +1.42%, r_late +0.14%",flatten
2019-01-16,1,23,2019-01-16 14:30:00-06:00,162.86100000000002,2019-01-16 14:58:00-06:00,162.411,162.05,-103.5,"lasthalf long: r_first +0.62%, r_late +0.09%",flatten
2019-01-17,1,24,2019-01-17 14:30:00-06:00,163.469,2019-01-17 14:58:00-06:00,163.531,162.68,14.88,"lasthalf long: r_first +0.17%, r_late +0.10%",flatten
2019-01-23,1,31,2019-01-23 14:30:00-06:00,162.089,2019-01-23 14:58:00-06:00,161.96099999999998,161.49,-39.68,"lasthalf long: r_first +0.73%, r_late +0.42%",flatten
2019-01-24,1,31,2019-01-24 14:30:00-06:00,163.049,2019-01-24 14:58:00-06:00,163.201,162.45000000000002,47.12,"lasthalf long: r_first +0.31%, r_late +0.11%",flatten
2019-02-05,1,35,2019-02-05 14:30:00-06:00,171.199,2019-02-05 14:58:00-06:00,170.951,170.68,-86.8,"lasthalf long: r_first +0.61%, r_late +0.13%",flatten
2019-02-11,1,37,2019-02-11 14:30:00-06:00,168.439,2019-02-11 14:58:00-06:00,168.426,167.94,-4.81,"lasthalf long: r_first +0.15%, r_late +0.14%",flatten
2019-02-12,1,37,2019-02-12 14:30:00-06:00,171.119,2019-02-12 14:58:00-06:00,170.911,170.63,-76.96,"lasthalf long: r_first +0.96%, r_late +0.18%",flatten
2019-03-22,-1,43,2019-03-22 14:30:00-05:00,179.161,2019-03-22 14:58:00-05:00,178.469,179.58,297.56,"lasthalf short: r_first -1.01%, r_late -0.36%",flatten
2019-03-28,1,40,2019-03-28 14:30:00-05:00,178.25900000000001,2019-03-28 14:58:00-05:00,178.411,177.8,60.8,"lasthalf long: r_first +0.30%, r_late +0.10%",flatten
2019-04-05,1,40,2019-04-05 14:30:00-05:00,184.679,2019-04-05 14:58:00-05:00,184.571,184.22,-43.2,"lasthalf long: r_first +0.38%, r_late +0.10%",flatten
2019-04-09,-1,40,2019-04-09 14:30:00-05:00,184.351,2019-04-09 14:58:00-05:00,184.234,184.8,46.8,"lasthalf short: r_first -0.22%, r_late -0.03%",flatten
2019-04-10,1,43,2019-04-10 14:30:00-05:00,185.429,2019-04-10 14:58:00-05:00,185.301,185.01,-55.04,"lasthalf long: r_first +0.20%, r_late +0.16%",flatten
2019-05-07,-1,52,2019-05-07 14:30:00-05:00,185.051,2019-05-07 14:45:00-05:00,185.40900000000002,185.39000000000001,-186.16,"lasthalf short: r_first -1.25%, r_late -0.11%",stop
2019-05-13,-1,41,2019-05-13 14:30:00-05:00,178.62099999999998,2019-05-13 14:58:00-05:00,178.639,179.06,-7.38,"lasthalf short: r_first -2.72%, r_late -0.48%",flatten
2019-05-14,1,37,2019-05-14 14:30:00-05:00,181.189,2019-05-14 14:34:00-05:00,180.671,180.69,-191.66,"lasthalf long: r_first +0.39%, r_late +0.04%",stop
2019-05-17,-1,34,2019-05-17 14:30:00-05:00,183.46099999999998,2019-05-17 14:58:00-05:00,183.25900000000001,184.01,68.68,"lasthalf short: r_first -0.62%, r_late -0.48%",flatten
2019-05-22,-1,30,2019-05-22 14:30:00-05:00,181.441,2019-05-22 14:58:00-05:00,181.179,182.05,78.6,"lasthalf short: r_first -0.17%, r_late -0.09%",flatten
2019-05-24,1,30,2019-05-24 14:30:00-05:00,178.479,2019-05-24 14:58:00-05:00,178.071,177.87,-122.4,"lasthalf long: r_first +0.67%, r_late +0.00%",flatten
2019-05-30,1,32,2019-05-30 14:30:00-05:00,176.609,2019-05-30 14:58:00-05:00,176.726,176.03,37.44,"lasthalf long: r_first +0.56%, r_late +0.08%",flatten
2019-05-31,-1,34,2019-05-31 14:30:00-05:00,174.18099999999998,2019-05-31 14:58:00-05:00,174.12900000000002,174.73,17.68,"lasthalf short: r_first -1.39%, r_late -0.12%",flatten
2019-06-03,-1,35,2019-06-03 14:30:00-05:00,169.65099999999998,2019-06-03 14:55:00-05:00,170.199,170.18,-191.8,"lasthalf short: r_first -1.11%, r_late -0.25%",stop
2019-06-04,1,35,2019-06-04 14:30:00-05:00,174.479,2019-06-04 14:58:00-05:00,174.86599999999999,173.95000000000002,135.45,"lasthalf long: r_first +0.88%, r_late +0.20%",flatten
2019-06-05,1,35,2019-06-05 14:30:00-05:00,175.899,2019-06-05 14:58:00-05:00,176.291,175.37,137.2,"lasthalf long: r_first +0.54%, r_late +0.07%",flatten
2019-06-07,1,34,2019-06-07 14:30:00-05:00,181.284,2019-06-07 14:58:00-05:00,181.081,180.73,-69.02,"lasthalf long: r_first +1.24%, r_late +0.15%",flatten
2019-06-11,1,35,2019-06-11 14:30:00-05:00,183.409,2019-06-11 14:58:00-05:00,183.40099999999998,182.89000000000001,-2.8,"lasthalf long: r_first +0.82%, r_late +0.07%",flatten
2019-06-12,-1,34,2019-06-12 14:30:00-05:00,182.24099999999999,2019-06-12 14:58:00-05:00,182.239,182.79,0.68,"lasthalf short: r_first -0.22%, r_late -0.10%",flatten
2019-06-17,1,35,2019-06-17 14:30:00-05:00,183.989,2019-06-17 14:58:00-05:00,183.571,183.47,-146.3,"lasthalf long: r_first +0.76%, r_late +0.08%",flatten
2019-06-20,1,38,2019-06-20 14:30:00-05:00,188.659,2019-06-20 14:58:00-05:00,188.981,188.18,122.36,"lasthalf long: r_first +1.25%, r_late +0.08%",flatten
2019-06-24,-1,40,2019-06-24 14:30:00-05:00,188.141,2019-06-24 14:58:00-05:00,188.089,188.59,20.8,"lasthalf short: r_first -0.27%, r_late -0.08%",flatten
2019-06-25,-1,42,2019-06-25 14:30:00-05:00,184.981,2019-06-25 14:58:00-05:00,184.999,185.41,-7.56,"lasthalf short: r_first -0.35%, r_late -0.02%",flatten
2019-06-26,1,42,2019-06-26 14:30:00-05:00,185.809,2019-06-26 14:58:00-05:00,185.791,185.38,-7.56,"lasthalf long: r_first +1.12%, r_late +0.03%",flatten
2019-06-27,1,42,2019-06-27 14:30:00-05:00,186.649,2019-06-27 14:58:00-05:00,186.601,186.22,-20.16,"lasthalf long: r_first +0.51%, r_late +0.01%",flatten
2019-07-01,1,44,2019-07-01 14:30:00-05:00,189.06900000000002,2019-07-01 14:58:00-05:00,189.156,188.66,38.28,"lasthalf long: r_first +1.72%, r_late +0.31%",flatten
2019-07-05,-1,45,2019-07-05 14:30:00-05:00,191.15099999999998,2019-07-05 14:58:00-05:00,190.78900000000002,191.55,162.9,"lasthalf short: r_first -0.99%, r_late -0.10%",flatten
2019-07-10,1,46,2019-07-10 14:30:00-05:00,192.329,2019-07-10 14:58:00-05:00,192.451,191.94,56.12,"lasthalf long: r_first +1.20%, r_late +0.02%",flatten
2019-07-15,1,46,2019-07-15 14:30:00-05:00,194.03900000000002,2019-07-15 14:58:00-05:00,193.93099999999998,193.65,-49.68,"lasthalf long: r_first +0.08%, r_late +0.01%",flatten
2019-07-26,1,49,2019-07-26 14:30:00-05:00,195.459,2019-07-26 14:58:00-05:00,195.341,195.09,-57.82,"lasthalf long: r_first +0.99%, r_late +0.01%",flatten
2019-07-29,-1,49,2019-07-29 14:30:00-05:00,194.571,2019-07-29 14:58:00-05:00,194.699,194.94,-62.72,"lasthalf short: r_first -0.72%, r_late -0.04%",flatten
2019-07-31,1,50,2019-07-31 14:30:00-05:00,192.419,2019-07-31 14:31:00-05:00,192.041,192.06,-189.0,"lasthalf long: r_first +0.17%, r_late +0.53%",stop
2019-08-01,1,50,2019-08-01 14:30:00-05:00,190.47400000000002,2019-08-01 14:33:00-05:00,190.091,190.11,-191.5,"lasthalf long: r_first +0.90%, r_late +0.09%",stop
2019-08-06,1,43,2019-08-06 14:30:00-05:00,183.139,2019-08-06 14:58:00-05:00,183.351,182.72,91.16,"lasthalf long: r_first +1.28%, r_late +0.00%",flatten
2019-08-08,1,38,2019-08-08 14:30:00-05:00,187.619,2019-08-08 14:58:00-05:00,187.981,187.14000000000001,137.56,"lasthalf long: r_first +0.82%, r_late +0.01%",flatten
2019-08-15,1,24,2019-08-15 14:30:00-05:00,182.529,2019-08-15 14:58:00-05:00,182.761,181.75,55.68,"lasthalf long: r_first +0.23%, r_late +0.15%",flatten
2019-08-16,1,24,2019-08-16 14:30:00-05:00,185.479,2019-08-16 14:58:00-05:00,185.581,184.70000000000002,24.48,"lasthalf long: r_first +1.01%, r_late +0.01%",flatten
2019-08-19,1,24,2019-08-19 14:30:00-05:00,188.449,2019-08-19 14:58:00-05:00,188.37099999999998,187.67000000000002,-18.72,"lasthalf long: r_first +1.43%, r_late +0.02%",flatten
2019-08-21,1,24,2019-08-21 14:30:00-05:00,188.50900000000001,2019-08-21 14:58:00-05:00,188.61599999999999,187.73,25.68,"lasthalf long: r_first +1.07%, r_late +0.09%",flatten
2019-08-23,-1,29,2019-08-23 14:30:00-05:00,182.381,2019-08-23 14:58:00-05:00,181.81900000000002,183.03,162.98,"lasthalf short: r_first -0.79%, r_late -0.14%",flatten
2019-08-28,-1,31,2019-08-28 14:30:00-05:00,185.011,2019-08-28 14:58:00-05:00,185.119,185.6,-33.48,"lasthalf short: r_first -0.27%, r_late -0.09%",flatten
2019-08-30,1,32,2019-08-30 14:30:00-05:00,187.139,2019-08-30 14:58:00-05:00,187.521,186.57,122.24,"lasthalf long: r_first +0.27%, r_late +0.04%",flatten
2019-09-04,1,35,2019-09-04 14:30:00-05:00,188.279,2019-09-04 14:58:00-05:00,188.27599999999998,187.75,-1.05,"lasthalf long: r_first +0.96%, r_late +0.12%",flatten
2019-09-05,1,36,2019-09-05 14:30:00-05:00,191.919,2019-09-05 14:58:00-05:00,191.791,191.41,-46.08,"lasthalf long: r_first +1.56%, r_late +0.09%",flatten
2019-09-10,-1,38,2019-09-10 14:30:00-05:00,189.541,2019-09-10 14:55:00-05:00,190.03900000000002,190.02,-189.24,"lasthalf short: r_first -0.95%, r_late -0.02%",stop
2019-09-11,1,38,2019-09-11 14:30:00-05:00,192.059,2019-09-11 14:58:00-05:00,192.111,191.58,19.76,"lasthalf long: r_first +0.36%, r_late +0.07%",flatten
2019-09-13,-1,41,2019-09-13 14:30:00-05:00,192.471,2019-09-13 14:58:00-05:00,192.589,192.91,-48.38,"lasthalf short: r_first -0.16%, r_late -0.12%",flatten
2019-09-16,-1,44,2019-09-16 14:30:00-05:00,191.511,2019-09-16 14:58:00-05:00,191.669,191.92000000000002,-69.52,"lasthalf short: r_first -0.30%, r_late -0.05%",flatten
2019-10-01,1,44,2019-10-01 14:30:00-05:00,187.749,2019-10-01 14:41:00-05:00,187.321,187.34,-188.32,"lasthalf long: r_first +0.86%, r_late +0.00%",stop
2019-10-02,-1,43,2019-10-02 14:30:00-05:00,184.18099999999998,2019-10-02 14:58:00-05:00,184.059,184.6,52.46,"lasthalf short: r_first -1.22%, r_late -0.01%",flatten
2019-10-08,-1,33,2019-10-08 14:30:00-05:00,186.541,2019-10-08 14:58:00-05:00,185.429,187.1,366.96,"lasthalf short: r_first -1.17%, r_late -0.07%",flatten
2019-10-09,1,32,2019-10-09 14:30:00-05:00,187.959,2019-10-09 14:44:00-05:00,187.361,187.38,-191.36,"lasthalf long: r_first +0.75%, r_late +0.03%",stop
2019-10-10,1,32,2019-10-10 14:30:00-05:00,188.699,2019-10-10 14:58:00-05:00,188.671,188.12,-8.96,"lasthalf long: r_first +0.74%, r_late +0.19%",flatten
2019-10-11,1,32,2019-10-11 14:30:00-05:00,192.394,2019-10-11 14:45:00-05:00,191.791,191.81,-192.96,"lasthalf long: r_first +1.52%, r_late +0.00%",stop
2019-10-14,1,32,2019-10-14 14:30:00-05:00,191.449,2019-10-14 14:58:00-05:00,191.201,190.87,-79.36,"lasthalf long: r_first +0.08%, r_late +0.02%",flatten
2019-10-15,1,33,2019-10-15 14:30:00-05:00,193.78900000000002,2019-10-15 14:58:00-05:00,193.471,193.23000000000002,-104.94,"lasthalf long: r_first +0.52%, r_late +0.01%",flatten
2019-10-16,-1,35,2019-10-16 14:30:00-05:00,192.791,2019-10-16 14:58:00-05:00,193.029,193.32,-83.3,"lasthalf short: r_first -0.40%, r_late -0.10%",flatten
2019-10-21,1,38,2019-10-21 14:30:00-05:00,193.294,2019-10-21 14:58:00-05:00,193.33599999999998,192.81,15.96,"lasthalf long: r_first +0.42%, r_late +0.00%",flatten
2019-10-22,1,39,2019-10-22 14:30:00-05:00,192.399,2019-10-22 14:46:00-05:00,191.911,191.93,-190.32,"lasthalf long: r_first +0.29%, r_late +0.02%",stop
2019-10-24,1,40,2019-10-24 14:30:00-05:00,193.899,2019-10-24 14:58:00-05:00,194.041,193.45000000000002,56.8,"lasthalf long: r_first +0.46%, r_late +0.05%",flatten
2019-10-28,1,49,2019-10-28 14:30:00-05:00,197.809,2019-10-28 14:58:00-05:00,197.581,197.44,-111.72,"lasthalf long: r_first +0.71%, r_late +0.08%",flatten
2020-01-16,1,51,2020-01-16 14:30:00-06:00,221.62900000000002,2020-01-16 14:58:00-06:00,222.18099999999998,221.28,281.52,"lasthalf long: r_first +0.65%, r_late +0.04%",flatten
2020-01-17,1,50,2020-01-17 14:30:00-06:00,222.8964,2020-01-17 14:58:00-06:00,223.451,222.54,277.3,"lasthalf long: r_first +0.23%, r_late +0.02%",flatten
2020-01-28,1,42,2020-01-28 14:30:00-06:00,221.959,2020-01-28 14:40:00-06:00,221.511,221.53,-188.16,"lasthalf long: r_first +0.65%, r_late +0.08%",stop
2020-01-31,-1,38,2020-01-31 14:30:00-06:00,218.90099999999998,2020-01-31 14:58:00-06:00,219.279,219.38,-143.64,"lasthalf short: r_first -0.16%, r_late -0.36%",flatten
2020-02-03,1,37,2020-02-03 14:30:00-06:00,222.619,2020-02-03 14:49:00-06:00,222.101,222.12,-191.66,"lasthalf long: r_first +1.44%, r_late +0.20%",stop
2020-02-04,1,35,2020-02-04 14:30:00-06:00,227.809,2020-02-04 14:53:00-06:00,227.271,227.29,-188.3,"lasthalf long: r_first +1.48%, r_late +0.08%",stop
2020-02-07,-1,35,2020-02-07 14:30:00-06:00,228.93099999999998,2020-02-07 14:58:00-06:00,229.169,229.45000000000002,-83.3,"lasthalf short: r_first -0.56%, r_late -0.14%",flatten
2020-02-10,1,35,2020-02-10 14:30:00-06:00,231.574,2020-02-10 14:58:00-06:00,231.811,231.05,82.95,"lasthalf long: r_first +0.40%, r_late +0.17%",flatten
2020-02-12,1,34,2020-02-12 14:30:00-06:00,234.00900000000001,2020-02-12 14:58:00-06:00,234.18099999999998,233.46,58.48,"lasthalf long: r_first +0.59%, r_late +0.02%",flatten
2020-02-13,-1,34,2020-02-13 14:30:00-06:00,234.171,2020-02-13 14:58:00-06:00,233.8801,234.72,98.91,"lasthalf short: r_first -0.50%, r_late -0.20%",flatten
2020-02-18,-1,35,2020-02-18 14:30:00-06:00,234.886,2020-02-18 14:58:00-06:00,234.709,235.41,61.95,"lasthalf short: r_first -0.07%, r_late -0.02%",flatten
2020-02-20,-1,36,2020-02-20 14:30:00-06:00,234.43099999999998,2020-02-20 14:57:00-06:00,234.959,234.94,-190.08,"lasthalf short: r_first -0.13%, r_late +0.00%",stop
2020-02-21,-1,36,2020-02-21 14:30:00-06:00,229.65099999999998,2020-02-21 14:49:00-06:00,230.179,230.16,-190.08,"lasthalf short: r_first -1.25%, r_late -0.19%",stop
2020-02-24,-1,36,2020-02-24 14:30:00-06:00,222.801,2020-02-24 14:58:00-06:00,221.59900000000002,223.31,432.72,"lasthalf short: r_first -2.84%, r_late -0.25%",flatten
2020-02-26,1,35,2020-02-26 14:30:00-06:00,216.839,2020-02-26 14:58:00-06:00,216.531,216.32,-107.8,"lasthalf long: r_first +1.31%, r_late +0.39%",flatten
2020-02-27,-1,35,2020-02-27 14:30:00-06:00,208.67579999999998,2020-02-27 14:58:00-06:00,206.479,209.20000000000002,768.88,"lasthalf short: r_first -2.34%, r_late -0.32%",flatten
2020-02-28,-1,33,2020-02-28 14:30:00-06:00,201.321,2020-02-28 14:30:00-06:00,201.899,201.88,-190.74,"lasthalf short: r_first -2.94%, r_late -0.83%",stop
2020-03-02,1,27,2020-03-02 14:30:00-06:00,212.31900000000002,2020-03-02 14:58:00-06:00,215.896,211.63,965.79,"lasthalf long: r_first +0.49%, r_late +1.08%",flatten
2020-03-04,1,19,2020-03-04 14:30:00-06:00,216.779,2020-03-04 14:58:00-06:00,217.811,215.8,196.08,"lasthalf long: r_first +1.18%, r_late +0.59%",flatten
2020-03-05,-1,14,2020-03-05 14:30:00-06:00,210.421,2020-03-05 14:34:00-06:00,211.81900000000002,211.8,-195.72,"lasthalf short: r_first -2.29%, r_late -0.67%",stop
2020-03-10,1,10,2020-03-10 14:30:00-05:00,201.149,2020-03-10 14:58:00-05:00,203.361,199.29,221.2,"lasthalf long: r_first +3.25%, r_late +0.52%",flatten
2020-03-11,-1,10,2020-03-11 14:30:00-05:00,194.141,2020-03-11 14:38:00-05:00,196.06900000000002,196.05,-192.8,"lasthalf short: r_first -2.23%, r_late -0.32%",stop
2020-03-12,-1,9,2020-03-12 14:30:00-05:00,179.331,2020-03-12 14:40:00-05:00,181.31900000000002,181.3,-178.92,"lasthalf short: r_first -5.37%, r_late -0.54%",stop
2020-03-13,1,9,2020-03-13 14:30:00-05:00,184.549,2020-03-13 14:33:00-05:00,182.441,182.46,-189.72,"lasthalf long: r_first +3.51%, r_late +0.77%",stop
2020-03-16,-1,8,2020-03-16 14:30:00-05:00,177.051,2020-03-16 14:58:00-05:00,171.399,179.26,452.16,"lasthalf short: r_first -8.83%, r_late -1.12%",flatten
2020-03-18,-1,7,2020-03-18 14:30:00-05:00,169.071,2020-03-18 14:49:00-05:00,171.68900000000002,171.67000000000002,-183.26,"lasthalf short: r_first -2.95%, r_late -1.77%",stop
2020-03-20,1,7,2020-03-20 14:30:00-05:00,174.559,2020-03-20 14:49:00-05:00,171.791,171.81,-193.76,"lasthalf long: r_first +1.17%, r_late +0.51%",stop
2020-03-24,1,6,2020-03-24 14:30:00-05:00,182.609,2020-03-24 14:58:00-05:00,183.71099999999998,179.41,66.12,"lasthalf long: r_first +4.89%, r_late +0.26%",flatten
2020-03-25,-1,6,2020-03-25 14:30:00-05:00,187.051,2020-03-25 14:58:00-05:00,182.53900000000002,190.25,270.72,"lasthalf short: r_first -0.72%, r_late -0.29%",flatten
2020-03-26,1,6,2020-03-26 14:30:00-05:00,189.649,2020-03-26 14:58:00-05:00,192.141,186.45000000000002,149.52,"lasthalf long: r_first +2.30%, r_late +0.07%",flatten
2020-03-31,-1,6,2020-03-31 14:30:00-05:00,189.481,2020-03-31 14:58:00-05:00,190.419,192.68,-56.28,"lasthalf short: r_first -0.57%, r_late -1.27%",flatten
2020-04-01,-1,6,2020-04-01 14:30:00-05:00,181.62099999999998,2020-04-01 14:58:00-05:00,182.399,184.82,-46.68,"lasthalf short: r_first -2.76%, r_late -0.39%",flatten
2020-04-02,1,7,2020-04-02 14:30:00-05:00,184.519,2020-04-02 14:58:00-05:00,186.021,181.78,105.14,"lasthalf long: r_first +0.05%, r_late +0.16%",flatten
2020-04-06,1,9,2020-04-06 14:30:00-05:00,194.704,2020-04-06 14:58:00-05:00,197.221,192.68,226.53,"lasthalf long: r_first +4.44%, r_late +0.29%",flatten
2020-04-09,1,12,2020-04-09 14:30:00-05:00,200.239,2020-04-09 14:58:00-05:00,200.611,198.62,44.64,"lasthalf long: r_first +1.16%, r_late +0.27%",flatten
2020-04-15,-1,14,2020-04-15 14:30:00-05:00,209.93099999999998,2020-04-15 14:58:00-05:00,209.269,211.32,92.68,"lasthalf short: r_first -1.86%, r_late -0.50%",flatten
2020-04-16,1,14,2020-04-16 14:30:00-05:00,212.56900000000002,2020-04-16 14:58:00-05:00,213.641,211.25,150.08,"lasthalf long: r_first +0.70%, r_late +0.10%",flatten
2020-04-17,1,14,2020-04-17 14:30:00-05:00,213.814,2020-04-17 14:58:00-05:00,214.68099999999998,212.49,121.38,"lasthalf long: r_first +0.94%, r_late +0.40%",flatten
2020-04-27,1,18,2020-04-27 14:30:00-05:00,215.399,2020-04-27 14:58:00-05:00,215.411,214.33,2.16,"lasthalf long: r_first +1.08%, r_late +0.01%",flatten
2020-04-28,1,18,2020-04-28 14:30:00-05:00,212.919,2020-04-28 14:50:00-05:00,211.831,211.85,-195.84,"lasthalf long: r_first +0.06%, r_late +0.03%",stop
2020-04-29,1,18,2020-04-29 14:30:00-05:00,219.809,2020-04-29 14:54:00-05:00,218.721,218.74,-195.84,"lasthalf long: r_first +2.60%, r_late +0.31%",stop
2020-04-30,1,18,2020-04-30 14:30:00-05:00,218.919,2020-04-30 14:58:00-05:00,219.331,217.87,74.16,"lasthalf long: r_first +0.36%, r_late +0.54%",flatten
2020-05-01,-1,18,2020-05-01 14:30:00-05:00,212.87529999999998,2020-05-01 14:58:00-05:00,212.229,213.93,116.33,"lasthalf short: r_first -1.69%, r_late -0.03%",flatten
2020-05-04,1,18,2020-05-04 14:30:00-05:00,214.799,2020-05-04 14:58:00-05:00,215.251,213.75,81.36,"lasthalf long: r_first +0.07%, r_late +0.27%",flatten
2020-05-06,1,19,2020-05-06 14:30:00-05:00,220.2415,2020-05-06 14:37:00-05:00,219.211,219.23000000000002,-195.79,"lasthalf long: r_first +0.79%, r_late +0.06%",stop
2020-05-08,1,21,2020-05-08 14:30:00-05:00,224.38,2020-05-08 14:58:00-05:00,224.571,223.47,40.11,"lasthalf long: r_first +0.56%, r_late +0.09%",flatten
2020-05-12,-1,23,2020-05-12 14:30:00-05:00,224.87099999999998,2020-05-12 14:58:00-05:00,222.589,225.70000000000002,524.86,"lasthalf short: r_first -0.17%, r_late -0.65%",flatten
2020-05-13,1,22,2020-05-13 14:30:00-05:00,217.659,2020-05-13 14:58:00-05:00,219.411,216.79,385.44,"lasthalf long: r_first +0.14%, r_late +0.17%",flatten
2020-05-18,1,20,2020-05-18 14:30:00-05:00,227.804,2020-05-18 14:58:00-05:00,227.511,226.85,-58.6,"lasthalf long: r_first +1.25%, r_late +0.08%",flatten
2020-05-19,1,22,2020-05-19 14:30:00-05:00,228.859,2020-05-19 14:36:00-05:00,227.971,227.99,-195.36,"lasthalf long: r_first +0.54%, r_late +0.25%",stop
2020-05-20,1,22,2020-05-20 14:30:00-05:00,231.369,2020-05-20 14:58:00-05:00,231.381,230.52,2.64,"lasthalf long: r_first +1.83%, r_late +0.03%",flatten
2020-05-28,-1,23,2020-05-28 14:30:00-05:00,231.02599999999998,2020-05-28 14:58:00-05:00,230.104,231.83,212.06,"lasthalf short: r_first -0.07%, r_late -0.59%",flatten
2020-05-29,1,21,2020-05-29 14:30:00-05:00,232.169,2020-05-29 14:58:00-05:00,233.376,231.27,253.47,"lasthalf long: r_first +0.46%, r_late +0.16%",flatten
2020-06-01,1,19,2020-06-01 14:30:00-05:00,234.239,2020-06-01 14:58:00-05:00,234.251,233.27,2.28,"lasthalf long: r_first +0.10%, r_late +0.03%",flatten
2020-06-02,-1,19,2020-06-02 14:30:00-05:00,234.316,2020-06-02 14:53:00-05:00,235.309,235.29,-188.67,"lasthalf short: r_first -0.11%, r_late -0.05%",stop
2020-06-03,1,21,2020-06-03 14:30:00-05:00,237.109,2020-06-03 14:58:00-05:00,236.611,236.21,-104.58,"lasthalf long: r_first +0.43%, r_late +0.14%",flatten
2020-06-04,1,24,2020-06-04 14:30:00-05:00,234.389,2020-06-04 14:58:00-05:00,234.761,233.6,89.28,"lasthalf long: r_first +0.29%, r_late +0.06%",flatten
2020-06-05,1,24,2020-06-05 14:30:00-05:00,240.209,2020-06-05 14:45:00-05:00,239.401,239.42000000000002,-193.92,"lasthalf long: r_first +1.33%, r_late +0.19%",stop
2020-06-08,-1,24,2020-06-08 14:30:00-05:00,240.666,2020-06-08 14:50:00-05:00,241.479,241.46,-195.12,"lasthalf short: r_first -0.32%, r_late -0.11%",stop
2020-06-10,1,23,2020-06-10 14:30:00-05:00,247.729,2020-06-10 14:46:00-05:00,246.891,246.91,-192.74,"lasthalf long: r_first +0.94%, r_late +0.53%",stop
2020-06-11,-1,22,2020-06-11 14:30:00-05:00,234.561,2020-06-11 14:42:00-05:00,235.419,235.4,-188.76,"lasthalf short: r_first -1.52%, r_late -0.32%",stop
2020-06-15,-1,20,2020-06-15 14:30:00-05:00,238.051,2020-06-15 14:58:00-05:00,238.31900000000002,238.97,-53.6,"lasthalf short: r_first -0.65%, r_late -0.27%",flatten
2020-06-19,1,22,2020-06-19 14:30:00-05:00,244.479,2020-06-19 14:58:00-05:00,244.561,243.61,18.04,"lasthalf long: r_first +0.88%, r_late +0.21%",flatten
2020-06-30,1,17,2020-06-30 14:30:00-05:00,246.53900000000002,2020-06-30 14:58:00-05:00,247.561,245.45000000000002,173.74,"lasthalf long: r_first +0.73%, r_late +0.04%",flatten
2020-07-01,1,18,2020-07-01 14:30:00-05:00,251.064,2020-07-01 14:58:00-05:00,250.501,250.04,-101.34,"lasthalf long: r_first +0.14%, r_late +0.25%",flatten
2020-07-06,1,22,2020-07-06 14:30:00-05:00,257.769,2020-07-06 14:58:00-05:00,258.381,256.91,134.64,"lasthalf long: r_first +1.78%, r_late +0.12%",flatten
2020-07-08,1,22,2020-07-08 14:30:00-05:00,259.3778,2020-07-08 14:58:00-05:00,259.791,258.52,90.9,"lasthalf long: r_first +1.07%, r_late +0.28%",flatten
2020-07-14,-1,20,2020-07-14 14:30:00-05:00,258.651,2020-07-14 14:49:00-05:00,259.60900000000004,259.59000000000003,-191.6,"lasthalf short: r_first -1.14%, r_late -0.07%",stop
2020-07-15,1,19,2020-07-15 14:30:00-05:00,260.639,2020-07-15 14:58:00-05:00,260.666,259.63,5.13,"lasthalf long: r_first +0.33%, r_late +0.23%",flatten
2020-07-20,1,20,2020-07-20 14:30:00-05:00,266.599,2020-07-20 14:58:00-05:00,267.026,265.66,85.4,"lasthalf long: r_first +0.49%, r_late +0.32%",flatten
2020-07-22,1,19,2020-07-22 14:30:00-05:00,264.059,2020-07-22 14:58:00-05:00,264.911,263.05,161.88,"lasthalf long: r_first +0.48%, r_late +0.06%",flatten
2020-07-23,-1,18,2020-07-23 14:30:00-05:00,257.651,2020-07-23 14:58:00-05:00,257.719,258.68,-12.24,"lasthalf short: r_first -0.13%, r_late -0.21%",flatten
2020-07-24,-1,16,2020-07-24 14:30:00-05:00,254.831,2020-07-24 14:58:00-05:00,255.329,256.0,-79.68,"lasthalf short: r_first -1.79%, r_late -0.29%",flatten
2020-07-27,1,14,2020-07-27 14:30:00-05:00,260.389,2020-07-27 14:58:00-05:00,259.971,259.07,-58.52,"lasthalf long: r_first +1.41%, r_late +0.43%",flatten
2020-07-28,-1,14,2020-07-28 14:30:00-05:00,257.53069999999997,2020-07-28 14:58:00-05:00,256.709,258.85,115.04,"lasthalf short: r_first -0.70%, r_late -0.39%",flatten
2020-07-29,1,14,2020-07-29 14:30:00-05:00,259.889,2020-07-29 14:58:00-05:00,259.581,258.57,-43.12,"lasthalf long: r_first +0.71%, r_late +0.14%",flatten
2020-07-31,1,16,2020-07-31 14:30:00-05:00,264.464,2020-07-31 14:58:00-05:00,265.32099999999997,263.29,137.12,"lasthalf long: r_first +1.12%, r_late +0.35%",flatten
2020-08-04,1,18,2020-08-04 14:30:00-05:00,269.269,2020-08-04 14:58:00-05:00,270.1699,268.25,162.16,"lasthalf long: r_first +0.20%, r_late +0.08%",flatten
2020-08-06,1,20,2020-08-06 14:30:00-05:00,274.639,2020-08-06 14:58:00-05:00,274.444,273.69,-39.0,"lasthalf long: r_first +0.06%, r_late +0.06%",flatten
2020-08-10,-1,19,2020-08-10 14:30:00-05:00,269.6313,2020-08-10 14:58:00-05:00,270.094,270.62,-87.91,"lasthalf short: r_first -0.42%, r_late -0.26%",flatten
2020-08-11,-1,19,2020-08-11 14:30:00-05:00,267.091,2020-08-11 14:58:00-05:00,265.129,268.08,372.78,"lasthalf short: r_first -0.63%, r_late -0.51%",flatten
2020-08-12,1,19,2020-08-12 14:30:00-05:00,272.199,2020-08-12 14:58:00-05:00,272.01099999999997,271.21,-35.72,"lasthalf long: r_first +1.76%, r_late +0.01%",flatten
2020-08-13,1,20,2020-08-13 14:30:00-05:00,272.969,2020-08-13 14:58:00-05:00,272.576,272.02,-78.6,"lasthalf long: r_first +0.62%, r_late +0.32%",flatten
2020-08-17,1,20,2020-08-17 14:30:00-05:00,275.519,2020-08-17 14:58:00-05:00,275.19599999999997,274.57,-64.6,"lasthalf long: r_first +0.94%, r_late +0.01%",flatten
2020-08-18,1,20,2020-08-18 14:30:00-05:00,278.149,2020-08-18 14:58:00-05:00,277.846,277.22,-60.6,"lasthalf long: r_first +0.51%, r_late +0.03%",flatten
2020-08-19,-1,20,2020-08-19 14:30:00-05:00,276.676,2020-08-19 14:50:00-05:00,277.629,277.61,-190.6,"lasthalf short: r_first -0.36%, r_late -0.27%",stop
2020-08-20,1,22,2020-08-20 14:30:00-05:00,279.649,2020-08-20 14:58:00-05:00,280.111,278.78000000000003,101.64,"lasthalf long: r_first +0.43%, r_late +0.00%",flatten
2020-08-21,1,23,2020-08-21 14:30:00-05:00,282.019,2020-08-21 14:58:00-05:00,281.916,281.2,-23.69,"lasthalf long: r_first +0.20%, r_late +0.04%",flatten
2020-08-24,1,23,2020-08-24 14:30:00-05:00,282.829,2020-08-24 14:58:00-05:00,283.081,282.02,57.96,"lasthalf long: r_first +0.88%, r_late +0.19%",flatten
2020-08-26,1,23,2020-08-26 14:30:00-05:00,291.569,2020-08-26 14:58:00-05:00,292.036,290.76,107.41,"lasthalf long: r_first +0.61%, r_late +0.55%",flatten
2020-08-27,1,23,2020-08-27 14:30:00-05:00,292.139,2020-08-27 14:50:00-05:00,291.301,291.32,-192.74,"lasthalf long: r_first +0.11%, r_late +0.11%",stop
2020-08-28,1,23,2020-08-28 14:30:00-05:00,292.299,2020-08-28 14:58:00-05:00,292.566,291.48,61.41,"lasthalf long: r_first +0.65%, r_late +0.14%",flatten
2020-09-03,-1,23,2020-09-03 14:30:00-05:00,284.481,2020-09-03 14:35:00-05:00,285.29900000000004,285.28000000000003,-188.14,"lasthalf short: r_first -1.87%, r_late -0.49%",stop
2020-09-09,1,20,2020-09-09 14:30:00-05:00,279.659,2020-09-09 14:39:00-05:00,278.681,278.7,-195.6,"lasthalf long: r_first +1.76%, r_late +0.32%",stop
2020-09-14,1,14,2020-09-14 14:30:00-05:00,274.829,2020-09-14 14:58:00-05:00,275.131,273.45,42.28,"lasthalf long: r_first +1.93%, r_late +0.01%",flatten
2020-09-17,-1,12,2020-09-17 14:30:00-05:00,268.061,2020-09-17 14:39:00-05:00,269.639,269.62,-189.36,"lasthalf short: r_first -1.51%, r_late -0.15%",stop
2020-09-22,1,10,2020-09-22 14:30:00-05:00,272.154,2020-09-22 14:58:00-05:00,272.7809,270.27,62.69,"lasthalf long: r_first +0.39%, r_late +0.41%",flatten
2020-09-25,1,10,2020-09-25 14:30:00-05:00,271.889,2020-09-25 14:58:00-05:00,271.756,270.01,-13.3,"lasthalf long: r_first +0.25%, r_late +0.34%",flatten
2020-09-28,1,11,2020-09-28 14:30:00-05:00,276.759,2020-09-28 14:58:00-05:00,276.751,274.98,-0.88,"lasthalf long: r_first +1.24%, r_late +0.09%",flatten
2020-09-29,-1,11,2020-09-29 14:30:00-05:00,276.191,2020-09-29 14:58:00-05:00,275.984,277.87,22.77,"lasthalf short: r_first -0.09%, r_late -0.19%",flatten
2020-10-02,-1,13,2020-10-02 14:30:00-05:00,275.341,2020-10-02 14:58:00-05:00,274.584,276.77,98.41,"lasthalf short: r_first -1.40%, r_late -0.15%",flatten
2020-10-05,1,13,2020-10-05 14:30:00-05:00,280.309,2020-10-05 14:58:00-05:00,280.331,278.81,2.86,"lasthalf long: r_first +1.09%, r_late +0.21%",flatten
2020-10-06,-1,13,2020-10-06 14:30:00-05:00,276.331,2020-10-06 14:58:00-05:00,275.459,277.83,113.36,"lasthalf short: r_first -0.37%, r_late -0.19%",flatten
2020-10-09,1,13,2020-10-09 14:30:00-05:00,285.41,2020-10-09 14:58:00-05:00,285.521,284.0,14.43,"lasthalf long: r_first +0.82%, r_late +0.22%",flatten
2020-10-13,1,14,2020-10-13 14:30:00-05:00,295.909,2020-10-13 14:55:00-05:00,294.581,294.6,-185.92,"lasthalf long: r_first +0.13%, r_late +0.45%",stop
2020-10-14,1,14,2020-10-14 14:30:00-05:00,292.73900000000003,2020-10-14 14:58:00-05:00,292.391,291.43,-48.72,"lasthalf long: r_first +0.47%, r_late +0.22%",flatten
2020-10-22,1,13,2020-10-22 14:30:00-05:00,284.549,2020-10-22 14:58:00-05:00,283.941,283.1,-79.04,"lasthalf long: r_first +0.22%, r_late +0.10%",flatten
2020-10-27,1,14,2020-10-27 14:30:00-05:00,282.709,2020-10-27 14:58:00-05:00,282.721,281.32,1.68,"lasthalf long: r_first +0.49%, r_late +0.25%",flatten
2020-10-29,1,14,2020-10-29 14:30:00-05:00,278.579,2020-10-29 14:58:00-05:00,277.751,277.19,-115.92,"lasthalf long: r_first +1.10%, r_late +0.10%",flatten
2020-11-02,1,13,2020-11-02 14:30:00-06:00,269.269,2020-11-02 14:58:00-06:00,269.961,267.86,89.96,"lasthalf long: r_first +1.09%, r_late +0.23%",flatten
2020-11-03,1,13,2020-11-03 14:30:00-06:00,275.539,2020-11-03 14:58:00-06:00,275.26099999999997,274.13,-36.14,"lasthalf long: r_first +1.17%, r_late +0.18%",flatten
2020-11-06,-1,13,2020-11-06 14:30:00-06:00,294.101,2020-11-06 14:58:00-06:00,294.879,295.53000000000003,-101.14,"lasthalf short: r_first -1.40%, r_late -0.03%",flatten
2020-11-11,1,13,2020-11-11 14:30:00-06:00,289.099,2020-11-11 14:58:00-06:00,289.63599999999997,287.69,69.81,"lasthalf long: r_first +1.43%, r_late +0.06%",flatten
2020-11-13,1,13,2020-11-13 14:30:00-06:00,290.689,2020-11-13 14:58:00-06:00,291.106,289.28000000000003,54.21,"lasthalf long: r_first +0.50%, r_late +0.11%",flatten
2020-11-16,1,14,2020-11-16 14:30:00-06:00,292.089,2020-11-16 14:58:00-06:00,292.301,290.72,29.68,"lasthalf long: r_first +0.28%, r_late +0.11%",flatten
2020-11-17,-1,14,2020-11-17 14:30:00-06:00,292.106,2020-11-17 14:58:00-06:00,292.259,293.48,-21.42,"lasthalf short: r_first -0.42%, r_late -0.29%",flatten
2020-11-20,-1,15,2020-11-20 14:30:00-06:00,291.311,2020-11-20 14:58:00-06:00,290.6597,292.55,97.69,"lasthalf short: r_first -0.14%, r_late -0.29%",flatten
2020-11-23,1,17,2020-11-23 14:30:00-06:00,290.849,2020-11-23 14:58:00-06:00,290.176,289.73,-114.41,"lasthalf long: r_first +0.59%, r_late +0.04%",flatten
2020-11-24,1,17,2020-11-24 14:30:00-06:00,294.619,2020-11-24 14:58:00-06:00,294.681,293.53000000000003,10.54,"lasthalf long: r_first +0.17%, r_late +0.04%",flatten
2020-11-25,1,18,2020-11-25 14:30:00-06:00,296.729,2020-11-25 14:58:00-06:00,296.26099999999997,295.69,-84.24,"lasthalf long: r_first +0.41%, r_late +0.13%",flatten
2020-11-27,1,19,2020-11-27 14:32:00-06:00,299.029,2020-11-27 14:59:00-06:00,299.07099999999997,298.03000000000003,7.98,"lasthalf long: r_first +0.78%, r_late +0.04%",flatten
2020-11-30,-1,20,2020-11-30 14:30:00-06:00,298.811,2020-11-30 14:58:00-06:00,298.769,299.75,8.4,"lasthalf short: r_first -0.15%, r_late -0.31%",flatten
2021-01-07,1,28,2021-01-07 14:30:00-06:00,315.559,2021-01-07 14:58:00-06:00,315.341,314.90000000000003,-61.04,"lasthalf long: r_first +1.74%, r_late +0.23%",flatten
2021-01-08,1,26,2021-01-08 14:30:00-06:00,318.23900000000003,2021-01-08 14:58:00-06:00,319.111,317.53000000000003,226.72,"lasthalf long: r_first +0.71%, r_late +0.10%",flatten
2021-01-11,-1,24,2021-01-11 14:30:00-06:00,313.781,2021-01-11 14:46:00-06:00,314.569,314.55,-189.12,"lasthalf short: r_first -1.01%, r_late -0.52%",stop
2021-01-19,1,20,2021-01-19 14:30:00-06:00,316.549,2021-01-19 14:58:00-06:00,316.561,315.63,2.4,"lasthalf long: r_first +0.66%, r_late +0.02%",flatten
2021-01-20,1,20,2021-01-20 14:30:00-06:00,324.379,2021-01-20 14:58:00-06:00,324.0309,323.46,-69.62,"lasthalf long: r_first +1.38%, r_late +0.01%",flatten
2021-01-22,-1,21,2021-01-22 14:30:00-06:00,326.231,2021-01-22 14:58:00-06:00,326.024,327.14,43.47,"lasthalf short: r_first -0.11%, r_late -0.01%",flatten
2021-01-27,-1,21,2021-01-27 14:30:00-06:00,318.57099999999997,2021-01-27 14:48:00-06:00,319.469,319.45,-188.58,"lasthalf short: r_first -1.50%, r_late -0.35%",stop
2021-02-04,1,19,2021-02-04 14:30:00-06:00,329.469,2021-02-04 14:58:00-06:00,329.691,328.5,42.18,"lasthalf long: r_first +0.37%, r_late +0.07%",flatten
2021-02-05,-1,19,2021-02-05 14:30:00-06:00,330.741,2021-02-05 14:58:00-06:00,331.349,331.71,-115.52,"lasthalf short: r_first -0.08%, r_late -0.18%",flatten
2021-02-08,1,21,2021-02-08 14:30:00-06:00,332.654,2021-02-08 14:58:00-06:00,333.151,331.74,104.37,"lasthalf long: r_first +0.50%, r_late +0.05%",flatten
2021-02-11,1,19,2021-02-11 14:30:00-06:00,334.099,2021-02-11 14:58:00-06:00,334.381,333.13,53.58,"lasthalf long: r_first +0.26%, r_late +0.10%",flatten
2021-02-19,1,19,2021-02-19 14:30:00-06:00,331.469,2021-02-19 14:58:00-06:00,330.861,330.48,-115.52,"lasthalf long: r_first +0.25%, r_late +0.05%",flatten
2021-02-22,-1,19,2021-02-22 14:30:00-06:00,323.101,2021-02-22 14:58:00-06:00,322.574,324.09000000000003,100.13,"lasthalf short: r_first -1.11%, r_late -0.57%",flatten
2021-02-25,-1,18,2021-02-25 14:30:00-06:00,312.691,2021-02-25 14:45:00-06:00,313.73900000000003,313.72,-188.64,"lasthalf short: r_first -0.56%, r_late -0.64%",stop
2021-03-01,1,18,2021-03-01 14:30:00-06:00,323.579,2021-03-01 14:58:00-06:00,323.301,322.51,-50.04,"lasthalf long: r_first +1.60%, r_late +0.00%",flatten
2021-03-02,-1,18,2021-03-02 14:30:00-06:00,319.701,2021-03-02 14:58:00-06:00,318.594,320.77,199.26,"lasthalf short: r_first -0.40%, r_late -0.41%",flatten
2021-03-03,-1,17,2021-03-03 14:30:00-06:00,310.091,2021-03-03 14:58:00-06:00,309.819,311.2,46.24,"lasthalf short: r_first -1.16%, r_late -0.35%",flatten
2021-03-04,-1,16,2021-03-04 14:30:00-06:00,303.851,2021-03-04 14:58:00-06:00,303.379,305.02,75.52,"lasthalf short: r_first -0.70%, r_late -0.41%",flatten
2021-03-05,-1,15,2021-03-05 14:30:00-06:00,308.591,2021-03-05 14:58:00-06:00,309.211,309.87,-93.0,"lasthalf short: r_first -0.38%, r_late -0.11%",flatten
2021-03-08,-1,14,2021-03-08 14:30:00-06:00,300.941,2021-03-08 14:58:00-06:00,300.299,302.32,89.88,"lasthalf short: r_first -0.64%, r_late -0.64%",flatten
2021-03-09,1,11,2021-03-09 14:30:00-06:00,313.309,2021-03-09 14:52:00-06:00,311.581,311.6,-190.08,"lasthalf long: r_first +3.28%, r_late +0.11%",stop
2021-03-11,1,9,2021-03-11 14:30:00-06:00,319.039,2021-03-11 14:58:00-06:00,318.091,317.04,-85.32,"lasthalf long: r_first +1.68%, r_late +0.17%",flatten
2021-03-12,-1,9,2021-03-12 14:30:00-06:00,314.781,2021-03-12 14:58:00-06:00,315.604,316.78000000000003,-74.07,"lasthalf short: r_first -1.19%, r_late -0.00%",flatten
2021-03-16,1,11,2021-03-16 14:30:00-05:00,320.969,2021-03-16 14:58:00-05:00,320.681,319.22,-31.68,"lasthalf long: r_first +1.19%, r_late +0.22%",flatten
2021-03-17,-1,11,2021-03-17 14:30:00-05:00,322.4912,2021-03-17 14:58:00-05:00,321.539,324.24,104.74,"lasthalf short: r_first -0.77%, r_late -0.16%",flatten
2021-03-18,-1,12,2021-03-18 14:30:00-05:00,313.551,2021-03-18 14:58:00-05:00,312.17900000000003,315.11,164.64,"lasthalf short: r_first -1.46%, r_late -0.02%",flatten
2021-03-24,-1,12,2021-03-24 14:30:00-05:00,313.527,2021-03-24 14:58:00-05:00,312.17900000000003,315.05,161.76,"lasthalf short: r_first -0.37%, r_late -0.05%",flatten
2021-03-26,1,13,2021-03-26 14:30:00-05:00,313.219,2021-03-26 14:58:00-05:00,315.381,311.74,281.06,"lasthalf long: r_first +0.29%, r_late +0.43%",flatten
2021-03-31,1,14,2021-03-31 14:30:00-05:00,320.009,2021-03-31 14:55:00-05:00,318.601,318.62,-197.12,"lasthalf long: r_first +1.21%, r_late +0.06%",stop
2021-04-13,1,20,2021-04-13 14:30:00-05:00,341.05400000000003,2021-04-13 14:58:00-05:00,340.621,340.1,-86.6,"lasthalf long: r_first +0.93%, r_late +0.16%",flatten
2021-04-16,-1,23,2021-04-16 14:30:00-05:00,341.931,2021-04-16 14:58:00-05:00,342.044,342.76,-25.99,"lasthalf short: r_first -0.37%, r_late -0.01%",flatten
2021-04-19,-1,23,2021-04-19 14:30:00-05:00,337.901,2021-04-19 14:58:00-05:00,338.519,338.71,-142.14,"lasthalf short: r_first -0.25%, r_late -0.16%",flatten
2021-04-22,-1,23,2021-04-22 14:30:00-05:00,334.811,2021-04-22 14:46:00-05:00,335.629,335.61,-188.14,"lasthalf short: r_first -0.26%, r_late -0.18%",stop
2021-04-23,1,23,2021-04-23 14:30:00-05:00,340.389,2021-04-23 14:56:00-05:00,339.571,339.59000000000003,-188.14,"lasthalf long: r_first +0.56%, r_late +0.03%",stop
2021-05-04,-1,21,2021-05-04 14:30:00-05:00,328.381,2021-05-04 14:51:00-05:00,329.279,329.26,-188.58,"lasthalf short: r_first -1.78%, r_late -0.06%",stop
2021-05-07,1,18,2021-05-07 14:30:00-05:00,334.73900000000003,2021-05-07 14:58:00-05:00,334.496,333.69,-43.74,"lasthalf long: r_first +0.91%, r_late +0.07%",flatten
2021-05-12,-1,18,2021-05-12 14:30:00-05:00,317.021,2021-05-12 14:58:00-05:00,316.829,318.07,34.56,"lasthalf short: r_first -1.38%, r_late -0.26%",flatten
2021-05-13,1,18,2021-05-13 14:30:00-05:00,320.319,2021-05-13 14:58:00-05:00,319.551,319.26,-138.24,"lasthalf long: r_first +1.25%, r_late +0.10%",flatten
2021-05-17,-1,17,2021-05-17 14:30:00-05:00,323.151,2021-05-17 14:57:00-05:00,324.249,324.23,-186.66,"lasthalf short: r_first -0.73%, r_late -0.04%",stop
2021-05-18,1,17,2021-05-18 14:30:00-05:00,324.17900000000003,2021-05-18 14:50:00-05:00,323.051,323.07,-191.76,"lasthalf long: r_first +0.16%, r_late +0.18%",stop
2021-05-20,1,17,2021-05-20 14:30:00-05:00,329.699,2021-05-20 14:58:00-05:00,328.986,328.58,-121.21,"lasthalf long: r_first +1.17%, r_late +0.13%",flatten
2021-05-21,1,17,2021-05-21 14:30:00-05:00,327.914,2021-05-21 14:48:00-05:00,326.771,326.79,-194.31,"lasthalf long: r_first +0.41%, r_late +0.04%",stop
2021-05-25,1,17,2021-05-25 14:30:00-05:00,332.829,2021-05-25 14:58:00-05:00,332.781,331.74,-8.16,"lasthalf long: r_first +0.10%, r_late +0.05%",flatten
2021-05-27,-1,18,2021-05-27 14:30:00-05:00,332.976,2021-05-27 14:58:00-05:00,333.319,334.02,-61.74,"lasthalf short: r_first -0.32%, r_late -0.06%",flatten
2021-06-02,1,23,2021-06-02 14:30:00-05:00,332.609,2021-06-02 14:58:00-05:00,333.156,331.78000000000003,125.81,"lasthalf long: r_first +0.21%, r_late +0.02%",flatten
2021-09-28,-1,20,2021-09-28 14:30:00-05:00,360.851,2021-09-28 14:58:00-05:00,360.159,361.78000000000003,138.4,"lasthalf short: r_first -1.58%, r_late -0.29%",flatten
2021-10-01,-1,16,2021-10-01 14:30:00-05:00,360.291,2021-10-01 14:58:00-05:00,360.549,361.45,-41.28,"lasthalf short: r_first -0.31%, r_late -0.00%",flatten
2021-10-04,-1,16,2021-10-04 14:30:00-05:00,351.281,2021-10-04 14:45:00-05:00,352.459,352.44,-188.48,"lasthalf short: r_first -1.19%, r_late -0.29%",stop
2021-10-07,1,14,2021-10-07 14:30:00-05:00,364.11400000000003,2021-10-07 14:56:00-05:00,362.751,362.77,-190.82,"lasthalf long: r_first +1.37%, r_late +0.06%",stop
2021-10-08,-1,14,2021-10-08 14:30:00-05:00,361.991,2021-10-08 14:58:00-05:00,361.189,363.33,112.28,"lasthalf short: r_first -0.25%, r_late -0.00%",flatten
2021-10-12,-1,16,2021-10-12 14:30:00-05:00,357.581,2021-10-12 14:58:00-05:00,357.309,358.75,43.52,"lasthalf short: r_first -0.26%, r_late -0.02%",flatten
2021-10-15,1,16,2021-10-15 14:30:00-05:00,368.589,2021-10-15 14:58:00-05:00,368.891,367.43,48.32,"lasthalf long: r_first +0.27%, r_late +0.02%",flatten
2021-10-19,1,18,2021-10-19 14:30:00-05:00,375.299,2021-10-19 14:58:00-05:00,375.126,374.23,-31.14,"lasthalf long: r_first +0.24%, r_late +0.11%",flatten
2021-10-22,-1,23,2021-10-22 14:30:00-05:00,373.851,2021-10-22 14:58:00-05:00,374.259,374.65000000000003,-93.84,"lasthalf short: r_first -0.33%, r_late -0.07%",flatten
2021-10-29,-1,23,2021-10-29 14:30:00-05:00,384.76099999999997,2021-10-29 14:51:00-05:00,385.599,385.58,-192.74,"lasthalf short: r_first -0.49%, r_late -0.01%",stop
2021-11-02,1,24,2021-11-02 14:30:00-05:00,388.919,2021-11-02 14:58:00-05:00,388.881,388.14,-9.12,"lasthalf long: r_first +0.39%, r_late +0.03%",flatten
2021-11-26,-1,19,2021-11-26 14:30:00-06:00,390.551,2021-11-26 14:58:00-06:00,390.719,391.55,-31.92,"lasthalf short: r_first -0.81%, r_late -0.08%",flatten
2021-11-29,1,19,2021-11-29 14:30:00-06:00,400.159,2021-11-29 14:58:00-06:00,399.961,399.15000000000003,-37.62,"lasthalf long: r_first +1.71%, r_late +0.07%",flatten
2021-12-09,-1,14,2021-12-09 14:30:00-06:00,394.251,2021-12-09 14:58:00-06:00,394.074,395.57,24.78,"lasthalf short: r_first -0.27%, r_late -0.22%",flatten
2021-12-10,1,14,2021-12-10 14:30:00-06:00,396.749,2021-12-10 14:58:00-06:00,397.931,395.36,165.48,"lasthalf long: r_first +0.43%, r_late +0.21%",flatten
2021-12-13,-1,14,2021-12-13 14:30:00-06:00,393.771,2021-12-13 14:58:00-06:00,392.42900000000003,395.16,187.88,"lasthalf short: r_first -0.32%, r_late -0.26%",flatten
2021-12-17,-1,11,2021-12-17 14:30:00-06:00,386.281,2021-12-17 14:58:00-06:00,385.849,387.96000000000004,47.52,"lasthalf short: r_first -0.50%, r_late -0.17%",flatten
2021-12-22,1,11,2021-12-22 14:30:00-06:00,392.749,2021-12-22 14:58:00-06:00,393.741,391.1,109.12,"lasthalf long: r_first +0.21%, r_late +0.04%",flatten
2021-12-28,1,14,2021-12-28 14:30:00-06:00,401.859,2021-12-28 14:58:00-06:00,401.26099999999997,400.47,-83.72,"lasthalf long: r_first +0.08%, r_late +0.03%",flatten
2022-01-05,-1,15,2022-01-05 14:30:00-06:00,385.851,2022-01-05 14:58:00-06:00,384.869,387.13,147.3,"lasthalf short: r_first -0.36%, r_late -0.41%",flatten
2022-01-06,-1,15,2022-01-06 14:30:00-06:00,385.111,2022-01-06 14:58:00-06:00,384.079,386.39,154.8,"lasthalf short: r_first -0.28%, r_late -0.09%",flatten
2022-01-14,1,13,2022-01-14 14:30:00-06:00,379.309,2022-01-14 14:58:00-06:00,380.181,377.90000000000003,113.36,"lasthalf long: r_first +0.55%, r_late +0.42%",flatten
2022-01-18,-1,12,2022-01-18 14:30:00-06:00,371.57099999999997,2022-01-18 14:58:00-06:00,370.479,373.15000000000003,131.04,"lasthalf short: r_first -1.66%, r_late -0.40%",flatten
2022-01-21,-1,10,2022-01-21 14:30:00-06:00,352.57349999999997,2022-01-21 14:40:00-06:00,354.48900000000003,354.47,-191.55,"lasthalf short: r_first -1.24%, r_late -0.32%",stop
2022-01-25,-1,9,2022-01-25 14:30:00-06:00,346.601,2022-01-25 14:58:00-06:00,344.699,348.61,171.18,"lasthalf short: r_first -2.78%, r_late -1.20%",flatten
2022-02-02,1,8,2022-02-02 14:30:00-06:00,368.419,2022-02-02 14:58:00-06:00,368.731,366.21,24.96,"lasthalf long: r_first +0.69%, r_late +0.09%",flatten
2022-02-04,1,8,2022-02-04 14:30:00-06:00,360.359,2022-02-04 14:58:00-06:00,358.301,358.15000000000003,-164.64,"lasthalf long: r_first +0.52%, r_late +0.13%",flatten
2022-02-09,1,9,2022-02-09 14:30:00-06:00,365.899,2022-02-09 14:58:00-06:00,366.491,363.76,53.28,"lasthalf long: r_first +0.99%, r_late +0.11%",flatten
2022-02-10,-1,9,2022-02-10 14:30:00-06:00,358.981,2022-02-10 14:58:00-06:00,358.48900000000003,361.12,44.28,"lasthalf short: r_first -0.87%, r_late -0.04%",flatten
2022-02-11,-1,9,2022-02-11 14:30:00-06:00,347.691,2022-02-11 14:58:00-06:00,347.92900000000003,349.83,-21.42,"lasthalf short: r_first -0.42%, r_late -0.04%",flatten
2022-02-14,1,9,2022-02-14 14:30:00-06:00,347.369,2022-02-14 14:58:00-06:00,347.801,345.23,38.88,"lasthalf long: r_first +0.37%, r_late +0.09%",flatten
2022-02-15,1,9,2022-02-15 14:30:00-06:00,355.589,2022-02-15 14:58:00-06:00,355.561,353.45,-2.52,"lasthalf long: r_first +1.71%, r_late +0.14%",flatten
2022-02-17,-1,10,2022-02-17 14:30:00-06:00,346.201,2022-02-17 14:58:00-06:00,345.349,348.11,85.2,"lasthalf short: r_first -1.34%, r_late -0.29%",flatten
2022-02-22,1,10,2022-02-22 14:30:00-06:00,340.469,2022-02-22 14:46:00-06:00,338.541,338.56,-192.8,"lasthalf long: r_first +0.10%, r_late +0.25%",stop
2022-03-01,-1,8,2022-03-01 14:30:00-06:00,340.971,2022-03-01 14:58:00-06:00,341.059,343.23,-7.04,"lasthalf short: r_first -0.21%, r_late -0.14%",flatten
2022-03-02,1,8,2022-03-02 14:30:00-06:00,347.839,2022-03-02 14:58:00-06:00,347.371,345.53000000000003,-37.44,"lasthalf long: r_first +0.50%, r_late +0.16%",flatten
2022-03-07,-1,8,2022-03-07 14:30:00-06:00,327.081,2022-03-07 14:58:00-06:00,325.609,329.34000000000003,117.76,"lasthalf short: r_first -1.16%, r_late -0.04%",flatten
2022-03-08,-1,8,2022-03-08 14:30:00-06:00,325.531,2022-03-08 14:58:00-06:00,323.659,327.77,149.76,"lasthalf short: r_first -0.51%, r_late -0.54%",flatten
2022-03-09,1,8,2022-03-09 14:30:00-06:00,335.809,2022-03-09 14:58:00-06:00,334.51099999999997,333.55,-103.84,"lasthalf long: r_first +2.35%, r_late +0.36%",flatten
2022-03-10,-1,8,2022-03-10 14:30:00-06:00,331.221,2022-03-10 14:58:00-06:00,331.599,333.48,-30.24,"lasthalf short: r_first -1.16%, r_late -0.25%",flatten
2022-03-14,-1,8,2022-03-14 14:30:00-05:00,318.841,2022-03-14 14:58:00-05:00,318.399,321.08,35.36,"lasthalf short: r_first -0.18%, r_late -0.05%",flatten
2022-03-15,1,9,2022-03-15 14:30:00-05:00,327.719,2022-03-15 14:58:00-05:00,328.101,325.55,34.38,"lasthalf long: r_first +1.03%, r_late +0.44%",flatten
2022-03-16,1,9,2022-03-16 14:30:00-05:00,337.779,2022-03-16 14:58:00-05:00,339.241,335.68,131.58,"lasthalf long: r_first +1.97%, r_late +0.83%",flatten
2022-03-18,1,9,2022-03-18 14:30:00-05:00,351.039,2022-03-18 14:58:00-05:00,351.311,349.01,24.48,"lasthalf long: r_first +0.25%, r_late +0.39%",flatten
2022-03-24,1,10,2022-03-24 14:30:00-05:00,358.67900000000003,2022-03-24 14:58:00-05:00,359.251,356.72,57.2,"lasthalf long: r_first +0.26%, r_late +0.38%",flatten
2022-03-25,-1,10,2022-03-25 14:30:00-05:00,356.641,2022-03-25 14:51:00-05:00,358.569,358.55,-192.8,"lasthalf short: r_first -0.30%, r_late -0.63%",stop
2022-03-28,1,10,2022-03-28 14:30:00-05:00,364.024,2022-03-28 14:58:00-05:00,364.651,362.14,62.7,"lasthalf long: r_first +0.89%, r_late +0.05%",flatten
2022-03-29,1,10,2022-03-29 14:30:00-05:00,371.569,2022-03-29 14:58:00-05:00,370.891,369.7,-67.8,"lasthalf long: r_first +1.08%, r_late +0.24%",flatten
2022-03-30,-1,10,2022-03-30 14:30:00-05:00,366.121,2022-03-30 14:58:00-05:00,366.609,367.98,-48.8,"lasthalf short: r_first -0.36%, r_late -0.30%",flatten
2022-03-31,-1,10,2022-03-31 14:30:00-05:00,364.971,2022-03-31 14:58:00-05:00,362.439,366.83,253.2,"lasthalf short: r_first -0.34%, r_late -0.26%",flatten
2022-04-01,-1,11,2022-04-01 14:30:00-05:00,359.8315,2022-04-01 14:54:00-05:00,361.629,361.61,-197.73,"lasthalf short: r_first -0.16%, r_late -0.25%",stop
2022-04-04,1,11,2022-04-04 14:30:00-05:00,368.709,2022-04-04 14:58:00-05:00,368.711,366.99,0.22,"lasthalf long: r_first +1.26%, r_late +0.08%",flatten
2022-04-05,-1,12,2022-04-05 14:30:00-05:00,360.941,2022-04-05 14:58:00-05:00,360.789,362.55,18.24,"lasthalf short: r_first -0.61%, r_late -0.32%",flatten
2022-04-06,-1,13,2022-04-06 14:30:00-05:00,352.811,2022-04-06 14:47:00-05:00,354.329,354.31,-197.34,"lasthalf short: r_first -2.19%, r_late -0.75%",stop
2022-04-07,1,13,2022-04-07 14:30:00-05:00,354.9753,2022-04-07 14:58:00-05:00,354.121,353.48,-111.06,"lasthalf long: r_first +0.40%, r_late +0.06%",flatten
2022-04-11,-1,12,2022-04-11 14:30:00-05:00,341.961,2022-04-11 14:58:00-05:00,340.789,343.57,140.64,"lasthalf short: r_first -1.36%, r_late -0.36%",flatten
2022-04-13,1,11,2022-04-13 14:30:00-05:00,346.914,2022-04-13 14:58:00-05:00,346.451,345.28000000000003,-50.93,"lasthalf long: r_first +0.53%, r_late +0.28%",flatten
2022-04-14,-1,11,2022-04-14 14:30:00-05:00,339.351,2022-04-14 14:58:00-05:00,338.249,340.98,121.22,"lasthalf short: r_first -0.75%, r_late -0.07%",flatten
2022-04-18,-1,12,2022-04-18 14:30:00-05:00,338.331,2022-04-18 14:58:00-05:00,338.299,339.85,3.84,"lasthalf short: r_first -0.19%, r_late -0.28%",flatten
2022-04-19,1,12,2022-04-19 14:30:00-05:00,346.319,2022-04-19 14:58:00-05:00,345.861,344.8,-54.96,"lasthalf long: r_first +0.72%, r_late +0.43%",flatten
2022-04-21,1,11,2022-04-21 14:30:00-05:00,335.259,2022-04-21 14:36:00-05:00,333.601,333.62,-182.38,"lasthalf long: r_first +1.43%, r_late +0.03%",stop
2022-04-26,-1,10,2022-04-26 14:30:00-05:00,318.516,2022-04-26 14:58:00-05:00,317.529,320.36,98.7,"lasthalf short: r_first -1.93%, r_late -0.91%",flatten
2022-04-28,1,10,2022-04-28 14:30:00-05:00,328.98900000000003,2022-04-28 14:55:00-05:00,327.051,327.07,-193.8,"lasthalf long: r_first +1.04%, r_late +0.06%",stop
2022-04-29,-1,10,2022-04-29 14:30:00-05:00,315.141,2022-04-29 14:58:00-05:00,312.769,317.06,237.2,"lasthalf short: r_first -0.29%, r_late -0.40%",flatten
2022-05-02,1,9,2022-05-02 14:30:00-05:00,315.899,2022-05-02 14:58:00-05:00,318.501,313.92,234.18,"lasthalf long: r_first +0.54%, r_late +1.54%",flatten
2022-05-05,-1,9,2022-05-05 14:30:00-05:00,310.01099999999997,2022-05-05 14:40:00-05:00,312.10900000000004,312.09000000000003,-188.82,"lasthalf short: r_first -2.64%, r_late -0.77%",stop
2022-05-06,-1,8,2022-05-06 14:30:00-05:00,307.361,2022-05-06 14:38:00-05:00,309.599,309.58,-179.04,"lasthalf short: r_first -2.41%, r_late -0.14%",stop
2022-05-09,-1,8,2022-05-09 14:30:00-05:00,298.156,2022-05-09 14:58:00-05:00,297.55,300.5,48.48,"lasthalf short: r_first -1.92%, r_late -0.47%",flatten
2022-05-13,1,7,2022-05-13 14:30:00-05:00,302.789,2022-05-13 14:58:00-05:00,301.5231,300.04,-88.61,"lasthalf long: r_first +2.47%, r_late +0.60%",flatten
2022-05-16,-1,7,2022-05-16 14:30:00-05:00,299.331,2022-05-16 14:58:00-05:00,297.9975,301.97,93.35,"lasthalf short: r_first -1.08%, r_late -0.66%",flatten
2022-05-17,1,7,2022-05-17 14:30:00-05:00,306.219,2022-05-17 14:58:00-05:00,305.921,303.58,-20.86,"lasthalf long: r_first +1.61%, r_late +0.37%",flatten
2022-05-18,-1,7,2022-05-18 14:30:00-05:00,290.486,2022-05-18 14:58:00-05:00,290.769,293.12,-19.81,"lasthalf short: r_first -2.09%, r_late -0.09%",flatten
2022-05-19,-1,7,2022-05-19 14:30:00-05:00,289.911,2022-05-19 14:58:00-05:00,289.6887,292.54,15.56,"lasthalf short: r_first -0.39%, r_late -0.99%",flatten
2022-05-20,1,7,2022-05-20 14:30:00-05:00,284.6991,2022-05-20 14:58:00-05:00,288.51099999999997,282.01,266.83,"lasthalf long: r_first +0.98%, r_late +0.75%",flatten
2022-05-25,1,7,2022-05-25 14:30:00-05:00,292.369,2022-05-25 14:58:00-05:00,291.081,289.72,-90.16,"lasthalf long: r_first +0.20%, r_late +0.19%",flatten
2022-05-27,1,8,2022-05-27 14:30:00-05:00,308.544,2022-05-27 14:58:00-05:00,308.891,306.16,27.76,"lasthalf long: r_first +1.99%, r_late +0.30%",flatten
2022-06-01,1,9,2022-06-01 14:30:00-05:00,307.829,2022-06-01 14:58:00-05:00,306.381,305.7,-130.32,"lasthalf long: r_first +1.26%, r_late +0.10%",flatten
2022-06-03,-1,9,2022-06-03 14:30:00-05:00,306.056,2022-06-03 14:58:00-05:00,306.079,308.06,-2.07,"lasthalf short: r_first -1.54%, r_late -0.21%",flatten
2022-06-08,1,10,2022-06-08 14:30:00-05:00,308.17900000000003,2022-06-08 14:58:00-05:00,307.541,306.34000000000003,-63.8,"lasthalf long: r_first +0.39%, r_late +0.15%",flatten
2022-06-13,-1,11,2022-06-13 14:30:00-05:00,275.621,2022-06-13 14:58:00-05:00,275.709,277.35,-9.68,"lasthalf short: r_first -2.96%, r_late -0.55%",flatten
2022-06-14,1,11,2022-06-14 14:30:00-05:00,275.039,2022-06-14 14:58:00-05:00,275.82099999999997,273.31,86.02,"lasthalf long: r_first +0.73%, r_late +0.03%",flatten
2022-06-15,1,11,2022-06-15 14:30:00-05:00,285.359,2022-06-15 14:42:00-05:00,283.611,283.63,-192.28,"lasthalf long: r_first +1.43%, r_late +1.21%",stop
2022-06-17,1,10,2022-06-17 14:30:00-05:00,276.0585,2022-06-17 14:58:00-05:00,275.131,274.25,-92.75,"lasthalf long: r_first +1.30%, r_late +0.16%",flatten
2022-06-23,1,11,2022-06-23 14:30:00-05:00,283.979,2022-06-23 14:58:00-05:00,284.961,282.26,108.02,"lasthalf long: r_first +0.77%, r_late +0.22%",flatten
2022-06-27,-1,11,2022-06-27 14:30:00-05:00,292.536,2022-06-27 14:58:00-05:00,291.959,294.22,63.47,"lasthalf short: r_first -0.68%, r_late -0.03%",flatten
2022-06-29,1,11,2022-06-29 14:30:00-05:00,284.629,2022-06-29 14:58:00-05:00,284.106,282.96,-57.53,"lasthalf long: r_first +0.15%, r_late +0.51%",flatten
2022-07-06,1,11,2022-07-06 14:30:00-05:00,290.529,2022-07-06 14:50:00-05:00,288.841,288.86,-185.68,"lasthalf long: r_first +0.35%, r_late +0.15%",stop
2022-07-07,1,11,2022-07-07 14:30:00-05:00,295.079,2022-07-07 14:58:00-05:00,295.201,293.41,13.42,"lasthalf long: r_first +1.28%, r_late +0.06%",flatten
2022-07-08,-1,11,2022-07-08 14:30:00-05:00,295.401,2022-07-08 14:58:00-05:00,295.609,297.05,-22.88,"lasthalf short: r_first -1.07%, r_late -0.18%",flatten
2022-07-11,-1,12,2022-07-11 14:30:00-05:00,289.181,2022-07-11 14:58:00-05:00,288.699,290.76,57.84,"lasthalf short: r_first -2.19%, r_late -0.07%",flatten
2022-07-12,-1,12,2022-07-12 14:30:00-05:00,285.531,2022-07-12 14:58:00-05:00,286.289,287.04,-90.96,"lasthalf short: r_first -0.28%, r_late -0.66%",flatten
2022-07-13,-1,12,2022-07-13 14:30:00-05:00,286.471,2022-07-13 14:58:00-05:00,286.309,288.01,19.44,"lasthalf short: r_first -0.82%, r_late -0.39%",flatten
2022-07-19,1,12,2022-07-19 14:30:00-05:00,297.954,2022-07-19 14:58:00-05:00,298.341,296.41,46.44,"lasthalf long: r_first +1.33%, r_late +0.07%",flatten
2022-07-20,1,13,2022-07-20 14:30:00-05:00,303.779,2022-07-20 14:58:00-05:00,303.001,302.32,-101.14,"lasthalf long: r_first +0.13%, r_late +0.35%",flatten
2022-07-21,1,13,2022-07-21 14:30:00-05:00,306.559,2022-07-21 14:58:00-05:00,307.211,305.08,84.76,"lasthalf long: r_first +0.26%, r_late +0.07%",flatten
2022-07-25,-1,14,2022-07-25 14:30:00-05:00,298.5011,2022-07-25 14:51:00-05:00,299.839,299.82,-187.31,"lasthalf short: r_first -0.30%, r_late -0.10%",stop
2022-07-26,-1,15,2022-07-26 14:30:00-05:00,294.091,2022-07-26 14:58:00-05:00,294.449,295.36,-53.7,"lasthalf short: r_first -0.98%, r_late -0.05%",flatten
2022-07-27,1,15,2022-07-27 14:30:00-05:00,308.469,2022-07-27 14:50:00-05:00,307.211,307.23,-188.7,"lasthalf long: r_first +2.30%, r_late +0.85%",stop
2022-07-29,1,15,2022-07-29 14:30:00-05:00,315.969,2022-07-29 14:58:00-05:00,315.461,314.73,-76.2,"lasthalf long: r_first +1.00%, r_late +0.24%",flatten
2022-08-04,1,16,2022-08-04 14:30:00-05:00,324.389,2022-08-04 14:58:00-05:00,324.021,323.21,-58.88,"lasthalf long: r_first +0.27%, r_late +0.13%",flatten
2022-08-08,1,15,2022-08-08 14:30:00-05:00,320.209,2022-08-08 14:58:00-05:00,320.566,318.95,53.55,"lasthalf long: r_first +1.25%, r_late +0.10%",flatten
2022-08-10,1,15,2022-08-10 14:30:00-05:00,325.5291,2022-08-10 14:58:00-05:00,325.841,324.25,46.78,"lasthalf long: r_first +2.19%, r_late +0.30%",flatten
2022-08-12,1,15,2022-08-12 14:30:00-05:00,330.059,2022-08-12 14:58:00-05:00,330.32099999999997,328.77,39.3,"lasthalf long: r_first +0.81%, r_late +0.14%",flatten
2022-08-15,1,15,2022-08-15 14:30:00-05:00,333.471,2022-08-15 14:58:00-05:00,333.041,332.19,-64.5,"lasthalf long: r_first +0.27%, r_late +0.16%",flatten
2022-08-17,-1,14,2022-08-17 14:30:00-05:00,329.091,2022-08-17 14:58:00-05:00,328.409,330.39,95.48,"lasthalf short: r_first -0.86%, r_late -0.19%",flatten
2022-08-24,1,15,2022-08-24 14:30:00-05:00,315.479,2022-08-24 14:58:00-05:00,314.961,314.21,-77.7,"lasthalf long: r_first +0.05%, r_late +0.09%",flatten
2022-08-25,1,15,2022-08-25 14:30:00-05:00,318.819,2022-08-25 14:58:00-05:00,320.341,317.6,228.3,"lasthalf long: r_first +0.86%, r_late +0.17%",flatten
2022-08-26,-1,16,2022-08-26 14:30:00-05:00,308.961,2022-08-26 14:58:00-05:00,307.684,310.16,204.32,"lasthalf short: r_first -0.17%, r_late -0.19%",flatten
2022-08-29,-1,16,2022-08-29 14:30:00-05:00,305.811,2022-08-29 14:58:00-05:00,304.909,307.01,144.32,"lasthalf short: r_first -0.67%, r_late -0.01%",flatten
2022-08-31,1,15,2022-08-31 14:30:00-05:00,300.639,2022-08-31 14:58:00-05:00,299.921,299.42,-107.7,"lasthalf long: r_first +0.85%, r_late +0.30%",flatten
2022-09-02,1,15,2022-09-02 14:30:00-05:00,295.23900000000003,2022-09-02 14:36:00-05:00,293.961,293.98,-191.7,"lasthalf long: r_first +0.19%, r_late +0.04%",stop
2022-09-07,1,14,2022-09-07 14:30:00-05:00,299.92900000000003,2022-09-07 14:58:00-05:00,299.081,298.57,-118.72,"lasthalf long: r_first +0.48%, r_late +0.25%",flatten
2022-09-09,1,14,2022-09-09 14:30:00-05:00,307.129,2022-09-09 14:58:00-05:00,307.171,305.75,5.88,"lasthalf long: r_first +1.45%, r_late +0.14%",flatten
2022-09-12,1,14,2022-09-12 14:30:00-05:00,310.079,2022-09-12 14:58:00-05:00,310.531,308.7,63.28,"lasthalf long: r_first +1.16%, r_late +0.02%",flatten
2022-09-13,-1,14,2022-09-13 14:30:00-05:00,294.496,2022-09-13 14:58:00-05:00,294.189,295.88,42.98,"lasthalf short: r_first -3.40%, r_late -0.49%",flatten
2022-09-15,-1,13,2022-09-15 14:30:00-05:00,289.641,2022-09-15 14:50:00-05:00,291.149,291.13,-196.04,"lasthalf short: r_first -0.09%, r_late -0.63%",stop
2022-10-03,1,12,2022-10-03 14:30:00-05:00,274.869,2022-10-03 14:56:00-05:00,273.281,273.3,-190.56,"lasthalf long: r_first +0.60%, r_late +0.02%",stop
2022-10-06,1,12,2022-10-06 14:30:00-05:00,280.809,2022-10-06 14:58:00-05:00,279.831,279.27,-117.36,"lasthalf long: r_first +0.05%, r_late +0.23%",flatten
2022-10-07,-1,12,2022-10-07 14:30:00-05:00,268.401,2022-10-07 14:58:00-05:00,269.199,269.94,-95.76,"lasthalf short: r_first -2.73%, r_late -0.33%",flatten
2022-10-11,-1,12,2022-10-11 14:30:00-05:00,262.121,2022-10-11 14:58:00-05:00,262.909,263.67,-94.56,"lasthalf short: r_first -1.43%, r_late -0.05%",flatten
2022-10-12,1,12,2022-10-12 14:30:00-05:00,263.329,2022-10-12 14:58:00-05:00,263.001,261.77,-39.36,"lasthalf long: r_first +0.43%, r_late +0.05%",flatten
2022-10-13,-1,12,2022-10-13 14:30:00-05:00,268.921,2022-10-13 14:58:00-05:00,269.099,270.51,-21.36,"lasthalf short: r_first -2.00%, r_late -0.13%",flatten
2022-10-14,-1,11,2022-10-14 14:30:00-05:00,261.671,2022-10-14 14:58:00-05:00,260.389,263.3,141.02,"lasthalf short: r_first -0.26%, r_late -0.11%",flatten
2022-10-17,1,11,2022-10-17 14:30:00-05:00,269.669,2022-10-17 14:58:00-05:00,269.086,268.04,-64.13,"lasthalf long: r_first +3.02%, r_late +0.07%",flatten
2022-10-18,1,12,2022-10-18 14:30:00-05:00,270.479,2022-10-18 14:58:00-05:00,271.001,268.9,62.64,"lasthalf long: r_first +1.75%, r_late +0.11%",flatten
2022-10-21,1,12,2022-10-21 14:30:00-05:00,275.699,2022-10-21 14:58:00-05:00,275.491,274.12,-24.96,"lasthalf long: r_first +0.64%, r_late +0.52%",flatten
2022-10-24,1,11,2022-10-24 14:30:00-05:00,279.089,2022-10-24 14:58:00-05:00,278.301,277.46,-86.68,"lasthalf long: r_first +0.09%, r_late +0.20%",flatten
2022-10-25,1,11,2022-10-25 14:30:00-05:00,284.264,2022-10-25 14:58:00-05:00,284.091,282.63,-19.03,"lasthalf long: r_first +1.50%, r_late +0.35%",flatten
2022-10-26,-1,11,2022-10-26 14:30:00-05:00,278.19599999999997,2022-10-26 14:58:00-05:00,277.759,279.83,48.07,"lasthalf short: r_first -1.97%, r_late -0.12%",flatten
2022-10-28,1,11,2022-10-28 14:30:00-05:00,281.189,2022-10-28 14:58:00-05:00,281.081,279.55,-11.88,"lasthalf long: r_first +0.72%, r_late +0.07%",flatten
2022-10-31,-1,11,2022-10-31 14:30:00-05:00,278.01099999999997,2022-10-31 14:58:00-05:00,277.749,279.65000000000003,28.82,"lasthalf short: r_first -1.36%, r_late -0.13%",flatten
2022-11-02,-1,12,2022-11-02 14:30:00-05:00,267.601,2022-11-02 14:58:00-05:00,266.279,269.16,158.64,"lasthalf short: r_first -0.43%, r_late -1.23%",flatten
2022-11-03,-1,12,2022-11-03 14:30:00-05:00,262.201,2022-11-03 14:58:00-05:00,260.469,263.71,207.84,"lasthalf short: r_first -1.92%, r_late -0.14%",flatten
2022-11-04,1,12,2022-11-04 14:30:00-05:00,263.289,2022-11-04 14:58:00-05:00,264.01099999999997,261.78000000000003,86.64,"lasthalf long: r_first +1.14%, r_late +0.26%",flatten
2022-11-08,1,12,2022-11-08 14:30:00-06:00,269.999,2022-11-08 14:58:00-06:00,269.601,268.49,-47.76,"lasthalf long: r_first +0.41%, r_late +0.82%",flatten
2022-11-10,1,13,2022-11-10 14:30:00-06:00,281.409,2022-11-10 14:58:00-06:00,282.521,279.91,144.56,"lasthalf long: r_first +5.72%, r_late +0.45%",flatten
2022-11-14,-1,13,2022-11-14 14:30:00-06:00,287.391,2022-11-14 14:58:00-06:00,285.249,288.89,278.46,"lasthalf short: r_first -0.86%, r_late -0.25%",flatten
2022-11-15,1,12,2022-11-15 14:30:00-06:00,290.014,2022-11-15 14:58:00-06:00,289.061,288.45,-114.36,"lasthalf long: r_first +2.48%, r_late +0.09%",flatten
2022-11-16,-1,12,2022-11-16 14:30:00-06:00,285.081,2022-11-16 14:58:00-06:00,285.42900000000003,286.62,-41.76,"lasthalf short: r_first -1.03%, r_late -0.33%",flatten
2022-11-17,-1,13,2022-11-17 14:30:00-06:00,283.001,2022-11-17 14:48:00-06:00,284.519,284.5,-197.34,"lasthalf short: r_first -1.25%, r_late -0.38%",stop
2022-11-18,1,12,2022-11-18 14:30:00-06:00,284.829,2022-11-18 14:58:00-06:00,284.211,283.29,-74.16,"lasthalf long: r_first +0.37%, r_late +0.36%",flatten
2022-11-21,-1,12,2022-11-21 14:30:00-06:00,281.791,2022-11-21 14:58:00-06:00,281.839,283.3,-5.76,"lasthalf short: r_first -0.39%, r_late -0.03%",flatten
2022-11-23,1,12,2022-11-23 14:30:00-06:00,288.979,2022-11-23 14:58:00-06:00,288.356,287.47,-74.76,"lasthalf long: r_first +0.71%, r_late +0.06%",flatten
2022-11-28,-1,13,2022-11-28 14:30:00-06:00,281.901,2022-11-28 14:58:00-06:00,282.659,283.33,-98.54,"lasthalf short: r_first -0.22%, r_late -0.28%",flatten
2022-11-30,1,14,2022-11-30 14:30:00-06:00,291.48900000000003,2022-11-30 14:58:00-06:00,292.731,290.11,173.88,"lasthalf long: r_first +0.37%, r_late +0.62%",flatten
2022-12-05,-1,15,2022-12-05 14:30:00-06:00,286.461,2022-12-05 14:58:00-06:00,287.619,287.74,-173.7,"lasthalf short: r_first -0.66%, r_late -0.09%",flatten
2022-12-06,-1,16,2022-12-06 14:30:00-06:00,280.441,2022-12-06 14:44:00-06:00,281.659,281.64,-194.88,"lasthalf short: r_first -1.15%, r_late -0.20%",stop
2022-12-07,-1,16,2022-12-07 14:30:00-06:00,280.091,2022-12-07 14:58:00-06:00,280.649,281.29,-89.28,"lasthalf short: r_first -0.77%, r_late -0.04%",flatten
2022-12-08,1,16,2022-12-08 14:30:00-06:00,284.17900000000003,2022-12-08 14:58:00-06:00,283.801,282.98,-60.48,"lasthalf long: r_first +0.85%, r_late +0.26%",flatten
2022-12-09,-1,16,2022-12-09 14:30:00-06:00,283.836,2022-12-09 14:58:00-06:00,282.049,285.04,285.92,"lasthalf short: r_first -0.25%, r_late -0.13%",flatten
2022-12-12,1,16,2022-12-12 14:30:00-06:00,284.809,2022-12-12 14:58:00-06:00,285.361,283.64,88.32,"lasthalf long: r_first +0.22%, r_late +0.32%",flatten
2022-12-13,1,16,2022-12-13 14:30:00-06:00,288.519,2022-12-13 14:58:00-06:00,288.641,287.35,19.52,"lasthalf long: r_first +3.55%, r_late +0.05%",flatten
2022-12-19,-1,16,2022-12-19 14:30:00-06:00,268.911,2022-12-19 14:57:00-06:00,270.139,270.12,-196.48,"lasthalf short: r_first -0.89%, r_late -0.11%",stop
2022-12-23,-1,16,2022-12-23 14:30:00-06:00,266.801,2022-12-23 14:58:00-06:00,267.284,268.0,-77.28,"lasthalf short: r_first -1.03%, r_late -0.15%",flatten
2022-12-29,1,17,2022-12-29 14:30:00-06:00,266.839,2022-12-29 14:58:00-06:00,266.711,265.72,-21.76,"lasthalf long: r_first +1.83%, r_late +0.16%",flatten
2023-01-05,-1,16,2023-01-05 14:30:00-06:00,262.01099999999997,2023-01-05 14:58:00-06:00,261.659,263.15,56.32,"lasthalf short: r_first -1.11%, r_late -0.38%",flatten
2023-01-11,1,17,2023-01-11 14:30:00-06:00,276.73900000000003,2023-01-11 14:58:00-06:00,277.351,275.65000000000003,104.04,"lasthalf long: r_first +0.48%, r_late +0.19%",flatten
2023-01-12,-1,17,2023-01-12 14:30:00-06:00,278.671,2023-01-12 14:58:00-06:00,279.059,279.76,-65.96,"lasthalf short: r_first -0.98%, r_late -0.17%",flatten
2023-01-17,1,17,2023-01-17 14:30:00-06:00,281.48900000000003,2023-01-17 14:58:00-06:00,281.331,280.40000000000003,-26.86,"lasthalf long: r_first +0.08%, r_late +0.01%",flatten
2023-01-19,-1,17,2023-01-19 14:30:00-06:00,276.481,2023-01-19 14:58:00-06:00,275.184,277.56,220.49,"lasthalf short: r_first -0.68%, r_late -0.08%",flatten
2023-01-20,1,17,2023-01-20 14:30:00-06:00,282.329,2023-01-20 14:58:00-06:00,282.7511,281.24,71.76,"lasthalf long: r_first +0.80%, r_late +0.26%",flatten
2023-01-23,1,17,2023-01-23 14:30:00-06:00,288.339,2023-01-23 14:58:00-06:00,288.996,287.25,111.69,"lasthalf long: r_first +1.09%, r_late +0.10%",flatten
2023-01-24,-1,17,2023-01-24 14:30:00-06:00,288.381,2023-01-24 14:58:00-06:00,288.389,289.46,-1.36,"lasthalf short: r_first -0.39%, r_late -0.11%",flatten
2023-01-26,1,18,2023-01-26 14:30:00-06:00,292.745,2023-01-26 14:58:00-06:00,293.166,291.68,75.78,"lasthalf long: r_first +0.87%, r_late +0.19%",flatten
2023-01-27,1,18,2023-01-27 14:30:00-06:00,297.90500000000003,2023-01-27 14:51:00-06:00,296.831,296.85,-193.32,"lasthalf long: r_first +0.17%, r_late +0.14%",stop
2023-01-30,-1,18,2023-01-30 14:30:00-06:00,290.191,2023-01-30 14:58:00-06:00,289.979,291.23,38.16,"lasthalf short: r_first -0.81%, r_late -0.24%",flatten
2023-02-02,1,18,2023-02-02 14:30:00-06:00,310.039,2023-02-02 14:58:00-06:00,311.266,308.98,220.86,"lasthalf long: r_first +2.08%, r_late +0.49%",flatten
2023-02-06,-1,17,2023-02-06 14:30:00-06:00,302.921,2023-02-06 14:58:00-06:00,303.469,304.03000000000003,-93.16,"lasthalf short: r_first -0.55%, r_late -0.36%",flatten
2023-02-08,-1,15,2023-02-08 14:30:00-06:00,304.141,2023-02-08 14:58:00-06:00,304.284,305.36,-21.45,"lasthalf short: r_first -0.56%, r_late -0.27%",flatten
2023-02-10,-1,14,2023-02-10 14:30:00-06:00,298.861,2023-02-10 14:55:00-06:00,300.17900000000003,300.16,-184.52,"lasthalf short: r_first -0.64%, r_late -0.11%",stop
2023-02-13,1,14,2023-02-13 14:30:00-06:00,304.119,2023-02-13 14:58:00-06:00,304.231,302.82,15.68,"lasthalf long: r_first +0.94%, r_late +0.13%",flatten
2023-02-14,1,14,2023-02-14 14:30:00-06:00,306.699,2023-02-14 14:58:00-06:00,306.966,305.40000000000003,37.38,"lasthalf long: r_first +0.33%, r_late +0.09%",flatten
2023-02-16,-1,14,2023-02-16 14:30:00-06:00,304.041,2023-02-16 14:58:00-06:00,303.424,305.40000000000003,86.38,"lasthalf short: r_first -1.27%, r_late -1.09%",flatten
2023-02-17,-1,14,2023-02-17 14:30:00-06:00,300.351,2023-02-17 14:58:00-06:00,301.029,301.71,-94.92,"lasthalf short: r_first -1.19%, r_late -0.25%",flatten
2023-02-21,-1,14,2023-02-21 14:30:00-06:00,294.341,2023-02-21 14:58:00-06:00,294.009,295.7,46.48,"lasthalf short: r_first -1.30%, r_late -0.13%",flatten
2023-02-22,1,14,2023-02-22 14:30:00-06:00,293.519,2023-02-22 14:58:00-06:00,293.691,292.16,24.08,"lasthalf long: r_first +0.23%, r_late +0.09%",flatten
2023-02-23,1,15,2023-02-23 14:30:00-06:00,297.73900000000003,2023-02-23 14:58:00-06:00,296.961,296.45,-116.7,"lasthalf long: r_first +1.10%, r_late +0.43%",flatten
2023-02-24,-1,15,2023-02-24 14:30:00-06:00,291.301,2023-02-24 14:58:00-06:00,291.889,292.57,-88.2,"lasthalf short: r_first -1.86%, r_late -0.25%",flatten
2023-03-01,-1,15,2023-03-01 14:30:00-06:00,290.661,2023-03-01 14:58:00-06:00,291.049,291.89,-58.2,"lasthalf short: r_first -0.08%, r_late -0.04%",flatten
2023-03-03,1,16,2023-03-03 14:30:00-06:00,299.589,2023-03-03 14:58:00-06:00,299.641,298.44,8.32,"lasthalf long: r_first +1.04%, r_late +0.02%",flatten
2023-03-07,1,18,2023-03-07 14:30:00-06:00,295.98900000000003,2023-03-07 14:58:00-06:00,296.111,294.92,21.96,"lasthalf long: r_first +0.09%, r_late +0.05%",flatten
2023-03-10,-1,18,2023-03-10 14:30:00-06:00,289.061,2023-03-10 14:58:00-06:00,288.529,290.13,95.76,"lasthalf short: r_first -0.78%, r_late -0.15%",flatten
2023-03-16,1,16,2023-03-16 14:30:00-05:00,307.069,2023-03-16 14:58:00-05:00,306.881,305.91,-30.08,"lasthalf long: r_first +0.26%, r_late +0.32%",flatten
2023-03-17,1,16,2023-03-17 14:30:00-05:00,305.659,2023-03-17 14:58:00-05:00,305.111,304.48,-87.68,"lasthalf long: r_first +0.27%, r_late +0.34%",flatten
2023-03-20,-1,14,2023-03-20 14:30:00-05:00,305.111,2023-03-20 14:58:00-05:00,305.859,306.46,-104.72,"lasthalf short: r_first -0.83%, r_late -0.01%",flatten
2023-03-21,1,13,2023-03-21 14:30:00-05:00,309.899,2023-03-21 14:58:00-05:00,310.101,308.46,26.26,"lasthalf long: r_first +0.96%, r_late +0.15%",flatten
2023-03-22,1,13,2023-03-22 14:30:00-05:00,312.159,2023-03-22 14:34:00-05:00,310.701,310.72,-189.54,"lasthalf long: r_first +0.06%, r_late +0.23%",stop
2023-03-29,1,12,2023-03-29 14:30:00-05:00,313.099,2023-03-29 14:58:00-05:00,312.601,311.56,-59.76,"lasthalf long: r_first +1.44%, r_late +0.24%",flatten
2023-03-30,1,12,2023-03-30 14:30:00-05:00,315.6195,2023-03-30 14:58:00-05:00,315.581,314.1,-4.62,"lasthalf long: r_first +0.88%, r_late +0.10%",flatten
2023-03-31,1,13,2023-03-31 14:30:00-05:00,320.829,2023-03-31 14:58:00-05:00,320.951,319.39,15.86,"lasthalf long: r_first +0.45%, r_late +0.38%",flatten
2023-04-05,-1,17,2023-04-05 14:30:00-05:00,315.241,2023-04-05 14:58:00-05:00,315.979,316.35,-125.46,"lasthalf short: r_first -0.59%, r_late -0.16%",flatten
2023-04-10,-1,18,2023-04-10 14:30:00-05:00,317.251,2023-04-10 14:58:00-05:00,317.589,318.28000000000003,-60.84,"lasthalf short: r_first -1.38%, r_late -0.15%",flatten
2023-04-13,1,20,2023-04-13 14:30:00-05:00,319.459,2023-04-13 14:58:00-05:00,319.101,318.52,-71.6,"lasthalf long: r_first +0.88%, r_late +0.10%",flatten
2023-05-09,-1,23,2023-05-09 14:30:00-05:00,321.531,2023-05-09 14:58:00-05:00,321.559,322.36,-6.44,"lasthalf short: r_first -0.32%, r_late -0.09%",flatten
2023-05-10,1,23,2023-05-10 14:30:00-05:00,325.654,2023-05-10 14:58:00-05:00,324.951,324.82,-161.69,"lasthalf long: r_first +0.86%, r_late +0.27%",flatten
2023-05-11,-1,23,2023-05-11 14:30:00-05:00,326.341,2023-05-11 14:58:00-05:00,326.259,327.17,18.86,"lasthalf short: r_first -0.14%, r_late -0.07%",flatten
2023-05-26,1,23,2023-05-26 14:30:00-05:00,348.73900000000003,2023-05-26 14:58:00-05:00,348.671,347.91,-15.64,"lasthalf long: r_first +0.99%, r_late +0.07%",flatten
2023-05-31,-1,21,2023-05-31 14:30:00-05:00,348.101,2023-05-31 14:46:00-05:00,349.009,348.99,-190.68,"lasthalf short: r_first -0.13%, r_late -0.07%",stop
2023-06-08,1,17,2023-06-08 14:30:00-05:00,352.809,2023-06-08 14:58:00-05:00,353.156,351.72,58.99,"lasthalf long: r_first +0.37%, r_late +0.03%",flatten
2023-06-12,1,17,2023-06-12 14:30:00-05:00,359.749,2023-06-12 14:58:00-05:00,360.051,358.67,51.34,"lasthalf long: r_first +0.41%, r_late +0.15%",flatten
2023-06-13,1,17,2023-06-13 14:30:00-05:00,362.639,2023-06-13 14:58:00-05:00,363.001,361.56,61.54,"lasthalf long: r_first +0.27%, r_late +0.02%",flatten
2023-06-14,1,17,2023-06-14 14:30:00-05:00,364.479,2023-06-14 14:50:00-05:00,363.371,363.39,-188.36,"lasthalf long: r_first +0.17%, r_late +0.05%",stop
2023-06-21,-1,17,2023-06-21 14:30:00-05:00,363.221,2023-06-21 14:58:00-05:00,362.064,364.31,196.69,"lasthalf short: r_first -0.81%, r_late -0.23%",flatten
2023-06-27,1,16,2023-06-27 14:30:00-05:00,364.564,2023-06-27 14:58:00-05:00,363.756,363.38,-129.28,"lasthalf long: r_first +0.70%, r_late +0.23%",flatten
2023-06-28,-1,16,2023-06-28 14:30:00-05:00,363.741,2023-06-28 14:58:00-05:00,363.769,364.92,-4.48,"lasthalf short: r_first -0.10%, r_late -0.12%",flatten
2023-06-30,1,16,2023-06-30 14:30:00-05:00,370.059,2023-06-30 14:58:00-05:00,369.82099999999997,368.88,-38.08,"lasthalf long: r_first +1.43%, r_late +0.07%",flatten
2023-07-03,1,16,2023-07-03 14:32:00-05:00,370.069,2023-07-03 14:56:00-05:00,370.131,368.89,9.92,"lasthalf long: r_first +0.25%, r_late +0.00%",session end
2023-08-21,1,16,2023-08-21 14:30:00-05:00,364.039,2023-08-21 14:58:00-05:00,364.061,362.89,3.52,"lasthalf long: r_first +1.12%, r_late +0.07%",flatten
2023-08-23,1,16,2023-08-23 14:30:00-05:00,369.899,2023-08-23 14:58:00-05:00,369.051,368.75,-135.68,"lasthalf long: r_first +0.89%, r_late +0.15%",flatten
2023-08-25,1,16,2023-08-25 14:30:00-05:00,364.92900000000003,2023-08-25 14:50:00-05:00,363.771,363.79,-185.28,"lasthalf long: r_first +0.62%, r_late +0.12%",stop
2023-08-29,1,16,2023-08-29 14:30:00-05:00,375.049,2023-08-29 14:58:00-05:00,374.561,373.89,-78.08,"lasthalf long: r_first +0.45%, r_late +0.15%",flatten
2023-08-31,1,16,2023-08-31 14:30:00-05:00,378.8565,2023-08-31 14:58:00-05:00,378.181,377.72,-108.08,"lasthalf long: r_first +0.48%, r_late +0.11%",flatten
2023-09-01,1,16,2023-09-01 14:30:00-05:00,377.499,2023-09-01 14:58:00-05:00,377.721,376.35,35.52,"lasthalf long: r_first +0.18%, r_late +0.14%",flatten
2023-09-05,-1,16,2023-09-05 14:30:00-05:00,378.431,2023-09-05 14:58:00-05:00,378.224,379.58,33.12,"lasthalf short: r_first -0.37%, r_late -0.22%",flatten
2023-09-06,-1,16,2023-09-06 14:30:00-05:00,373.891,2023-09-06 14:58:00-05:00,374.629,375.04,-118.08,"lasthalf short: r_first -0.30%, r_late -0.09%",flatten
2023-09-07,-1,17,2023-09-07 14:30:00-05:00,372.191,2023-09-07 14:58:00-05:00,372.189,373.3,0.34,"lasthalf short: r_first -1.28%, r_late -0.03%",flatten
2023-09-12,-1,17,2023-09-12 14:30:00-05:00,372.691,2023-09-12 14:58:00-05:00,372.834,373.78000000000003,-24.31,"lasthalf short: r_first -0.13%, r_late -0.06%",flatten
2023-10-03,-1,16,2023-10-03 14:30:00-05:00,353.611,2023-10-03 14:58:00-05:00,354.639,354.78000000000003,-164.48,"lasthalf short: r_first -0.24%, r_late -0.24%",flatten
2023-10-04,1,16,2023-10-04 14:30:00-05:00,359.729,2023-10-04 14:58:00-05:00,360.121,358.53000000000003,62.72,"lasthalf long: r_first +0.58%, r_late +0.32%",flatten
2023-10-09,-1,16,2023-10-09 14:30:00-05:00,366.606,2023-10-09 14:58:00-05:00,366.55400000000003,367.82,8.32,"lasthalf short: r_first -0.38%, r_late -0.04%",flatten
2023-10-10,1,16,2023-10-10 14:30:00-05:00,368.98900000000003,2023-10-10 14:58:00-05:00,368.421,367.78000000000003,-90.88,"lasthalf long: r_first +0.35%, r_late +0.07%",flatten
2023-10-18,-1,16,2023-10-18 14:30:00-05:00,363.191,2023-10-18 14:58:00-05:00,363.069,364.38,19.52,"lasthalf short: r_first -0.48%, r_late -0.22%",flatten
2023-10-19,1,16,2023-10-19 14:30:00-05:00,360.249,2023-10-19 14:58:00-05:00,360.19599999999997,359.06,-8.48,"lasthalf long: r_first +0.28%, r_late +0.02%",flatten
2023-10-20,-1,16,2023-10-20 14:30:00-05:00,355.4709,2023-10-20 14:58:00-05:00,354.7719,356.66,111.84,"lasthalf short: r_first -0.29%, r_late -0.08%",flatten
2023-10-23,-1,16,2023-10-23 14:30:00-05:00,356.441,2023-10-23 14:58:00-05:00,355.669,357.63,123.52,"lasthalf short: r_first -0.16%, r_late -0.28%",flatten
2023-10-24,1,15,2023-10-24 14:30:00-05:00,359.319,2023-10-24 14:58:00-05:00,359.231,358.1,-13.2,"lasthalf long: r_first +0.85%, r_late +0.17%",flatten
2023-10-26,-1,15,2023-10-26 14:30:00-05:00,345.341,2023-10-26 14:58:00-05:00,343.919,346.61,213.3,"lasthalf short: r_first -0.96%, r_late -0.38%",flatten
2023-10-27,1,15,2023-10-27 14:30:00-05:00,345.2265,2023-10-27 14:58:00-05:00,345.01099999999997,343.95,-32.33,"lasthalf long: r_first +0.95%, r_late +0.21%",flatten
2023-10-30,1,14,2023-10-30 14:30:00-05:00,349.889,2023-10-30 14:58:00-05:00,349.111,348.52,-108.92,"lasthalf long: r_first +1.30%, r_late +0.08%",flatten
2023-11-01,1,13,2023-11-01 14:30:00-05:00,356.809,2023-11-01 14:58:00-05:00,357.251,355.37,57.46,"lasthalf long: r_first +0.42%, r_late +0.48%",flatten
2023-11-07,1,14,2023-11-07 14:30:00-06:00,373.23900000000003,2023-11-07 14:58:00-06:00,372.481,371.87,-106.12,"lasthalf long: r_first +0.43%, r_late +0.07%",flatten
2023-11-08,1,15,2023-11-08 14:30:00-06:00,372.624,2023-11-08 14:58:00-06:00,372.901,371.37,41.55,"lasthalf long: r_first +0.12%, r_late +0.10%",flatten
2023-11-10,1,16,2023-11-10 14:30:00-06:00,378.199,2023-11-10 14:58:00-06:00,378.211,377.01,1.92,"lasthalf long: r_first +0.80%, r_late +0.14%",flatten
2023-11-14,1,18,2023-11-14 14:30:00-06:00,386.069,2023-11-14 14:55:00-06:00,384.981,385.0,-195.84,"lasthalf long: r_first +2.02%, r_late +0.13%",stop
2023-11-17,-1,20,2023-11-17 14:30:00-06:00,386.301,2023-11-17 14:58:00-06:00,386.139,387.24,32.4,"lasthalf short: r_first -0.13%, r_late -0.01%",flatten
2023-11-20,1,20,2023-11-20 14:30:00-06:00,391.169,2023-11-20 14:58:00-06:00,390.531,390.24,-127.6,"lasthalf long: r_first +0.63%, r_late +0.07%",flatten
2024-02-02,1,16,2024-02-02 14:30:00-06:00,430.039,2024-02-02 14:58:00-06:00,429.526,428.85,-82.08,"lasthalf long: r_first +0.89%, r_late +0.02%",flatten
2024-02-05,-1,16,2024-02-05 14:30:00-06:00,428.841,2024-02-05 14:58:00-06:00,428.879,430.05,-6.08,"lasthalf short: r_first -0.12%, r_late -0.12%",flatten
2024-02-06,-1,16,2024-02-06 14:30:00-06:00,427.006,2024-02-06 14:58:00-06:00,427.479,428.2,-75.68,"lasthalf short: r_first -0.23%, r_late -0.00%",flatten
2024-02-07,1,16,2024-02-07 14:30:00-06:00,432.359,2024-02-07 14:58:00-06:00,431.951,431.21000000000004,-65.28,"lasthalf long: r_first +0.49%, r_late +0.01%",flatten
2024-02-13,-1,18,2024-02-13 14:30:00-06:00,425.961,2024-02-13 14:42:00-06:00,427.029,427.01,-192.24,"lasthalf short: r_first -1.58%, r_late -0.03%",stop
2024-02-14,1,18,2024-02-14 14:30:00-06:00,432.444,2024-02-14 14:58:00-06:00,433.341,431.39,161.46,"lasthalf long: r_first +0.64%, r_late +0.22%",flatten
2024-02-15,-1,18,2024-02-15 14:30:00-06:00,434.061,2024-02-15 14:58:00-06:00,434.499,435.11,-78.84,"lasthalf short: r_first -0.24%, r_late -0.06%",flatten
2024-02-16,-1,18,2024-02-16 14:30:00-06:00,431.551,2024-02-16 14:58:00-06:00,430.569,432.58,176.76,"lasthalf short: r_first -0.75%, r_late -0.01%",flatten
2024-02-22,1,16,2024-02-22 14:30:00-06:00,438.469,2024-02-22 14:58:00-06:00,438.4235,437.32,-7.28,"lasthalf long: r_first +2.23%, r_late +0.05%",flatten
2024-03-04,-1,16,2024-03-04 14:30:00-06:00,445.401,2024-03-04 14:58:00-06:00,443.98900000000003,446.54,225.92,"lasthalf short: r_first -0.19%, r_late -0.06%",flatten
2024-03-05,-1,16,2024-03-05 14:30:00-06:00,433.831,2024-03-05 14:47:00-06:00,434.98900000000003,434.97,-185.28,"lasthalf short: r_first -1.17%, r_late -0.09%",stop
2024-03-11,-1,16,2024-03-11 14:30:00-05:00,437.051,2024-03-11 14:58:00-05:00,437.42900000000003,438.19,-60.48,"lasthalf short: r_first -0.75%, r_late -0.24%",flatten
2024-03-12,1,16,2024-03-12 14:30:00-05:00,443.529,2024-03-12 14:58:00-05:00,443.826,442.39,47.52,"lasthalf long: r_first +0.45%, r_late +0.08%",flatten
2024-03-13,-1,16,2024-03-13 14:30:00-05:00,439.811,2024-03-13 14:58:00-05:00,440.244,440.95,-69.28,"lasthalf short: r_first -0.72%, r_late -0.35%",flatten
2024-03-14,-1,17,2024-03-14 14:30:00-05:00,437.121,2024-03-14 14:51:00-05:00,438.249,438.23,-191.76,"lasthalf short: r_first -0.44%, r_late -0.32%",stop
2024-03-18,1,16,2024-03-18 14:30:00-05:00,438.709,2024-03-18 14:55:00-05:00,437.501,437.52,-193.28,"lasthalf long: r_first +1.14%, r_late +0.01%",stop
2024-03-19,-1,15,2024-03-19 14:30:00-05:00,437.591,2024-03-19 14:53:00-05:00,438.85900000000004,438.84000000000003,-190.2,"lasthalf short: r_first -0.74%, r_late -0.18%",stop
2024-03-21,1,15,2024-03-21 14:30:00-05:00,446.48900000000003,2024-03-21 14:58:00-05:00,445.941,445.22,-82.2,"lasthalf long: r_first +0.93%, r_late +0.07%",flatten
2024-03-22,-1,15,2024-03-22 14:30:00-05:00,446.161,2024-03-22 14:58:00-05:00,446.559,447.43,-59.7,"lasthalf short: r_first -0.13%, r_late -0.12%",flatten
2024-04-24,1,12,2024-04-24 14:30:00-05:00,426.729,2024-04-24 14:58:00-05:00,426.831,425.21000000000004,12.24,"lasthalf long: r_first +0.75%, r_late +0.32%",flatten
2024-04-26,1,12,2024-04-26 14:30:00-05:00,432.229,2024-04-26 14:58:00-05:00,431.176,430.69,-126.36,"lasthalf long: r_first +1.28%, r_late +0.12%",flatten
2024-05-01,-1,12,2024-05-01 14:30:00-05:00,428.331,2024-05-01 14:58:00-05:00,421.979,429.87,762.24,"lasthalf short: r_first -0.47%, r_late -0.18%",flatten
2024-05-02,1,12,2024-05-02 14:30:00-05:00,427.419,2024-05-02 14:58:00-05:00,426.591,425.85,-99.36,"lasthalf long: r_first +0.45%, r_late +0.03%",flatten
2024-05-03,1,12,2024-05-03 14:30:00-05:00,435.839,2024-05-03 14:58:00-05:00,435.326,434.27,-61.56,"lasthalf long: r_first +1.99%, r_late +0.05%",flatten
2024-05-09,-1,15,2024-05-09 14:30:00-05:00,440.841,2024-05-09 14:58:00-05:00,440.749,442.1,13.8,"lasthalf short: r_first -0.10%, r_late -0.13%",flatten
2024-05-10,1,17,2024-05-10 14:30:00-05:00,442.23900000000003,2024-05-10 14:58:00-05:00,442.331,441.12,15.64,"lasthalf long: r_first +0.63%, r_late +0.02%",flatten
2024-05-15,1,21,2024-05-15 14:30:00-05:00,452.869,2024-05-15 14:58:00-05:00,452.931,451.97,13.02,"lasthalf long: r_first +0.41%, r_late +0.05%",flatten
2024-07-23,1,13,2024-07-23 14:30:00-05:00,482.149,2024-07-23 14:42:00-05:00,480.69100000000003,480.71000000000004,-189.54,"lasthalf long: r_first +0.05%, r_late +0.06%",stop
2024-07-24,-1,13,2024-07-24 14:30:00-05:00,463.711,2024-07-24 14:38:00-05:00,465.16900000000004,465.15000000000003,-189.54,"lasthalf short: r_first -2.04%, r_late -0.16%",stop
2024-07-26,1,13,2024-07-26 14:30:00-05:00,463.189,2024-07-26 14:33:00-05:00,461.69100000000003,461.71000000000004,-194.74,"lasthalf long: r_first +0.81%, r_late +0.28%",stop
2024-07-29,1,13,2024-07-29 14:30:00-05:00,464.639,2024-07-29 14:58:00-05:00,463.811,463.14,-107.64,"lasthalf long: r_first +0.97%, r_late +0.11%",flatten
2024-08-01,1,11,2024-08-01 14:30:00-05:00,458.589,2024-08-01 14:58:00-05:00,459.621,456.90000000000003,113.52,"lasthalf long: r_first +0.78%, r_late +0.45%",flatten
2024-08-07,1,9,2024-08-07 14:30:00-05:00,437.719,2024-08-07 14:54:00-05:00,435.621,435.64,-188.82,"lasthalf long: r_first +1.94%, r_late +0.34%",stop
2024-08-12,-1,9,2024-08-12 14:30:00-05:00,450.881,2024-08-12 14:58:00-05:00,450.619,452.96000000000004,23.58,"lasthalf short: r_first -0.35%, r_late -0.14%",flatten
2024-08-14,-1,9,2024-08-14 14:30:00-05:00,461.601,2024-08-14 14:58:00-05:00,463.324,463.68,-155.07,"lasthalf short: r_first -0.37%, r_late -0.27%",flatten
2024-08-16,-1,9,2024-08-16 14:30:00-05:00,474.991,2024-08-16 14:58:00-05:00,475.129,477.03000000000003,-12.42,"lasthalf short: r_first -0.42%, r_late -0.10%",flatten
2024-08-23,1,11,2024-08-23 14:30:00-05:00,480.289,2024-08-23 14:45:00-05:00,478.561,478.58,-190.08,"lasthalf long: r_first +0.90%, r_late +0.31%",stop
2024-08-26,-1,11,2024-08-26 14:30:00-05:00,475.151,2024-08-26 14:58:00-05:00,474.659,476.86,54.12,"lasthalf short: r_first -0.33%, r_late -0.15%",flatten
2024-08-27,-1,11,2024-08-27 14:30:00-05:00,476.721,2024-08-27 14:58:00-05:00,476.589,478.40000000000003,14.52,"lasthalf short: r_first -0.25%, r_late -0.04%",flatten
2024-08-29,1,11,2024-08-29 14:30:00-05:00,471.019,2024-08-29 14:58:00-05:00,470.271,469.35,-82.28,"lasthalf long: r_first +1.18%, r_late +0.01%",flatten
2024-08-30,1,11,2024-08-30 14:30:00-05:00,475.164,2024-08-30 14:58:00-05:00,476.646,473.49,163.02,"lasthalf long: r_first +1.10%, r_late +0.20%",flatten
2024-09-03,-1,11,2024-09-03 14:30:00-05:00,462.411,2024-09-03 14:58:00-05:00,461.559,464.08,93.72,"lasthalf short: r_first -1.21%, r_late -0.06%",flatten
2024-09-09,1,10,2024-09-09 14:30:00-05:00,453.459,2024-09-09 14:58:00-05:00,454.211,451.63,75.2,"lasthalf long: r_first +1.24%, r_late +0.22%",flatten
2024-09-10,1,10,2024-09-10 14:30:00-05:00,458.73900000000003,2024-09-10 14:58:00-05:00,458.671,456.90000000000003,-6.8,"lasthalf long: r_first +0.42%, r_late +0.19%",flatten
2024-09-13,1,10,2024-09-13 14:30:00-05:00,475.399,2024-09-13 14:58:00-05:00,475.541,473.49,14.2,"lasthalf long: r_first +0.12%, r_late +0.08%",flatten
2024-09-16,-1,10,2024-09-16 14:30:00-05:00,472.741,2024-09-16 14:58:00-05:00,473.459,474.58,-71.8,"lasthalf short: r_first -0.49%, r_late -0.08%",flatten
2024-09-17,1,10,2024-09-17 14:30:00-05:00,472.789,2024-09-17 14:58:00-05:00,473.201,470.95,41.2,"lasthalf long: r_first +0.46%, r_late +0.07%",flatten
2024-09-18,1,10,2024-09-18 14:30:00-05:00,475.1791,2024-09-18 14:36:00-05:00,473.321,473.34000000000003,-185.81,"lasthalf long: r_first +0.15%, r_late +0.11%",stop
2024-09-24,1,11,2024-09-24 14:30:00-05:00,484.909,2024-09-24 14:58:00-05:00,484.861,483.15000000000003,-5.28,"lasthalf long: r_first +0.07%, r_late +0.02%",flatten
2024-11-06,1,15,2024-11-06 14:30:00-06:00,505.769,2024-11-06 14:58:00-06:00,505.721,504.51,-7.2,"lasthalf long: r_first +1.64%, r_late +0.07%",flatten
2024-11-13,-1,16,2024-11-13 14:30:00-06:00,512.801,2024-11-13 14:58:00-06:00,511.889,513.95,145.92,"lasthalf short: r_first -0.19%, r_late -0.01%",flatten
2024-11-14,-1,16,2024-11-14 14:30:00-06:00,509.036,2024-11-14 14:58:00-06:00,508.559,510.19,76.32,"lasthalf short: r_first -0.29%, r_late -0.22%",flatten
2024-11-18,1,16,2024-11-18 14:30:00-06:00,500.469,2024-11-18 14:58:00-06:00,499.751,499.29,-114.88,"lasthalf long: r_first +0.20%, r_late +0.06%",flatten
2024-12-16,1,18,2024-12-16 14:30:00-06:00,538.999,2024-12-16 14:51:00-06:00,537.941,537.96,-190.44,"lasthalf long: r_first +0.82%, r_late +0.09%",stop
2024-12-17,-1,19,2024-12-17 14:30:00-06:00,534.761,2024-12-17 14:45:00-06:00,535.769,535.75,-191.52,"lasthalf short: r_first -0.47%, r_late -0.05%",stop
2024-12-18,-1,19,2024-12-18 14:30:00-06:00,521.961,2024-12-18 14:30:00-06:00,522.969,522.95,-191.52,"lasthalf short: r_first -0.10%, r_late -0.88%",stop
2024-12-19,1,19,2024-12-19 14:30:00-06:00,516.879,2024-12-19 14:34:00-06:00,515.871,515.89,-191.52,"lasthalf long: r_first +0.46%, r_late +0.12%",stop
2024-12-20,-1,18,2024-12-20 14:30:00-06:00,520.901,2024-12-20 14:58:00-06:00,517.974,521.9300000000001,526.86,"lasthalf short: r_first -0.63%, r_late -0.21%",flatten
2024-12-23,1,17,2024-12-23 14:30:00-06:00,521.719,2024-12-23 14:58:00-06:00,522.951,520.62,209.44,"lasthalf long: r_first +0.20%, r_late +0.01%",flatten
2024-12-27,-1,17,2024-12-27 14:30:00-06:00,521.211,2024-12-27 14:51:00-06:00,522.3290000000001,522.3100000000001,-190.06,"lasthalf short: r_first -1.31%, r_late -0.26%",stop
2024-12-30,-1,16,2024-12-30 14:30:00-06:00,516.951,2024-12-30 14:58:00-06:00,516.389,518.09,89.92,"lasthalf short: r_first -1.90%, r_late -0.29%",flatten
2024-12-31,1,16,2024-12-31 14:30:00-06:00,513.299,2024-12-31 14:40:00-06:00,512.131,512.15,-186.88,"lasthalf long: r_first +0.15%, r_late +0.19%",stop
2025-01-02,1,15,2025-01-02 14:30:00-06:00,509.859,2025-01-02 14:58:00-06:00,510.041,508.62,27.3,"lasthalf long: r_first +0.82%, r_late +0.43%",flatten
2025-01-06,1,13,2025-01-06 14:30:00-06:00,523.949,2025-01-06 14:58:00-06:00,523.811,522.55,-17.94,"lasthalf long: r_first +1.44%, r_late +0.30%",flatten
2025-01-07,-1,13,2025-01-07 14:30:00-06:00,514.411,2025-01-07 14:58:00-06:00,515.299,515.91,-115.44,"lasthalf short: r_first -0.17%, r_late -0.42%",flatten
2025-01-10,-1,10,2025-01-10 14:30:00-06:00,507.101,2025-01-10 14:58:00-06:00,507.789,508.98,-68.8,"lasthalf short: r_first -1.35%, r_late -0.35%",flatten
2025-01-13,-1,9,2025-01-13 14:30:00-06:00,504.031,2025-01-13 14:58:00-06:00,505.789,506.09000000000003,-158.22,"lasthalf short: r_first -1.00%, r_late -0.10%",flatten
2025-01-15,1,10,2025-01-15 14:30:00-06:00,517.559,2025-01-15 14:58:00-06:00,516.691,515.6800000000001,-86.8,"lasthalf long: r_first +1.92%, r_late +0.10%",flatten
2025-01-16,-1,10,2025-01-16 14:30:00-06:00,515.051,2025-01-16 14:58:00-06:00,513.539,516.9300000000001,151.2,"lasthalf short: r_first -0.07%, r_late -0.20%",flatten
2025-01-21,1,9,2025-01-21 14:30:00-06:00,525.369,2025-01-21 14:58:00-06:00,524.701,523.38,-60.12,"lasthalf long: r_first +0.16%, r_late +0.09%",flatten
2025-01-28,1,11,2025-01-28 14:30:00-06:00,522.819,2025-01-28 14:58:00-06:00,521.811,521.16,-110.88,"lasthalf long: r_first +0.14%, r_late +0.01%",flatten
2025-01-30,1,11,2025-01-30 14:30:00-06:00,524.7090000000001,2025-01-30 14:37:00-06:00,522.971,522.99,-191.18,"lasthalf long: r_first +0.68%, r_late +0.14%",stop
2025-02-03,-1,11,2025-02-03 14:30:00-06:00,519.361,2025-02-03 14:58:00-06:00,518.389,521.08,106.92,"lasthalf short: r_first -1.68%, r_late -0.13%",flatten
2025-02-06,1,12,2025-02-06 14:30:00-06:00,527.659,2025-02-06 14:58:00-06:00,529.481,526.1,218.64,"lasthalf long: r_first +0.15%, r_late +0.20%",flatten
2025-02-10,1,12,2025-02-10 14:30:00-06:00,529.649,2025-02-10 14:58:00-06:00,529.271,528.09,-45.36,"lasthalf long: r_first +0.95%, r_late +0.01%",flatten
2025-02-11,-1,12,2025-02-11 14:30:00-06:00,528.391,2025-02-11 14:58:00-06:00,527.639,529.95,90.24,"lasthalf short: r_first -0.29%, r_late -0.07%",flatten
2025-02-13,1,12,2025-02-13 14:30:00-06:00,535.2090000000001,2025-02-13 14:58:00-06:00,535.931,533.65,86.64,"lasthalf long: r_first +0.55%, r_late +0.12%",flatten
2025-02-27,-1,14,2025-02-27 14:30:00-06:00,502.361,2025-02-27 14:58:00-06:00,500.409,503.74,273.28,"lasthalf short: r_first -0.87%, r_late -0.70%",flatten
2025-03-03,-1,13,2025-03-03 14:30:00-06:00,495.111,2025-03-03 14:55:00-06:00,496.589,496.57,-192.14,"lasthalf short: r_first -0.38%, r_late -1.08%",stop
2025-03-07,1,9,2025-03-07 14:30:00-06:00,491.819,2025-03-07 14:38:00-06:00,489.681,489.7,-192.42,"lasthalf long: r_first +0.29%, r_late +0.16%",stop
2025-03-13,-1,6,2025-03-13 14:30:00-05:00,468.601,2025-03-13 14:58:00-05:00,467.939,471.65000000000003,39.72,"lasthalf short: r_first -1.23%, r_late -0.53%",flatten
2025-03-18,-1,6,2025-03-18 14:30:00-05:00,474.871,2025-03-18 14:58:00-05:00,474.659,477.95,12.72,"lasthalf short: r_first -1.80%, r_late -0.19%",flatten
2025-03-21,-1,6,2025-03-21 14:30:00-05:00,478.32099999999997,2025-03-21 14:58:00-05:00,480.719,481.35,-143.88,"lasthalf short: r_first -0.79%, r_late -0.09%",flatten
2025-03-24,1,6,2025-03-24 14:30:00-05:00,490.549,2025-03-24 14:58:00-05:00,490.971,487.63,25.32,"lasthalf long: r_first +1.68%, r_late +0.03%",flatten
2025-03-25,1,7,2025-03-25 14:30:00-05:00,492.269,2025-03-25 14:58:00-05:00,493.406,489.65000000000003,79.59,"lasthalf long: r_first +0.23%, r_late +0.05%",flatten
2025-03-28,-1,9,2025-03-28 14:30:00-05:00,468.941,2025-03-28 14:58:00-05:00,469.319,471.04,-34.02,"lasthalf short: r_first -0.65%, r_late -0.12%",flatten
2025-04-03,-1,9,2025-04-03 14:30:00-05:00,451.681,2025-04-03 14:58:00-05:00,450.939,453.69,66.78,"lasthalf short: r_first -3.80%, r_late -0.65%",flatten
2025-04-07,-1,9,2025-04-07 14:30:00-05:00,420.731,2025-04-07 14:31:00-05:00,422.909,422.89,-196.02,"lasthalf short: r_first -1.49%, r_late -0.56%",stop
2025-04-09,1,8,2025-04-09 14:30:00-05:00,462.089,2025-04-09 14:58:00-05:00,465.741,459.72,292.16,"lasthalf long: r_first +1.21%, r_late +2.00%",flatten
2025-04-10,-1,8,2025-04-10 14:30:00-05:00,443.871,2025-04-10 14:32:00-05:00,446.349,446.33,-198.24,"lasthalf short: r_first -3.14%, r_late -0.87%",stop
2025-04-11,1,7,2025-04-11 14:30:00-05:00,454.669,2025-04-11 14:58:00-05:00,454.591,452.08,-5.46,"lasthalf long: r_first +0.47%, r_late +0.49%",flatten
2025-04-14,1,7,2025-04-14 14:30:00-05:00,459.829,2025-04-14 14:57:00-05:00,457.061,457.08,-193.76,"lasthalf long: r_first +1.27%, r_late +0.13%",stop
2025-04-16,-1,6,2025-04-16 14:30:00-05:00,438.161,2025-04-16 14:47:00-05:00,441.349,441.33,-191.28,"lasthalf short: r_first -2.28%, r_late -0.43%",stop
2025-04-25,-1,5,2025-04-25 14:30:00-05:00,471.351,2025-04-25 14:58:00-05:00,472.659,474.66,-65.4,"lasthalf short: r_first -0.27%, r_late -0.07%",flatten
2025-05-01,1,7,2025-05-01 14:30:00-05:00,484.619,2025-05-01 14:55:00-05:00,482.091,482.11,-176.96,"lasthalf long: r_first +1.16%, r_late +0.05%",stop
2025-05-02,1,8,2025-05-02 14:30:00-05:00,489.619,2025-05-02 14:58:00-05:00,489.041,487.27,-46.24,"lasthalf long: r_first +1.01%, r_late +0.01%",flatten
2025-05-05,-1,8,2025-05-05 14:30:00-05:00,487.101,2025-05-05 14:58:00-05:00,485.894,489.29,96.56,"lasthalf short: r_first -0.64%, r_late -0.19%",flatten
2025-05-06,-1,9,2025-05-06 14:30:00-05:00,483.191,2025-05-06 14:58:00-05:00,482.459,485.32,65.88,"lasthalf short: r_first -1.51%, r_late -0.02%",flatten
2025-05-08,1,9,2025-05-08 14:30:00-05:00,492.319,2025-05-08 14:45:00-05:00,490.171,490.19,-193.32,"lasthalf long: r_first +0.71%, r_late +0.18%",stop
2025-05-09,1,9,2025-05-09 14:30:00-05:00,488.569,2025-05-09 14:58:00-05:00,488.091,486.46000000000004,-43.02,"lasthalf long: r_first +0.55%, r_late +0.08%",flatten
2025-05-15,-1,12,2025-05-15 14:30:00-05:00,516.851,2025-05-15 14:48:00-05:00,518.489,518.47,-196.56,"lasthalf short: r_first -0.44%, r_late -0.33%",stop
2025-05-16,1,12,2025-05-16 14:30:00-05:00,521.339,2025-05-16 14:58:00-05:00,521.506,519.72,20.04,"lasthalf long: r_first +0.13%, r_late +0.09%",flatten
2025-05-19,-1,12,2025-05-19 14:30:00-05:00,520.461,2025-05-19 14:58:00-05:00,521.869,522.0600000000001,-168.96,"lasthalf short: r_first -0.67%, r_late -0.17%",flatten
2025-05-21,-1,13,2025-05-21 14:30:00-05:00,511.811,2025-05-21 14:33:00-05:00,513.279,513.26,-190.84,"lasthalf short: r_first -0.32%, r_late -0.39%",stop
2025-05-23,-1,12,2025-05-23 14:30:00-05:00,510.131,2025-05-23 14:58:00-05:00,509.549,511.67,69.84,"lasthalf short: r_first -1.34%, r_late -0.11%",flatten
2025-05-29,1,13,2025-05-29 14:30:00-05:00,518.989,2025-05-29 14:58:00-05:00,519.911,517.54,119.86,"lasthalf long: r_first +0.70%, r_late +0.04%",flatten
2025-10-21,-1,16,2025-10-21 14:30:00-05:00,611.7909999999999,2025-10-21 14:58:00-05:00,611.999,613.0,-33.28,"lasthalf short: r_first -0.25%, r_late -0.00%",flatten
2025-10-23,1,12,2025-10-23 14:30:00-05:00,611.159,2025-10-23 14:58:00-05:00,610.621,609.64,-64.56,"lasthalf long: r_first +0.49%, r_late +0.01%",flatten
2025-10-24,1,12,2025-10-24 14:30:00-05:00,618.284,2025-10-24 14:58:00-05:00,617.241,616.76,-125.16,"lasthalf long: r_first +1.04%, r_late +0.06%",flatten
2025-10-28,1,12,2025-10-28 14:30:00-05:00,634.569,2025-10-28 14:50:00-05:00,633.0310000000001,633.0500000000001,-184.56,"lasthalf long: r_first +0.40%, r_late +0.12%",stop
2025-10-29,1,12,2025-10-29 14:30:00-05:00,633.769,2025-10-29 14:58:00-05:00,634.961,632.25,143.04,"lasthalf long: r_first +0.62%, r_late +0.03%",flatten
2025-10-30,-1,12,2025-10-30 14:30:00-05:00,627.411,2025-10-30 14:58:00-05:00,626.279,628.9300000000001,135.84,"lasthalf short: r_first -0.58%, r_late -0.24%",flatten
2025-11-06,-1,13,2025-11-06 14:30:00-06:00,614.0409999999999,2025-11-06 14:58:00-06:00,611.579,615.48,320.06,"lasthalf short: r_first -0.86%, r_late -0.20%",flatten
2025-11-07,-1,13,2025-11-07 14:30:00-06:00,607.076,2025-11-07 14:43:00-06:00,608.539,608.52,-190.19,"lasthalf short: r_first -0.92%, r_late -0.24%",stop
2025-11-10,1,13,2025-11-10 14:30:00-06:00,623.099,2025-11-10 14:58:00-06:00,623.451,621.63,45.76,"lasthalf long: r_first +1.89%, r_late +0.03%",flatten
2025-11-11,-1,13,2025-11-11 14:30:00-06:00,621.821,2025-11-11 14:58:00-06:00,621.249,623.3100000000001,74.36,"lasthalf short: r_first -0.34%, r_late -0.02%",flatten
2025-11-14,-1,12,2025-11-14 14:30:00-06:00,609.651,2025-11-14 14:58:00-06:00,608.439,611.24,145.44,"lasthalf short: r_first -0.53%, r_late -0.34%",flatten
2025-11-17,1,10,2025-11-17 14:30:00-06:00,601.249,2025-11-17 14:58:00-06:00,603.121,599.42,187.2,"lasthalf long: r_first +0.39%, r_late +0.13%",flatten
2025-11-18,-1,9,2025-11-18 14:30:00-06:00,598.971,2025-11-18 14:58:00-06:00,597.199,601.07,159.48,"lasthalf short: r_first -1.46%, r_late -0.33%",flatten
2025-11-19,1,8,2025-11-19 14:30:00-06:00,600.954,2025-11-19 14:58:00-06:00,599.651,598.72,-104.24,"lasthalf long: r_first +1.27%, r_late +0.45%",flatten
2025-11-24,1,7,2025-11-24 14:30:00-06:00,605.289,2025-11-24 14:58:00-06:00,605.501,602.67,14.84,"lasthalf long: r_first +1.53%, r_late +0.09%",flatten
2025-11-26,1,7,2025-11-26 14:30:00-06:00,615.529,2025-11-26 14:58:00-06:00,614.711,612.91,-57.26,"lasthalf long: r_first +0.37%, r_late +0.06%",flatten
2025-11-28,1,7,2025-11-28 14:30:00-06:00,619.309,2025-11-28 14:58:00-06:00,619.121,616.75,-13.16,"lasthalf long: r_first +0.33%, r_late +0.01%",flatten
2025-12-02,1,8,2025-12-02 14:30:00-06:00,622.909,2025-12-02 14:58:00-06:00,622.021,620.59,-71.04,"lasthalf long: r_first +0.78%, r_late +0.00%",flatten
2025-12-04,-1,8,2025-12-04 14:30:00-06:00,621.3207,2025-12-04 14:58:00-06:00,622.449,623.7,-90.26,"lasthalf short: r_first -0.37%, r_late -0.10%",flatten
2025-12-08,1,10,2025-12-08 14:30:00-06:00,622.919,2025-12-08 14:58:00-06:00,623.306,621.02,38.7,"lasthalf long: r_first +0.08%, r_late +0.09%",flatten
2026-02-04,-1,12,2026-02-04 14:30:00-06:00,607.161,2026-02-04 14:58:00-06:00,605.639,608.77,182.64,"lasthalf short: r_first -0.98%, r_late -0.18%",flatten
2026-02-05,-1,12,2026-02-05 14:30:00-06:00,596.961,2026-02-05 14:58:00-06:00,597.509,598.57,-65.76,"lasthalf short: r_first -0.89%, r_late -0.29%",flatten
2026-02-06,1,10,2026-02-06 14:30:00-06:00,608.7090000000001,2026-02-06 14:58:00-06:00,610.511,606.9,180.2,"lasthalf long: r_first +0.91%, r_late +0.16%",flatten
2026-02-09,-1,10,2026-02-09 14:30:00-06:00,614.901,2026-02-09 14:58:00-06:00,614.979,616.78,-7.8,"lasthalf short: r_first -0.13%, r_late -0.14%",flatten
2026-02-12,-1,11,2026-02-12 14:30:00-06:00,601.561,2026-02-12 14:58:00-06:00,600.609,603.27,104.72,"lasthalf short: r_first -0.26%, r_late -0.38%",flatten
2026-02-13,-1,10,2026-02-13 14:30:00-06:00,600.871,2026-02-13 14:58:00-06:00,601.569,602.73,-69.8,"lasthalf short: r_first -0.20%, r_late -0.35%",flatten
2026-02-17,-1,8,2026-02-17 14:30:00-06:00,601.151,2026-02-17 14:58:00-06:00,600.869,603.34,22.56,"lasthalf short: r_first -1.27%, r_late -0.17%",flatten
2026-02-26,-1,10,2026-02-26 14:30:00-06:00,607.946,2026-02-26 14:58:00-06:00,608.869,609.86,-92.3,"lasthalf short: r_first -0.74%, r_late -0.13%",flatten
2026-03-10,-1,8,2026-03-10 14:30:00-05:00,607.721,2026-03-10 14:58:00-05:00,607.139,610.02,46.56,"lasthalf short: r_first -0.10%, r_late -0.17%",flatten
2026-03-20,-1,8,2026-03-20 14:30:00-05:00,580.681,2026-03-20 14:58:00-05:00,581.739,583.04,-84.64,"lasthalf short: r_first -1.13%, r_late -0.15%",flatten
2026-03-24,-1,9,2026-03-24 14:30:00-05:00,585.061,2026-03-24 14:58:00-05:00,583.399,587.24,149.58,"lasthalf short: r_first -0.73%, r_late -0.04%",flatten
2026-03-26,-1,9,2026-03-26 14:30:00-05:00,575.091,2026-03-26 14:58:00-05:00,573.974,577.27,100.53,"lasthalf short: r_first -0.64%, r_late -0.17%",flatten
2026-03-27,-1,9,2026-03-27 14:30:00-05:00,563.021,2026-03-27 14:58:00-05:00,562.799,565.14,19.98,"lasthalf short: r_first -1.22%, r_late -0.04%",flatten
2026-03-31,1,9,2026-03-31 14:30:00-05:00,576.469,2026-03-31 14:58:00-05:00,577.091,574.4,55.98,"lasthalf long: r_first +1.87%, r_late +0.11%",flatten
2026-04-01,1,9,2026-04-01 14:30:00-05:00,585.029,2026-04-01 14:58:00-05:00,584.231,582.85,-71.82,"lasthalf long: r_first +0.87%, r_late +0.32%",flatten
2026-04-08,1,9,2026-04-08 14:30:00-05:00,602.919,2026-04-08 14:58:00-05:00,605.111,600.74,197.28,"lasthalf long: r_first +2.90%, r_late +0.02%",flatten
2026-04-10,1,9,2026-04-10 14:30:00-05:00,611.329,2026-04-10 14:58:00-05:00,610.881,609.24,-40.32,"lasthalf long: r_first +0.30%, r_late +0.13%",flatten
2026-04-13,1,9,2026-04-13 14:30:00-05:00,615.349,2026-04-13 14:58:00-05:00,617.421,613.26,186.48,"lasthalf long: r_first +0.10%, r_late +0.06%",flatten
2026-04-14,1,9,2026-04-14 14:30:00-05:00,628.119,2026-04-14 14:58:00-05:00,628.221,626.11,9.18,"lasthalf long: r_first +0.72%, r_late +0.27%",flatten
2026-04-15,1,9,2026-04-15 14:30:00-05:00,636.639,2026-04-15 14:58:00-05:00,637.391,634.67,67.68,"lasthalf long: r_first +0.26%, r_late +0.13%",flatten
2026-04-20,-1,10,2026-04-20 14:30:00-05:00,646.2909999999999,2026-04-20 14:58:00-05:00,646.519,648.15,-22.8,"lasthalf short: r_first -0.17%, r_late -0.02%",flatten
2026-04-21,1,11,2026-04-21 14:30:00-05:00,647.679,2026-04-21 14:38:00-05:00,645.901,645.92,-195.58,"lasthalf long: r_first +0.35%, r_late +0.20%",stop
2026-04-22,1,11,2026-04-22 14:30:00-05:00,654.159,2026-04-22 14:58:00-05:00,655.031,652.4,95.92,"lasthalf long: r_first +0.85%, r_late +0.11%",flatten
2026-04-24,1,11,2026-04-24 14:30:00-05:00,663.649,2026-04-24 14:58:00-05:00,664.101,662.0,49.72,"lasthalf long: r_first +1.01%, r_late +0.05%",flatten
2026-04-28,-1,13,2026-04-28 14:30:00-05:00,658.0109,2026-04-28 14:58:00-05:00,657.669,659.49,44.45,"lasthalf short: r_first -0.87%, r_late -0.03%",flatten
2026-04-29,1,13,2026-04-29 14:30:00-05:00,661.069,2026-04-29 14:58:00-05:00,660.941,659.59,-16.64,"lasthalf long: r_first +0.21%, r_late +0.06%",flatten
2026-05-01,1,12,2026-05-01 14:30:00-05:00,675.579,2026-05-01 14:55:00-05:00,674.001,674.02,-189.36,"lasthalf long: r_first +1.10%, r_late +0.27%",stop
2026-05-04,1,12,2026-05-04 14:30:00-05:00,672.854,2026-05-04 14:58:00-05:00,672.431,671.27,-50.76,"lasthalf long: r_first +0.22%, r_late +0.07%",flatten
2026-05-06,1,11,2026-05-06 14:30:00-05:00,695.079,2026-05-06 14:58:00-05:00,695.461,693.38,42.02,"lasthalf long: r_first +1.19%, r_late +0.18%",flatten
2026-05-08,1,11,2026-05-08 14:30:00-05:00,709.149,2026-05-08 14:58:00-05:00,710.861,707.45,188.32,"lasthalf long: r_first +1.50%, r_late +0.08%",flatten
2026-05-11,-1,11,2026-05-11 14:30:00-05:00,712.121,2026-05-11 14:58:00-05:00,713.019,713.82,-98.78,"lasthalf short: r_first -0.09%, r_late -0.02%",flatten
2026-05-15,-1,10,2026-05-15 14:30:00-05:00,710.361,2026-05-15 14:58:00-05:00,709.199,712.19,116.2,"lasthalf short: r_first -1.79%, r_late -0.34%",flatten
2026-05-18,1,10,2026-05-18 14:30:00-05:00,701.509,2026-05-18 14:58:00-05:00,705.191,699.66,368.2,"lasthalf long: r_first +0.06%, r_late +0.27%",flatten
2026-05-20,1,9,2026-05-20 14:30:00-05:00,711.829,2026-05-20 14:58:00-05:00,712.641,709.83,73.08,"lasthalf long: r_first +0.64%, r_late +0.14%",flatten
2026-05-26,1,9,2026-05-26 14:30:00-05:00,729.589,2026-05-26 14:58:00-05:00,730.221,727.42,56.88,"lasthalf long: r_first +1.53%, r_late +0.13%",flatten
2026-06-05,-1,10,2026-06-05 14:30:00-05:00,708.711,2026-06-05 14:58:00-05:00,706.799,710.63,191.2,"lasthalf short: r_first -2.27%, r_late -0.13%",flatten
2026-06-10,-1,10,2026-06-10 14:30:00-05:00,694.141,2026-06-10 14:35:00-05:00,696.0790000000001,696.0600000000001,-193.8,"lasthalf short: r_first -0.31%, r_late -0.21%",stop
2026-06-11,1,9,2026-06-11 14:30:00-05:00,715.589,2026-06-11 14:58:00-05:00,717.331,713.4300000000001,156.78,"lasthalf long: r_first +1.31%, r_late +0.53%",flatten
2026-06-16,-1,8,2026-06-16 14:30:00-05:00,733.116,2026-06-16 14:58:00-05:00,730.469,735.39,211.76,"lasthalf short: r_first -0.22%, r_late -0.01%",flatten
2026-06-18,1,7,2026-06-18 14:30:00-05:00,739.479,2026-06-18 14:58:00-05:00,741.241,736.74,123.34,"lasthalf long: r_first +1.62%, r_late +0.00%",flatten
2026-06-24,1,6,2026-06-24 14:30:00-05:00,707.359,2026-06-24 14:58:00-05:00,709.271,704.4,114.72,"lasthalf long: r_first +0.15%, r_late +0.13%",flatten
2026-06-25,-1,6,2026-06-25 14:30:00-05:00,714.531,2026-06-25 14:58:00-05:00,714.839,717.74,-18.48,"lasthalf short: r_first -0.68%, r_late -0.30%",flatten
2026-06-30,1,5,2026-06-30 14:30:00-05:00,737.069,2026-06-30 14:58:00-05:00,737.411,733.69,17.1,"lasthalf long: r_first +1.09%, r_late +0.08%",flatten
2026-07-06,1,7,2026-07-06 14:30:00-05:00,724.829,2026-07-06 14:58:00-05:00,723.121,722.03,-119.56,"lasthalf long: r_first +1.32%, r_late +0.15%",flatten
2026-07-07,-1,7,2026-07-07 14:30:00-05:00,707.621,2026-07-07 14:58:00-05:00,708.939,710.32,-92.26,"lasthalf short: r_first -1.59%, r_late -0.23%",flatten
2026-07-13,-1,7,2026-07-13 14:30:00-05:00,710.641,2026-07-13 14:58:00-05:00,712.469,713.25,-127.96,"lasthalf short: r_first -1.35%, r_late -0.25%",flatten
2026-07-15,1,8,2026-07-15 14:30:00-05:00,716.269,2026-07-15 14:58:00-05:00,717.671,713.87,112.16,"lasthalf long: r_first +0.14%, r_late +0.11%",flatten
2026-07-16,-1,8,2026-07-16 14:30:00-05:00,704.271,2026-07-16 14:58:00-05:00,705.579,706.67,-104.64,"lasthalf short: r_first -1.19%, r_late -0.21%",flatten
2026-07-17,-1,8,2026-07-17 14:30:00-05:00,696.101,2026-07-17 14:58:00-05:00,696.599,698.5,-39.84,"lasthalf short: r_first -1.79%, r_late -0.23%",flatten
2026-07-24,-1,8,2026-07-24 14:30:00-05:00,683.461,2026-07-24 14:58:00-05:00,683.909,685.9,-35.84,"lasthalf short: r_first -0.98%, r_late -0.18%",flatten
2026-07-27,1,7,2026-07-27 14:30:00-05:00,683.3689,2026-07-27 14:58:00-05:00,681.881,680.84,-104.15,"lasthalf long: r_first +0.23%, r_late +0.20%",flatten
2026-07-29,-1,7,2026-07-29 14:30:00-05:00,670.751,2026-07-29 14:58:00-05:00,661.819,673.28,625.24,"lasthalf short: r_first -0.64%, r_late -1.22%",flatten
2026-07-30,1,7,2026-07-30 14:30:00-05:00,683.839,2026-07-30 14:58:00-05:00,683.661,681.14,-12.46,"lasthalf long: r_first +3.02%, r_late +0.22%",flatten
2026-07-31,1,7,2026-07-31 14:30:00-05:00,689.699,2026-07-31 14:58:00-05:00,689.231,686.89,-32.76,"lasthalf long: r_first +0.47%, r_late +0.14%",flatten
2026-08-03,1,6,2026-08-03 14:30:00-05:00,700.399,2026-08-03 14:58:00-05:00,699.776,697.53,-37.38,"lasthalf long: r_first +0.78%, r_late +0.02%",flatten
2026-08-04,1,6,2026-08-04 14:30:00-05:00,724.304,2026-08-04 14:58:00-05:00,723.301,721.4300000000001,-60.18,"lasthalf long: r_first +1.94%, r_late +0.06%",flatten
2026-08-05,1,7,2026-08-05 14:30:00-05:00,720.909,2026-08-05 14:58:00-05:00,718.801,718.1,-147.56,"lasthalf long: r_first +0.60%, r_late +0.11%",flatten
2026-08-06,-1,7,2026-08-06 14:30:00-05:00,714.881,2026-08-06 14:58:00-05:00,715.149,717.69,-18.76,"lasthalf short: r_first -0.25%, r_late -0.03%",flatten
2026-08-07,1,7,2026-08-07 14:30:00-05:00,722.444,2026-08-07 14:58:00-05:00,723.221,719.74,54.39,"lasthalf long: r_first +0.66%, r_late +0.28%",flatten
2026-08-10,-1,7,2026-08-10 14:30:00-05:00,721.841,2026-08-10 14:58:00-05:00,720.594,724.54,87.29,"lasthalf short: r_first -0.07%, r_late -0.00%",flatten
2026-08-14,1,8,2026-08-14 14:30:00-05:00,729.879,2026-08-14 14:58:00-05:00,730.421,727.54,43.36,"lasthalf long: r_first +0.14%, r_late +0.02%",flatten
