day,side,qty,entry_ts,entry_px,exit_ts,exit_px,stop_px,pnl,reason_in,reason_out
2016-01-14,-1,16,2016-01-14 09:00:00-06:00,187.895,2016-01-14 09:17:00-06:00,189.05499999999998,189.01,-185.6,short: close 187.94 < lower 188.09,stop
2016-01-20,-1,7,2016-01-20 09:30:00-06:00,183.75500000000002,2016-01-20 13:00:00-06:00,184.155,186.4,-28.0,short: close 183.81 < lower 183.90,exit short: close 184.11 > lower 182.76
2016-01-29,1,14,2016-01-29 09:00:00-06:00,191.195,2016-01-29 09:30:00-06:00,191.055,189.88,-19.6,long: close 191.15 > upper 190.89,exit long: close 191.11 < upper 191.28
2016-02-03,-1,9,2016-02-03 09:30:00-06:00,187.79500000000002,2016-02-03 10:00:00-06:00,188.975,189.72,-106.2,short: close 187.83 < lower 188.85,exit short: close 188.93 > lower 188.63
2016-02-05,-1,9,2016-02-05 09:30:00-06:00,189.185,2016-02-05 14:52:00-06:00,187.55499999999998,191.14000000000001,146.7,short: close 189.24 < lower 189.31,flatten
2016-02-08,-1,9,2016-02-08 09:00:00-06:00,184.525,2016-02-08 09:30:00-06:00,184.17499999999998,186.54,31.5,short: close 184.58 < lower 184.86,exit short: close 184.13 > lower 184.10
2016-02-08,-1,7,2016-02-08 10:30:00-06:00,184.03,2016-02-08 11:00:00-06:00,184.274,186.69,-17.08,short: close 184.07 < lower 184.20,exit short: close 184.22 > lower 183.71
2016-03-01,1,9,2016-03-01 10:30:00-06:00,196.52499999999998,2016-03-01 14:52:00-06:00,197.66500000000002,194.47,102.6,long: close 196.47 > upper 196.30,flatten
2016-03-10,1,24,2016-03-10 09:00:00-06:00,200.845,2016-03-10 09:30:00-06:00,200.19500000000002,200.1,-156.0,long: close 200.79 > upper 200.43,exit long: close 200.24 < upper 200.68
2016-04-06,1,22,2016-04-06 10:00:00-05:00,205.225,2016-04-06 13:30:00-05:00,205.32500000000002,204.44,22.0,long: close 205.17 > upper 205.02,exit long: close 205.37 < upper 205.57
2016-04-07,-1,19,2016-04-07 09:30:00-05:00,204.495,2016-04-07 10:00:00-05:00,204.70499999999998,205.44,-39.9,short: close 204.54 < lower 204.84,exit short: close 204.66 > lower 204.39
2016-04-11,1,25,2016-04-11 09:00:00-05:00,205.67499999999998,2016-04-11 09:59:00-05:00,204.94500000000002,204.99,-182.5,long: close 205.62 > upper 205.57,stop
2016-04-12,1,21,2016-04-12 10:00:00-05:00,205.045,2016-04-12 14:52:00-05:00,205.7149,204.20000000000002,140.68,long: close 205.00 > upper 204.95,flatten
2016-04-18,1,23,2016-04-18 09:30:00-05:00,208.58499999999998,2016-04-18 12:30:00-05:00,208.77,207.82,42.55,long: close 208.53 > upper 208.23,exit long: close 208.81 < upper 208.85
2016-04-21,-1,43,2016-04-21 09:00:00-05:00,209.485,2016-04-21 09:27:00-05:00,209.905,209.86,-180.6,short: close 209.53 < lower 209.72,stop
2016-04-29,-1,20,2016-04-29 09:00:00-05:00,206.06500000000003,2016-04-29 09:30:00-05:00,206.39499999999998,206.98000000000002,-66.0,short: close 206.12 < lower 206.19,exit short: close 206.35 > lower 206.14
2016-04-29,-1,17,2016-04-29 10:00:00-05:00,205.935,2016-04-29 12:30:00-05:00,206.05999999999997,206.98000000000002,-21.25,short: close 205.98 < lower 206.04,exit short: close 206.01 > lower 205.96
2016-05-03,-1,14,2016-05-03 09:30:00-05:00,205.895,2016-05-03 11:00:00-05:00,205.86999999999998,207.16,3.5,short: close 205.93 < lower 205.98,exit short: close 205.82 > lower 205.75
2016-05-10,1,19,2016-05-10 09:30:00-05:00,207.345,2016-05-10 14:52:00-05:00,208.305,206.42000000000002,182.4,long: close 207.29 > upper 207.22,flatten
2016-05-12,-1,16,2016-05-12 10:30:00-05:00,205.775,2016-05-12 12:00:00-05:00,206.14499999999998,206.88,-59.2,short: close 205.82 < lower 205.82,exit short: close 206.09 > lower 205.82
2016-05-16,1,28,2016-05-16 09:30:00-05:00,205.755,2016-05-16 14:52:00-05:00,206.775,205.14000000000001,285.6,long: close 205.71 > upper 205.48,flatten
2016-05-18,1,21,2016-05-18 09:30:00-05:00,205.68499999999997,2016-05-18 10:00:00-05:00,204.965,204.85,-151.2,long: close 205.65 > upper 205.49,exit long: close 205.00 < upper 205.57
2016-05-19,-1,17,2016-05-19 09:00:00-05:00,203.07500000000002,2016-05-19 09:30:00-05:00,203.48499999999999,204.13,-69.7,short: close 203.13 < lower 203.46,exit short: close 203.44 > lower 203.39
2016-05-19,-1,16,2016-05-19 10:00:00-05:00,203.01500000000001,2016-05-19 10:30:00-05:00,203.1965,204.1,-29.04,short: close 203.05 < lower 203.42,exit short: close 203.15 > lower 203.07
2016-05-20,1,18,2016-05-20 09:00:00-05:00,205.70499999999998,2016-05-20 09:30:00-05:00,205.455,204.71,-45.0,long: close 205.65 > upper 205.56,exit long: close 205.50 < upper 205.62
2016-05-20,1,18,2016-05-20 10:00:00-05:00,205.67499999999998,2016-05-20 10:30:00-05:00,205.85500000000002,204.65,32.4,long: close 205.63 > upper 205.59,exit long: close 205.89 < upper 205.89
2016-05-24,1,16,2016-05-24 09:00:00-05:00,206.92499999999998,2016-05-24 14:52:00-05:00,207.955,205.76,164.8,long: close 206.87 > upper 206.82,flatten
2016-05-25,1,15,2016-05-25 09:30:00-05:00,209.575,2016-05-25 10:00:00-05:00,209.365,208.39000000000001,-31.5,long: close 209.53 > upper 209.45,exit long: close 209.41 < upper 209.47
2016-06-03,-1,20,2016-06-03 09:00:00-05:00,209.585,2016-06-03 10:00:00-05:00,209.73499999999999,210.48000000000002,-30.0,short: close 209.63 < lower 209.68,exit short: close 209.68 > lower 209.45
2016-06-14,-1,20,2016-06-14 10:00:00-05:00,207.125,2016-06-14 11:28:00-05:00,208.045,208.0,-184.0,short: close 207.16 < lower 207.35,stop
2016-06-16,-1,18,2016-06-16 09:00:00-05:00,205.85500000000002,2016-06-16 10:28:00-05:00,206.89499999999998,206.85,-187.2,short: close 205.90 < lower 206.25,stop
2016-06-17,-1,16,2016-06-17 09:30:00-05:00,206.42000000000002,2016-06-17 13:00:00-05:00,206.6212,207.58,-32.19,short: close 206.47 < lower 206.64,exit short: close 206.58 > lower 206.47
2016-06-22,1,24,2016-06-22 10:00:00-05:00,209.355,2016-06-22 11:00:00-05:00,209.03,208.64000000000001,-78.0,long: close 209.30 > upper 209.24,exit long: close 209.07 < upper 209.17
2016-06-27,-1,12,2016-06-27 09:00:00-05:00,200.41500000000002,2016-06-27 14:52:00-05:00,199.70499999999998,201.91,85.2,short: close 200.47 < lower 200.92,flatten
2016-06-29,1,10,2016-06-29 10:30:00-05:00,205.99499999999998,2016-06-29 14:52:00-05:00,206.52,204.23000000000002,52.5,long: close 205.96 > upper 205.76,flatten
2016-07-25,-1,31,2016-07-25 09:30:00-05:00,216.335,2016-07-25 11:00:00-05:00,216.14499999999998,216.88,58.9,short: close 216.38 < lower 216.58,exit short: close 216.11 > lower 216.10
2016-07-26,-1,28,2016-07-26 10:00:00-05:00,215.84,2016-07-26 10:30:00-05:00,216.20499999999998,216.45000000000002,-102.2,short: close 215.88 < lower 215.99,exit short: close 216.16 > lower 215.83
2016-08-02,-1,36,2016-08-02 09:00:00-05:00,216.245,2016-08-02 14:52:00-05:00,215.575,216.70000000000002,241.2,short: close 216.29 < lower 216.31,flatten
2016-08-05,1,25,2016-08-05 09:00:00-05:00,217.905,2016-08-05 10:00:00-05:00,217.9,217.22,-1.25,long: close 217.86 > upper 217.49,exit long: close 217.95 < upper 217.95
2016-08-05,1,17,2016-08-05 10:30:00-05:00,218.075,2016-08-05 12:30:00-05:00,217.97,217.02,-17.85,long: close 218.03 > upper 217.86,exit long: close 218.01 < upper 218.06
2016-08-17,-1,45,2016-08-17 09:00:00-05:00,217.305,2016-08-17 10:00:00-05:00,217.45499999999998,217.66,-67.5,short: close 217.36 < lower 217.64,exit short: close 217.41 > lower 217.30
2016-08-17,-1,24,2016-08-17 10:30:00-05:00,217.16000000000003,2016-08-17 11:30:00-05:00,217.42499999999998,217.88,-63.6,short: close 217.21 < lower 217.27,exit short: close 217.38 > lower 217.21
2016-08-19,-1,25,2016-08-19 09:00:00-05:00,217.81,2016-08-19 09:30:00-05:00,218.445,218.49,-158.75,short: close 217.86 < lower 217.91,exit short: close 218.40 > lower 217.82
2016-08-26,1,31,2016-08-26 09:30:00-05:00,219.005,2016-08-26 10:37:00-05:00,218.40500000000003,218.45000000000002,-186.0,long: close 218.95 > upper 218.33,stop
2016-08-29,1,37,2016-08-29 09:00:00-05:00,218.095,2016-08-29 14:52:00-05:00,218.29000000000002,217.66,72.15,long: close 218.05 > upper 217.79,flatten
2016-09-01,-1,32,2016-09-01 09:30:00-05:00,216.544,2016-09-01 11:24:00-05:00,217.105,217.06,-179.52,short: close 216.58 < lower 216.86,stop
2016-09-09,-1,16,2016-09-09 09:00:00-05:00,216.47500000000002,2016-09-09 14:52:00-05:00,213.875,217.59,416.0,short: close 216.52 < lower 216.64,flatten
2016-09-12,1,17,2016-09-12 09:30:00-05:00,214.155,2016-09-12 14:52:00-05:00,216.305,213.08,365.5,long: close 214.09 > upper 213.91,flatten
2016-09-13,-1,15,2016-09-13 09:00:00-05:00,214.03500000000003,2016-09-13 14:52:00-05:00,213.625,215.20000000000002,61.5,short: close 214.08 < lower 214.42,flatten
2016-09-14,1,20,2016-09-14 09:30:00-05:00,214.42499999999998,2016-09-14 10:00:00-05:00,213.715,213.52,-142.0,long: close 214.37 > upper 214.16,exit long: close 213.77 < upper 214.20
2016-09-15,1,18,2016-09-15 10:00:00-05:00,214.47,2016-09-15 14:01:00-05:00,213.41500000000002,213.46,-189.9,long: close 214.44 > upper 214.06,stop
2016-09-19,1,20,2016-09-19 09:00:00-05:00,214.825,2016-09-19 09:30:00-05:00,214.53,213.92000000000002,-59.0,long: close 214.78 > upper 214.65,exit long: close 214.58 < upper 215.12
2016-10-07,-1,30,2016-10-07 09:00:00-05:00,215.175,2016-10-07 09:30:00-05:00,215.46429999999998,215.74,-86.79,short: close 215.22 < lower 215.40,exit short: close 215.41 > lower 215.39
2016-10-07,-1,36,2016-10-07 10:00:00-05:00,215.115,2016-10-07 12:30:00-05:00,214.98499999999999,215.58,46.8,short: close 215.16 < lower 215.50,exit short: close 214.94 > lower 214.77
2016-10-10,1,19,2016-10-10 10:00:00-05:00,216.66,2016-10-10 10:30:00-05:00,216.455,215.71,-38.95,long: close 216.62 > upper 216.55,exit long: close 216.50 < upper 216.78
2016-10-11,-1,24,2016-10-11 09:00:00-05:00,214.875,2016-10-11 14:52:00-05:00,213.51999999999998,215.6,325.2,short: close 214.91 < lower 215.16,flatten
2016-10-13,-1,14,2016-10-13 09:00:00-05:00,211.43,2016-10-13 10:00:00-05:00,211.98499999999999,212.71,-77.7,short: close 211.48 < lower 211.66,exit short: close 211.94 > lower 211.61
2016-11-01,-1,22,2016-11-01 10:30:00-05:00,211.865,2016-11-01 14:52:00-05:00,211.02329999999998,212.66,185.17,short: close 211.92 < lower 211.92,flatten
2016-11-04,1,26,2016-11-04 10:30:00-05:00,209.655,2016-11-04 11:00:00-05:00,209.37,208.98000000000002,-74.1,long: close 209.61 > upper 209.55,exit long: close 209.41 < upper 209.51
2016-11-07,1,8,2016-11-07 10:00:00-06:00,212.385,2016-11-07 14:52:00-06:00,212.94750000000002,210.16,45.0,long: close 212.34 > upper 212.21,flatten
2016-11-09,1,11,2016-11-09 10:30:00-06:00,215.10999999999999,2016-11-09 14:52:00-06:00,216.395,213.43,141.35,long: close 215.07 > upper 214.90,flatten
2016-11-10,-1,13,2016-11-10 10:00:00-06:00,215.435,2016-11-10 10:30:00-06:00,216.125,216.8,-89.7,short: close 215.49 < lower 215.50,exit short: close 216.08 > lower 215.31
2016-11-17,1,28,2016-11-17 09:00:00-06:00,218.64499999999998,2016-11-17 09:30:00-06:00,218.305,218.04,-95.2,long: close 218.58 > upper 218.58,exit long: close 218.35 < upper 218.61
2016-12-05,1,21,2016-12-05 09:00:00-06:00,221.155,2016-12-05 10:00:00-06:00,221.145,220.34,-2.1,long: close 221.10 > upper 220.98,exit long: close 221.19 < upper 221.26
2016-12-09,1,36,2016-12-09 09:00:00-06:00,225.795,2016-12-09 09:30:00-06:00,225.645,225.33,-54.0,long: close 225.74 > upper 225.74,exit long: close 225.70 < upper 225.78
2016-12-13,1,24,2016-12-13 09:00:00-06:00,227.605,2016-12-13 09:30:00-06:00,227.28500000000003,226.88,-76.8,long: close 227.55 > upper 227.35,exit long: close 227.33 < upper 227.41
2016-12-13,1,20,2016-12-13 10:30:00-06:00,227.57999999999998,2016-12-13 12:00:00-06:00,227.738,226.67000000000002,31.6,long: close 227.53 > upper 227.52,exit long: close 227.78 < upper 227.79
2016-12-15,1,32,2016-12-15 09:00:00-06:00,227.18499999999997,2016-12-15 12:53:00-06:00,226.615,226.66,-182.4,long: close 227.15 > upper 226.56,stop
2016-12-16,-1,18,2016-12-16 10:30:00-06:00,224.985,2016-12-16 11:00:00-06:00,225.595,225.98000000000002,-109.8,short: close 225.01 < lower 225.39,exit short: close 225.54 > lower 225.31
2016-12-19,1,26,2016-12-19 10:00:00-06:00,225.875,2016-12-19 10:30:00-06:00,225.51500000000001,225.22,-93.6,long: close 225.84 > upper 225.82,exit long: close 225.56 < upper 225.93
2016-12-27,1,28,2016-12-27 09:00:00-06:00,226.665,2016-12-27 10:30:00-06:00,226.41500000000002,226.05,-70.0,long: close 226.61 > upper 226.46,exit long: close 226.46 < upper 226.56
2016-12-28,-1,27,2016-12-28 09:00:00-06:00,225.47500000000002,2016-12-28 10:30:00-06:00,225.725,226.1,-67.5,short: close 225.53 < lower 225.78,exit short: close 225.68 > lower 225.68
2016-12-30,-1,24,2016-12-30 09:00:00-06:00,223.72500000000002,2016-12-30 10:00:00-06:00,223.93499999999997,224.47,-50.4,short: close 223.79 < lower 223.81,exit short: close 223.90 > lower 223.79
2017-01-12,-1,22,2017-01-12 09:30:00-06:00,225.435,2017-01-12 11:30:00-06:00,225.885,226.22,-99.0,short: close 225.48 < lower 225.99,exit short: close 225.84 > lower 225.69
2017-01-23,-1,23,2017-01-23 10:00:00-06:00,225.705,2017-01-23 10:30:00-06:00,225.785,226.46,-18.4,short: close 225.75 < lower 225.78,exit short: close 225.74 > lower 225.73
2017-01-30,-1,23,2017-01-30 09:00:00-06:00,227.25500000000002,2017-01-30 14:52:00-06:00,227.67499999999998,228.03,-96.6,short: close 227.30 < lower 227.81,flatten
2017-02-09,1,28,2017-02-09 09:30:00-06:00,230.21499999999997,2017-02-09 14:52:00-06:00,230.645,229.61,120.4,long: close 230.18 > upper 230.01,flatten
2017-02-21,1,33,2017-02-21 09:00:00-06:00,236.14499999999998,2017-02-21 10:30:00-06:00,235.94500000000002,235.64000000000001,-66.0,long: close 236.10 > upper 235.79,exit long: close 235.99 < upper 236.29
2017-03-01,1,14,2017-03-01 09:00:00-06:00,238.86499999999998,2017-03-01 14:52:00-06:00,240.025,237.58,162.4,long: close 238.80 > upper 238.72,flatten
2017-03-14,-1,31,2017-03-14 09:00:00-05:00,236.81,2017-03-14 10:00:00-05:00,236.665,237.35,44.95,short: close 236.85 < lower 236.94,exit short: close 236.62 > lower 236.62
2017-03-16,-1,25,2017-03-16 10:30:00-05:00,238.22500000000002,2017-03-16 11:00:00-05:00,238.52499999999998,238.91,-75.0,short: close 238.26 < lower 238.32,exit short: close 238.48 > lower 238.41
2017-03-21,-1,21,2017-03-21 09:30:00-05:00,236.0197,2017-03-21 14:52:00-05:00,233.655,236.85,496.59,short: close 236.06 < lower 236.27,flatten
2017-03-22,-1,60,2017-03-22 09:00:00-05:00,233.22500000000002,2017-03-22 09:02:00-05:00,233.505,233.46,-168.0,short: close 233.28 < lower 233.54,stop
2017-03-23,1,20,2017-03-23 10:30:00-05:00,235.2035,2017-03-23 12:29:00-05:00,234.28500000000003,234.33,-183.7,long: close 235.15 > upper 235.00,stop
2017-04-03,-1,19,2017-04-03 10:00:00-05:00,234.63000000000002,2017-04-03 10:30:00-05:00,234.64499999999998,235.59,-2.85,short: close 234.67 < lower 234.79,exit short: close 234.60 > lower 234.58
2017-04-05,1,25,2017-04-05 09:00:00-05:00,236.905,2017-04-05 10:00:00-05:00,237.055,236.20000000000002,37.5,long: close 236.88 > upper 236.58,exit long: close 237.10 < upper 237.24
2017-04-07,-1,32,2017-04-07 09:00:00-05:00,234.685,2017-04-07 09:11:00-05:00,235.245,235.20000000000002,-179.2,short: close 234.73 < lower 234.75,stop
2017-04-10,1,32,2017-04-10 09:00:00-05:00,235.99499999999998,2017-04-10 09:30:00-05:00,235.91500000000002,235.47,-25.6,long: close 235.96 > upper 235.78,exit long: close 235.95 < upper 235.99
2017-04-11,-1,23,2017-04-11 09:30:00-05:00,234.18980000000002,2017-04-11 11:00:00-05:00,233.975,234.96,49.4,short: close 234.23 < lower 234.33,exit short: close 233.93 > lower 233.89
2017-04-25,1,20,2017-04-25 09:30:00-05:00,238.575,2017-04-25 10:00:00-05:00,238.335,237.70000000000002,-48.0,long: close 238.52 > upper 238.39,exit long: close 238.38 < upper 238.52
2017-04-26,1,24,2017-04-26 10:30:00-05:00,239.52499999999998,2017-04-26 10:47:00-05:00,238.735,238.78,-189.6,long: close 239.47 > upper 239.27,stop
2017-05-11,-1,27,2017-05-11 09:00:00-05:00,238.51500000000001,2017-05-11 11:30:00-05:00,239.035,239.14000000000001,-140.4,short: close 238.56 < lower 238.97,exit short: close 238.99 > lower 238.79
2017-05-15,1,27,2017-05-15 09:00:00-05:00,240.075,2017-05-15 14:52:00-05:00,240.26500000000001,239.42000000000002,51.3,long: close 240.03 > upper 239.90,flatten
2017-05-17,-1,11,2017-05-17 10:00:00-05:00,237.00500000000002,2017-05-17 11:00:00-05:00,237.785,238.6,-85.8,short: close 237.04 < lower 237.50,exit short: close 237.73 > lower 237.60
2017-05-18,1,27,2017-05-18 09:30:00-05:00,236.795,2017-05-18 11:00:00-05:00,236.13500000000002,236.14000000000001,-178.2,long: close 236.75 > upper 236.42,exit long: close 236.18 < upper 236.32
2017-05-19,1,24,2017-05-19 09:00:00-05:00,238.045,2017-05-19 14:52:00-05:00,238.245,237.32,48.0,long: close 237.99 > upper 237.73,flatten
2017-05-31,-1,29,2017-05-31 09:00:00-05:00,240.925,2017-05-31 09:30:00-05:00,241.005,241.52,-23.2,short: close 240.97 < lower 241.09,exit short: close 240.96 > lower 240.83
2017-06-09,1,28,2017-06-09 09:30:00-05:00,244.93499999999997,2017-06-09 11:24:00-05:00,244.28500000000003,244.33,-182.0,long: close 244.90 > upper 244.53,stop
2017-06-12,-1,32,2017-06-12 09:00:00-05:00,242.57500000000002,2017-06-12 09:30:00-05:00,242.85,243.1,-88.0,short: close 242.62 < lower 242.76,exit short: close 242.81 > lower 242.73
2017-06-14,-1,31,2017-06-14 10:00:00-05:00,244.095,2017-06-14 10:30:00-05:00,244.325,244.64000000000001,-71.3,short: close 244.13 < lower 244.14,exit short: close 244.28 > lower 244.13
2017-06-16,-1,20,2017-06-16 09:00:00-05:00,242.13500000000002,2017-06-16 11:00:00-05:00,242.32,243.04,-37.0,short: close 242.20 < lower 242.37,exit short: close 242.28 > lower 242.27
2017-06-19,1,18,2017-06-19 09:30:00-05:00,244.405,2017-06-19 13:30:00-05:00,244.24,243.42000000000002,-29.7,long: close 244.36 > upper 244.09,exit long: close 244.28 < upper 244.29
2017-06-26,1,22,2017-06-26 09:00:00-05:00,244.39499999999998,2017-06-26 09:30:00-05:00,244.125,243.59,-59.4,long: close 244.36 > upper 244.33,exit long: close 244.18 < upper 244.44
2017-06-28,1,16,2017-06-28 10:00:00-05:00,243.165,2017-06-28 10:30:00-05:00,243.095,242.01,-11.2,long: close 243.12 > upper 243.08,exit long: close 243.13 < upper 243.15
2017-06-29,-1,30,2017-06-29 09:00:00-05:00,242.88500000000002,2017-06-29 14:52:00-05:00,241.63,243.44,376.5,short: close 242.92 < lower 243.01,flatten
2017-07-06,-1,19,2017-07-06 09:00:00-05:00,241.25500000000002,2017-07-06 10:30:00-05:00,241.55499999999998,242.18,-57.0,short: close 241.30 < lower 241.41,exit short: close 241.51 > lower 241.05
2017-07-11,-1,21,2017-07-11 10:30:00-05:00,241.22500000000002,2017-07-11 11:00:00-05:00,241.855,242.08,-132.3,short: close 241.27 < lower 241.42,exit short: close 241.81 > lower 241.41
2017-07-12,1,18,2017-07-12 09:00:00-05:00,243.915,2017-07-12 10:00:00-05:00,243.5951,242.92000000000002,-57.58,long: close 243.87 > upper 243.72,exit long: close 243.64 < upper 243.86
2017-08-02,-1,36,2017-08-02 09:30:00-05:00,246.645,2017-08-02 10:30:00-05:00,246.93499999999997,247.1,-104.4,short: close 246.69 < lower 246.94,exit short: close 246.88 > lower 246.88
2017-08-08,1,28,2017-08-08 10:00:00-05:00,248.345,2017-08-08 12:00:00-05:00,248.245,247.72,-28.0,long: close 248.30 > upper 248.30,exit long: close 248.29 < upper 248.30
2017-08-10,-1,21,2017-08-10 09:00:00-05:00,245.835,2017-08-10 14:52:00-05:00,243.89499999999998,246.66,407.4,short: close 245.87 < lower 245.93,flatten
2017-08-11,1,25,2017-08-11 10:00:00-05:00,244.655,2017-08-11 10:30:00-05:00,244.025,243.96,-157.5,long: close 244.61 > upper 244.60,exit long: close 244.08 < upper 244.55
2017-08-14,1,16,2017-08-14 09:00:00-05:00,246.23499999999999,2017-08-14 14:52:00-05:00,246.60500000000002,245.11,59.2,long: close 246.19 > upper 245.97,flatten
2017-08-17,-1,20,2017-08-17 09:30:00-05:00,245.405,2017-08-17 10:00:00-05:00,245.565,246.3,-32.0,short: close 245.44 < lower 245.69,exit short: close 245.52 > lower 245.49
2017-08-17,-1,19,2017-08-17 10:30:00-05:00,245.54000000000002,2017-08-17 14:52:00-05:00,243.265,246.49,432.25,short: close 245.58 < lower 245.63,flatten
2017-08-18,-1,33,2017-08-18 09:00:00-05:00,242.175,2017-08-18 09:04:00-05:00,242.725,242.68,-181.5,short: close 242.21 < lower 242.50,stop
2017-08-22,1,24,2017-08-22 09:00:00-05:00,244.30499999999998,2017-08-22 14:52:00-05:00,245.46,243.56,277.2,long: close 244.26 > upper 244.00,flatten
2017-09-21,-1,39,2017-09-21 09:00:00-05:00,249.35000000000002,2017-09-21 10:00:00-05:00,249.64499999999998,249.76000000000002,-115.05,short: close 249.39 < lower 249.58,exit short: close 249.61 > lower 249.50
2017-09-25,-1,32,2017-09-25 10:00:00-05:00,248.555,2017-09-25 10:30:00-05:00,248.845,249.08,-92.8,short: close 248.60 < lower 248.76,exit short: close 248.79 > lower 248.66
2017-09-29,1,37,2017-09-29 10:30:00-05:00,250.86999999999998,2017-09-29 14:52:00-05:00,251.1225,250.42000000000002,93.43,long: close 250.82 > upper 250.79,flatten
2017-10-02,1,40,2017-10-02 09:00:00-05:00,251.915,2017-10-02 10:00:00-05:00,251.82500000000002,251.51000000000002,-36.0,long: close 251.85 > upper 251.75,exit long: close 251.87 < upper 251.94
2017-10-19,-1,26,2017-10-19 09:00:00-05:00,254.525,2017-10-19 09:30:00-05:00,254.89499999999998,255.18,-96.2,short: close 254.57 < lower 254.60,exit short: close 254.85 > lower 254.54
2017-10-25,-1,37,2017-10-25 09:00:00-05:00,255.75500000000002,2017-10-25 14:52:00-05:00,255.14999999999998,256.21,223.85,short: close 255.81 < lower 255.92,flatten
2017-10-27,1,21,2017-10-27 10:00:00-05:00,256.96500000000003,2017-10-27 14:52:00-05:00,257.645,256.13,142.8,long: close 256.93 > upper 256.89,flatten
2017-11-02,-1,46,2017-11-02 09:30:00-05:00,256.59499999999997,2017-11-02 09:41:00-05:00,256.975,256.93,-174.8,short: close 256.63 < lower 257.12,stop
2017-11-02,-1,37,2017-11-02 10:00:00-05:00,256.885,2017-11-02 11:00:00-05:00,257.08000000000004,257.33,-72.15,short: close 256.93 < lower 257.01,exit short: close 257.03 > lower 256.91
2017-11-15,-1,21,2017-11-15 09:00:00-06:00,255.865,2017-11-15 09:30:00-06:00,256.365,256.7,-105.0,short: close 255.92 < lower 256.35,exit short: close 256.33 > lower 256.18
2017-11-16,1,18,2017-11-16 09:30:00-06:00,258.0749,2017-11-16 14:52:00-06:00,258.555,257.07,86.42,long: close 258.02 > upper 257.97,flatten
2017-11-21,1,23,2017-11-21 09:00:00-06:00,259.71000000000004,2017-11-21 14:52:00-06:00,259.83,258.95,27.6,long: close 259.67 > upper 259.49,flatten
2017-11-29,1,44,2017-11-29 09:00:00-06:00,263.55510000000004,2017-11-29 09:15:00-06:00,263.155,263.2,-176.04,long: close 263.51 > upper 263.30,stop
2017-11-30,1,18,2017-11-30 10:00:00-06:00,264.425,2017-11-30 14:52:00-06:00,265.21,263.41,141.3,long: close 264.37 > upper 264.26,flatten
2017-12-01,-1,27,2017-12-01 10:30:00-06:00,261.645,2017-12-01 10:34:00-06:00,262.33500000000004,262.29,-186.3,short: close 261.70 < lower 264.17,stop
2017-12-07,1,50,2017-12-07 09:00:00-06:00,263.595,2017-12-07 09:15:00-06:00,263.245,263.29,-175.0,long: close 263.54 > upper 263.46,stop
2017-12-07,1,42,2017-12-07 09:30:00-06:00,263.64500000000004,2017-12-07 10:30:00-06:00,263.895,263.27,105.0,long: close 263.60 > upper 263.53,exit long: close 263.95 < upper 264.12
2017-12-11,1,47,2017-12-11 09:00:00-06:00,266.01500000000004,2017-12-11 09:23:00-06:00,265.645,265.69,-173.9,long: close 265.96 > upper 265.86,stop
2017-12-13,1,39,2017-12-13 09:00:00-06:00,267.4449,2017-12-13 10:00:00-06:00,267.395,267.03000000000003,-19.46,long: close 267.39 > upper 267.34,exit long: close 267.43 < upper 267.59
2017-12-15,1,41,2017-12-15 09:30:00-06:00,266.175,2017-12-15 10:00:00-06:00,265.885,265.79,-118.9,long: close 266.14 > upper 265.95,exit long: close 265.92 < upper 266.23
2017-12-18,1,17,2017-12-18 09:00:00-06:00,268.49,2017-12-18 09:30:00-06:00,268.29499999999996,267.42,-33.15,long: close 268.44 > upper 268.38,exit long: close 268.33 < upper 268.41
2017-12-19,-1,34,2017-12-19 09:30:00-06:00,267.765,2017-12-19 10:00:00-06:00,267.77500000000003,268.26,-3.4,short: close 267.80 < lower 267.84,exit short: close 267.74 > lower 267.60
2018-01-02,1,18,2018-01-02 09:30:00-06:00,268.45500000000004,2018-01-02 10:00:00-06:00,268.23499999999996,267.47,-39.6,long: close 268.41 > upper 268.35,exit long: close 268.28 < upper 268.40
2018-01-03,1,35,2018-01-03 09:00:00-06:00,269.61,2018-01-03 14:52:00-06:00,270.51,269.14,315.0,long: close 269.56 > upper 269.34,flatten
2018-01-04,1,21,2018-01-04 09:00:00-06:00,271.865,2018-01-04 10:30:00-06:00,271.515,271.04,-73.5,long: close 271.82 > upper 271.67,exit long: close 271.56 < upper 271.97
2018-01-12,1,29,2018-01-12 09:00:00-06:00,277.07,2018-01-12 14:52:00-06:00,278.01,276.49,272.6,long: close 277.03 > upper 276.83,flatten
2018-01-16,1,16,2018-01-16 09:00:00-06:00,280.045,2018-01-16 09:30:00-06:00,279.585,278.88,-73.6,long: close 279.99 > upper 279.79,exit long: close 279.62 < upper 279.93
2018-01-22,1,25,2018-01-22 09:30:00-06:00,281.345,2018-01-22 10:00:00-06:00,280.955,280.64,-97.5,long: close 281.29 > upper 280.98,exit long: close 281.00 < upper 281.05
2018-01-23,1,25,2018-01-23 10:00:00-06:00,283.49,2018-01-23 10:30:00-06:00,283.28499999999997,282.78000000000003,-51.25,long: close 283.45 > upper 283.42,exit long: close 283.34 < upper 283.41
2018-01-29,-1,18,2018-01-29 10:00:00-06:00,285.205,2018-01-29 10:30:00-06:00,285.40500000000003,286.18,-36.0,short: close 285.26 < lower 285.29,exit short: close 285.36 > lower 285.25
2018-01-30,-1,11,2018-01-30 09:00:00-06:00,281.945,2018-01-30 09:30:00-06:00,282.295,283.58,-38.5,short: close 281.99 < lower 281.99,exit short: close 282.25 > lower 282.05
2018-02-02,-1,13,2018-02-02 09:00:00-06:00,279.3451,2018-02-02 10:00:00-06:00,279.345,280.75,0.01,short: close 279.39 < lower 279.44,exit short: close 279.30 > lower 279.28
2018-02-02,-1,11,2018-02-02 10:30:00-06:00,278.835,2018-02-02 11:30:00-06:00,279.125,280.41,-31.9,short: close 278.88 < lower 279.26,exit short: close 279.09 > lower 279.00
2018-02-06,1,7,2018-02-06 09:00:00-06:00,265.865,2018-02-06 09:18:00-06:00,263.135,263.18,-191.1,long: close 265.79 > upper 264.78,stop
2018-02-07,1,13,2018-02-07 09:30:00-06:00,270.45500000000004,2018-02-07 12:00:00-06:00,270.155,269.03000000000003,-39.0,long: close 270.42 > upper 270.27,exit long: close 270.19 < upper 270.73
2018-02-08,-1,13,2018-02-08 09:30:00-06:00,266.015,2018-02-08 14:52:00-06:00,259.545,267.41,841.1,short: close 266.08 < lower 266.41,flatten
2018-03-01,-1,30,2018-03-01 09:00:00-06:00,270.175,2018-03-01 09:00:00-06:00,270.785,270.74,-183.0,short: close 270.24 < lower 270.80,stop
2018-03-05,1,8,2018-03-05 10:30:00-06:00,270.825,2018-03-05 11:30:00-06:00,271.215,268.58,31.2,long: close 270.78 > upper 270.68,exit long: close 271.24 < upper 271.27
2018-03-19,-1,10,2018-03-19 10:00:00-05:00,271.555,2018-03-19 14:52:00-05:00,270.11,273.35,144.5,short: close 271.60 < lower 271.98,flatten
2018-03-29,1,10,2018-03-29 10:00:00-05:00,262.77500000000003,2018-03-29 10:30:00-05:00,262.56,261.0,-21.5,long: close 262.74 > upper 262.25,exit long: close 262.60 < upper 262.66
2018-04-02,-1,18,2018-04-02 09:00:00-05:00,261.695,2018-04-02 14:52:00-05:00,257.285,262.71,793.8,short: close 261.77 < lower 262.01,flatten
2018-04-12,1,10,2018-04-12 09:00:00-05:00,266.52500000000003,2018-04-12 09:30:00-05:00,266.335,264.78000000000003,-19.0,long: close 266.49 > upper 266.26,exit long: close 266.38 < upper 266.39
2018-04-20,-1,10,2018-04-20 10:30:00-05:00,266.515,2018-04-20 11:00:00-05:00,267.075,268.39,-56.0,short: close 266.55 < lower 266.96,exit short: close 267.02 > lower 266.60
2018-04-25,-1,20,2018-04-25 09:00:00-05:00,261.005,2018-04-25 09:12:00-05:00,261.935,261.89,-186.0,short: close 261.04 < lower 262.08,stop
2018-04-26,1,10,2018-04-26 10:00:00-05:00,266.02500000000003,2018-04-26 10:30:00-05:00,265.435,264.26,-59.0,long: close 265.99 > upper 265.95,exit long: close 265.49 < upper 266.20
2018-05-03,-1,14,2018-05-03 09:30:00-05:00,260.425,2018-05-03 11:43:00-05:00,261.725,261.68,-182.0,short: close 260.49 < lower 261.48,stop
2018-05-04,1,14,2018-05-04 09:30:00-05:00,263.795,2018-05-04 14:52:00-05:00,265.775,262.48,277.2,long: close 263.75 > upper 263.37,flatten
2018-05-07,1,16,2018-05-07 09:00:00-05:00,267.785,2018-05-07 09:30:00-05:00,267.37,266.68,-66.4,long: close 267.74 > upper 267.55,exit long: close 267.42 < upper 267.91
2018-05-15,-1,12,2018-05-15 09:00:00-05:00,270.305,2018-05-15 09:30:00-05:00,270.855,271.76,-66.0,short: close 270.37 < lower 270.78,exit short: close 270.81 > lower 270.51
2018-05-24,-1,19,2018-05-24 09:00:00-05:00,271.83,2018-05-24 11:00:00-05:00,272.345,272.75,-97.85,short: close 271.88 < lower 272.24,exit short: close 272.32 > lower 271.89
2018-05-30,1,11,2018-05-30 10:00:00-05:00,271.805,2018-05-30 14:52:00-05:00,272.44,270.2,69.85,long: close 271.76 > upper 271.43,flatten
2018-06-01,1,12,2018-06-01 10:30:00-05:00,273.095,2018-06-01 13:00:00-05:00,273.585,271.62,58.8,long: close 273.05 > upper 273.04,exit long: close 273.62 < upper 273.62
2018-06-15,-1,11,2018-06-15 10:30:00-05:00,275.97499999999997,2018-06-15 11:00:00-05:00,276.39500000000004,277.59000000000003,-46.2,short: close 276.02 < lower 276.05,exit short: close 276.35 > lower 275.72
2018-06-21,-1,44,2018-06-21 09:00:00-05:00,275.465,2018-06-21 14:52:00-05:00,274.355,275.82,488.4,short: close 275.52 < lower 275.61,flatten
2018-06-25,-1,18,2018-06-25 09:00:00-05:00,271.97499999999997,2018-06-25 14:52:00-05:00,271.14500000000004,272.94,149.4,short: close 272.03 < lower 273.11,flatten
2018-06-27,1,22,2018-06-27 09:00:00-05:00,273.325,2018-06-27 10:25:00-05:00,272.485,272.53000000000003,-184.8,long: close 273.29 > upper 272.69,stop
2018-06-28,1,20,2018-06-28 10:30:00-05:00,270.285,2018-06-28 11:00:00-05:00,270.10499999999996,269.39,-36.0,long: close 270.24 > upper 270.18,exit long: close 270.13 < upper 270.14
2018-06-29,1,16,2018-06-29 09:00:00-05:00,272.8,2018-06-29 09:30:00-05:00,272.72499999999997,271.71,-12.0,long: close 272.75 > upper 272.62,exit long: close 272.77 < upper 272.94
2018-06-29,1,12,2018-06-29 10:00:00-05:00,273.445,2018-06-29 11:00:00-05:00,272.88,271.95,-67.8,long: close 273.40 > upper 273.02,exit long: close 272.93 < upper 273.03
2018-07-06,1,15,2018-07-06 10:30:00-05:00,275.06,2018-07-06 14:52:00-05:00,275.08,273.84000000000003,3.0,long: close 275.01 > upper 274.33,flatten
2018-07-19,-1,20,2018-07-19 09:00:00-05:00,279.72499999999997,2018-07-19 09:30:00-05:00,279.935,280.59000000000003,-42.0,short: close 279.78 < lower 279.81,exit short: close 279.89 > lower 279.65
2018-07-24,1,14,2018-07-24 09:30:00-05:00,282.45500000000004,2018-07-24 10:00:00-05:00,282.205,281.13,-35.0,long: close 282.42 > upper 282.32,exit long: close 282.25 < upper 282.61
2018-07-30,-1,36,2018-07-30 09:00:00-05:00,280.875,2018-07-30 09:30:00-05:00,281.20500000000004,281.33,-118.8,short: close 280.93 < lower 281.01,exit short: close 281.16 > lower 280.87
2018-07-30,-1,24,2018-07-30 10:00:00-05:00,280.54499999999996,2018-07-30 13:00:00-05:00,280.52500000000003,281.28000000000003,4.8,short: close 280.60 < lower 280.74,exit short: close 280.47 > lower 280.45
2018-08-13,1,28,2018-08-13 09:00:00-05:00,283.945,2018-08-13 09:30:00-05:00,283.935,283.34000000000003,-2.8,long: close 283.90 > upper 283.89,exit long: close 283.98 < upper 284.08
2018-08-14,1,17,2018-08-14 10:00:00-05:00,283.785,2018-08-14 10:30:00-05:00,283.645,282.74,-23.8,long: close 283.74 > upper 283.53,exit long: close 283.68 < upper 283.69
2018-08-15,-1,16,2018-08-15 09:00:00-05:00,281.3,2018-08-15 11:30:00-05:00,281.375,282.42,-12.0,short: close 281.35 < lower 282.00,exit short: close 281.33 > lower 281.01
2018-08-16,1,11,2018-08-16 10:30:00-05:00,284.565,2018-08-16 11:30:00-05:00,284.76,282.88,21.45,long: close 284.52 > upper 284.24,exit long: close 284.81 < upper 284.82
2018-08-21,1,27,2018-08-21 09:00:00-05:00,286.875,2018-08-21 09:30:00-05:00,286.63,286.22,-66.15,long: close 286.82 > upper 286.62,exit long: close 286.67 < upper 286.98
2018-08-23,1,23,2018-08-23 09:30:00-05:00,286.9137,2018-08-23 10:00:00-05:00,286.325,286.16,-135.4,long: close 286.86 > upper 286.83,exit long: close 286.38 < upper 286.93
2018-08-24,1,16,2018-08-24 10:00:00-05:00,287.245,2018-08-24 13:00:00-05:00,287.335,286.16,14.4,long: close 287.19 > upper 287.19,exit long: close 287.38 < upper 287.49
2018-08-27,1,16,2018-08-27 09:00:00-05:00,289.355,2018-08-27 10:00:00-05:00,289.435,288.26,12.8,long: close 289.30 > upper 289.28,exit long: close 289.47 < upper 289.65
2018-08-29,1,18,2018-08-29 10:30:00-05:00,291.46500000000003,2018-08-29 13:00:00-05:00,291.09499999999997,290.5,-66.6,long: close 291.43 > upper 290.99,exit long: close 291.15 < upper 291.28
2018-09-04,-1,28,2018-09-04 09:00:00-05:00,289.22499999999997,2018-09-04 09:17:00-05:00,289.865,289.82,-179.2,short: close 289.16 < lower 289.43,stop
2018-09-05,-1,25,2018-09-05 09:00:00-05:00,288.825,2018-09-05 10:00:00-05:00,288.685,289.52,35.0,short: close 288.86 < lower 288.94,exit short: close 288.65 > lower 288.56
2018-09-05,-1,17,2018-09-05 10:30:00-05:00,288.135,2018-09-05 11:00:00-05:00,288.74,289.2,-102.85,short: close 288.18 < lower 288.57,exit short: close 288.69 > lower 288.22
2018-09-06,-1,23,2018-09-06 10:00:00-05:00,287.695,2018-09-06 14:07:00-05:00,288.485,288.44,-181.7,short: close 287.74 < lower 288.35,stop
2018-09-17,-1,20,2018-09-17 10:00:00-05:00,289.78499999999997,2018-09-17 10:30:00-05:00,290.135,290.7,-70.0,short: close 289.83 < lower 289.95,exit short: close 290.10 > lower 289.84
2018-09-18,1,29,2018-09-18 09:00:00-05:00,290.325,2018-09-18 14:52:00-05:00,290.875,289.74,159.5,long: close 290.28 > upper 290.05,flatten
2018-09-27,1,18,2018-09-27 09:30:00-05:00,291.235,2018-09-27 13:30:00-05:00,291.175,290.24,-10.8,long: close 291.20 > upper 291.13,exit long: close 291.22 < upper 291.60
2018-10-01,1,15,2018-10-01 09:00:00-05:00,292.62,2018-10-01 09:30:00-05:00,292.775,291.45,23.25,long: close 292.58 > upper 292.54,exit long: close 292.81 < upper 292.82
2018-10-04,-1,25,2018-10-04 09:00:00-05:00,290.685,2018-10-04 14:52:00-05:00,289.46500000000003,291.36,305.0,short: close 290.74 < lower 290.80,flatten
2018-10-05,-1,17,2018-10-05 10:30:00-05:00,288.125,2018-10-05 14:52:00-05:00,288.165,289.16,-6.8,short: close 288.16 < lower 288.54,flatten
2018-10-10,-1,24,2018-10-10 09:00:00-05:00,284.69,2018-10-10 14:52:00-05:00,279.65500000000003,285.42,1208.4,short: close 284.72 < lower 286.40,flatten
2018-10-11,-1,11,2018-10-11 10:00:00-05:00,275.765,2018-10-11 11:00:00-05:00,276.14500000000004,277.41,-41.8,short: close 275.79 < lower 275.98,exit short: close 276.12 > lower 275.52
2018-10-16,1,8,2018-10-16 10:00:00-05:00,278.115,2018-10-16 14:52:00-05:00,280.395,275.94,182.4,long: close 278.08 > upper 277.70,flatten
2018-10-17,-1,20,2018-10-17 09:00:00-05:00,279.09499999999997,2018-10-17 10:30:00-05:00,279.27500000000003,279.99,-36.0,short: close 279.13 < lower 279.47,exit short: close 279.23 > lower 278.61
2018-10-19,1,14,2018-10-19 09:00:00-05:00,278.495,2018-10-19 10:30:00-05:00,277.895,277.2,-84.0,long: close 278.44 > upper 278.09,exit long: close 277.93 < upper 278.84
2018-10-22,-1,11,2018-10-22 09:30:00-05:00,274.59499999999997,2018-10-22 09:48:00-05:00,276.27500000000003,276.23,-184.8,short: close 274.65 < lower 274.96,stop
2018-10-23,-1,5,2018-10-23 09:30:00-05:00,269.435,2018-10-23 10:00:00-05:00,269.995,272.95,-28.0,short: close 269.48 < lower 269.49,exit short: close 269.95 > lower 269.46
2018-10-24,-1,11,2018-10-24 10:00:00-05:00,271.495,2018-10-24 11:00:00-05:00,272.035,273.18,-59.4,short: close 271.53 < lower 271.74,exit short: close 272.00 > lower 270.97
2018-10-25,1,6,2018-10-25 10:30:00-05:00,269.935,2018-10-25 11:00:00-05:00,269.395,266.88,-32.4,long: close 269.90 > upper 269.36,exit long: close 269.44 < upper 269.62
2018-10-26,-1,5,2018-10-26 10:00:00-05:00,262.395,2018-10-26 10:30:00-05:00,265.115,266.18,-136.0,short: close 262.48 < lower 264.26,exit short: close 265.05 > lower 263.82
2018-10-30,1,15,2018-10-30 09:00:00-05:00,266.745,2018-10-30 09:35:00-05:00,265.465,265.51,-192.0,long: close 266.68 > upper 264.97,stop
2018-11-12,-1,13,2018-11-12 09:00:00-06:00,275.5651,2018-11-12 09:30:00-06:00,275.825,276.96,-33.79,short: close 275.61 < lower 276.10,exit short: close 275.77 > lower 275.53
2018-11-12,-1,8,2018-11-12 10:00:00-06:00,274.445,2018-11-12 14:00:00-06:00,273.71500000000003,276.6,58.4,short: close 274.49 < lower 275.33,exit short: close 273.67 > lower 273.55
2018-11-19,-1,10,2018-11-19 09:30:00-06:00,271.245,2018-11-19 10:00:00-06:00,271.63,273.02,-38.5,short: close 271.29 < lower 271.58,exit short: close 271.59 > lower 271.42
2018-11-19,-1,7,2018-11-19 10:30:00-06:00,270.555,2018-11-19 14:52:00-06:00,268.57140000000004,273.12,138.85,short: close 270.61 < lower 270.79,flatten
2018-11-26,1,8,2018-11-26 09:00:00-06:00,267.225,2018-11-26 09:30:00-06:00,266.685,264.92,-43.2,long: close 267.16 > upper 266.67,exit long: close 266.72 < upper 266.97
2018-12-06,-1,6,2018-12-06 09:00:00-06:00,265.025,2018-12-06 09:30:00-06:00,265.90500000000003,268.15,-52.8,short: close 265.07 < lower 265.08,exit short: close 265.85 > lower 264.76
2018-12-06,-1,5,2018-12-06 10:00:00-06:00,264.215,2018-12-06 11:00:00-06:00,264.90500000000003,268.11,-34.5,short: close 264.27 < lower 264.32,exit short: close 264.87 > lower 264.01
2018-12-07,-1,14,2018-12-07 09:30:00-06:00,268.22499999999997,2018-12-07 10:00:00-06:00,268.29,269.5,-9.1,short: close 268.26 < lower 268.42,exit short: close 268.24 > lower 267.85
2018-12-07,-1,9,2018-12-07 10:30:00-06:00,265.965,2018-12-07 14:52:00-06:00,264.105,267.92,167.4,short: close 266.03 < lower 267.74,flatten
2018-12-10,-1,16,2018-12-10 09:00:00-06:00,261.615,2018-12-10 09:14:00-06:00,262.785,262.74,-187.2,short: close 261.67 < lower 262.39,stop
2018-12-10,-1,10,2018-12-10 10:00:00-06:00,260.4475,2018-12-10 11:48:00-06:00,262.315,262.27,-186.75,short: close 260.49 < lower 261.69,stop
2018-12-19,1,17,2018-12-19 09:00:00-06:00,256.95500000000004,2018-12-19 10:30:00-06:00,256.905,255.91,-8.5,long: close 256.91 > upper 256.20,exit long: close 256.96 < upper 257.22
2018-12-21,1,17,2018-12-21 09:30:00-06:00,248.52499999999998,2018-12-21 09:52:00-06:00,247.40500000000003,247.45000000000002,-190.4,long: close 248.49 > upper 248.05,stop
2018-12-24,-1,9,2018-12-24 09:00:00-06:00,237.32500000000002,2018-12-24 09:40:00-06:00,239.345,239.3,-181.8,short: close 237.38 < lower 237.89,stop
2018-12-27,-1,7,2018-12-27 09:30:00-06:00,240.94500000000002,2018-12-27 10:00:00-06:00,241.67499999999998,243.69,-51.1,short: close 240.99 < lower 241.53,exit short: close 241.64 > lower 241.05
2019-01-03,-1,7,2019-01-03 09:30:00-06:00,245.60500000000002,2019-01-03 10:43:00-06:00,248.11499999999998,248.07,-175.7,short: close 245.65 < lower 246.80,stop
2019-01-04,1,6,2019-01-04 09:00:00-06:00,249.17,2019-01-04 14:00:00-06:00,251.61,246.34,146.4,long: close 249.12 > upper 248.70,exit long: close 251.65 < upper 251.94
2019-01-15,1,16,2019-01-15 09:00:00-06:00,259.185,2019-01-15 09:30:00-06:00,258.925,258.02,-41.6,long: close 259.13 > upper 258.80,exit long: close 258.96 < upper 259.81
2019-01-31,1,19,2019-01-31 09:30:00-06:00,269.105,2019-01-31 14:00:00-06:00,269.60499999999996,268.16,95.0,long: close 269.06 > upper 268.50,exit long: close 269.65 < upper 269.75
2019-02-07,-1,9,2019-02-07 10:00:00-06:00,269.835,2019-02-07 13:30:00-06:00,269.605,271.79,20.7,short: close 269.88 < lower 269.89,exit short: close 269.55 > lower 269.30
2019-02-12,1,13,2019-02-12 09:00:00-06:00,273.065,2019-02-12 09:30:00-06:00,272.965,271.68,-13.0,long: close 273.01 > upper 272.92,exit long: close 273.01 < upper 273.24
2019-02-12,1,10,2019-02-12 10:00:00-06:00,273.605,2019-02-12 14:52:00-06:00,273.97999999999996,271.76,37.5,long: close 273.56 > upper 273.39,flatten
2019-02-22,1,16,2019-02-22 10:30:00-06:00,279.185,2019-02-22 11:00:00-06:00,279.055,278.04,-20.8,long: close 279.15 > upper 278.93,exit long: close 279.10 < upper 279.24
2019-03-04,-1,13,2019-03-04 10:30:00-06:00,279.51,2019-03-04 14:52:00-06:00,279.01500000000004,280.87,64.35,short: close 279.55 < lower 279.69,flatten
2019-03-05,-1,32,2019-03-05 09:00:00-06:00,278.675,2019-03-05 09:00:00-06:00,279.245,279.2,-182.4,short: close 278.72 < lower 278.96,stop
2019-03-06,-1,32,2019-03-06 09:00:00-06:00,278.525,2019-03-06 14:52:00-06:00,277.59000000000003,279.04,299.2,short: close 278.57 < lower 278.58,flatten
2019-03-07,-1,25,2019-03-07 09:00:00-06:00,275.22499999999997,2019-03-07 11:30:00-06:00,275.58500000000004,275.93,-90.0,short: close 275.29 < lower 276.36,exit short: close 275.54 > lower 275.46
2019-03-11,1,18,2019-03-11 09:00:00-05:00,276.33500000000004,2019-03-11 14:52:00-05:00,278.425,275.36,376.2,long: close 276.29 > upper 275.87,flatten
2019-03-13,1,10,2019-03-13 10:30:00-05:00,282.02500000000003,2019-03-13 11:00:00-05:00,281.7665,280.22,-25.85,long: close 281.98 > upper 281.77,exit long: close 281.81 < upper 281.97
2019-03-18,1,24,2019-03-18 09:00:00-05:00,282.47,2019-03-18 09:30:00-05:00,282.32,281.74,-36.0,long: close 282.42 > upper 282.18,exit long: close 282.37 < upper 282.53
2019-03-20,-1,20,2019-03-20 09:00:00-05:00,281.255,2019-03-20 09:30:00-05:00,281.485,282.14,-46.0,short: close 281.30 < lower 281.45,exit short: close 281.44 > lower 281.22
2019-03-21,1,12,2019-03-21 09:30:00-05:00,282.665,2019-03-21 14:52:00-05:00,284.465,281.22,216.0,long: close 282.61 > upper 282.54,flatten
2019-03-22,-1,11,2019-03-22 09:00:00-05:00,281.895,2019-03-22 09:30:00-05:00,282.175,283.54,-30.8,short: close 281.93 < lower 282.29,exit short: close 282.12 > lower 282.07
2019-03-22,-1,9,2019-03-22 10:00:00-05:00,281.405,2019-03-22 14:00:00-05:00,281.235,283.52,15.3,short: close 281.46 < lower 281.83,exit short: close 281.19 > lower 281.02
2019-03-27,-1,12,2019-03-27 10:30:00-05:00,278.84499999999997,2019-03-27 12:30:00-05:00,279.76500000000004,280.41,-110.4,short: close 278.90 < lower 279.50,exit short: close 279.73 > lower 279.29
2019-04-15,-1,39,2019-04-15 09:30:00-05:00,289.4765,2019-04-15 10:30:00-05:00,289.65500000000003,289.89,-69.62,short: close 289.53 < lower 289.80,exit short: close 289.60 > lower 289.46
2019-04-18,-1,22,2019-04-18 09:30:00-05:00,288.935,2019-04-18 10:00:00-05:00,289.37,289.71,-95.7,short: close 288.98 < lower 289.01,exit short: close 289.33 > lower 288.82
2019-04-23,1,21,2019-04-23 09:30:00-05:00,291.555,2019-04-23 14:52:00-05:00,292.72499999999997,290.74,245.7,long: close 291.50 > upper 291.31,flatten
2019-04-25,-1,23,2019-04-25 09:30:00-05:00,291.125,2019-04-25 10:00:00-05:00,291.725,291.88,-138.0,short: close 291.18 < lower 291.43,exit short: close 291.69 > lower 291.32
2019-04-30,-1,17,2019-04-30 10:30:00-05:00,292.41499999999996,2019-04-30 11:00:00-05:00,293.125,293.48,-120.7,short: close 292.45 < lower 292.58,exit short: close 293.08 > lower 292.49
2019-05-02,-1,16,2019-05-02 10:30:00-05:00,290.435,2019-05-02 12:30:00-05:00,291.0674,291.54,-101.18,short: close 290.48 < lower 290.66,exit short: close 291.03 > lower 290.67
2019-05-07,-1,7,2019-05-07 10:00:00-05:00,288.425,2019-05-07 11:30:00-05:00,288.985,290.85,-39.2,short: close 288.47 < lower 289.10,exit short: close 288.92 > lower 288.87
2019-05-09,-1,9,2019-05-09 09:30:00-05:00,283.675,2019-05-09 11:00:00-05:00,284.605,285.7,-83.7,short: close 283.73 < lower 284.38,exit short: close 284.56 > lower 283.95
2019-05-10,-1,12,2019-05-10 09:30:00-05:00,284.28499999999997,2019-05-10 11:30:00-05:00,284.94,285.76,-78.6,short: close 284.34 < lower 284.72,exit short: close 284.90 > lower 284.40
2019-05-14,1,12,2019-05-14 09:30:00-05:00,283.485,2019-05-14 14:52:00-05:00,283.62,282.0,16.2,long: close 283.44 > upper 282.97,flatten
2019-05-16,1,16,2019-05-16 09:00:00-05:00,287.675,2019-05-16 14:30:00-05:00,287.91499999999996,286.56,38.4,long: close 287.63 > upper 286.56,exit long: close 287.96 < upper 288.61
2019-05-23,-1,9,2019-05-23 09:00:00-05:00,281.97499999999997,2019-05-23 09:30:00-05:00,282.26500000000004,284.06,-26.1,short: close 282.02 < lower 282.32,exit short: close 282.22 > lower 281.54
2019-06-07,1,13,2019-06-07 09:00:00-05:00,287.105,2019-06-07 14:52:00-05:00,287.60499999999996,285.74,65.0,long: close 287.05 > upper 286.70,flatten
2019-06-18,1,11,2019-06-18 09:00:00-05:00,292.805,2019-06-18 11:00:00-05:00,292.275,291.14,-58.3,long: close 292.75 > upper 292.09,exit long: close 292.32 < upper 292.72
2019-07-05,-1,15,2019-07-05 09:00:00-05:00,296.655,2019-07-05 10:00:00-05:00,296.64500000000004,297.89,1.5,short: close 296.69 < lower 296.85,exit short: close 296.58 > lower 296.56
2019-07-10,1,16,2019-07-10 09:00:00-05:00,299.435,2019-07-10 09:30:00-05:00,298.59499999999997,298.33,-134.4,long: close 299.38 > upper 298.92,exit long: close 298.64 < upper 299.16
2019-07-17,-1,26,2019-07-17 09:30:00-05:00,298.995,2019-07-17 11:00:00-05:00,299.125,299.66,-33.8,short: close 299.04 < lower 299.07,exit short: close 299.08 > lower 299.04
2019-07-25,-1,20,2019-07-25 09:00:00-05:00,299.96,2019-07-25 09:30:00-05:00,300.4017,300.85,-88.34,short: close 300.01 < lower 300.27,exit short: close 300.34 > lower 300.20
2019-07-29,-1,23,2019-07-29 09:00:00-05:00,301.08,2019-07-29 09:30:00-05:00,301.24,301.83,-36.8,short: close 301.13 < lower 301.19,exit short: close 301.20 > lower 301.16
2019-08-01,1,23,2019-08-01 09:00:00-05:00,298.70500000000004,2019-08-01 12:30:00-05:00,298.185,297.95,-119.6,long: close 298.66 > upper 298.25,exit long: close 298.23 < upper 298.52
2019-08-02,-1,14,2019-08-02 09:00:00-05:00,292.885,2019-08-02 11:30:00-05:00,292.865,294.14,2.8,short: close 292.95 < lower 293.10,exit short: close 292.83 > lower 292.68
2019-08-05,-1,6,2019-08-05 09:00:00-05:00,287.245,2019-08-05 14:52:00-05:00,284.08500000000004,290.36,189.6,short: close 287.30 < lower 287.32,flatten
2019-08-07,-1,7,2019-08-07 09:00:00-05:00,283.375,2019-08-07 09:30:00-05:00,284.59000000000003,285.90000000000003,-85.05,short: close 283.42 < lower 283.56,exit short: close 284.54 > lower 283.29
2019-08-08,1,8,2019-08-08 10:00:00-05:00,291.36,2019-08-08 14:52:00-05:00,293.0817,289.11,137.74,long: close 291.31 > upper 291.08,flatten
2019-08-09,-1,11,2019-08-09 09:30:00-05:00,290.965,2019-08-09 10:00:00-05:00,291.39500000000004,292.59000000000003,-47.3,short: close 291.02 < lower 291.44,exit short: close 291.34 > lower 291.01
2019-08-09,-1,9,2019-08-09 10:30:00-05:00,289.825,2019-08-09 11:56:00-05:00,291.875,291.83,-184.5,short: close 289.87 < lower 291.06,stop
2019-08-13,1,17,2019-08-13 09:00:00-05:00,292.975,2019-08-13 10:17:00-05:00,291.875,291.92,-187.0,long: close 292.97 > upper 288.89,stop
2019-08-13,1,10,2019-08-13 10:30:00-05:00,291.875,2019-08-13 14:52:00-05:00,292.265,290.0,39.0,long: close 291.84 > upper 289.72,flatten
2019-08-16,1,6,2019-08-16 10:00:00-05:00,289.01,2019-08-16 10:30:00-05:00,288.435,286.0,-34.5,long: close 288.97 > upper 288.60,exit long: close 288.48 < upper 288.75
2019-08-23,-1,6,2019-08-23 10:30:00-05:00,288.10499999999996,2019-08-23 14:52:00-05:00,284.15500000000003,290.90000000000003,237.0,short: close 288.12 < lower 288.82,flatten
2019-09-05,1,9,2019-09-05 09:00:00-05:00,297.855,2019-09-05 10:00:00-05:00,297.995,295.8,12.6,long: close 297.52 > upper 297.44,exit long: close 298.05 < upper 298.13
2019-09-10,-1,16,2019-09-10 09:00:00-05:00,296.275,2019-09-10 09:30:00-05:00,296.77500000000003,297.42,-80.0,short: close 296.33 < lower 296.61,exit short: close 296.74 > lower 296.38
2019-09-19,1,20,2019-09-19 09:30:00-05:00,302.26500000000004,2019-09-19 10:00:00-05:00,302.135,301.37,-26.0,long: close 302.22 > upper 302.21,exit long: close 302.18 < upper 302.20
2019-09-25,-1,25,2019-09-25 09:00:00-05:00,295.155,2019-09-25 09:30:00-05:00,295.57,295.83,-103.75,short: close 295.18 < lower 295.21,exit short: close 295.53 > lower 295.15
2019-09-26,-1,27,2019-09-26 09:00:00-05:00,296.705,2019-09-26 11:30:00-05:00,296.70500000000004,297.33,-0.0,short: close 296.75 < lower 296.99,exit short: close 296.67 > lower 296.61
2019-09-30,1,20,2019-09-30 10:00:00-05:00,296.625,2019-09-30 11:00:00-05:00,296.995,295.72,74.0,long: close 296.57 > upper 296.56,exit long: close 297.04 < upper 297.06
2019-10-01,-1,18,2019-10-01 10:00:00-05:00,295.34499999999997,2019-10-01 14:52:00-05:00,293.475,296.34000000000003,336.6,short: close 295.41 < lower 296.28,flatten
2019-10-02,-1,12,2019-10-02 09:00:00-05:00,289.74,2019-10-02 14:52:00-05:00,287.945,291.26,215.4,short: close 289.79 < lower 290.84,flatten
2019-10-04,1,15,2019-10-04 09:00:00-05:00,292.325,2019-10-04 09:30:00-05:00,291.865,291.08,-69.0,long: close 292.29 > upper 292.00,exit long: close 291.92 < upper 292.12
2019-10-08,-1,9,2019-10-08 09:00:00-05:00,289.615,2019-10-08 10:00:00-05:00,290.195,291.58,-52.2,short: close 289.66 < lower 290.12,exit short: close 290.16 > lower 289.87
2019-10-10,1,17,2019-10-10 09:00:00-05:00,293.235,2019-10-10 11:30:00-05:00,293.23499999999996,292.18,-0.0,long: close 293.17 > upper 292.27,exit long: close 293.27 < upper 293.52
2019-10-11,1,6,2019-10-11 09:30:00-05:00,297.89000000000004,2019-10-11 10:00:00-05:00,297.645,295.01,-14.7,long: close 297.84 > upper 297.63,exit long: close 297.70 < upper 297.72
2019-10-11,1,5,2019-10-11 10:30:00-05:00,298.39500000000004,2019-10-11 11:00:00-05:00,297.715,294.91,-34.0,long: close 298.34 > upper 298.25,exit long: close 297.76 < upper 298.57
2019-10-15,1,8,2019-10-15 10:00:00-05:00,299.495,2019-10-15 11:00:00-05:00,299.195,297.33,-24.0,long: close 299.44 > upper 298.72,exit long: close 299.22 < upper 299.32
2019-10-25,1,11,2019-10-25 10:30:00-05:00,302.125,2019-10-25 13:00:00-05:00,301.675,300.40000000000003,-49.5,long: close 302.08 > upper 301.81,exit long: close 301.73 < upper 301.77
2019-10-31,-1,23,2019-10-31 09:00:00-05:00,303.22499999999997,2019-10-31 14:52:00-05:00,302.605,303.97,142.6,short: close 303.28 < lower 303.37,flatten
2019-11-12,1,16,2019-11-12 09:30:00-06:00,309.845,2019-11-12 10:00:00-06:00,309.71,308.72,-21.6,long: close 309.80 > upper 309.70,exit long: close 309.75 < upper 309.80
2019-11-21,-1,24,2019-11-21 09:30:00-06:00,309.625,2019-11-21 10:00:00-06:00,310.1189,310.35,-118.54,short: close 309.66 < lower 310.11,exit short: close 310.07 > lower 309.99
2019-11-21,-1,24,2019-11-21 10:30:00-06:00,309.97909999999996,2019-11-21 11:30:00-06:00,310.295,310.7,-75.82,short: close 310.03 < lower 310.12,exit short: close 310.24 > lower 310.01
2019-11-25,1,16,2019-11-25 09:00:00-06:00,312.75,2019-11-25 14:52:00-06:00,313.055,311.65000000000003,48.8,long: close 312.71 > upper 312.59,flatten
2019-12-02,-1,27,2019-12-02 09:00:00-06:00,313.025,2019-12-02 14:52:00-06:00,311.922,313.67,297.81,short: close 313.10 < lower 313.89,flatten
2019-12-04,1,14,2019-12-04 09:00:00-06:00,311.695,2019-12-04 09:30:00-06:00,311.425,310.42,-37.8,long: close 311.67 > upper 311.37,exit long: close 311.47 < upper 311.62
2019-12-04,1,11,2019-12-04 10:00:00-06:00,311.845,2019-12-04 10:30:00-06:00,311.60499999999996,310.21,-26.4,long: close 311.80 > upper 311.72,exit long: close 311.65 < upper 311.74
2019-12-12,1,22,2019-12-12 09:00:00-06:00,316.89500000000004,2019-12-12 10:55:00-06:00,316.055,316.1,-184.8,long: close 316.85 > upper 315.22,stop
2019-12-30,-1,21,2019-12-30 09:00:00-06:00,321.4255,2019-12-30 14:52:00-06:00,321.0084,322.29,87.59,short: close 321.47 < lower 322.05,flatten
2020-01-08,1,18,2020-01-08 10:30:00-06:00,324.075,2020-01-08 14:52:00-06:00,324.585,323.06,91.8,long: close 324.03 > upper 323.87,flatten
2020-01-15,1,17,2020-01-15 09:00:00-06:00,328.65500000000003,2020-01-15 11:00:00-06:00,328.60499999999996,327.6,-8.5,long: close 328.59 > upper 328.45,exit long: close 328.64 < upper 328.71
2020-01-24,-1,17,2020-01-24 09:30:00-06:00,330.935,2020-01-24 10:00:00-06:00,331.21000000000004,332.0,-46.75,short: close 330.98 < lower 331.02,exit short: close 331.16 > lower 330.96
2020-01-28,1,13,2020-01-28 09:30:00-06:00,326.385,2020-01-28 14:52:00-06:00,327.005,324.94,80.6,long: close 326.36 > upper 325.73,flatten
2020-01-31,-1,17,2020-01-31 09:00:00-06:00,325.98499999999996,2020-01-31 14:52:00-06:00,321.665,327.04,734.4,short: close 326.05 < lower 326.27,flatten
2020-02-03,1,11,2020-02-03 09:00:00-06:00,325.21500000000003,2020-02-03 10:30:00-06:00,324.645,323.6,-62.7,long: close 325.16 > upper 324.16,exit long: close 324.69 < upper 324.82
2020-02-20,-1,10,2020-02-20 10:30:00-06:00,335.925,2020-02-20 13:30:00-06:00,336.435,337.78000000000003,-51.0,short: close 335.97 < lower 336.17,exit short: close 336.41 > lower 336.06
2020-02-21,-1,11,2020-02-21 09:00:00-06:00,334.04499999999996,2020-02-21 09:30:00-06:00,334.235,335.7,-20.9,short: close 334.10 < lower 334.57,exit short: close 334.20 > lower 334.04
2020-02-21,-1,9,2020-02-21 10:00:00-06:00,333.79499999999996,2020-02-21 10:30:00-06:00,334.315,335.90000000000003,-46.8,short: close 333.84 < lower 334.13,exit short: close 334.27 > lower 333.78
2020-02-25,-1,10,2020-02-25 09:30:00-06:00,320.22499999999997,2020-02-25 14:52:00-06:00,312.535,322.08,769.0,short: close 320.26 < lower 321.32,flatten
2020-02-26,1,11,2020-02-26 09:00:00-06:00,315.555,2020-02-26 11:00:00-06:00,315.375,313.86,-19.8,long: close 315.52 > upper 315.14,exit long: close 315.41 < upper 315.79
2020-02-27,-1,4,2020-02-27 09:30:00-06:00,302.505,2020-02-27 10:00:00-06:00,305.575,306.98,-122.8,short: close 302.56 < lower 304.05,exit short: close 305.53 > lower 303.84
2020-02-28,-1,3,2020-02-28 09:00:00-06:00,287.515,2020-02-28 10:00:00-06:00,290.005,292.94,-74.7,short: close 287.57 < lower 287.72,exit short: close 289.95 > lower 287.20
2020-03-02,1,6,2020-03-02 10:30:00-06:00,301.64500000000004,2020-03-02 14:00:00-06:00,300.015,298.48,-97.8,long: close 301.60 > upper 300.36,exit long: close 300.06 < upper 301.20
2020-03-03,-1,13,2020-03-03 09:00:00-06:00,305.895,2020-03-03 09:00:00-06:00,307.315,307.27,-184.6,short: close 305.94 < lower 307.91,stop
2020-03-03,-1,7,2020-03-03 10:30:00-06:00,303.315,2020-03-03 10:39:00-06:00,305.96500000000003,305.92,-185.5,short: close 303.35 < lower 306.68,stop
2020-03-23,-1,4,2020-03-23 10:00:00-05:00,223.47500000000002,2020-03-23 11:30:00-05:00,222.845,227.98000000000002,25.2,short: close 223.54 < lower 224.06,exit short: close 222.77 > lower 222.47
2020-03-24,1,3,2020-03-24 09:30:00-05:00,238.515,2020-03-24 10:00:00-05:00,237.435,232.51,-32.4,long: close 238.45 > upper 238.04,exit long: close 237.46 < upper 239.10
2020-03-26,1,3,2020-03-26 09:30:00-05:00,255.415,2020-03-26 13:30:00-05:00,256.945,249.58,45.9,long: close 255.40 > upper 254.01,exit long: close 256.98 < upper 257.16
2020-04-02,1,3,2020-04-02 10:00:00-05:00,250.89499999999998,2020-04-02 10:30:00-05:00,249.155,245.8,-52.2,long: close 250.86 > upper 250.76,exit long: close 249.22 < upper 253.57
2020-04-09,1,4,2020-04-09 09:00:00-05:00,280.555,2020-04-09 09:30:00-05:00,279.10499999999996,276.32,-58.0,long: close 280.51 > upper 280.07,exit long: close 279.18 < upper 281.15
2020-04-13,-1,6,2020-04-13 09:00:00-05:00,274.10499999999996,2020-04-13 10:30:00-05:00,273.565,277.03000000000003,32.4,short: close 274.15 < lower 274.77,exit short: close 273.50 > lower 271.87
2020-04-21,-1,3,2020-04-21 10:30:00-05:00,272.835,2020-04-21 11:00:00-05:00,273.64500000000004,278.59000000000003,-24.3,short: close 272.88 < lower 273.44,exit short: close 273.61 > lower 273.13
2020-05-05,1,7,2020-05-05 09:00:00-05:00,288.20500000000004,2020-05-05 09:30:00-05:00,287.455,285.53000000000003,-52.5,long: close 288.15 > upper 287.83,exit long: close 287.51 < upper 288.20
2020-05-14,-1,7,2020-05-14 09:00:00-05:00,276.84499999999997,2020-05-14 09:48:00-05:00,279.535,279.49,-188.3,short: close 276.89 < lower 277.66,stop
2020-05-18,1,3,2020-05-18 10:30:00-05:00,295.295,2020-05-18 11:00:00-05:00,294.98499999999996,289.92,-9.3,long: close 295.24 > upper 295.05,exit long: close 295.04 < upper 295.89
2020-05-20,1,6,2020-05-20 09:30:00-05:00,297.365,2020-05-20 11:00:00-05:00,297.52799999999996,294.3,9.78,long: close 297.31 > upper 296.99,exit long: close 297.58 < upper 298.42
2020-05-21,-1,9,2020-05-21 10:30:00-05:00,294.28499999999997,2020-05-21 11:00:00-05:00,294.915,296.35,-56.7,short: close 294.30 < lower 294.80,exit short: close 294.87 > lower 294.21
2020-06-05,1,3,2020-06-05 10:30:00-05:00,320.65500000000003,2020-06-05 14:52:00-05:00,318.895,315.57,-52.8,long: close 320.61 > upper 319.40,flatten
2020-06-10,-1,12,2020-06-10 09:30:00-05:00,318.965,2020-06-10 10:30:00-05:00,319.695,320.5,-87.6,short: close 319.04 < lower 319.58,exit short: close 319.64 > lower 318.57
2020-06-11,-1,3,2020-06-11 09:30:00-05:00,310.13,2020-06-11 14:52:00-05:00,300.64500000000004,315.2,284.55,short: close 310.18 < lower 310.19,flatten
2020-06-24,-1,8,2020-06-24 09:00:00-05:00,307.705,2020-06-24 09:30:00-05:00,308.305,310.04,-48.0,short: close 307.75 < lower 308.61,exit short: close 308.27 > lower 308.06
2020-06-24,-1,4,2020-06-24 10:00:00-05:00,306.41499999999996,2020-06-24 14:52:00-05:00,303.90500000000003,310.8,100.4,short: close 306.48 < lower 306.56,flatten
2020-06-26,-1,7,2020-06-26 09:30:00-05:00,302.825,2020-06-26 12:30:00-05:00,302.175,305.24,45.5,short: close 302.86 < lower 304.32,exit short: close 302.13 > lower 301.72
2020-07-08,1,10,2020-07-08 09:00:00-05:00,316.14500000000004,2020-07-08 09:30:00-05:00,315.205,314.41,-94.0,long: close 316.10 > upper 315.91,exit long: close 315.25 < upper 316.58
2020-07-09,-1,6,2020-07-09 10:00:00-05:00,311.905,2020-07-09 11:30:00-05:00,313.045,314.71,-68.4,short: close 311.94 < lower 313.67,exit short: close 313.00 > lower 312.98
2020-07-27,1,15,2020-07-27 09:00:00-05:00,322.665,2020-07-27 09:30:00-05:00,322.525,321.44,-21.0,long: close 322.62 > upper 322.48,exit long: close 322.56 < upper 322.85
2020-07-29,1,9,2020-07-29 10:00:00-05:00,323.785,2020-07-29 11:00:00-05:00,323.625,321.82,-14.4,long: close 323.75 > upper 323.63,exit long: close 323.67 < upper 324.05
2020-07-30,-1,8,2020-07-30 09:00:00-05:00,320.085,2020-07-30 10:00:00-05:00,321.46500000000003,322.46,-110.4,short: close 320.13 < lower 321.12,exit short: close 321.40 > lower 320.75
2020-07-31,-1,9,2020-07-31 09:30:00-05:00,322.69489999999996,2020-07-31 10:00:00-05:00,323.365,324.82,-60.31,short: close 322.74 < lower 322.82,exit short: close 323.30 > lower 322.86
2020-08-10,-1,12,2020-08-10 10:00:00-05:00,333.145,2020-08-10 10:30:00-05:00,334.40500000000003,334.62,-151.2,short: close 333.20 < lower 333.33,exit short: close 334.36 > lower 333.53
2020-08-12,1,7,2020-08-12 09:30:00-05:00,337.165,2020-08-12 12:30:00-05:00,336.625,334.66,-37.8,long: close 337.11 > upper 336.65,exit long: close 336.67 < upper 337.20
2020-09-01,1,12,2020-09-01 09:30:00-05:00,351.435,2020-09-01 10:00:00-05:00,350.625,349.98,-97.2,long: close 351.38 > upper 351.24,exit long: close 350.66 < upper 351.42
2020-09-03,-1,10,2020-09-03 09:30:00-05:00,352.695,2020-09-03 14:52:00-05:00,343.9767,354.5,871.83,short: close 352.74 < lower 354.97,flatten
2020-09-04,-1,19,2020-09-04 09:00:00-05:00,343.505,2020-09-04 09:02:00-05:00,344.505,344.46,-190.0,short: close 343.56 < lower 344.83,stop
2020-09-04,-1,12,2020-09-04 09:30:00-05:00,339.195,2020-09-04 11:32:00-05:00,340.785,340.74,-190.8,short: close 339.23 < lower 344.23,stop
2020-09-09,1,4,2020-09-09 09:30:00-05:00,339.45500000000004,2020-09-09 10:00:00-05:00,339.34499999999997,335.54,-4.4,long: close 339.41 > upper 339.34,exit long: close 339.37 < upper 339.73
2020-09-14,1,7,2020-09-14 09:00:00-05:00,338.99,2020-09-14 10:00:00-05:00,339.64,336.45,45.5,long: close 338.94 > upper 338.33,exit long: close 339.69 < upper 339.92
2020-09-18,-1,13,2020-09-18 09:00:00-05:00,333.87,2020-09-18 09:30:00-05:00,334.5065,335.21,-82.75,short: close 333.91 < lower 334.27,exit short: close 334.46 > lower 333.15
2020-09-21,-1,4,2020-09-21 09:30:00-05:00,322.655,2020-09-21 10:30:00-05:00,322.505,327.35,6.0,short: close 322.71 < lower 323.51,exit short: close 322.47 > lower 322.35
2020-09-30,1,11,2020-09-30 09:00:00-05:00,335.105,2020-09-30 13:30:00-05:00,336.565,333.46,160.6,long: close 335.07 > upper 334.40,exit long: close 336.65 < upper 337.22
2020-10-20,1,9,2020-10-20 09:00:00-05:00,344.865,2020-10-20 09:30:00-05:00,344.255,342.92,-54.9,long: close 344.83 > upper 344.69,exit long: close 344.29 < upper 345.25
2020-10-21,1,16,2020-10-21 09:00:00-05:00,345.45,2020-10-21 09:53:00-05:00,344.245,344.29,-192.8,long: close 345.39 > upper 344.49,stop
2020-10-26,-1,6,2020-10-26 10:00:00-05:00,339.60499999999996,2020-10-26 14:52:00-05:00,337.96500000000003,342.47,98.4,short: close 339.65 < lower 341.08,flatten
2020-10-28,-1,4,2020-10-28 09:30:00-05:00,328.72499999999997,2020-10-28 14:52:00-05:00,327.33500000000004,333.05,55.6,short: close 328.79 < lower 330.86,flatten
2020-10-29,1,11,2020-10-29 09:30:00-05:00,329.165,2020-10-29 11:00:00-05:00,328.395,327.48,-84.7,long: close 329.12 > upper 328.48,exit long: close 328.43 < upper 329.03
2020-10-30,-1,7,2020-10-30 09:30:00-05:00,325.2149,2020-10-30 11:30:00-05:00,326.54,327.82,-92.76,short: close 325.26 < lower 326.52,exit short: close 326.50 > lower 325.80
2020-11-03,1,6,2020-11-03 09:00:00-06:00,335.425,2020-11-03 12:00:00-06:00,336.23499999999996,332.56,48.6,long: close 335.38 > upper 334.82,exit long: close 336.27 < upper 336.62
2020-11-04,1,5,2020-11-04 09:00:00-06:00,342.535,2020-11-04 14:30:00-06:00,343.745,338.86,60.5,long: close 342.50 > upper 342.09,exit long: close 343.78 < upper 344.70
2020-11-06,-1,13,2020-11-06 09:00:00-06:00,348.215,2020-11-06 09:21:00-06:00,349.685,349.64,-191.1,short: close 348.26 < lower 348.64,stop
2020-11-24,1,6,2020-11-24 10:30:00-06:00,362.46500000000003,2020-11-24 13:30:00-06:00,362.53499999999997,359.42,4.2,long: close 362.42 > upper 361.90,exit long: close 362.57 < upper 362.75
2020-11-30,-1,11,2020-11-30 09:30:00-06:00,361.16499999999996,2020-11-30 12:00:00-06:00,361.337,362.76,-18.92,short: close 361.20 < lower 361.71,exit short: close 361.31 > lower 361.31
2020-12-01,1,6,2020-12-01 09:30:00-06:00,367.02500000000003,2020-12-01 10:00:00-06:00,366.265,364.22,-45.6,long: close 366.98 > upper 366.59,exit long: close 366.29 < upper 366.66
2020-12-04,1,15,2020-12-04 09:00:00-06:00,368.27000000000004,2020-12-04 09:30:00-06:00,368.31,367.03000000000003,6.0,long: close 368.24 > upper 368.23,exit long: close 368.35 < upper 368.50
2020-12-04,1,13,2020-12-04 10:00:00-06:00,369.08500000000004,2020-12-04 13:00:00-06:00,368.695,367.69,-50.7,long: close 369.05 > upper 368.40,exit long: close 368.74 < upper 368.78
2020-12-14,1,9,2020-12-14 09:00:00-06:00,369.565,2020-12-14 09:30:00-06:00,369.625,367.5,5.4,long: close 369.52 > upper 369.52,exit long: close 369.67 < upper 369.97
2020-12-18,-1,12,2020-12-18 09:00:00-06:00,369.59499999999997,2020-12-18 14:52:00-06:00,368.33500000000004,371.09000000000003,151.2,short: close 369.62 < lower 370.09,flatten
2020-12-21,-1,5,2020-12-21 09:30:00-06:00,362.775,2020-12-21 10:30:00-06:00,364.64500000000004,366.14,-93.5,short: close 362.83 < lower 363.69,exit short: close 364.61 > lower 363.28
2021-01-04,-1,10,2021-01-04 09:30:00-06:00,372.435,2021-01-04 14:52:00-06:00,369.20500000000004,374.28000000000003,323.0,short: close 372.49 < lower 372.74,flatten
2021-01-05,1,14,2021-01-05 09:00:00-06:00,370.20500000000004,2021-01-05 09:30:00-06:00,369.705,368.89,-70.0,long: close 370.13 > upper 369.79,exit long: close 369.75 < upper 370.18
2021-01-06,1,8,2021-01-06 09:30:00-06:00,373.83500000000004,2021-01-06 14:52:00-06:00,373.205,371.63,-50.4,long: close 373.80 > upper 372.73,flatten
2021-01-07,1,7,2021-01-07 09:00:00-06:00,378.135,2021-01-07 11:30:00-06:00,378.335,375.56,14.0,long: close 377.86 > upper 377.40,exit long: close 378.38 < upper 378.81
2021-01-15,-1,6,2021-01-15 09:30:00-06:00,374.54499999999996,2021-01-15 10:00:00-06:00,375.365,377.47,-49.2,short: close 374.57 < lower 374.66,exit short: close 375.31 > lower 374.57
2021-01-27,-1,6,2021-01-27 09:00:00-06:00,377.525,2021-01-27 09:30:00-06:00,379.26500000000004,380.34000000000003,-104.4,short: close 377.57 < lower 379.21,exit short: close 379.22 > lower 378.29
2021-01-28,1,9,2021-01-28 09:00:00-06:00,377.635,2021-01-28 14:52:00-06:00,378.615,375.68,88.2,long: close 377.58 > upper 377.36,flatten
2021-01-29,-1,6,2021-01-29 10:30:00-06:00,372.675,2021-01-29 14:52:00-06:00,371.575,375.46,66.0,short: close 372.73 < lower 373.83,flatten
2021-02-02,1,7,2021-02-02 09:00:00-06:00,380.935,2021-02-02 14:52:00-06:00,382.365,378.24,100.1,long: close 380.87 > upper 380.60,flatten
2021-02-23,-1,8,2021-02-23 09:00:00-06:00,382.185,2021-02-23 09:29:00-06:00,384.38500000000005,384.34000000000003,-176.0,short: close 382.24 < lower 383.72,stop
2021-02-24,1,10,2021-02-24 10:30:00-06:00,389.435,2021-02-24 14:52:00-06:00,392.01,387.64,257.5,long: close 389.39 > upper 388.71,flatten
2021-02-25,-1,9,2021-02-25 10:00:00-06:00,388.935,2021-02-25 14:52:00-06:00,382.975,390.90000000000003,536.4,short: close 389.00 < lower 389.12,flatten
2021-02-26,-1,9,2021-02-26 09:30:00-06:00,378.445,2021-02-26 09:38:00-06:00,380.505,380.46,-185.4,short: close 378.53 < lower 381.36,stop
2021-03-01,1,5,2021-03-01 09:00:00-06:00,386.985,2021-03-01 14:52:00-06:00,389.085,383.26,105.0,long: close 386.93 > upper 386.69,flatten
2021-03-02,-1,9,2021-03-02 09:30:00-06:00,387.495,2021-03-02 10:00:00-06:00,388.175,389.44,-61.2,short: close 387.55 < lower 387.72,exit short: close 388.17 > lower 387.72
2021-03-03,-1,11,2021-03-03 09:00:00-06:00,384.445,2021-03-03 09:30:00-06:00,384.045,386.03000000000003,44.0,short: close 384.51 < lower 384.58,exit short: close 384.00 > lower 383.83
2021-03-05,-1,5,2021-03-05 10:30:00-06:00,373.02479999999997,2021-03-05 11:00:00-06:00,375.885,376.81,-143.01,short: close 373.07 < lower 374.80,exit short: close 375.86 > lower 374.35
2021-03-09,1,4,2021-03-09 10:00:00-06:00,388.46000000000004,2021-03-09 12:00:00-06:00,389.005,384.17,21.8,long: close 388.43 > upper 388.10,exit long: close 389.05 < upper 389.25
2021-03-19,-1,9,2021-03-19 09:00:00-05:00,388.465,2021-03-19 09:30:00-05:00,388.83500000000004,390.55,-33.3,short: close 388.53 < lower 388.56,exit short: close 388.80 > lower 387.65
2021-03-22,1,9,2021-03-22 10:00:00-05:00,392.1,2021-03-22 10:30:00-05:00,392.0849,389.98,-1.36,long: close 392.06 > upper 391.88,exit long: close 392.13 < upper 392.51
2021-03-29,-1,9,2021-03-29 09:30:00-05:00,393.055,2021-03-29 10:00:00-05:00,393.255,395.06,-18.0,short: close 393.11 < lower 393.16,exit short: close 393.21 > lower 393.03
2021-03-31,1,12,2021-03-31 10:00:00-05:00,396.855,2021-03-31 10:30:00-05:00,396.525,395.38,-39.6,long: close 396.82 > upper 396.53,exit long: close 396.58 < upper 396.66
2021-04-05,1,8,2021-04-05 09:00:00-05:00,404.595,2021-04-05 14:30:00-05:00,405.97499999999997,402.36,110.4,long: close 404.55 > upper 404.24,exit long: close 406.01 < upper 406.21
2021-04-14,1,26,2021-04-14 09:00:00-05:00,413.865,2021-04-14 09:27:00-05:00,413.155,413.2,-184.6,long: close 413.83 > upper 413.49,stop
2021-04-20,-1,10,2021-04-20 10:00:00-05:00,412.305,2021-04-20 14:52:00-05:00,412.54,414.16,-23.5,short: close 412.35 < lower 412.73,flatten
2021-04-21,1,15,2021-04-21 09:00:00-05:00,413.45500000000004,2021-04-21 14:52:00-05:00,415.85499999999996,412.26,360.0,long: close 413.41 > upper 413.06,flatten
2021-04-23,1,14,2021-04-23 09:00:00-05:00,414.235,2021-04-23 14:52:00-05:00,416.94,412.96000000000004,378.7,long: close 414.18 > upper 413.87,flatten
2021-05-04,-1,8,2021-05-04 09:00:00-05:00,413.835,2021-05-04 14:00:00-05:00,414.11690000000004,416.0,-22.55,short: close 413.88 < lower 414.95,exit short: close 414.07 > lower 413.81
2021-05-06,-1,13,2021-05-06 09:30:00-05:00,414.255,2021-05-06 10:00:00-05:00,415.175,415.7,-119.6,short: close 414.31 < lower 414.34,exit short: close 415.13 > lower 413.96
2021-05-07,1,10,2021-05-07 09:30:00-05:00,422.185,2021-05-07 12:00:00-05:00,422.065,420.32,-12.0,long: close 422.13 > upper 421.36,exit long: close 422.11 < upper 422.21
2021-05-12,-1,6,2021-05-12 10:00:00-05:00,409.385,2021-05-12 10:30:00-05:00,409.58500000000004,412.62,-12.0,short: close 409.43 < lower 409.52,exit short: close 409.56 > lower 409.54
2021-05-13,1,9,2021-05-13 09:00:00-05:00,410.095,2021-05-13 12:38:00-05:00,407.965,408.01,-191.7,long: close 410.04 > upper 408.35,stop
2021-05-14,1,6,2021-05-14 09:00:00-05:00,414.945,2021-05-14 09:30:00-05:00,414.385,412.0,-33.6,long: close 414.92 > upper 414.68,exit long: close 414.44 < upper 415.12
2021-05-14,1,5,2021-05-14 10:30:00-05:00,415.535,2021-05-14 14:52:00-05:00,417.075,412.24,77.0,long: close 415.49 > upper 415.03,flatten
2021-05-20,1,7,2021-05-20 10:00:00-05:00,414.02500000000003,2021-05-20 14:52:00-05:00,415.16499999999996,411.54,79.8,long: close 413.97 > upper 413.83,flatten
2021-06-10,1,10,2021-06-10 09:00:00-05:00,424.295,2021-06-10 09:30:00-05:00,423.715,422.52,-58.0,long: close 424.25 > upper 424.07,exit long: close 423.75 < upper 424.21
2021-06-15,-1,14,2021-06-15 10:00:00-05:00,423.995,2021-06-15 10:30:00-05:00,424.18,425.3,-25.9,short: close 424.05 < lower 424.06,exit short: close 424.13 > lower 423.78
2021-06-21,1,10,2021-06-21 09:00:00-05:00,417.925,2021-06-21 14:52:00-05:00,420.44689999999997,416.18,252.19,long: close 417.86 > upper 417.64,flatten
2021-07-06,-1,29,2021-07-06 09:00:00-05:00,432.925,2021-07-06 13:30:00-05:00,432.245,433.5,197.2,short: close 432.97 < lower 433.18,exit short: close 432.20 > lower 432.01
2021-07-09,1,13,2021-07-09 09:00:00-05:00,433.625,2021-07-09 14:52:00-05:00,435.58,432.24,254.15,long: close 433.58 > upper 433.13,flatten
2021-07-16,-1,11,2021-07-16 09:30:00-05:00,433.185,2021-07-16 10:00:00-05:00,433.865,434.88,-74.8,short: close 433.23 < lower 433.68,exit short: close 433.80 > lower 433.54
2021-07-16,-1,9,2021-07-16 10:30:00-05:00,433.015,2021-07-16 11:00:00-05:00,433.695,435.12,-61.2,short: close 433.07 < lower 433.27,exit short: close 433.65 > lower 433.05
2021-07-19,-1,5,2021-07-19 09:00:00-05:00,424.205,2021-07-19 11:00:00-05:00,424.96500000000003,427.56,-38.0,short: close 424.27 < lower 425.44,exit short: close 424.93 > lower 424.34
2021-07-20,1,14,2021-07-20 09:00:00-05:00,428.295,2021-07-20 14:52:00-05:00,431.495,427.02,448.0,long: close 428.24 > upper 426.59,flatten
2021-07-21,1,10,2021-07-21 09:00:00-05:00,433.70500000000004,2021-07-21 09:30:00-05:00,432.98499999999996,431.89,-72.0,long: close 433.66 > upper 433.51,exit long: close 433.04 < upper 434.15
2021-08-16,-1,11,2021-08-16 09:00:00-05:00,443.34499999999997,2021-08-16 10:30:00-05:00,443.795,444.98,-49.5,short: close 443.39 < lower 443.58,exit short: close 443.75 > lower 443.57
2021-08-20,1,14,2021-08-20 09:00:00-05:00,441.89500000000004,2021-08-20 14:52:00-05:00,443.435,440.64,215.6,long: close 441.85 > upper 441.28,flatten
2021-08-23,1,9,2021-08-23 09:30:00-05:00,446.915,2021-08-23 14:52:00-05:00,447.635,444.8,64.8,long: close 446.87 > upper 446.37,flatten
2021-08-26,-1,13,2021-08-26 10:00:00-05:00,446.865,2021-08-26 10:30:00-05:00,447.545,448.28000000000003,-88.4,short: close 446.92 < lower 447.33,exit short: close 447.49 > lower 447.39
2021-08-27,1,10,2021-08-27 09:30:00-05:00,449.355,2021-08-27 14:52:00-05:00,450.25,447.5,89.5,long: close 449.30 > upper 448.54,flatten
2021-08-30,1,9,2021-08-30 10:00:00-05:00,452.83500000000004,2021-08-30 11:00:00-05:00,452.85499999999996,450.76,1.8,long: close 452.80 > upper 452.66,exit long: close 452.91 < upper 452.93
2021-09-16,-1,9,2021-09-16 09:30:00-05:00,445.22499999999997,2021-09-16 11:00:00-05:00,445.35,447.24,-11.25,short: close 445.30 < lower 445.57,exit short: close 445.30 > lower 445.22
2021-09-17,-1,8,2021-09-17 09:00:00-05:00,443.445,2021-09-17 09:30:00-05:00,443.255,445.84000000000003,15.2,short: close 443.50 < lower 443.64,exit short: close 443.20 > lower 443.08
2021-09-17,-1,6,2021-09-17 10:00:00-05:00,442.38,2021-09-17 14:52:00-05:00,441.235,445.6,68.7,short: close 442.43 < lower 442.82,flatten
2021-09-23,1,8,2021-09-23 09:00:00-05:00,442.255,2021-09-23 14:52:00-05:00,443.275,439.92,81.6,long: close 442.20 > upper 441.16,flatten
2021-09-28,-1,6,2021-09-28 09:00:00-05:00,437.965,2021-09-28 14:52:00-05:00,433.89500000000004,441.12,244.2,short: close 438.02 < lower 438.03,flatten
2021-10-04,-1,6,2021-10-04 09:30:00-05:00,429.905,2021-10-04 14:52:00-05:00,427.39000000000004,433.03000000000003,150.9,short: close 429.95 < lower 430.47,flatten
2021-10-05,1,5,2021-10-05 09:30:00-05:00,433.785,2021-10-05 14:30:00-05:00,434.405,430.40000000000003,31.0,long: close 433.74 > upper 432.85,exit long: close 434.44 < upper 434.49
2021-10-07,1,6,2021-10-07 09:00:00-05:00,440.71500000000003,2021-10-07 10:00:00-05:00,441.3,437.48,35.1,long: close 440.67 > upper 439.89,exit long: close 441.34 < upper 442.04
2021-10-28,1,7,2021-10-28 10:00:00-05:00,457.505,2021-10-28 11:00:00-05:00,457.03499999999997,454.96000000000004,-32.9,long: close 457.47 > upper 457.22,exit long: close 457.08 < upper 457.21
2021-11-09,-1,15,2021-11-09 09:00:00-06:00,466.905,2021-11-09 14:52:00-06:00,467.045,468.14,-21.0,short: close 466.95 < lower 467.90,flatten
2021-11-12,1,8,2021-11-12 10:30:00-06:00,466.875,2021-11-12 12:30:00-06:00,466.625,464.7,-20.0,long: close 466.83 > upper 466.65,exit long: close 466.67 < upper 467.03
2021-11-16,1,10,2021-11-16 10:30:00-06:00,469.795,2021-11-16 14:30:00-06:00,469.64,468.02,-15.5,long: close 469.74 > upper 469.07,exit long: close 469.69 < upper 469.69
2021-11-22,1,8,2021-11-22 09:00:00-06:00,472.755,2021-11-22 10:30:00-06:00,472.145,470.48,-48.8,long: close 472.69 > upper 472.14,exit long: close 472.19 < upper 472.40
2021-11-23,-1,11,2021-11-23 10:00:00-06:00,465.02,2021-11-23 10:25:00-06:00,466.665,466.62,-180.95,short: close 465.07 < lower 465.77,stop
2021-11-26,-1,3,2021-11-26 10:00:00-06:00,460.175,2021-11-26 11:30:00-06:00,460.67,465.34000000000003,-14.85,short: close 460.23 < lower 460.72,exit short: close 460.62 > lower 460.45
2021-11-30,-1,6,2021-11-30 10:00:00-06:00,457.98499999999996,2021-11-30 14:52:00-06:00,455.925,461.2,123.6,short: close 458.04 < lower 460.10,flatten
2021-12-01,1,3,2021-12-01 10:30:00-06:00,464.295,2021-12-01 11:00:00-06:00,462.635,459.12,-49.8,long: close 464.25 > upper 463.94,exit long: close 462.67 < upper 463.88
2021-12-02,1,15,2021-12-02 09:00:00-06:00,455.915,2021-12-02 09:09:00-06:00,454.655,454.7,-189.0,long: close 455.88 > upper 451.82,stop
2021-12-02,1,10,2021-12-02 09:30:00-06:00,455.02500000000003,2021-12-02 09:38:00-06:00,453.155,453.2,-187.0,long: close 454.98 > upper 452.44,stop
2021-12-03,-1,7,2021-12-03 09:00:00-06:00,455.375,2021-12-03 09:30:00-06:00,455.63,457.94,-17.85,short: close 455.40 < lower 455.70,exit short: close 455.60 > lower 455.25
2021-12-03,-1,5,2021-12-03 10:00:00-06:00,451.935,2021-12-03 14:52:00-06:00,451.45500000000004,455.38,24.0,short: close 451.95 < lower 454.82,flatten
2021-12-07,1,4,2021-12-07 09:00:00-06:00,467.285,2021-12-07 12:30:00-06:00,468.155,462.48,34.8,long: close 467.24 > upper 466.42,exit long: close 468.19 < upper 468.57
2021-12-27,1,6,2021-12-27 09:30:00-06:00,474.70500000000004,2021-12-27 14:52:00-06:00,477.03499999999997,471.58,139.8,long: close 474.65 > upper 474.43,flatten
2022-01-07,-1,10,2022-01-07 10:00:00-06:00,465.22499999999997,2022-01-07 10:30:00-06:00,466.485,467.1,-126.0,short: close 465.25 < lower 466.06,exit short: close 466.45 > lower 465.88
2022-01-10,-1,7,2022-01-10 09:00:00-06:00,459.29499999999996,2022-01-10 12:30:00-06:00,460.5914,462.05,-90.75,short: close 459.36 < lower 461.65,exit short: close 460.56 > lower 460.31
2022-01-11,-1,12,2022-01-11 09:00:00-06:00,462.815,2022-01-11 09:05:00-06:00,464.38500000000005,464.34000000000003,-188.4,short: close 462.86 < lower 463.85,stop
2022-01-18,-1,4,2022-01-18 09:00:00-06:00,458.055,2022-01-18 09:30:00-06:00,459.135,462.14,-43.2,short: close 458.12 < lower 458.13,exit short: close 459.12 > lower 458.29
2022-01-18,-1,4,2022-01-18 10:00:00-06:00,457.47499999999997,2022-01-18 14:00:00-06:00,458.46500000000003,461.79,-39.6,short: close 457.50 < lower 457.90,exit short: close 458.43 > lower 457.38
2022-01-20,1,7,2022-01-20 09:00:00-06:00,456.76500000000004,2022-01-20 12:30:00-06:00,455.655,454.04,-77.7,long: close 456.71 > upper 455.51,exit long: close 455.68 < upper 456.00
2022-01-21,-1,8,2022-01-21 09:30:00-06:00,442.765,2022-01-21 09:34:00-06:00,445.225,445.18,-196.8,short: close 442.80 < lower 443.77,stop
2022-01-24,-1,3,2022-01-24 09:00:00-06:00,429.04499999999996,2022-01-24 13:00:00-06:00,431.315,434.19,-68.1,short: close 429.07 < lower 429.89,exit short: close 431.26 > lower 429.41
2022-01-25,-1,3,2022-01-25 09:00:00-06:00,429.085,2022-01-25 09:30:00-06:00,432.52500000000003,434.84000000000003,-103.2,short: close 429.14 < lower 430.73,exit short: close 432.52 > lower 430.75
2022-01-31,1,5,2022-01-31 10:00:00-06:00,445.21500000000003,2022-01-31 10:30:00-06:00,444.125,441.90000000000003,-54.5,long: close 445.18 > upper 444.89,exit long: close 444.18 < upper 444.61
2022-02-17,-1,5,2022-02-17 09:00:00-06:00,440.72499999999997,2022-02-17 10:30:00-06:00,441.51500000000004,444.17,-39.5,short: close 440.79 < lower 441.47,exit short: close 441.48 > lower 441.23
2022-02-18,-1,9,2022-02-18 10:30:00-06:00,434.98499999999996,2022-02-18 13:00:00-06:00,433.985,436.99,90.0,short: close 435.04 < lower 435.21,exit short: close 433.95 > lower 433.39
2022-02-23,-1,5,2022-02-23 10:30:00-06:00,427.075,2022-02-23 11:00:00-06:00,428.875,430.38,-90.0,short: close 427.11 < lower 427.88,exit short: close 428.81 > lower 427.29
2022-02-25,1,5,2022-02-25 10:00:00-06:00,433.295,2022-02-25 14:52:00-06:00,437.515,429.6,211.0,long: close 433.27 > upper 432.66,flatten
2022-03-02,1,3,2022-03-02 10:30:00-06:00,436.77500000000003,2022-03-02 11:00:00-06:00,437.04499999999996,431.54,8.1,long: close 436.73 > upper 436.47,exit long: close 437.10 < upper 437.28
2022-03-07,-1,7,2022-03-07 09:00:00-06:00,427.755,2022-03-07 14:52:00-06:00,420.16,430.18,531.65,short: close 427.83 < lower 429.48,flatten
2022-03-16,1,3,2022-03-16 09:30:00-05:00,433.505,2022-03-16 10:00:00-05:00,433.265,428.3,-7.2,long: close 433.45 > upper 433.23,exit long: close 433.31 < upper 434.41
2022-04-06,-1,5,2022-04-06 10:00:00-05:00,444.925,2022-04-06 10:30:00-05:00,445.5,448.54,-28.75,short: close 444.96 < lower 445.39,exit short: close 445.45 > lower 444.69
2022-04-08,-1,10,2022-04-08 09:00:00-05:00,446.03499999999997,2022-04-08 09:30:00-05:00,447.475,447.79,-144.0,short: close 446.10 < lower 446.60,exit short: close 447.45 > lower 446.31
2022-04-11,-1,5,2022-04-11 10:00:00-05:00,442.275,2022-04-11 11:00:00-05:00,442.195,445.61,4.0,short: close 442.35 < lower 442.53,exit short: close 442.15 > lower 441.80
2022-04-12,1,6,2022-04-12 09:00:00-05:00,445.115,2022-04-12 09:30:00-05:00,443.585,442.2,-91.8,long: close 445.06 > upper 444.45,exit long: close 443.63 < upper 444.49
2022-04-13,1,12,2022-04-13 10:00:00-05:00,439.865,2022-04-13 14:52:00-05:00,443.59499999999997,438.32,447.6,long: close 439.82 > upper 439.68,flatten
2022-04-14,-1,11,2022-04-14 09:30:00-05:00,441.245,2022-04-14 10:30:00-05:00,442.095,442.82,-93.5,short: close 441.31 < lower 441.87,exit short: close 442.04 > lower 441.30
2022-04-19,1,11,2022-04-19 09:00:00-05:00,441.445,2022-04-19 14:52:00-05:00,445.715,439.76,469.7,long: close 441.42 > upper 439.61,flatten
2022-04-22,-1,7,2022-04-22 09:00:00-05:00,434.29499999999996,2022-04-22 14:52:00-05:00,426.305,437.0,559.3,short: close 434.31 < lower 434.76,flatten
2022-04-25,-1,5,2022-04-25 09:00:00-05:00,420.255,2022-04-25 09:30:00-05:00,422.7045,423.72,-122.48,short: close 420.30 < lower 421.42,exit short: close 422.66 > lower 421.36
2022-04-25,-1,5,2022-04-25 10:00:00-05:00,420.655,2022-04-25 10:30:00-05:00,420.825,424.40000000000003,-8.5,short: close 420.72 < lower 421.13,exit short: close 420.74 > lower 420.73
2022-04-26,-1,5,2022-04-26 09:30:00-05:00,422.435,2022-04-26 11:30:00-05:00,422.035,426.02,20.0,short: close 422.46 < lower 423.57,exit short: close 421.99 > lower 421.67
2022-04-27,1,6,2022-04-27 09:00:00-05:00,420.795,2022-04-27 09:11:00-05:00,417.735,417.78000000000003,-183.6,long: close 420.75 > upper 419.70,stop
2022-05-05,-1,3,2022-05-05 09:00:00-05:00,421.54499999999996,2022-05-05 14:52:00-05:00,413.075,426.5,254.1,short: close 421.56 < lower 421.80,flatten
2022-05-06,-1,4,2022-05-06 09:00:00-05:00,406.305,2022-05-06 09:18:00-05:00,410.565,410.52,-170.4,short: close 406.36 < lower 408.31,stop
2022-05-09,-1,3,2022-05-09 10:00:00-05:00,400.91499999999996,2022-05-09 11:00:00-05:00,401.95500000000004,406.91,-31.2,short: close 400.96 < lower 401.29,exit short: close 401.90 > lower 399.71
2022-05-11,1,6,2022-05-11 09:00:00-05:00,402.295,2022-05-11 10:00:00-05:00,401.395,399.16,-54.0,long: close 402.26 > upper 401.70,exit long: close 401.45 < upper 403.32
2022-05-13,1,3,2022-05-13 09:30:00-05:00,401.01500000000004,2022-05-13 10:00:00-05:00,400.865,395.12,-4.5,long: close 400.98 > upper 400.48,exit long: close 400.89 < upper 401.25
2022-05-18,-1,3,2022-05-18 10:30:00-05:00,396.995,2022-05-18 14:52:00-05:00,391.365,403.0,168.9,short: close 397.03 < lower 398.17,flatten
2022-05-26,1,6,2022-05-26 09:00:00-05:00,402.605,2022-05-26 10:30:00-05:00,404.175,399.68,94.2,long: close 402.57 > upper 401.03,exit long: close 404.21 < upper 404.47
2022-05-27,1,5,2022-05-27 09:00:00-05:00,411.065,2022-05-27 09:30:00-05:00,411.66499999999996,407.40000000000003,30.0,long: close 411.03 > upper 410.27,exit long: close 411.70 < upper 412.31
2022-06-10,-1,3,2022-06-10 09:30:00-05:00,390.28999999999996,2022-06-10 10:30:00-05:00,390.475,396.29,-5.55,short: close 390.33 < lower 391.32,exit short: close 390.42 > lower 390.01
2022-06-13,-1,3,2022-06-13 10:00:00-05:00,376.09499999999997,2022-06-13 10:30:00-05:00,377.40500000000003,382.09000000000003,-39.3,short: close 376.12 < lower 376.32,exit short: close 377.38 > lower 375.39
2022-06-16,-1,3,2022-06-16 10:00:00-05:00,366.025,2022-06-16 10:30:00-05:00,368.195,372.02,-65.1,short: close 366.06 < lower 367.46,exit short: close 368.16 > lower 366.62
2022-06-21,1,4,2022-06-21 09:00:00-05:00,374.885,2022-06-21 10:30:00-05:00,375.155,370.04,10.8,long: close 374.83 > upper 373.72,exit long: close 375.18 < upper 375.21
2022-06-24,1,5,2022-06-24 09:00:00-05:00,383.875,2022-06-24 14:52:00-05:00,388.905,380.06,251.5,long: close 383.79 > upper 383.59,flatten
2022-06-30,-1,4,2022-06-30 09:00:00-05:00,373.315,2022-06-30 09:30:00-05:00,373.56510000000003,377.90000000000003,-10.0,short: close 373.34 < lower 373.73,exit short: close 373.53 > lower 372.71
2022-07-19,1,4,2022-07-19 09:30:00-05:00,388.105,2022-07-19 14:52:00-05:00,392.255,384.16,166.0,long: close 388.06 > upper 388.00,flatten
2022-07-20,1,8,2022-07-20 10:00:00-05:00,395.995,2022-07-20 11:46:00-05:00,393.555,393.6,-195.2,long: close 395.95 > upper 394.73,stop
2022-07-28,-1,10,2022-07-28 09:00:00-05:00,399.335,2022-07-28 09:52:00-05:00,401.225,401.18,-189.0,short: close 399.34 < lower 399.60,stop
2022-07-29,1,8,2022-07-29 09:00:00-05:00,409.255,2022-07-29 10:00:00-05:00,409.35499999999996,406.88,8.0,long: close 409.18 > upper 409.17,exit long: close 409.43 < upper 409.83
2022-08-08,1,7,2022-08-08 09:00:00-05:00,417.235,2022-08-08 09:30:00-05:00,416.695,414.6,-37.8,long: close 417.19 > upper 416.98,exit long: close 416.71 < upper 417.77
2022-08-19,-1,6,2022-08-19 09:00:00-05:00,423.125,2022-08-19 11:30:00-05:00,422.635,426.24,29.4,short: close 423.17 < lower 423.29,exit short: close 422.58 > lower 422.23
2022-08-22,-1,4,2022-08-22 09:30:00-05:00,414.85499999999996,2022-08-22 11:00:00-05:00,415.505,419.02,-26.0,short: close 414.90 < lower 415.45,exit short: close 415.45 > lower 414.87
2022-08-24,1,12,2022-08-24 10:30:00-05:00,414.485,2022-08-24 11:30:00-05:00,414.3298,412.96000000000004,-18.62,long: close 414.44 > upper 413.76,exit long: close 414.38 < upper 414.57
2022-08-25,1,7,2022-08-25 09:30:00-05:00,417.415,2022-08-25 10:30:00-05:00,415.625,414.78000000000003,-125.3,long: close 417.36 > upper 417.08,exit long: close 415.68 < upper 416.83
2022-08-26,-1,11,2022-08-26 09:30:00-05:00,414.85499999999996,2022-08-26 14:52:00-05:00,406.03000000000003,416.58,970.75,short: close 414.88 < lower 417.73,flatten
2022-08-30,-1,7,2022-08-30 09:30:00-05:00,400.005,2022-08-30 14:30:00-05:00,398.51500000000004,402.6,104.3,short: close 400.05 < lower 400.65,exit short: close 398.48 > lower 398.35
2022-09-01,-1,5,2022-09-01 10:00:00-05:00,390.28499999999997,2022-09-01 10:30:00-05:00,390.915,393.91,-31.5,short: close 390.34 < lower 390.38,exit short: close 390.87 > lower 390.00
2022-09-07,1,6,2022-09-07 10:30:00-05:00,393.945,2022-09-07 11:30:00-05:00,393.445,390.94,-30.0,long: close 393.89 > upper 393.63,exit long: close 393.49 < upper 394.00
2022-09-12,1,7,2022-09-12 09:00:00-05:00,411.065,2022-09-12 09:30:00-05:00,411.335,408.32,18.9,long: close 411.01 > upper 410.41,exit long: close 411.37 < upper 411.78
2022-09-13,-1,3,2022-09-13 10:00:00-05:00,398.385,2022-09-13 10:30:00-05:00,398.065,404.38,9.6,short: close 398.41 < lower 398.43,exit short: close 398.06 > lower 398.01
2022-09-23,-1,4,2022-09-23 09:00:00-05:00,367.755,2022-09-23 09:30:00-05:00,368.805,371.78000000000003,-42.0,short: close 367.79 < lower 368.39,exit short: close 368.74 > lower 368.25
2022-09-23,-1,4,2022-09-23 10:00:00-05:00,367.41499999999996,2022-09-23 14:30:00-05:00,366.26500000000004,371.84000000000003,46.0,short: close 367.47 < lower 367.99,exit short: close 366.22 > lower 365.15
2022-09-28,1,5,2022-09-28 10:30:00-05:00,367.33500000000004,2022-09-28 14:52:00-05:00,371.625,364.08,214.5,long: close 367.28 > upper 367.14,flatten
2022-09-29,-1,5,2022-09-29 09:00:00-05:00,363.145,2022-09-29 14:52:00-05:00,362.975,367.02,8.5,short: close 363.19 < lower 364.78,flatten
2022-10-03,1,4,2022-10-03 09:30:00-05:00,364.425,2022-10-03 11:00:00-05:00,363.73499999999996,359.86,-27.6,long: close 364.34 > upper 363.72,exit long: close 363.77 < upper 363.90
2022-10-04,1,3,2022-10-04 09:00:00-05:00,376.055,2022-10-04 12:30:00-05:00,375.34499999999997,370.98,-21.3,long: close 376.00 > upper 374.58,exit long: close 375.39 < upper 376.65
2022-10-07,-1,4,2022-10-07 09:00:00-05:00,365.495,2022-10-07 09:30:00-05:00,366.285,369.90000000000003,-31.6,short: close 365.53 < lower 366.71,exit short: close 366.22 > lower 365.56
2022-10-13,1,3,2022-10-13 10:30:00-05:00,360.33500000000004,2022-10-13 14:52:00-05:00,366.395,354.34000000000003,181.8,long: close 360.28 > upper 360.26,flatten
2022-10-14,-1,4,2022-10-14 09:30:00-05:00,361.9178,2022-10-14 10:30:00-05:00,362.20500000000004,366.69,-11.49,short: close 361.95 < lower 362.49,exit short: close 362.17 > lower 361.21
2022-10-21,1,7,2022-10-21 09:00:00-05:00,369.15500000000003,2022-10-21 09:30:00-05:00,367.315,366.46,-128.8,long: close 369.08 > upper 367.97,exit long: close 367.35 < upper 369.56
2022-10-25,1,6,2022-10-25 09:00:00-05:00,382.445,2022-10-25 10:00:00-05:00,382.185,379.59000000000003,-15.6,long: close 382.37 > upper 381.66,exit long: close 382.22 < upper 382.52
2022-10-28,1,4,2022-10-28 10:00:00-05:00,385.76500000000004,2022-10-28 10:30:00-05:00,385.215,381.8,-22.0,long: close 385.72 > upper 383.89,exit long: close 385.26 < upper 385.31
2022-11-23,1,11,2022-11-23 09:30:00-06:00,401.96500000000003,2022-11-23 10:55:00-06:00,400.215,400.26,-192.5,long: close 401.93 > upper 401.42,stop
2022-11-29,-1,9,2022-11-29 10:30:00-06:00,393.685,2022-11-29 11:00:00-06:00,394.695,395.6,-90.9,short: close 393.74 < lower 394.06,exit short: close 394.64 > lower 393.83
2022-12-01,-1,7,2022-12-01 09:30:00-06:00,405.23499999999996,2022-12-01 10:00:00-06:00,407.635,407.66,-168.0,short: close 405.27 < lower 405.72,exit short: close 407.59 > lower 405.54
2022-12-06,-1,16,2022-12-06 09:00:00-06:00,397.135,2022-12-06 14:52:00-06:00,394.07,398.28000000000003,490.4,short: close 397.19 < lower 398.37,flatten
2022-12-14,1,13,2022-12-14 09:00:00-06:00,403.89000000000004,2022-12-14 09:30:00-06:00,404.065,402.52,22.75,long: close 403.85 > upper 403.15,exit long: close 404.13 < upper 404.61
2022-12-14,1,6,2022-12-14 10:30:00-06:00,404.925,2022-12-14 11:00:00-06:00,404.10499999999996,401.94,-49.2,long: close 404.88 > upper 404.77,exit long: close 404.14 < upper 405.02
2022-12-15,-1,5,2022-12-15 09:00:00-06:00,391.555,2022-12-15 14:00:00-06:00,390.255,395.34000000000003,65.0,short: close 391.57 < lower 393.09,exit short: close 390.22 > lower 389.56
2022-12-21,1,4,2022-12-21 10:00:00-06:00,386.625,2022-12-21 10:30:00-06:00,386.41499999999996,381.98,-8.4,long: close 386.58 > upper 386.54,exit long: close 386.46 < upper 386.60
2022-12-22,-1,4,2022-12-22 09:30:00-06:00,379.44,2022-12-22 14:00:00-06:00,378.5351,383.96000000000004,36.2,short: close 379.50 < lower 380.13,exit short: close 378.49 > lower 378.20
2022-12-27,-1,11,2022-12-27 09:00:00-06:00,380.47499999999997,2022-12-27 09:19:00-06:00,382.21500000000003,382.17,-191.4,short: close 380.51 < lower 381.14,stop
2022-12-29,1,6,2022-12-29 09:00:00-06:00,381.64500000000004,2022-12-29 09:30:00-06:00,382.2734,378.46,37.7,long: close 381.60 > upper 381.36,exit long: close 382.30 < upper 382.39
2022-12-29,1,3,2022-12-29 10:00:00-06:00,383.165,2022-12-29 10:30:00-06:00,382.805,378.24,-10.8,long: close 383.11 > upper 383.08,exit long: close 382.86 < upper 383.06
2023-01-23,1,8,2023-01-23 09:30:00-06:00,399.28000000000003,2023-01-23 14:00:00-06:00,399.495,397.07,17.2,long: close 399.24 > upper 398.49,exit long: close 399.53 < upper 400.53
2023-01-25,-1,5,2023-01-25 09:00:00-06:00,394.365,2023-01-25 09:30:00-06:00,394.885,397.86,-26.0,short: close 394.41 < lower 394.56,exit short: close 394.85 > lower 394.27
2023-02-13,1,10,2023-02-13 09:00:00-06:00,410.365,2023-02-13 14:00:00-06:00,411.695,408.5,133.0,long: close 410.30 > upper 410.25,exit long: close 411.73 < upper 412.44
2023-03-03,1,7,2023-03-03 09:30:00-06:00,401.40500000000003,2023-03-03 10:00:00-06:00,400.705,398.82,-49.0,long: close 401.37 > upper 401.35,exit long: close 400.71 < upper 401.49
2023-03-07,-1,11,2023-03-07 09:30:00-06:00,401.645,2023-03-07 14:52:00-06:00,398.225,403.26,376.2,short: close 401.68 < lower 402.83,flatten
2023-03-09,1,15,2023-03-09 09:00:00-06:00,400.815,2023-03-09 09:17:00-06:00,399.59499999999997,399.64,-183.0,long: close 400.78 > upper 400.52,stop
2023-03-10,-1,16,2023-03-10 09:00:00-06:00,389.135,2023-03-10 09:01:00-06:00,390.32500000000005,390.28000000000003,-190.4,short: close 389.15 < lower 390.15,stop
2023-03-10,-1,10,2023-03-10 09:30:00-06:00,388.825,2023-03-10 09:56:00-06:00,390.605,390.56,-178.0,short: close 388.86 < lower 389.55,stop
2023-03-13,1,5,2023-03-13 10:00:00-05:00,387.76500000000004,2023-03-13 11:30:00-05:00,387.84499999999997,384.1,4.0,long: close 387.70 > upper 387.54,exit long: close 387.89 < upper 388.30
2023-03-16,1,5,2023-03-16 10:00:00-05:00,391.635,2023-03-16 14:52:00-05:00,395.745,388.38,205.5,long: close 391.58 > upper 391.35,flatten
2023-03-17,-1,6,2023-03-17 09:30:00-05:00,391.1651,2023-03-17 11:30:00-05:00,390.77500000000003,394.37,23.41,short: close 391.22 < lower 391.43,exit short: close 390.72 > lower 389.97
2023-03-23,1,4,2023-03-23 10:00:00-05:00,398.46500000000003,2023-03-23 10:30:00-05:00,397.875,394.16,-23.6,long: close 398.42 > upper 397.91,exit long: close 397.93 < upper 398.74
2023-04-03,1,10,2023-04-03 09:30:00-05:00,411.245,2023-04-03 09:51:00-05:00,409.47499999999997,409.52,-177.0,long: close 411.19 > upper 410.84,stop
2023-04-13,1,11,2023-04-13 09:30:00-05:00,410.785,2023-04-13 10:00:00-05:00,410.21,409.14,-63.25,long: close 410.72 > upper 410.30,exit long: close 410.26 < upper 411.09
2023-04-14,1,17,2023-04-14 09:00:00-05:00,414.83500000000004,2023-04-14 09:07:00-05:00,413.735,413.78000000000003,-187.0,long: close 414.83 > upper 414.18,stop
2023-04-27,1,8,2023-04-27 09:30:00-05:00,408.24,2023-04-27 10:00:00-05:00,407.66499999999996,405.84000000000003,-46.0,long: close 408.19 > upper 408.08,exit long: close 407.70 < upper 408.42
2023-04-27,1,6,2023-04-27 10:30:00-05:00,408.83500000000004,2023-04-27 14:52:00-05:00,412.305,406.02,208.2,long: close 408.79 > upper 408.50,flatten
2023-04-28,1,11,2023-04-28 09:30:00-05:00,414.74,2023-04-28 09:58:00-05:00,413.015,413.06,-189.75,long: close 414.70 > upper 413.63,stop
2023-05-02,-1,9,2023-05-02 09:30:00-05:00,410.93,2023-05-02 14:52:00-05:00,411.0,412.91,-6.3,short: close 410.98 < lower 413.17,flatten
2023-05-04,-1,11,2023-05-04 09:00:00-05:00,405.565,2023-05-04 10:30:00-05:00,405.285,407.2,30.8,short: close 405.60 < lower 405.82,exit short: close 405.24 > lower 404.79
2023-05-05,1,6,2023-05-05 09:00:00-05:00,410.165,2023-05-05 09:30:00-05:00,410.755,407.26,35.4,long: close 410.12 > upper 409.95,exit long: close 410.79 < upper 410.97
2023-05-05,1,4,2023-05-05 10:00:00-05:00,411.115,2023-05-05 11:00:00-05:00,410.97499999999997,407.12,-5.6,long: close 411.06 > upper 411.04,exit long: close 411.01 < upper 411.51
2023-05-11,-1,11,2023-05-11 09:00:00-05:00,410.275,2023-05-11 09:30:00-05:00,410.935,411.98,-72.6,short: close 410.31 < lower 410.66,exit short: close 410.87 > lower 409.79
2023-05-24,-1,7,2023-05-24 09:30:00-05:00,410.615,2023-05-24 10:30:00-05:00,411.26,413.14,-45.15,short: close 410.66 < lower 410.73,exit short: close 411.21 > lower 410.70
2023-05-26,1,11,2023-05-26 09:00:00-05:00,417.045,2023-05-26 14:52:00-05:00,419.865,415.34000000000003,310.2,long: close 417.02 > upper 416.69,flatten
2023-05-31,-1,6,2023-05-31 10:30:00-05:00,416.25,2023-05-31 11:00:00-05:00,416.8,419.16,-33.0,short: close 416.28 < lower 416.32,exit short: close 416.75 > lower 416.29
2023-06-01,1,9,2023-06-01 10:30:00-05:00,420.225,2023-06-01 14:52:00-05:00,421.245,418.14,91.8,long: close 420.17 > upper 420.05,flatten
2023-06-02,1,5,2023-06-02 10:00:00-05:00,426.88,2023-06-02 14:52:00-05:00,427.93,423.61,52.5,long: close 426.83 > upper 426.43,flatten
2023-06-09,1,13,2023-06-09 09:00:00-05:00,430.985,2023-06-09 10:00:00-05:00,431.065,429.6,10.4,long: close 430.94 > upper 430.94,exit long: close 431.10 < upper 431.92
2023-06-15,1,14,2023-06-15 09:00:00-05:00,438.76500000000004,2023-06-15 14:52:00-05:00,443.26,437.44,629.3,long: close 438.71 > upper 438.08,flatten
2023-06-16,-1,15,2023-06-16 09:00:00-05:00,441.255,2023-06-16 09:30:00-05:00,442.445,442.46000000000004,-178.5,short: close 441.26 < lower 441.61,exit short: close 442.40 > lower 440.82
2023-06-20,-1,8,2023-06-20 09:30:00-05:00,435.255,2023-06-20 10:00:00-05:00,435.815,437.62,-44.8,short: close 435.28 < lower 436.07,exit short: close 435.76 > lower 435.51
2023-06-21,-1,13,2023-06-21 09:00:00-05:00,435.185,2023-06-21 09:30:00-05:00,435.39500000000004,436.62,-27.3,short: close 435.24 < lower 435.28,exit short: close 435.34 > lower 434.72
2023-06-26,1,14,2023-06-26 09:00:00-05:00,434.315,2023-06-26 09:30:00-05:00,433.945,433.0,-51.8,long: close 434.27 > upper 434.23,exit long: close 433.98 < upper 434.74
2023-07-06,-1,5,2023-07-06 10:00:00-05:00,437.155,2023-07-06 10:30:00-05:00,437.375,440.73,-11.0,short: close 437.20 < lower 437.71,exit short: close 437.35 > lower 437.29
2023-07-18,1,12,2023-07-18 10:00:00-05:00,452.305,2023-07-18 10:30:00-05:00,452.28499999999997,450.82,-2.4,long: close 452.26 > upper 452.16,exit long: close 452.32 < upper 452.33
2023-07-28,1,7,2023-07-28 10:30:00-05:00,457.49,2023-07-28 12:00:00-05:00,456.995,454.83,-34.65,long: close 457.44 > upper 456.84,exit long: close 457.04 < upper 457.28
2023-08-02,-1,7,2023-08-02 09:30:00-05:00,451.925,2023-08-02 14:52:00-05:00,450.51500000000004,454.54,98.7,short: close 451.96 < lower 452.25,flatten
2023-08-08,-1,9,2023-08-08 09:00:00-05:00,446.53999999999996,2023-08-08 12:00:00-05:00,446.64500000000004,448.57,-9.45,short: close 446.58 < lower 447.36,exit short: close 446.59 > lower 446.43
2023-08-09,-1,12,2023-08-09 10:00:00-05:00,447.34999999999997,2023-08-09 12:30:00-05:00,447.46000000000004,448.81,-13.2,short: close 447.39 < lower 447.43,exit short: close 447.42 > lower 447.11
2023-08-10,1,9,2023-08-10 09:00:00-05:00,451.26500000000004,2023-08-10 09:45:00-05:00,449.215,449.26,-184.5,long: close 451.21 > upper 448.97,stop
2023-08-14,1,9,2023-08-14 10:00:00-05:00,447.27500000000003,2023-08-14 11:00:00-05:00,447.09499999999997,445.3,-16.2,long: close 447.23 > upper 447.11,exit long: close 447.13 < upper 447.69
2023-08-15,-1,10,2023-08-15 09:00:00-05:00,445.195,2023-08-15 10:30:00-05:00,444.885,447.06,31.0,short: close 445.25 < lower 445.32,exit short: close 444.85 > lower 444.57
2023-08-23,1,7,2023-08-23 10:00:00-05:00,441.97,2023-08-23 14:52:00-05:00,442.85999999999996,439.32,62.3,long: close 441.92 > upper 441.34,flatten
2023-08-29,1,8,2023-08-29 09:30:00-05:00,446.02500000000003,2023-08-29 14:52:00-05:00,448.82,443.86,223.6,long: close 445.95 > upper 444.86,flatten
2023-08-30,1,11,2023-08-30 09:00:00-05:00,451.285,2023-08-30 09:25:00-05:00,449.575,449.62,-188.1,long: close 451.23 > upper 450.99,stop
2023-09-06,-1,8,2023-09-06 09:30:00-05:00,446.05,2023-09-06 10:30:00-05:00,445.86,448.32,15.2,short: close 446.08 < lower 446.55,exit short: close 445.81 > lower 445.70
2023-09-08,1,10,2023-09-08 09:30:00-05:00,446.90500000000003,2023-09-08 10:00:00-05:00,445.865,445.0,-104.0,long: close 446.85 > upper 446.78,exit long: close 445.90 < upper 447.60
2023-09-15,-1,5,2023-09-15 10:00:00-05:00,444.506,2023-09-15 11:00:00-05:00,445.14500000000004,448.21000000000004,-31.95,short: close 444.55 < lower 445.08,exit short: close 445.10 > lower 444.86
2023-09-19,-1,7,2023-09-19 10:00:00-05:00,440.53499999999997,2023-09-19 10:30:00-05:00,440.91,443.02,-26.25,short: close 440.58 < lower 440.68,exit short: close 440.89 > lower 440.58
2023-09-21,-1,8,2023-09-21 09:00:00-05:00,434.09999999999997,2023-09-21 09:30:00-05:00,434.735,436.44,-50.8,short: close 434.15 < lower 434.80,exit short: close 434.69 > lower 434.57
2023-09-21,-1,6,2023-09-21 10:30:00-05:00,433.755,2023-09-21 11:00:00-05:00,433.96500000000003,437.0,-12.6,short: close 433.80 < lower 433.91,exit short: close 433.92 > lower 433.81
2023-09-26,-1,7,2023-09-26 09:30:00-05:00,427.885,2023-09-26 10:00:00-05:00,428.055,430.52,-11.9,short: close 427.93 < lower 428.03,exit short: close 428.02 > lower 427.38
2023-09-26,-1,5,2023-09-26 10:30:00-05:00,426.73499999999996,2023-09-26 11:30:00-05:00,427.665,430.28000000000003,-46.5,short: close 426.78 < lower 427.11,exit short: close 427.64 > lower 426.88
2023-09-28,1,8,2023-09-28 10:30:00-05:00,428.355,2023-09-28 14:52:00-05:00,428.29499999999996,426.14,-4.8,long: close 428.31 > upper 427.98,flatten
2023-10-03,-1,9,2023-10-03 09:30:00-05:00,422.47499999999997,2023-10-03 11:30:00-05:00,422.495,424.56,-1.8,short: close 422.52 < lower 424.13,exit short: close 422.43 > lower 422.33
2023-10-05,-1,8,2023-10-05 10:00:00-05:00,421.935,2023-10-05 10:30:00-05:00,422.045,424.12,-8.8,short: close 421.98 < lower 422.35,exit short: close 421.99 > lower 421.76
2023-10-10,1,11,2023-10-10 09:30:00-05:00,435.095,2023-10-10 12:30:00-05:00,435.365,433.42,29.7,long: close 435.04 > upper 434.29,exit long: close 435.38 < upper 436.55
2023-10-12,-1,16,2023-10-12 09:00:00-05:00,435.395,2023-10-12 09:27:00-05:00,436.605,436.56,-193.6,short: close 435.43 < lower 435.47,stop
2023-10-16,1,7,2023-10-16 09:30:00-05:00,435.96500000000003,2023-10-16 10:30:00-05:00,436.525,433.2,39.2,long: close 435.93 > upper 435.45,exit long: close 436.57 < upper 437.03
2023-10-20,-1,18,2023-10-20 09:00:00-05:00,425.025,2023-10-20 11:00:00-05:00,423.435,426.03000000000003,286.2,short: close 425.09 < lower 425.20,exit short: close 423.38 > lower 422.15
2023-10-24,1,9,2023-10-24 09:00:00-05:00,423.875,2023-10-24 09:30:00-05:00,424.375,421.94,45.0,long: close 423.83 > upper 423.48,exit long: close 424.43 < upper 424.65
2023-10-25,-1,10,2023-10-25 09:00:00-05:00,420.135,2023-10-25 10:00:00-05:00,420.175,421.92,-4.0,short: close 420.19 < lower 420.97,exit short: close 420.15 > lower 419.14
2023-10-30,1,7,2023-10-30 09:00:00-05:00,414.94,2023-10-30 09:30:00-05:00,412.945,412.41,-139.65,long: close 414.90 > upper 414.67,exit long: close 412.99 < upper 415.77
2023-11-02,1,4,2023-11-02 10:00:00-05:00,429.355,2023-11-02 10:30:00-05:00,428.635,424.90000000000003,-28.8,long: close 429.32 > upper 429.10,exit long: close 428.69 < upper 429.16
2023-11-03,1,7,2023-11-03 09:00:00-05:00,434.71500000000003,2023-11-03 09:30:00-05:00,433.825,432.24,-62.3,long: close 434.64 > upper 434.40,exit long: close 433.86 < upper 435.47
2023-11-14,1,4,2023-11-14 09:00:00-06:00,447.975,2023-11-14 11:30:00-06:00,448.074,443.72,3.96,long: close 447.94 > upper 447.52,exit long: close 448.11 < upper 448.66
2023-11-20,1,17,2023-11-20 09:00:00-06:00,452.21000000000004,2023-11-20 09:30:00-06:00,451.905,451.14,-51.85,long: close 452.17 > upper 451.72,exit long: close 451.95 < upper 452.26
2023-11-20,1,10,2023-11-20 10:00:00-06:00,452.665,2023-11-20 12:00:00-06:00,452.60499999999996,450.88,-6.0,long: close 452.62 > upper 452.44,exit long: close 452.65 < upper 452.74
2023-11-29,1,10,2023-11-29 09:00:00-06:00,458.165,2023-11-29 09:23:00-06:00,456.215,456.26,-195.0,long: close 458.11 > upper 457.92,stop
2023-12-07,1,9,2023-12-07 09:30:00-06:00,458.02500000000003,2023-12-07 10:00:00-06:00,457.835,456.02,-17.1,long: close 457.96 > upper 457.82,exit long: close 457.87 < upper 458.11
2023-12-08,1,14,2023-12-08 09:30:00-06:00,459.90500000000003,2023-12-08 09:37:00-06:00,458.53499999999997,458.58,-191.8,long: close 459.86 > upper 459.15,stop
2023-12-08,1,11,2023-12-08 10:00:00-06:00,460.065,2023-12-08 10:16:00-06:00,458.355,458.40000000000003,-188.1,long: close 460.01 > upper 459.50,stop
2023-12-19,1,18,2023-12-19 09:00:00-06:00,473.545,2023-12-19 10:00:00-06:00,474.025,472.58,86.4,long: close 473.48 > upper 473.25,exit long: close 474.06 < upper 474.08
2023-12-19,1,10,2023-12-19 10:30:00-06:00,474.3,2023-12-19 11:00:00-06:00,473.85499999999996,472.48,-44.5,long: close 474.25 > upper 474.10,exit long: close 473.91 < upper 474.12
2023-12-22,1,14,2023-12-22 09:00:00-06:00,474.96500000000003,2023-12-22 09:30:00-06:00,475.10499999999996,473.66,19.6,long: close 474.91 > upper 474.57,exit long: close 475.15 < upper 475.23
2023-12-29,-1,15,2023-12-29 10:30:00-06:00,473.895,2023-12-29 12:14:00-06:00,475.13500000000005,475.09000000000003,-186.0,short: close 473.95 < lower 475.38,stop
2024-01-03,-1,9,2024-01-03 09:30:00-06:00,469.445,2024-01-03 10:30:00-06:00,469.745,471.42,-27.0,short: close 469.50 < lower 469.54,exit short: close 469.71 > lower 469.27
2024-01-04,1,16,2024-01-04 09:30:00-06:00,469.805,2024-01-04 11:00:00-06:00,469.675,468.64,-20.8,long: close 469.76 > upper 469.68,exit long: close 469.72 < upper 469.91
2024-01-05,1,15,2024-01-05 09:30:00-06:00,469.51500000000004,2024-01-05 11:00:00-06:00,468.72499999999997,468.34000000000003,-118.5,long: close 469.49 > upper 468.55,exit long: close 468.79 < upper 468.81
2024-01-08,1,18,2024-01-08 09:00:00-06:00,469.77500000000003,2024-01-08 14:52:00-06:00,474.335,468.78000000000003,820.8,long: close 469.73 > upper 469.18,flatten
2024-01-11,-1,10,2024-01-11 09:30:00-06:00,474.945,2024-01-11 13:00:00-06:00,475.805,476.76,-86.0,short: close 475.00 < lower 475.24,exit short: close 475.76 > lower 474.88
2024-01-22,1,11,2024-01-22 09:00:00-06:00,485.0649,2024-01-22 09:30:00-06:00,484.335,483.40000000000003,-80.29,long: close 485.02 > upper 484.88,exit long: close 484.37 < upper 485.41
2024-01-31,-1,9,2024-01-31 09:00:00-06:00,487.685,2024-01-31 11:30:00-06:00,487.385,489.6,27.0,short: close 487.76 < lower 487.82,exit short: close 487.34 > lower 487.05
2024-02-01,1,10,2024-02-01 09:30:00-06:00,486.225,2024-02-01 09:54:00-06:00,484.415,484.46000000000004,-181.0,long: close 486.18 > upper 485.55,stop
2024-02-02,1,19,2024-02-02 09:00:00-06:00,490.475,2024-02-02 14:52:00-06:00,495.305,489.52,917.7,long: close 490.49 > upper 490.40,flatten
2024-02-05,-1,17,2024-02-05 09:30:00-06:00,491.35499999999996,2024-02-05 11:09:00-06:00,492.475,492.43,-190.4,short: close 491.39 < lower 492.91,stop
2024-02-07,1,8,2024-02-07 09:30:00-06:00,498.005,2024-02-07 10:00:00-06:00,497.205,495.76,-64.0,long: close 497.95 > upper 497.38,exit long: close 497.26 < upper 497.71
2024-02-12,1,13,2024-02-12 10:30:00-06:00,502.935,2024-02-12 12:30:00-06:00,502.525,501.52000000000004,-53.3,long: close 502.89 > upper 502.60,exit long: close 502.56 < upper 502.98
2024-02-16,-1,21,2024-02-16 09:00:00-06:00,499.60499999999996,2024-02-16 09:17:00-06:00,500.46500000000003,500.42,-180.6,short: close 499.66 < lower 501.01,stop
2024-02-16,-1,12,2024-02-16 09:30:00-06:00,500.205,2024-02-16 10:00:00-06:00,500.975,501.65000000000003,-92.4,short: close 500.24 < lower 500.38,exit short: close 500.92 > lower 500.25
2024-02-20,-1,10,2024-02-20 09:00:00-06:00,496.635,2024-02-20 10:00:00-06:00,497.065,498.40000000000003,-43.0,short: close 496.68 < lower 496.84,exit short: close 497.02 > lower 496.23
2024-02-22,1,4,2024-02-22 09:00:00-06:00,505.065,2024-02-22 09:30:00-06:00,505.305,500.8,9.6,long: close 504.99 > upper 504.85,exit long: close 505.34 < upper 505.49
2024-03-01,1,13,2024-03-01 09:30:00-06:00,510.41,2024-03-01 14:52:00-06:00,512.6800000000001,509.0,295.1,long: close 510.37 > upper 509.91,flatten
2024-03-05,-1,9,2024-03-05 09:30:00-06:00,508.365,2024-03-05 14:52:00-06:00,506.505,510.40000000000003,167.4,short: close 508.42 < lower 509.22,flatten
2024-03-07,1,6,2024-03-07 10:00:00-06:00,514.405,2024-03-07 10:30:00-06:00,514.375,511.55,-1.8,long: close 514.37 > upper 514.31,exit long: close 514.42 < upper 514.53
2024-03-08,1,16,2024-03-08 09:00:00-06:00,517.805,2024-03-08 10:03:00-06:00,516.595,516.64,-193.6,long: close 517.76 > upper 516.32,stop
2024-03-11,-1,12,2024-03-11 09:00:00-05:00,509.385,2024-03-11 10:00:00-05:00,510.635,510.90000000000003,-150.0,short: close 509.43 < lower 509.61,exit short: close 510.59 > lower 509.07
2024-03-12,1,7,2024-03-12 09:30:00-05:00,515.1049999999999,2024-03-12 11:30:00-05:00,515.0500000000001,512.63,-3.85,long: close 515.03 > upper 514.83,exit long: close 515.09 < upper 515.18
2024-03-14,-1,13,2024-03-14 09:00:00-05:00,513.945,2024-03-14 09:30:00-05:00,515.1049999999999,515.3100000000001,-150.8,short: close 513.98 < lower 515.12,exit short: close 515.05 > lower 514.51
2024-04-03,1,11,2024-04-03 09:30:00-05:00,520.4549999999999,2024-04-03 11:00:00-05:00,520.135,518.76,-35.2,long: close 520.40 > upper 519.98,exit long: close 520.19 < upper 520.22
2024-04-05,1,14,2024-04-05 09:00:00-05:00,515.9649999999999,2024-04-05 09:30:00-05:00,515.4150000000001,514.69,-77.0,long: close 515.92 > upper 515.00,exit long: close 515.44 < upper 515.62
2024-04-05,1,9,2024-04-05 10:00:00-05:00,518.0949999999999,2024-04-05 14:52:00-05:00,518.755,516.01,59.4,long: close 518.06 > upper 515.81,flatten
2024-04-09,-1,7,2024-04-09 10:00:00-05:00,515.475,2024-04-09 11:00:00-05:00,516.87,518.05,-97.65,short: close 515.51 < lower 517.01,exit short: close 516.83 > lower 516.79
2024-04-11,-1,8,2024-04-11 09:30:00-05:00,512.5250000000001,2024-04-11 10:00:00-05:00,513.275,514.78,-60.0,short: close 512.57 < lower 512.67,exit short: close 513.22 > lower 511.90
2024-04-23,1,9,2024-04-23 09:00:00-05:00,503.125,2024-04-23 11:00:00-05:00,504.28499999999997,501.0,104.4,long: close 503.07 > upper 502.84,exit long: close 504.33 < upper 504.39
2024-04-26,1,7,2024-04-26 09:00:00-05:00,507.885,2024-04-26 09:30:00-05:00,508.03499999999997,505.38,10.5,long: close 507.84 > upper 507.39,exit long: close 508.08 < upper 508.47
2024-05-15,1,6,2024-05-15 10:30:00-05:00,528.12,2024-05-15 14:00:00-05:00,528.95,525.01,49.8,long: close 528.08 > upper 527.67,exit long: close 529.00 < upper 529.09
2024-05-20,1,18,2024-05-20 09:00:00-05:00,531.235,2024-05-20 10:00:00-05:00,531.1850000000001,530.26,-9.0,long: close 531.17 > upper 530.48,exit long: close 531.24 < upper 531.24
2024-05-31,-1,10,2024-05-31 09:30:00-05:00,521.0450000000001,2024-05-31 10:00:00-05:00,520.925,522.92,12.0,short: close 521.11 < lower 521.23,exit short: close 520.87 > lower 520.77
2024-05-31,-1,8,2024-05-31 10:30:00-05:00,520.075,2024-05-31 13:00:00-05:00,520.905,522.34,-66.4,short: close 520.15 < lower 520.85,exit short: close 520.85 > lower 520.48
2024-06-11,-1,10,2024-06-11 09:00:00-05:00,532.715,2024-06-11 09:30:00-05:00,533.755,534.48,-104.0,short: close 532.76 < lower 533.10,exit short: close 533.72 > lower 532.74
2024-06-12,1,5,2024-06-12 09:30:00-05:00,543.9649999999999,2024-06-12 10:00:00-05:00,543.0550000000001,540.26,-45.5,long: close 543.91 > upper 542.98,exit long: close 543.09 < upper 543.62
2024-06-24,1,18,2024-06-24 09:00:00-05:00,545.6949999999999,2024-06-24 09:50:00-05:00,544.6450000000001,544.69,-189.0,long: close 545.65 > upper 545.23,stop
2024-06-24,1,12,2024-06-24 10:00:00-05:00,546.015,2024-06-24 11:00:00-05:00,546.105,544.52,10.8,long: close 545.98 > upper 545.73,exit long: close 546.17 < upper 546.25
2024-06-27,1,18,2024-06-27 09:30:00-05:00,546.5749999999999,2024-06-27 10:00:00-05:00,545.9250000000001,545.58,-117.0,long: close 546.53 > upper 546.43,exit long: close 545.99 < upper 546.78
2024-06-28,1,12,2024-06-28 09:30:00-05:00,549.5649999999999,2024-06-28 10:01:00-05:00,548.065,548.11,-180.0,long: close 549.53 > upper 548.22,stop
2024-07-11,-1,16,2024-07-11 09:30:00-05:00,559.715,2024-07-11 14:52:00-05:00,557.175,560.86,406.4,short: close 559.77 < lower 560.21,flatten
2024-07-12,1,10,2024-07-12 09:00:00-05:00,558.895,2024-07-12 14:52:00-05:00,559.515,557.14,62.0,long: close 558.88 > upper 558.78,flatten
2024-07-18,-1,6,2024-07-18 10:30:00-05:00,553.755,2024-07-18 12:30:00-05:00,554.415,556.52,-39.6,short: close 553.81 < lower 554.96,exit short: close 554.37 > lower 554.36
2024-07-19,-1,13,2024-07-19 09:30:00-05:00,551.085,2024-07-19 10:00:00-05:00,551.2049999999999,552.46,-15.6,short: close 551.11 < lower 551.16,exit short: close 551.12 > lower 550.44
2024-07-19,-1,7,2024-07-19 10:30:00-05:00,549.6028,2024-07-19 11:00:00-05:00,551.0749999999999,552.1800000000001,-103.05,short: close 549.64 < lower 549.96,exit short: close 551.06 > lower 549.83
2024-07-23,1,16,2024-07-23 09:30:00-05:00,556.0649999999999,2024-07-23 09:45:00-05:00,554.9250000000001,554.97,-182.4,long: close 556.00 > upper 555.68,stop
2024-07-24,-1,5,2024-07-24 09:00:00-05:00,546.695,2024-07-24 14:52:00-05:00,541.385,550.0,265.5,short: close 546.76 < lower 547.98,flatten
2024-07-25,-1,17,2024-07-25 09:00:00-05:00,539.825,2024-07-25 09:30:00-05:00,540.625,540.88,-136.0,short: close 539.86 < lower 540.22,exit short: close 540.60 > lower 539.98
2024-07-26,1,5,2024-07-26 09:30:00-05:00,543.675,2024-07-26 10:00:00-05:00,543.385,540.42,-14.5,long: close 543.63 > upper 543.56,exit long: close 543.42 < upper 544.18
2024-08-01,1,9,2024-08-01 09:00:00-05:00,554.035,2024-08-01 09:15:00-05:00,551.855,551.9,-196.2,long: close 554.04 > upper 553.64,stop
2024-08-01,-1,5,2024-08-01 10:00:00-05:00,547.4250000000001,2024-08-01 14:52:00-05:00,543.275,550.8100000000001,207.5,short: close 547.47 < lower 548.13,flatten
2024-08-02,-1,4,2024-08-02 09:00:00-05:00,534.085,2024-08-02 11:00:00-05:00,532.235,538.82,74.0,short: close 534.13 < lower 534.65,exit short: close 532.18 > lower 531.80
2024-08-06,1,7,2024-08-06 09:00:00-05:00,521.935,2024-08-06 10:30:00-05:00,522.4150000000001,519.48,33.6,long: close 521.89 > upper 520.77,exit long: close 522.42 < upper 524.01
2024-08-07,1,4,2024-08-07 09:00:00-05:00,531.0849999999999,2024-08-07 09:30:00-05:00,528.735,526.19,-94.0,long: close 531.01 > upper 530.24,exit long: close 528.75 < upper 531.24
2024-08-08,1,3,2024-08-08 09:30:00-05:00,527.865,2024-08-08 10:30:00-05:00,527.765,522.52,-3.0,long: close 527.87 > upper 526.63,exit long: close 527.82 < upper 528.69
2024-08-23,1,5,2024-08-23 09:30:00-05:00,562.755,2024-08-23 09:48:00-05:00,558.9350000000001,558.98,-191.0,long: close 562.69 > upper 561.64,stop
2024-08-28,-1,6,2024-08-28 10:30:00-05:00,558.2750000000001,2024-08-28 11:00:00-05:00,558.49,561.12,-12.9,short: close 558.31 < lower 558.53,exit short: close 558.45 > lower 558.44
2024-09-03,-1,7,2024-09-03 09:00:00-05:00,559.075,2024-09-03 14:52:00-05:00,551.0949999999999,561.65,558.6,short: close 559.08 < lower 559.45,flatten
2024-09-05,1,9,2024-09-05 09:30:00-05:00,553.015,2024-09-05 09:47:00-05:00,550.975,551.02,-183.6,long: close 552.97 > upper 552.85,stop
2024-09-06,-1,14,2024-09-06 09:00:00-05:00,547.845,2024-09-06 14:52:00-05:00,540.305,549.1800000000001,1055.6,short: close 547.89 < lower 548.42,flatten
2024-09-11,-1,14,2024-09-11 09:00:00-05:00,544.6450000000001,2024-09-11 11:00:00-05:00,544.525,545.91,16.8,short: close 544.69 < lower 547.50,exit short: close 544.50 > lower 544.27
2024-10-01,-1,10,2024-10-01 09:00:00-05:00,569.455,2024-10-01 14:52:00-05:00,569.0849999999999,571.32,37.0,short: close 569.56 < lower 571.84,flatten
2024-10-09,1,8,2024-10-09 10:30:00-05:00,575.7651,2024-10-09 14:52:00-05:00,577.499,573.5600000000001,138.71,long: close 575.71 > upper 575.36,flatten
2024-10-11,1,10,2024-10-11 09:30:00-05:00,579.805,2024-10-11 14:52:00-05:00,579.885,577.9,8.0,long: close 579.78 > upper 577.98,flatten
2024-10-14,1,8,2024-10-14 09:00:00-05:00,583.3449999999999,2024-10-14 09:30:00-05:00,583.385,581.07,3.2,long: close 583.30 > upper 582.65,exit long: close 583.43 < upper 583.47
2024-10-21,-1,6,2024-10-21 10:30:00-05:00,580.7950000000001,2024-10-21 11:00:00-05:00,582.375,583.94,-94.8,short: close 580.83 < lower 581.08,exit short: close 582.35 > lower 580.87
2024-10-25,1,8,2024-10-25 09:00:00-05:00,583.3449999999999,2024-10-25 10:00:00-05:00,583.4350000000001,581.13,7.2,long: close 583.30 > upper 582.56,exit long: close 583.46 < upper 583.51
2024-10-31,-1,5,2024-10-31 09:00:00-05:00,573.695,2024-10-31 14:52:00-05:00,571.295,577.14,120.0,short: close 573.76 < lower 574.33,flatten
2024-11-01,1,7,2024-11-01 09:00:00-05:00,573.175,2024-11-01 11:00:00-05:00,573.585,570.52,28.7,long: close 573.12 > upper 572.59,exit long: close 573.65 < upper 573.78
2024-11-05,1,11,2024-11-05 09:00:00-06:00,574.055,2024-11-05 14:52:00-06:00,575.585,572.33,168.3,long: close 573.98 > upper 571.97,flatten
2024-11-15,-1,4,2024-11-15 09:30:00-06:00,586.7750000000001,2024-11-15 10:30:00-06:00,587.275,590.82,-20.0,short: close 586.82 < lower 587.51,exit short: close 587.24 > lower 587.10
2024-11-20,-1,10,2024-11-20 09:00:00-06:00,587.355,2024-11-20 10:00:00-06:00,587.4449999999999,589.1800000000001,-9.0,short: close 587.43 < lower 588.52,exit short: close 587.41 > lower 587.24
2024-11-20,-1,5,2024-11-20 10:30:00-06:00,585.855,2024-11-20 11:00:00-06:00,588.385,589.12,-126.5,short: close 585.87 < lower 587.07,exit short: close 588.36 > lower 586.67
2024-11-21,-1,4,2024-11-21 09:30:00-06:00,587.6450000000001,2024-11-21 09:57:00-06:00,591.865,591.82,-168.8,short: close 587.74 < lower 587.79,stop
2024-11-22,1,9,2024-11-22 09:00:00-06:00,595.985,2024-11-22 09:22:00-06:00,593.835,593.88,-193.5,long: close 595.97 > upper 595.75,stop
2024-12-06,1,10,2024-12-06 09:00:00-06:00,609.02,2024-12-06 09:30:00-06:00,608.835,607.16,-18.5,long: close 608.98 > upper 608.88,exit long: close 608.88 < upper 609.77
2024-12-09,-1,8,2024-12-09 10:00:00-06:00,605.335,2024-12-09 10:30:00-06:00,605.8249999999999,607.7,-39.2,short: close 605.38 < lower 605.42,exit short: close 605.78 > lower 605.34
2024-12-18,1,10,2024-12-18 10:00:00-06:00,606.0052999999999,2024-12-18 10:30:00-06:00,605.575,604.28,-43.03,long: close 605.96 > upper 605.84,exit long: close 605.63 < upper 605.80
2024-12-20,1,5,2024-12-20 10:00:00-06:00,588.3349999999999,2024-12-20 14:52:00-06:00,590.3950000000001,584.63,103.0,long: close 588.26 > upper 587.65,flatten
2024-12-24,1,13,2024-12-24 09:00:00-06:00,597.245,2024-12-24 11:00:00-06:00,598.995,595.9,227.5,long: close 597.20 > upper 596.75,exit long: close 599.01 < upper 599.09
2024-12-27,-1,4,2024-12-27 09:30:00-06:00,593.125,2024-12-27 13:00:00-06:00,594.015,597.22,-35.6,short: close 593.21 < lower 595.27,exit short: close 594.01 > lower 593.99
2024-12-30,-1,4,2024-12-30 09:00:00-06:00,585.1650000000001,2024-12-30 10:00:00-06:00,587.125,589.41,-78.4,short: close 585.22 < lower 587.24,exit short: close 587.11 > lower 585.03
2025-01-06,1,6,2025-01-06 09:00:00-06:00,597.9449999999999,2025-01-06 09:30:00-06:00,598.865,594.74,55.2,long: close 597.88 > upper 597.27,exit long: close 598.89 < upper 599.15
2025-01-08,-1,15,2025-01-08 09:00:00-06:00,587.255,2025-01-08 09:02:00-06:00,588.525,588.48,-190.5,short: close 587.38 < lower 587.48,stop
2025-01-10,-1,6,2025-01-10 09:00:00-06:00,582.345,2025-01-10 11:30:00-06:00,580.025,585.45,139.2,short: close 582.98 < lower 584.55,exit short: close 580.00 > lower 579.67
2025-02-04,1,8,2025-02-04 09:30:00-06:00,600.5949999999999,2025-02-04 10:00:00-06:00,600.33,598.37,-21.2,long: close 600.52 > upper 599.94,exit long: close 600.33 < upper 600.39
2025-02-04,1,8,2025-02-04 10:30:00-06:00,602.005,2025-02-04 11:30:00-06:00,599.7750000000001,599.62,-178.4,long: close 601.98 > upper 600.11,exit long: close 599.76 < upper 600.70
2025-02-07,-1,6,2025-02-07 10:00:00-06:00,603.4050000000001,2025-02-07 14:52:00-06:00,601.0649999999999,606.29,140.4,short: close 603.41 < lower 603.73,flatten
2025-02-20,-1,10,2025-02-20 09:00:00-06:00,608.355,2025-02-20 11:30:00-06:00,608.8249999999999,610.2,-47.0,short: close 608.38 < lower 610.38,exit short: close 608.79 > lower 608.35
2025-02-21,-1,12,2025-02-21 09:00:00-06:00,608.455,2025-02-21 11:00:00-06:00,606.8449999999999,609.96,193.2,short: close 608.47 < lower 608.77,exit short: close 606.80 > lower 606.67
2025-02-25,-1,10,2025-02-25 09:00:00-06:00,595.205,2025-02-25 12:00:00-06:00,594.8249999999999,596.98,38.0,short: close 595.23 < lower 595.40,exit short: close 594.79 > lower 593.75
2025-02-27,-1,6,2025-02-27 09:00:00-06:00,592.385,2025-02-27 09:22:00-06:00,595.625,595.58,-194.4,short: close 592.43 < lower 592.46,stop
2025-03-04,-1,4,2025-03-04 09:00:00-06:00,575.6650000000001,2025-03-04 11:30:00-06:00,577.895,580.34,-89.2,short: close 575.70 < lower 577.17,exit short: close 577.86 > lower 576.41
2025-03-11,-1,3,2025-03-11 10:00:00-05:00,554.695,2025-03-11 10:30:00-05:00,557.145,559.72,-73.5,short: close 554.77 < lower 555.06,exit short: close 557.17 > lower 555.04
2025-03-13,-1,6,2025-03-13 09:00:00-05:00,554.975,2025-03-13 09:19:00-05:00,558.185,558.14,-192.6,short: close 555.03 < lower 555.53,stop
2025-03-14,1,3,2025-03-14 10:30:00-05:00,561.1049999999999,2025-03-14 13:00:00-05:00,560.595,555.1,-15.3,long: close 561.05 > upper 560.95,exit long: close 560.63 < upper 562.02
2025-03-18,-1,4,2025-03-18 09:00:00-05:00,560.735,2025-03-18 10:00:00-05:00,560.8349999999999,565.08,-4.0,short: close 560.77 < lower 561.56,exit short: close 560.79 > lower 560.03
2025-03-18,-1,3,2025-03-18 10:30:00-05:00,559.8950000000001,2025-03-18 11:30:00-05:00,561.7049999999999,565.79,-54.3,short: close 559.97 < lower 560.03,exit short: close 561.68 > lower 560.63
2025-03-28,-1,4,2025-03-28 09:30:00-05:00,559.5200000000001,2025-03-28 14:52:00-05:00,555.865,563.66,146.2,short: close 559.57 < lower 562.12,flatten
2025-04-03,-1,3,2025-04-03 10:00:00-05:00,540.1550000000001,2025-04-03 10:30:00-05:00,541.8249999999999,546.16,-50.1,short: close 540.19 < lower 540.44,exit short: close 541.73 > lower 540.04
2025-04-04,-1,3,2025-04-04 09:30:00-05:00,516.215,2025-04-04 10:16:00-05:00,522.265,522.22,-181.5,short: close 516.29 < lower 520.02,stop
2025-04-04,-1,3,2025-04-04 10:30:00-05:00,516.355,2025-04-04 14:52:00-05:00,507.935,522.36,252.6,short: close 516.35 < lower 519.01,flatten
2025-04-09,1,5,2025-04-09 09:00:00-05:00,499.90500000000003,2025-04-09 09:30:00-05:00,499.025,496.02000000000004,-44.0,long: close 499.85 > upper 498.98,exit long: close 498.97 < upper 501.48
2025-04-10,-1,3,2025-04-10 09:00:00-05:00,528.945,2025-04-10 09:30:00-05:00,528.165,534.95,23.4,short: close 529.00 < lower 529.43,exit short: close 528.11 > lower 527.14
2025-04-10,-1,3,2025-04-10 10:30:00-05:00,523.6750000000001,2025-04-10 12:30:00-05:00,519.255,529.6800000000001,132.6,short: close 523.71 < lower 526.08,exit short: close 519.32 > lower 518.97
2025-04-21,-1,3,2025-04-21 09:00:00-05:00,517.465,2025-04-21 11:30:00-05:00,511.70500000000004,523.46,172.8,short: close 517.56 < lower 517.57,exit short: close 511.66 > lower 511.64
2025-04-24,1,3,2025-04-24 09:30:00-05:00,542.275,2025-04-24 10:00:00-05:00,542.4050000000001,536.28,3.9,long: close 542.23 > upper 542.13,exit long: close 542.46 < upper 543.33
2025-04-30,-1,3,2025-04-30 09:00:00-05:00,541.88,2025-04-30 09:30:00-05:00,546.3549999999999,547.88,-134.25,short: close 541.94 < lower 543.45,exit short: close 546.31 > lower 543.41
2025-05-13,1,5,2025-05-13 09:30:00-05:00,586.885,2025-05-13 11:30:00-05:00,587.615,583.36,36.5,long: close 586.82 > upper 586.68,exit long: close 587.69 < upper 588.11
2025-05-30,-1,8,2025-05-30 09:00:00-05:00,586.965,2025-05-30 09:12:00-05:00,589.265,589.22,-184.0,short: close 587.09 < lower 587.21,stop
2025-06-05,-1,8,2025-06-05 09:00:00-05:00,594.245,2025-06-05 09:30:00-05:00,596.2049999999999,596.62,-156.8,short: close 594.29 < lower 594.40,exit short: close 596.16 > lower 593.95
2025-06-16,1,6,2025-06-16 09:00:00-05:00,603.115,2025-06-16 11:00:00-05:00,603.095,599.9,-1.2,long: close 603.05 > upper 601.90,exit long: close 603.14 < upper 603.19
2025-06-18,1,7,2025-06-18 09:30:00-05:00,600.8249999999999,2025-06-18 10:30:00-05:00,600.085,598.33,-51.8,long: close 600.77 > upper 600.48,exit long: close 600.10 < upper 600.20
2025-06-20,-1,8,2025-06-20 10:00:00-05:00,594.325,2025-06-20 12:00:00-05:00,595.375,596.5500000000001,-84.0,short: close 594.38 < lower 595.70,exit short: close 595.32 > lower 594.52
2025-06-23,1,9,2025-06-23 09:00:00-05:00,596.7049999999999,2025-06-23 10:00:00-05:00,596.4250000000001,594.76,-25.2,long: close 596.65 > upper 596.58,exit long: close 596.47 < upper 597.19
2025-06-27,1,10,2025-06-27 09:00:00-05:00,614.415,2025-06-27 09:30:00-05:00,614.865,612.64,45.0,long: close 614.36 > upper 614.17,exit long: close 614.90 < upper 615.00
2025-06-27,1,7,2025-06-27 10:30:00-05:00,615.385,2025-06-27 12:30:00-05:00,615.355,612.82,-2.1,long: close 615.34 > upper 614.95,exit long: close 615.39 < upper 615.57
2025-07-03,1,8,2025-07-03 09:00:00-05:00,624.1049999999999,2025-07-03 12:30:00-05:00,624.945,621.78,67.2,long: close 624.07 > upper 623.75,exit long: close 624.99 < upper 625.59
2025-07-09,1,8,2025-07-09 09:00:00-05:00,624.275,2025-07-09 09:30:00-05:00,623.335,621.88,-75.2,long: close 624.25 > upper 623.93,exit long: close 623.37 < upper 624.79
2025-07-21,1,9,2025-07-21 09:00:00-05:00,630.625,2025-07-21 11:30:00-05:00,630.7302000000001,628.6,9.47,long: close 630.57 > upper 630.20,exit long: close 630.77 < upper 631.45
2025-07-22,-1,11,2025-07-22 09:00:00-05:00,626.845,2025-07-22 09:30:00-05:00,627.125,628.54,-30.8,short: close 626.88 < lower 627.23,exit short: close 627.09 > lower 626.83
2025-08-01,-1,4,2025-08-01 09:00:00-05:00,621.485,2025-08-01 11:30:00-05:00,624.255,625.72,-110.8,short: close 621.48 < lower 624.91,exit short: close 624.21 > lower 624.03
2025-08-04,1,5,2025-08-04 09:00:00-05:00,629.055,2025-08-04 14:52:00-05:00,630.4100000000001,625.22,67.75,long: close 629.01 > upper 627.52,flatten
2025-08-05,-1,6,2025-08-05 10:00:00-05:00,627.87,2025-08-05 11:30:00-05:00,629.0749999999999,630.78,-72.3,short: close 627.91 < lower 628.54,exit short: close 629.05 > lower 628.57
2025-08-08,1,7,2025-08-08 09:00:00-05:00,635.895,2025-08-08 10:00:00-05:00,635.765,633.32,-9.1,long: close 635.85 > upper 635.76,exit long: close 635.80 < upper 637.07
2025-08-20,-1,10,2025-08-20 09:00:00-05:00,635.335,2025-08-20 10:30:00-05:00,636.395,637.24,-106.0,short: close 635.39 < lower 637.68,exit short: close 636.38 > lower 635.86
2025-08-22,1,5,2025-08-22 09:30:00-05:00,644.1787999999999,2025-08-22 14:52:00-05:00,645.22,640.6,52.06,long: close 644.11 > upper 640.25,flatten
2025-08-29,-1,8,2025-08-29 09:00:00-05:00,645.455,2025-08-29 12:00:00-05:00,644.745,647.69,56.8,short: close 645.51 < lower 645.95,exit short: close 644.73 > lower 644.40
2025-09-05,-1,4,2025-09-05 10:00:00-05:00,644.105,2025-09-05 12:00:00-05:00,646.515,648.46,-96.4,short: close 644.14 < lower 645.88,exit short: close 646.47 > lower 646.06
2025-09-11,1,9,2025-09-11 09:00:00-05:00,655.615,2025-09-11 09:30:00-05:00,655.9100000000001,653.5600000000001,26.55,long: close 655.57 > upper 655.27,exit long: close 655.96 < upper 656.67
2025-09-11,1,5,2025-09-11 10:30:00-05:00,657.4649999999999,2025-09-11 12:30:00-05:00,657.07,653.66,-19.75,long: close 657.42 > upper 657.00,exit long: close 657.12 < upper 657.34
2025-09-18,1,5,2025-09-18 09:30:00-05:00,664.425,2025-09-18 10:00:00-05:00,662.725,661.12,-85.0,long: close 664.40 > upper 663.85,exit long: close 662.77 < upper 664.34
2025-09-25,-1,8,2025-09-25 09:00:00-05:00,655.595,2025-09-25 09:10:00-05:00,658.025,657.98,-194.4,short: close 655.64 < lower 657.12,stop
2025-09-26,1,10,2025-09-26 09:00:00-05:00,661.8449999999999,2025-09-26 09:07:00-05:00,659.945,659.99,-190.0,long: close 661.79 > upper 660.58,stop
2025-10-03,1,8,2025-10-03 10:00:00-05:00,672.16,2025-10-03 10:30:00-05:00,671.725,669.82,-34.8,long: close 672.11 > upper 671.92,exit long: close 671.77 < upper 672.17
2025-10-07,-1,7,2025-10-07 10:30:00-05:00,669.235,2025-10-07 12:30:00-05:00,668.9649999999999,671.88,18.9,short: close 669.29 < lower 669.44,exit short: close 668.99 > lower 668.74
2025-10-09,-1,10,2025-10-09 09:30:00-05:00,671.1850000000001,2025-10-09 10:00:00-05:00,671.395,673.03,-21.0,short: close 671.23 < lower 671.46,exit short: close 671.36 > lower 670.96
2025-10-10,-1,6,2025-10-10 10:30:00-05:00,662.3950000000001,2025-10-10 14:52:00-05:00,655.0649999999999,665.49,439.8,short: close 662.44 < lower 668.57,flatten
2025-10-13,1,3,2025-10-13 09:00:00-05:00,662.915,2025-10-13 09:30:00-05:00,660.835,657.71,-62.4,long: close 662.88 > upper 662.09,exit long: close 660.85 < upper 662.28
2025-10-15,1,4,2025-10-15 09:30:00-05:00,669.675,2025-10-15 10:00:00-05:00,668.985,665.57,-27.6,long: close 669.61 > upper 668.62,exit long: close 669.02 < upper 669.19
2025-10-20,1,6,2025-10-20 09:00:00-05:00,668.795,2025-10-20 11:00:00-05:00,670.5350000000001,665.96,104.4,long: close 668.74 > upper 668.64,exit long: close 670.55 < upper 671.76
2025-10-23,1,11,2025-10-23 09:00:00-05:00,670.045,2025-10-23 09:17:00-05:00,668.375,668.42,-183.7,long: close 669.96 > upper 669.57,stop
2025-11-05,1,9,2025-11-05 10:00:00-06:00,677.925,2025-11-05 14:30:00-06:00,679.715,675.84,161.1,long: close 677.87 > upper 677.24,exit long: close 679.76 < upper 679.84
2025-11-06,-1,7,2025-11-06 09:00:00-06:00,674.085,2025-11-06 09:30:00-06:00,674.5849999999999,676.78,-35.0,short: close 674.14 < lower 674.31,exit short: close 674.54 > lower 673.75
2025-11-06,-1,7,2025-11-06 10:00:00-06:00,670.885,2025-11-06 13:30:00-06:00,673.435,673.58,-178.5,short: close 670.95 < lower 674.29,exit short: close 673.40 > lower 672.46
2025-11-07,-1,5,2025-11-07 10:00:00-06:00,663.2750000000001,2025-11-07 12:30:00-06:00,665.3449999999999,667.1800000000001,-103.5,short: close 663.33 < lower 665.18,exit short: close 665.31 > lower 664.03
2025-11-13,-1,4,2025-11-13 10:00:00-06:00,676.4350000000001,2025-11-13 14:52:00-06:00,672.405,680.6,161.2,short: close 676.48 < lower 677.76,flatten
2025-11-18,-1,4,2025-11-18 09:00:00-06:00,658.595,2025-11-18 09:30:00-06:00,659.125,663.2,-21.2,short: close 658.65 < lower 659.29,exit short: close 659.09 > lower 659.02
2025-11-18,-1,3,2025-11-18 10:00:00-06:00,657.1850000000001,2025-11-18 10:30:00-06:00,661.6049999999999,662.78,-132.6,short: close 657.22 < lower 658.32,exit short: close 661.58 > lower 657.78
2025-11-19,1,5,2025-11-19 09:00:00-06:00,665.7149999999999,2025-11-19 10:00:00-06:00,662.9153,662.32,-139.98,long: close 665.67 > upper 663.86,exit long: close 662.97 < upper 665.03
2025-11-24,1,3,2025-11-24 10:30:00-06:00,668.005,2025-11-24 11:00:00-06:00,667.4250000000001,662.0,-17.4,long: close 667.97 > upper 667.17,exit long: close 667.47 < upper 669.29
2025-12-11,-1,6,2025-12-11 09:00:00-06:00,682.605,2025-12-11 09:13:00-06:00,685.425,685.38,-169.2,short: close 682.62 < lower 683.50,stop
2025-12-12,-1,8,2025-12-12 09:30:00-06:00,683.705,2025-12-12 14:52:00-06:00,681.56,686.1,171.6,short: close 683.75 < lower 686.26,flatten
2025-12-17,-1,5,2025-12-17 10:00:00-06:00,674.505,2025-12-17 14:52:00-06:00,671.9749999999999,678.14,126.5,short: close 674.56 < lower 675.73,flatten
2025-12-19,1,9,2025-12-19 09:00:00-06:00,679.8549999999999,2025-12-19 09:30:00-06:00,679.1450000000001,677.76,-63.9,long: close 679.82 > upper 678.63,exit long: close 679.19 < upper 679.30
2025-12-19,1,5,2025-12-19 10:30:00-06:00,680.235,2025-12-19 11:00:00-06:00,679.6550000000001,676.62,-29.0,long: close 680.17 > upper 680.17,exit long: close 679.70 < upper 680.31
2026-01-06,1,11,2026-01-06 09:00:00-06:00,690.12,2026-01-06 10:00:00-06:00,689.0550000000001,688.48,-117.15,long: close 690.08 > upper 689.47,exit long: close 689.11 < upper 691.00
2026-01-09,1,7,2026-01-09 09:30:00-06:00,693.175,2026-01-09 10:00:00-06:00,691.8950000000001,690.5600000000001,-89.6,long: close 693.13 > upper 692.66,exit long: close 691.93 < upper 692.91
2026-01-13,-1,8,2026-01-13 09:30:00-06:00,692.6750000000001,2026-01-13 10:00:00-06:00,693.805,695.02,-90.4,short: close 692.73 < lower 693.00,exit short: close 693.76 > lower 692.93
2026-01-14,-1,6,2026-01-14 09:00:00-06:00,688.6750000000001,2026-01-14 09:30:00-06:00,688.795,691.48,-7.2,short: close 688.72 < lower 689.58,exit short: close 688.76 > lower 688.57
2026-01-14,-1,5,2026-01-14 10:00:00-06:00,687.115,2026-01-14 10:30:00-06:00,689.2049999999999,690.86,-104.5,short: close 687.16 < lower 688.63,exit short: close 689.15 > lower 688.49
2026-01-21,1,6,2026-01-21 09:00:00-06:00,682.525,2026-01-21 11:00:00-06:00,680.005,679.76,-151.2,long: close 682.49 > upper 681.40,exit long: close 680.04 < upper 682.68
2026-01-26,1,6,2026-01-26 10:30:00-06:00,693.155,2026-01-26 12:00:00-06:00,693.195,690.0,2.4,long: close 693.11 > upper 692.98,exit long: close 693.24 < upper 693.30
2026-01-29,-1,7,2026-01-29 09:00:00-06:00,691.5250000000001,2026-01-29 13:30:00-06:00,692.115,694.11,-41.3,short: close 691.56 < lower 693.31,exit short: close 692.07 > lower 691.58
2026-02-02,1,4,2026-02-02 10:30:00-06:00,695.6049999999999,2026-02-02 14:00:00-06:00,695.48,691.0,-5.0,long: close 695.55 > upper 695.32,exit long: close 695.52 < upper 696.38
2026-02-03,-1,4,2026-02-03 10:30:00-06:00,690.765,2026-02-03 14:52:00-06:00,689.1049999999999,694.88,66.4,short: close 690.80 < lower 691.71,flatten
2026-02-05,-1,3,2026-02-05 09:30:00-06:00,676.605,2026-02-05 10:00:00-06:00,677.395,682.54,-23.7,short: close 676.64 < lower 677.61,exit short: close 677.33 > lower 676.79
2026-02-06,1,4,2026-02-06 09:00:00-06:00,684.8449999999999,2026-02-06 10:00:00-06:00,685.745,680.32,36.0,long: close 684.75 > upper 683.98,exit long: close 685.80 < upper 685.99
2026-02-06,1,3,2026-02-06 10:30:00-06:00,687.15,2026-02-06 14:52:00-06:00,692.1650000000001,681.15,150.45,long: close 687.11 > upper 685.61,flatten
2026-02-12,-1,3,2026-02-12 10:30:00-06:00,683.5550000000001,2026-02-12 14:52:00-06:00,680.515,689.5600000000001,91.2,short: close 683.60 < lower 686.87,flatten
2026-02-17,-1,5,2026-02-17 09:00:00-06:00,676.575,2026-02-17 09:30:00-06:00,677.375,679.96,-40.0,short: close 676.63 < lower 677.50,exit short: close 677.34 > lower 675.94
2026-02-23,-1,3,2026-02-23 10:00:00-06:00,682.225,2026-02-23 10:30:00-06:00,682.925,688.12,-21.0,short: close 682.26 < lower 682.70,exit short: close 682.87 > lower 682.16
2026-02-26,-1,4,2026-02-26 09:30:00-06:00,685.625,2026-02-26 10:30:00-06:00,688.785,690.16,-126.4,short: close 685.69 < lower 688.64,exit short: close 688.74 > lower 687.68
2026-03-03,-1,3,2026-03-03 09:30:00-06:00,669.8050000000001,2026-03-03 10:00:00-06:00,672.005,675.8000000000001,-66.0,short: close 669.85 < lower 670.44,exit short: close 671.98 > lower 670.01
2026-03-20,-1,4,2026-03-20 09:00:00-05:00,653.125,2026-03-20 11:00:00-05:00,653.015,657.62,4.4,short: close 653.15 < lower 653.63,exit short: close 652.95 > lower 652.52
2026-03-27,-1,5,2026-03-27 09:00:00-05:00,638.985,2026-03-27 10:00:00-05:00,640.235,642.86,-62.5,short: close 639.05 < lower 639.93,exit short: close 640.19 > lower 639.82
2026-03-31,1,3,2026-03-31 09:00:00-05:00,642.685,2026-03-31 10:00:00-05:00,638.6450000000001,636.6800000000001,-121.2,long: close 642.63 > upper 642.00,exit long: close 638.68 < upper 641.69
2026-04-07,-1,4,2026-04-07 10:00:00-05:00,652.5350000000001,2026-04-07 10:30:00-05:00,653.305,657.04,-30.8,short: close 652.60 < lower 653.26,exit short: close 653.25 > lower 652.80
2026-04-14,1,4,2026-04-14 10:00:00-05:00,691.5749999999999,2026-04-14 12:00:00-05:00,692.908,687.09,53.32,long: close 691.54 > upper 691.34,exit long: close 692.95 < upper 693.25
2026-04-17,1,3,2026-04-17 10:00:00-05:00,710.525,2026-04-17 12:30:00-05:00,709.835,704.52,-20.7,long: close 710.48 > upper 710.28,exit long: close 709.88 < upper 712.90
2026-05-01,1,6,2026-05-01 09:00:00-05:00,724.235,2026-05-01 10:00:00-05:00,722.6850000000001,721.0600000000001,-93.0,long: close 724.17 > upper 723.02,exit long: close 722.72 < upper 724.00
2026-05-06,1,4,2026-05-06 10:00:00-05:00,732.2049999999999,2026-05-06 12:00:00-05:00,730.945,727.78,-50.4,long: close 732.15 > upper 730.38,exit long: close 730.99 < upper 731.07
2026-05-08,1,5,2026-05-08 09:00:00-05:00,736.665,2026-05-08 10:00:00-05:00,737.005,733.36,17.0,long: close 736.64 > upper 736.56,exit long: close 737.06 < upper 737.11
2026-05-11,1,6,2026-05-11 10:30:00-05:00,740.12,2026-05-11 12:00:00-05:00,739.2950000000001,737.17,-49.5,long: close 740.07 > upper 739.95,exit long: close 739.33 < upper 740.51
2026-05-12,-1,5,2026-05-12 10:00:00-05:00,733.735,2026-05-12 12:30:00-05:00,734.385,737.1800000000001,-32.5,short: close 733.79 < lower 734.64,exit short: close 734.35 > lower 733.48
2026-05-14,1,7,2026-05-14 09:30:00-05:00,745.995,2026-05-14 12:30:00-05:00,746.875,743.24,61.6,long: close 745.96 > upper 745.74,exit long: close 746.91 < upper 747.36
2026-05-15,-1,3,2026-05-15 09:00:00-05:00,739.105,2026-05-15 09:30:00-05:00,741.1949999999999,744.44,-62.7,short: close 739.17 < lower 739.64,exit short: close 741.13 > lower 739.58
2026-05-18,-1,5,2026-05-18 10:30:00-05:00,735.5450000000001,2026-05-18 11:00:00-05:00,736.415,738.96,-43.5,short: close 735.62 < lower 736.05,exit short: close 736.28 > lower 735.65
2026-05-19,-1,4,2026-05-19 09:30:00-05:00,732.375,2026-05-19 10:00:00-05:00,733.2049999999999,736.5,-33.2,short: close 732.42 < lower 732.54,exit short: close 733.16 > lower 732.11
2026-05-20,1,5,2026-05-20 10:00:00-05:00,739.235,2026-05-20 11:30:00-05:00,738.9050000000001,735.5,-16.5,long: close 739.20 > upper 738.46,exit long: close 738.93 < upper 739.52
2026-05-28,1,9,2026-05-28 09:30:00-05:00,752.785,2026-05-28 10:00:00-05:00,752.825,750.78,3.6,long: close 752.72 > upper 752.36,exit long: close 752.88 < upper 753.07
2026-05-28,1,5,2026-05-28 10:30:00-05:00,753.995,2026-05-28 11:00:00-05:00,754.0350000000001,750.6,2.0,long: close 753.94 > upper 753.75,exit long: close 754.08 < upper 754.20
2026-05-29,1,8,2026-05-29 09:00:00-05:00,757.865,2026-05-29 09:30:00-05:00,756.5550000000001,755.48,-104.8,long: close 757.82 > upper 757.66,exit long: close 756.60 < upper 758.02
2026-06-03,-1,9,2026-06-03 09:00:00-05:00,755.9050000000001,2026-06-03 09:30:00-05:00,756.8449999999999,758.0,-84.6,short: close 755.92 < lower 756.71,exit short: close 756.81 > lower 756.45
2026-06-05,-1,5,2026-06-05 09:00:00-05:00,748.715,2026-06-05 14:52:00-05:00,739.5999999999999,752.62,455.75,short: close 748.73 < lower 750.79,flatten
2026-06-09,-1,3,2026-06-09 10:30:00-05:00,730.955,2026-06-09 13:30:00-05:00,735.165,736.0600000000001,-126.3,short: close 731.00 < lower 736.38,exit short: close 735.10 > lower 734.68
2026-06-24,1,4,2026-06-24 10:00:00-05:00,739.7249999999999,2026-06-24 11:00:00-05:00,738.2950000000001,735.53,-57.2,long: close 739.66 > upper 738.60,exit long: close 738.34 < upper 739.85
2026-06-25,-1,3,2026-06-25 09:00:00-05:00,729.7950000000001,2026-06-25 09:10:00-05:00,735.725,735.6800000000001,-177.9,short: close 729.85 < lower 730.13,stop
2026-07-07,-1,5,2026-07-07 09:30:00-05:00,746.635,2026-07-07 10:30:00-05:00,746.405,750.3000000000001,11.5,short: close 746.70 < lower 747.12,exit short: close 746.37 > lower 745.73
2026-07-23,-1,3,2026-07-23 10:30:00-05:00,735.865,2026-07-23 11:00:00-05:00,737.89,741.86,-60.75,short: close 735.93 < lower 736.38,exit short: close 737.85 > lower 736.42
2026-07-24,1,6,2026-07-24 10:30:00-05:00,742.645,2026-07-24 12:00:00-05:00,741.4250000000001,739.42,-73.2,long: close 742.61 > upper 741.61,exit long: close 741.45 < upper 741.56
2026-07-28,-1,9,2026-07-28 09:00:00-05:00,736.445,2026-07-28 09:30:00-05:00,737.765,738.4,-118.8,short: close 736.50 < lower 737.17,exit short: close 737.70 > lower 737.06
2026-07-29,-1,7,2026-07-29 09:00:00-05:00,737.385,2026-07-29 13:00:00-05:00,736.415,739.84,67.9,short: close 737.36 < lower 737.92,exit short: close 736.41 > lower 736.23
2026-07-30,1,3,2026-07-30 09:00:00-05:00,738.665,2026-07-30 09:30:00-05:00,738.615,733.22,-1.5,long: close 738.62 > upper 738.23,exit long: close 738.64 < upper 738.65
2026-08-03,1,5,2026-08-03 09:00:00-05:00,753.645,2026-08-03 14:52:00-05:00,758.215,749.76,228.5,long: close 753.62 > upper 752.02,flatten
2026-08-04,1,3,2026-08-04 09:30:00-05:00,764.515,2026-08-04 14:52:00-05:00,772.255,759.22,232.2,long: close 764.49 > upper 764.45,flatten
2026-08-13,1,3,2026-08-13 09:30:00-05:00,779.235,2026-08-13 10:00:00-05:00,777.725,773.94,-45.3,long: close 779.19 > upper 778.99,exit long: close 777.76 < upper 778.86
2026-08-28,1,7,2026-08-28 10:00:00-05:00,775.025,2026-08-28 10:47:00-05:00,772.5350000000001,772.58,-174.3,long: close 774.96 > upper 773.86,stop
2026-08-31,-1,7,2026-08-31 09:30:00-05:00,764.84,2026-08-31 10:00:00-05:00,765.995,767.57,-80.85,short: close 764.93 < lower 765.61,exit short: close 765.95 > lower 765.00
2026-09-02,1,8,2026-09-02 09:30:00-05:00,765.3199999999999,2026-09-02 12:30:00-05:00,764.705,763.0600000000001,-49.2,long: close 765.27 > upper 764.31,exit long: close 764.71 < upper 764.80
2026-09-03,1,8,2026-09-03 09:00:00-05:00,769.5749999999999,2026-09-03 09:30:00-05:00,768.625,767.16,-76.0,long: close 769.56 > upper 768.91,exit long: close 768.67 < upper 769.60
2026-09-03,1,5,2026-09-03 10:30:00-05:00,772.985,2026-09-03 14:52:00-05:00,773.1750000000001,769.48,9.5,long: close 772.94 > upper 770.01,flatten
2026-09-04,-1,6,2026-09-04 10:00:00-05:00,769.4250000000001,2026-09-04 11:00:00-05:00,770.0,772.27,-34.5,short: close 769.45 < lower 769.75,exit short: close 769.96 > lower 769.82
