day,side,qty,entry_ts,entry_px,exit_ts,exit_px,stop_px,pnl,reason_in,reason_out
2016-01-07,-1,14,2016-01-07 12:30:00-06:00,105.964,2016-01-07 14:52:00-06:00,105.916,107.3,6.72,short: close 106.00 < lower 106.32,flatten
2016-01-08,-1,26,2016-01-08 10:00:00-06:00,104.994,2016-01-08 11:30:00-06:00,105.46600000000001,105.68,-122.72,short: close 105.03 < lower 105.11,exit short: close 105.44 > lower 105.21
2016-01-08,-1,34,2016-01-08 12:00:00-06:00,105.214,2016-01-08 14:52:00-06:00,104.056,105.71000000000001,393.72,short: close 105.24 < lower 105.30,flatten
2016-01-11,-1,36,2016-01-11 09:00:00-06:00,103.504,2016-01-11 09:13:00-06:00,104.016,103.98,-184.32,short: close 103.53 < lower 103.54,stop
2016-01-11,-1,27,2016-01-11 11:30:00-06:00,103.264,2016-01-11 14:30:00-06:00,103.46600000000001,103.91,-54.54,short: close 103.31 < lower 103.37,exit short: close 103.42 > lower 103.14
2016-01-12,-1,20,2016-01-12 11:30:00-06:00,102.878,2016-01-12 14:00:00-06:00,102.916,103.8,-7.6,short: close 102.91 < lower 102.93,exit short: close 102.89 > lower 102.73
2016-01-13,-1,32,2016-01-13 09:30:00-06:00,103.194,2016-01-13 10:00:00-06:00,103.296,103.74000000000001,-32.64,short: close 103.24 < lower 103.28,exit short: close 103.26 > lower 103.15
2016-01-13,-1,28,2016-01-13 11:00:00-06:00,102.28399999999999,2016-01-13 14:52:00-06:00,100.036,102.91,629.44,short: close 102.33 < lower 103.21,flatten
2016-01-14,-1,31,2016-01-14 09:00:00-06:00,99.404,2016-01-14 09:17:00-06:00,99.99600000000001,99.96000000000001,-183.52,short: close 99.43 < lower 100.07,stop
2016-01-14,1,14,2016-01-14 12:30:00-06:00,102.021,2016-01-14 13:30:00-06:00,101.804,100.73,-30.38,long: close 101.97 > upper 101.92,exit long: close 101.85 < upper 101.95
2016-01-15,-1,9,2016-01-15 11:30:00-06:00,97.874,2016-01-15 12:00:00-06:00,98.446,99.87,-51.48,short: close 97.92 < lower 98.42,exit short: close 98.42 > lower 98.30
2016-01-19,-1,15,2016-01-19 12:00:00-06:00,99.224,2016-01-19 12:30:00-06:00,99.146,100.48,11.7,short: close 99.26 < lower 99.33,exit short: close 99.10 > lower 99.10
2016-01-19,-1,12,2016-01-19 13:00:00-06:00,98.704,2016-01-19 14:52:00-06:00,99.116,100.2,-49.44,short: close 98.74 < lower 99.09,flatten
2016-01-20,-1,16,2016-01-20 09:00:00-06:00,96.444,2016-01-20 12:30:00-06:00,96.526,97.57000000000001,-13.12,short: close 96.49 < lower 96.99,exit short: close 96.50 > lower 96.35
2016-01-21,1,23,2016-01-21 11:00:00-06:00,100.406,2016-01-21 12:00:00-06:00,100.074,99.62,-76.36,long: close 100.35 > upper 100.06,exit long: close 100.12 < upper 100.22
2016-01-22,1,14,2016-01-22 09:00:00-06:00,101.496,2016-01-22 09:30:00-06:00,101.014,100.16,-67.48,long: close 101.47 > upper 101.15,exit long: close 101.05 < upper 101.13
2016-01-25,-1,14,2016-01-25 13:00:00-06:00,99.584,2016-01-25 13:30:00-06:00,99.806,100.88,-31.08,short: close 99.63 < lower 99.75,exit short: close 99.77 > lower 99.75
2016-01-26,1,29,2016-01-26 09:30:00-06:00,100.236,2016-01-26 10:00:00-06:00,99.914,99.63,-93.38,long: close 100.19 > upper 99.93,exit long: close 99.96 < upper 100.10
2016-01-26,1,22,2016-01-26 10:30:00-06:00,100.516,2016-01-26 14:52:00-06:00,100.92399999999999,99.72,89.76,long: close 100.47 > upper 100.12,flatten
2016-01-29,1,28,2016-01-29 09:00:00-06:00,101.46600000000001,2016-01-29 14:52:00-06:00,102.6139,100.83,321.41,long: close 101.44 > upper 100.50,flatten
2016-02-02,-1,16,2016-02-02 09:00:00-06:00,100.724,2016-02-02 10:30:00-06:00,100.796,101.85000000000001,-11.52,short: close 100.77 < lower 100.79,exit short: close 100.76 > lower 100.71
2016-02-02,-1,13,2016-02-02 11:00:00-06:00,100.364,2016-02-02 11:30:00-06:00,100.346,101.8,2.34,short: close 100.39 < lower 100.48,exit short: close 100.32 > lower 100.26
2016-02-03,-1,20,2016-02-03 09:30:00-06:00,98.484,2016-02-03 10:20:00-06:00,99.436,99.4,-190.4,short: close 98.55 < lower 99.74,stop
2016-02-03,-1,19,2016-02-03 10:30:00-06:00,99.464,2016-02-03 11:00:00-06:00,99.746,100.44,-53.58,short: close 99.50 < lower 99.68,exit short: close 99.70 > lower 99.43
2016-02-04,1,21,2016-02-04 09:30:00-06:00,101.686,2016-02-04 10:30:00-06:00,100.994,100.83,-145.32,long: close 101.65 > upper 101.06,exit long: close 101.03 < upper 101.04
2016-02-05,-1,22,2016-02-05 09:00:00-06:00,99.704,2016-02-05 14:52:00-06:00,98.136,100.52,344.96,short: close 99.73 < lower 99.76,flatten
2016-02-08,-1,17,2016-02-08 09:00:00-06:00,95.804,2016-02-08 11:30:00-06:00,96.236,96.9,-73.44,short: close 95.83 < lower 96.40,exit short: close 96.20 > lower 95.96
2016-02-08,-1,13,2016-02-08 12:00:00-06:00,95.944,2016-02-08 14:30:00-06:00,96.036,97.31,-11.96,short: close 95.98 < lower 96.14,exit short: close 95.99 > lower 95.80
2016-02-10,1,17,2016-02-10 12:00:00-06:00,97.506,2016-02-10 12:30:00-06:00,97.104,96.42,-68.34,long: close 97.48 > upper 97.23,exit long: close 97.14 < upper 97.22
2016-02-12,1,15,2016-02-12 13:30:00-06:00,96.566,2016-02-12 14:30:00-06:00,96.654,95.32000000000001,13.2,long: close 96.52 > upper 96.49,exit long: close 96.68 < upper 96.72
2016-02-16,1,14,2016-02-16 11:00:00-06:00,98.756,2016-02-16 14:00:00-06:00,98.724,97.42,-4.48,long: close 98.72 > upper 98.52,exit long: close 98.75 < upper 98.76
2016-02-17,1,15,2016-02-17 09:30:00-06:00,101.036,2016-02-17 14:00:00-06:00,100.294,99.81,-111.3,long: close 100.99 > upper 100.46,exit long: close 100.33 < upper 100.55
2016-02-29,1,40,2016-02-29 10:00:00-06:00,103.726,2016-02-29 12:30:00-06:00,103.654,103.31,-28.8,long: close 103.69 > upper 103.56,exit long: close 103.69 < upper 103.80
2016-03-01,1,20,2016-03-01 10:30:00-06:00,104.226,2016-03-01 13:30:00-06:00,104.17399999999999,103.32000000000001,-10.4,long: close 104.18 > upper 104.11,exit long: close 104.21 < upper 104.26
2016-03-02,1,44,2016-03-02 10:00:00-06:00,105.336,2016-03-02 10:30:00-06:00,105.279,104.96000000000001,-25.08,long: close 105.33 > upper 105.23,exit long: close 105.32 < upper 105.35
2016-03-02,1,26,2016-03-02 12:30:00-06:00,105.596,2016-03-02 13:00:00-06:00,105.3575,104.92,-62.01,long: close 105.56 > upper 105.53,exit long: close 105.40 < upper 105.53
2016-03-03,1,55,2016-03-03 09:30:00-06:00,106.386,2016-03-03 10:29:00-06:00,106.06400000000001,106.10000000000001,-177.1,long: close 106.35 > upper 106.35,stop
2016-03-04,1,44,2016-03-04 10:00:00-06:00,107.556,2016-03-04 13:30:00-06:00,107.584,107.18,12.32,long: close 107.51 > upper 107.45,exit long: close 107.63 < upper 107.79
2016-03-07,1,32,2016-03-07 09:30:00-06:00,108.266,2016-03-07 13:30:00-06:00,108.17399999999999,107.73,-29.44,long: close 108.22 > upper 107.99,exit long: close 108.22 < upper 108.39
2016-03-08,-1,32,2016-03-08 09:00:00-06:00,107.564,2016-03-08 14:52:00-06:00,106.416,108.11,367.36,short: close 107.61 < lower 108.04,flatten
2016-03-10,-1,29,2016-03-10 10:00:00-06:00,106.074,2016-03-10 14:30:00-06:00,106.126,106.67,-15.08,short: close 106.10 < lower 106.36,exit short: close 106.09 > lower 106.07
2016-03-11,1,20,2016-03-11 10:00:00-06:00,107.381,2016-03-11 14:52:00-06:00,108.179,106.46000000000001,159.6,long: close 107.34 > upper 107.29,flatten
2016-03-15,-1,32,2016-03-15 09:00:00-05:00,106.694,2016-03-15 12:30:00-05:00,106.596,107.24000000000001,31.36,short: close 106.73 < lower 107.04,exit short: close 106.55 > lower 106.53
2016-03-17,1,21,2016-03-17 11:30:00-05:00,107.856,2016-03-17 14:52:00-05:00,108.739,107.01,185.43,long: close 107.82 > upper 107.70,flatten
2016-03-18,1,46,2016-03-18 09:00:00-05:00,109.416,2016-03-18 10:30:00-05:00,109.454,109.06,17.48,long: close 109.38 > upper 109.05,exit long: close 109.50 < upper 109.50
2016-03-18,1,21,2016-03-18 11:00:00-05:00,109.696,2016-03-18 12:30:00-05:00,109.474,108.83,-46.62,long: close 109.66 > upper 109.56,exit long: close 109.51 < upper 109.58
2016-03-23,-1,27,2016-03-23 09:00:00-05:00,108.134,2016-03-23 12:00:00-05:00,107.781,108.79,95.31,short: close 108.18 < lower 108.23,exit short: close 107.76 > lower 107.68
2016-03-23,-1,16,2016-03-23 12:30:00-05:00,107.604,2016-03-23 14:52:00-05:00,107.046,108.73,89.28,short: close 107.64 < lower 107.76,flatten
2016-03-29,1,23,2016-03-29 11:00:00-05:00,108.016,2016-03-29 14:52:00-05:00,109.954,107.23,445.74,long: close 107.98 > upper 107.97,flatten
2016-04-06,1,32,2016-04-06 10:00:00-05:00,109.536,2016-04-06 13:30:00-05:00,109.664,109.0,40.96,long: close 109.51 > upper 109.45,exit long: close 109.71 < upper 109.74
2016-04-07,-1,15,2016-04-07 13:30:00-05:00,108.454,2016-04-07 14:30:00-05:00,108.46600000000001,109.65,-1.8,short: close 108.49 < lower 108.57,exit short: close 108.42 > lower 108.41
2016-04-08,1,26,2016-04-08 09:00:00-05:00,109.8659,2016-04-08 09:30:00-05:00,109.754,109.2,-29.09,long: close 109.82 > upper 109.82,exit long: close 109.78 < upper 109.92
2016-04-11,1,36,2016-04-11 09:00:00-05:00,110.116,2016-04-11 09:59:00-05:00,109.614,109.65,-180.72,long: close 110.06 > upper 109.90,stop
2016-04-12,1,41,2016-04-12 10:00:00-05:00,109.876,2016-04-12 14:52:00-05:00,109.704,109.47,-70.52,long: close 109.85 > upper 109.20,flatten
2016-04-13,1,34,2016-04-13 09:00:00-05:00,110.886,2016-04-13 14:52:00-05:00,112.254,110.39,465.12,long: close 110.84 > upper 110.79,flatten
2016-04-14,-1,60,2016-04-14 09:00:00-05:00,111.964,2016-04-14 09:24:00-05:00,112.206,112.17,-145.2,short: close 111.99 < lower 112.08,stop
2016-04-18,1,34,2016-04-18 09:30:00-05:00,112.856,2016-04-18 10:00:00-05:00,112.789,112.35000000000001,-22.78,long: close 112.82 > upper 112.73,exit long: close 112.83 < upper 112.83
2016-04-18,1,21,2016-04-18 11:30:00-05:00,113.131,2016-04-18 13:30:00-05:00,113.084,112.26,-9.87,long: close 113.09 > upper 113.09,exit long: close 113.12 < upper 113.21
2016-04-19,1,52,2016-04-19 09:00:00-05:00,113.936,2016-04-19 09:30:00-05:00,113.744,113.63,-99.84,long: close 113.91 > upper 113.71,exit long: close 113.77 < upper 113.81
2016-04-20,1,27,2016-04-20 13:30:00-05:00,114.056,2016-04-20 14:00:00-05:00,114.094,113.41,10.26,long: close 114.04 > upper 114.03,exit long: close 114.13 < upper 114.14
2016-06-27,-1,18,2016-06-27 09:00:00-05:00,110.094,2016-06-27 14:52:00-05:00,108.866,111.10000000000001,221.04,short: close 110.14 < lower 110.72,flatten
2016-06-28,1,20,2016-06-28 09:00:00-05:00,110.686,2016-06-28 10:00:00-05:00,110.214,109.8,-94.4,long: close 110.65 > upper 110.07,exit long: close 110.25 < upper 110.26
2016-06-28,1,17,2016-06-28 11:00:00-05:00,110.32600000000001,2016-06-28 11:30:00-05:00,110.114,109.23,-36.04,long: close 110.28 > upper 110.28,exit long: close 110.15 < upper 110.18
2016-06-29,1,15,2016-06-29 10:30:00-05:00,112.426,2016-06-29 14:52:00-05:00,112.824,111.22,59.7,long: close 112.39 > upper 112.26,flatten
2016-06-30,1,27,2016-06-30 11:30:00-05:00,113.956,2016-06-30 14:52:00-05:00,114.484,113.3,142.56,long: close 113.91 > upper 113.66,flatten
2016-07-01,1,34,2016-07-01 09:00:00-05:00,115.666,2016-07-01 10:30:00-05:00,115.269,115.17,-134.98,long: close 115.62 > upper 115.54,exit long: close 115.30 < upper 115.70
2016-07-05,-1,26,2016-07-05 09:00:00-05:00,113.974,2016-07-05 14:52:00-05:00,113.876,114.65,25.48,short: close 114.02 < lower 114.53,flatten
2016-07-07,1,26,2016-07-07 09:00:00-05:00,114.886,2016-07-07 09:30:00-05:00,114.754,114.21000000000001,-34.32,long: close 114.85 > upper 114.77,exit long: close 114.78 < upper 114.84
2016-07-08,1,17,2016-07-08 09:00:00-05:00,115.896,2016-07-08 14:52:00-05:00,116.874,114.81,166.26,long: close 115.86 > upper 115.81,flatten
2016-07-12,1,14,2016-07-12 11:30:00-05:00,120.036,2016-07-12 14:30:00-05:00,119.844,118.76,-26.88,long: close 120.00 > upper 119.86,exit long: close 119.89 < upper 119.93
2016-09-22,1,18,2016-09-22 12:00:00-05:00,125.336,2016-09-22 13:30:00-05:00,125.314,124.35000000000001,-3.96,long: close 125.31 > upper 125.30,exit long: close 125.35 < upper 125.44
2016-09-29,-1,26,2016-09-29 12:00:00-05:00,123.194,2016-09-29 14:52:00-05:00,123.156,123.86,9.88,short: close 123.23 < lower 123.98,flatten
2016-09-30,1,23,2016-09-30 10:30:00-05:00,124.356,2016-09-30 14:52:00-05:00,124.724,123.58,84.64,long: close 124.32 > upper 123.93,flatten
2016-10-03,-1,32,2016-10-03 09:00:00-05:00,123.364,2016-10-03 09:30:00-05:00,123.506,123.91,-45.44,short: close 123.39 < lower 123.46,exit short: close 123.47 > lower 123.44
2016-10-11,-1,33,2016-10-11 09:00:00-05:00,123.514,2016-10-11 14:52:00-05:00,122.006,124.03,497.64,short: close 123.55 < lower 123.62,flatten
2016-11-11,1,25,2016-11-11 09:30:00-06:00,125.771,2016-11-11 10:30:00-06:00,125.53399999999999,125.06,-59.25,long: close 125.73 > upper 125.44,exit long: close 125.58 < upper 125.71
2016-11-11,1,17,2016-11-11 11:00:00-06:00,126.656,2016-11-11 14:52:00-06:00,127.584,125.59,157.76,long: close 126.61 > upper 125.81,flatten
2016-11-14,1,17,2016-11-14 09:00:00-06:00,129.306,2016-11-14 09:30:00-06:00,129.374,128.23,11.56,long: close 129.27 > upper 129.26,exit long: close 129.41 < upper 129.44
2016-11-15,-1,36,2016-11-15 09:00:00-06:00,128.364,2016-11-15 09:06:00-06:00,128.866,128.83,-180.72,short: close 128.40 < lower 128.53,stop
2016-11-17,1,34,2016-11-17 09:00:00-06:00,130.676,2016-11-17 09:17:00-06:00,130.13400000000001,130.17000000000002,-184.28,long: close 130.63 > upper 130.27,stop
2016-11-28,-1,44,2016-11-28 09:00:00-06:00,133.394,2016-11-28 12:30:00-06:00,133.326,133.77,29.92,short: close 133.44 < lower 133.56,exit short: close 133.29 > lower 133.20
2016-11-28,-1,21,2016-11-28 13:30:00-06:00,132.824,2016-11-28 14:52:00-06:00,132.256,133.7,119.28,short: close 132.86 < lower 133.06,flatten
2017-04-26,1,46,2017-04-26 09:30:00-05:00,140.746,2017-04-26 14:52:00-05:00,141.059,140.39000000000001,143.98,long: close 140.71 > upper 140.56,flatten
2017-05-02,-1,44,2017-05-02 09:00:00-05:00,139.234,2017-05-02 11:30:00-05:00,139.356,139.61,-53.68,short: close 139.28 < lower 139.54,exit short: close 139.33 > lower 139.17
2017-05-02,-1,26,2017-05-02 12:30:00-05:00,139.029,2017-05-02 14:52:00-05:00,139.096,139.72,-17.42,short: close 139.07 < lower 139.22,flatten
2017-05-03,-1,21,2017-05-03 10:00:00-05:00,137.814,2017-05-03 10:30:00-05:00,138.326,138.66,-107.52,short: close 137.91 < lower 137.97,exit short: close 138.30 > lower 137.84
2017-05-03,-1,19,2017-05-03 13:30:00-05:00,137.769,2017-05-03 14:00:00-05:00,138.116,138.75,-65.93,short: close 137.81 < lower 137.83,exit short: close 138.08 > lower 137.89
2018-02-05,-1,13,2018-02-05 12:30:00-06:00,151.424,2018-02-05 13:00:00-06:00,152.196,152.79,-100.36,short: close 151.46 < lower 151.89,exit short: close 152.15 > lower 151.94
2018-02-05,-1,12,2018-02-05 13:30:00-06:00,151.344,2018-02-05 14:52:00-06:00,148.696,152.81,317.76,short: close 151.38 < lower 151.80,flatten
2018-02-06,1,12,2018-02-06 09:00:00-06:00,148.796,2018-02-06 09:30:00-06:00,147.924,147.28,-104.64,long: close 148.76 > upper 148.29,exit long: close 147.96 < upper 148.49
2018-02-06,1,10,2018-02-06 11:30:00-06:00,148.886,2018-02-06 12:00:00-06:00,148.284,147.04,-60.2,long: close 148.84 > upper 148.63,exit long: close 148.32 < upper 148.68
2018-02-07,1,26,2018-02-07 10:00:00-06:00,150.376,2018-02-07 10:30:00-06:00,149.934,149.70000000000002,-114.92,long: close 150.35 > upper 150.34,exit long: close 149.97 < upper 150.31
2018-02-07,1,20,2018-02-07 11:30:00-06:00,150.656,2018-02-07 12:00:00-06:00,149.954,149.76,-140.4,long: close 150.61 > upper 150.55,exit long: close 149.98 < upper 150.56
2018-02-08,-1,25,2018-02-08 09:30:00-06:00,149.034,2018-02-08 14:52:00-06:00,146.2259,149.75,702.02,short: close 149.07 < lower 149.19,flatten
2018-02-09,-1,13,2018-02-09 11:00:00-06:00,144.464,2018-02-09 13:10:00-06:00,145.916,145.88,-188.76,short: close 144.50 < lower 144.69,stop
2018-02-12,1,18,2018-02-12 13:00:00-06:00,148.546,2018-02-12 14:52:00-06:00,148.094,147.56,-81.36,long: close 148.52 > upper 147.82,flatten
2018-02-14,1,16,2018-02-14 09:30:00-06:00,149.466,2018-02-14 14:52:00-06:00,151.464,148.34,319.68,long: close 149.43 > upper 149.19,flatten
2018-02-16,1,16,2018-02-16 11:00:00-06:00,154.066,2018-02-16 11:30:00-06:00,153.924,152.95000000000002,-22.72,long: close 154.03 > upper 153.85,exit long: close 153.96 < upper 154.10
2018-02-21,1,23,2018-02-21 09:00:00-06:00,153.066,2018-02-21 09:30:00-06:00,153.154,152.3,20.24,long: close 153.03 > upper 153.01,exit long: close 153.18 < upper 153.26
2018-02-21,1,16,2018-02-21 10:00:00-06:00,153.926,2018-02-21 11:30:00-06:00,153.534,152.76,-62.72,long: close 153.88 > upper 153.41,exit long: close 153.57 < upper 153.85
2018-02-27,-1,14,2018-02-27 11:00:00-06:00,153.644,2018-02-27 11:30:00-06:00,153.846,154.95000000000002,-28.28,short: close 153.69 < lower 153.76,exit short: close 153.83 > lower 153.54
2018-02-27,-1,14,2018-02-27 13:30:00-06:00,153.664,2018-02-27 14:52:00-06:00,152.916,154.96,104.72,short: close 153.72 < lower 153.77,flatten
2018-03-01,-1,33,2018-03-01 09:00:00-06:00,149.304,2018-03-01 09:06:00-06:00,149.856,149.82,-182.16,short: close 149.33 < lower 149.70,stop
2018-03-02,1,11,2018-03-02 11:00:00-06:00,151.286,2018-03-02 14:52:00-06:00,152.494,149.57,132.88,long: close 151.26 > upper 151.05,flatten
2018-03-05,1,16,2018-03-05 12:00:00-06:00,153.586,2018-03-05 14:52:00-06:00,153.994,152.46,65.28,long: close 153.55 > upper 153.28,flatten
2018-03-07,1,13,2018-03-07 10:00:00-06:00,156.336,2018-03-07 10:30:00-06:00,155.714,154.98,-80.86,long: close 156.31 > upper 156.27,exit long: close 155.76 < upper 156.42
2018-03-08,-1,20,2018-03-08 12:30:00-06:00,155.794,2018-03-08 14:00:00-06:00,156.166,156.68,-74.4,short: close 155.82 < lower 155.92,exit short: close 156.14 > lower 155.62
2018-03-09,1,13,2018-03-09 12:00:00-06:00,158.536,2018-03-09 14:52:00-06:00,158.844,157.12,40.04,long: close 158.50 > upper 158.28,flatten
2018-03-15,-1,33,2018-03-15 09:00:00-05:00,157.154,2018-03-15 09:11:00-05:00,157.716,157.68,-185.46,short: close 157.19 < lower 157.37,stop
2018-03-15,-1,15,2018-03-15 13:30:00-05:00,156.514,2018-03-15 14:00:00-05:00,156.766,157.74,-37.8,short: close 156.57 < lower 156.68,exit short: close 156.73 > lower 156.51
2018-03-16,1,31,2018-03-16 09:30:00-05:00,157.626,2018-03-16 10:30:00-05:00,157.894,157.06,83.08,long: close 157.59 > upper 157.52,exit long: close 157.91 < upper 157.94
2018-03-16,1,17,2018-03-16 11:30:00-05:00,158.076,2018-03-16 12:30:00-05:00,157.664,156.99,-70.04,long: close 158.05 > upper 158.03,exit long: close 157.70 < upper 157.95
2018-03-19,-1,22,2018-03-19 09:30:00-05:00,156.524,2018-03-19 14:52:00-05:00,156.306,157.33,47.96,short: close 156.56 < lower 156.65,flatten
2018-03-21,1,42,2018-03-21 09:00:00-05:00,156.89600000000002,2018-03-21 11:30:00-05:00,157.364,156.5,196.56,long: close 156.85 > upper 156.70,exit long: close 157.40 < upper 157.43
2018-03-21,1,15,2018-03-21 13:30:00-05:00,157.706,2018-03-21 14:00:00-05:00,157.304,156.51,-60.3,long: close 157.65 > upper 157.51,exit long: close 157.33 < upper 157.54
2018-03-23,-1,40,2018-03-23 09:00:00-05:00,152.844,2018-03-23 09:01:00-05:00,153.296,153.26,-180.8,short: close 152.88 < lower 153.04,stop
2018-03-23,-1,18,2018-03-23 11:00:00-05:00,151.764,2018-03-23 11:30:00-05:00,152.606,152.76,-151.56,short: close 151.79 < lower 152.46,exit short: close 152.58 > lower 152.49
2018-03-27,-1,17,2018-03-27 13:00:00-05:00,152.364,2018-03-27 14:52:00-05:00,150.306,153.42000000000002,349.86,short: close 152.42 < lower 152.44,flatten
2018-03-29,1,18,2018-03-29 10:00:00-05:00,152.326,2018-03-29 10:30:00-05:00,151.814,151.3,-92.16,long: close 152.30 > upper 151.73,exit long: close 151.84 < upper 151.97
2018-03-29,1,14,2018-03-29 11:00:00-05:00,152.086,2018-03-29 14:52:00-05:00,152.309,150.8,31.22,long: close 152.04 > upper 152.00,flatten
2018-04-02,-1,36,2018-04-02 09:00:00-05:00,150.954,2018-04-02 14:52:00-05:00,148.616,151.42000000000002,841.68,short: close 150.99 < lower 151.21,flatten
2018-04-04,1,9,2018-04-04 13:30:00-05:00,151.496,2018-04-04 14:52:00-05:00,152.454,149.51,86.22,long: close 151.43 > upper 151.36,flatten
2018-04-06,-1,13,2018-04-06 11:30:00-05:00,151.344,2018-04-06 12:00:00-05:00,151.996,152.79,-84.76,short: close 151.36 < lower 151.42,exit short: close 151.98 > lower 151.31
2018-04-06,-1,12,2018-04-06 13:00:00-05:00,150.3739,2018-04-06 14:52:00-05:00,150.826,151.94,-54.25,short: close 150.41 < lower 151.30,flatten
2018-04-10,1,11,2018-04-10 10:00:00-05:00,153.006,2018-04-10 10:30:00-05:00,152.924,151.39000000000001,-9.02,long: close 152.98 > upper 152.95,exit long: close 152.98 < upper 153.14
2018-04-10,1,10,2018-04-10 12:30:00-05:00,153.406,2018-04-10 14:30:00-05:00,153.754,151.63,34.8,long: close 153.37 > upper 153.11,exit long: close 153.79 < upper 153.81
2018-04-12,1,19,2018-04-12 09:30:00-05:00,155.14600000000002,2018-04-12 10:00:00-05:00,154.514,154.21,-120.08,long: close 155.11 > upper 155.02,exit long: close 154.56 < upper 155.27
2018-04-13,-1,21,2018-04-13 09:30:00-05:00,153.994,2018-04-13 10:30:00-05:00,154.296,154.84,-63.42,short: close 154.03 < lower 154.16,exit short: close 154.26 > lower 153.71
2018-04-19,-1,16,2018-04-19 12:30:00-05:00,155.974,2018-04-19 13:00:00-05:00,156.326,157.11,-56.32,short: close 156.03 < lower 156.15,exit short: close 156.29 > lower 155.96
2018-04-24,-1,17,2018-04-24 12:00:00-05:00,154.384,2018-04-24 14:30:00-05:00,154.39600000000002,155.44,-2.04,short: close 154.43 < lower 154.55,exit short: close 154.36 > lower 154.18
2018-04-25,-1,51,2018-04-25 09:00:00-05:00,153.114,2018-04-25 09:08:00-05:00,153.466,153.43,-179.52,short: close 153.14 < lower 154.08,stop
2018-04-25,-1,42,2018-04-25 09:30:00-05:00,153.704,2018-04-25 09:36:00-05:00,154.136,154.1,-181.44,short: close 153.76 < lower 154.00,stop
2018-07-10,-1,23,2018-07-10 10:30:00-05:00,168.624,2018-07-10 11:00:00-05:00,168.806,169.39000000000001,-41.86,short: close 168.66 < lower 168.67,exit short: close 168.77 > lower 168.69
2018-07-10,-1,22,2018-07-10 11:30:00-05:00,168.534,2018-07-10 14:52:00-05:00,168.2559,169.35,61.18,short: close 168.57 < lower 168.62,flatten
2018-07-13,1,26,2018-07-13 10:30:00-05:00,168.5676,2018-07-13 10:57:00-05:00,167.864,167.9,-182.94,long: close 168.54 > upper 168.53,stop
2018-07-16,-1,24,2018-07-16 10:00:00-05:00,166.394,2018-07-16 10:30:00-05:00,166.876,167.14000000000001,-115.68,short: close 166.43 < lower 166.87,exit short: close 166.85 > lower 166.82
2018-07-16,-1,24,2018-07-16 11:00:00-05:00,166.494,2018-07-16 14:52:00-05:00,166.681,167.22,-44.88,short: close 166.53 < lower 166.89,flatten
2018-10-04,-1,29,2018-10-04 09:00:00-05:00,165.019,2018-10-04 10:30:00-05:00,164.806,165.62,61.77,short: close 165.05 < lower 165.11,exit short: close 164.77 > lower 164.73
2018-10-04,-1,18,2018-10-04 11:00:00-05:00,164.264,2018-10-04 14:52:00-05:00,163.651,165.28,110.34,short: close 164.31 < lower 164.70,flatten
2018-10-05,-1,25,2018-10-05 10:30:00-05:00,162.4212,2018-10-05 14:52:00-05:00,162.296,163.13,31.3,short: close 162.45 < lower 163.01,flatten
2018-10-08,-1,15,2018-10-08 12:00:00-05:00,160.5739,2018-10-08 12:30:00-05:00,160.756,161.78,-27.31,short: close 160.62 < lower 160.77,exit short: close 160.73 > lower 160.72
2018-10-09,1,39,2018-10-09 09:00:00-05:00,162.326,2018-10-09 10:00:00-05:00,162.134,161.89000000000001,-74.88,long: close 162.30 > upper 162.18,exit long: close 162.18 < upper 162.46
2018-10-10,-1,33,2018-10-10 09:00:00-05:00,159.654,2018-10-10 09:24:00-05:00,160.20600000000002,160.17000000000002,-182.16,short: close 159.68 < lower 160.49,stop
2018-10-10,-1,25,2018-10-10 09:30:00-05:00,160.064,2018-10-10 14:52:00-05:00,157.066,160.76,749.5,short: close 160.09 < lower 160.31,flatten
2018-10-11,1,22,2018-10-11 09:00:00-05:00,157.246,2018-10-11 09:12:00-05:00,156.394,156.43,-187.44,long: close 157.21 > upper 157.06,stop
2018-10-12,-1,9,2018-10-12 12:00:00-05:00,152.414,2018-10-12 12:30:00-05:00,152.686,154.47,-24.48,short: close 152.45 < lower 152.52,exit short: close 152.65 > lower 152.56
2018-10-15,1,16,2018-10-15 13:00:00-05:00,155.246,2018-10-15 13:30:00-05:00,154.334,154.09,-145.92,long: close 155.20 > upper 154.65,exit long: close 154.38 < upper 154.75
2018-10-16,1,16,2018-10-16 10:00:00-05:00,156.176,2018-10-16 14:52:00-05:00,158.714,155.05,406.08,long: close 156.15 > upper 155.89,flatten
2018-10-17,-1,26,2018-10-17 09:00:00-05:00,157.254,2018-10-17 11:00:00-05:00,157.496,157.92000000000002,-62.92,short: close 157.29 < lower 157.70,exit short: close 157.40 > lower 157.16
2018-10-18,-1,21,2018-10-18 09:00:00-05:00,156.824,2018-10-18 09:30:00-05:00,157.496,157.66,-141.12,short: close 156.86 < lower 156.88,exit short: close 157.45 > lower 156.79
2018-10-18,-1,14,2018-10-18 10:30:00-05:00,156.204,2018-10-18 14:52:00-05:00,155.236,157.51,135.52,short: close 156.25 < lower 156.42,flatten
2018-10-19,1,25,2018-10-19 09:00:00-05:00,156.036,2018-10-19 09:30:00-05:00,155.524,155.32,-128.0,long: close 156.00 > upper 155.99,exit long: close 155.56 < upper 155.99
2018-10-19,-1,11,2018-10-19 13:00:00-05:00,153.414,2018-10-19 14:52:00-05:00,153.476,155.06,-6.82,short: close 153.45 < lower 153.63,flatten
2018-10-23,-1,12,2018-10-23 09:30:00-05:00,149.294,2018-10-23 10:28:00-05:00,150.876,150.84,-189.84,short: close 149.33 < lower 150.42,stop
2018-10-24,-1,25,2018-10-24 10:00:00-05:00,150.384,2018-10-24 11:00:00-05:00,150.626,151.08,-60.5,short: close 150.43 < lower 150.87,exit short: close 150.59 > lower 150.45
2018-10-24,-1,14,2018-10-24 11:30:00-05:00,149.864,2018-10-24 14:52:00-05:00,146.666,151.17000000000002,447.72,short: close 149.90 < lower 150.25,flatten
2018-10-25,1,21,2018-10-25 09:00:00-05:00,147.966,2018-10-25 14:52:00-05:00,148.864,147.11,188.58,long: close 147.92 > upper 147.17,flatten
2018-10-26,-1,14,2018-10-26 09:00:00-05:00,146.924,2018-10-26 10:30:00-05:00,146.696,148.21,31.92,short: close 146.98 < lower 147.01,exit short: close 146.66 > lower 146.56
2018-10-29,1,13,2018-10-29 09:00:00-05:00,149.756,2018-10-29 10:30:00-05:00,149.954,148.33,25.74,long: close 149.72 > upper 149.69,exit long: close 149.98 < upper 150.16
2018-10-30,1,29,2018-10-30 09:00:00-05:00,149.056,2018-10-30 09:22:00-05:00,148.41400000000002,148.45000000000002,-186.18,long: close 149.03 > upper 147.40,stop
2018-10-30,1,21,2018-10-30 09:30:00-05:00,148.426,2018-10-30 09:43:00-05:00,147.554,147.59,-183.12,long: close 148.40 > upper 147.64,stop
2018-11-01,1,20,2018-11-01 09:00:00-05:00,151.446,2018-11-01 09:30:00-05:00,151.654,150.55,41.6,long: close 151.47 > upper 151.45,exit long: close 151.70 < upper 151.72
2018-11-01,1,15,2018-11-01 10:00:00-05:00,152.3087,2018-11-01 14:52:00-05:00,153.539,151.06,184.54,long: close 152.27 > upper 151.81,flatten
2018-11-05,-1,20,2018-11-05 09:30:00-06:00,152.924,2018-11-05 10:00:00-06:00,153.626,153.84,-140.4,short: close 152.97 < lower 153.09,exit short: close 153.61 > lower 152.98
2018-11-07,1,14,2018-11-07 11:00:00-06:00,156.356,2018-11-07 11:30:00-06:00,156.154,155.05,-28.28,long: close 156.32 > upper 156.31,exit long: close 156.19 < upper 156.47
2018-11-09,-1,16,2018-11-09 09:00:00-06:00,155.194,2018-11-09 14:52:00-06:00,154.276,156.3,146.88,short: close 155.23 < lower 155.38,flatten
2018-11-12,-1,26,2018-11-12 09:00:00-06:00,152.534,2018-11-12 14:52:00-06:00,151.286,153.22,324.48,short: close 152.58 < lower 153.39,flatten
2018-11-14,-1,10,2018-11-14 13:00:00-06:00,148.994,2018-11-14 14:00:00-06:00,150.316,150.8,-132.2,short: close 149.04 < lower 149.37,exit short: close 150.28 > lower 149.29
2018-11-15,1,11,2018-11-15 12:30:00-06:00,151.0046,2018-11-15 14:52:00-06:00,151.334,149.37,36.23,long: close 150.95 > upper 150.60,flatten
2018-11-19,-1,23,2018-11-19 09:00:00-06:00,150.874,2018-11-19 10:00:00-06:00,150.966,151.66,-21.16,short: close 150.92 < lower 151.03,exit short: close 150.97 > lower 150.97
2018-11-19,-1,15,2018-11-19 10:30:00-06:00,150.189,2018-11-19 14:52:00-06:00,148.776,151.42000000000002,211.95,short: close 150.23 < lower 150.59,flatten
2018-11-20,-1,14,2018-11-20 09:00:00-06:00,146.4139,2018-11-20 09:30:00-06:00,147.516,147.75,-154.29,short: close 146.43 < lower 146.72,exit short: close 147.48 > lower 146.59
2018-11-21,1,19,2018-11-21 09:00:00-06:00,147.746,2018-11-21 14:52:00-06:00,148.084,146.81,64.22,long: close 147.71 > upper 147.36,flatten
2018-11-23,1,14,2018-11-23 10:00:00-06:00,148.766,2018-11-23 10:30:00-06:00,148.904,147.46,19.32,long: close 148.72 > upper 148.71,exit long: close 148.93 < upper 149.06
2018-11-26,1,12,2018-11-26 09:00:00-06:00,150.216,2018-11-26 09:30:00-06:00,150.034,148.75,-21.84,long: close 150.20 > upper 149.99,exit long: close 150.06 < upper 150.14
2018-11-26,1,11,2018-11-26 10:00:00-06:00,150.366,2018-11-26 10:30:00-06:00,149.774,148.69,-65.12,long: close 150.32 > upper 150.20,exit long: close 149.82 < upper 150.50
2018-11-28,1,12,2018-11-28 11:30:00-06:00,150.996,2018-11-28 14:52:00-06:00,152.284,149.52,154.56,long: close 150.96 > upper 150.37,flatten
2018-12-04,-1,23,2018-12-04 09:00:00-06:00,152.87199999999999,2018-12-04 14:52:00-06:00,147.291,153.65,1283.63,short: close 152.90 < lower 153.15,flatten
2018-12-06,-1,11,2018-12-06 09:00:00-06:00,144.424,2018-12-06 09:15:00-06:00,146.106,146.07,-185.02,short: close 144.44 < lower 144.86,stop
2018-12-06,-1,9,2018-12-06 10:30:00-06:00,143.424,2018-12-06 11:00:00-06:00,145.2502,145.46,-164.36,short: close 143.46 < lower 144.47,exit short: close 145.22 > lower 144.26
2018-12-07,1,27,2018-12-07 09:00:00-06:00,147.866,2018-12-07 09:14:00-06:00,147.174,147.21,-186.84,long: close 147.81 > upper 147.79,stop
2018-12-07,-1,16,2018-12-07 11:00:00-06:00,145.4814,2018-12-07 12:00:00-06:00,145.916,146.61,-69.54,short: close 145.52 < lower 145.99,exit short: close 145.89 > lower 145.86
2018-12-10,-1,18,2018-12-10 10:00:00-06:00,142.594,2018-12-10 11:48:00-06:00,143.626,143.59,-185.76,short: close 142.62 < lower 143.16,stop
2018-12-12,1,13,2018-12-12 09:30:00-06:00,145.886,2018-12-12 11:30:00-06:00,145.994,144.49,14.04,long: close 145.86 > upper 145.55,exit long: close 146.02 < upper 146.19
2018-12-12,1,9,2018-12-12 12:00:00-06:00,146.416,2018-12-12 13:30:00-06:00,145.584,144.47,-74.88,long: close 146.38 > upper 146.11,exit long: close 145.61 < upper 146.22
2018-12-13,-1,19,2018-12-13 09:30:00-06:00,144.034,2018-12-13 10:00:00-06:00,144.226,144.96,-36.48,short: close 144.06 < lower 144.10,exit short: close 144.17 > lower 143.79
2018-12-13,-1,13,2018-12-13 10:30:00-06:00,143.444,2018-12-13 11:00:00-06:00,143.736,144.82,-37.96,short: close 143.48 < lower 143.65,exit short: close 143.73 > lower 143.68
2018-12-17,-1,11,2018-12-17 12:00:00-06:00,138.344,2018-12-17 12:30:00-06:00,138.64600000000002,139.98,-33.22,short: close 138.38 < lower 138.51,exit short: close 138.66 > lower 138.35
2018-12-17,-1,11,2018-12-17 13:30:00-06:00,137.904,2018-12-17 14:52:00-06:00,136.736,139.64000000000001,128.48,short: close 137.93 < lower 138.40,flatten
2018-12-18,1,15,2018-12-18 09:00:00-06:00,139.14600000000002,2018-12-18 09:30:00-06:00,138.304,137.96,-126.3,long: close 139.10 > upper 138.81,exit long: close 138.35 < upper 138.85
2018-12-19,1,30,2018-12-19 09:30:00-06:00,137.64600000000002,2018-12-19 10:00:00-06:00,137.504,137.07,-42.6,long: close 137.59 > upper 137.37,exit long: close 137.52 < upper 137.63
2018-12-19,1,16,2018-12-19 11:30:00-06:00,138.1709,2018-12-19 12:00:00-06:00,137.824,137.0,-55.5,long: close 138.14 > upper 137.96,exit long: close 137.87 < upper 137.99
2018-12-20,-1,15,2018-12-20 10:30:00-06:00,131.914,2018-12-20 14:30:00-06:00,132.156,133.16,-36.3,short: close 131.96 < lower 132.59,exit short: close 132.11 > lower 131.97
2018-12-21,-1,13,2018-12-21 11:00:00-06:00,130.294,2018-12-21 14:52:00-06:00,128.266,131.74,263.64,short: close 130.33 < lower 130.63,flatten
2018-12-24,-1,20,2018-12-24 09:00:00-06:00,126.744,2018-12-24 09:30:00-06:00,127.436,127.64,-138.4,short: close 126.76 < lower 127.11,exit short: close 127.40 > lower 127.25
2018-12-24,-1,11,2018-12-24 12:00:00-06:00,125.894,2018-12-24 14:53:00-06:00,125.396,127.5,54.78,short: close 125.91 < lower 126.41,flatten
2018-12-26,1,12,2018-12-26 11:00:00-06:00,128.136,2018-12-26 14:52:00-06:00,131.524,126.56,406.56,long: close 128.11 > upper 127.41,flatten
2018-12-27,-1,8,2018-12-27 12:30:00-06:00,128.6247,2018-12-27 13:00:00-06:00,128.516,131.0,8.7,short: close 128.66 < lower 128.73,exit short: close 128.50 > lower 128.46
2018-12-27,-1,7,2018-12-27 13:30:00-06:00,128.184,2018-12-27 14:00:00-06:00,129.0921,130.62,-63.57,short: close 128.22 < lower 128.67,exit short: close 129.03 > lower 128.46
2018-12-28,-1,35,2018-12-28 09:30:00-06:00,131.844,2018-12-28 09:48:00-06:00,132.366,132.33,-182.7,short: close 131.89 < lower 131.93,stop
2019-01-03,-1,18,2019-01-03 09:00:00-06:00,133.054,2019-01-03 10:30:00-06:00,133.473,134.06,-75.42,short: close 133.12 < lower 133.29,exit short: close 133.44 > lower 132.95
2019-01-04,1,12,2019-01-04 09:00:00-06:00,135.226,2019-01-04 14:52:00-06:00,137.094,133.74,224.16,long: close 135.19 > upper 134.56,flatten
2019-01-07,1,24,2019-01-07 09:30:00-06:00,138.276,2019-01-07 14:00:00-06:00,138.954,137.52,162.72,long: close 138.27 > upper 138.00,exit long: close 139.00 < upper 139.32
2019-01-16,1,32,2019-01-16 09:00:00-06:00,144.906,2019-01-16 09:27:00-06:00,144.324,144.36,-186.24,long: close 144.87 > upper 144.15,stop
2019-01-16,1,20,2019-01-16 09:30:00-06:00,144.556,2019-01-16 11:00:00-06:00,144.184,143.66,-74.4,long: close 144.51 > upper 144.50,exit long: close 144.24 < upper 144.68
2019-01-18,1,13,2019-01-18 11:30:00-06:00,147.846,2019-01-18 12:00:00-06:00,147.60399999999998,146.48,-31.46,long: close 147.80 > upper 147.60,exit long: close 147.62 < upper 147.71
2019-01-22,-1,18,2019-01-22 09:00:00-06:00,145.614,2019-01-22 09:30:00-06:00,145.676,146.63,-11.16,short: close 145.67 < lower 145.91,exit short: close 145.64 > lower 145.59
2019-01-22,-1,12,2019-01-22 11:00:00-06:00,145.114,2019-01-22 14:52:00-06:00,144.681,146.6,51.96,short: close 145.16 < lower 145.44,flatten
2019-01-23,-1,15,2019-01-23 11:00:00-06:00,143.664,2019-01-23 12:00:00-06:00,144.176,144.88,-76.8,short: close 143.70 < lower 143.91,exit short: close 144.14 > lower 143.77
2019-01-24,1,21,2019-01-24 09:30:00-06:00,145.516,2019-01-24 10:00:00-06:00,145.194,144.68,-67.62,long: close 145.48 > upper 145.38,exit long: close 145.23 < upper 145.53
2019-01-24,1,17,2019-01-24 11:00:00-06:00,145.736,2019-01-24 11:30:00-06:00,145.304,144.67000000000002,-73.44,long: close 145.70 > upper 145.61,exit long: close 145.34 < upper 145.71
2019-01-31,1,32,2019-01-31 09:00:00-06:00,148.326,2019-01-31 14:30:00-06:00,148.544,147.78,69.76,long: close 148.28 > upper 148.25,exit long: close 148.58 < upper 148.67
2019-02-04,1,20,2019-02-04 11:00:00-06:00,150.336,2019-02-04 14:52:00-06:00,150.419,149.45000000000002,16.6,long: close 150.29 > upper 150.22,flatten
2019-02-06,-1,30,2019-02-06 09:30:00-06:00,150.399,2019-02-06 10:00:00-06:00,150.761,150.99,-108.6,short: close 150.43 < lower 150.50,exit short: close 150.73 > lower 150.35
2019-02-07,-1,16,2019-02-07 10:30:00-06:00,148.944,2019-02-07 12:30:00-06:00,149.56980000000001,150.09,-100.13,short: close 148.98 < lower 149.28,exit short: close 149.53 > lower 149.25
2019-03-07,-1,46,2019-03-07 09:00:00-06:00,152.174,2019-03-07 09:33:00-06:00,152.566,152.53,-180.32,short: close 152.22 < lower 152.66,stop
2019-03-07,-1,22,2019-03-07 13:00:00-06:00,151.933,2019-03-07 14:52:00-06:00,151.656,152.75,60.94,short: close 151.97 < lower 152.20,flatten
2019-03-13,1,19,2019-03-13 10:30:00-05:00,155.726,2019-03-13 11:00:00-05:00,155.464,154.8,-49.78,long: close 155.69 > upper 155.57,exit long: close 155.49 < upper 155.62
2019-03-18,1,34,2019-03-18 09:00:00-05:00,155.956,2019-03-18 10:21:00-05:00,155.41400000000002,155.45000000000002,-184.28,long: close 155.92 > upper 155.42,stop
2019-03-20,-1,28,2019-03-20 09:00:00-05:00,153.869,2019-03-20 13:00:00-05:00,153.936,154.5,-18.76,short: close 153.90 < lower 154.11,exit short: close 153.90 > lower 153.71
2019-03-21,1,25,2019-03-21 09:00:00-05:00,154.316,2019-03-21 14:52:00-05:00,155.004,153.61,172.0,long: close 154.28 > upper 153.72,flatten
2019-03-22,-1,17,2019-03-22 09:00:00-05:00,152.954,2019-03-22 14:52:00-05:00,149.946,154.03,511.36,short: close 152.99 < lower 153.66,flatten
2019-03-25,-1,28,2019-03-25 09:00:00-05:00,148.824,2019-03-25 09:30:00-05:00,149.086,149.46,-73.36,short: close 148.86 < lower 148.90,exit short: close 149.08 > lower 148.75
2019-03-25,1,17,2019-03-25 10:30:00-05:00,151.336,2019-03-25 10:48:00-05:00,150.254,150.29,-183.94,long: close 151.30 > upper 150.59,stop
2019-03-26,1,15,2019-03-26 09:00:00-05:00,152.126,2019-03-26 09:30:00-05:00,151.804,150.94,-48.3,long: close 152.06 > upper 152.06,exit long: close 151.83 < upper 152.19
2019-03-26,1,12,2019-03-26 10:00:00-05:00,152.656,2019-03-26 10:30:00-05:00,152.094,151.16,-67.44,long: close 152.62 > upper 152.38,exit long: close 152.13 < upper 152.57
2019-03-27,-1,16,2019-03-27 10:30:00-05:00,149.944,2019-03-27 11:30:00-05:00,150.8261,151.06,-141.14,short: close 149.99 < lower 150.66,exit short: close 150.78 > lower 150.71
2019-03-28,1,22,2019-03-28 09:00:00-05:00,152.766,2019-03-28 10:00:00-05:00,152.164,151.94,-132.44,long: close 152.74 > upper 152.36,exit long: close 152.20 < upper 152.72
2019-04-05,1,21,2019-04-05 09:30:00-05:00,157.086,2019-04-05 10:00:00-05:00,156.85399999999998,156.24,-48.72,long: close 157.05 > upper 156.96,exit long: close 156.89 < upper 157.19
2019-04-05,1,17,2019-04-05 13:00:00-05:00,157.296,2019-04-05 14:52:00-05:00,157.214,156.21,-13.94,long: close 157.26 > upper 157.20,flatten
2019-04-10,1,26,2019-04-10 09:30:00-05:00,156.076,2019-04-10 10:30:00-05:00,156.164,155.41,22.88,long: close 156.04 > upper 156.01,exit long: close 156.19 < upper 156.49
2019-04-10,1,18,2019-04-10 11:30:00-05:00,156.616,2019-04-10 14:52:00-05:00,157.10399999999998,155.59,87.84,long: close 156.58 > upper 156.37,flatten
2019-05-07,-1,11,2019-05-07 10:00:00-05:00,158.074,2019-05-07 10:30:00-05:00,158.466,159.69,-43.12,short: close 158.12 < lower 158.40,exit short: close 158.42 > lower 158.28
2019-05-07,-1,12,2019-05-07 11:00:00-05:00,158.064,2019-05-07 11:30:00-05:00,158.776,159.65,-85.44,short: close 158.12 < lower 158.42,exit short: close 158.75 > lower 158.33
2019-05-09,-1,17,2019-05-09 09:00:00-05:00,154.464,2019-05-09 11:00:00-05:00,155.2361,155.5,-131.26,short: close 154.48 < lower 155.10,exit short: close 155.20 > lower 154.73
2019-05-10,-1,19,2019-05-10 09:30:00-05:00,154.784,2019-05-10 11:30:00-05:00,155.211,155.76,-81.13,short: close 154.82 < lower 154.91,exit short: close 155.17 > lower 154.75
2019-05-13,-1,10,2019-05-13 09:00:00-05:00,152.784,2019-05-13 14:52:00-05:00,151.606,154.64000000000001,117.8,short: close 152.84 < lower 153.27,flatten
2019-05-14,1,20,2019-05-14 09:30:00-05:00,152.796,2019-05-14 10:00:00-05:00,152.694,151.9,-20.4,long: close 152.78 > upper 152.70,exit long: close 152.73 < upper 152.87
2019-05-14,1,16,2019-05-14 10:30:00-05:00,153.006,2019-05-14 14:52:00-05:00,153.574,151.85,90.88,long: close 152.97 > upper 152.96,flatten
2019-05-16,1,26,2019-05-16 09:00:00-05:00,155.746,2019-05-16 13:00:00-05:00,155.384,155.06,-94.12,long: close 155.70 > upper 154.97,exit long: close 155.42 < upper 155.60
2019-05-21,1,20,2019-05-21 09:00:00-05:00,153.166,2019-05-21 11:00:00-05:00,153.534,152.26,73.6,long: close 153.14 > upper 153.12,exit long: close 153.55 < upper 153.56
2019-05-21,1,14,2019-05-21 11:30:00-05:00,153.596,2019-05-21 12:30:00-05:00,153.544,152.32,-7.28,long: close 153.55 > upper 153.48,exit long: close 153.59 < upper 153.69
2019-05-22,-1,15,2019-05-22 12:00:00-05:00,152.174,2019-05-22 12:30:00-05:00,152.351,153.43,-26.55,short: close 152.22 < lower 152.29,exit short: close 152.32 > lower 152.13
2019-05-23,-1,16,2019-05-23 09:00:00-05:00,149.804,2019-05-23 10:00:00-05:00,150.546,150.97,-118.72,short: close 149.84 < lower 150.60,exit short: close 150.50 > lower 150.04
2019-05-23,-1,11,2019-05-23 11:00:00-05:00,149.434,2019-05-23 14:52:00-05:00,149.066,151.13,40.48,short: close 149.47 < lower 150.08,flatten
2019-05-24,1,19,2019-05-24 09:00:00-05:00,150.946,2019-05-24 09:30:00-05:00,150.574,150.0,-70.68,long: close 150.90 > upper 150.87,exit long: close 150.61 < upper 151.10
2019-05-29,-1,21,2019-05-29 09:00:00-05:00,148.174,2019-05-29 09:30:00-05:00,148.876,149.04,-147.42,short: close 148.22 < lower 148.37,exit short: close 148.84 > lower 148.17
2019-05-29,-1,15,2019-05-29 11:00:00-05:00,147.474,2019-05-29 11:30:00-05:00,148.216,148.70000000000002,-111.3,short: close 147.51 < lower 148.01,exit short: close 148.20 > lower 148.11
2019-05-30,1,25,2019-05-30 09:00:00-05:00,149.496,2019-05-30 09:30:00-05:00,149.10399999999998,148.78,-98.0,long: close 149.45 > upper 149.25,exit long: close 149.12 < upper 149.42
2019-06-03,1,28,2019-06-03 09:30:00-05:00,146.926,2019-06-03 10:16:00-05:00,146.274,146.31,-182.56,long: close 146.88 > upper 146.67,stop
2019-06-04,1,12,2019-06-04 10:30:00-05:00,148.946,2019-06-04 13:22:00-05:00,147.444,147.48,-180.24,long: close 148.90 > upper 148.60,stop
2019-06-04,1,11,2019-06-04 13:30:00-05:00,149.126,2019-06-04 14:52:00-05:00,150.019,147.46,98.23,long: close 149.09 > upper 148.80,flatten
2019-06-05,-1,23,2019-06-05 09:30:00-05:00,149.464,2019-06-05 10:30:00-05:00,149.546,150.25,-18.86,short: close 149.50 < lower 149.67,exit short: close 149.52 > lower 149.46
2019-06-06,-1,34,2019-06-06 09:00:00-05:00,149.364,2019-06-06 14:25:00-05:00,149.906,149.87,-184.28,short: close 149.40 < lower 149.62,stop
2019-06-07,1,19,2019-06-07 10:00:00-05:00,151.476,2019-06-07 10:28:00-05:00,150.464,150.5,-192.28,long: close 151.45 > upper 151.07,stop
2019-06-07,1,20,2019-06-07 11:30:00-05:00,151.026,2019-06-07 13:30:00-05:00,150.994,150.12,-6.4,long: close 151.00 > upper 150.99,exit long: close 151.02 < upper 151.14
2019-06-10,1,22,2019-06-10 09:00:00-05:00,152.851,2019-06-10 12:00:00-05:00,152.194,152.03,-144.54,long: close 152.79 > upper 151.97,exit long: close 152.22 < upper 152.24
2019-06-10,1,18,2019-06-10 12:30:00-05:00,152.426,2019-06-10 13:00:00-05:00,152.094,151.41,-59.76,long: close 152.39 > upper 152.17,exit long: close 152.13 < upper 152.24
2019-06-11,-1,14,2019-06-11 11:30:00-05:00,150.749,2019-06-11 13:00:00-05:00,151.596,152.02,-118.58,short: close 150.78 < lower 151.05,exit short: close 151.56 > lower 150.98
2019-06-14,-1,30,2019-06-14 09:00:00-05:00,152.184,2019-06-14 09:30:00-05:00,152.496,152.76,-93.6,short: close 152.23 < lower 152.38,exit short: close 152.44 > lower 152.34
2019-06-14,-1,23,2019-06-14 11:30:00-05:00,151.874,2019-06-14 14:30:00-05:00,152.236,152.64000000000001,-83.26,short: close 151.92 < lower 152.19,exit short: close 152.21 > lower 152.10
2019-06-17,1,22,2019-06-17 12:30:00-05:00,152.656,2019-06-17 14:00:00-05:00,152.614,151.86,-9.24,long: close 152.63 > upper 152.62,exit long: close 152.65 < upper 152.70
2019-06-28,1,23,2019-06-28 09:30:00-05:00,154.981,2019-06-28 14:52:00-05:00,155.809,154.19,190.44,long: close 154.94 > upper 154.62,flatten
2019-07-02,-1,23,2019-07-02 10:00:00-05:00,155.244,2019-07-02 14:52:00-05:00,154.901,156.01,78.89,short: close 155.28 < lower 155.31,flatten
2019-07-08,-1,16,2019-07-08 11:30:00-05:00,155.164,2019-07-08 12:00:00-05:00,155.353,156.3,-30.24,short: close 155.20 < lower 155.32,exit short: close 155.31 > lower 155.24
2019-07-08,-1,13,2019-07-08 13:30:00-05:00,154.994,2019-07-08 14:00:00-05:00,155.106,156.42000000000002,-14.56,short: close 155.03 < lower 155.03,exit short: close 155.07 > lower 155.05
2019-07-11,-1,31,2019-07-11 09:00:00-05:00,155.114,2019-07-11 11:00:00-05:00,155.136,155.67000000000002,-6.82,short: close 155.14 < lower 155.22,exit short: close 155.08 > lower 154.88
2019-07-11,-1,17,2019-07-11 12:30:00-05:00,154.554,2019-07-11 13:00:00-05:00,154.706,155.64000000000001,-25.84,short: close 154.59 < lower 154.69,exit short: close 154.66 > lower 154.64
2019-07-12,1,21,2019-07-12 10:30:00-05:00,156.101,2019-07-12 11:00:00-05:00,155.874,155.23,-47.67,long: close 156.07 > upper 155.88,exit long: close 155.91 < upper 155.92
2019-07-31,1,21,2019-07-31 10:30:00-05:00,159.046,2019-07-31 13:30:00-05:00,158.544,158.17000000000002,-105.42,long: close 159.00 > upper 158.68,exit long: close 158.59 < upper 158.87
2019-08-01,1,29,2019-08-01 09:00:00-05:00,157.496,2019-08-01 11:30:00-05:00,157.269,156.89000000000001,-65.83,long: close 157.46 > upper 157.32,exit long: close 157.31 < upper 157.67
2019-08-01,-1,17,2019-08-01 13:00:00-05:00,155.144,2019-08-01 14:52:00-05:00,154.126,156.23,173.06,short: close 155.20 < lower 155.63,flatten
2019-08-02,-1,19,2019-08-02 09:00:00-05:00,152.694,2019-08-02 11:30:00-05:00,152.776,153.63,-15.58,short: close 152.72 < lower 152.86,exit short: close 152.75 > lower 152.57
2019-08-02,-1,14,2019-08-02 12:00:00-05:00,152.044,2019-08-02 13:30:00-05:00,152.316,153.31,-38.08,short: close 152.09 < lower 152.54,exit short: close 152.27 > lower 152.24
2019-08-05,-1,10,2019-08-05 09:00:00-05:00,148.984,2019-08-05 14:52:00-05:00,148.076,150.77,90.8,short: close 149.03 < lower 149.37,flatten
2019-08-07,-1,16,2019-08-07 09:00:00-05:00,147.034,2019-08-07 09:30:00-05:00,147.756,148.15,-115.52,short: close 147.08 < lower 147.52,exit short: close 147.73 > lower 147.32
2019-08-08,1,21,2019-08-08 09:00:00-05:00,150.736,2019-08-08 14:52:00-05:00,152.324,149.88,333.48,long: close 150.68 > upper 150.59,flatten
2019-08-09,-1,25,2019-08-09 09:00:00-05:00,151.144,2019-08-09 12:30:00-05:00,151.006,151.85,34.5,short: close 151.18 < lower 151.62,exit short: close 150.98 > lower 150.98
2019-08-09,-1,12,2019-08-09 13:00:00-05:00,150.624,2019-08-09 14:00:00-05:00,150.736,152.13,-13.44,short: close 150.64 < lower 150.81,exit short: close 150.69 > lower 150.60
2019-08-12,-1,20,2019-08-12 09:00:00-05:00,148.942,2019-08-12 09:30:00-05:00,149.226,149.85,-56.8,short: close 148.98 < lower 149.29,exit short: close 149.20 > lower 149.06
2019-08-13,1,24,2019-08-13 09:00:00-05:00,151.14600000000002,2019-08-13 10:04:00-05:00,150.38400000000001,150.42000000000002,-182.88,long: close 151.12 > upper 149.23,stop
2019-08-13,1,15,2019-08-13 10:30:00-05:00,150.066,2019-08-13 14:52:00-05:00,150.124,148.81,8.7,long: close 150.05 > upper 149.76,flatten
2019-08-14,-1,8,2019-08-14 10:00:00-05:00,146.804,2019-08-14 10:30:00-05:00,146.826,149.02,-1.76,short: close 146.85 < lower 146.91,exit short: close 146.79 > lower 146.78
2019-08-14,-1,8,2019-08-14 11:00:00-05:00,146.374,2019-08-14 13:00:00-05:00,146.626,148.67000000000002,-20.16,short: close 146.42 < lower 146.82,exit short: close 146.60 > lower 146.53
2019-08-16,1,19,2019-08-16 09:00:00-05:00,147.316,2019-08-16 14:52:00-05:00,148.664,146.34,256.12,long: close 147.27 > upper 146.80,flatten
2019-08-22,-1,16,2019-08-22 10:00:00-05:00,149.204,2019-08-22 10:30:00-05:00,149.496,150.37,-46.72,short: close 149.25 < lower 149.35,exit short: close 149.44 > lower 149.29
2019-08-23,-1,13,2019-08-23 10:30:00-05:00,147.60399999999998,2019-08-23 14:52:00-05:00,145.126,149.06,322.14,short: close 147.66 < lower 148.15,flatten
2019-08-27,-1,12,2019-08-27 10:30:00-05:00,145.624,2019-08-27 14:52:00-05:00,145.126,147.13,59.76,short: close 145.67 < lower 145.99,flatten
2019-08-28,1,24,2019-08-28 09:00:00-05:00,145.516,2019-08-28 09:30:00-05:00,145.364,144.77,-36.48,long: close 145.48 > upper 145.44,exit long: close 145.40 < upper 145.63
2019-08-28,1,16,2019-08-28 10:00:00-05:00,146.291,2019-08-28 14:52:00-05:00,146.6075,145.18,50.64,long: close 146.26 > upper 145.80,flatten
2019-08-29,1,13,2019-08-29 09:00:00-05:00,148.966,2019-08-29 10:00:00-05:00,148.804,147.52,-21.06,long: close 148.92 > upper 148.79,exit long: close 148.84 < upper 149.14
2019-09-05,1,12,2019-09-05 09:30:00-05:00,151.536,2019-09-05 10:30:00-05:00,150.714,149.96,-98.64,long: close 151.49 > upper 150.45,exit long: close 150.76 < upper 150.98
2019-09-09,1,17,2019-09-09 10:00:00-05:00,151.39600000000002,2019-09-09 11:30:00-05:00,151.054,150.31,-58.14,long: close 151.35 > upper 151.33,exit long: close 151.09 < upper 151.49
2019-09-10,1,16,2019-09-10 11:00:00-05:00,153.227,2019-09-10 14:52:00-05:00,153.394,152.09,26.72,long: close 153.19 > upper 152.92,flatten
2019-09-11,1,18,2019-09-11 09:30:00-05:00,155.356,2019-09-11 10:30:00-05:00,155.024,154.35,-59.76,long: close 155.31 > upper 155.18,exit long: close 155.05 < upper 155.60
2019-09-11,1,13,2019-09-11 11:30:00-05:00,155.676,2019-09-11 14:52:00-05:00,156.949,154.26,165.49,long: close 155.63 > upper 155.59,flatten
2019-09-12,-1,33,2019-09-12 09:00:00-05:00,156.504,2019-09-12 09:11:00-05:00,157.056,157.02,-182.16,short: close 156.54 < lower 156.55,stop
2019-09-12,-1,17,2019-09-12 10:00:00-05:00,155.964,2019-09-12 10:30:00-05:00,156.766,157.0,-136.34,short: close 156.00 < lower 156.03,exit short: close 156.72 > lower 155.86
2019-09-16,1,30,2019-09-16 09:00:00-05:00,157.876,2019-09-16 11:00:00-05:00,157.444,157.29,-129.6,long: close 157.85 > upper 157.72,exit long: close 157.49 < upper 158.26
2019-09-16,1,16,2019-09-16 12:00:00-05:00,158.346,2019-09-16 12:30:00-05:00,158.234,157.21,-17.92,long: close 158.32 > upper 158.28,exit long: close 158.27 < upper 158.30
2019-09-17,-1,19,2019-09-17 09:30:00-05:00,156.494,2019-09-17 10:00:00-05:00,157.006,157.42000000000002,-97.28,short: close 156.52 < lower 156.69,exit short: close 156.96 > lower 156.44
2019-09-18,-1,38,2019-09-18 09:00:00-05:00,156.85399999999998,2019-09-18 09:30:00-05:00,156.926,157.3,-27.36,short: close 156.90 < lower 157.01,exit short: close 156.89 > lower 156.77
2019-09-18,-1,21,2019-09-18 10:00:00-05:00,156.35399999999998,2019-09-18 14:52:00-05:00,156.456,157.21,-21.42,short: close 156.39 < lower 156.60,flatten
2019-09-19,1,20,2019-09-19 10:30:00-05:00,157.666,2019-09-19 11:00:00-05:00,157.094,156.76,-114.4,long: close 157.64 > upper 157.53,exit long: close 157.12 < upper 157.50
2019-09-20,1,28,2019-09-20 09:30:00-05:00,156.516,2019-09-20 10:00:00-05:00,156.249,155.88,-74.76,long: close 156.47 > upper 156.32,exit long: close 156.31 < upper 156.49
2019-09-20,1,25,2019-09-20 11:30:00-05:00,156.526,2019-09-20 12:00:00-05:00,156.334,155.83,-48.0,long: close 156.48 > upper 156.38,exit long: close 156.37 < upper 156.43
2019-09-24,-1,27,2019-09-24 09:30:00-05:00,154.184,2019-09-24 14:52:00-05:00,152.39600000000002,154.84,482.76,short: close 154.22 < lower 154.57,flatten
2019-09-25,1,22,2019-09-25 10:30:00-05:00,153.196,2019-09-25 11:00:00-05:00,152.994,152.4,-44.44,long: close 153.17 > upper 153.15,exit long: close 153.00 < upper 153.15
2019-09-25,1,21,2019-09-25 11:30:00-05:00,153.626,2019-09-25 14:52:00-05:00,154.154,152.76,110.88,long: close 153.58 > upper 153.22,flatten
2019-09-26,-1,44,2019-09-26 09:00:00-05:00,153.314,2019-09-26 14:52:00-05:00,152.606,153.69,311.52,short: close 153.35 < lower 153.62,flatten
2019-09-27,-1,15,2019-09-27 12:00:00-05:00,151.069,2019-09-27 12:30:00-05:00,151.456,152.3,-58.05,short: close 151.10 < lower 151.38,exit short: close 151.41 > lower 151.35
2019-09-27,-1,14,2019-09-27 13:30:00-05:00,151.024,2019-09-27 14:52:00-05:00,151.136,152.29,-15.68,short: close 151.07 < lower 151.34,flatten
2019-10-03,-1,23,2019-10-03 09:30:00-05:00,145.984,2019-10-03 10:00:00-05:00,146.251,146.76,-61.41,short: close 145.99 < lower 146.18,exit short: close 146.21 > lower 146.05
2019-10-08,-1,16,2019-10-08 09:00:00-05:00,146.619,2019-10-08 10:00:00-05:00,147.081,147.73,-73.92,short: close 146.65 < lower 147.05,exit short: close 147.04 > lower 146.79
2019-10-08,-1,13,2019-10-08 10:30:00-05:00,146.534,2019-10-08 11:00:00-05:00,146.756,147.97,-28.86,short: close 146.56 < lower 146.72,exit short: close 146.71 > lower 146.61
2019-10-10,1,34,2019-10-10 09:00:00-05:00,148.39600000000002,2019-10-10 09:10:00-05:00,147.854,147.89000000000001,-184.28,long: close 148.35 > upper 147.74,stop
2019-10-10,1,29,2019-10-10 09:30:00-05:00,147.916,2019-10-10 11:30:00-05:00,147.684,147.31,-67.28,long: close 147.86 > upper 147.84,exit long: close 147.72 < upper 148.28
2019-10-11,1,12,2019-10-11 09:00:00-05:00,150.686,2019-10-11 14:52:00-05:00,150.814,149.20000000000002,15.36,long: close 150.64 > upper 150.24,flatten
2019-10-14,-1,26,2019-10-14 09:00:00-05:00,149.294,2019-10-14 10:00:00-05:00,149.89600000000002,149.98,-156.52,short: close 149.34 < lower 149.39,exit short: close 149.85 > lower 149.15
2019-10-15,1,22,2019-10-15 09:30:00-05:00,151.281,2019-10-15 14:52:00-05:00,151.264,150.46,-3.74,long: close 151.24 > upper 150.75,flatten
2019-10-17,1,20,2019-10-17 09:00:00-05:00,152.936,2019-10-17 10:00:00-05:00,152.724,152.05,-42.4,long: close 152.87 > upper 152.81,exit long: close 152.77 < upper 153.02
2019-10-17,1,18,2019-10-17 10:30:00-05:00,153.071,2019-10-17 11:00:00-05:00,152.794,152.07,-49.86,long: close 153.02 > upper 152.93,exit long: close 152.83 < upper 153.02
2019-10-18,-1,18,2019-10-18 11:30:00-05:00,151.704,2019-10-18 12:00:00-05:00,152.286,152.70000000000002,-104.76,short: close 151.75 < lower 152.13,exit short: close 152.25 > lower 152.04
2019-10-22,1,26,2019-10-22 13:30:00-05:00,154.906,2019-10-22 14:00:00-05:00,154.394,154.22,-133.12,long: close 154.85 > upper 154.83,exit long: close 154.42 < upper 154.81
2020-02-03,1,16,2020-02-03 09:30:00-06:00,162.836,2020-02-03 10:30:00-06:00,162.154,161.67000000000002,-109.12,long: close 162.80 > upper 162.25,exit long: close 162.20 < upper 162.43
2020-02-07,-1,25,2020-02-07 09:00:00-06:00,165.304,2020-02-07 09:30:00-06:00,165.756,166.02,-113.0,short: close 165.34 < lower 165.89,exit short: close 165.72 > lower 165.60
2020-02-07,-1,17,2020-02-07 10:00:00-06:00,165.254,2020-02-07 11:30:00-06:00,165.631,166.33,-64.09,short: close 165.32 < lower 165.53,exit short: close 165.59 > lower 165.46
2020-02-11,1,16,2020-02-11 09:30:00-06:00,167.611,2020-02-11 10:00:00-06:00,167.344,166.45000000000002,-42.72,long: close 167.58 > upper 167.48,exit long: close 167.38 < upper 167.55
2020-02-14,-1,19,2020-02-14 13:00:00-06:00,167.544,2020-02-14 14:30:00-06:00,167.776,168.51,-44.08,short: close 167.57 < lower 167.66,exit short: close 167.74 > lower 167.52
2020-02-18,-1,21,2020-02-18 11:00:00-06:00,166.454,2020-02-18 11:30:00-06:00,166.876,167.29,-88.62,short: close 166.49 < lower 166.87,exit short: close 166.83 > lower 166.76
2020-02-21,-1,24,2020-02-21 09:00:00-06:00,167.089,2020-02-21 11:00:00-06:00,167.64600000000002,167.85,-133.68,short: close 167.12 < lower 167.72,exit short: close 167.60 > lower 167.47
2020-02-21,-1,15,2020-02-21 13:00:00-06:00,166.974,2020-02-21 14:52:00-06:00,167.216,168.17000000000002,-36.3,short: close 167.02 < lower 167.28,flatten
2020-02-25,-1,25,2020-02-25 09:00:00-06:00,161.199,2020-02-25 14:52:00-06:00,156.486,161.92000000000002,1178.25,short: close 161.24 < lower 161.52,flatten
2020-02-26,1,18,2020-02-26 10:30:00-06:00,158.02100000000002,2020-02-26 10:53:00-06:00,156.994,157.03,-184.86,long: close 157.99 > upper 157.71,stop
2020-02-26,-1,14,2020-02-26 13:00:00-06:00,154.404,2020-02-26 14:52:00-06:00,154.806,155.73,-56.28,short: close 154.48 < lower 155.40,flatten
2020-02-27,-1,8,2020-02-27 09:30:00-06:00,149.60399999999998,2020-02-27 10:00:00-06:00,151.606,151.91,-160.16,short: close 149.65 < lower 150.66,exit short: close 151.58 > lower 150.56
2020-03-02,-1,22,2020-03-02 09:00:00-06:00,146.264,2020-03-02 09:41:00-06:00,147.106,147.07,-185.24,short: close 146.42 < lower 146.76,stop
2020-03-02,1,16,2020-03-02 11:00:00-06:00,149.356,2020-03-02 11:23:00-06:00,148.184,148.22,-187.52,long: close 149.31 > upper 148.70,stop
2020-03-03,-1,31,2020-03-03 09:00:00-06:00,150.304,2020-03-03 09:00:00-06:00,150.89600000000002,150.86,-183.52,short: close 150.34 < lower 150.56,stop
2020-03-03,1,25,2020-03-03 10:00:00-06:00,152.286,2020-03-03 10:04:00-06:00,151.534,151.57,-188.0,long: close 152.29 > upper 151.84,stop
2020-03-05,-1,6,2020-03-05 12:00:00-06:00,146.944,2020-03-05 14:52:00-06:00,146.711,149.83,13.98,short: close 146.97 < lower 147.66,flatten
2020-03-09,-1,3,2020-03-09 10:00:00-05:00,133.094,2020-03-09 10:30:00-05:00,134.846,139.09,-52.56,short: close 133.13 < lower 133.24,exit short: close 134.85 > lower 133.25
2020-03-09,-1,3,2020-03-09 13:00:00-05:00,131.544,2020-03-09 14:52:00-05:00,131.796,137.54,-7.56,short: close 131.59 < lower 132.94,flatten
2020-03-10,-1,6,2020-03-10 10:30:00-05:00,128.964,2020-03-10 11:30:00-05:00,130.066,131.96,-66.12,short: close 128.98 < lower 129.50,exit short: close 130.06 > lower 129.48
2020-03-11,-1,7,2020-03-11 09:00:00-05:00,129.85399999999998,2020-03-11 14:52:00-05:00,125.626,132.32,295.96,short: close 129.91 < lower 130.22,flatten
2020-03-12,-1,3,2020-03-12 09:30:00-05:00,115.024,2020-03-12 10:00:00-05:00,116.366,120.47,-40.26,short: close 115.07 < lower 115.93,exit short: close 116.32 > lower 115.67
2020-03-12,-1,3,2020-03-12 10:30:00-05:00,114.084,2020-03-12 12:00:00-05:00,117.116,120.03,-90.96,short: close 114.12 < lower 115.45,exit short: close 117.08 > lower 115.36
2020-03-17,-1,12,2020-03-17 09:00:00-05:00,101.234,2020-03-17 09:06:00-05:00,102.806,102.77,-188.64,short: close 101.25 < lower 102.59,stop
2020-03-17,1,7,2020-03-17 11:00:00-05:00,108.006,2020-03-17 12:00:00-05:00,106.204,105.29,-126.14,long: close 107.92 > upper 106.87,exit long: close 106.23 < upper 106.34
2020-03-18,-1,4,2020-03-18 12:12:00-05:00,99.075,2020-03-18 14:52:00-05:00,97.936,103.42,45.56,short: close 99.49 < lower 101.64,flatten
2020-03-19,1,13,2020-03-19 09:30:00-05:00,102.561,2020-03-19 09:39:00-05:00,101.06400000000001,101.10000000000001,-194.61,long: close 102.53 > upper 101.70,stop
2020-03-19,1,7,2020-03-19 10:30:00-05:00,104.566,2020-03-19 11:00:00-05:00,102.554,102.09,-140.84,long: close 104.54 > upper 102.72,exit long: close 102.57 < upper 102.79
2020-03-20,1,7,2020-03-20 10:00:00-05:00,108.386,2020-03-20 10:23:00-05:00,105.684,105.72,-189.14,long: close 108.33 > upper 107.68,stop
2020-03-23,-1,9,2020-03-23 10:00:00-05:00,99.584,2020-03-23 12:00:00-05:00,100.906,101.52,-118.98,short: close 99.61 < lower 99.66,exit short: close 100.82 > lower 99.66
2020-03-23,-1,9,2020-03-23 12:30:00-05:00,99.449,2020-03-23 13:30:00-05:00,100.696,101.44,-112.23,short: close 99.50 < lower 99.61,exit short: close 100.70 > lower 98.54
2020-03-24,1,5,2020-03-24 09:30:00-05:00,107.236,2020-03-24 10:00:00-05:00,106.114,103.36,-56.1,long: close 107.18 > upper 106.54,exit long: close 106.13 < upper 107.24
2020-03-24,1,4,2020-03-24 11:30:00-05:00,108.251,2020-03-24 12:00:00-05:00,106.304,103.35000000000001,-77.88,long: close 108.23 > upper 107.59,exit long: close 106.33 < upper 107.13
2020-03-25,-1,15,2020-03-25 09:00:00-05:00,107.954,2020-03-25 10:00:00-05:00,108.626,109.18,-100.8,short: close 108.00 < lower 108.14,exit short: close 108.52 > lower 107.33
2020-03-25,1,9,2020-03-25 12:00:00-05:00,111.526,2020-03-25 13:30:00-05:00,111.67399999999999,109.55,13.32,long: close 111.45 > upper 111.31,exit long: close 111.76 < upper 112.36
2020-03-26,1,10,2020-03-26 09:00:00-05:00,114.286,2020-03-26 14:52:00-05:00,116.304,112.38,201.8,long: close 114.20 > upper 112.69,flatten
2020-04-01,-1,4,2020-04-01 12:00:00-05:00,106.694,2020-04-01 12:30:00-05:00,107.106,111.54,-16.48,short: close 106.76 < lower 106.77,exit short: close 107.08 > lower 106.67
2020-04-02,1,8,2020-04-02 10:00:00-05:00,108.906,2020-04-02 10:30:00-05:00,107.67399999999999,106.71000000000001,-98.56,long: close 108.91 > upper 108.41,exit long: close 107.71 < upper 109.00
2020-04-02,1,7,2020-04-02 11:00:00-05:00,109.026,2020-04-02 11:30:00-05:00,108.28399999999999,106.39,-51.94,long: close 108.97 > upper 108.86,exit long: close 108.31 < upper 109.05
2020-04-03,-1,7,2020-04-03 11:30:00-05:00,103.879,2020-04-03 14:00:00-05:00,104.116,106.65,-16.59,short: close 103.92 < lower 104.40,exit short: close 104.07 > lower 103.97
2020-04-06,1,6,2020-04-06 09:00:00-05:00,111.346,2020-04-06 13:30:00-05:00,110.774,108.10000000000001,-34.32,long: close 111.30 > upper 110.10,exit long: close 110.79 < upper 111.46
2020-04-07,1,6,2020-04-07 09:00:00-05:00,118.546,2020-04-07 09:16:00-05:00,115.374,115.41,-190.32,long: close 118.49 > upper 117.91,stop
2020-04-08,1,6,2020-04-08 10:30:00-05:00,117.106,2020-04-08 14:52:00-05:00,118.624,114.17,91.08,long: close 117.07 > upper 116.83,flatten
2020-04-09,1,6,2020-04-09 09:00:00-05:00,124.551,2020-04-09 09:23:00-05:00,121.574,121.61,-178.62,long: close 124.52 > upper 123.01,stop
2020-04-09,1,4,2020-04-09 12:30:00-05:00,124.386,2020-04-09 13:30:00-05:00,122.774,120.4,-64.48,long: close 124.36 > upper 124.07,exit long: close 122.81 < upper 123.98
2020-04-13,-1,11,2020-04-13 09:00:00-05:00,120.854,2020-04-13 11:30:00-05:00,120.916,122.5,-6.82,short: close 120.89 < lower 121.64,exit short: close 120.87 > lower 120.56
2020-04-13,-1,7,2020-04-13 12:00:00-05:00,119.894,2020-04-13 14:30:00-05:00,120.296,122.49000000000001,-28.14,short: close 119.94 < lower 120.69,exit short: close 120.27 > lower 119.78
2020-04-16,-1,13,2020-04-16 09:00:00-05:00,116.224,2020-04-16 10:00:00-05:00,117.416,117.58,-154.96,short: close 116.26 < lower 116.58,exit short: close 117.35 > lower 116.19
2020-04-16,-1,9,2020-04-16 11:30:00-05:00,115.134,2020-04-16 14:00:00-05:00,115.806,117.10000000000001,-60.48,short: close 115.18 < lower 115.97,exit short: close 115.80 > lower 115.74
2020-04-23,1,11,2020-04-23 09:30:00-05:00,121.706,2020-04-23 11:00:00-05:00,121.724,119.98,1.98,long: close 121.67 > upper 121.44,exit long: close 121.75 < upper 121.83
2020-04-23,1,9,2020-04-23 11:30:00-05:00,122.386,2020-04-23 11:46:00-05:00,120.20400000000001,120.24000000000001,-196.38,long: close 122.34 > upper 121.85,stop
2020-04-27,1,9,2020-04-27 09:00:00-05:00,125.636,2020-04-27 14:52:00-05:00,127.734,123.60000000000001,188.82,long: close 125.59 > upper 125.30,flatten
2020-04-29,1,5,2020-04-29 11:00:00-05:00,135.376,2020-04-29 14:52:00-05:00,135.614,131.59,11.9,long: close 135.34 > upper 135.18,flatten
2020-05-01,-1,7,2020-05-01 09:30:00-05:00,125.974,2020-05-01 10:00:00-05:00,125.816,128.7,11.06,short: close 126.00 < lower 126.02,exit short: close 125.79 > lower 125.70
2020-05-01,-1,6,2020-05-01 10:30:00-05:00,125.03399999999999,2020-05-01 14:52:00-05:00,124.911,128.19,7.38,short: close 125.07 < lower 125.59,flatten
2020-05-05,1,8,2020-05-05 09:00:00-05:00,129.776,2020-05-05 09:30:00-05:00,128.244,127.58,-122.56,long: close 129.72 > upper 129.08,exit long: close 128.28 < upper 129.17
2020-05-08,1,7,2020-05-08 12:00:00-05:00,131.726,2020-05-08 12:30:00-05:00,131.384,129.01,-23.94,long: close 131.68 > upper 131.57,exit long: close 131.42 < upper 131.47
2020-05-08,1,7,2020-05-08 13:30:00-05:00,131.781,2020-05-08 14:52:00-05:00,132.079,129.25,20.86,long: close 131.74 > upper 131.37,flatten
2020-05-12,-1,14,2020-05-12 09:00:00-05:00,130.394,2020-05-12 10:00:00-05:00,130.586,131.66,-26.88,short: close 130.40 < lower 130.67,exit short: close 130.55 > lower 130.55
2020-05-12,-1,11,2020-05-12 12:30:00-05:00,129.994,2020-05-12 13:00:00-05:00,130.676,131.68,-75.02,short: close 130.02 < lower 130.24,exit short: close 130.64 > lower 130.26
2020-05-13,-1,11,2020-05-13 10:00:00-05:00,124.044,2020-05-13 14:52:00-05:00,122.816,125.7,135.08,short: close 124.06 < lower 124.64,flatten
2020-05-14,-1,8,2020-05-14 09:00:00-05:00,117.614,2020-05-14 09:37:00-05:00,119.88600000000001,119.85000000000001,-181.76,short: close 117.64 < lower 119.08,stop
2020-05-15,1,13,2020-05-15 09:30:00-05:00,124.186,2020-05-15 10:00:00-05:00,123.664,122.8,-67.86,long: close 124.17 > upper 123.99,exit long: close 123.71 < upper 124.20
2020-05-15,1,8,2020-05-15 13:00:00-05:00,125.046,2020-05-15 14:00:00-05:00,124.604,122.86,-35.36,long: close 125.00 > upper 124.79,exit long: close 124.61 < upper 125.05
2020-05-18,1,4,2020-05-18 10:30:00-05:00,132.866,2020-05-18 11:00:00-05:00,132.194,128.5,-26.88,long: close 132.82 > upper 132.69,exit long: close 132.23 < upper 133.03
2020-05-20,1,9,2020-05-20 09:30:00-05:00,134.116,2020-05-20 11:30:00-05:00,134.024,131.99,-8.28,long: close 134.07 > upper 133.53,exit long: close 134.07 < upper 134.25
2020-05-22,-1,18,2020-05-22 10:00:00-05:00,133.134,2020-05-22 10:30:00-05:00,133.39600000000002,134.13,-47.16,short: close 133.18 < lower 133.47,exit short: close 133.36 > lower 133.05
2020-05-29,-1,9,2020-05-29 10:00:00-05:00,136.934,2020-05-29 10:30:00-05:00,137.556,138.86,-55.98,short: close 136.98 < lower 137.07,exit short: close 137.53 > lower 136.80
2020-06-01,1,14,2020-06-01 09:30:00-05:00,140.766,2020-06-01 10:30:00-05:00,140.504,139.47,-36.68,long: close 140.72 > upper 140.29,exit long: close 140.56 < upper 140.66
2020-06-01,1,12,2020-06-01 11:00:00-05:00,140.916,2020-06-01 13:30:00-05:00,140.654,139.37,-31.44,long: close 140.88 > upper 140.55,exit long: close 140.70 < upper 140.72
2020-06-03,1,7,2020-06-03 10:30:00-05:00,145.571,2020-06-03 14:30:00-05:00,145.099,142.95000000000002,-33.04,long: close 145.53 > upper 145.14,exit long: close 145.14 < upper 145.21
2020-06-10,-1,22,2020-06-10 09:00:00-05:00,148.234,2020-06-10 13:05:00-05:00,149.096,149.06,-189.64,short: close 148.26 < lower 149.35,stop
2020-06-10,-1,17,2020-06-10 13:30:00-05:00,148.664,2020-06-10 14:52:00-05:00,146.816,149.75,314.16,short: close 148.72 < lower 149.09,flatten
2020-06-11,-1,4,2020-06-11 10:30:00-05:00,138.454,2020-06-11 14:52:00-05:00,135.386,142.69,122.72,short: close 138.49 < lower 138.92,flatten
2020-06-15,1,5,2020-06-15 12:00:00-05:00,139.766,2020-06-15 13:00:00-05:00,138.869,135.99,-44.85,long: close 139.72 > upper 139.62,exit long: close 138.88 < upper 139.89
2020-06-15,1,5,2020-06-15 13:30:00-05:00,141.426,2020-06-15 14:52:00-05:00,140.724,137.59,-35.1,long: close 141.38 > upper 139.68,flatten
2020-06-17,-1,21,2020-06-17 09:00:00-05:00,143.254,2020-06-17 10:00:00-05:00,142.736,144.09,108.78,short: close 143.29 < lower 143.65,exit short: close 142.71 > lower 142.57
2020-06-17,-1,10,2020-06-17 10:30:00-05:00,142.184,2020-06-17 11:00:00-05:00,143.276,144.01,-109.2,short: close 142.24 < lower 142.66,exit short: close 143.22 > lower 142.76
2020-06-24,-1,10,2020-06-24 09:00:00-05:00,139.494,2020-06-24 09:30:00-05:00,140.426,141.32,-93.2,short: close 139.53 < lower 140.23,exit short: close 140.40 > lower 139.85
2020-06-24,-1,7,2020-06-24 10:30:00-05:00,138.064,2020-06-24 14:52:00-05:00,138.296,140.8,-16.24,short: close 138.10 < lower 139.33,flatten
2020-06-26,-1,10,2020-06-26 09:30:00-05:00,137.844,2020-06-26 10:30:00-05:00,137.836,139.63,0.8,short: close 137.90 < lower 138.16,exit short: close 137.77 > lower 137.58
2020-06-26,-1,7,2020-06-26 13:30:00-05:00,136.85399999999998,2020-06-26 14:30:00-05:00,137.261,139.57,-28.49,short: close 136.88 < lower 137.23,exit short: close 137.22 > lower 136.91
2020-06-29,1,8,2020-06-29 09:30:00-05:00,140.706,2020-06-29 10:00:00-05:00,140.704,138.34,-0.16,long: close 140.66 > upper 140.13,exit long: close 140.74 < upper 140.76
2020-06-29,1,6,2020-06-29 10:30:00-05:00,141.096,2020-06-29 13:00:00-05:00,141.024,138.19,-4.32,long: close 141.06 > upper 140.68,exit long: close 141.06 < upper 141.18
2020-07-08,1,28,2020-07-08 09:00:00-05:00,142.046,2020-07-08 09:28:00-05:00,141.38400000000001,141.42000000000002,-185.36,long: close 141.98 > upper 141.41,stop
2020-07-09,-1,28,2020-07-09 09:00:00-05:00,140.654,2020-07-09 09:08:00-05:00,141.326,141.29,-188.16,short: close 140.69 < lower 141.34,stop
2020-07-09,-1,17,2020-07-09 09:30:00-05:00,139.924,2020-07-09 14:52:00-05:00,139.286,141.02,108.46,short: close 139.97 < lower 140.88,flatten
2020-07-10,1,27,2020-07-10 09:00:00-05:00,139.806,2020-07-10 09:01:00-05:00,139.114,139.15,-186.84,long: close 139.82 > upper 139.76,stop
2020-07-10,1,13,2020-07-10 10:00:00-05:00,140.566,2020-07-10 10:30:00-05:00,140.514,139.16,-6.76,long: close 140.55 > upper 140.51,exit long: close 140.56 < upper 140.79
2020-07-14,1,13,2020-07-14 13:30:00-05:00,141.036,2020-07-14 14:30:00-05:00,140.804,139.64000000000001,-30.16,long: close 140.99 > upper 140.87,exit long: close 140.84 < upper 141.27
2020-07-15,1,6,2020-07-15 09:30:00-05:00,146.516,2020-07-15 10:30:00-05:00,146.674,143.72,9.48,long: close 146.47 > upper 146.44,exit long: close 146.74 < upper 147.08
2020-07-15,1,6,2020-07-15 13:30:00-05:00,147.046,2020-07-15 14:52:00-05:00,147.304,143.82,15.48,long: close 147.01 > upper 146.88,flatten
2020-07-21,1,13,2020-07-21 09:00:00-05:00,148.916,2020-07-21 09:28:00-05:00,147.454,147.49,-190.06,long: close 148.87 > upper 148.14,stop
2020-07-21,1,9,2020-07-21 10:30:00-05:00,148.89600000000002,2020-07-21 11:00:00-05:00,148.314,146.82,-52.38,long: close 148.84 > upper 148.80,exit long: close 148.35 < upper 148.64
2020-07-23,1,21,2020-07-23 09:00:00-05:00,149.056,2020-07-23 09:30:00-05:00,148.864,148.22,-40.32,long: close 148.99 > upper 148.92,exit long: close 148.90 < upper 148.98
2020-07-23,1,14,2020-07-23 10:30:00-05:00,149.656,2020-07-23 12:00:00-05:00,149.1933,148.39000000000001,-64.78,long: close 149.60 > upper 149.35,exit long: close 149.23 < upper 149.27
2020-07-24,-1,12,2020-07-24 12:30:00-05:00,146.019,2020-07-24 13:30:00-05:00,146.656,147.53,-76.44,short: close 146.06 < lower 146.29,exit short: close 146.63 > lower 146.43
2020-07-27,1,24,2020-07-27 09:30:00-05:00,147.111,2020-07-27 10:00:00-05:00,146.524,146.36,-140.88,long: close 147.08 > upper 146.86,exit long: close 146.56 < upper 147.16
2020-07-29,1,13,2020-07-29 10:30:00-05:00,148.276,2020-07-29 14:52:00-05:00,148.914,146.88,82.94,long: close 148.23 > upper 147.97,flatten
2020-07-31,-1,21,2020-07-31 09:30:00-05:00,145.724,2020-07-31 14:45:00-05:00,146.626,146.59,-189.42,short: close 145.76 < lower 147.60,stop
2020-08-03,1,13,2020-08-03 11:00:00-05:00,149.276,2020-08-03 11:30:00-05:00,149.024,147.91,-32.76,long: close 149.25 > upper 149.18,exit long: close 149.07 < upper 149.29
2020-08-03,1,13,2020-08-03 12:30:00-05:00,149.386,2020-08-03 14:52:00-05:00,149.524,147.97,17.94,long: close 149.34 > upper 149.24,flatten
2020-08-04,1,17,2020-08-04 13:00:00-05:00,150.796,2020-08-04 13:30:00-05:00,150.244,149.73,-93.84,long: close 150.76 > upper 150.67,exit long: close 150.27 < upper 150.69
2020-08-05,1,11,2020-08-05 13:30:00-05:00,153.266,2020-08-05 14:52:00-05:00,153.414,151.67000000000002,16.28,long: close 153.24 > upper 153.17,flatten
2020-08-07,1,25,2020-08-07 09:30:00-05:00,154.866,2020-08-07 13:30:00-05:00,154.579,154.16,-71.75,long: close 154.83 > upper 154.31,exit long: close 154.61 < upper 154.65
2020-08-10,1,24,2020-08-10 09:00:00-05:00,157.906,2020-08-10 14:52:00-05:00,157.544,157.15,-86.88,long: close 157.87 > upper 157.18,flatten
2020-08-13,1,24,2020-08-13 09:00:00-05:00,158.176,2020-08-13 09:30:00-05:00,157.904,157.45000000000002,-65.28,long: close 158.14 > upper 157.98,exit long: close 157.93 < upper 158.23
2020-08-18,-1,32,2020-08-18 09:00:00-05:00,156.60399999999998,2020-08-18 14:52:00-05:00,156.276,157.15,104.96,short: close 156.62 < lower 157.33,flatten
2020-08-21,-1,18,2020-08-21 09:30:00-05:00,154.114,2020-08-21 10:30:00-05:00,154.526,155.11,-74.16,short: close 154.15 < lower 154.45,exit short: close 154.47 > lower 154.34
2020-08-21,-1,15,2020-08-21 12:00:00-05:00,153.714,2020-08-21 13:00:00-05:00,154.301,154.9,-88.05,short: close 153.75 < lower 154.26,exit short: close 154.27 > lower 154.15
2020-09-04,-1,10,2020-09-04 09:30:00-05:00,151.119,2020-09-04 13:38:00-05:00,152.946,152.91,-182.7,short: close 151.15 < lower 152.98,stop
2020-09-10,-1,14,2020-09-10 13:30:00-05:00,150.794,2020-09-10 14:00:00-05:00,151.576,152.13,-109.48,short: close 150.84 < lower 151.11,exit short: close 151.54 > lower 151.13
2020-09-11,-1,12,2020-09-11 12:30:00-05:00,148.464,2020-09-11 14:30:00-05:00,149.506,149.99,-125.04,short: close 148.51 < lower 149.01,exit short: close 149.45 > lower 149.09
2020-09-14,1,13,2020-09-14 09:00:00-05:00,152.026,2020-09-14 14:52:00-05:00,153.22899999999998,150.61,156.39,long: close 151.99 > upper 151.29,flatten
2020-09-16,1,14,2020-09-16 09:30:00-05:00,155.116,2020-09-16 10:00:00-05:00,154.624,153.83,-68.88,long: close 155.07 > upper 155.04,exit long: close 154.65 < upper 155.21
2020-09-16,1,12,2020-09-16 10:30:00-05:00,155.716,2020-09-16 14:30:00-05:00,155.014,154.17000000000002,-84.24,long: close 155.67 > upper 155.30,exit long: close 155.05 < upper 155.45
2020-09-18,1,16,2020-09-18 09:30:00-05:00,155.216,2020-09-18 10:00:00-05:00,154.394,154.06,-131.52,long: close 155.17 > upper 155.01,exit long: close 154.43 < upper 155.16
2020-09-18,-1,12,2020-09-18 12:30:00-05:00,151.514,2020-09-18 13:00:00-05:00,152.236,153.1,-86.64,short: close 151.55 < lower 152.26,exit short: close 152.19 > lower 152.16
2020-09-21,-1,6,2020-09-21 09:30:00-05:00,147.649,2020-09-21 14:52:00-05:00,147.926,150.46,-16.62,short: close 147.69 < lower 148.73,flatten
2020-09-22,-1,12,2020-09-22 10:00:00-05:00,146.774,2020-09-22 10:30:00-05:00,147.206,148.29,-51.84,short: close 146.81 < lower 146.81,exit short: close 147.16 > lower 146.65
2020-09-23,-1,10,2020-09-23 13:30:00-05:00,145.584,2020-09-23 14:52:00-05:00,144.311,147.49,127.3,short: close 145.63 < lower 146.83,flatten
2020-09-24,-1,25,2020-09-24 09:00:00-05:00,143.214,2020-09-24 09:00:00-05:00,143.966,143.93,-188.0,short: close 143.25 < lower 143.36,stop
2020-09-24,1,11,2020-09-24 12:30:00-05:00,146.366,2020-09-24 13:00:00-05:00,145.614,144.72,-82.72,long: close 146.32 > upper 145.73,exit long: close 145.65 < upper 145.81
2020-09-25,1,18,2020-09-25 09:00:00-05:00,145.066,2020-09-25 10:30:00-05:00,145.094,144.04,5.04,long: close 145.03 > upper 144.78,exit long: close 145.12 < upper 145.16
2020-09-25,1,11,2020-09-25 12:00:00-05:00,145.676,2020-09-25 14:52:00-05:00,146.204,144.05,58.08,long: close 145.65 > upper 145.39,flatten
2020-09-28,1,10,2020-09-28 09:30:00-05:00,149.436,2020-09-28 12:30:00-05:00,149.564,147.67000000000002,12.8,long: close 149.40 > upper 149.15,exit long: close 149.59 < upper 149.84
2020-09-28,1,7,2020-09-28 13:30:00-05:00,149.976,2020-09-28 14:52:00-05:00,150.044,147.48,4.76,long: close 149.94 > upper 149.89,flatten
2020-09-29,-1,17,2020-09-29 10:00:00-05:00,148.434,2020-09-29 11:30:00-05:00,149.026,149.52,-100.64,short: close 148.46 < lower 148.85,exit short: close 148.99 > lower 148.73
2020-09-30,1,19,2020-09-30 09:00:00-05:00,151.096,2020-09-30 12:30:00-05:00,151.089,150.13,-1.33,long: close 151.05 > upper 150.58,exit long: close 151.12 < upper 151.40
2020-10-05,1,12,2020-10-05 09:00:00-05:00,155.426,2020-10-05 14:52:00-05:00,157.234,153.91,216.96,long: close 155.37 > upper 155.19,flatten
2020-10-06,1,8,2020-10-06 13:00:00-05:00,160.176,2020-10-06 13:55:00-05:00,157.844,157.88,-186.56,long: close 160.15 > upper 160.08,stop
2020-10-07,1,10,2020-10-07 09:00:00-05:00,159.576,2020-10-07 10:00:00-05:00,159.494,157.83,-8.2,long: close 159.53 > upper 159.37,exit long: close 159.54 < upper 159.82
2020-10-14,-1,14,2020-10-14 13:30:00-05:00,161.424,2020-10-14 14:30:00-05:00,161.736,162.77,-43.68,short: close 161.47 < lower 161.49,exit short: close 161.70 > lower 161.31
2020-10-15,1,9,2020-10-15 13:00:00-05:00,162.426,2020-10-15 14:52:00-05:00,162.794,160.38,33.12,long: close 162.40 > upper 162.27,flatten
2020-10-20,1,15,2020-10-20 09:00:00-05:00,162.446,2020-10-20 09:30:00-05:00,161.544,161.24,-135.3,long: close 162.42 > upper 162.20,exit long: close 161.55 < upper 162.34
2020-10-21,-1,22,2020-10-21 11:00:00-05:00,159.694,2020-10-21 11:22:00-05:00,160.556,160.52,-189.64,short: close 159.68 < lower 159.97,stop
2020-10-21,-1,17,2020-10-21 12:00:00-05:00,159.634,2020-10-21 12:30:00-05:00,159.956,160.70000000000002,-54.74,short: close 159.67 < lower 159.74,exit short: close 159.91 > lower 159.64
2020-10-22,1,13,2020-10-22 13:00:00-05:00,161.581,2020-10-22 14:52:00-05:00,161.964,160.12,49.79,long: close 161.55 > upper 161.20,flatten
2020-10-26,-1,12,2020-10-26 09:30:00-05:00,160.394,2020-10-26 14:52:00-05:00,159.016,161.92000000000002,165.36,short: close 160.43 < lower 160.47,flatten
2020-10-27,-1,26,2020-10-27 10:30:00-05:00,158.609,2020-10-27 11:00:00-05:00,159.006,159.28,-103.22,short: close 158.65 < lower 158.83,exit short: close 158.97 > lower 158.68
2020-10-27,-1,19,2020-10-27 12:00:00-05:00,158.454,2020-10-27 12:30:00-05:00,158.656,159.43,-38.38,short: close 158.51 < lower 158.52,exit short: close 158.62 > lower 158.49
2020-10-28,-1,9,2020-10-28 09:30:00-05:00,153.634,2020-10-28 11:00:00-05:00,154.486,155.77,-76.68,short: close 153.67 < lower 154.28,exit short: close 154.46 > lower 153.95
2020-10-28,-1,7,2020-10-28 12:30:00-05:00,153.584,2020-10-28 13:00:00-05:00,154.096,156.28,-35.84,short: close 153.62 < lower 153.73,exit short: close 154.07 > lower 153.78
2020-10-29,1,22,2020-10-29 10:00:00-05:00,154.026,2020-10-29 11:00:00-05:00,153.794,153.20000000000002,-51.04,long: close 154.00 > upper 153.87,exit long: close 153.78 < upper 153.97
2020-10-29,1,16,2020-10-29 13:00:00-05:00,154.826,2020-10-29 14:52:00-05:00,155.324,153.67000000000002,79.68,long: close 154.80 > upper 154.21,flatten
2020-10-30,-1,22,2020-10-30 09:30:00-05:00,153.014,2020-10-30 14:52:00-05:00,152.14600000000002,153.82,190.96,short: close 153.05 < lower 153.89,flatten
2020-11-02,1,15,2020-11-02 09:00:00-06:00,155.246,2020-11-02 10:00:00-06:00,154.754,154.05,-73.8,long: close 155.15 > upper 155.10,exit long: close 154.81 < upper 155.43
2020-11-02,1,12,2020-11-02 11:30:00-06:00,155.736,2020-11-02 12:00:00-06:00,154.644,154.15,-131.04,long: close 155.70 > upper 155.50,exit long: close 154.67 < upper 155.77
2020-11-03,1,11,2020-11-03 09:00:00-06:00,159.796,2020-11-03 09:30:00-06:00,158.904,158.06,-98.12,long: close 159.77 > upper 158.86,exit long: close 158.93 < upper 158.93
2020-11-03,1,9,2020-11-03 11:00:00-06:00,159.366,2020-11-03 12:00:00-06:00,159.004,157.22,-32.58,long: close 159.33 > upper 159.28,exit long: close 159.03 < upper 159.49
2020-11-04,1,9,2020-11-04 10:30:00-06:00,161.096,2020-11-04 12:30:00-06:00,160.884,159.06,-19.08,long: close 161.06 > upper 161.05,exit long: close 160.91 < upper 161.39
2020-11-05,1,14,2020-11-05 09:00:00-06:00,163.196,2020-11-05 14:52:00-06:00,165.184,161.86,278.32,long: close 163.19 > upper 162.57,flatten
2020-11-06,-1,19,2020-11-06 09:00:00-06:00,164.284,2020-11-06 09:30:00-06:00,165.106,165.25,-156.18,short: close 164.33 < lower 164.34,exit short: close 165.08 > lower 164.13
2020-11-11,-1,15,2020-11-11 09:00:00-06:00,171.194,2020-11-11 10:00:00-06:00,171.431,172.42000000000002,-35.55,short: close 171.24 < lower 171.74,exit short: close 171.40 > lower 171.18
2020-11-12,-1,8,2020-11-12 12:30:00-06:00,168.814,2020-11-12 13:00:00-06:00,170.256,171.1,-115.36,short: close 168.86 < lower 169.74,exit short: close 170.22 > lower 169.67
2020-11-12,-1,8,2020-11-12 13:30:00-06:00,169.324,2020-11-12 14:52:00-06:00,169.366,171.70000000000002,-3.36,short: close 169.37 < lower 169.66,flatten
2020-11-13,1,11,2020-11-13 09:00:00-06:00,172.816,2020-11-13 10:00:00-06:00,171.914,171.15,-99.22,long: close 172.81 > upper 172.32,exit long: close 171.94 < upper 172.86
2020-11-17,-1,10,2020-11-17 09:00:00-06:00,174.294,2020-11-17 09:30:00-06:00,174.946,176.19,-65.2,short: close 174.34 < lower 174.92,exit short: close 174.88 > lower 174.65
2020-11-23,1,7,2020-11-23 13:00:00-06:00,181.096,2020-11-23 13:30:00-06:00,180.814,178.67000000000002,-19.74,long: close 181.06 > upper 180.76,exit long: close 180.84 < upper 181.00
2020-11-24,1,6,2020-11-24 12:30:00-06:00,185.1659,2020-11-24 13:00:00-06:00,184.1733,182.26,-59.56,long: close 185.12 > upper 185.02,exit long: close 184.20 < upper 185.05
2020-11-30,-1,14,2020-11-30 09:30:00-06:00,181.984,2020-11-30 14:52:00-06:00,181.366,183.28,86.52,short: close 182.02 < lower 182.93,flatten
2020-12-03,1,22,2020-12-03 09:30:00-06:00,184.156,2020-12-03 14:00:00-06:00,184.624,183.36,102.96,long: close 184.11 > upper 183.91,exit long: close 184.68 < upper 184.69
2020-12-04,1,16,2020-12-04 09:00:00-06:00,185.866,2020-12-04 14:52:00-06:00,188.234,184.76,378.88,long: close 185.83 > upper 185.58,flatten
2020-12-08,1,13,2020-12-08 10:30:00-06:00,189.266,2020-12-08 14:52:00-06:00,190.714,187.84,188.24,long: close 189.24 > upper 189.15,flatten
2020-12-09,-1,10,2020-12-09 12:30:00-06:00,189.494,2020-12-09 14:00:00-06:00,189.706,191.31,-21.2,short: close 189.53 < lower 189.58,exit short: close 189.70 > lower 189.41
2020-12-10,1,14,2020-12-10 09:30:00-06:00,190.206,2020-12-10 10:30:00-06:00,190.174,188.87,-4.48,long: close 190.18 > upper 189.89,exit long: close 190.22 < upper 190.30
2020-12-10,1,9,2020-12-10 12:30:00-06:00,190.936,2020-12-10 13:00:00-06:00,190.60399999999998,188.81,-29.88,long: close 190.91 > upper 190.69,exit long: close 190.60 < upper 190.74
2020-12-14,1,13,2020-12-14 09:00:00-06:00,192.616,2020-12-14 09:30:00-06:00,192.494,191.17000000000002,-15.86,long: close 192.59 > upper 192.58,exit long: close 192.54 < upper 192.77
2020-12-15,1,8,2020-12-15 12:00:00-06:00,193.371,2020-12-15 12:30:00-06:00,193.114,191.11,-20.56,long: close 193.34 > upper 193.13,exit long: close 193.15 < upper 193.27
2020-12-15,1,8,2020-12-15 13:00:00-06:00,193.786,2020-12-15 14:52:00-06:00,194.044,191.41,20.64,long: close 193.75 > upper 193.25,flatten
2020-12-22,1,16,2020-12-22 09:30:00-06:00,197.296,2020-12-22 10:39:00-06:00,196.154,196.19,-182.72,long: close 197.24 > upper 196.75,stop
2020-12-29,-1,19,2020-12-29 09:00:00-06:00,195.544,2020-12-29 14:52:00-06:00,194.446,196.51,208.62,short: close 195.57 < lower 197.48,flatten
2020-12-30,1,15,2020-12-30 09:00:00-06:00,196.976,2020-12-30 12:30:00-06:00,196.599,195.8,-56.55,long: close 196.93 > upper 195.89,exit long: close 196.64 < upper 196.75
2020-12-31,-1,18,2020-12-31 09:00:00-06:00,194.894,2020-12-31 09:30:00-06:00,195.836,195.91,-169.56,short: close 194.92 < lower 195.52,exit short: close 195.78 > lower 195.26
2021-01-04,-1,11,2021-01-04 10:00:00-06:00,192.754,2021-01-04 14:52:00-06:00,193.281,194.46,-57.97,short: close 192.78 < lower 195.11,flatten
2021-01-05,1,16,2021-01-05 09:00:00-06:00,195.386,2021-01-05 14:52:00-06:00,196.8936,194.27,241.22,long: close 195.08 > upper 194.39,flatten
2021-01-06,1,7,2021-01-06 09:00:00-06:00,201.041,2021-01-06 14:52:00-06:00,203.974,198.49,205.31,long: close 200.99 > upper 200.55,flatten
2021-01-07,1,10,2021-01-07 09:00:00-06:00,207.216,2021-01-07 11:00:00-06:00,207.034,205.47,-18.2,long: close 207.14 > upper 206.87,exit long: close 207.04 < upper 207.66
2021-01-08,-1,6,2021-01-08 13:00:00-06:00,205.144,2021-01-08 13:30:00-06:00,206.656,208.14000000000001,-90.72,short: close 205.20 < lower 205.76,exit short: close 206.62 > lower 205.83
2021-01-12,1,10,2021-01-12 09:00:00-06:00,209.926,2021-01-12 09:30:00-06:00,209.784,208.13,-14.2,long: close 209.87 > upper 209.80,exit long: close 209.78 < upper 210.23
2021-01-14,1,9,2021-01-14 09:00:00-06:00,212.756,2021-01-14 12:00:00-06:00,213.734,210.63,88.02,long: close 212.73 > upper 212.62,exit long: close 213.78 < upper 213.82
2021-01-14,1,6,2021-01-14 12:30:00-06:00,214.076,2021-01-14 14:52:00-06:00,213.994,210.82,-4.92,long: close 214.05 > upper 213.75,flatten
2021-01-21,-1,12,2021-01-21 09:00:00-06:00,212.574,2021-01-21 09:30:00-06:00,212.921,214.1,-41.64,short: close 212.61 < lower 213.04,exit short: close 212.89 > lower 212.60
2021-01-25,1,10,2021-01-25 09:30:00-06:00,217.476,2021-01-25 09:58:00-06:00,215.674,215.71,-180.2,long: close 217.44 > upper 216.75,stop
2021-01-25,-1,9,2021-01-25 10:30:00-06:00,212.814,2021-01-25 11:00:00-06:00,214.226,214.83,-127.08,short: close 212.84 < lower 212.96,exit short: close 214.19 > lower 212.72
2021-01-26,-1,7,2021-01-26 11:00:00-06:00,212.784,2021-01-26 11:30:00-06:00,213.606,215.45000000000002,-57.54,short: close 212.80 < lower 212.86,exit short: close 213.59 > lower 212.66
2021-01-28,1,10,2021-01-28 09:00:00-06:00,212.046,2021-01-28 09:30:00-06:00,211.379,210.29,-66.7,long: close 212.00 > upper 211.89,exit long: close 211.45 < upper 212.37
2021-01-29,-1,8,2021-01-29 12:00:00-06:00,205.714,2021-01-29 14:52:00-06:00,206.366,207.94,-52.16,short: close 205.76 < lower 206.99,flatten
2021-02-01,1,6,2021-02-01 13:30:00-06:00,210.716,2021-02-01 14:52:00-06:00,211.234,207.76,31.08,long: close 210.66 > upper 209.85,flatten
2021-02-03,-1,13,2021-02-03 09:30:00-06:00,211.934,2021-02-03 11:00:00-06:00,212.956,213.36,-132.86,short: close 211.97 < lower 212.23,exit short: close 212.91 > lower 212.34
2021-02-04,1,13,2021-02-04 09:00:00-06:00,216.506,2021-02-04 09:30:00-06:00,216.35399999999998,215.11,-19.76,long: close 216.47 > upper 216.06,exit long: close 216.38 < upper 216.54
2021-02-04,1,11,2021-02-04 10:00:00-06:00,217.516,2021-02-04 14:52:00-06:00,218.204,215.84,75.68,long: close 217.48 > upper 216.34,flatten
2021-02-08,1,9,2021-02-08 09:00:00-06:00,225.406,2021-02-08 14:52:00-06:00,227.064,223.32,149.22,long: close 225.38 > upper 224.82,flatten
2021-02-09,1,9,2021-02-09 12:00:00-06:00,229.196,2021-02-09 12:30:00-06:00,228.434,227.24,-68.58,long: close 229.18 > upper 229.16,exit long: close 228.46 < upper 229.01
2021-02-10,-1,8,2021-02-10 09:30:00-06:00,226.864,2021-02-10 10:00:00-06:00,227.276,229.03,-32.96,short: close 226.91 < lower 227.00,exit short: close 227.23 > lower 227.01
2021-02-11,-1,8,2021-02-11 11:30:00-06:00,223.594,2021-02-11 12:00:00-06:00,225.236,225.98000000000002,-131.36,short: close 223.65 < lower 225.12,exit short: close 225.17 > lower 224.88
2021-02-16,-1,8,2021-02-16 11:00:00-06:00,225.834,2021-02-16 11:30:00-06:00,226.39600000000002,228.25,-44.96,short: close 225.87 < lower 225.92,exit short: close 226.36 > lower 225.37
2021-02-17,-1,7,2021-02-17 10:30:00-06:00,222.014,2021-02-17 11:00:00-06:00,222.516,224.51,-35.14,short: close 222.06 < lower 222.23,exit short: close 222.45 > lower 222.37
2021-02-18,-1,9,2021-02-18 09:30:00-06:00,220.184,2021-02-18 10:16:00-06:00,222.246,222.21,-185.58,short: close 220.22 < lower 221.19,stop
2021-02-18,-1,8,2021-02-18 10:30:00-06:00,220.474,2021-02-18 11:30:00-06:00,220.586,222.75,-8.96,short: close 220.52 < lower 220.95,exit short: close 220.57 > lower 220.53
2021-02-19,1,11,2021-02-19 09:00:00-06:00,223.726,2021-02-19 14:52:00-06:00,224.744,222.03,111.98,long: close 223.70 > upper 223.20,flatten
2021-02-23,-1,8,2021-02-23 09:00:00-06:00,218.204,2021-02-23 09:30:00-06:00,219.926,220.4,-137.76,short: close 218.30 < lower 220.14,exit short: close 219.92 > lower 219.61
2021-02-23,-1,6,2021-02-23 10:30:00-06:00,219.124,2021-02-23 11:30:00-06:00,219.186,222.0,-3.72,short: close 219.18 < lower 219.47,exit short: close 219.16 > lower 218.96
2021-02-24,1,14,2021-02-24 09:00:00-06:00,223.586,2021-02-24 09:08:00-06:00,222.254,222.29,-186.48,long: close 223.52 > upper 223.46,stop
2021-02-24,1,11,2021-02-24 10:00:00-06:00,224.616,2021-02-24 14:52:00-06:00,227.064,222.91,269.28,long: close 224.56 > upper 223.86,flatten
2021-02-25,-1,12,2021-02-25 10:00:00-06:00,224.35399999999998,2021-02-25 14:52:00-06:00,219.316,225.82,604.56,short: close 224.39 < lower 225.42,flatten
2021-02-26,-1,11,2021-02-26 09:30:00-06:00,214.964,2021-02-26 09:38:00-06:00,216.686,216.65,-189.42,short: close 215.00 < lower 217.33,stop
2021-02-26,1,7,2021-02-26 12:30:00-06:00,221.766,2021-02-26 13:00:00-06:00,219.964,219.33,-126.14,long: close 221.73 > upper 221.45,exit long: close 219.96 < upper 221.71
2021-03-01,1,4,2021-03-01 12:30:00-06:00,225.626,2021-03-01 14:52:00-06:00,225.894,220.96,10.72,long: close 225.62 > upper 225.59,flatten
2021-03-02,-1,20,2021-03-02 09:00:00-06:00,224.544,2021-03-02 12:00:00-06:00,223.231,225.46,262.6,short: close 224.58 < lower 225.04,exit short: close 223.19 > lower 223.15
2021-03-02,-1,8,2021-03-02 12:30:00-06:00,223.464,2021-03-02 13:00:00-06:00,223.716,225.77,-20.16,short: close 223.50 < lower 223.65,exit short: close 223.69 > lower 223.55
2021-03-04,-1,6,2021-03-04 12:00:00-06:00,213.774,2021-03-04 14:52:00-06:00,213.566,216.62,12.48,short: close 213.82 < lower 216.03,flatten
2021-03-05,-1,6,2021-03-05 09:30:00-06:00,210.934,2021-03-05 11:30:00-06:00,212.916,214.17000000000002,-118.92,short: close 210.95 < lower 211.85,exit short: close 212.89 > lower 211.13
2021-03-08,1,7,2021-03-08 10:00:00-06:00,221.636,2021-03-08 10:30:00-06:00,221.664,219.05,1.96,long: close 221.60 > upper 221.09,exit long: close 221.70 < upper 221.77
2021-03-08,1,6,2021-03-08 11:30:00-06:00,222.096,2021-03-08 12:00:00-06:00,221.304,218.84,-47.52,long: close 222.03 > upper 221.76,exit long: close 221.28 < upper 222.12
2021-03-10,1,8,2021-03-10 09:00:00-06:00,227.926,2021-03-10 09:30:00-06:00,226.574,225.69,-108.16,long: close 227.86 > upper 226.67,exit long: close 226.61 < upper 227.58
2021-03-10,1,5,2021-03-10 11:00:00-06:00,228.056,2021-03-10 11:30:00-06:00,226.894,224.55,-58.1,long: close 227.99 > upper 227.95,exit long: close 226.92 < upper 228.13
2021-03-11,1,6,2021-03-11 10:00:00-06:00,231.526,2021-03-11 10:30:00-06:00,231.584,228.49,3.48,long: close 231.46 > upper 231.46,exit long: close 231.62 < upper 232.10
2021-03-16,-1,15,2021-03-16 09:00:00-05:00,232.404,2021-03-16 10:30:00-05:00,232.246,233.59,23.7,short: close 232.45 < lower 233.04,exit short: close 232.20 > lower 231.63
2021-03-16,-1,7,2021-03-16 11:30:00-05:00,231.054,2021-03-16 12:00:00-05:00,231.826,233.52,-54.04,short: close 231.08 < lower 231.76,exit short: close 231.78 > lower 231.57
2021-03-19,1,9,2021-03-19 11:00:00-05:00,227.866,2021-03-19 13:30:00-05:00,226.899,225.93,-87.03,long: close 227.84 > upper 226.87,exit long: close 226.93 < upper 227.47
2021-03-22,-1,14,2021-03-22 09:00:00-05:00,225.274,2021-03-22 12:00:00-05:00,225.286,226.59,-1.68,short: close 225.30 < lower 226.00,exit short: close 225.22 > lower 225.19
2021-03-23,-1,7,2021-03-23 10:00:00-05:00,221.299,2021-03-23 10:30:00-05:00,221.886,224.04,-41.09,short: close 221.34 < lower 221.46,exit short: close 221.85 > lower 221.00
2021-03-23,-1,7,2021-03-23 11:00:00-05:00,220.794,2021-03-23 12:00:00-05:00,221.506,223.46,-49.84,short: close 220.81 < lower 221.53,exit short: close 221.48 > lower 221.41
2021-03-25,1,6,2021-03-25 11:30:00-05:00,214.656,2021-03-25 13:00:00-05:00,213.414,211.53,-74.52,long: close 214.59 > upper 213.81,exit long: close 213.48 < upper 213.52
2021-03-26,1,9,2021-03-26 09:30:00-05:00,220.306,2021-03-26 10:00:00-05:00,218.964,218.21,-120.78,long: close 220.26 > upper 219.93,exit long: close 219.00 < upper 220.31
2021-03-29,-1,10,2021-03-29 09:30:00-05:00,217.324,2021-03-29 14:30:00-05:00,216.456,219.1,86.8,short: close 217.36 < lower 218.04,exit short: close 216.41 > lower 216.11
2021-03-30,1,17,2021-03-30 09:30:00-05:00,215.496,2021-03-30 14:52:00-05:00,217.704,214.45000000000002,375.36,long: close 215.46 > upper 215.43,flatten
2021-03-31,1,15,2021-03-31 09:00:00-05:00,220.426,2021-03-31 09:30:00-05:00,220.074,219.19,-52.8,long: close 220.38 > upper 219.85,exit long: close 220.11 < upper 220.22
2021-03-31,1,7,2021-03-31 12:30:00-05:00,221.216,2021-03-31 13:30:00-05:00,221.454,218.73000000000002,16.66,long: close 221.19 > upper 221.10,exit long: close 221.48 < upper 221.56
2021-04-01,1,10,2021-04-01 09:30:00-05:00,223.506,2021-04-01 10:00:00-05:00,222.774,221.72,-73.2,long: close 223.46 > upper 223.45,exit long: close 222.81 < upper 223.78
2021-04-06,1,22,2021-04-06 09:00:00-05:00,226.276,2021-04-06 10:00:00-05:00,225.904,225.46,-81.84,long: close 226.23 > upper 225.78,exit long: close 225.95 < upper 226.52
2021-04-07,-1,22,2021-04-07 09:00:00-05:00,222.764,2021-04-07 09:30:00-05:00,223.256,223.57,-108.24,short: close 222.78 < lower 223.47,exit short: close 223.20 > lower 223.13
2021-04-07,-1,12,2021-04-07 10:00:00-05:00,222.284,2021-04-07 14:00:00-05:00,221.346,223.75,112.56,short: close 222.33 < lower 222.81,exit short: close 221.30 > lower 221.29
2021-04-12,-1,19,2021-04-12 09:00:00-05:00,220.501,2021-04-12 10:19:00-05:00,221.506,221.47,-190.95,short: close 220.51 < lower 221.69,stop
2021-04-13,-1,18,2021-04-13 09:00:00-05:00,220.194,2021-04-13 09:27:00-05:00,221.246,221.21,-189.36,short: close 220.24 < lower 220.58,stop
2021-04-13,-1,12,2021-04-13 10:30:00-05:00,220.034,2021-04-13 11:00:00-05:00,220.2059,221.55,-20.63,short: close 220.02 < lower 220.08,exit short: close 220.17 > lower 219.97
2021-04-14,1,14,2021-04-14 09:00:00-05:00,225.107,2021-04-14 12:59:00-05:00,223.754,223.79,-189.42,long: close 225.08 > upper 222.83,stop
2021-04-14,1,8,2021-04-14 13:00:00-05:00,223.956,2021-04-14 14:00:00-05:00,223.174,221.77,-62.56,long: close 223.91 > upper 223.70,exit long: close 223.23 < upper 224.14
2021-04-19,-1,10,2021-04-19 09:30:00-05:00,222.034,2021-04-19 14:52:00-05:00,220.966,223.89000000000001,106.8,short: close 222.06 < lower 222.37,flatten
2021-04-20,-1,9,2021-04-20 10:00:00-05:00,216.974,2021-04-20 14:52:00-05:00,217.426,219.04,-40.68,short: close 217.01 < lower 219.20,flatten
2021-04-21,1,13,2021-04-21 09:00:00-05:00,219.006,2021-04-21 14:52:00-05:00,222.054,217.55,396.24,long: close 218.98 > upper 218.64,flatten
2021-04-22,1,8,2021-04-22 12:00:00-05:00,225.336,2021-04-22 12:11:00-05:00,223.014,223.05,-185.76,long: close 225.31 > upper 225.20,stop
2021-04-23,1,9,2021-04-23 09:00:00-05:00,224.556,2021-04-23 14:52:00-05:00,226.129,222.52,141.57,long: close 224.52 > upper 224.26,flatten
2021-04-29,-1,6,2021-04-29 11:30:00-05:00,226.204,2021-04-29 12:00:00-05:00,226.9575,229.04,-45.21,short: close 226.24 < lower 227.02,exit short: close 226.92 > lower 226.87
2021-04-29,-1,6,2021-04-29 13:00:00-05:00,226.674,2021-04-29 13:30:00-05:00,227.64600000000002,229.58,-58.32,short: close 226.70 < lower 226.95,exit short: close 227.61 > lower 227.01
2021-05-04,-1,9,2021-05-04 09:00:00-05:00,221.614,2021-05-04 09:30:00-05:00,223.346,223.58,-155.88,short: close 221.62 < lower 223.36,exit short: close 223.33 > lower 223.03
2021-05-04,-1,7,2021-05-04 10:00:00-05:00,222.204,2021-05-04 12:30:00-05:00,222.716,224.78,-35.84,short: close 222.24 < lower 222.75,exit short: close 222.68 > lower 222.53
2021-05-06,-1,14,2021-05-06 09:00:00-05:00,220.164,2021-05-06 11:00:00-05:00,221.126,221.5,-134.68,short: close 220.21 < lower 221.19,exit short: close 221.08 > lower 220.51
2021-05-06,-1,9,2021-05-06 13:00:00-05:00,220.074,2021-05-06 14:30:00-05:00,221.006,222.17000000000002,-83.88,short: close 220.11 < lower 220.43,exit short: close 220.97 > lower 220.40
2021-05-07,1,11,2021-05-07 09:30:00-05:00,224.836,2021-05-07 11:00:00-05:00,224.609,223.18,-24.97,long: close 224.80 > upper 224.37,exit long: close 224.64 < upper 224.68
2021-05-07,1,10,2021-05-07 11:30:00-05:00,225.406,2021-05-07 14:52:00-05:00,225.444,223.56,3.8,long: close 225.35 > upper 224.57,flatten
2021-05-10,-1,13,2021-05-10 09:00:00-05:00,223.844,2021-05-10 09:30:00-05:00,223.696,225.23000000000002,19.24,short: close 223.86 < lower 223.93,exit short: close 223.68 > lower 223.57
2021-05-10,-1,10,2021-05-10 10:00:00-05:00,223.364,2021-05-10 10:30:00-05:00,224.201,225.26,-83.7,short: close 223.42 < lower 223.42,exit short: close 224.14 > lower 223.45
2021-05-12,-1,7,2021-05-12 11:00:00-05:00,215.224,2021-05-12 12:00:00-05:00,215.616,217.79,-27.44,short: close 215.28 < lower 215.50,exit short: close 215.60 > lower 215.37
2021-05-12,-1,6,2021-05-12 13:30:00-05:00,214.504,2021-05-12 14:52:00-05:00,211.876,217.45000000000002,157.68,short: close 214.56 < lower 215.12,flatten
2021-05-13,1,9,2021-05-13 09:00:00-05:00,216.716,2021-05-13 10:15:00-05:00,214.564,214.6,-193.68,long: close 216.63 > upper 214.71,stop
2021-05-14,1,7,2021-05-14 09:30:00-05:00,219.546,2021-05-14 10:30:00-05:00,218.724,216.95000000000002,-57.54,long: close 219.52 > upper 219.45,exit long: close 218.75 < upper 219.39
2021-05-14,1,7,2021-05-14 11:00:00-05:00,219.566,2021-05-14 14:52:00-05:00,220.944,217.04,96.46,long: close 219.54 > upper 219.38,flatten
2021-05-26,1,11,2021-05-26 09:30:00-05:00,222.096,2021-05-26 14:52:00-05:00,223.224,220.5,124.08,long: close 222.06 > upper 221.30,flatten
2021-06-02,-1,15,2021-06-02 09:00:00-05:00,227.054,2021-06-02 09:30:00-05:00,227.446,228.23000000000002,-58.8,short: close 227.06 < lower 227.35,exit short: close 227.40 > lower 227.18
2021-06-03,-1,11,2021-06-03 09:00:00-05:00,224.684,2021-06-03 09:53:00-05:00,226.406,226.37,-189.42,short: close 224.75 < lower 225.90,stop
2021-06-03,-1,11,2021-06-03 10:30:00-05:00,225.624,2021-06-03 11:00:00-05:00,226.166,227.22,-59.62,short: close 225.68 < lower 226.00,exit short: close 226.12 > lower 225.97
2021-06-08,1,15,2021-06-08 09:30:00-05:00,232.256,2021-06-08 10:00:00-05:00,231.879,231.05,-56.55,long: close 232.23 > upper 232.05,exit long: close 231.90 < upper 231.99
2021-06-08,1,14,2021-06-08 12:00:00-05:00,232.186,2021-06-08 14:52:00-05:00,233.254,230.89000000000001,149.52,long: close 232.16 > upper 232.14,flatten
2021-06-10,-1,18,2021-06-10 09:30:00-05:00,230.274,2021-06-10 14:00:00-05:00,230.14600000000002,231.28,23.04,short: close 230.31 < lower 230.51,exit short: close 230.11 > lower 230.07
2021-06-11,1,14,2021-06-11 09:00:00-05:00,231.256,2021-06-11 09:30:00-05:00,230.934,229.97,-45.08,long: close 231.23 > upper 231.08,exit long: close 230.97 < upper 231.24
2021-06-14,-1,12,2021-06-14 13:30:00-05:00,230.389,2021-06-14 14:00:00-05:00,230.576,231.97,-22.44,short: close 230.43 < lower 230.46,exit short: close 230.55 > lower 230.33
2021-06-15,-1,17,2021-06-15 09:30:00-05:00,229.234,2021-06-15 12:30:00-05:00,230.0461,230.29,-138.06,short: close 229.29 < lower 230.01,exit short: close 230.02 > lower 229.91
2021-06-16,-1,17,2021-06-16 09:00:00-05:00,228.654,2021-06-16 09:30:00-05:00,229.136,229.75,-81.94,short: close 228.68 < lower 228.95,exit short: close 229.10 > lower 228.57
2021-06-16,-1,12,2021-06-16 12:30:00-05:00,228.434,2021-06-16 13:00:00-05:00,229.266,229.9,-99.84,short: close 228.47 < lower 228.59,exit short: close 229.24 > lower 228.50
2021-06-21,1,9,2021-06-21 09:30:00-05:00,225.806,2021-06-21 14:52:00-05:00,226.819,223.85,91.17,long: close 225.78 > upper 224.95,flatten
2021-06-22,-1,17,2021-06-22 09:00:00-05:00,225.029,2021-06-22 09:30:00-05:00,225.686,226.11,-111.69,short: close 225.04 < lower 225.48,exit short: close 225.67 > lower 225.27
2021-06-23,1,19,2021-06-23 09:30:00-05:00,229.436,2021-06-23 10:06:00-05:00,228.434,228.47,-190.38,long: close 229.39 > upper 228.98,stop
2021-06-23,1,15,2021-06-23 12:30:00-05:00,229.731,2021-06-23 14:00:00-05:00,229.394,228.47,-50.55,long: close 229.72 > upper 229.28,exit long: close 229.43 < upper 229.49
2021-06-24,1,9,2021-06-24 13:30:00-05:00,231.626,2021-06-24 14:00:00-05:00,231.509,229.57,-10.53,long: close 231.58 > upper 231.51,exit long: close 231.55 < upper 231.64
2021-06-28,-1,17,2021-06-28 09:30:00-05:00,230.719,2021-06-28 14:30:00-05:00,230.456,231.82,44.71,short: close 230.75 < lower 230.89,exit short: close 230.41 > lower 230.11
2021-07-06,-1,22,2021-07-06 09:00:00-05:00,226.344,2021-07-06 14:52:00-05:00,226.406,227.14000000000001,-13.64,short: close 226.39 < lower 228.43,flatten
2021-07-07,-1,15,2021-07-07 09:30:00-05:00,222.384,2021-07-07 10:24:00-05:00,223.616,223.58,-184.8,short: close 222.45 < lower 224.50,stop
2021-07-07,-1,14,2021-07-07 10:30:00-05:00,223.784,2021-07-07 11:00:00-05:00,224.626,225.13,-117.88,short: close 223.82 < lower 224.35,exit short: close 224.60 > lower 224.17
2021-07-09,1,9,2021-07-09 09:00:00-05:00,225.251,2021-07-09 10:00:00-05:00,224.924,223.24,-29.43,long: close 225.21 > upper 225.00,exit long: close 224.95 < upper 225.40
2021-07-09,1,6,2021-07-09 12:00:00-05:00,225.886,2021-07-09 12:30:00-05:00,225.734,223.1,-9.12,long: close 225.85 > upper 225.78,exit long: close 225.76 < upper 225.88
2021-07-14,-1,9,2021-07-14 10:30:00-05:00,219.844,2021-07-14 12:00:00-05:00,220.841,221.86,-89.73,short: close 219.88 < lower 221.01,exit short: close 220.83 > lower 220.73
2021-07-14,-1,8,2021-07-14 12:30:00-05:00,219.944,2021-07-14 14:52:00-05:00,218.64600000000002,222.34,103.84,short: close 219.98 < lower 220.64,flatten
2021-07-15,-1,8,2021-07-15 13:00:00-05:00,214.964,2021-07-15 13:30:00-05:00,216.136,217.20000000000002,-93.76,short: close 215.01 < lower 216.11,exit short: close 216.11 > lower 216.05
2021-07-16,-1,6,2021-07-16 13:30:00-05:00,215.804,2021-07-16 14:52:00-05:00,214.586,218.69,73.08,short: close 215.86 < lower 215.87,flatten
2021-07-20,1,17,2021-07-20 09:00:00-05:00,214.956,2021-07-20 14:52:00-05:00,218.524,213.87,606.56,long: close 214.91 > upper 213.09,flatten
2021-07-21,1,11,2021-07-21 09:00:00-05:00,221.926,2021-07-21 09:30:00-05:00,220.914,220.20000000000002,-111.32,long: close 221.88 > upper 220.56,exit long: close 220.96 < upper 221.14
2021-07-21,1,6,2021-07-21 11:00:00-05:00,221.776,2021-07-21 13:30:00-05:00,221.724,218.91,-3.12,long: close 221.73 > upper 221.70,exit long: close 221.75 < upper 221.82
2021-07-22,-1,11,2021-07-22 09:00:00-05:00,219.424,2021-07-22 12:30:00-05:00,219.196,221.04,25.08,short: close 219.45 < lower 220.17,exit short: close 219.15 > lower 219.13
2021-07-27,-1,10,2021-07-27 09:00:00-05:00,216.824,2021-07-27 13:30:00-05:00,216.946,218.64000000000001,-12.2,short: close 216.86 < lower 217.79,exit short: close 216.91 > lower 216.75
2021-08-02,1,9,2021-08-02 09:00:00-05:00,224.026,2021-08-02 09:30:00-05:00,222.754,221.89000000000001,-114.48,long: close 224.00 > upper 223.91,exit long: close 222.78 < upper 224.10
2021-08-03,-1,10,2021-08-03 09:00:00-05:00,218.204,2021-08-03 09:30:00-05:00,218.766,220.01,-56.2,short: close 218.24 < lower 218.46,exit short: close 218.73 > lower 218.39
2021-08-03,-1,11,2021-08-03 10:00:00-05:00,218.374,2021-08-03 10:30:00-05:00,219.336,220.08,-105.82,short: close 218.41 < lower 218.56,exit short: close 219.31 > lower 218.28
2021-08-05,1,9,2021-08-05 09:00:00-05:00,220.636,2021-08-05 09:30:00-05:00,220.004,218.64000000000001,-56.88,long: close 220.59 > upper 220.59,exit long: close 220.03 < upper 220.70
2021-08-05,1,10,2021-08-05 10:00:00-05:00,221.196,2021-08-05 14:52:00-05:00,221.939,219.29,74.3,long: close 221.15 > upper 220.50,flatten
2021-08-11,-1,15,2021-08-11 10:00:00-05:00,221.544,2021-08-11 12:00:00-05:00,221.836,222.78,-43.8,short: close 221.56 < lower 221.57,exit short: close 221.79 > lower 221.45
2021-08-16,-1,10,2021-08-16 09:00:00-05:00,217.844,2021-08-16 09:30:00-05:00,218.826,219.61,-98.2,short: close 217.89 < lower 218.66,exit short: close 218.79 > lower 218.66
2021-08-20,1,17,2021-08-20 10:00:00-05:00,213.306,2021-08-20 14:52:00-05:00,215.334,212.25,344.76,long: close 213.28 > upper 213.07,flatten
2021-08-23,1,10,2021-08-23 09:00:00-05:00,218.716,2021-08-23 09:30:00-05:00,218.154,216.8,-56.2,long: close 218.69 > upper 218.42,exit long: close 218.19 < upper 218.46
2021-08-23,1,9,2021-08-23 10:00:00-05:00,218.621,2021-08-23 10:30:00-05:00,218.494,216.58,-11.43,long: close 218.58 > upper 218.54,exit long: close 218.52 < upper 218.63
2021-08-24,1,12,2021-08-24 13:00:00-05:00,221.546,2021-08-24 13:30:00-05:00,221.214,220.08,-39.84,long: close 221.51 > upper 221.44,exit long: close 221.24 < upper 221.52
2021-08-25,1,22,2021-08-25 09:30:00-05:00,222.726,2021-08-25 14:52:00-05:00,222.664,221.9,-13.64,long: close 222.70 > upper 222.60,flatten
2021-08-26,-1,16,2021-08-26 10:00:00-05:00,220.744,2021-08-26 10:30:00-05:00,221.331,221.88,-93.92,short: close 220.80 < lower 221.23,exit short: close 221.29 > lower 221.16
2021-08-26,-1,13,2021-08-26 13:30:00-05:00,220.874,2021-08-26 14:52:00-05:00,220.336,222.27,69.94,short: close 220.91 < lower 220.96,flatten
2021-08-27,1,19,2021-08-27 09:00:00-05:00,222.486,2021-08-27 14:52:00-05:00,226.394,221.51,742.52,long: close 222.43 > upper 221.40,flatten
2021-09-02,1,10,2021-09-02 11:00:00-05:00,229.796,2021-09-02 11:30:00-05:00,229.414,228.05,-38.2,long: close 229.75 > upper 229.64,exit long: close 229.44 < upper 229.76
2021-09-08,-1,15,2021-09-08 09:30:00-05:00,224.474,2021-09-08 11:30:00-05:00,224.616,225.66,-21.3,short: close 224.49 < lower 224.80,exit short: close 224.59 > lower 224.21
2021-09-08,-1,9,2021-09-08 13:00:00-05:00,223.784,2021-09-08 14:52:00-05:00,223.721,225.76,5.67,short: close 223.81 < lower 224.01,flatten
2021-09-09,1,18,2021-09-09 09:30:00-05:00,225.341,2021-09-09 12:30:00-05:00,224.874,224.34,-84.06,long: close 225.30 > upper 224.72,exit long: close 224.91 < upper 225.46
2021-09-15,1,12,2021-09-15 11:00:00-05:00,221.696,2021-09-15 11:30:00-05:00,221.314,220.16,-45.84,long: close 221.67 > upper 221.53,exit long: close 221.35 < upper 221.40
2021-09-15,1,12,2021-09-15 12:00:00-05:00,221.606,2021-09-15 14:52:00-05:00,222.064,220.05,54.96,long: close 221.56 > upper 221.56,flatten
2021-09-16,-1,15,2021-09-16 09:30:00-05:00,220.994,2021-09-16 10:30:00-05:00,221.126,222.24,-19.8,short: close 221.02 < lower 221.09,exit short: close 221.10 > lower 220.84
2021-09-27,1,15,2021-09-27 09:00:00-05:00,225.206,2021-09-27 14:52:00-05:00,226.494,223.99,193.2,long: close 225.18 > upper 224.56,flatten
2021-09-28,-1,12,2021-09-28 09:00:00-05:00,224.014,2021-09-28 14:52:00-05:00,221.126,225.51,346.56,short: close 224.06 < lower 224.38,flatten
2021-09-30,-1,9,2021-09-30 11:30:00-05:00,218.904,2021-09-30 12:00:00-05:00,219.616,221.01,-64.08,short: close 218.93 < lower 219.37,exit short: close 219.55 > lower 219.13
2021-10-01,1,8,2021-10-01 12:30:00-05:00,221.916,2021-10-01 14:52:00-05:00,222.399,219.59,38.64,long: close 221.87 > upper 221.71,flatten
2021-10-04,-1,13,2021-10-04 09:30:00-05:00,220.234,2021-10-04 13:30:00-05:00,220.026,221.59,27.04,short: close 220.27 < lower 220.85,exit short: close 219.99 > lower 219.97
2021-10-05,1,10,2021-10-05 10:00:00-05:00,222.696,2021-10-05 10:30:00-05:00,222.144,220.93,-55.2,long: close 222.68 > upper 222.36,exit long: close 222.18 < upper 222.35
2021-10-06,-1,7,2021-10-06 10:30:00-05:00,217.204,2021-10-06 11:00:00-05:00,218.706,219.70000000000002,-105.14,short: close 217.21 < lower 217.41,exit short: close 218.67 > lower 217.23
2021-10-07,1,11,2021-10-07 09:00:00-05:00,223.366,2021-10-07 14:52:00-05:00,222.934,221.76,-47.52,long: close 223.32 > upper 222.31,flatten
2021-10-11,1,12,2021-10-11 09:30:00-05:00,223.306,2021-10-11 10:00:00-05:00,223.124,221.81,-21.84,long: close 223.27 > upper 223.21,exit long: close 223.16 < upper 223.39
2021-11-03,1,20,2021-11-03 09:00:00-05:00,235.866,2021-11-03 14:52:00-05:00,238.464,234.97,519.6,long: close 235.81 > upper 235.21,flatten
2021-11-05,1,7,2021-11-05 10:00:00-05:00,242.506,2021-11-05 11:00:00-05:00,242.629,239.92000000000002,8.61,long: close 242.47 > upper 242.43,exit long: close 242.66 < upper 242.66
2021-11-09,-1,17,2021-11-09 09:00:00-06:00,239.804,2021-11-09 09:13:00-06:00,240.936,240.9,-192.44,short: close 239.84 < lower 241.20,stop
2021-11-10,-1,9,2021-11-10 13:00:00-06:00,238.10399999999998,2021-11-10 14:52:00-06:00,237.376,240.11,65.52,short: close 238.14 < lower 238.61,flatten
2021-11-11,1,10,2021-11-11 11:30:00-06:00,239.986,2021-11-11 12:30:00-06:00,239.764,238.09,-22.2,long: close 239.94 > upper 239.71,exit long: close 239.81 < upper 239.86
2021-11-15,-1,10,2021-11-15 11:00:00-06:00,237.874,2021-11-15 12:00:00-06:00,238.446,239.75,-57.2,short: close 237.93 < lower 238.14,exit short: close 238.41 > lower 238.02
2021-11-17,-1,13,2021-11-17 09:00:00-06:00,236.724,2021-11-17 14:52:00-06:00,236.266,238.14000000000001,59.54,short: close 236.78 < lower 237.06,flatten
2021-11-18,-1,12,2021-11-18 09:30:00-06:00,233.294,2021-11-18 10:07:00-06:00,234.836,234.8,-185.04,short: close 233.33 < lower 234.86,stop
2021-11-18,-1,10,2021-11-18 13:00:00-06:00,234.344,2021-11-18 14:00:00-06:00,234.596,236.24,-25.2,short: close 234.37 < lower 234.46,exit short: close 234.56 > lower 234.19
2021-11-30,-1,7,2021-11-30 10:00:00-06:00,218.074,2021-11-30 14:52:00-06:00,218.736,220.54,-46.34,short: close 218.12 < lower 219.22,flatten
2021-12-02,1,15,2021-12-02 09:00:00-06:00,217.846,2021-12-02 09:10:00-06:00,216.564,216.6,-192.3,long: close 217.82 > upper 215.07,stop
2021-12-02,1,11,2021-12-02 09:30:00-06:00,216.64600000000002,2021-12-02 09:38:00-06:00,214.88400000000001,214.92000000000002,-193.82,long: close 216.66 > upper 215.55,stop
2021-12-03,-1,13,2021-12-03 09:00:00-06:00,216.404,2021-12-03 14:52:00-06:00,213.746,217.83,345.54,short: close 216.41 < lower 218.34,flatten
2021-12-06,1,7,2021-12-06 09:30:00-06:00,218.226,2021-12-06 10:00:00-06:00,218.384,215.8,11.06,long: close 218.19 > upper 218.04,exit long: close 218.43 < upper 218.51
2021-12-06,1,6,2021-12-06 12:00:00-06:00,218.866,2021-12-06 14:52:00-06:00,218.984,215.72,7.08,long: close 218.84 > upper 218.77,flatten
2021-12-07,1,7,2021-12-07 09:00:00-06:00,224.606,2021-12-07 14:30:00-06:00,224.394,221.89000000000001,-14.84,long: close 224.57 > upper 223.32,exit long: close 224.42 < upper 225.03
2021-12-13,-1,8,2021-12-13 09:30:00-06:00,216.714,2021-12-13 10:00:00-06:00,216.426,218.93,23.04,short: close 216.75 < lower 216.94,exit short: close 216.39 > lower 216.22
2021-12-13,-1,6,2021-12-13 10:30:00-06:00,215.334,2021-12-13 13:00:00-06:00,216.026,218.39000000000001,-41.52,short: close 215.39 < lower 216.09,exit short: close 216.00 > lower 215.55
2021-12-15,-1,14,2021-12-15 09:00:00-06:00,212.234,2021-12-15 11:00:00-06:00,212.116,213.58,16.52,short: close 212.28 < lower 212.87,exit short: close 212.08 > lower 211.70
2021-12-16,-1,5,2021-12-16 12:00:00-06:00,214.644,2021-12-16 12:30:00-06:00,215.356,217.93,-35.6,short: close 214.68 < lower 215.25,exit short: close 215.33 > lower 215.06
2021-12-16,-1,5,2021-12-16 13:30:00-06:00,213.244,2021-12-16 14:52:00-06:00,214.086,216.96,-42.1,short: close 213.25 < lower 214.83,flatten
2021-12-17,1,7,2021-12-17 10:00:00-06:00,216.476,2021-12-17 11:00:00-06:00,215.304,213.96,-82.04,long: close 216.43 > upper 215.21,exit long: close 215.34 < upper 215.61
2021-12-17,1,6,2021-12-17 12:30:00-06:00,216.166,2021-12-17 13:30:00-06:00,215.874,213.06,-17.52,long: close 216.13 > upper 215.80,exit long: close 215.92 < upper 216.15
2021-12-20,-1,6,2021-12-20 09:30:00-06:00,210.724,2021-12-20 11:00:00-06:00,210.526,213.52,11.88,short: close 210.74 < lower 210.79,exit short: close 210.50 > lower 209.65
2021-12-20,-1,5,2021-12-20 11:30:00-06:00,209.654,2021-12-20 12:30:00-06:00,210.006,213.55,-17.6,short: close 209.69 < lower 209.69,exit short: close 209.98 > lower 209.30
2021-12-21,1,7,2021-12-21 09:30:00-06:00,216.056,2021-12-21 10:00:00-06:00,215.874,213.61,-12.74,long: close 216.01 > upper 215.60,exit long: close 215.94 < upper 216.29
2021-12-21,1,5,2021-12-21 10:30:00-06:00,216.536,2021-12-21 14:52:00-06:00,217.904,213.21,68.4,long: close 216.49 > upper 216.49,flatten
2021-12-27,-1,17,2021-12-27 09:00:00-06:00,220.944,2021-12-27 09:19:00-06:00,222.076,222.04,-192.44,short: close 220.97 < lower 221.10,stop
2021-12-30,1,18,2021-12-30 09:00:00-06:00,224.996,2021-12-30 10:30:00-06:00,224.424,224.01,-102.96,long: close 224.96 > upper 223.96,exit long: close 224.47 < upper 224.80
2021-12-30,1,11,2021-12-30 11:00:00-06:00,225.161,2021-12-30 11:30:00-06:00,224.514,223.44,-71.17,long: close 225.13 > upper 224.68,exit long: close 224.54 < upper 224.82
2022-01-03,1,11,2022-01-03 09:30:00-06:00,226.516,2022-01-03 09:58:00-06:00,224.814,224.85,-187.22,long: close 226.50 > upper 224.78,stop
2022-01-05,-1,10,2022-01-05 12:30:00-06:00,222.884,2022-01-05 14:52:00-06:00,217.456,224.72,542.8,short: close 222.92 < lower 223.09,flatten
2022-01-06,1,12,2022-01-06 11:00:00-06:00,219.916,2022-01-06 12:30:00-06:00,219.024,218.39000000000001,-107.04,long: close 219.87 > upper 219.10,exit long: close 219.04 < upper 219.50
2022-01-07,1,23,2022-01-07 09:00:00-06:00,220.046,2022-01-07 09:06:00-06:00,219.224,219.26,-189.06,long: close 220.00 > upper 219.39,stop
2022-01-07,-1,14,2022-01-07 10:00:00-06:00,216.434,2022-01-07 10:30:00-06:00,217.306,217.78,-122.08,short: close 216.48 < lower 217.26,exit short: close 217.29 > lower 217.14
2022-01-10,-1,12,2022-01-10 09:00:00-06:00,212.504,2022-01-10 13:16:00-06:00,214.036,214.0,-183.84,short: close 212.57 < lower 213.92,stop
2022-01-11,-1,18,2022-01-11 09:00:00-06:00,214.094,2022-01-11 09:12:00-06:00,215.14600000000002,215.11,-189.36,short: close 214.11 < lower 214.36,stop
2022-01-11,-1,15,2022-01-11 10:00:00-06:00,213.724,2022-01-11 10:12:00-06:00,215.01600000000002,214.98000000000002,-193.8,short: close 213.74 < lower 214.12,stop
2022-01-12,-1,11,2022-01-12 10:00:00-06:00,216.344,2022-01-12 12:00:00-06:00,217.056,218.0,-78.32,short: close 216.38 < lower 216.39,exit short: close 217.01 > lower 216.28
2022-01-13,1,13,2022-01-13 09:00:00-06:00,217.856,2022-01-13 09:19:00-06:00,216.394,216.43,-190.06,long: close 217.81 > upper 217.80,stop
2022-01-14,-1,9,2022-01-14 12:30:00-06:00,210.814,2022-01-14 13:00:00-06:00,212.036,212.93,-109.98,short: close 210.86 < lower 210.89,exit short: close 212.04 > lower 210.77
2022-01-19,-1,13,2022-01-19 09:30:00-06:00,206.534,2022-01-19 10:00:00-06:00,206.666,207.95000000000002,-17.16,short: close 206.57 < lower 206.89,exit short: close 206.66 > lower 206.50
2022-01-19,-1,11,2022-01-19 10:30:00-06:00,205.914,2022-01-19 11:00:00-06:00,206.976,207.51,-116.82,short: close 205.94 < lower 206.71,exit short: close 206.97 > lower 206.75
2022-01-20,1,13,2022-01-20 09:00:00-06:00,206.696,2022-01-20 12:30:00-06:00,206.774,205.29,10.14,long: close 206.61 > upper 206.37,exit long: close 206.80 < upper 206.84
2022-01-21,1,10,2022-01-21 10:30:00-06:00,202.64600000000002,2022-01-21 10:42:00-06:00,200.804,200.84,-184.2,long: close 202.60 > upper 202.06,stop
2022-01-24,-1,8,2022-01-24 09:00:00-06:00,193.154,2022-01-24 09:30:00-06:00,193.686,195.43,-42.56,short: close 193.20 < lower 193.32,exit short: close 193.66 > lower 193.19
2022-01-24,-1,7,2022-01-24 11:30:00-06:00,191.924,2022-01-24 12:00:00-06:00,193.876,194.55,-136.64,short: close 191.97 < lower 192.97,exit short: close 193.85 > lower 192.81
2022-01-25,-1,7,2022-01-25 09:00:00-06:00,195.724,2022-01-25 10:30:00-06:00,197.286,198.27,-109.34,short: close 195.81 < lower 197.62,exit short: close 197.23 > lower 197.01
2022-01-25,-1,6,2022-01-25 11:00:00-06:00,196.424,2022-01-25 12:30:00-06:00,197.89600000000002,199.32,-88.32,short: close 196.50 < lower 197.27,exit short: close 197.88 > lower 197.07
2022-01-27,-1,8,2022-01-27 11:30:00-06:00,193.724,2022-01-27 14:52:00-06:00,191.796,195.91,154.24,short: close 193.78 < lower 194.66,flatten
2022-01-28,-1,15,2022-01-28 09:00:00-06:00,189.304,2022-01-28 09:11:00-06:00,190.516,190.48,-181.8,short: close 189.34 < lower 190.39,stop
2022-01-28,-1,16,2022-01-28 09:30:00-06:00,189.434,2022-01-28 09:59:00-06:00,190.576,190.54,-182.72,short: close 189.47 < lower 190.46,stop
2022-01-31,1,12,2022-01-31 09:00:00-06:00,196.461,2022-01-31 14:52:00-06:00,200.204,194.89000000000001,449.16,long: close 196.42 > upper 196.38,flatten
2022-02-02,-1,13,2022-02-02 09:00:00-06:00,201.244,2022-02-02 12:00:00-06:00,201.596,202.62,-45.76,short: close 201.24 < lower 202.03,exit short: close 201.57 > lower 201.45
2022-02-02,-1,9,2022-02-02 12:30:00-06:00,200.914,2022-02-02 14:00:00-06:00,201.466,202.84,-49.68,short: close 200.95 < lower 201.48,exit short: close 201.42 > lower 200.91
2022-02-07,1,15,2022-02-07 09:00:00-06:00,200.666,2022-02-07 09:12:00-06:00,199.424,199.46,-186.3,long: close 200.61 > upper 199.64,stop
2022-02-08,1,11,2022-02-08 10:00:00-06:00,201.636,2022-02-08 14:00:00-06:00,201.594,199.92000000000002,-4.62,long: close 201.60 > upper 201.20,exit long: close 201.62 < upper 201.95
2022-02-10,1,5,2022-02-10 11:00:00-06:00,208.306,2022-02-10 12:00:00-06:00,207.394,205.03,-45.6,long: close 208.28 > upper 208.05,exit long: close 207.43 < upper 208.26
2022-02-11,1,11,2022-02-11 09:30:00-06:00,205.556,2022-02-11 10:00:00-06:00,205.284,203.82,-29.92,long: close 205.51 > upper 205.35,exit long: close 205.32 < upper 205.45
2022-02-11,-1,9,2022-02-11 13:00:00-06:00,200.934,2022-02-11 14:30:00-06:00,201.166,203.0,-20.88,short: close 200.99 < lower 201.53,exit short: close 201.13 > lower 200.82
2022-02-15,1,7,2022-02-15 11:00:00-06:00,205.246,2022-02-15 14:52:00-06:00,206.094,202.57,59.36,long: close 205.21 > upper 204.42,flatten
2022-02-17,-1,8,2022-02-17 09:00:00-06:00,203.214,2022-02-17 10:00:00-06:00,202.966,205.45000000000002,19.84,short: close 203.24 < lower 203.25,exit short: close 202.94 > lower 202.85
2022-02-17,-1,7,2022-02-17 12:30:00-06:00,202.634,2022-02-17 13:00:00-06:00,202.766,205.19,-9.24,short: close 202.70 < lower 202.93,exit short: close 202.73 > lower 202.68
2022-02-18,1,14,2022-02-18 09:00:00-06:00,202.476,2022-02-18 09:28:00-06:00,201.114,201.15,-190.68,long: close 202.42 > upper 202.41,stop
2022-02-18,-1,10,2022-02-18 11:00:00-06:00,199.114,2022-02-18 11:30:00-06:00,199.846,200.9,-73.2,short: close 199.14 < lower 199.29,exit short: close 199.84 > lower 199.36
2022-02-22,-1,9,2022-02-22 12:30:00-06:00,196.734,2022-02-22 13:55:00-06:00,198.696,198.66,-176.58,short: close 196.80 < lower 197.06,stop
2022-02-23,-1,8,2022-02-23 12:30:00-06:00,194.824,2022-02-23 13:00:00-06:00,195.246,197.12,-33.76,short: close 194.84 < lower 195.16,exit short: close 195.23 > lower 194.83
2022-02-23,-1,7,2022-02-23 13:30:00-06:00,194.254,2022-02-23 14:52:00-06:00,192.736,196.74,106.26,short: close 194.20 < lower 194.97,flatten
2022-02-25,1,9,2022-02-25 11:00:00-06:00,201.256,2022-02-25 14:52:00-06:00,202.364,199.3,99.72,long: close 201.20 > upper 200.40,flatten
2022-02-28,1,7,2022-02-28 10:30:00-06:00,204.366,2022-02-28 11:00:00-06:00,204.124,201.63,-16.94,long: close 204.32 > upper 204.29,exit long: close 204.19 < upper 204.48
2022-03-01,-1,9,2022-03-01 10:00:00-06:00,200.654,2022-03-01 13:30:00-06:00,200.406,202.61,22.32,short: close 200.68 < lower 200.91,exit short: close 200.38 > lower 200.35
2022-03-02,1,9,2022-03-02 09:00:00-06:00,202.436,2022-03-02 10:00:00-06:00,202.514,200.49,7.02,long: close 202.42 > upper 202.09,exit long: close 202.56 < upper 202.57
2022-03-02,1,7,2022-03-02 10:30:00-06:00,203.496,2022-03-02 14:52:00-06:00,204.814,200.96,92.26,long: close 203.41 > upper 202.69,flatten
2022-03-03,-1,10,2022-03-03 09:30:00-06:00,202.239,2022-03-03 12:00:00-06:00,202.386,204.16,-14.7,short: close 202.28 < lower 202.77,exit short: close 202.36 > lower 202.34
2022-03-04,-1,6,2022-03-04 10:00:00-06:00,197.694,2022-03-04 11:30:00-06:00,198.226,200.48000000000002,-31.92,short: close 197.72 < lower 197.97,exit short: close 198.23 > lower 197.85
2022-03-07,-1,9,2022-03-07 10:00:00-06:00,196.894,2022-03-07 10:30:00-06:00,197.686,198.88,-71.28,short: close 196.93 < lower 196.99,exit short: close 197.65 > lower 196.82
2022-03-07,-1,7,2022-03-07 11:00:00-06:00,195.984,2022-03-07 14:52:00-06:00,194.116,198.41,130.76,short: close 196.03 < lower 196.55,flatten
2022-03-08,1,8,2022-03-08 11:30:00-06:00,198.246,2022-03-08 12:58:00-06:00,195.91400000000002,195.95000000000002,-186.56,long: close 198.20 > upper 196.35,stop
2022-03-09,1,6,2022-03-09 09:30:00-06:00,199.596,2022-03-09 10:30:00-06:00,199.924,196.57,19.68,long: close 199.56 > upper 199.55,exit long: close 199.97 < upper 200.07
2022-03-09,1,4,2022-03-09 11:00:00-06:00,200.64600000000002,2022-03-09 11:30:00-06:00,200.384,196.68,-10.48,long: close 200.59 > upper 200.49,exit long: close 200.41 < upper 200.42
2022-03-14,-1,7,2022-03-14 12:00:00-05:00,193.534,2022-03-14 14:52:00-05:00,192.496,196.19,72.66,short: close 193.58 < lower 194.29,flatten
2022-03-16,1,9,2022-03-16 09:00:00-05:00,199.246,2022-03-16 10:00:00-05:00,199.454,197.18,18.72,long: close 199.19 > upper 198.73,exit long: close 199.48 < upper 199.51
2022-03-16,1,6,2022-03-16 10:30:00-05:00,199.986,2022-03-16 12:30:00-05:00,199.514,196.99,-28.32,long: close 199.96 > upper 199.66,exit long: close 199.54 < upper 200.18
2022-03-17,1,6,2022-03-17 13:00:00-05:00,204.946,2022-03-17 14:30:00-05:00,204.614,201.8,-19.92,long: close 204.94 > upper 204.49,exit long: close 204.63 < upper 204.82
2022-03-21,-1,7,2022-03-21 12:30:00-05:00,204.174,2022-03-21 13:00:00-05:00,204.926,206.88,-52.64,short: close 204.25 < lower 204.42,exit short: close 204.91 > lower 204.31
2022-03-22,1,12,2022-03-22 09:00:00-05:00,208.456,2022-03-22 10:00:00-05:00,207.5341,206.99,-110.63,long: close 208.41 > upper 207.29,exit long: close 207.57 < upper 207.88
2022-03-23,-1,11,2022-03-23 09:00:00-05:00,204.664,2022-03-23 09:30:00-05:00,205.596,206.39000000000001,-102.52,short: close 204.71 < lower 205.04,exit short: close 205.56 > lower 204.60
2022-03-28,-1,11,2022-03-28 11:00:00-05:00,203.204,2022-03-28 12:00:00-05:00,204.196,204.88,-109.12,short: close 203.25 < lower 204.20,exit short: close 204.14 > lower 203.79
2022-03-29,1,9,2022-03-29 09:00:00-05:00,209.776,2022-03-29 12:30:00-05:00,209.704,207.78,-6.48,long: close 209.72 > upper 209.10,exit long: close 209.73 < upper 209.89
2022-03-29,1,6,2022-03-29 13:00:00-05:00,210.696,2022-03-29 14:52:00-05:00,211.334,207.89000000000001,38.28,long: close 210.65 > upper 209.91,flatten
2022-03-30,-1,9,2022-03-30 12:30:00-05:00,209.244,2022-03-30 14:52:00-05:00,206.996,211.26,202.32,short: close 209.29 < lower 209.53,flatten
2022-04-01,1,11,2022-04-01 09:00:00-05:00,207.526,2022-04-01 09:21:00-05:00,205.88400000000001,205.92000000000002,-180.62,long: close 207.47 > upper 207.30,stop
2022-04-05,-1,15,2022-04-05 09:30:00-05:00,205.324,2022-04-05 14:52:00-05:00,202.956,206.55,355.2,short: close 205.37 < lower 206.77,flatten
2022-04-06,-1,9,2022-04-06 09:00:00-05:00,199.824,2022-04-06 11:00:00-05:00,200.186,201.76,-32.58,short: close 199.86 < lower 200.23,exit short: close 200.15 > lower 200.13
2022-04-06,-1,9,2022-04-06 11:30:00-05:00,199.824,2022-04-06 12:00:00-05:00,200.276,201.79,-40.68,short: close 199.86 < lower 200.20,exit short: close 200.24 > lower 200.07
2022-04-07,-1,17,2022-04-07 09:30:00-05:00,198.924,2022-04-07 14:00:00-05:00,199.296,200.0,-63.24,short: close 198.97 < lower 199.06,exit short: close 199.26 > lower 198.62
2022-04-08,-1,18,2022-04-08 09:00:00-05:00,197.564,2022-04-08 09:24:00-05:00,198.626,198.59,-191.16,short: close 197.61 < lower 198.29,stop
2022-04-12,1,9,2022-04-12 09:00:00-05:00,201.306,2022-04-12 11:24:00-05:00,199.264,199.3,-183.78,long: close 201.27 > upper 199.61,stop
2022-04-13,1,14,2022-04-13 09:00:00-05:00,199.066,2022-04-13 09:30:00-05:00,198.154,197.8,-127.68,long: close 199.00 > upper 198.67,exit long: close 198.21 < upper 198.65
2022-04-13,1,13,2022-04-13 10:00:00-05:00,199.176,2022-04-13 14:52:00-05:00,201.224,197.82,266.24,long: close 199.14 > upper 198.76,flatten
2022-04-14,-1,13,2022-04-14 11:00:00-05:00,199.304,2022-04-14 13:00:00-05:00,200.236,200.68,-121.16,short: close 199.36 < lower 199.65,exit short: close 200.22 > lower 199.77
2022-04-18,-1,11,2022-04-18 11:30:00-05:00,196.814,2022-04-18 12:00:00-05:00,197.336,198.43,-57.42,short: close 196.85 < lower 197.07,exit short: close 197.31 > lower 197.16
2022-04-19,1,16,2022-04-19 09:00:00-05:00,199.726,2022-04-19 14:52:00-05:00,202.024,198.59,367.68,long: close 199.71 > upper 198.88,flatten
2022-04-21,-1,8,2022-04-21 11:00:00-05:00,200.734,2022-04-21 14:52:00-05:00,197.836,203.05,231.84,short: close 200.77 < lower 200.97,flatten
2022-04-22,-1,12,2022-04-22 09:30:00-05:00,195.474,2022-04-22 14:52:00-05:00,192.431,196.95000000000002,365.16,short: close 195.53 < lower 195.83,flatten
2022-04-25,-1,10,2022-04-25 09:00:00-05:00,189.584,2022-04-25 09:30:00-05:00,190.866,191.37,-128.2,short: close 189.66 < lower 190.04,exit short: close 190.84 > lower 189.87
2022-04-25,-1,9,2022-04-25 10:00:00-05:00,189.624,2022-04-25 10:30:00-05:00,190.316,191.77,-62.28,short: close 189.66 < lower 189.68,exit short: close 190.28 > lower 189.57
2022-04-26,-1,10,2022-04-26 09:30:00-05:00,190.994,2022-04-26 11:30:00-05:00,190.626,192.86,36.8,short: close 191.04 < lower 191.25,exit short: close 190.61 > lower 190.49
2022-04-26,-1,8,2022-04-26 12:30:00-05:00,188.844,2022-04-26 14:52:00-05:00,188.036,191.23000000000002,64.64,short: close 188.94 < lower 190.73,flatten
2022-04-27,1,18,2022-04-27 09:00:00-05:00,189.351,2022-04-27 09:10:00-05:00,188.284,188.32,-192.06,long: close 189.31 > upper 188.68,stop
2022-04-27,-1,18,2022-04-27 09:30:00-05:00,186.624,2022-04-27 09:46:00-05:00,187.64600000000002,187.61,-183.96,short: close 186.66 < lower 186.66,stop
2022-04-28,-1,9,2022-04-28 09:30:00-05:00,185.324,2022-04-28 10:00:00-05:00,185.77100000000002,187.37,-40.23,short: close 185.38 < lower 186.00,exit short: close 185.73 > lower 185.68
2022-04-29,1,12,2022-04-29 09:00:00-05:00,191.626,2022-04-29 09:18:00-05:00,190.014,190.05,-193.44,long: close 191.60 > upper 191.58,stop
2022-04-29,-1,9,2022-04-29 12:00:00-05:00,187.534,2022-04-29 12:30:00-05:00,188.256,189.5,-64.98,short: close 187.59 < lower 188.03,exit short: close 188.23 > lower 188.06
2022-05-02,1,15,2022-05-02 09:30:00-05:00,187.036,2022-05-02 10:00:00-05:00,186.174,185.85,-129.3,long: close 187.00 > upper 186.22,exit long: close 186.18 < upper 186.46
2022-05-02,-1,9,2022-05-02 13:30:00-05:00,182.814,2022-05-02 14:00:00-05:00,183.166,184.83,-31.68,short: close 182.86 < lower 183.01,exit short: close 183.14 > lower 182.76
2022-05-03,1,13,2022-05-03 10:30:00-05:00,188.436,2022-05-03 11:00:00-05:00,188.574,187.07,17.94,long: close 188.37 > upper 188.26,exit long: close 188.59 < upper 188.73
2022-05-03,1,11,2022-05-03 12:30:00-05:00,188.816,2022-05-03 13:30:00-05:00,187.384,187.11,-157.52,long: close 188.78 > upper 188.60,exit long: close 187.41 < upper 189.00
2022-05-04,-1,13,2022-05-04 09:30:00-05:00,186.814,2022-05-04 11:30:00-05:00,187.756,188.25,-122.46,short: close 186.81 < lower 187.33,exit short: close 187.71 > lower 186.77
2022-05-05,-1,9,2022-05-05 09:00:00-05:00,190.184,2022-05-05 14:52:00-05:00,185.216,192.3,447.12,short: close 190.23 < lower 190.46,flatten
2022-05-06,-1,12,2022-05-06 09:00:00-05:00,181.254,2022-05-06 09:06:00-05:00,182.766,182.73,-181.44,short: close 181.27 < lower 183.86,stop
2022-05-06,-1,10,2022-05-06 09:30:00-05:00,182.694,2022-05-06 10:00:00-05:00,184.106,184.57,-141.2,short: close 182.72 < lower 183.47,exit short: close 184.08 > lower 183.37
2022-05-09,-1,6,2022-05-09 09:30:00-05:00,177.754,2022-05-09 14:52:00-05:00,174.206,180.71,212.88,short: close 177.83 < lower 178.28,flatten
2022-05-10,-1,6,2022-05-10 11:30:00-05:00,172.014,2022-05-10 12:30:00-05:00,173.846,175.04,-109.92,short: close 172.07 < lower 173.23,exit short: close 173.79 > lower 172.98
2022-05-11,1,15,2022-05-11 09:00:00-05:00,176.726,2022-05-11 10:00:00-05:00,176.464,175.51,-39.3,long: close 176.69 > upper 176.27,exit long: close 176.50 < upper 176.82
2022-05-11,-1,8,2022-05-11 12:30:00-05:00,171.994,2022-05-11 13:30:00-05:00,172.466,174.27,-37.76,short: close 172.03 < lower 172.77,exit short: close 172.43 > lower 172.34
2022-05-12,1,9,2022-05-12 09:30:00-05:00,172.466,2022-05-12 11:00:00-05:00,170.874,170.52,-143.28,long: close 172.36 > upper 172.20,exit long: close 170.90 < upper 172.85
2022-05-13,1,8,2022-05-13 09:00:00-05:00,176.686,2022-05-13 13:30:00-05:00,176.584,174.38,-8.16,long: close 176.64 > upper 176.24,exit long: close 176.64 < upper 177.30
2022-05-18,-1,5,2022-05-18 11:00:00-05:00,177.954,2022-05-18 12:00:00-05:00,178.386,181.43,-21.6,short: close 178.00 < lower 178.18,exit short: close 178.38 > lower 178.36
2022-05-18,-1,5,2022-05-18 12:30:00-05:00,177.074,2022-05-18 14:52:00-05:00,176.066,180.48,50.4,short: close 177.12 < lower 178.24,flatten
2022-05-19,1,6,2022-05-19 13:00:00-05:00,178.546,2022-05-19 13:30:00-05:00,178.004,175.58,-32.52,long: close 178.54 > upper 178.53,exit long: close 178.04 < upper 178.57
2022-05-20,-1,7,2022-05-20 10:00:00-05:00,174.579,2022-05-20 14:30:00-05:00,174.316,177.25,18.41,short: close 174.61 < lower 174.86,exit short: close 174.28 > lower 173.59
2022-05-24,-1,10,2022-05-24 09:00:00-05:00,174.504,2022-05-24 11:30:00-05:00,174.186,176.31,31.8,short: close 174.54 < lower 175.60,exit short: close 174.18 > lower 174.12
2022-05-24,-1,5,2022-05-24 12:00:00-05:00,173.944,2022-05-24 13:00:00-05:00,174.426,177.25,-24.1,short: close 174.02 < lower 174.11,exit short: close 174.38 > lower 174.06
2022-05-25,1,9,2022-05-25 09:30:00-05:00,178.506,2022-05-25 10:30:00-05:00,177.594,176.42000000000002,-82.08,long: close 178.49 > upper 177.31,exit long: close 177.63 < upper 177.95
2022-05-25,1,6,2022-05-25 13:30:00-05:00,178.326,2022-05-25 14:52:00-05:00,178.484,175.27,9.48,long: close 178.29 > upper 178.29,flatten
2022-05-26,1,11,2022-05-26 09:00:00-05:00,181.936,2022-05-26 14:52:00-05:00,183.064,180.32,124.08,long: close 181.90 > upper 180.96,flatten
2022-05-27,1,12,2022-05-27 09:00:00-05:00,185.256,2022-05-27 10:00:00-05:00,185.224,183.71,-3.84,long: close 185.20 > upper 184.73,exit long: close 185.25 < upper 185.90
2022-05-27,1,6,2022-05-27 11:00:00-05:00,186.426,2022-05-27 14:52:00-05:00,187.254,183.42000000000002,49.68,long: close 186.40 > upper 186.19,flatten
2022-05-31,-1,12,2022-05-31 09:00:00-05:00,185.234,2022-05-31 09:30:00-05:00,185.64600000000002,186.75,-49.44,short: close 185.28 < lower 185.72,exit short: close 185.63 > lower 184.99
2022-06-01,-1,7,2022-06-01 10:30:00-05:00,182.864,2022-06-01 12:30:00-05:00,183.906,185.58,-72.94,short: close 182.90 < lower 183.03,exit short: close 183.86 > lower 182.60
2022-06-02,1,7,2022-06-02 10:30:00-05:00,187.096,2022-06-02 11:00:00-05:00,186.85399999999998,184.62,-16.94,long: close 187.03 > upper 186.91,exit long: close 186.87 < upper 187.00
2022-06-02,1,7,2022-06-02 11:30:00-05:00,187.946,2022-06-02 14:52:00-05:00,188.284,185.28,23.66,long: close 187.90 > upper 187.10,flatten
2022-06-10,-1,6,2022-06-10 09:30:00-05:00,178.564,2022-06-10 10:00:00-05:00,178.886,181.70000000000002,-19.32,short: close 178.61 < lower 178.92,exit short: close 178.84 > lower 178.66
2022-06-10,-1,5,2022-06-10 10:30:00-05:00,178.294,2022-06-10 12:30:00-05:00,178.546,181.98,-12.6,short: close 178.32 < lower 178.38,exit short: close 178.50 > lower 178.22
2022-06-13,-1,5,2022-06-13 09:00:00-05:00,172.154,2022-06-13 11:30:00-05:00,171.776,175.72,18.9,short: close 172.21 < lower 172.56,exit short: close 171.78 > lower 171.73
2022-06-13,-1,4,2022-06-13 12:00:00-05:00,171.164,2022-06-13 13:00:00-05:00,171.976,175.5,-32.48,short: close 171.18 < lower 171.80,exit short: close 171.95 > lower 171.83
2022-06-16,-1,6,2022-06-16 09:00:00-05:00,165.364,2022-06-16 14:52:00-05:00,163.116,168.20000000000002,134.88,short: close 165.44 < lower 167.01,flatten
2022-06-17,1,16,2022-06-17 09:00:00-05:00,167.196,2022-06-17 09:09:00-05:00,166.034,166.07,-185.92,long: close 167.16 > upper 165.33,stop
2022-06-21,1,6,2022-06-21 10:00:00-05:00,169.976,2022-06-21 10:30:00-05:00,169.134,167.16,-50.52,long: close 169.93 > upper 169.41,exit long: close 169.16 < upper 169.62
2022-06-24,1,11,2022-06-24 09:00:00-05:00,172.956,2022-06-24 14:52:00-05:00,174.864,171.35,209.88,long: close 172.87 > upper 172.14,flatten
2022-06-28,-1,10,2022-06-28 11:00:00-05:00,174.034,2022-06-28 11:30:00-05:00,174.826,175.86,-79.2,short: close 174.08 < lower 174.53,exit short: close 174.78 > lower 174.30
2022-06-28,-1,8,2022-06-28 12:30:00-05:00,173.704,2022-06-28 14:52:00-05:00,172.626,176.0,86.24,short: close 173.76 < lower 174.06,flatten
2022-06-29,-1,19,2022-06-29 09:00:00-05:00,170.694,2022-06-29 13:30:00-05:00,170.666,171.66,5.32,short: close 170.75 < lower 171.57,exit short: close 170.62 > lower 170.57
2022-06-30,-1,8,2022-06-30 09:00:00-05:00,167.044,2022-06-30 09:30:00-05:00,167.306,169.33,-20.96,short: close 167.08 < lower 167.17,exit short: close 167.28 > lower 166.78
2022-07-01,1,14,2022-07-01 09:00:00-05:00,170.906,2022-07-01 09:11:00-05:00,169.564,169.6,-187.88,long: close 170.84 > upper 170.63,stop
2022-07-05,-1,7,2022-07-05 09:00:00-05:00,167.084,2022-07-05 09:30:00-05:00,168.156,169.70000000000002,-75.04,short: close 167.14 < lower 167.48,exit short: close 168.12 > lower 167.29
2022-07-06,-1,12,2022-07-06 10:00:00-05:00,170.874,2022-07-06 12:30:00-05:00,171.056,172.38,-21.84,short: close 170.94 < lower 171.14,exit short: close 171.02 > lower 170.71
2022-07-07,1,10,2022-07-07 09:00:00-05:00,175.156,2022-07-07 14:52:00-05:00,175.439,173.25,28.3,long: close 175.13 > upper 174.12,flatten
2022-07-11,-1,10,2022-07-11 09:30:00-05:00,172.22899999999998,2022-07-11 10:30:00-05:00,172.726,174.1,-49.7,short: close 172.30 < lower 173.06,exit short: close 172.70 > lower 172.65
2022-07-11,-1,9,2022-07-11 11:00:00-05:00,172.254,2022-07-11 12:30:00-05:00,172.926,174.32,-60.48,short: close 172.28 < lower 172.86,exit short: close 172.89 > lower 172.53
2022-07-15,1,7,2022-07-15 12:30:00-05:00,173.361,2022-07-15 13:00:00-05:00,172.894,170.71,-32.69,long: close 173.32 > upper 173.24,exit long: close 172.93 < upper 173.28
2022-07-19,1,8,2022-07-19 09:00:00-05:00,176.446,2022-07-19 14:52:00-05:00,178.694,174.18,179.84,long: close 176.41 > upper 175.95,flatten
2022-07-20,1,16,2022-07-20 09:30:00-05:00,180.39600000000002,2022-07-20 12:00:00-05:00,180.294,179.27,-16.32,long: close 180.36 > upper 179.79,exit long: close 180.33 < upper 180.40
2022-07-20,1,10,2022-07-20 13:30:00-05:00,180.796,2022-07-20 14:52:00-05:00,181.654,178.92000000000002,85.8,long: close 180.75 > upper 180.54,flatten
2022-07-21,-1,11,2022-07-21 09:30:00-05:00,179.054,2022-07-21 10:00:00-05:00,180.516,180.66,-160.82,short: close 179.08 < lower 179.37,exit short: close 180.51 > lower 179.03
2022-07-22,-1,14,2022-07-22 09:00:00-05:00,180.864,2022-07-22 10:00:00-05:00,181.366,182.20000000000002,-70.28,short: close 180.89 < lower 181.34,exit short: close 181.30 > lower 181.06
2022-07-22,-1,12,2022-07-22 10:30:00-05:00,180.894,2022-07-22 14:52:00-05:00,179.106,182.47,214.56,short: close 180.93 < lower 181.10,flatten
2022-07-28,-1,12,2022-07-28 09:30:00-05:00,182.064,2022-07-28 10:00:00-05:00,183.27100000000002,183.59,-144.84,short: close 182.11 < lower 182.31,exit short: close 183.22 > lower 182.08
2022-08-02,1,11,2022-08-02 11:30:00-05:00,188.636,2022-08-02 12:30:00-05:00,187.754,186.97,-97.02,long: close 188.57 > upper 188.50,exit long: close 187.80 < upper 188.45
2022-08-03,1,10,2022-08-03 12:30:00-05:00,189.726,2022-08-03 13:30:00-05:00,189.834,187.89000000000001,10.8,long: close 189.66 > upper 189.50,exit long: close 189.86 < upper 189.88
2022-08-05,1,9,2022-08-05 09:30:00-05:00,190.466,2022-08-05 10:00:00-05:00,190.204,188.53,-23.58,long: close 190.43 > upper 190.41,exit long: close 190.21 < upper 190.40
2022-08-08,1,13,2022-08-08 09:00:00-05:00,194.086,2022-08-08 10:43:00-05:00,192.69400000000002,192.73000000000002,-180.96,long: close 194.02 > upper 192.83,stop
2022-08-09,-1,17,2022-08-09 09:00:00-05:00,190.974,2022-08-09 14:52:00-05:00,189.816,192.05,196.86,short: close 191.03 < lower 191.36,flatten
2022-08-10,1,7,2022-08-10 10:00:00-05:00,194.89600000000002,2022-08-10 14:52:00-05:00,195.764,192.18,60.76,long: close 194.84 > upper 194.65,flatten
2022-08-11,1,10,2022-08-11 09:30:00-05:00,198.831,2022-08-11 10:30:00-05:00,197.60399999999998,196.91,-122.7,long: close 198.79 > upper 198.46,exit long: close 197.64 < upper 198.37
2022-08-12,1,14,2022-08-12 10:30:00-05:00,199.096,2022-08-12 14:52:00-05:00,200.074,197.81,136.92,long: close 199.03 > upper 198.14,flatten
2022-08-17,-1,8,2022-08-17 10:00:00-05:00,197.054,2022-08-17 12:00:00-05:00,197.586,199.37,-42.56,short: close 197.08 < lower 197.55,exit short: close 197.54 > lower 197.34
2022-08-19,-1,11,2022-08-19 09:00:00-05:00,195.184,2022-08-19 14:52:00-05:00,194.881,196.84,33.33,short: close 195.23 < lower 196.27,flatten
2022-08-22,-1,8,2022-08-22 09:30:00-05:00,190.8347,2022-08-22 10:00:00-05:00,190.926,193.11,-7.3,short: close 190.88 < lower 191.04,exit short: close 190.88 > lower 190.79
2022-08-22,-1,7,2022-08-22 12:30:00-05:00,190.514,2022-08-22 14:52:00-05:00,190.616,193.03,-7.14,short: close 190.56 < lower 190.80,flatten
2022-08-23,1,21,2022-08-23 09:00:00-05:00,192.076,2022-08-23 09:30:00-05:00,191.904,191.21,-36.12,long: close 192.03 > upper 191.66,exit long: close 191.92 < upper 191.93
2022-08-24,1,17,2022-08-24 09:30:00-05:00,192.216,2022-08-24 12:00:00-05:00,191.984,191.12,-39.44,long: close 192.18 > upper 191.99,exit long: close 192.03 < upper 192.10
2022-08-24,1,14,2022-08-24 13:00:00-05:00,192.241,2022-08-24 14:52:00-05:00,192.584,190.94,48.02,long: close 192.20 > upper 192.20,flatten
2022-08-25,1,14,2022-08-25 09:00:00-05:00,194.456,2022-08-25 10:00:00-05:00,194.514,193.16,8.12,long: close 194.39 > upper 194.21,exit long: close 194.54 < upper 194.69
2022-08-26,-1,22,2022-08-26 09:00:00-05:00,194.504,2022-08-26 14:52:00-05:00,188.89600000000002,195.32,1233.76,short: close 194.52 < lower 194.56,flatten
2022-08-30,-1,19,2022-08-30 09:00:00-05:00,186.134,2022-08-30 14:52:00-05:00,184.496,187.09,311.22,short: close 186.19 < lower 186.57,flatten
2022-09-01,-1,12,2022-09-01 09:00:00-05:00,180.274,2022-09-01 13:30:00-05:00,180.436,181.84,-19.44,short: close 180.33 < lower 181.06,exit short: close 180.41 > lower 180.14
2022-09-06,-1,15,2022-09-06 09:00:00-05:00,179.024,2022-09-06 10:00:00-05:00,179.136,180.24,-16.8,short: close 179.06 < lower 179.18,exit short: close 179.11 > lower 178.77
2022-09-06,-1,10,2022-09-06 12:30:00-05:00,178.004,2022-09-06 13:00:00-05:00,178.401,179.88,-39.7,short: close 178.07 < lower 178.52,exit short: close 178.37 > lower 178.32
2022-09-07,1,11,2022-09-07 12:00:00-05:00,180.056,2022-09-07 14:52:00-05:00,182.129,178.34,228.03,long: close 180.02 > upper 179.90,flatten
2022-09-09,1,8,2022-09-09 09:30:00-05:00,186.921,2022-09-09 10:30:00-05:00,186.684,184.66,-18.96,long: close 186.89 > upper 186.80,exit long: close 186.72 < upper 187.04
2022-09-09,1,7,2022-09-09 12:00:00-05:00,187.236,2022-09-09 12:30:00-05:00,187.224,184.68,-0.84,long: close 187.19 > upper 187.10,exit long: close 187.26 < upper 187.36
2022-09-12,1,11,2022-09-12 09:00:00-05:00,189.816,2022-09-12 09:30:00-05:00,189.414,188.14000000000001,-44.22,long: close 189.78 > upper 189.69,exit long: close 189.46 < upper 190.09
2022-09-14,-1,12,2022-09-14 09:30:00-05:00,180.674,2022-09-14 09:43:00-05:00,182.256,182.22,-189.84,short: close 180.68 < lower 180.86,stop
2022-09-16,-1,8,2022-09-16 09:00:00-05:00,177.394,2022-09-16 09:30:00-05:00,178.386,179.79,-79.36,short: close 177.41 < lower 177.98,exit short: close 178.32 > lower 177.74
2022-09-16,-1,7,2022-09-16 11:30:00-05:00,176.994,2022-09-16 12:00:00-05:00,177.776,179.61,-54.74,short: close 177.05 < lower 177.76,exit short: close 177.76 > lower 177.36
2022-09-20,-1,6,2022-09-20 13:00:00-05:00,176.72899999999998,2022-09-20 13:30:00-05:00,177.246,179.59,-31.02,short: close 176.77 < lower 176.79,exit short: close 177.21 > lower 176.93
2022-09-22,-1,13,2022-09-22 09:00:00-05:00,172.594,2022-09-22 14:52:00-05:00,172.091,173.97,65.39,short: close 172.64 < lower 173.79,flatten
2022-09-23,-1,7,2022-09-23 09:00:00-05:00,167.064,2022-09-23 14:52:00-05:00,167.206,169.51,-9.94,short: close 167.15 < lower 167.76,flatten
2022-09-27,1,8,2022-09-27 10:00:00-05:00,167.556,2022-09-27 10:30:00-05:00,165.764,165.28,-143.36,long: close 167.56 > upper 167.50,exit long: close 165.80 < upper 167.40
2022-09-28,1,10,2022-09-28 09:30:00-05:00,167.566,2022-09-28 14:52:00-05:00,170.569,165.82,300.3,long: close 167.51 > upper 166.99,flatten
2022-09-29,-1,8,2022-09-29 09:00:00-05:00,164.984,2022-09-29 14:52:00-05:00,165.831,167.29,-67.76,short: close 165.04 < lower 166.57,flatten
2022-09-30,1,12,2022-09-30 09:00:00-05:00,167.506,2022-09-30 13:00:00-05:00,166.954,166.02,-66.24,long: close 167.48 > upper 167.43,exit long: close 166.98 < upper 167.94
2022-10-03,1,7,2022-10-03 10:30:00-05:00,169.076,2022-10-03 11:00:00-05:00,168.234,166.56,-58.94,long: close 169.04 > upper 168.70,exit long: close 168.28 < upper 168.69
2022-10-03,1,6,2022-10-03 13:30:00-05:00,169.816,2022-10-03 14:52:00-05:00,169.35399999999998,166.68,-27.72,long: close 169.81 > upper 169.32,flatten
2022-10-04,1,6,2022-10-04 09:00:00-05:00,174.916,2022-10-04 12:30:00-05:00,174.324,171.92000000000002,-35.52,long: close 174.87 > upper 174.01,exit long: close 174.36 < upper 174.67
2022-10-04,1,5,2022-10-04 13:00:00-05:00,174.786,2022-10-04 13:30:00-05:00,174.394,171.24,-19.6,long: close 174.73 > upper 174.56,exit long: close 174.42 < upper 174.68
2022-10-05,-1,6,2022-10-05 09:30:00-05:00,171.569,2022-10-05 10:00:00-05:00,171.926,174.54,-21.42,short: close 171.62 < lower 171.77,exit short: close 171.89 > lower 171.67
2022-10-07,-1,8,2022-10-07 09:00:00-05:00,169.599,2022-10-07 09:30:00-05:00,170.626,171.91,-82.16,short: close 169.65 < lower 170.52,exit short: close 170.59 > lower 170.28
2022-10-07,-1,7,2022-10-07 10:30:00-05:00,170.134,2022-10-07 14:52:00-05:00,168.881,172.70000000000002,87.71,short: close 170.17 < lower 170.27,flatten
2022-10-11,-1,10,2022-10-11 09:00:00-05:00,165.324,2022-10-11 09:30:00-05:00,165.806,167.07,-48.2,short: close 165.37 < lower 165.56,exit short: close 165.78 > lower 165.42
2022-10-11,1,8,2022-10-11 12:00:00-05:00,169.701,2022-10-11 12:30:00-05:00,169.184,167.48,-41.36,long: close 169.61 > upper 169.54,exit long: close 169.21 < upper 169.74
2022-10-13,1,6,2022-10-13 11:00:00-05:00,169.786,2022-10-13 11:30:00-05:00,168.804,166.59,-58.92,long: close 169.69 > upper 168.82,exit long: close 168.81 < upper 169.12
2022-10-13,1,5,2022-10-13 12:00:00-05:00,170.14600000000002,2022-10-13 14:52:00-05:00,171.334,166.68,59.4,long: close 170.09 > upper 169.09,flatten
2022-10-14,-1,8,2022-10-14 09:30:00-05:00,169.424,2022-10-14 14:52:00-05:00,167.426,171.6,159.84,short: close 169.51 < lower 169.89,flatten
2022-10-17,1,6,2022-10-17 09:00:00-05:00,171.706,2022-10-17 10:00:00-05:00,170.984,168.75,-43.32,long: close 171.67 > upper 171.53,exit long: close 171.02 < upper 172.03
2022-10-19,-1,6,2022-10-19 12:00:00-05:00,169.924,2022-10-19 13:30:00-05:00,170.866,173.04,-56.52,short: close 169.97 < lower 170.23,exit short: close 170.86 > lower 170.26
2022-10-20,1,12,2022-10-20 09:30:00-05:00,173.196,2022-10-20 10:00:00-05:00,172.884,171.70000000000002,-37.44,long: close 173.14 > upper 172.82,exit long: close 172.90 < upper 172.97
2022-10-20,-1,8,2022-10-20 13:30:00-05:00,168.504,2022-10-20 14:00:00-05:00,169.051,170.72,-43.76,short: close 168.55 < lower 169.09,exit short: close 169.01 > lower 169.00
2022-10-21,1,8,2022-10-21 12:00:00-05:00,171.926,2022-10-21 14:52:00-05:00,172.844,169.62,73.44,long: close 171.83 > upper 171.52,flatten
2022-10-25,1,18,2022-10-25 09:00:00-05:00,176.596,2022-10-25 14:52:00-05:00,178.224,175.58,293.04,long: close 176.56 > upper 174.54,flatten
2022-10-26,1,9,2022-10-26 10:00:00-05:00,180.786,2022-10-26 12:00:00-05:00,180.634,178.82,-13.68,long: close 180.74 > upper 180.62,exit long: close 180.68 < upper 181.63
2022-10-28,1,7,2022-10-28 11:30:00-05:00,182.256,2022-10-28 13:30:00-05:00,181.994,179.64000000000001,-18.34,long: close 182.21 > upper 182.06,exit long: close 182.02 < upper 182.17
2022-11-02,-1,14,2022-11-02 09:00:00-05:00,181.264,2022-11-02 10:00:00-05:00,181.851,182.54,-82.18,short: close 181.31 < lower 181.95,exit short: close 181.79 > lower 181.40
2022-11-03,-1,9,2022-11-03 09:00:00-05:00,174.174,2022-11-03 09:25:00-05:00,176.186,176.15,-181.08,short: close 174.21 < lower 174.42,stop
2022-11-08,-1,9,2022-11-08 13:30:00-06:00,177.574,2022-11-08 14:00:00-06:00,178.786,179.62,-109.08,short: close 177.62 < lower 177.88,exit short: close 178.75 > lower 177.79
2022-11-09,-1,7,2022-11-09 13:00:00-06:00,175.85399999999998,2022-11-09 14:52:00-06:00,174.606,178.39000000000001,87.36,short: close 175.90 < lower 176.23,flatten
2022-11-10,1,4,2022-11-10 09:00:00-06:00,183.906,2022-11-10 12:00:00-06:00,183.154,179.28,-30.08,long: close 183.87 > upper 182.93,exit long: close 183.17 < upper 183.61
2022-11-10,1,3,2022-11-10 12:30:00-06:00,184.066,2022-11-10 14:52:00-06:00,185.269,178.72,36.09,long: close 184.02 > upper 183.66,flatten
2022-11-11,1,14,2022-11-11 09:00:00-06:00,187.336,2022-11-11 10:30:00-06:00,186.10399999999998,186.01,-172.48,long: close 187.48 > upper 186.88,exit long: close 186.15 < upper 187.32
2022-11-11,1,9,2022-11-11 13:30:00-06:00,187.846,2022-11-11 14:30:00-06:00,187.10399999999998,185.86,-66.78,long: close 187.82 > upper 187.54,exit long: close 187.15 < upper 187.83
2022-11-15,1,7,2022-11-15 09:30:00-06:00,189.386,2022-11-15 10:00:00-06:00,188.394,186.91,-69.44,long: close 189.35 > upper 188.88,exit long: close 188.43 < upper 189.09
2022-11-16,-1,12,2022-11-16 09:00:00-06:00,184.594,2022-11-16 14:52:00-06:00,184.266,186.12,39.36,short: close 184.63 < lower 185.60,flatten
2022-11-28,-1,11,2022-11-28 12:00:00-06:00,183.10399999999998,2022-11-28 12:30:00-06:00,183.136,184.77,-3.52,short: close 183.14 < lower 183.24,exit short: close 183.10 > lower 183.08
2022-11-28,-1,9,2022-11-28 13:00:00-06:00,182.494,2022-11-28 14:52:00-06:00,181.736,184.46,68.22,short: close 182.53 < lower 182.93,flatten
2022-11-29,1,19,2022-11-29 09:30:00-06:00,183.506,2022-11-29 10:09:00-06:00,182.524,182.56,-186.58,long: close 183.47 > upper 182.83,stop
2022-11-30,-1,18,2022-11-30 11:30:00-06:00,181.034,2022-11-30 12:30:00-06:00,181.591,182.02,-100.26,short: close 181.08 < lower 181.54,exit short: close 181.55 > lower 181.40
2022-11-30,1,14,2022-11-30 13:00:00-06:00,184.226,2022-11-30 14:52:00-06:00,186.714,182.89000000000001,348.32,long: close 184.19 > upper 183.87,flatten
2022-12-05,-1,14,2022-12-05 09:00:00-06:00,184.984,2022-12-05 14:52:00-06:00,182.486,186.3,349.72,short: close 185.15 < lower 186.14,flatten
2022-12-06,-1,21,2022-12-06 09:00:00-06:00,181.884,2022-12-06 14:52:00-06:00,180.156,182.72,362.88,short: close 181.92 < lower 182.02,flatten
2022-12-08,1,14,2022-12-08 09:00:00-06:00,181.636,2022-12-08 10:30:00-06:00,181.2065,180.36,-60.13,long: close 181.60 > upper 181.39,exit long: close 181.24 < upper 181.65
2022-12-12,1,17,2022-12-12 10:30:00-06:00,180.256,2022-12-12 13:30:00-06:00,180.044,179.19,-36.04,long: close 180.20 > upper 179.80,exit long: close 180.09 < upper 180.28
2022-12-14,1,15,2022-12-14 10:30:00-06:00,182.881,2022-12-14 11:00:00-06:00,182.334,181.63,-82.05,long: close 182.84 > upper 182.60,exit long: close 182.36 < upper 182.79
2022-12-15,-1,11,2022-12-15 09:00:00-06:00,176.914,2022-12-15 09:30:00-06:00,177.39600000000002,178.6,-53.02,short: close 176.93 < lower 177.40,exit short: close 177.37 > lower 176.82
2022-12-15,-1,8,2022-12-15 10:00:00-06:00,176.514,2022-12-15 14:00:00-06:00,176.296,178.88,17.44,short: close 176.55 < lower 176.72,exit short: close 176.26 > lower 176.25
2022-12-19,-1,22,2022-12-19 09:00:00-06:00,173.214,2022-12-19 09:21:00-06:00,174.076,174.04,-189.64,short: close 173.25 < lower 173.65,stop
2022-12-19,-1,11,2022-12-19 11:00:00-06:00,172.664,2022-12-19 12:00:00-06:00,172.881,174.32,-23.87,short: close 172.70 < lower 172.82,exit short: close 172.84 > lower 172.72
2022-12-20,1,14,2022-12-20 09:30:00-06:00,173.4966,2022-12-20 10:30:00-06:00,172.774,172.17000000000002,-101.16,long: close 173.44 > upper 173.18,exit long: close 172.80 < upper 173.39
2022-12-21,1,9,2022-12-21 10:00:00-06:00,176.496,2022-12-21 12:30:00-06:00,176.064,174.38,-38.88,long: close 176.45 > upper 175.80,exit long: close 176.10 < upper 176.20
2022-12-21,1,7,2022-12-21 13:00:00-06:00,176.365,2022-12-21 13:30:00-06:00,176.10399999999998,173.78,-18.27,long: close 176.30 > upper 176.27,exit long: close 176.14 < upper 176.22
2022-12-22,-1,13,2022-12-22 09:00:00-06:00,173.014,2022-12-22 14:00:00-06:00,172.586,174.46,55.64,short: close 173.04 < lower 173.63,exit short: close 172.54 > lower 172.50
2022-12-23,-1,24,2022-12-23 09:00:00-06:00,172.514,2022-12-23 09:00:00-06:00,173.296,173.26,-187.68,short: close 172.54 < lower 172.80,stop
2022-12-27,-1,27,2022-12-27 09:00:00-06:00,173.024,2022-12-27 09:18:00-06:00,173.70600000000002,173.67000000000002,-184.14,short: close 173.06 < lower 173.72,stop
2022-12-27,-1,12,2022-12-27 13:30:00-06:00,172.744,2022-12-27 14:00:00-06:00,173.136,174.32,-47.04,short: close 172.78 < lower 172.79,exit short: close 173.08 > lower 172.90
2022-12-28,-1,19,2022-12-28 09:30:00-06:00,172.134,2022-12-28 12:00:00-06:00,172.066,173.1,12.92,short: close 172.19 < lower 172.24,exit short: close 172.02 > lower 171.72
2022-12-28,-1,12,2022-12-28 12:30:00-06:00,171.654,2022-12-28 14:52:00-06:00,170.64600000000002,173.13,120.96,short: close 171.71 < lower 171.73,flatten
2022-12-29,1,15,2022-12-29 09:00:00-06:00,173.366,2022-12-29 14:52:00-06:00,175.10399999999998,172.12,260.7,long: close 173.33 > upper 172.38,flatten
2023-01-03,-1,7,2023-01-03 13:30:00-06:00,172.244,2023-01-03 14:00:00-06:00,173.086,174.81,-58.94,short: close 172.28 < lower 172.59,exit short: close 173.05 > lower 172.71
2023-01-04,1,13,2023-01-04 09:00:00-06:00,175.616,2023-01-04 09:30:00-06:00,174.924,174.17000000000002,-89.96,long: close 175.60 > upper 175.44,exit long: close 174.96 < upper 175.77
2023-01-04,1,7,2023-01-04 11:00:00-06:00,176.616,2023-01-04 11:30:00-06:00,176.054,174.18,-39.34,long: close 176.56 > upper 176.43,exit long: close 176.08 < upper 176.43
2023-01-05,-1,13,2023-01-05 09:00:00-06:00,173.184,2023-01-05 09:30:00-06:00,174.066,174.55,-114.66,short: close 173.23 < lower 173.71,exit short: close 174.03 > lower 173.59
2023-01-06,1,9,2023-01-06 10:00:00-06:00,177.351,2023-01-06 12:00:00-06:00,176.85399999999998,175.33,-44.73,long: close 177.27 > upper 176.51,exit long: close 176.89 < upper 176.98
2023-01-06,1,8,2023-01-06 12:30:00-06:00,177.326,2023-01-06 14:52:00-06:00,177.484,174.91,12.64,long: close 177.28 > upper 176.91,flatten
2023-01-10,1,11,2023-01-10 12:30:00-06:00,179.6373,2023-01-10 14:52:00-06:00,180.389,177.97,82.69,long: close 179.59 > upper 179.45,flatten
2023-01-12,1,9,2023-01-12 12:00:00-06:00,185.207,2023-01-12 12:30:00-06:00,184.564,183.22,-57.87,long: close 185.18 > upper 185.17,exit long: close 184.59 < upper 185.12
2023-01-12,1,9,2023-01-12 13:00:00-06:00,185.596,2023-01-12 14:52:00-06:00,185.624,183.55,2.52,long: close 185.54 > upper 185.23,flatten
2023-01-18,1,16,2023-01-18 09:00:00-06:00,188.486,2023-01-18 09:53:00-06:00,187.284,187.32,-192.32,long: close 188.44 > upper 188.30,stop
2023-01-18,-1,10,2023-01-18 11:30:00-06:00,184.874,2023-01-18 14:52:00-06:00,184.036,186.74,83.8,short: close 184.92 < lower 185.27,flatten
2023-01-19,-1,13,2023-01-19 09:30:00-06:00,181.654,2023-01-19 11:00:00-06:00,181.346,183.1,40.04,short: close 181.69 < lower 181.82,exit short: close 181.32 > lower 181.08
2023-01-20,1,15,2023-01-20 09:30:00-06:00,183.736,2023-01-20 10:00:00-06:00,182.869,182.49,-130.05,long: close 183.70 > upper 183.62,exit long: close 182.88 < upper 183.68
2023-01-23,1,18,2023-01-23 09:30:00-06:00,186.406,2023-01-23 14:00:00-06:00,186.404,185.39000000000001,-0.36,long: close 186.37 > upper 186.27,exit long: close 186.44 < upper 186.93
2023-01-25,-1,13,2023-01-25 09:00:00-06:00,183.924,2023-01-25 10:00:00-06:00,184.956,185.36,-134.16,short: close 183.96 < lower 184.71,exit short: close 184.91 > lower 184.56
2023-01-26,-1,11,2023-01-26 10:00:00-06:00,186.364,2023-01-26 10:30:00-06:00,186.996,187.96,-69.52,short: close 186.41 < lower 186.61,exit short: close 186.94 > lower 186.35
2023-01-31,1,18,2023-01-31 09:00:00-06:00,188.296,2023-01-31 14:52:00-06:00,191.114,187.3,507.24,long: close 188.26 > upper 188.21,flatten
2023-02-02,1,11,2023-02-02 09:30:00-06:00,197.066,2023-02-02 13:30:00-06:00,197.359,195.34,32.23,long: close 197.02 > upper 196.99,exit long: close 197.39 < upper 197.43
2023-02-06,-1,11,2023-02-06 09:30:00-06:00,193.874,2023-02-06 10:00:00-06:00,194.756,195.59,-97.02,short: close 193.92 < lower 194.60,exit short: close 194.74 > lower 194.50
2023-02-06,-1,9,2023-02-06 12:00:00-06:00,194.204,2023-02-06 13:00:00-06:00,194.216,196.25,-1.08,short: close 194.24 < lower 194.27,exit short: close 194.21 > lower 194.21
2023-02-07,-1,12,2023-02-07 09:30:00-06:00,192.10399999999998,2023-02-07 10:00:00-06:00,192.496,193.61,-47.04,short: close 192.13 < lower 192.27,exit short: close 192.46 > lower 192.22
2023-02-08,-1,10,2023-02-08 10:30:00-06:00,192.914,2023-02-08 11:00:00-06:00,193.316,194.77,-40.2,short: close 192.95 < lower 193.11,exit short: close 193.28 > lower 193.13
2023-02-08,-1,10,2023-02-08 13:30:00-06:00,192.754,2023-02-08 14:30:00-06:00,192.766,194.54,-1.2,short: close 192.79 < lower 193.17,exit short: close 192.72 > lower 192.65
2023-02-09,-1,9,2023-02-09 12:30:00-06:00,191.134,2023-02-09 14:52:00-06:00,190.441,193.19,62.37,short: close 191.16 < lower 191.40,flatten
2023-02-13,1,15,2023-02-13 11:00:00-06:00,191.946,2023-02-13 14:30:00-06:00,192.119,190.71,25.95,long: close 191.91 > upper 191.65,exit long: close 192.16 < upper 192.38
2023-02-15,1,8,2023-02-15 13:30:00-06:00,194.276,2023-02-15 14:00:00-06:00,194.044,192.1,-18.56,long: close 194.24 > upper 193.93,exit long: close 194.07 < upper 194.09
2023-02-21,-1,11,2023-02-21 09:00:00-06:00,189.564,2023-02-21 14:52:00-06:00,187.531,191.29,223.63,short: close 189.61 < lower 190.20,flatten
2023-02-22,1,24,2023-02-22 09:00:00-06:00,188.476,2023-02-22 09:10:00-06:00,187.704,187.74,-185.28,long: close 188.44 > upper 188.34,stop
2023-02-27,1,14,2023-02-27 09:00:00-06:00,189.676,2023-02-27 09:30:00-06:00,189.589,188.37,-12.18,long: close 189.63 > upper 189.62,exit long: close 189.62 < upper 190.03
2023-03-10,-1,18,2023-03-10 09:00:00-06:00,178.254,2023-03-10 09:06:00-06:00,179.296,179.26,-187.56,short: close 178.28 < lower 179.89,stop
2023-03-10,-1,17,2023-03-10 09:30:00-06:00,178.144,2023-03-10 10:06:00-06:00,179.23600000000002,179.20000000000002,-185.64,short: close 178.18 < lower 179.84,stop
2023-03-16,1,9,2023-03-16 10:30:00-05:00,174.816,2023-03-16 14:52:00-05:00,175.914,172.79,98.82,long: close 174.78 > upper 174.63,flatten
2023-03-17,-1,12,2023-03-17 09:30:00-05:00,172.564,2023-03-17 14:30:00-05:00,171.876,174.08,82.56,short: close 172.59 < lower 173.52,exit short: close 171.85 > lower 171.78
2023-03-20,1,12,2023-03-20 09:00:00-05:00,173.976,2023-03-20 11:00:00-05:00,173.884,172.51,-11.04,long: close 173.91 > upper 173.67,exit long: close 173.93 < upper 174.40
2023-03-21,1,9,2023-03-21 09:00:00-05:00,177.39600000000002,2023-03-21 09:30:00-05:00,176.504,175.26,-80.28,long: close 177.36 > upper 177.18,exit long: close 176.52 < upper 177.17
2023-03-23,1,19,2023-03-23 09:30:00-05:00,173.206,2023-03-23 10:30:00-05:00,173.494,172.26,54.72,long: close 173.17 > upper 172.86,exit long: close 173.52 < upper 173.62
2023-03-31,1,15,2023-03-31 09:30:00-05:00,177.676,2023-03-31 13:00:00-05:00,177.594,176.45000000000002,-12.3,long: close 177.64 > upper 177.01,exit long: close 177.62 < upper 177.85
2023-04-03,1,19,2023-04-03 09:30:00-05:00,179.746,2023-04-03 09:39:00-05:00,178.754,178.79,-188.48,long: close 179.71 > upper 179.63,stop
2023-04-03,-1,13,2023-04-03 10:00:00-05:00,177.174,2023-04-03 11:00:00-05:00,177.786,178.6,-79.56,short: close 177.20 < lower 177.24,exit short: close 177.74 > lower 177.16
2023-04-04,-1,25,2023-04-04 09:00:00-05:00,177.284,2023-04-04 14:52:00-05:00,175.076,177.98,552.0,short: close 177.31 < lower 178.01,flatten
2023-04-05,-1,13,2023-04-05 09:30:00-05:00,173.234,2023-04-05 10:30:00-05:00,172.89600000000002,174.65,43.94,short: close 173.27 < lower 173.35,exit short: close 172.85 > lower 172.65
2023-04-05,-1,10,2023-04-05 11:30:00-05:00,172.874,2023-04-05 12:00:00-05:00,172.936,174.71,-6.2,short: close 172.93 < lower 172.94,exit short: close 172.90 > lower 172.62
2023-04-10,1,19,2023-04-10 09:00:00-05:00,174.506,2023-04-10 10:00:00-05:00,174.754,173.54,47.12,long: close 174.47 > upper 174.47,exit long: close 174.77 < upper 175.16
2023-04-10,1,12,2023-04-10 12:30:00-05:00,175.246,2023-04-10 14:52:00-05:00,175.734,173.68,58.56,long: close 175.19 > upper 175.07,flatten
2023-05-08,-1,13,2023-05-08 10:30:00-05:00,173.394,2023-05-08 11:00:00-05:00,173.626,174.81,-30.16,short: close 173.42 < lower 173.45,exit short: close 173.58 > lower 173.31
2023-05-12,-1,11,2023-05-12 13:00:00-05:00,171.684,2023-05-12 13:30:00-05:00,171.976,173.28,-32.12,short: close 171.73 < lower 171.75,exit short: close 171.94 > lower 171.74
2023-05-15,1,13,2023-05-15 10:30:00-05:00,174.506,2023-05-15 11:00:00-05:00,174.314,173.07,-24.96,long: close 174.48 > upper 174.46,exit long: close 174.36 < upper 174.58
2023-05-15,1,11,2023-05-15 12:00:00-05:00,175.181,2023-05-15 13:30:00-05:00,174.639,173.5,-59.62,long: close 175.15 > upper 174.70,exit long: close 174.68 < upper 174.74
2023-05-17,1,10,2023-05-17 11:00:00-05:00,174.701,2023-05-17 14:52:00-05:00,176.294,172.89000000000001,159.3,long: close 174.66 > upper 174.65,flatten
2023-05-19,-1,10,2023-05-19 11:00:00-05:00,175.824,2023-05-19 12:00:00-05:00,176.076,177.73,-25.2,short: close 175.85 < lower 175.97,exit short: close 176.04 > lower 175.81
2023-05-19,-1,9,2023-05-19 13:00:00-05:00,175.624,2023-05-19 14:00:00-05:00,176.036,177.69,-37.08,short: close 175.65 < lower 175.80,exit short: close 176.01 > lower 175.81
2023-05-22,1,11,2023-05-22 11:00:00-05:00,178.366,2023-05-22 14:52:00-05:00,177.994,176.70000000000002,-40.92,long: close 178.33 > upper 178.02,flatten
2023-05-23,1,23,2023-05-23 09:00:00-05:00,179.086,2023-05-23 11:30:00-05:00,179.254,178.31,38.64,long: close 179.04 > upper 178.86,exit long: close 179.30 < upper 179.51
2023-05-24,-1,18,2023-05-24 09:00:00-05:00,175.10399999999998,2023-05-24 10:30:00-05:00,175.606,176.13,-90.36,short: close 175.15 < lower 175.97,exit short: close 175.57 > lower 175.30
2023-05-24,-1,11,2023-05-24 11:30:00-05:00,175.114,2023-05-24 13:00:00-05:00,175.336,176.79,-24.42,short: close 175.13 < lower 175.32,exit short: close 175.32 > lower 175.15
2023-05-25,-1,17,2023-05-25 09:30:00-05:00,174.014,2023-05-25 12:30:00-05:00,174.116,175.09,-17.34,short: close 174.04 < lower 174.32,exit short: close 174.08 > lower 173.84
2023-06-01,-1,29,2023-06-01 09:00:00-05:00,173.114,2023-06-01 09:04:00-05:00,173.746,173.71,-183.28,short: close 173.12 < lower 173.16,stop
2023-06-01,1,12,2023-06-01 10:30:00-05:00,175.726,2023-06-01 14:52:00-05:00,175.484,174.26,-29.04,long: close 175.68 > upper 175.24,flatten
2023-06-02,1,8,2023-06-02 10:00:00-05:00,179.496,2023-06-02 14:52:00-05:00,181.744,177.17000000000002,179.84,long: close 179.45 > upper 179.17,flatten
2023-06-05,-1,19,2023-06-05 09:00:00-05:00,180.174,2023-06-05 10:30:00-05:00,179.906,181.11,50.92,short: close 180.21 < lower 180.67,exit short: close 179.88 > lower 179.70
2023-06-06,1,19,2023-06-06 09:00:00-05:00,180.906,2023-06-06 14:52:00-05:00,184.624,179.98,706.42,long: close 180.86 > upper 180.16,flatten
2023-06-07,1,17,2023-06-07 09:00:00-05:00,187.461,2023-06-07 09:25:00-05:00,186.374,186.41,-184.79,long: close 187.42 > upper 185.69,stop
2023-06-07,1,11,2023-06-07 09:30:00-05:00,186.556,2023-06-07 11:00:00-05:00,186.414,184.82,-15.62,long: close 186.54 > upper 186.38,exit long: close 186.44 < upper 186.96
2023-06-08,-1,17,2023-06-08 09:00:00-05:00,185.574,2023-06-08 09:30:00-05:00,185.616,186.65,-7.14,short: close 185.60 < lower 185.89,exit short: close 185.59 > lower 185.18
2023-06-12,1,18,2023-06-12 09:00:00-05:00,186.236,2023-06-12 09:30:00-05:00,186.034,185.23,-36.36,long: close 186.21 > upper 186.12,exit long: close 186.06 < upper 186.70
2023-06-13,1,15,2023-06-13 09:00:00-05:00,187.536,2023-06-13 10:00:00-05:00,187.894,186.3,53.7,long: close 187.51 > upper 187.38,exit long: close 187.93 < upper 188.11
2023-06-13,1,9,2023-06-13 12:00:00-05:00,188.276,2023-06-13 13:30:00-05:00,187.534,186.24,-66.78,long: close 188.25 > upper 188.19,exit long: close 187.58 < upper 188.13
2023-06-14,-1,9,2023-06-14 13:30:00-05:00,184.809,2023-06-14 14:00:00-05:00,186.126,186.77,-118.53,short: close 184.84 < lower 186.17,exit short: close 186.04 > lower 185.99
2023-06-16,-1,16,2023-06-16 09:00:00-05:00,186.514,2023-06-16 09:30:00-05:00,186.926,187.64000000000001,-65.92,short: close 186.53 < lower 186.60,exit short: close 186.92 > lower 186.05
2023-06-16,-1,11,2023-06-16 10:00:00-05:00,185.974,2023-06-16 11:30:00-05:00,186.006,187.68,-3.52,short: close 186.00 < lower 186.02,exit short: close 185.97 > lower 185.77
2023-06-22,-1,15,2023-06-22 09:00:00-05:00,182.994,2023-06-22 09:30:00-05:00,183.846,184.17000000000002,-127.8,short: close 183.03 < lower 183.33,exit short: close 183.82 > lower 182.99
2023-06-26,1,17,2023-06-26 09:00:00-05:00,182.196,2023-06-26 09:30:00-05:00,181.664,181.15,-90.44,long: close 182.17 > upper 181.47,exit long: close 181.71 < upper 181.75
2023-06-26,1,14,2023-06-26 11:00:00-05:00,181.856,2023-06-26 11:30:00-05:00,181.034,180.56,-115.08,long: close 181.83 > upper 181.72,exit long: close 181.07 < upper 181.70
2023-06-27,1,13,2023-06-27 10:00:00-05:00,182.781,2023-06-27 14:52:00-05:00,183.569,181.34,102.44,long: close 182.74 > upper 182.43,flatten
2023-07-14,-1,16,2023-07-14 09:00:00-05:00,192.074,2023-07-14 14:52:00-05:00,191.496,193.24,92.48,short: close 192.14 < lower 192.21,flatten
2023-07-17,1,15,2023-07-17 09:00:00-05:00,192.996,2023-07-17 14:52:00-05:00,193.689,191.8,103.95,long: close 192.96 > upper 192.66,flatten
2023-07-18,1,16,2023-07-18 09:00:00-05:00,195.996,2023-07-18 14:52:00-05:00,196.054,194.88,9.28,long: close 195.97 > upper 194.77,flatten
2023-07-20,-1,12,2023-07-20 09:30:00-05:00,194.614,2023-07-20 14:52:00-05:00,195.076,196.20000000000002,-55.44,short: close 194.68 < lower 195.27,flatten
2023-10-03,-1,15,2023-10-03 09:30:00-05:00,171.544,2023-10-03 14:52:00-05:00,171.331,172.73,31.95,short: close 171.58 < lower 172.30,flatten
2023-10-04,-1,24,2023-10-04 09:30:00-05:00,169.084,2023-10-04 10:11:00-05:00,169.866,169.83,-187.68,short: close 169.11 < lower 170.32,stop
2023-10-13,-1,10,2023-10-13 11:00:00-05:00,170.234,2023-10-13 11:30:00-05:00,170.886,172.0,-65.2,short: close 170.28 < lower 170.29,exit short: close 170.85 > lower 170.36
2023-10-13,-1,9,2023-10-13 12:30:00-05:00,169.774,2023-10-13 13:00:00-05:00,170.14600000000002,171.71,-33.48,short: close 169.82 < lower 170.13,exit short: close 170.12 > lower 169.92
2023-10-16,1,10,2023-10-16 10:00:00-05:00,173.066,2023-10-16 10:30:00-05:00,172.97899999999998,171.21,-8.7,long: close 173.03 > upper 172.87,exit long: close 173.01 < upper 173.03
2023-10-17,1,15,2023-10-17 09:00:00-05:00,174.106,2023-10-17 14:52:00-05:00,174.889,172.91,117.45,long: close 174.06 > upper 173.67,flatten
2023-10-18,-1,13,2023-10-18 09:00:00-05:00,172.484,2023-10-18 09:30:00-05:00,172.806,173.92000000000002,-41.86,short: close 172.52 < lower 172.88,exit short: close 172.78 > lower 172.43
2023-10-18,-1,9,2023-10-18 10:00:00-05:00,172.204,2023-10-18 10:30:00-05:00,172.566,174.25,-32.58,short: close 172.24 < lower 172.27,exit short: close 172.53 > lower 172.08
2023-10-20,-1,16,2023-10-20 09:30:00-05:00,167.194,2023-10-20 10:00:00-05:00,167.506,168.36,-49.92,short: close 167.24 < lower 167.49,exit short: close 167.46 > lower 167.29
2023-10-20,-1,13,2023-10-20 10:30:00-05:00,167.064,2023-10-20 11:00:00-05:00,167.726,168.5,-86.06,short: close 167.10 < lower 167.22,exit short: close 167.68 > lower 166.99
2023-10-26,1,13,2023-10-26 10:00:00-05:00,165.496,2023-10-26 10:30:00-05:00,164.664,164.05,-108.16,long: close 165.45 > upper 165.41,exit long: close 164.69 < upper 165.58
2023-10-27,-1,20,2023-10-27 09:00:00-05:00,162.914,2023-10-27 10:00:00-05:00,163.206,163.83,-58.4,short: close 162.96 < lower 163.41,exit short: close 163.16 > lower 162.89
2023-10-27,-1,11,2023-10-27 12:00:00-05:00,162.544,2023-10-27 14:52:00-05:00,162.086,164.20000000000002,50.38,short: close 162.57 < lower 162.68,flatten
2023-10-31,1,13,2023-10-31 11:00:00-05:00,164.826,2023-10-31 11:30:00-05:00,164.324,163.47,-65.26,long: close 164.79 > upper 164.63,exit long: close 164.36 < upper 164.75
2023-11-02,1,8,2023-11-02 13:00:00-05:00,169.136,2023-11-02 14:52:00-05:00,169.804,166.82,53.44,long: close 169.10 > upper 168.91,flatten
2023-11-03,1,9,2023-11-03 09:00:00-05:00,175.076,2023-11-03 10:00:00-05:00,173.924,172.95000000000002,-103.68,long: close 175.04 > upper 173.48,exit long: close 173.96 < upper 173.97
2023-11-03,1,7,2023-11-03 10:30:00-05:00,174.206,2023-11-03 14:52:00-05:00,174.564,171.74,25.06,long: close 174.17 > upper 173.82,flatten
2023-11-06,-1,21,2023-11-06 09:00:00-06:00,173.044,2023-11-06 14:52:00-06:00,172.131,173.92000000000002,191.73,short: close 173.08 < lower 173.58,flatten
2023-11-08,-1,19,2023-11-08 09:30:00-06:00,170.179,2023-11-08 14:52:00-06:00,169.986,171.12,36.67,short: close 170.22 < lower 170.83,flatten
2023-11-09,-1,11,2023-11-09 13:00:00-06:00,168.124,2023-11-09 14:52:00-06:00,167.256,169.79,95.48,short: close 168.16 < lower 168.79,flatten
2023-11-10,1,10,2023-11-10 13:30:00-06:00,169.616,2023-11-10 14:00:00-06:00,169.324,167.87,-29.2,long: close 169.59 > upper 169.52,exit long: close 169.36 < upper 169.66
2023-11-14,1,6,2023-11-14 09:00:00-06:00,175.796,2023-11-14 14:52:00-06:00,178.174,172.64000000000001,142.68,long: close 175.76 > upper 174.87,flatten
2023-11-15,1,24,2023-11-15 09:00:00-06:00,179.766,2023-11-15 12:00:00-06:00,179.574,179.02,-46.08,long: close 179.72 > upper 179.14,exit long: close 179.61 < upper 179.82
2023-11-16,-1,16,2023-11-16 09:00:00-06:00,176.934,2023-11-16 14:52:00-06:00,176.046,178.05,142.08,short: close 176.96 < lower 177.34,flatten
2023-11-21,-1,14,2023-11-21 09:00:00-06:00,177.314,2023-11-21 09:30:00-06:00,177.626,178.6,-43.68,short: close 177.34 < lower 177.49,exit short: close 177.58 > lower 177.08
2023-11-24,1,23,2023-11-24 09:00:00-06:00,178.951,2023-11-24 10:00:00-06:00,179.424,178.17000000000002,108.79,long: close 178.92 > upper 178.87,exit long: close 179.45 < upper 179.50
2023-11-28,-1,26,2023-11-28 09:00:00-06:00,177.504,2023-11-28 09:30:00-06:00,177.866,178.17000000000002,-94.12,short: close 177.54 < lower 177.97,exit short: close 177.84 > lower 177.45
2023-11-29,1,13,2023-11-29 09:00:00-06:00,181.616,2023-11-29 09:23:00-06:00,180.184,180.22,-186.16,long: close 181.58 > upper 180.19,stop
2023-12-01,1,15,2023-12-01 09:30:00-06:00,180.726,2023-12-01 14:52:00-06:00,184.85229999999999,179.54,618.94,long: close 180.68 > upper 180.57,flatten
2023-12-04,1,11,2023-12-04 11:30:00-06:00,186.566,2023-12-04 12:30:00-06:00,186.164,184.94,-44.22,long: close 186.54 > upper 186.23,exit long: close 186.20 < upper 186.28
2023-12-04,1,11,2023-12-04 13:30:00-06:00,186.331,2023-12-04 14:52:00-06:00,186.834,184.68,55.33,long: close 186.29 > upper 186.24,flatten
2023-12-05,-1,14,2023-12-05 09:00:00-06:00,184.984,2023-12-05 09:30:00-06:00,185.116,186.28,-18.48,short: close 185.03 < lower 185.16,exit short: close 185.06 > lower 184.93
2023-12-05,-1,10,2023-12-05 11:30:00-06:00,184.634,2023-12-05 12:00:00-06:00,184.6654,186.4,-3.14,short: close 184.67 < lower 184.69,exit short: close 184.64 > lower 184.60
2023-12-06,1,12,2023-12-06 09:00:00-06:00,187.376,2023-12-06 09:30:00-06:00,186.554,185.88,-98.64,long: close 187.34 > upper 186.56,exit long: close 186.59 < upper 186.73
2023-12-14,1,7,2023-12-14 09:00:00-06:00,199.076,2023-12-14 12:30:00-06:00,197.274,196.52,-126.14,long: close 199.04 > upper 197.80,exit long: close 197.31 < upper 198.04
2023-12-15,-1,13,2023-12-15 12:00:00-06:00,197.144,2023-12-15 14:30:00-06:00,197.4442,198.51,-39.03,short: close 197.19 < lower 197.48,exit short: close 197.40 > lower 196.92
2023-12-19,1,11,2023-12-19 09:00:00-06:00,200.686,2023-12-19 14:52:00-06:00,201.004,199.0,34.98,long: close 200.65 > upper 199.47,flatten
2023-12-22,1,12,2023-12-22 09:00:00-06:00,202.14600000000002,2023-12-22 10:00:00-06:00,201.154,200.65,-119.04,long: close 202.11 > upper 201.82,exit long: close 201.21 < upper 201.67
2023-12-22,1,13,2023-12-22 10:30:00-06:00,201.866,2023-12-22 13:30:00-06:00,200.524,200.41,-174.46,long: close 201.81 > upper 201.78,exit long: close 200.58 < upper 202.27
2023-12-26,1,15,2023-12-26 11:00:00-06:00,203.126,2023-12-26 14:52:00-06:00,204.22899999999998,201.91,165.45,long: close 203.09 > upper 203.05,flatten
2023-12-29,-1,17,2023-12-29 09:30:00-06:00,202.464,2023-12-29 14:30:00-06:00,201.976,203.56,82.96,short: close 202.50 < lower 202.63,exit short: close 201.94 > lower 201.90
2024-01-03,-1,10,2024-01-03 09:00:00-06:00,196.194,2024-01-03 09:30:00-06:00,196.656,198.08,-46.2,short: close 196.25 < lower 196.60,exit short: close 196.64 > lower 196.63
2024-01-03,-1,10,2024-01-03 10:00:00-06:00,196.374,2024-01-03 10:30:00-06:00,196.756,198.19,-38.2,short: close 196.42 < lower 196.66,exit short: close 196.73 > lower 196.45
2024-01-05,1,14,2024-01-05 09:30:00-06:00,194.766,2024-01-05 10:30:00-06:00,194.114,193.42000000000002,-91.28,long: close 194.71 > upper 194.63,exit long: close 194.14 < upper 194.85
2024-01-08,1,21,2024-01-08 09:30:00-06:00,194.316,2024-01-08 14:52:00-06:00,196.599,193.48000000000002,479.43,long: close 194.27 > upper 194.12,flatten
2024-01-10,-1,22,2024-01-10 09:00:00-06:00,193.874,2024-01-10 09:30:00-06:00,194.356,194.67000000000002,-106.04,short: close 193.92 < lower 194.05,exit short: close 194.33 > lower 193.87
2024-01-11,-1,21,2024-01-11 09:00:00-06:00,193.484,2024-01-11 14:00:00-06:00,193.826,194.36,-71.82,short: close 193.51 < lower 193.87,exit short: close 193.78 > lower 193.51
2024-01-23,-1,9,2024-01-23 11:30:00-06:00,195.224,2024-01-23 12:00:00-06:00,195.496,197.34,-24.48,short: close 195.26 < lower 195.31,exit short: close 195.46 > lower 195.35
2024-01-23,-1,10,2024-01-23 12:30:00-06:00,195.289,2024-01-23 13:00:00-06:00,195.926,197.14000000000001,-63.7,short: close 195.31 < lower 195.58,exit short: close 195.90 > lower 195.45
2024-01-24,-1,7,2024-01-24 13:30:00-06:00,194.539,2024-01-24 14:00:00-06:00,194.906,197.04,-25.69,short: close 194.57 < lower 194.66,exit short: close 194.87 > lower 194.68
2024-02-05,-1,11,2024-02-05 09:00:00-06:00,191.634,2024-02-05 11:30:00-06:00,191.886,193.31,-27.72,short: close 191.68 < lower 191.78,exit short: close 191.84 > lower 191.30
2024-02-06,1,22,2024-02-06 09:00:00-06:00,193.006,2024-02-06 11:00:00-06:00,192.944,192.21,-13.64,long: close 192.96 > upper 192.59,exit long: close 192.97 < upper 193.10
2024-02-06,1,15,2024-02-06 11:30:00-06:00,193.306,2024-02-06 12:00:00-06:00,192.819,192.05,-73.05,long: close 193.25 > upper 193.06,exit long: close 192.85 < upper 193.00
2024-02-07,-1,19,2024-02-07 09:00:00-06:00,192.159,2024-02-07 09:27:00-06:00,193.17600000000002,193.14000000000001,-193.23,short: close 192.20 < lower 192.86,stop
2024-02-08,1,18,2024-02-08 09:30:00-06:00,194.856,2024-02-08 10:30:00-06:00,194.564,193.84,-52.56,long: close 194.82 > upper 194.31,exit long: close 194.61 < upper 194.67
2024-02-08,1,14,2024-02-08 11:00:00-06:00,195.111,2024-02-08 14:52:00-06:00,195.954,193.83,118.02,long: close 195.08 > upper 194.57,flatten
2024-02-09,1,11,2024-02-09 11:30:00-06:00,198.296,2024-02-09 14:52:00-06:00,198.999,196.68,77.33,long: close 198.26 > upper 198.19,flatten
2024-02-12,1,19,2024-02-12 09:00:00-06:00,201.936,2024-02-12 09:15:00-06:00,200.94400000000002,200.98000000000002,-188.48,long: close 201.89 > upper 200.59,stop
2024-02-12,1,17,2024-02-12 09:30:00-06:00,201.866,2024-02-12 14:52:00-06:00,203.114,200.81,212.16,long: close 201.82 > upper 200.70,flatten
2024-02-15,1,11,2024-02-15 09:00:00-06:00,201.826,2024-02-15 10:00:00-06:00,201.584,200.23000000000002,-26.62,long: close 201.78 > upper 201.71,exit long: close 201.62 < upper 202.10
2024-02-15,1,10,2024-02-15 11:30:00-06:00,202.576,2024-02-15 14:52:00-06:00,204.324,200.71,174.8,long: close 202.54 > upper 201.98,flatten
2024-02-22,1,14,2024-02-22 12:00:00-06:00,199.931,2024-02-22 12:30:00-06:00,199.279,198.64000000000001,-91.28,long: close 199.88 > upper 199.57,exit long: close 199.31 < upper 199.71
2024-02-23,1,17,2024-02-23 12:00:00-06:00,200.826,2024-02-23 13:00:00-06:00,200.85399999999998,199.76,4.76,long: close 200.80 > upper 200.64,exit long: close 200.88 < upper 200.92
2024-02-26,1,21,2024-02-26 09:00:00-06:00,201.636,2024-02-26 09:17:00-06:00,200.734,200.77,-189.42,long: close 201.57 > upper 200.69,stop
2024-02-26,1,21,2024-02-26 09:30:00-06:00,201.296,2024-02-26 12:25:00-06:00,200.38400000000001,200.42000000000002,-191.52,long: close 201.25 > upper 200.70,stop
2024-03-01,1,18,2024-03-01 09:30:00-06:00,205.666,2024-03-01 14:30:00-06:00,205.714,204.66,8.64,long: close 205.62 > upper 205.09,exit long: close 205.75 < upper 206.04
2024-04-03,1,10,2024-04-03 10:00:00-05:00,206.016,2024-04-03 11:00:00-05:00,205.444,204.23000000000002,-57.2,long: close 205.96 > upper 205.76,exit long: close 205.47 < upper 205.98
2024-04-03,1,9,2024-04-03 11:30:00-05:00,206.136,2024-04-03 12:00:00-05:00,205.964,204.14000000000001,-15.48,long: close 206.10 > upper 205.96,exit long: close 206.00 < upper 206.03
2024-04-12,-1,12,2024-04-12 09:30:00-05:00,199.994,2024-04-12 10:30:00-05:00,200.236,201.51,-29.04,short: close 200.04 < lower 200.26,exit short: close 200.19 > lower 200.08
2024-04-12,-1,11,2024-04-12 11:00:00-05:00,200.014,2024-04-12 14:52:00-05:00,198.426,201.73000000000002,174.68,short: close 200.06 < lower 200.06,flatten
2024-04-15,-1,14,2024-04-15 09:30:00-05:00,197.594,2024-04-15 11:00:00-05:00,198.026,198.87,-60.48,short: close 197.62 < lower 197.75,exit short: close 197.99 > lower 197.60
2024-04-15,-1,12,2024-04-15 11:30:00-05:00,197.234,2024-04-15 14:52:00-05:00,195.846,198.70000000000002,166.56,short: close 197.26 < lower 197.56,flatten
2024-04-16,-1,17,2024-04-16 09:00:00-05:00,193.884,2024-04-16 09:30:00-05:00,193.956,194.94,-12.24,short: close 193.92 < lower 194.05,exit short: close 193.93 > lower 193.43
2024-04-17,-1,10,2024-04-17 11:30:00-05:00,193.674,2024-04-17 12:30:00-05:00,194.706,195.57,-103.2,short: close 193.72 < lower 193.89,exit short: close 194.69 > lower 193.68
2024-04-18,1,12,2024-04-18 10:00:00-05:00,195.156,2024-04-18 11:00:00-05:00,194.774,193.69,-45.84,long: close 195.11 > upper 194.85,exit long: close 194.81 < upper 194.86
2024-04-19,1,22,2024-04-19 09:00:00-05:00,194.136,2024-04-19 09:17:00-05:00,193.294,193.33,-185.24,long: close 194.10 > upper 193.17,stop
2024-04-22,1,10,2024-04-22 13:00:00-05:00,195.886,2024-04-22 14:30:00-05:00,195.494,194.09,-39.2,long: close 195.84 > upper 195.45,exit long: close 195.52 < upper 195.83
2024-04-24,-1,15,2024-04-24 11:00:00-05:00,196.694,2024-04-24 12:00:00-05:00,197.126,197.89000000000001,-64.8,short: close 196.74 < lower 197.14,exit short: close 197.09 > lower 196.93
2024-04-26,1,20,2024-04-26 09:00:00-05:00,198.416,2024-04-26 10:00:00-05:00,198.054,197.51,-72.4,long: close 198.34 > upper 197.66,exit long: close 198.08 < upper 198.13
2024-04-26,1,15,2024-04-26 11:00:00-05:00,198.236,2024-04-26 14:52:00-05:00,198.504,196.99,40.2,long: close 198.19 > upper 198.00,flatten
2024-04-30,-1,8,2024-04-30 12:00:00-05:00,196.704,2024-04-30 12:30:00-05:00,196.926,198.91,-17.76,short: close 196.74 < lower 196.81,exit short: close 196.87 > lower 196.72
2024-05-07,1,14,2024-05-07 11:00:00-05:00,206.006,2024-05-07 12:00:00-05:00,205.774,204.74,-32.48,long: close 205.97 > upper 205.88,exit long: close 205.81 < upper 205.99
2024-05-10,-1,17,2024-05-10 09:30:00-05:00,204.514,2024-05-10 14:52:00-05:00,204.346,205.61,28.56,short: close 204.53 < lower 204.98,flatten
2024-06-12,1,5,2024-06-12 09:30:00-05:00,207.066,2024-06-12 10:00:00-05:00,206.404,203.66,-33.1,long: close 207.04 > upper 206.64,exit long: close 206.44 < upper 206.74
2024-06-13,-1,19,2024-06-13 09:00:00-05:00,202.029,2024-06-13 14:52:00-05:00,201.991,202.98000000000002,7.22,short: close 202.06 < lower 202.57,flatten
2024-06-14,-1,9,2024-06-14 09:30:00-05:00,198.684,2024-06-14 10:00:00-05:00,198.876,200.64000000000001,-17.28,short: close 198.71 < lower 198.77,exit short: close 198.84 > lower 198.77
2024-06-14,-1,9,2024-06-14 11:00:00-05:00,198.414,2024-06-14 12:30:00-05:00,198.706,200.52,-26.28,short: close 198.46 < lower 198.62,exit short: close 198.69 > lower 198.55
2024-06-17,1,12,2024-06-17 13:00:00-05:00,200.126,2024-06-17 14:52:00-05:00,200.254,198.66,15.36,long: close 200.08 > upper 199.94,flatten
2024-06-20,1,24,2024-06-20 09:00:00-05:00,201.516,2024-06-20 09:30:00-05:00,201.454,200.76,-14.88,long: close 201.47 > upper 201.30,exit long: close 201.50 < upper 201.58
2024-07-17,1,10,2024-07-17 09:00:00-05:00,225.751,2024-07-17 09:08:00-05:00,223.894,223.93,-185.7,long: close 225.71 > upper 225.29,stop
2024-07-18,1,13,2024-07-18 09:00:00-05:00,224.066,2024-07-18 09:41:00-05:00,222.644,222.68,-184.86,long: close 224.03 > upper 223.26,stop
2024-07-18,-1,12,2024-07-18 11:00:00-05:00,220.27609999999999,2024-07-18 12:00:00-05:00,221.076,221.76,-95.99,short: close 220.33 < lower 220.39,exit short: close 221.05 > lower 220.37
2024-07-19,-1,13,2024-07-19 10:30:00-05:00,215.884,2024-07-19 10:59:00-05:00,217.286,217.25,-182.26,short: close 215.93 < lower 216.46,stop
2024-07-22,1,12,2024-07-22 13:00:00-05:00,218.986,2024-07-22 13:30:00-05:00,218.814,217.41,-20.64,long: close 218.94 > upper 218.82,exit long: close 218.85 < upper 219.05
2024-07-23,1,11,2024-07-23 09:30:00-05:00,222.456,2024-07-23 14:52:00-05:00,222.964,220.74,55.88,long: close 222.41 > upper 221.45,flatten
2024-07-25,1,12,2024-07-25 09:00:00-05:00,220.076,2024-07-25 09:09:00-05:00,218.554,218.59,-182.64,long: close 220.02 > upper 219.68,stop
2024-07-25,1,11,2024-07-25 09:30:00-05:00,220.846,2024-07-25 14:52:00-05:00,220.914,219.14000000000001,7.48,long: close 220.81 > upper 219.90,flatten
2024-07-29,-1,10,2024-07-29 10:00:00-05:00,222.344,2024-07-29 14:52:00-05:00,222.426,224.11,-8.2,short: close 222.37 < lower 222.71,flatten
2024-08-01,-1,12,2024-08-01 09:30:00-05:00,220.054,2024-08-01 14:52:00-05:00,217.356,221.59,323.76,short: close 220.07 < lower 222.31,flatten
2024-08-06,1,10,2024-08-06 10:00:00-05:00,205.586,2024-08-06 10:28:00-05:00,203.69400000000002,203.73000000000002,-189.2,long: close 205.56 > upper 204.52,stop
2024-08-06,1,8,2024-08-06 11:30:00-05:00,205.256,2024-08-06 14:52:00-05:00,204.584,202.88,-53.76,long: close 205.21 > upper 205.04,flatten
2024-08-07,-1,4,2024-08-07 13:30:00-05:00,201.984,2024-08-07 14:00:00-05:00,201.976,206.05,0.32,short: close 202.03 < lower 202.09,exit short: close 201.95 > lower 201.85
2024-08-12,-1,22,2024-08-12 09:00:00-05:00,204.624,2024-08-12 09:07:00-05:00,205.45600000000002,205.42000000000002,-183.04,short: close 204.65 < lower 205.69,stop
2024-08-12,-1,8,2024-08-12 12:00:00-05:00,204.024,2024-08-12 12:30:00-05:00,204.706,206.41,-54.56,short: close 204.07 < lower 204.10,exit short: close 204.67 > lower 203.99
2024-08-14,-1,16,2024-08-14 09:00:00-05:00,206.614,2024-08-14 09:30:00-05:00,206.836,207.72,-35.52,short: close 206.61 < lower 207.15,exit short: close 206.78 > lower 206.62
2024-08-16,1,16,2024-08-16 09:00:00-05:00,213.376,2024-08-16 09:25:00-05:00,212.174,212.21,-192.32,long: close 213.35 > upper 212.87,stop
2024-08-20,-1,13,2024-08-20 09:30:00-05:00,213.144,2024-08-20 13:30:00-05:00,213.031,214.53,14.69,short: close 213.20 < lower 213.65,exit short: close 212.99 > lower 212.29
2024-08-22,-1,12,2024-08-22 11:00:00-05:00,213.984,2024-08-22 11:30:00-05:00,214.936,215.48000000000002,-114.24,short: close 213.99 < lower 214.01,exit short: close 214.90 > lower 213.49
2024-08-23,1,10,2024-08-23 09:30:00-05:00,219.316,2024-08-23 14:52:00-05:00,219.994,217.41,67.8,long: close 219.27 > upper 216.30,flatten
2024-08-27,-1,12,2024-08-27 09:00:00-05:00,217.934,2024-08-27 09:30:00-05:00,218.876,219.45000000000002,-113.04,short: close 217.95 < lower 218.15,exit short: close 218.86 > lower 217.64
2024-08-29,1,10,2024-08-29 09:30:00-05:00,219.956,2024-08-29 10:00:00-05:00,218.924,218.18,-103.2,long: close 219.91 > upper 219.82,exit long: close 218.97 < upper 219.96
2024-08-29,1,8,2024-08-29 12:30:00-05:00,220.476,2024-08-29 13:30:00-05:00,219.764,218.29,-56.96,long: close 220.44 > upper 220.24,exit long: close 219.85 < upper 220.43
2024-09-03,-1,9,2024-09-03 09:30:00-05:00,216.274,2024-09-03 14:52:00-05:00,213.276,218.21,269.82,short: close 216.34 < lower 217.15,flatten
2024-09-04,1,12,2024-09-04 10:00:00-05:00,215.231,2024-09-04 10:30:00-05:00,213.954,213.68,-153.24,long: close 215.19 > upper 214.63,exit long: close 213.98 < upper 214.75
2024-09-05,-1,21,2024-09-05 09:00:00-05:00,212.184,2024-09-05 09:01:00-05:00,213.066,213.03,-185.22,short: close 212.20 < lower 212.41,stop
2024-09-05,-1,11,2024-09-05 10:30:00-05:00,211.164,2024-09-05 11:30:00-05:00,211.956,212.77,-87.12,short: close 211.20 < lower 211.64,exit short: close 211.94 > lower 211.39
2024-09-06,-1,18,2024-09-06 09:30:00-05:00,209.064,2024-09-06 10:01:00-05:00,210.126,210.09,-191.16,short: close 209.10 < lower 210.89,stop
2024-09-06,-1,12,2024-09-06 10:30:00-05:00,207.764,2024-09-06 14:52:00-05:00,207.986,209.23000000000002,-26.64,short: close 207.80 < lower 210.45,flatten
2024-09-09,1,31,2024-09-09 09:00:00-05:00,208.736,2024-09-09 10:00:00-05:00,208.784,208.18,14.88,long: close 208.70 > upper 208.60,exit long: close 208.82 < upper 209.68
2024-09-09,1,10,2024-09-09 12:00:00-05:00,210.126,2024-09-09 12:30:00-05:00,209.754,208.27,-37.2,long: close 210.10 > upper 209.90,exit long: close 209.80 < upper 209.87
2024-09-10,-1,29,2024-09-10 09:00:00-05:00,207.714,2024-09-10 10:00:00-05:00,207.401,208.31,90.77,short: close 207.75 < lower 208.00,exit short: close 207.37 > lower 206.97
2024-09-10,-1,10,2024-09-10 11:00:00-05:00,206.22899999999998,2024-09-10 13:00:00-05:00,207.006,208.09,-77.7,short: close 206.24 < lower 206.74,exit short: close 206.95 > lower 206.66
2024-09-11,-1,19,2024-09-11 09:00:00-05:00,206.204,2024-09-11 11:00:00-05:00,206.026,207.16,33.82,short: close 206.25 < lower 206.93,exit short: close 205.98 > lower 205.66
2024-09-13,1,10,2024-09-13 09:00:00-05:00,215.256,2024-09-13 14:52:00-05:00,216.609,213.47,135.3,long: close 215.20 > upper 214.63,flatten
2024-09-17,1,7,2024-09-17 10:30:00-05:00,221.506,2024-09-17 11:00:00-05:00,220.804,219.04,-49.14,long: close 221.47 > upper 221.10,exit long: close 220.83 < upper 221.31
2024-09-18,1,12,2024-09-18 13:30:00-05:00,223.706,2024-09-18 13:44:00-05:00,222.124,222.16,-189.84,long: close 223.67 > upper 220.84,stop
2024-09-20,-1,18,2024-09-20 09:00:00-05:00,222.184,2024-09-20 09:30:00-05:00,223.026,223.21,-151.56,short: close 222.23 < lower 222.68,exit short: close 222.98 > lower 222.18
2024-11-11,1,7,2024-11-11 11:00:00-06:00,242.216,2024-11-11 11:30:00-06:00,241.644,239.75,-40.04,long: close 242.19 > upper 241.80,exit long: close 241.68 < upper 241.85
2024-11-11,1,7,2024-11-11 12:00:00-06:00,242.006,2024-11-11 12:30:00-06:00,241.174,239.46,-58.24,long: close 241.97 > upper 241.88,exit long: close 241.21 < upper 241.89
2024-11-12,-1,8,2024-11-12 11:00:00-06:00,237.724,2024-11-12 14:52:00-06:00,237.14600000000002,239.94,46.24,short: close 237.76 < lower 238.60,flatten
2024-11-14,-1,10,2024-11-14 11:00:00-06:00,233.574,2024-11-14 14:52:00-06:00,231.451,235.32,212.3,short: close 233.62 < lower 233.76,flatten
2024-11-15,-1,15,2024-11-15 09:00:00-06:00,230.554,2024-11-15 14:52:00-06:00,228.486,231.79,310.2,short: close 230.60 < lower 230.86,flatten
2024-11-21,1,9,2024-11-21 10:00:00-06:00,233.926,2024-11-21 14:52:00-06:00,234.819,231.85,80.37,long: close 233.88 > upper 233.60,flatten
2024-11-22,1,11,2024-11-22 09:00:00-06:00,237.216,2024-11-22 09:30:00-06:00,236.484,235.62,-80.52,long: close 237.21 > upper 236.68,exit long: close 236.49 < upper 236.75
2024-11-22,1,9,2024-11-22 10:00:00-06:00,237.666,2024-11-22 14:52:00-06:00,238.669,235.55,90.27,long: close 237.63 > upper 237.20,flatten
2024-11-25,1,8,2024-11-25 09:30:00-06:00,244.216,2024-11-25 11:30:00-06:00,242.234,241.85,-158.56,long: close 244.23 > upper 242.49,exit long: close 242.28 < upper 243.45
2024-11-25,1,6,2024-11-25 12:30:00-06:00,243.536,2024-11-25 14:00:00-06:00,243.544,240.28,0.48,long: close 243.47 > upper 243.39,exit long: close 243.58 < upper 243.68
2024-11-26,-1,11,2024-11-26 09:30:00-06:00,239.804,2024-11-26 10:00:00-06:00,241.056,241.45000000000002,-137.72,short: close 239.90 < lower 240.12,exit short: close 240.96 > lower 239.57
2024-12-02,-1,17,2024-12-02 09:00:00-06:00,240.384,2024-12-02 09:21:00-06:00,241.45600000000002,241.42000000000002,-182.24,short: close 240.36 < lower 241.01,stop
2024-12-23,-1,21,2024-12-23 09:00:00-06:00,220.689,2024-12-23 10:30:00-06:00,220.586,221.56,21.63,short: close 220.66 < lower 221.02,exit short: close 220.52 > lower 220.48
2024-12-24,1,10,2024-12-24 12:00:00-06:00,223.426,2024-12-24 12:32:00-06:00,223.244,221.68,-18.2,long: close 223.47 > upper 223.44,exit long: close 223.35 < upper 223.37
2024-12-26,1,11,2024-12-26 10:30:00-06:00,224.7743,2024-12-26 12:00:00-06:00,224.464,223.17000000000002,-34.13,long: close 224.70 > upper 224.41,exit long: close 224.51 < upper 224.72
2024-12-26,1,10,2024-12-26 12:30:00-06:00,225.516,2024-12-26 14:00:00-06:00,225.214,223.72,-30.2,long: close 225.47 > upper 224.61,exit long: close 225.24 < upper 225.28
2024-12-27,-1,9,2024-12-27 09:30:00-06:00,221.454,2024-12-27 14:00:00-06:00,222.626,223.56,-105.48,short: close 221.50 < lower 222.89,exit short: close 222.60 > lower 222.06
2024-12-30,-1,12,2024-12-30 09:00:00-06:00,218.094,2024-12-30 10:00:00-06:00,219.371,219.65,-153.24,short: close 218.14 < lower 219.95,exit short: close 219.35 > lower 219.12
2025-01-02,1,10,2025-01-02 09:00:00-06:00,224.166,2025-01-02 09:30:00-06:00,222.774,222.34,-139.2,long: close 224.11 > upper 223.78,exit long: close 222.82 < upper 224.52
2025-01-03,1,8,2025-01-03 12:30:00-06:00,223.936,2025-01-03 13:30:00-06:00,224.074,221.68,11.04,long: close 223.90 > upper 223.87,exit long: close 224.12 < upper 224.17
2025-01-07,-1,9,2025-01-07 11:00:00-06:00,222.214,2025-01-07 11:30:00-06:00,222.926,224.27,-64.08,short: close 222.22 < lower 222.98,exit short: close 222.88 > lower 222.78
2025-01-07,-1,8,2025-01-07 12:00:00-06:00,222.574,2025-01-07 12:30:00-06:00,223.496,224.78,-73.76,short: close 222.62 < lower 222.82,exit short: close 223.47 > lower 222.73
2025-01-08,-1,11,2025-01-08 09:00:00-06:00,219.369,2025-01-08 09:30:00-06:00,219.516,221.09,-16.17,short: close 219.41 < lower 220.10,exit short: close 219.50 > lower 219.35
2025-01-10,-1,6,2025-01-10 10:00:00-06:00,216.794,2025-01-10 12:00:00-06:00,216.726,219.79,4.08,short: close 216.82 < lower 217.03,exit short: close 216.70 > lower 216.61
2025-02-24,-1,14,2025-02-24 09:00:00-06:00,216.214,2025-02-24 10:30:00-06:00,217.276,217.55,-148.68,short: close 216.24 < lower 216.92,exit short: close 217.25 > lower 216.21
2025-03-04,-1,7,2025-03-04 09:00:00-06:00,204.234,2025-03-04 11:00:00-06:00,205.166,206.74,-65.24,short: close 204.27 < lower 204.86,exit short: close 205.13 > lower 204.47
2025-03-07,-1,10,2025-03-07 10:30:00-06:00,202.724,2025-03-07 11:45:00-06:00,204.51600000000002,204.48000000000002,-179.2,short: close 202.75 < lower 203.36,stop
2025-03-10,-1,7,2025-03-10 12:00:00-05:00,202.154,2025-03-10 14:52:00-05:00,201.096,204.61,74.06,short: close 202.21 < lower 202.25,flatten
2025-03-11,-1,12,2025-03-11 12:30:00-05:00,198.684,2025-03-11 13:00:00-05:00,199.456,200.24,-92.64,short: close 198.73 < lower 199.37,exit short: close 199.43 > lower 199.01
2025-03-13,-1,16,2025-03-13 09:00:00-05:00,199.884,2025-03-13 09:16:00-05:00,201.046,201.01,-185.92,short: close 199.92 < lower 200.06,stop
2025-03-13,-1,11,2025-03-13 10:30:00-05:00,199.10399999999998,2025-03-13 14:52:00-05:00,198.186,200.83,100.98,short: close 199.15 < lower 199.47,flatten
2025-03-14,1,7,2025-03-14 10:30:00-05:00,202.386,2025-03-14 14:52:00-05:00,202.404,199.77,1.26,long: close 202.35 > upper 201.81,flatten
2025-03-17,1,18,2025-03-17 09:00:00-05:00,203.856,2025-03-17 09:30:00-05:00,203.384,202.87,-84.96,long: close 203.82 > upper 203.80,exit long: close 203.41 < upper 203.99
2025-03-17,1,14,2025-03-17 12:00:00-05:00,204.466,2025-03-17 14:52:00-05:00,205.519,203.17000000000002,147.42,long: close 204.45 > upper 204.10,flatten
2025-03-18,-1,11,2025-03-18 09:00:00-05:00,202.754,2025-03-18 09:30:00-05:00,203.516,204.48000000000002,-83.82,short: close 202.86 < lower 202.89,exit short: close 203.48 > lower 202.88
2025-03-19,1,19,2025-03-19 09:30:00-05:00,204.526,2025-03-19 10:00:00-05:00,204.544,203.57,3.42,long: close 204.50 > upper 204.26,exit long: close 204.60 < upper 204.78
2025-03-19,1,12,2025-03-19 11:00:00-05:00,205.026,2025-03-19 12:30:00-05:00,204.214,203.54,-97.44,long: close 205.00 > upper 204.79,exit long: close 204.25 < upper 204.75
2025-03-24,1,6,2025-03-24 10:00:00-05:00,208.486,2025-03-24 11:30:00-05:00,208.154,205.51,-19.92,long: close 208.43 > upper 208.39,exit long: close 208.17 < upper 208.20
2025-03-26,-1,11,2025-03-26 11:00:00-05:00,205.964,2025-03-26 14:52:00-05:00,205.626,207.59,37.18,short: close 206.03 < lower 206.22,flatten
2025-03-28,-1,22,2025-03-28 09:00:00-05:00,202.704,2025-03-28 14:52:00-05:00,200.466,203.5,492.36,short: close 202.74 < lower 203.79,flatten
2025-04-01,-1,16,2025-04-01 09:00:00-05:00,198.004,2025-04-01 09:59:00-05:00,199.166,199.13,-185.92,short: close 198.06 < lower 198.14,stop
2025-04-02,1,6,2025-04-02 10:30:00-05:00,201.286,2025-04-02 13:30:00-05:00,200.724,198.45000000000002,-33.72,long: close 201.26 > upper 201.00,exit long: close 200.77 < upper 201.24
2025-04-03,-1,3,2025-04-03 09:30:00-05:00,190.924,2025-04-03 11:30:00-05:00,192.456,196.89000000000001,-45.96,short: close 190.98 < lower 191.97,exit short: close 192.41 > lower 191.50
2025-04-03,-1,3,2025-04-03 12:00:00-05:00,191.284,2025-04-03 14:52:00-05:00,189.696,197.28,47.64,short: close 191.31 < lower 191.36,flatten
2025-04-04,-1,4,2025-04-04 09:30:00-05:00,178.804,2025-04-04 10:16:00-05:00,183.556,183.52,-190.08,short: close 178.86 < lower 181.40,stop
2025-04-04,-1,3,2025-04-04 11:00:00-05:00,180.129,2025-04-04 13:00:00-05:00,182.006,185.26,-56.31,short: close 180.14 < lower 180.99,exit short: close 181.96 > lower 181.06
2025-04-08,-1,4,2025-04-08 12:00:00-05:00,177.484,2025-04-08 13:00:00-05:00,178.106,182.4,-24.88,short: close 177.53 < lower 177.75,exit short: close 178.07 > lower 177.65
2025-04-08,-1,3,2025-04-08 13:30:00-05:00,176.424,2025-04-08 14:52:00-05:00,173.4059,181.44,90.54,short: close 176.46 < lower 177.65,flatten
2025-04-09,1,5,2025-04-09 12:30:00-05:00,184.386,2025-04-09 14:52:00-05:00,190.424,180.73,301.9,long: close 184.26 > upper 177.45,flatten
2025-04-10,-1,5,2025-04-10 09:00:00-05:00,182.874,2025-04-10 13:00:00-05:00,182.231,186.46,32.15,short: close 182.93 < lower 183.60,exit short: close 182.19 > lower 180.85
2025-04-11,-1,9,2025-04-11 09:30:00-05:00,178.744,2025-04-11 10:00:00-05:00,179.336,180.78,-53.28,short: close 178.75 < lower 179.44,exit short: close 179.30 > lower 178.92
2025-04-15,1,14,2025-04-15 09:00:00-05:00,188.126,2025-04-15 09:20:00-05:00,186.824,186.86,-182.28,long: close 188.08 > upper 187.72,stop
2025-04-17,1,14,2025-04-17 09:00:00-05:00,186.316,2025-04-17 09:27:00-05:00,184.994,185.03,-185.08,long: close 186.29 > upper 186.25,stop
2025-04-21,-1,9,2025-04-21 09:00:00-05:00,183.624,2025-04-21 09:30:00-05:00,183.606,185.65,1.62,short: close 183.67 < lower 183.76,exit short: close 183.59 > lower 183.32
2025-04-21,-1,7,2025-04-21 10:30:00-05:00,182.4241,2025-04-21 13:30:00-05:00,181.376,185.19,73.37,short: close 182.47 < lower 183.03,exit short: close 181.34 > lower 181.12
2025-04-22,1,5,2025-04-22 11:30:00-05:00,187.926,2025-04-22 12:00:00-05:00,187.414,184.08,-25.6,long: close 187.91 > upper 187.81,exit long: close 187.46 < upper 187.85
2025-04-23,1,4,2025-04-23 09:00:00-05:00,194.826,2025-04-23 09:30:00-05:00,194.304,190.78,-20.88,long: close 194.77 > upper 194.28,exit long: close 194.35 < upper 194.66
2025-04-24,1,6,2025-04-24 12:00:00-05:00,193.736,2025-04-24 12:30:00-05:00,193.434,190.86,-18.12,long: close 193.68 > upper 193.36,exit long: close 193.48 < upper 194.36
2025-04-29,-1,14,2025-04-29 09:30:00-05:00,193.164,2025-04-29 09:55:00-05:00,194.546,194.51,-193.48,short: close 193.17 < lower 193.33,stop
2025-04-30,-1,7,2025-04-30 09:00:00-05:00,190.999,2025-04-30 09:30:00-05:00,192.136,193.65,-79.59,short: close 191.00 < lower 191.97,exit short: close 192.14 > lower 191.99
2025-05-01,1,13,2025-05-01 10:00:00-05:00,197.536,2025-05-01 10:55:00-05:00,196.084,196.12,-188.76,long: close 197.52 > upper 196.64,stop
2025-05-02,1,8,2025-05-02 09:30:00-05:00,199.816,2025-05-02 10:30:00-05:00,199.234,197.62,-46.56,long: close 199.77 > upper 199.41,exit long: close 199.27 < upper 199.57
2025-05-02,1,8,2025-05-02 11:00:00-05:00,200.006,2025-05-02 14:52:00-05:00,200.474,197.67000000000002,37.44,long: close 199.98 > upper 199.55,flatten
2025-05-08,1,8,2025-05-08 11:00:00-05:00,201.626,2025-05-08 14:52:00-05:00,201.414,199.34,-16.96,long: close 201.60 > upper 200.88,flatten
2025-05-16,1,12,2025-05-16 13:30:00-05:00,209.826,2025-05-16 14:52:00-05:00,209.754,208.34,-8.64,long: close 209.78 > upper 209.77,flatten
2025-05-21,-1,8,2025-05-21 12:30:00-05:00,203.764,2025-05-21 14:52:00-05:00,203.876,206.07,-8.96,short: close 203.79 < lower 205.55,flatten
2025-05-27,1,8,2025-05-27 10:30:00-05:00,206.886,2025-05-27 14:52:00-05:00,207.224,204.53,27.04,long: close 206.85 > upper 206.47,flatten
2025-05-28,-1,31,2025-05-28 09:00:00-05:00,206.709,2025-05-28 12:30:00-05:00,206.406,207.27,93.93,short: close 206.75 < lower 207.14,exit short: close 206.36 > lower 206.30
2025-05-28,-1,13,2025-05-28 13:00:00-05:00,206.254,2025-05-28 13:30:00-05:00,206.307,207.61,-6.89,short: close 206.30 < lower 206.34,exit short: close 206.28 > lower 206.25
2025-05-30,-1,16,2025-05-30 09:00:00-05:00,203.964,2025-05-30 09:12:00-05:00,205.126,205.09,-185.92,short: close 203.94 < lower 204.52,stop
2025-05-30,-1,12,2025-05-30 12:00:00-05:00,203.874,2025-05-30 12:30:00-05:00,204.716,205.46,-101.04,short: close 203.91 < lower 204.06,exit short: close 204.69 > lower 203.76
2025-06-02,-1,23,2025-06-02 09:00:00-05:00,203.304,2025-06-02 09:19:00-05:00,204.116,204.08,-186.76,short: close 203.38 < lower 204.42,stop
2025-06-27,1,14,2025-06-27 11:30:00-05:00,217.301,2025-06-27 12:00:00-05:00,216.814,215.95000000000002,-68.18,long: close 217.27 > upper 217.08,exit long: close 216.85 < upper 217.06
2025-07-07,-1,8,2025-07-07 12:00:00-05:00,219.489,2025-07-07 12:30:00-05:00,220.176,221.68,-54.96,short: close 219.53 < lower 220.14,exit short: close 220.16 > lower 220.14
2025-07-07,-1,8,2025-07-07 13:00:00-05:00,219.934,2025-07-07 14:52:00-05:00,219.616,222.13,25.44,short: close 219.97 < lower 220.13,flatten
2025-07-15,-1,21,2025-07-15 09:00:00-05:00,222.114,2025-07-15 14:52:00-05:00,219.141,222.98000000000002,624.33,short: close 222.15 < lower 222.77,flatten
2025-07-17,1,34,2025-07-17 09:00:00-05:00,222.756,2025-07-17 14:52:00-05:00,223.634,222.25,298.52,long: close 222.71 > upper 221.56,flatten
2025-07-18,-1,13,2025-07-18 09:30:00-05:00,223.084,2025-07-18 10:30:00-05:00,223.041,224.51,5.59,short: close 223.11 < lower 223.16,exit short: close 223.00 > lower 222.60
2025-07-18,-1,8,2025-07-18 12:00:00-05:00,222.10399999999998,2025-07-18 13:00:00-05:00,222.526,224.38,-33.76,short: close 222.16 < lower 222.31,exit short: close 222.49 > lower 222.26
2025-07-24,-1,9,2025-07-24 12:00:00-05:00,224.029,2025-07-24 12:30:00-05:00,224.376,226.06,-31.23,short: close 224.06 < lower 224.07,exit short: close 224.34 > lower 224.14
2025-07-25,-1,15,2025-07-25 09:30:00-05:00,222.659,2025-07-25 10:00:00-05:00,223.096,223.91,-65.55,short: close 222.70 < lower 222.76,exit short: close 223.05 > lower 222.49
2025-07-29,-1,9,2025-07-29 10:30:00-05:00,222.584,2025-07-29 12:00:00-05:00,223.086,224.63,-45.18,short: close 222.64 < lower 222.84,exit short: close 223.06 > lower 222.79
2025-08-04,1,9,2025-08-04 11:00:00-05:00,218.256,2025-08-04 14:52:00-05:00,219.144,216.25,79.92,long: close 218.21 > upper 217.77,flatten
2025-08-06,-1,19,2025-08-06 09:00:00-05:00,219.904,2025-08-06 10:00:00-05:00,220.356,220.86,-85.88,short: close 219.94 < lower 219.95,exit short: close 220.32 > lower 219.68
2025-08-14,-1,7,2025-08-14 11:30:00-05:00,226.304,2025-08-14 12:30:00-05:00,227.486,228.93,-82.74,short: close 226.33 < lower 227.22,exit short: close 227.46 > lower 226.93
2025-08-15,-1,15,2025-08-15 09:30:00-05:00,226.484,2025-08-15 11:30:00-05:00,227.084,227.73000000000002,-90.0,short: close 226.52 < lower 227.18,exit short: close 227.04 > lower 226.91
2025-08-19,-1,15,2025-08-19 11:00:00-05:00,226.464,2025-08-19 14:52:00-05:00,225.971,227.67000000000002,73.95,short: close 226.50 < lower 226.79,flatten
2025-08-20,-1,21,2025-08-20 09:00:00-05:00,224.519,2025-08-20 10:30:00-05:00,225.166,225.4,-135.87,short: close 224.56 < lower 225.19,exit short: close 225.14 > lower 224.57
2025-08-20,-1,13,2025-08-20 11:00:00-05:00,224.364,2025-08-20 11:30:00-05:00,225.14600000000002,225.77,-101.66,short: close 224.41 < lower 224.66,exit short: close 225.12 > lower 224.72
2025-08-26,1,24,2025-08-26 09:00:00-05:00,233.656,2025-08-26 09:30:00-05:00,234.099,232.92000000000002,106.32,long: close 233.59 > upper 233.35,exit long: close 234.13 < upper 234.25
2025-08-26,1,9,2025-08-26 12:00:00-05:00,234.706,2025-08-26 12:30:00-05:00,234.634,232.66,-6.48,long: close 234.68 > upper 234.66,exit long: close 234.66 < upper 234.73
2025-08-27,1,23,2025-08-27 09:00:00-05:00,235.361,2025-08-27 09:30:00-05:00,235.189,234.59,-39.56,long: close 235.34 > upper 234.77,exit long: close 235.25 < upper 235.70
2025-10-14,1,6,2025-10-14 11:30:00-05:00,246.4845,2025-10-14 14:52:00-05:00,248.004,243.45000000000002,91.17,long: close 246.44 > upper 245.84,flatten
2025-10-15,1,9,2025-10-15 09:00:00-05:00,251.656,2025-10-15 10:00:00-05:00,251.064,249.53,-53.28,long: close 251.60 > upper 251.24,exit long: close 251.10 < upper 251.52
2025-10-16,-1,14,2025-10-16 09:30:00-05:00,249.134,2025-10-16 14:52:00-05:00,244.906,250.45000000000002,591.92,short: close 249.18 < lower 249.34,flatten
2025-10-21,-1,15,2025-10-21 09:00:00-05:00,245.744,2025-10-21 09:14:00-05:00,247.01600000000002,246.98000000000002,-190.8,short: close 245.79 < lower 246.54,stop
2025-10-22,-1,12,2025-10-22 09:30:00-05:00,244.314,2025-10-22 14:52:00-05:00,243.746,245.83,68.16,short: close 244.35 < lower 244.98,flatten
2025-10-23,1,13,2025-10-23 09:00:00-05:00,245.676,2025-10-23 09:14:00-05:00,244.214,244.25,-190.06,long: close 245.62 > upper 245.25,stop
2025-10-23,1,11,2025-10-23 10:00:00-05:00,245.596,2025-10-23 10:30:00-05:00,245.124,243.89000000000001,-51.92,long: close 245.56 > upper 245.53,exit long: close 245.15 < upper 245.91
2025-10-29,1,12,2025-10-29 10:30:00-05:00,250.546,2025-10-29 11:30:00-05:00,250.664,249.04,14.16,long: close 250.50 > upper 250.38,exit long: close 250.69 < upper 250.77
2025-10-31,1,17,2025-10-31 09:00:00-05:00,246.041,2025-10-31 09:30:00-05:00,245.814,244.98000000000002,-38.59,long: close 246.00 > upper 245.98,exit long: close 245.86 < upper 245.96
2025-10-31,1,15,2025-10-31 10:00:00-05:00,246.376,2025-10-31 10:30:00-05:00,245.944,245.14000000000001,-64.8,long: close 246.33 > upper 246.16,exit long: close 245.97 < upper 246.36
2025-11-03,-1,18,2025-11-03 09:00:00-06:00,244.954,2025-11-03 11:30:00-06:00,244.596,245.96,64.44,short: close 244.95 < lower 245.21,exit short: close 244.56 > lower 244.55
2025-11-05,1,14,2025-11-05 09:00:00-06:00,243.14600000000002,2025-11-05 09:30:00-06:00,242.9428,241.83,-28.45,long: close 243.18 > upper 242.90,exit long: close 243.01 < upper 243.04
2025-11-05,1,12,2025-11-05 11:00:00-06:00,244.706,2025-11-05 14:52:00-06:00,244.844,243.18,16.56,long: close 244.68 > upper 243.11,flatten
2025-11-06,-1,15,2025-11-06 09:00:00-06:00,242.944,2025-11-06 14:52:00-06:00,240.746,244.12,329.7,short: close 242.99 < lower 243.31,flatten
2025-11-07,-1,8,2025-11-07 11:00:00-06:00,236.594,2025-11-07 11:30:00-06:00,237.626,238.94,-82.56,short: close 236.63 < lower 237.04,exit short: close 237.60 > lower 236.86
2025-11-14,1,6,2025-11-14 11:30:00-06:00,238.376,2025-11-14 12:00:00-06:00,237.964,235.13,-24.72,long: close 238.34 > upper 238.33,exit long: close 238.00 < upper 238.17
2025-11-17,-1,9,2025-11-17 13:00:00-06:00,234.469,2025-11-17 14:52:00-06:00,232.881,236.62,142.92,short: close 234.49 < lower 234.83,flatten
2025-11-19,1,13,2025-11-19 09:30:00-06:00,235.126,2025-11-19 10:00:00-06:00,234.124,233.75,-130.26,long: close 235.09 > upper 235.01,exit long: close 234.16 < upper 235.26
2025-11-20,1,6,2025-11-20 09:30:00-06:00,239.036,2025-11-20 10:00:00-06:00,237.274,235.94,-105.72,long: close 238.98 > upper 238.46,exit long: close 237.30 < upper 238.60
2025-11-20,-1,5,2025-11-20 12:00:00-06:00,231.484,2025-11-20 12:30:00-06:00,232.386,234.96,-45.1,short: close 231.52 < lower 231.88,exit short: close 232.35 > lower 231.72
2025-11-21,1,11,2025-11-21 10:00:00-06:00,231.296,2025-11-21 14:52:00-06:00,235.874,229.65,503.58,long: close 231.27 > upper 231.20,flatten
2025-11-24,1,14,2025-11-24 09:00:00-06:00,238.186,2025-11-24 14:52:00-06:00,239.824,236.84,229.32,long: close 238.15 > upper 237.14,flatten
2025-11-25,1,11,2025-11-25 09:00:00-06:00,242.451,2025-11-25 14:52:00-06:00,245.254,240.81,308.33,long: close 242.46 > upper 241.96,flatten
2025-11-26,1,12,2025-11-26 10:00:00-06:00,246.946,2025-11-26 10:30:00-06:00,246.824,245.45000000000002,-14.64,long: close 246.91 > upper 246.59,exit long: close 246.85 < upper 247.14
2025-11-26,1,6,2025-11-26 13:30:00-06:00,248.386,2025-11-26 14:00:00-06:00,248.244,245.31,-8.52,long: close 248.35 > upper 248.17,exit long: close 248.28 < upper 248.46
2025-12-03,1,12,2025-12-03 09:30:00-06:00,247.226,2025-12-03 10:30:00-06:00,247.674,245.68,53.76,long: close 247.20 > upper 247.13,exit long: close 247.71 < upper 247.87
2025-12-03,1,6,2025-12-03 11:30:00-06:00,248.696,2025-12-03 13:00:00-06:00,248.724,245.89000000000001,1.68,long: close 248.67 > upper 248.39,exit long: close 248.77 < upper 248.99
2025-12-04,1,11,2025-12-04 10:00:00-06:00,251.14600000000002,2025-12-04 10:30:00-06:00,251.264,249.43,12.98,long: close 251.11 > upper 251.02,exit long: close 251.31 < upper 251.61
2025-12-11,1,15,2025-12-11 09:30:00-06:00,256.226,2025-12-11 09:50:00-06:00,254.954,254.99,-190.8,long: close 256.19 > upper 255.96,stop
2025-12-11,1,7,2025-12-11 11:30:00-06:00,257.606,2025-12-11 12:00:00-06:00,257.364,255.04,-16.94,long: close 257.56 > upper 257.30,exit long: close 257.42 < upper 257.49
2025-12-12,-1,15,2025-12-12 09:30:00-06:00,256.184,2025-12-12 12:30:00-06:00,255.496,257.4,103.2,short: close 256.22 < lower 256.66,exit short: close 255.46 > lower 255.34
2025-12-12,-1,7,2025-12-12 13:00:00-06:00,255.124,2025-12-12 14:52:00-06:00,254.046,257.74,75.46,short: close 255.15 < lower 255.26,flatten
2025-12-15,-1,9,2025-12-15 09:30:00-06:00,252.484,2025-12-15 10:00:00-06:00,252.596,254.54,-10.08,short: close 252.52 < lower 252.66,exit short: close 252.57 > lower 252.27
2026-02-09,1,8,2026-02-09 10:30:00-06:00,267.301,2026-02-09 11:30:00-06:00,267.294,265.12,-0.56,long: close 267.26 > upper 267.10,exit long: close 267.31 < upper 267.37
2026-02-09,1,7,2026-02-09 13:30:00-06:00,267.451,2026-02-09 14:30:00-06:00,266.944,264.97,-35.49,long: close 267.42 > upper 267.40,exit long: close 266.98 < upper 267.42
2026-02-11,-1,7,2026-02-11 09:30:00-06:00,262.524,2026-02-11 11:30:00-06:00,264.386,265.12,-130.34,short: close 262.60 < lower 264.73,exit short: close 264.35 > lower 263.84
2026-02-11,-1,5,2026-02-11 12:30:00-06:00,263.714,2026-02-11 13:00:00-06:00,263.796,267.27,-4.1,short: close 263.76 < lower 263.77,exit short: close 263.77 > lower 263.56
2026-02-12,-1,5,2026-02-12 10:30:00-06:00,259.274,2026-02-12 14:52:00-06:00,259.176,262.57,4.9,short: close 259.30 < lower 262.70,flatten
2026-02-13,1,8,2026-02-13 09:30:00-06:00,262.826,2026-02-13 13:30:00-06:00,263.344,260.52,41.44,long: close 262.80 > upper 262.39,exit long: close 263.37 < upper 263.38
2026-02-17,-1,12,2026-02-17 09:00:00-06:00,260.284,2026-02-17 10:00:00-06:00,260.716,261.82,-51.84,short: close 260.33 < lower 261.10,exit short: close 260.70 > lower 259.98
2026-02-18,1,14,2026-02-18 09:00:00-06:00,265.796,2026-02-18 11:00:00-06:00,265.404,264.46,-54.88,long: close 265.76 > upper 264.37,exit long: close 265.43 < upper 265.83
2026-02-24,1,13,2026-02-24 09:00:00-06:00,262.196,2026-02-24 10:00:00-06:00,262.634,260.77,56.94,long: close 262.18 > upper 261.88,exit long: close 262.67 < upper 262.91
2026-03-09,-1,6,2026-03-09 09:00:00-05:00,245.594,2026-03-09 10:00:00-05:00,247.336,248.76000000000002,-104.52,short: close 245.64 < lower 246.08,exit short: close 247.30 > lower 245.82
2026-03-10,1,9,2026-03-10 10:00:00-05:00,256.071,2026-03-10 13:19:00-05:00,253.994,254.03,-186.93,long: close 256.03 > upper 255.33,stop
2026-03-16,1,6,2026-03-16 09:00:00-05:00,251.276,2026-03-16 09:30:00-05:00,250.364,248.37,-54.72,long: close 251.24 > upper 251.07,exit long: close 250.40 < upper 251.41
2026-03-17,1,10,2026-03-17 09:00:00-05:00,251.606,2026-03-17 09:30:00-05:00,250.734,249.81,-87.2,long: close 251.57 > upper 251.22,exit long: close 250.76 < upper 251.38
2026-03-20,-1,11,2026-03-20 09:00:00-05:00,245.024,2026-03-20 14:52:00-05:00,241.276,246.64000000000001,412.28,short: close 245.05 < lower 245.68,flatten
2026-03-23,1,5,2026-03-23 09:00:00-05:00,249.686,2026-03-23 11:00:00-05:00,247.464,245.94,-111.1,long: close 249.66 > upper 248.46,exit long: close 247.51 < upper 248.49
2026-03-23,1,4,2026-03-23 13:00:00-05:00,249.196,2026-03-23 14:30:00-05:00,248.304,245.03,-35.68,long: close 249.17 > upper 248.89,exit long: close 248.35 < upper 249.48
2026-03-24,1,7,2026-03-24 10:30:00-05:00,249.456,2026-03-24 12:30:00-05:00,247.814,246.97,-114.94,long: close 249.43 > upper 248.96,exit long: close 247.87 < upper 248.77
2026-03-24,1,7,2026-03-24 13:30:00-05:00,249.036,2026-03-24 14:00:00-05:00,249.244,246.57,14.56,long: close 249.01 > upper 248.94,exit long: close 249.26 < upper 249.26
2026-03-27,-1,9,2026-03-27 09:00:00-05:00,244.494,2026-03-27 09:30:00-05:00,244.786,246.43,-26.28,short: close 244.52 < lower 244.78,exit short: close 244.77 > lower 244.68
2026-03-27,-1,9,2026-03-27 12:00:00-05:00,244.544,2026-03-27 14:52:00-05:00,242.716,246.59,164.52,short: close 244.59 < lower 244.66,flatten
2026-03-30,-1,7,2026-03-30 11:30:00-05:00,241.35399999999998,2026-03-30 14:52:00-05:00,239.64600000000002,243.87,119.56,short: close 241.40 < lower 241.70,flatten
2026-03-31,1,6,2026-03-31 09:00:00-05:00,245.176,2026-03-31 10:00:00-05:00,242.749,242.1,-145.62,long: close 245.14 > upper 244.41,exit long: close 242.78 < upper 244.75
2026-03-31,1,6,2026-03-31 12:00:00-05:00,246.626,2026-03-31 14:52:00-05:00,247.794,243.54,70.08,long: close 246.57 > upper 244.42,flatten
2026-04-01,1,7,2026-04-01 10:00:00-05:00,251.776,2026-04-01 13:00:00-05:00,251.099,249.14000000000001,-47.39,long: close 251.74 > upper 251.58,exit long: close 251.13 < upper 252.00
2026-04-13,1,8,2026-04-13 11:30:00-05:00,263.206,2026-04-13 14:52:00-05:00,265.074,260.88,149.44,long: close 263.17 > upper 263.11,flatten
2026-04-14,1,7,2026-04-14 10:00:00-05:00,269.016,2026-04-14 11:30:00-05:00,268.894,266.24,-8.54,long: close 269.00 > upper 268.86,exit long: close 268.94 < upper 269.13
2026-04-17,1,6,2026-04-17 09:30:00-05:00,276.046,2026-04-17 12:30:00-05:00,275.959,272.83,-5.22,long: close 276.01 > upper 275.08,exit long: close 276.02 < upper 276.33
2026-04-21,1,11,2026-04-21 09:30:00-05:00,279.656,2026-04-21 09:51:00-05:00,277.924,277.96,-190.52,long: close 279.62 > upper 279.47,stop
2026-04-21,-1,7,2026-04-21 12:30:00-05:00,274.684,2026-04-21 13:00:00-05:00,275.516,277.43,-58.24,short: close 274.72 < lower 275.02,exit short: close 275.49 > lower 275.33
2026-05-07,-1,16,2026-05-07 09:00:00-05:00,284.49399999999997,2026-05-07 09:56:00-05:00,285.676,285.64,-189.12,short: close 284.53 < lower 286.03,stop
2026-05-07,-1,11,2026-05-07 10:30:00-05:00,284.894,2026-05-07 14:52:00-05:00,282.196,286.62,296.78,short: close 284.89 < lower 285.45,flatten
2026-05-11,1,14,2026-05-11 09:00:00-05:00,286.201,2026-05-11 11:00:00-05:00,286.179,284.88,-3.08,long: close 286.16 > upper 285.87,exit long: close 286.22 < upper 286.42
2026-05-18,-1,8,2026-05-18 10:30:00-05:00,275.634,2026-05-18 11:00:00-05:00,275.916,277.89,-22.56,short: close 275.72 < lower 275.92,exit short: close 275.88 > lower 275.70
2026-05-18,-1,7,2026-05-18 11:30:00-05:00,275.114,2026-05-18 12:00:00-05:00,275.816,277.6,-49.14,short: close 275.16 < lower 275.70,exit short: close 275.81 > lower 275.65
2026-05-19,-1,7,2026-05-19 09:00:00-05:00,272.214,2026-05-19 11:00:00-05:00,272.366,274.65000000000003,-10.64,short: close 272.27 < lower 272.47,exit short: close 272.31 > lower 271.90
2026-05-20,1,7,2026-05-20 09:30:00-05:00,277.666,2026-05-20 14:52:00-05:00,279.419,275.15000000000003,122.71,long: close 277.62 > upper 276.48,flatten
2026-05-21,1,8,2026-05-21 12:30:00-05:00,282.076,2026-05-21 14:52:00-05:00,282.284,279.67,16.64,long: close 282.05 > upper 281.66,flatten
2026-05-22,1,6,2026-05-22 12:30:00-05:00,286.486,2026-05-22 13:00:00-05:00,285.504,283.66,-58.92,long: close 286.43 > upper 286.14,exit long: close 285.55 < upper 286.06
2026-05-28,1,8,2026-05-28 12:00:00-05:00,292.586,2026-05-28 12:30:00-05:00,291.834,290.3,-60.16,long: close 292.54 > upper 292.30,exit long: close 291.87 < upper 292.48
2026-05-29,-1,10,2026-05-29 09:30:00-05:00,288.74399999999997,2026-05-29 10:30:00-05:00,289.75600000000003,290.55,-101.2,short: close 288.78 < lower 289.88,exit short: close 289.75 > lower 289.45
2026-06-02,1,9,2026-06-02 10:00:00-05:00,291.536,2026-06-02 11:30:00-05:00,290.729,289.44,-72.63,long: close 291.50 > upper 290.82,exit long: close 290.77 < upper 290.87
2026-06-02,1,8,2026-06-02 13:30:00-05:00,291.2459,2026-06-02 14:52:00-05:00,291.548,288.93,24.17,long: close 291.22 > upper 291.04,flatten
2026-06-03,-1,8,2026-06-03 09:00:00-05:00,287.604,2026-06-03 09:30:00-05:00,289.426,289.8,-145.76,short: close 287.65 < lower 288.62,exit short: close 289.40 > lower 288.54
2026-06-03,-1,7,2026-06-03 11:00:00-05:00,288.154,2026-06-03 13:30:00-05:00,288.181,290.74,-1.89,short: close 288.19 < lower 288.23,exit short: close 288.15 > lower 287.92
2026-06-04,1,13,2026-06-04 09:00:00-05:00,289.056,2026-06-04 14:52:00-05:00,292.254,287.67,415.74,long: close 289.01 > upper 288.99,flatten
2026-06-05,-1,6,2026-06-05 09:00:00-05:00,285.944,2026-06-05 10:00:00-05:00,287.846,288.75,-114.12,short: close 285.97 < lower 287.71,exit short: close 287.80 > lower 287.14
2026-06-05,-1,5,2026-06-05 10:30:00-05:00,286.204,2026-06-05 14:52:00-05:00,282.386,289.64,190.9,short: close 286.24 < lower 287.09,flatten
2026-06-09,1,6,2026-06-09 09:00:00-05:00,290.486,2026-06-09 09:17:00-05:00,287.464,287.5,-181.32,long: close 290.44 > upper 288.65,stop
2026-06-09,-1,5,2026-06-09 10:30:00-05:00,281.974,2026-06-09 12:30:00-05:00,282.116,285.3,-7.1,short: close 281.98 < lower 282.33,exit short: close 282.09 > lower 281.85
2026-06-10,1,10,2026-06-10 09:00:00-05:00,287.986,2026-06-10 09:55:00-05:00,286.194,286.23,-179.2,long: close 287.93 > upper 286.55,stop
2026-06-11,1,6,2026-06-11 09:00:00-05:00,286.296,2026-06-11 10:00:00-05:00,284.984,283.34000000000003,-78.72,long: close 286.25 > upper 286.20,exit long: close 285.01 < upper 285.94
2026-06-11,1,5,2026-06-11 12:30:00-05:00,287.816,2026-06-11 14:52:00-05:00,290.124,284.32,115.4,long: close 287.74 > upper 286.74,flatten
2026-06-12,1,9,2026-06-12 09:30:00-05:00,293.916,2026-06-12 11:00:00-05:00,292.774,291.83,-102.78,long: close 293.90 > upper 293.10,exit long: close 292.81 < upper 293.51
2026-06-12,1,7,2026-06-12 12:00:00-05:00,294.056,2026-06-12 12:30:00-05:00,293.974,291.37,-5.74,long: close 294.01 > upper 293.70,exit long: close 293.95 < upper 293.97
2026-06-17,1,10,2026-06-17 09:30:00-05:00,294.436,2026-06-17 09:47:00-05:00,292.55400000000003,292.59000000000003,-188.2,long: close 294.37 > upper 294.15,stop
2026-06-17,1,8,2026-06-17 10:30:00-05:00,294.766,2026-06-17 13:03:00-05:00,292.36400000000003,292.40000000000003,-192.16,long: close 294.73 > upper 294.67,stop
2026-06-22,1,7,2026-06-22 09:00:00-05:00,299.466,2026-06-22 09:30:00-05:00,297.234,296.93,-156.24,long: close 299.45 > upper 298.84,exit long: close 297.26 < upper 298.83
2026-06-24,1,10,2026-06-24 10:00:00-05:00,299.136,2026-06-24 12:00:00-05:00,298.044,297.34000000000003,-109.2,long: close 299.09 > upper 297.40,exit long: close 298.06 < upper 298.29
2026-07-01,1,8,2026-07-01 10:30:00-05:00,302.671,2026-07-01 11:00:00-05:00,301.974,300.5,-55.76,long: close 302.63 > upper 302.29,exit long: close 302.01 < upper 302.11
2026-07-01,1,10,2026-07-01 11:30:00-05:00,302.25600000000003,2026-07-01 12:00:00-05:00,301.604,300.39,-65.2,long: close 302.22 > upper 301.99,exit long: close 301.63 < upper 302.03
