day,side,qty,entry_ts,entry_px,exit_ts,exit_px,stop_px,pnl,reason_in,reason_out
2016-01-07,-1,10,2016-01-07 13:00:00-06:00,165.34799999999998,2016-01-07 14:52:00-06:00,165.43200000000002,167.22,-8.4,short: close 165.41 < lower 165.60,flatten
2016-01-08,-1,18,2016-01-08 13:30:00-06:00,164.34799999999998,2016-01-08 14:00:00-06:00,164.502,165.29,-27.72,short: close 164.44 < lower 164.53,exit short: close 164.45 > lower 164.28
2016-01-11,-1,17,2016-01-11 12:30:00-06:00,162.59799999999998,2016-01-11 13:30:00-06:00,163.232,163.64000000000001,-107.78,short: close 162.66 < lower 162.69,exit short: close 163.17 > lower 162.64
2016-01-13,-1,16,2016-01-13 11:00:00-06:00,163.91799999999998,2016-01-13 14:52:00-06:00,161.312,164.98,416.96,short: close 164.01 < lower 164.22,flatten
2016-01-14,-1,22,2016-01-14 09:00:00-06:00,160.708,2016-01-14 09:15:00-06:00,161.532,161.47,-181.28,short: close 160.78 < lower 160.94,stop
2016-01-14,1,17,2016-01-14 09:30:00-06:00,162.782,2016-01-14 10:30:00-06:00,162.838,161.78,9.52,long: close 162.72 > upper 162.70,exit long: close 162.89 < upper 163.10
2016-01-20,-1,8,2016-01-20 10:00:00-06:00,155.558,2016-01-20 13:00:00-06:00,156.312,157.77,-60.32,short: close 155.62 < lower 156.42,exit short: close 156.25 > lower 156.15
2016-01-21,1,23,2016-01-21 09:30:00-06:00,158.852,2016-01-21 10:00:00-06:00,158.558,158.11,-67.62,long: close 158.78 > upper 158.43,exit long: close 158.60 < upper 158.71
2016-01-21,1,16,2016-01-21 10:30:00-06:00,158.852,2016-01-21 13:30:00-06:00,158.378,157.76,-75.84,long: close 158.80 > upper 158.79,exit long: close 158.46 < upper 158.98
2016-01-26,1,20,2016-01-26 09:00:00-06:00,160.222,2016-01-26 14:52:00-06:00,161.268,159.38,209.2,long: close 160.14 > upper 159.97,flatten
2016-01-27,-1,16,2016-01-27 09:30:00-06:00,159.738,2016-01-27 10:00:00-06:00,160.382,160.86,-103.04,short: close 159.80 < lower 159.95,exit short: close 160.30 > lower 159.65
2016-01-29,1,18,2016-01-29 09:00:00-06:00,162.532,2016-01-29 10:00:00-06:00,162.38799999999998,161.58,-25.92,long: close 162.43 > upper 162.02,exit long: close 162.42 < upper 162.50
2016-01-29,1,11,2016-01-29 11:00:00-06:00,163.032,2016-01-29 14:52:00-06:00,164.1503,161.34,123.01,long: close 162.96 > upper 162.77,flatten
2016-02-02,-1,14,2016-02-02 09:00:00-06:00,161.82799999999997,2016-02-02 10:30:00-06:00,162.24200000000002,163.07,-57.96,short: close 161.90 < lower 162.26,exit short: close 162.22 > lower 161.80
2016-02-02,-1,9,2016-02-02 13:00:00-06:00,161.238,2016-02-02 14:52:00-06:00,161.542,163.29,-27.36,short: close 161.29 < lower 161.45,flatten
2016-02-03,-1,15,2016-02-03 09:30:00-06:00,160.06799999999998,2016-02-03 10:00:00-06:00,160.972,161.23,-135.6,short: close 160.13 < lower 160.76,exit short: close 160.90 > lower 160.56
2016-02-04,1,17,2016-02-04 09:30:00-06:00,164.24200000000002,2016-02-04 10:30:00-06:00,163.628,163.22,-104.38,long: close 164.18 > upper 164.05,exit long: close 163.70 < upper 164.11
2016-02-05,-1,27,2016-02-05 09:00:00-06:00,163.208,2016-02-05 14:52:00-06:00,161.592,163.81,436.32,short: close 163.25 < lower 163.39,flatten
2016-02-08,-1,13,2016-02-08 09:00:00-06:00,159.178,2016-02-08 11:30:00-06:00,159.092,160.58,11.18,short: close 159.25 < lower 159.63,exit short: close 159.02 > lower 158.88
2016-02-08,-1,9,2016-02-08 12:00:00-06:00,158.798,2016-02-08 14:30:00-06:00,159.532,160.83,-66.06,short: close 158.87 < lower 159.01,exit short: close 159.47 > lower 158.87
2016-02-11,-1,8,2016-02-11 10:30:00-06:00,155.648,2016-02-11 11:00:00-06:00,156.17200000000003,157.93,-41.92,short: close 155.73 < lower 155.84,exit short: close 156.14 > lower 155.78
2016-02-11,-1,8,2016-02-11 13:30:00-06:00,155.47799999999998,2016-02-11 14:00:00-06:00,157.05200000000002,157.72,-125.92,short: close 155.55 < lower 155.88,exit short: close 157.00 > lower 155.67
2016-02-12,1,11,2016-02-12 10:30:00-06:00,159.30200000000002,2016-02-12 11:00:00-06:00,159.09799999999998,157.67000000000002,-22.44,long: close 159.24 > upper 159.15,exit long: close 159.12 < upper 159.15
2016-02-12,1,11,2016-02-12 11:30:00-06:00,159.252,2016-02-12 12:30:00-06:00,158.88799999999998,157.65,-40.04,long: close 159.18 > upper 159.12,exit long: close 158.96 < upper 159.13
2016-02-17,1,11,2016-02-17 09:30:00-06:00,164.532,2016-02-17 14:52:00-06:00,164.838,162.95000000000002,33.66,long: close 164.46 > upper 164.43,flatten
2016-02-22,1,10,2016-02-22 13:00:00-06:00,166.412,2016-02-22 13:30:00-06:00,165.998,164.59,-41.4,long: close 166.37 > upper 166.35,exit long: close 166.06 < upper 166.35
2016-02-23,-1,17,2016-02-23 10:00:00-06:00,164.458,2016-02-23 14:52:00-06:00,164.412,165.47,7.82,short: close 164.54 < lower 164.78,flatten
2016-02-24,-1,13,2016-02-24 09:00:00-06:00,161.81789999999998,2016-02-24 10:00:00-06:00,162.282,163.13,-60.33,short: close 161.87 < lower 162.06,exit short: close 162.20 > lower 161.77
2016-02-25,1,15,2016-02-25 13:00:00-06:00,166.14200000000002,2016-02-25 13:30:00-06:00,165.998,164.99,-21.6,long: close 166.12 > upper 166.00,exit long: close 166.05 < upper 166.13
2016-02-29,1,23,2016-02-29 11:00:00-06:00,167.042,2016-02-29 11:30:00-06:00,166.774,166.31,-61.64,long: close 166.95 > upper 166.94,exit long: close 166.84 < upper 166.93
2016-03-01,1,17,2016-03-01 09:30:00-06:00,166.93200000000002,2016-03-01 14:52:00-06:00,168.148,165.93,206.72,long: close 166.87 > upper 166.53,flatten
2016-03-04,1,18,2016-03-04 13:00:00-06:00,170.58200000000002,2016-03-04 13:30:00-06:00,169.898,169.65,-123.12,long: close 170.52 > upper 170.39,exit long: close 169.98 < upper 170.44
2016-03-07,1,18,2016-03-07 11:30:00-06:00,170.67200000000003,2016-03-07 12:30:00-06:00,170.518,169.74,-27.72,long: close 170.60 > upper 170.60,exit long: close 170.59 < upper 170.75
2016-03-10,1,28,2016-03-10 09:00:00-06:00,171.232,2016-03-10 09:25:00-06:00,170.588,170.65,-180.32,long: close 171.17 > upper 170.94,stop
2016-03-10,-1,18,2016-03-10 10:30:00-06:00,169.00799999999998,2016-03-10 14:00:00-06:00,169.6055,169.94,-107.55,short: close 169.08 < lower 169.43,exit short: close 169.55 > lower 169.20
2016-03-11,1,17,2016-03-11 09:00:00-06:00,171.90200000000002,2016-03-11 09:30:00-06:00,171.718,170.9,-31.28,long: close 171.83 > upper 171.77,exit long: close 171.77 < upper 171.86
2016-03-11,1,13,2016-03-11 10:30:00-06:00,172.30200000000002,2016-03-11 12:00:00-06:00,171.988,170.9,-40.82,long: close 172.24 > upper 172.18,exit long: close 172.06 < upper 172.29
2016-03-17,1,32,2016-03-17 10:00:00-05:00,174.192,2016-03-17 14:52:00-05:00,175.10299999999998,173.70000000000002,291.52,long: close 174.12 > upper 173.95,flatten
2016-03-18,1,39,2016-03-18 09:00:00-05:00,175.602,2016-03-18 09:30:00-05:00,175.38299999999998,175.22,-85.41,long: close 175.53 > upper 175.48,exit long: close 175.44 < upper 175.59
2016-03-29,1,17,2016-03-29 13:30:00-05:00,176.15200000000002,2016-03-29 14:52:00-05:00,175.99849999999998,175.12,-26.1,long: close 176.07 > upper 175.83,flatten
2016-03-30,1,24,2016-03-30 09:00:00-05:00,177.472,2016-03-30 09:30:00-05:00,177.19799999999998,176.78,-65.76,long: close 177.41 > upper 177.30,exit long: close 177.25 < upper 177.36
2016-04-01,1,21,2016-04-01 10:00:00-05:00,177.162,2016-04-01 10:30:00-05:00,176.88799999999998,176.35,-57.54,long: close 177.07 > upper 176.99,exit long: close 176.94 < upper 177.02
2016-04-01,1,17,2016-04-01 12:30:00-05:00,177.282,2016-04-01 13:30:00-05:00,177.278,176.29,-0.68,long: close 177.22 > upper 177.16,exit long: close 177.31 < upper 177.33
2016-04-06,-1,50,2016-04-06 09:30:00-05:00,175.408,2016-04-06 09:30:00-05:00,175.74200000000002,175.68,-167.0,short: close 175.46 < lower 175.57,stop
2016-04-06,1,38,2016-04-06 10:00:00-05:00,176.36200000000002,2016-04-06 13:30:00-05:00,176.22799999999998,175.96,-50.92,long: close 176.30 > upper 176.24,exit long: close 176.27 < upper 176.58
2016-04-07,-1,20,2016-04-07 09:30:00-05:00,175.28799999999998,2016-04-07 10:00:00-05:00,175.602,176.15,-62.8,short: close 175.37 < lower 175.55,exit short: close 175.55 > lower 175.43
2016-04-07,-1,17,2016-04-07 10:30:00-05:00,175.298,2016-04-07 11:00:00-05:00,175.55200000000002,176.3,-43.18,short: close 175.36 < lower 175.41,exit short: close 175.47 > lower 175.40
2016-04-08,1,26,2016-04-08 09:00:00-05:00,176.65200000000002,2016-04-08 10:00:00-05:00,176.268,176.02,-99.84,long: close 176.57 > upper 176.43,exit long: close 176.31 < upper 176.63
2016-04-11,1,38,2016-04-11 09:00:00-05:00,176.93200000000002,2016-04-11 09:43:00-05:00,176.47799999999998,176.54,-172.52,long: close 176.83 > upper 176.27,stop
2016-04-11,1,25,2016-04-11 12:00:00-05:00,176.632,2016-04-11 12:30:00-05:00,176.368,175.96,-66.0,long: close 176.57 > upper 176.55,exit long: close 176.43 < upper 176.63
2016-04-12,1,45,2016-04-12 09:00:00-05:00,176.17200000000003,2016-04-12 09:08:00-05:00,175.78799999999998,175.85,-172.8,long: close 176.10 > upper 175.91,stop
2016-04-12,1,34,2016-04-12 10:00:00-05:00,176.55200000000002,2016-04-12 14:52:00-05:00,176.808,176.1,87.04,long: close 176.46 > upper 176.04,flatten
2016-04-13,1,25,2016-04-13 09:00:00-05:00,178.43200000000002,2016-04-13 10:00:00-05:00,177.958,177.76,-118.5,long: close 178.35 > upper 178.20,exit long: close 178.03 < upper 178.34
2016-04-13,1,20,2016-04-13 10:30:00-05:00,178.46200000000002,2016-04-13 11:30:00-05:00,178.408,177.6,-10.8,long: close 178.39 > upper 178.39,exit long: close 178.47 < upper 178.48
2016-04-18,1,27,2016-04-18 09:30:00-05:00,179.33200000000002,2016-04-18 14:52:00-05:00,179.688,178.72,96.12,long: close 179.25 > upper 179.02,flatten
2016-04-19,1,35,2016-04-19 09:00:00-05:00,180.64200000000002,2016-04-19 09:30:00-05:00,180.368,180.20000000000002,-95.9,long: close 180.58 > upper 180.40,exit long: close 180.42 < upper 180.53
2016-04-19,1,30,2016-04-19 10:00:00-05:00,180.58200000000002,2016-04-19 10:30:00-05:00,180.248,180.04,-100.2,long: close 180.52 > upper 180.50,exit long: close 180.32 < upper 180.59
2016-04-20,1,24,2016-04-20 12:00:00-05:00,181.032,2016-04-20 14:52:00-05:00,180.808,180.35,-53.76,long: close 180.95 > upper 180.82,flatten
2016-05-16,1,35,2016-05-16 09:00:00-05:00,176.27200000000002,2016-05-16 14:52:00-05:00,177.2679,175.83,348.56,long: close 176.19 > upper 176.05,flatten
2016-05-17,-1,33,2016-05-17 09:30:00-05:00,176.458,2016-05-17 09:54:00-05:00,176.99200000000002,176.93,-176.22,short: close 176.57 < lower 176.63,stop
2016-05-17,-1,23,2016-05-17 12:00:00-05:00,176.268,2016-05-17 12:30:00-05:00,176.4821,177.01,-49.24,short: close 176.34 < lower 176.36,exit short: close 176.46 > lower 176.37
2016-05-18,1,28,2016-05-18 09:30:00-05:00,176.202,2016-05-18 09:56:00-05:00,175.558,175.62,-180.32,long: close 176.15 > upper 175.89,stop
2016-05-18,1,21,2016-05-18 12:00:00-05:00,176.33200000000002,2016-05-18 13:05:00-05:00,175.44799999999998,175.51,-185.64,long: close 176.25 > upper 176.13,stop
2016-05-19,-1,24,2016-05-19 09:00:00-05:00,173.94799999999998,2016-05-19 12:30:00-05:00,174.382,174.63,-104.16,short: close 174.01 < lower 174.60,exit short: close 174.31 > lower 174.30
2016-05-20,1,38,2016-05-20 09:00:00-05:00,175.412,2016-05-20 11:30:00-05:00,175.158,175.01,-96.52,long: close 175.30 > upper 175.11,exit long: close 175.23 < upper 175.25
2016-05-31,-1,19,2016-05-31 11:00:00-05:00,177.6975,2016-05-31 12:30:00-05:00,177.912,178.59,-40.76,short: close 177.78 < lower 177.86,exit short: close 177.84 > lower 177.78
2016-05-31,-1,17,2016-05-31 13:00:00-05:00,177.588,2016-05-31 14:52:00-05:00,177.86200000000002,178.6,-46.58,short: close 177.67 < lower 177.75,flatten
2016-06-27,-1,18,2016-06-27 09:00:00-05:00,171.428,2016-06-27 14:52:00-05:00,171.262,172.39000000000001,29.88,short: close 171.50 < lower 172.13,flatten
2016-06-29,1,15,2016-06-29 10:30:00-05:00,176.062,2016-06-29 14:52:00-05:00,176.498,174.86,65.4,long: close 175.98 > upper 175.68,flatten
2016-06-30,1,21,2016-06-30 10:30:00-05:00,177.86200000000002,2016-06-30 14:52:00-05:00,178.458,177.06,125.16,long: close 177.77 > upper 177.66,flatten
2016-07-01,1,26,2016-07-01 09:30:00-05:00,179.762,2016-07-01 10:30:00-05:00,179.378,179.12,-99.84,long: close 179.69 > upper 179.55,exit long: close 179.43 < upper 179.66
2016-07-01,1,26,2016-07-01 11:00:00-05:00,179.622,2016-07-01 11:30:00-05:00,179.188,178.99,-112.84,long: close 179.55 > upper 179.54,exit long: close 179.27 < upper 179.53
2016-07-05,-1,19,2016-07-05 12:30:00-05:00,177.808,2016-07-05 14:00:00-05:00,177.96200000000002,178.71,-29.26,short: close 177.89 < lower 178.01,exit short: close 177.91 > lower 177.85
2016-07-06,1,20,2016-07-06 12:00:00-05:00,178.812,2016-07-06 12:30:00-05:00,178.60799999999998,177.97,-40.8,long: close 178.75 > upper 178.74,exit long: close 178.67 < upper 178.76
2016-07-07,1,33,2016-07-07 09:00:00-05:00,179.722,2016-07-07 09:30:00-05:00,179.53799999999998,179.25,-60.72,long: close 179.62 > upper 179.56,exit long: close 179.58 < upper 179.71
2016-07-07,-1,23,2016-07-07 13:30:00-05:00,178.208,2016-07-07 14:30:00-05:00,178.602,178.95000000000002,-90.62,short: close 178.24 < lower 178.36,exit short: close 178.51 > lower 178.15
2016-07-08,1,15,2016-07-08 10:30:00-05:00,180.842,2016-07-08 14:52:00-05:00,181.218,179.64000000000001,56.4,long: close 180.78 > upper 180.61,flatten
2016-07-11,1,20,2016-07-11 10:30:00-05:00,182.542,2016-07-11 13:00:00-05:00,182.408,181.69,-26.8,long: close 182.46 > upper 182.43,exit long: close 182.46 < upper 182.55
2016-09-14,1,34,2016-09-14 09:30:00-05:00,181.532,2016-09-14 09:53:00-05:00,181.018,181.08,-174.76,long: close 181.47 > upper 181.26,stop
2016-09-15,1,32,2016-09-15 09:30:00-05:00,181.15200000000002,2016-09-15 14:52:00-05:00,182.218,180.65,341.12,long: close 181.07 > upper 180.90,flatten
2016-09-16,-1,26,2016-09-16 09:00:00-05:00,181.06799999999998,2016-09-16 10:00:00-05:00,181.11200000000002,181.70000000000002,-11.44,short: close 181.14 < lower 181.24,exit short: close 181.07 > lower 180.94
2016-09-16,-1,17,2016-09-16 10:30:00-05:00,180.81799999999998,2016-09-16 11:00:00-05:00,181.187,181.82,-62.73,short: close 180.87 < lower 180.87,exit short: close 181.12 > lower 180.83
2016-09-19,1,23,2016-09-19 09:00:00-05:00,182.312,2016-09-19 09:30:00-05:00,181.97799999999998,181.57,-76.82,long: close 182.24 > upper 182.16,exit long: close 182.05 < upper 182.38
2016-09-21,1,29,2016-09-21 09:00:00-05:00,182.012,2016-09-21 09:30:00-05:00,181.768,181.45000000000002,-70.76,long: close 181.95 > upper 181.91,exit long: close 181.80 < upper 182.08
2016-09-22,1,22,2016-09-22 09:00:00-05:00,184.192,2016-09-22 10:00:00-05:00,183.94799999999998,183.43,-53.68,long: close 184.11 > upper 183.93,exit long: close 184.01 < upper 184.11
2016-09-23,-1,19,2016-09-23 13:00:00-05:00,182.268,2016-09-23 14:00:00-05:00,182.752,183.17000000000002,-91.96,short: close 182.34 < lower 182.62,exit short: close 182.71 > lower 182.63
2016-09-26,-1,23,2016-09-26 09:00:00-05:00,180.88799999999998,2016-09-26 09:30:00-05:00,181.24200000000002,181.61,-81.42,short: close 180.96 < lower 181.24,exit short: close 181.15 > lower 181.08
2016-09-26,-1,18,2016-09-26 10:30:00-05:00,180.868,2016-09-26 11:30:00-05:00,181.122,181.84,-45.72,short: close 180.90 < lower 180.98,exit short: close 181.05 > lower 180.90
2016-09-27,1,38,2016-09-27 09:00:00-05:00,181.252,2016-09-27 09:59:00-05:00,180.78799999999998,180.85,-176.32,long: close 181.18 > upper 181.08,stop
2016-09-27,1,26,2016-09-27 10:30:00-05:00,181.52200000000002,2016-09-27 14:52:00-05:00,181.898,180.88,97.76,long: close 181.46 > upper 181.32,flatten
2016-09-29,-1,18,2016-09-29 12:00:00-05:00,181.458,2016-09-29 14:52:00-05:00,181.52200000000002,182.43,-11.52,short: close 181.55 < lower 181.99,flatten
2016-09-30,1,17,2016-09-30 10:30:00-05:00,183.11200000000002,2016-09-30 12:00:00-05:00,182.838,182.06,-46.58,long: close 183.05 > upper 182.71,exit long: close 182.93 < upper 182.97
2016-09-30,1,12,2016-09-30 13:30:00-05:00,183.18200000000002,2016-09-30 14:52:00-05:00,183.19799999999998,181.74,1.92,long: close 183.13 > upper 183.11,flatten
2016-10-03,-1,30,2016-10-03 09:00:00-05:00,181.908,2016-10-03 09:02:00-05:00,182.502,182.44,-178.2,short: close 181.95 < lower 182.02,stop
2016-10-04,-1,20,2016-10-04 12:30:00-05:00,181.16809999999998,2016-10-04 14:52:00-05:00,181.49200000000002,182.02,-64.78,short: close 181.23 < lower 181.61,flatten
2016-10-05,1,26,2016-10-05 09:00:00-05:00,182.542,2016-10-05 12:00:00-05:00,182.66799999999998,181.92000000000002,32.76,long: close 182.47 > upper 182.45,exit long: close 182.74 < upper 182.86
2016-10-06,-1,36,2016-10-06 09:00:00-05:00,181.678,2016-10-06 10:30:00-05:00,182.042,182.11,-131.04,short: close 181.76 < lower 182.05,exit short: close 181.95 > lower 181.93
2016-10-07,-1,36,2016-10-07 09:00:00-05:00,182.00799999999998,2016-10-07 09:30:00-05:00,182.30200000000002,182.44,-105.84,short: close 182.03 < lower 182.26,exit short: close 182.25 > lower 182.23
2016-10-07,-1,39,2016-10-07 10:00:00-05:00,182.028,2016-10-07 10:30:00-05:00,182.252,182.41,-87.36,short: close 182.11 < lower 182.30,exit short: close 182.19 > lower 182.16
2016-10-10,1,20,2016-10-10 09:00:00-05:00,183.782,2016-10-10 10:30:00-05:00,183.528,182.95000000000002,-50.8,long: close 183.69 > upper 183.54,exit long: close 183.57 < upper 183.63
2016-10-11,-1,32,2016-10-11 09:00:00-05:00,182.158,2016-10-11 14:52:00-05:00,181.23190000000002,182.66,296.35,short: close 182.23 < lower 182.50,flatten
2016-10-13,-1,18,2016-10-13 09:00:00-05:00,179.59799999999998,2016-10-13 10:30:00-05:00,180.002,180.55,-72.72,short: close 179.64 < lower 179.77,exit short: close 179.93 > lower 179.58
2016-11-15,-1,40,2016-11-15 09:00:00-06:00,188.2188,2016-11-15 10:00:00-06:00,188.41830000000002,188.59,-79.8,short: close 188.30 < lower 188.39,exit short: close 188.35 > lower 188.27
2016-11-18,-1,28,2016-11-18 10:00:00-06:00,188.42389999999997,2016-11-18 10:30:00-06:00,188.58200000000002,189.0,-44.27,short: close 188.47 < lower 188.52,exit short: close 188.53 > lower 188.34
2017-03-02,-1,27,2017-03-02 11:30:00-06:00,210.32799999999997,2017-03-02 12:00:00-06:00,210.58200000000002,210.93,-68.58,short: close 210.40 < lower 210.51,exit short: close 210.52 > lower 210.49
2017-04-25,1,17,2017-04-25 09:00:00-05:00,209.437,2017-04-25 14:52:00-05:00,209.688,208.44,42.67,long: close 209.37 > upper 209.17,flatten
2017-04-26,1,33,2017-04-26 10:30:00-05:00,210.43400000000003,2017-04-26 10:47:00-05:00,209.888,209.95000000000002,-180.18,long: close 210.40 > upper 210.23,stop
2017-04-26,1,28,2017-04-26 12:00:00-05:00,210.372,2017-04-26 12:30:00-05:00,210.148,209.8,-62.72,long: close 210.32 > upper 210.32,exit long: close 210.20 < upper 210.41
2017-05-04,-1,38,2017-05-04 09:00:00-05:00,208.968,2017-05-04 09:30:00-05:00,209.252,209.37,-107.92,short: close 209.04 < lower 209.05,exit short: close 209.20 > lower 208.99
2017-05-04,-1,26,2017-05-04 11:30:00-05:00,208.38799999999998,2017-05-04 11:55:00-05:00,209.08200000000002,209.02,-180.44,short: close 208.46 < lower 208.82,stop
2017-08-25,1,27,2017-08-25 09:00:00-05:00,218.732,2017-08-25 10:00:00-05:00,218.25799999999998,218.12,-127.98,long: close 218.68 > upper 218.55,exit long: close 218.34 < upper 218.62
2017-08-28,-1,27,2017-08-28 09:30:00-05:00,217.53799999999998,2017-08-28 10:00:00-05:00,217.89200000000002,218.15,-95.58,short: close 217.62 < lower 217.66,exit short: close 217.84 > lower 217.69
2017-08-29,1,17,2017-08-29 12:30:00-05:00,218.382,2017-08-29 13:00:00-05:00,218.22799999999998,217.37,-26.18,long: close 218.33 > upper 218.32,exit long: close 218.29 < upper 218.32
2017-11-29,1,24,2017-11-29 09:00:00-06:00,239.61200000000002,2017-11-29 09:30:00-06:00,239.19799999999998,238.93,-99.36,long: close 239.54 > upper 239.41,exit long: close 239.21 < upper 239.51
2017-11-30,1,17,2017-11-30 10:00:00-06:00,241.282,2017-11-30 14:52:00-06:00,242.95299999999997,240.28,284.07,long: close 241.22 > upper 241.06,flatten
2017-12-01,-1,27,2017-12-01 10:30:00-06:00,240.16799999999998,2017-12-01 10:34:00-06:00,240.842,240.78,-181.98,short: close 240.23 < lower 242.35,stop
2017-12-01,-1,24,2017-12-01 11:00:00-06:00,241.548,2017-12-01 12:33:00-06:00,242.30200000000002,242.24,-180.96,short: close 241.61 < lower 242.27,stop
2017-12-04,1,11,2017-12-04 09:30:00-06:00,245.52200000000002,2017-12-04 10:00:00-06:00,244.85799999999998,243.89000000000001,-73.04,long: close 245.45 > upper 245.38,exit long: close 244.94 < upper 245.41
2017-12-05,-1,27,2017-12-05 09:00:00-06:00,242.66799999999998,2017-12-05 09:30:00-06:00,243.05200000000002,243.28,-103.68,short: close 242.74 < lower 242.83,exit short: close 243.01 > lower 242.76
2017-12-07,1,31,2017-12-07 09:00:00-06:00,242.342,2017-12-07 10:10:00-06:00,241.75799999999998,241.82,-181.04,long: close 242.28 > upper 241.94,stop
2017-12-07,1,20,2017-12-07 11:00:00-06:00,242.702,2017-12-07 13:30:00-06:00,242.25799999999998,241.87,-88.8,long: close 242.63 > upper 242.26,exit long: close 242.32 < upper 242.42
2017-12-12,1,18,2017-12-12 11:00:00-06:00,245.622,2017-12-12 11:30:00-06:00,245.338,244.64000000000001,-51.12,long: close 245.56 > upper 245.54,exit long: close 245.40 < upper 245.65
2017-12-12,1,15,2017-12-12 12:00:00-06:00,245.77200000000002,2017-12-12 14:00:00-06:00,245.628,244.64000000000001,-21.6,long: close 245.70 > upper 245.69,exit long: close 245.70 < upper 245.72
2017-12-13,1,33,2017-12-13 09:30:00-06:00,246.36200000000002,2017-12-13 12:30:00-06:00,246.378,245.89000000000001,5.28,long: close 246.29 > upper 246.03,exit long: close 246.42 < upper 246.44
2017-12-13,1,19,2017-12-13 13:30:00-06:00,246.812,2017-12-13 14:30:00-06:00,246.35799999999998,245.9,-86.26,long: close 246.76 > upper 246.47,exit long: close 246.43 < upper 246.54
2017-12-19,-1,28,2017-12-19 09:30:00-06:00,247.44799999999998,2017-12-19 10:30:00-06:00,247.40200000000002,248.02,12.88,short: close 247.48 < lower 247.48,exit short: close 247.33 > lower 247.19
2018-01-16,1,13,2018-01-16 09:00:00-06:00,260.762,2018-01-16 09:30:00-06:00,260.348,259.35,-53.82,long: close 260.72 > upper 260.44,exit long: close 260.39 < upper 260.54
2018-01-17,1,14,2018-01-17 11:30:00-06:00,260.02590000000004,2018-01-17 14:52:00-06:00,260.988,258.8,134.69,long: close 259.97 > upper 259.77,flatten
2018-01-18,-1,32,2018-01-18 09:30:00-06:00,260.268,2018-01-18 13:00:00-06:00,260.462,260.76,-62.08,short: close 260.33 < lower 260.65,exit short: close 260.36 > lower 260.35
2018-01-19,-1,27,2018-01-19 11:00:00-06:00,259.298,2018-01-19 11:30:00-06:00,259.592,259.91,-79.38,short: close 259.38 < lower 259.50,exit short: close 259.52 > lower 259.45
2018-01-22,1,16,2018-01-22 11:30:00-06:00,261.322,2018-01-22 12:30:00-06:00,261.178,260.26,-23.04,long: close 261.27 > upper 261.19,exit long: close 261.24 < upper 261.26
2018-01-24,1,19,2018-01-24 09:00:00-06:00,263.5919,2018-01-24 09:30:00-06:00,263.368,262.68,-42.54,long: close 263.52 > upper 263.38,exit long: close 263.39 < upper 263.47
2018-01-29,-1,25,2018-01-29 10:00:00-06:00,264.798,2018-01-29 11:00:00-06:00,265.012,265.45,-53.5,short: close 264.86 < lower 265.09,exit short: close 264.96 > lower 264.94
2018-01-30,-1,8,2018-01-30 12:30:00-06:00,260.143,2018-01-30 13:00:00-06:00,260.777,262.31,-50.72,short: close 260.20 < lower 260.66,exit short: close 260.70 > lower 260.62
2018-02-01,1,13,2018-02-01 11:00:00-06:00,262.612,2018-02-01 13:00:00-06:00,261.64799999999997,261.21,-125.32,long: close 262.54 > upper 262.07,exit long: close 261.72 < upper 262.24
2018-02-02,-1,11,2018-02-02 10:00:00-06:00,258.83799999999997,2018-02-02 14:52:00-06:00,255.162,260.47,404.36,short: close 258.94 < lower 259.02,flatten
2018-02-05,-1,8,2018-02-05 12:30:00-06:00,250.44799999999998,2018-02-05 13:00:00-06:00,251.89200000000002,252.82,-115.52,short: close 250.50 < lower 251.20,exit short: close 251.81 > lower 251.24
2018-02-05,-1,7,2018-02-05 13:30:00-06:00,250.028,2018-02-05 14:52:00-06:00,244.592,252.42000000000002,380.52,short: close 250.10 < lower 251.19,flatten
2018-02-06,1,6,2018-02-06 09:00:00-06:00,245.1097,2018-02-06 09:17:00-06:00,242.178,242.24,-175.9,long: close 244.99 > upper 243.64,stop
2018-02-06,1,5,2018-02-06 11:30:00-06:00,245.15200000000002,2018-02-06 12:30:00-06:00,243.838,241.93,-65.7,long: close 245.10 > upper 243.99,exit long: close 243.91 < upper 244.23
2018-02-07,1,13,2018-02-07 09:00:00-06:00,250.282,2018-02-07 12:23:00-06:00,248.908,248.97,-178.62,long: close 250.25 > upper 249.95,stop
2018-02-07,1,12,2018-02-07 13:00:00-06:00,250.632,2018-02-07 13:50:00-06:00,249.03799999999998,249.1,-191.28,long: close 250.51 > upper 250.17,stop
2018-02-08,-1,15,2018-02-08 09:00:00-06:00,247.56799999999998,2018-02-08 14:52:00-06:00,240.532,248.70000000000002,1055.4,short: close 247.65 < lower 247.72,flatten
2018-02-09,-1,6,2018-02-09 11:30:00-06:00,235.53799999999998,2018-02-09 13:03:00-06:00,238.722,238.66,-191.04,short: close 235.54 < lower 236.91,stop
2018-02-12,1,6,2018-02-12 11:30:00-06:00,246.442,2018-02-12 14:52:00-06:00,246.28799999999998,243.43,-9.24,long: close 246.39 > upper 246.10,flatten
2018-02-22,1,7,2018-02-22 10:30:00-06:00,250.732,2018-02-22 11:30:00-06:00,250.798,248.31,4.62,long: close 250.69 > upper 250.60,exit long: close 250.87 < upper 251.15
2018-02-28,1,16,2018-02-28 09:00:00-06:00,255.792,2018-02-28 09:30:00-06:00,255.468,254.67000000000002,-51.84,long: close 255.72 > upper 255.68,exit long: close 255.50 < upper 256.14
2018-03-01,-1,33,2018-03-01 09:00:00-06:00,249.058,2018-03-01 09:00:00-06:00,249.602,249.54,-179.52,short: close 249.11 < lower 249.81,stop
2018-03-01,-1,9,2018-03-01 12:30:00-06:00,247.333,2018-03-01 14:52:00-06:00,246.482,249.32,76.59,short: close 247.45 < lower 248.22,flatten
2018-03-02,-1,11,2018-03-02 09:00:00-06:00,242.84799999999998,2018-03-02 10:00:00-06:00,243.032,244.43,-20.24,short: close 242.90 < lower 243.18,exit short: close 243.01 > lower 242.56
2018-03-05,1,10,2018-03-05 10:30:00-06:00,246.77200000000002,2018-03-05 14:52:00-06:00,248.988,245.07,221.6,long: close 246.69 > upper 246.29,flatten
2018-03-06,-1,11,2018-03-06 10:00:00-06:00,247.838,2018-03-06 11:00:00-06:00,247.822,249.46,1.76,short: close 247.87 < lower 247.88,exit short: close 247.77 > lower 247.58
2018-03-06,-1,9,2018-03-06 11:30:00-06:00,247.238,2018-03-06 12:00:00-06:00,249.0671,249.26000000000002,-164.62,short: close 247.31 < lower 247.48,exit short: close 249.00 > lower 247.44
2018-03-09,1,8,2018-03-09 11:30:00-06:00,252.442,2018-03-09 14:52:00-06:00,253.178,250.12,58.88,long: close 252.40 > upper 252.37,flatten
2018-03-12,-1,12,2018-03-12 10:30:00-05:00,251.968,2018-03-12 11:00:00-05:00,252.532,253.41,-67.68,short: close 252.02 < lower 252.34,exit short: close 252.43 > lower 252.29
2018-03-12,-1,11,2018-03-12 12:00:00-05:00,252.09799999999998,2018-03-12 12:30:00-05:00,252.292,253.71,-21.34,short: close 252.15 < lower 252.17,exit short: close 252.23 > lower 252.12
2018-03-14,-1,10,2018-03-14 11:00:00-05:00,247.44799999999998,2018-03-14 12:53:00-05:00,249.382,249.32,-193.4,short: close 247.49 < lower 248.97,stop
2018-03-15,1,10,2018-03-15 10:30:00-05:00,250.622,2018-03-15 11:00:00-05:00,249.998,248.92000000000002,-62.4,long: close 250.55 > upper 250.06,exit long: close 250.07 < upper 250.20
2018-03-19,-1,18,2018-03-19 09:00:00-05:00,247.458,2018-03-19 14:52:00-05:00,245.46200000000002,248.43,359.28,short: close 247.52 < lower 247.72,flatten
2018-03-20,1,18,2018-03-20 09:30:00-05:00,247.632,2018-03-20 10:00:00-05:00,247.488,246.69,-25.92,long: close 247.56 > upper 247.09,exit long: close 247.45 < upper 247.45
2018-03-22,-1,8,2018-03-22 10:00:00-05:00,242.798,2018-03-22 11:30:00-05:00,243.4687,245.13,-53.66,short: close 242.87 < lower 243.01,exit short: close 243.40 > lower 242.41
2018-03-26,1,7,2018-03-26 09:00:00-05:00,239.822,2018-03-26 09:30:00-05:00,238.588,237.37,-86.38,long: close 239.78 > upper 239.52,exit long: close 238.67 < upper 239.66
2018-03-29,1,12,2018-03-29 10:00:00-05:00,240.83200000000002,2018-03-29 12:00:00-05:00,240.678,239.37,-18.48,long: close 240.74 > upper 240.39,exit long: close 240.69 < upper 240.86
2018-03-29,1,10,2018-03-29 12:30:00-05:00,240.872,2018-03-29 14:52:00-05:00,242.188,239.15,131.6,long: close 240.82 > upper 240.66,flatten
2018-04-02,-1,17,2018-04-02 09:30:00-05:00,239.41799999999998,2018-04-02 14:52:00-05:00,235.852,240.43,606.22,short: close 239.48 < lower 239.82,flatten
2018-04-03,1,12,2018-04-03 10:00:00-05:00,238.39200000000002,2018-04-03 10:30:00-05:00,238.048,236.9,-41.28,long: close 238.28 > upper 238.25,exit long: close 238.16 < upper 238.52
2018-04-05,1,15,2018-04-05 09:00:00-05:00,244.57920000000001,2018-04-05 10:00:00-05:00,244.38799999999998,243.4,-28.68,long: close 244.50 > upper 244.31,exit long: close 244.40 < upper 244.88
2018-04-05,1,9,2018-04-05 10:30:00-05:00,245.93200000000002,2018-04-05 11:30:00-05:00,245.12199999999999,243.96,-72.9,long: close 245.87 > upper 245.11,exit long: close 245.21 < upper 245.23
2018-04-06,-1,7,2018-04-06 11:30:00-05:00,240.3707,2018-04-06 12:00:00-05:00,241.982,243.1,-112.79,short: close 240.43 < lower 240.87,exit short: close 242.00 > lower 240.76
2018-04-06,-1,6,2018-04-06 13:00:00-05:00,239.19799999999998,2018-04-06 14:52:00-05:00,239.702,242.02,-30.24,short: close 239.27 < lower 240.78,flatten
2018-04-09,1,7,2018-04-09 11:30:00-05:00,242.68200000000002,2018-04-09 13:30:00-05:00,242.56799999999998,240.23000000000002,-7.98,long: close 242.71 > upper 242.59,exit long: close 242.67 < upper 243.24
2018-04-10,1,8,2018-04-10 09:30:00-05:00,244.042,2018-04-10 10:00:00-05:00,244.16799999999998,241.69,10.08,long: close 244.01 > upper 243.91,exit long: close 244.18 < upper 244.41
2018-04-12,1,12,2018-04-12 09:00:00-05:00,244.982,2018-04-12 10:00:00-05:00,244.32799999999997,243.49,-78.48,long: close 244.89 > upper 244.22,exit long: close 244.42 < upper 244.68
2018-04-12,1,8,2018-04-12 12:00:00-05:00,245.482,2018-04-12 12:30:00-05:00,244.088,243.22,-111.52,long: close 245.40 > upper 244.99,exit long: close 244.19 < upper 244.90
2018-04-13,-1,10,2018-04-13 10:00:00-05:00,243.53799999999998,2018-04-13 10:30:00-05:00,244.14200000000002,245.37,-60.4,short: close 243.68 < lower 243.76,exit short: close 244.12 > lower 243.44
2018-04-20,-1,17,2018-04-20 10:00:00-05:00,245.07799999999997,2018-04-20 13:00:00-05:00,244.7621,246.09,53.7,short: close 245.17 < lower 245.53,exit short: close 244.73 > lower 244.68
2018-04-20,-1,9,2018-04-20 13:30:00-05:00,244.56799999999998,2018-04-20 14:52:00-05:00,244.032,246.46,48.24,short: close 244.61 < lower 244.65,flatten
2018-04-24,-1,10,2018-04-24 11:00:00-05:00,242.75799999999998,2018-04-24 14:52:00-05:00,240.092,244.5,266.6,short: close 242.84 < lower 243.13,flatten
2018-04-25,-1,25,2018-04-25 09:00:00-05:00,238.298,2018-04-25 09:08:00-05:00,239.032,238.97,-183.5,short: close 238.32 < lower 239.51,stop
2018-04-25,-1,20,2018-04-25 09:30:00-05:00,239.16279999999998,2018-04-25 09:47:00-05:00,240.092,240.03,-185.84,short: close 239.19 < lower 239.30,stop
2018-04-26,1,16,2018-04-26 10:00:00-05:00,243.042,2018-04-26 10:47:00-05:00,241.868,241.93,-187.84,long: close 243.04 > upper 242.18,stop
2018-04-26,1,11,2018-04-26 11:30:00-05:00,242.842,2018-04-26 12:00:00-05:00,242.718,241.25,-13.64,long: close 242.77 > upper 242.66,exit long: close 242.73 < upper 242.73
2018-04-27,-1,19,2018-04-27 10:00:00-05:00,242.028,2018-04-27 10:28:00-05:00,242.98200000000003,242.92000000000002,-181.26,short: close 242.14 < lower 242.15,stop
2018-05-01,-1,15,2018-05-01 09:30:00-05:00,239.208,2018-05-01 13:00:00-05:00,239.482,240.4,-41.1,short: close 239.27 < lower 239.94,exit short: close 239.44 > lower 239.43
2018-05-03,-1,13,2018-05-03 09:30:00-05:00,236.32799999999997,2018-05-03 11:41:00-05:00,237.74200000000002,237.68,-183.82,short: close 236.39 < lower 237.16,stop
2018-05-04,1,14,2018-05-04 09:30:00-05:00,240.562,2018-05-04 14:52:00-05:00,242.286,239.31,241.36,long: close 240.47 > upper 239.89,flatten
2018-05-07,1,17,2018-05-07 09:00:00-05:00,244.65200000000002,2018-05-07 10:00:00-05:00,244.3072,243.66,-58.62,long: close 244.60 > upper 243.99,exit long: close 244.35 < upper 244.56
2018-05-10,1,13,2018-05-10 10:30:00-05:00,247.412,2018-05-10 13:00:00-05:00,247.338,246.03,-9.62,long: close 247.35 > upper 247.09,exit long: close 247.37 < upper 247.55
2018-05-11,1,23,2018-05-11 09:00:00-05:00,248.71200000000002,2018-05-11 09:30:00-05:00,248.528,248.0,-42.32,long: close 248.68 > upper 248.31,exit long: close 248.59 < upper 248.66
2018-05-15,-1,14,2018-05-15 09:00:00-05:00,247.028,2018-05-15 10:00:00-05:00,247.49200000000002,248.29,-64.96,short: close 247.10 < lower 247.42,exit short: close 247.37 > lower 246.97
2018-05-15,-1,10,2018-05-15 11:00:00-05:00,246.88799999999998,2018-05-15 12:00:00-05:00,247.43200000000002,248.62,-54.4,short: close 246.93 < lower 246.94,exit short: close 247.41 > lower 246.99
2018-05-21,1,9,2018-05-21 09:30:00-05:00,250.17200000000003,2018-05-21 10:30:00-05:00,249.69799999999998,248.18,-42.66,long: close 250.11 > upper 250.09,exit long: close 249.71 < upper 250.23
2018-05-24,-1,20,2018-05-24 09:00:00-05:00,247.118,2018-05-24 11:30:00-05:00,247.482,247.98000000000002,-72.8,short: close 247.22 < lower 247.53,exit short: close 247.41 > lower 247.26
2018-05-29,-1,11,2018-05-29 11:00:00-05:00,243.408,2018-05-29 14:52:00-05:00,243.632,244.98000000000002,-24.64,short: close 243.50 < lower 244.77,flatten
2018-05-30,1,12,2018-05-30 11:00:00-05:00,246.252,2018-05-30 14:52:00-05:00,246.583,244.73000000000002,39.72,long: close 246.21 > upper 245.84,flatten
2018-05-31,-1,20,2018-05-31 09:00:00-05:00,245.09799999999998,2018-05-31 14:52:00-05:00,244.342,245.97,151.2,short: close 245.16 < lower 245.48,flatten
2018-06-04,1,15,2018-06-04 09:00:00-05:00,248.55200000000002,2018-06-04 09:30:00-05:00,248.09799999999998,247.38,-68.1,long: close 248.44 > upper 248.23,exit long: close 248.17 < upper 248.37
2018-06-04,1,15,2018-06-04 10:30:00-05:00,248.3692,2018-06-04 11:00:00-05:00,248.28799999999998,247.18,-12.18,long: close 248.32 > upper 248.24,exit long: close 248.36 < upper 248.37
2018-06-05,-1,25,2018-06-05 11:00:00-05:00,247.398,2018-06-05 11:30:00-05:00,247.57840000000002,248.07,-45.1,short: close 247.47 < lower 247.51,exit short: close 247.51 > lower 247.37
2018-06-06,1,17,2018-06-06 10:30:00-05:00,249.92200000000003,2018-06-06 14:52:00-05:00,251.1032,248.88,200.8,long: close 249.85 > upper 249.73,flatten
2018-06-07,1,19,2018-06-07 10:30:00-05:00,252.96200000000002,2018-06-07 11:00:00-05:00,252.798,252.08,-31.16,long: close 252.89 > upper 252.74,exit long: close 252.87 < upper 252.89
2018-06-07,1,15,2018-06-07 11:30:00-05:00,253.092,2018-06-07 12:00:00-05:00,252.658,251.93,-65.1,long: close 253.03 > upper 253.02,exit long: close 252.71 < upper 252.91
2018-06-15,-1,14,2018-06-15 09:30:00-05:00,249.50799999999998,2018-06-15 12:00:00-05:00,249.55700000000002,250.72,-6.86,short: close 249.58 < lower 249.91,exit short: close 249.51 > lower 249.48
2018-06-15,-1,11,2018-06-15 13:00:00-05:00,249.34799999999998,2018-06-15 13:29:00-05:00,251.102,251.04,-192.94,short: close 249.39 < lower 249.43,stop
2018-06-19,-1,9,2018-06-19 09:00:00-05:00,246.10799999999998,2018-06-19 10:00:00-05:00,246.39200000000002,248.04,-25.56,short: close 246.21 < lower 246.22,exit short: close 246.35 > lower 246.03
2018-06-21,-1,25,2018-06-21 09:00:00-05:00,245.238,2018-06-21 14:52:00-05:00,244.6173,245.89000000000001,155.17,short: close 245.31 < lower 245.51,flatten
2018-06-25,-1,16,2018-06-25 09:00:00-05:00,242.84799999999998,2018-06-25 14:52:00-05:00,242.662,243.91,29.76,short: close 242.94 < lower 243.87,flatten
2018-06-27,1,24,2018-06-27 09:00:00-05:00,244.3015,2018-06-27 11:45:00-05:00,243.548,243.61,-180.84,long: close 244.23 > upper 243.66,stop
2018-06-28,1,17,2018-06-28 13:00:00-05:00,241.95360000000002,2018-06-28 14:52:00-05:00,241.938,240.95000000000002,-2.65,long: close 241.87 > upper 241.78,flatten
2018-06-29,1,16,2018-06-29 09:00:00-05:00,244.30200000000002,2018-06-29 13:30:00-05:00,244.238,243.18,-10.24,long: close 244.21 > upper 243.89,exit long: close 244.32 < upper 244.36
2018-07-03,-1,14,2018-07-03 12:00:00-05:00,241.59799999999998,2018-07-03 14:59:00-05:00,241.592,242.9,0.84,short: close 241.84 < lower 242.17,flatten
2018-07-06,1,19,2018-07-06 10:30:00-05:00,244.762,2018-07-06 14:52:00-05:00,244.268,243.85,-93.86,long: close 244.70 > upper 244.33,flatten
2018-07-09,1,16,2018-07-09 09:00:00-05:00,246.562,2018-07-09 14:52:00-05:00,247.7627,245.5,192.11,long: close 246.48 > upper 246.24,flatten
2018-07-13,1,20,2018-07-13 10:30:00-05:00,250.17200000000003,2018-07-13 13:30:00-05:00,250.19799999999998,249.33,5.2,long: close 250.12 > upper 250.10,exit long: close 250.28 < upper 250.35
2018-07-17,-1,34,2018-07-17 09:00:00-05:00,250.128,2018-07-17 09:30:00-05:00,250.3501,250.58,-75.51,short: close 250.15 < lower 250.15,exit short: close 250.29 > lower 250.01
2018-07-19,-1,22,2018-07-19 09:00:00-05:00,250.708,2018-07-19 09:30:00-05:00,250.96200000000002,251.46,-55.88,short: close 250.74 < lower 250.88,exit short: close 250.90 > lower 250.78
2018-07-24,1,18,2018-07-24 09:30:00-05:00,252.36200000000002,2018-07-24 12:30:00-05:00,251.908,251.42000000000002,-81.72,long: close 252.29 > upper 251.70,exit long: close 251.97 < upper 252.01
2018-07-26,1,27,2018-07-26 09:00:00-05:00,255.562,2018-07-26 11:30:00-05:00,255.10799999999998,254.95000000000002,-122.58,long: close 255.49 > upper 254.85,exit long: close 255.16 < upper 255.26
2018-07-26,1,19,2018-07-26 12:30:00-05:00,255.352,2018-07-26 14:30:00-05:00,255.07799999999997,254.46,-52.06,long: close 255.29 > upper 255.13,exit long: close 255.13 < upper 255.22
2018-07-27,-1,27,2018-07-27 12:00:00-05:00,253.768,2018-07-27 13:01:00-05:00,254.442,254.38,-181.98,short: close 253.84 < lower 254.49,stop
2018-07-27,-1,29,2018-07-27 13:30:00-05:00,253.838,2018-07-27 14:13:00-05:00,254.46200000000002,254.4,-180.96,short: close 253.94 < lower 254.55,stop
2018-07-30,-1,30,2018-07-30 10:30:00-05:00,253.838,2018-07-30 14:52:00-05:00,253.012,254.38,247.8,short: close 253.89 < lower 253.90,flatten
2018-07-31,1,20,2018-07-31 11:00:00-05:00,254.442,2018-07-31 14:30:00-05:00,254.088,253.57,-70.8,long: close 254.36 > upper 254.16,exit long: close 254.15 < upper 254.29
2018-08-01,1,41,2018-08-01 09:30:00-05:00,254.46200000000002,2018-08-01 10:00:00-05:00,254.35799999999998,254.1,-42.64,long: close 254.43 > upper 254.29,exit long: close 254.39 < upper 254.43
2018-08-01,-1,25,2018-08-01 11:30:00-05:00,253.028,2018-08-01 12:01:00-05:00,253.352,253.69,-81.0,short: close 253.13 < lower 253.28,exit short: close 253.27 > lower 253.22
2018-08-13,-1,31,2018-08-13 10:30:00-05:00,252.75799999999998,2018-08-13 13:30:00-05:00,252.93200000000002,253.27,-53.94,short: close 252.83 < lower 252.93,exit short: close 252.86 > lower 252.55
2018-08-17,1,14,2018-08-17 13:30:00-05:00,256.922,2018-08-17 14:30:00-05:00,256.6355,255.68,-40.11,long: close 256.86 > upper 256.80,exit long: close 256.69 < upper 256.72
2018-08-20,1,21,2018-08-20 09:30:00-05:00,257.682,2018-08-20 10:00:00-05:00,257.08799999999997,256.89,-124.74,long: close 257.62 > upper 257.61,exit long: close 257.13 < upper 257.55
2018-08-23,-1,27,2018-08-23 10:30:00-05:00,256.178,2018-08-23 11:00:00-05:00,256.262,256.79,-22.68,short: close 256.24 < lower 256.37,exit short: close 256.19 > lower 256.17
2018-08-24,1,23,2018-08-24 10:00:00-05:00,257.85200000000003,2018-08-24 13:00:00-05:00,257.768,257.11,-19.32,long: close 257.80 > upper 257.59,exit long: close 257.83 < upper 257.88
2018-08-27,1,15,2018-08-27 09:00:00-05:00,260.04200000000003,2018-08-27 14:52:00-05:00,260.27799999999996,258.9,35.4,long: close 259.94 > upper 259.72,flatten
2018-08-29,1,27,2018-08-29 10:30:00-05:00,261.642,2018-08-29 11:30:00-05:00,261.498,261.04,-38.88,long: close 261.58 > upper 261.36,exit long: close 261.56 < upper 261.59
2018-08-29,1,22,2018-08-29 12:00:00-05:00,261.66200000000003,2018-08-29 12:30:00-05:00,261.318,260.89,-75.68,long: close 261.58 > upper 261.53,exit long: close 261.43 < upper 261.53
2018-08-30,-1,15,2018-08-30 13:30:00-05:00,259.758,2018-08-30 14:52:00-05:00,259.982,260.96,-33.6,short: close 259.82 < lower 259.85,flatten
2018-09-04,-1,26,2018-09-04 09:00:00-05:00,258.438,2018-09-04 09:16:00-05:00,259.122,259.06,-177.84,short: close 258.46 < lower 258.88,stop
2018-10-02,1,22,2018-10-02 10:00:00-05:00,267.16200000000003,2018-10-02 14:52:00-05:00,267.52799999999996,266.39,80.52,long: close 267.08 > upper 267.05,flatten
2018-10-05,-1,19,2018-10-05 10:00:00-05:00,265.098,2018-10-05 14:52:00-05:00,264.622,265.98,90.44,short: close 265.17 < lower 265.37,flatten
2018-10-10,-1,31,2018-10-10 09:00:00-05:00,262.21799999999996,2018-10-10 14:52:00-05:00,257.502,262.73,1461.96,short: close 262.26 < lower 263.62,flatten
2018-10-11,-1,11,2018-10-11 10:30:00-05:00,253.588,2018-10-11 11:00:00-05:00,254.592,255.22,-110.44,short: close 253.65 < lower 253.79,exit short: close 254.54 > lower 253.60
2018-10-11,-1,9,2018-10-11 13:30:00-05:00,253.03799999999998,2018-10-11 14:52:00-05:00,251.762,255.0,114.84,short: close 253.06 < lower 253.47,flatten
2018-10-16,1,9,2018-10-16 10:00:00-05:00,255.80200000000002,2018-10-16 14:52:00-05:00,257.7151,253.76000000000002,172.18,long: close 255.71 > upper 255.54,flatten
2018-10-17,-1,17,2018-10-17 09:00:00-05:00,255.72799999999998,2018-10-17 10:30:00-05:00,256.432,256.76,-119.68,short: close 255.85 < lower 256.34,exit short: close 256.33 > lower 255.73
2018-10-18,-1,16,2018-10-18 09:00:00-05:00,255.22799999999998,2018-10-18 09:30:00-05:00,255.96200000000002,256.3,-117.44,short: close 255.39 < lower 255.48,exit short: close 255.94 > lower 255.21
2018-10-18,-1,11,2018-10-18 11:00:00-05:00,253.57799999999997,2018-10-18 14:52:00-05:00,253.52200000000002,255.27,6.16,short: close 253.67 < lower 254.86,flatten
2018-10-19,1,20,2018-10-19 09:00:00-05:00,255.412,2018-10-19 10:30:00-05:00,254.778,254.54,-126.8,long: close 255.33 > upper 254.87,exit long: close 254.87 < upper 255.41
2018-10-22,-1,16,2018-10-22 09:00:00-05:00,253.50799999999998,2018-10-22 10:00:00-05:00,254.202,254.61,-111.04,short: close 253.56 < lower 253.57,exit short: close 254.16 > lower 253.22
2018-10-22,-1,10,2018-10-22 11:00:00-05:00,252.708,2018-10-22 12:00:00-05:00,252.99200000000002,254.47,-28.4,short: close 252.72 < lower 252.91,exit short: close 252.94 > lower 252.89
2018-10-24,-1,13,2018-10-24 10:00:00-05:00,250.28799999999998,2018-10-24 11:00:00-05:00,251.292,251.63,-130.52,short: close 250.37 < lower 250.75,exit short: close 251.21 > lower 250.32
2018-10-24,-1,9,2018-10-24 12:30:00-05:00,249.528,2018-10-24 13:30:00-05:00,250.162,251.5,-57.06,short: close 249.57 < lower 250.13,exit short: close 250.07 > lower 249.96
2018-10-25,1,10,2018-10-25 09:30:00-05:00,248.43210000000002,2018-10-25 10:00:00-05:00,248.238,246.66,-19.41,long: close 248.39 > upper 248.29,exit long: close 248.31 < upper 248.36
2018-10-25,1,9,2018-10-25 10:30:00-05:00,249.71110000000002,2018-10-25 11:30:00-05:00,248.38799999999998,247.62,-119.08,long: close 249.63 > upper 248.61,exit long: close 248.52 < upper 248.63
2018-10-26,-1,8,2018-10-26 09:30:00-05:00,246.00799999999998,2018-10-26 10:30:00-05:00,246.36200000000002,248.22,-28.32,short: close 246.12 < lower 246.37,exit short: close 246.12 > lower 246.06
2018-10-29,1,9,2018-10-29 09:30:00-05:00,250.012,2018-10-29 10:00:00-05:00,249.558,247.95000000000002,-40.86,long: close 249.88 > upper 249.75,exit long: close 249.54 < upper 249.91
2018-10-30,1,22,2018-10-30 09:00:00-05:00,246.67200000000003,2018-10-30 09:36:00-05:00,245.81799999999998,245.91,-187.88,long: close 246.57 > upper 245.17,stop
2018-10-30,1,14,2018-10-30 10:00:00-05:00,245.792,2018-10-30 12:00:00-05:00,245.308,244.55,-67.76,long: close 245.67 > upper 245.66,exit long: close 245.41 < upper 245.87
2018-10-31,1,8,2018-10-31 09:30:00-05:00,252.1697,2018-10-31 10:00:00-05:00,251.50799999999998,249.92000000000002,-52.94,long: close 252.11 > upper 252.03,exit long: close 251.54 < upper 252.08
2018-10-31,1,6,2018-10-31 13:30:00-05:00,252.86200000000002,2018-10-31 14:00:00-05:00,252.778,249.97,-5.04,long: close 252.80 > upper 252.68,exit long: close 252.85 < upper 253.19
2018-11-02,-1,9,2018-11-02 11:30:00-05:00,252.438,2018-11-02 13:30:00-05:00,252.722,254.36,-25.56,short: close 252.47 < lower 252.60,exit short: close 252.61 > lower 252.02
2018-11-05,1,13,2018-11-05 10:00:00-06:00,254.122,2018-11-05 10:30:00-06:00,253.548,252.71,-74.62,long: close 254.13 > upper 254.07,exit long: close 253.64 < upper 254.27
2018-11-05,1,9,2018-11-05 13:30:00-06:00,254.752,2018-11-05 14:00:00-06:00,254.66799999999998,252.76000000000002,-7.56,long: close 254.68 > upper 254.65,exit long: close 254.68 < upper 254.98
2018-11-07,1,7,2018-11-07 12:00:00-06:00,259.982,2018-11-07 13:00:00-06:00,259.71799999999996,257.44,-18.48,long: close 259.93 > upper 259.83,exit long: close 259.77 < upper 260.18
2018-11-07,1,6,2018-11-07 13:30:00-06:00,260.682,2018-11-07 14:52:00-06:00,261.348,257.82,39.96,long: close 260.68 > upper 260.15,flatten
2018-11-09,-1,9,2018-11-09 11:00:00-06:00,259.638,2018-11-09 12:00:00-06:00,259.832,261.52,-17.46,short: close 259.67 < lower 259.76,exit short: close 259.82 > lower 259.68
2018-11-09,-1,8,2018-11-09 13:30:00-06:00,259.098,2018-11-09 14:00:00-06:00,260.052,261.37,-76.32,short: close 259.15 < lower 259.37,exit short: close 259.91 > lower 258.98
2018-11-12,-1,21,2018-11-12 09:00:00-06:00,258.08799999999997,2018-11-12 14:52:00-06:00,254.27200000000002,258.91,801.36,short: close 258.23 < lower 259.07,flatten
2018-11-13,-1,15,2018-11-13 09:30:00-06:00,252.378,2018-11-13 09:57:00-06:00,253.57200000000003,253.51000000000002,-179.1,short: close 252.45 < lower 252.90,stop
2018-11-14,-1,7,2018-11-14 12:00:00-06:00,251.298,2018-11-14 14:00:00-06:00,252.322,253.74,-71.68,short: close 251.38 < lower 251.65,exit short: close 252.28 > lower 251.16
2018-11-15,1,8,2018-11-15 13:30:00-06:00,253.632,2018-11-15 14:30:00-06:00,252.32799999999997,251.37,-104.32,long: close 253.59 > upper 252.94,exit long: close 252.40 < upper 253.24
2018-11-19,-1,15,2018-11-19 09:30:00-06:00,251.53799999999998,2018-11-19 14:52:00-06:00,249.542,252.68,299.4,short: close 251.68 < lower 252.70,flatten
2018-11-20,-1,7,2018-11-20 09:00:00-06:00,245.158,2018-11-20 10:00:00-06:00,246.77200000000002,247.56,-112.98,short: close 245.28 < lower 245.80,exit short: close 246.73 > lower 245.22
2018-11-26,1,11,2018-11-26 09:00:00-06:00,246.662,2018-11-26 10:30:00-06:00,245.97799999999998,245.05,-75.24,long: close 246.54 > upper 245.42,exit long: close 246.00 < upper 246.05
2018-11-28,1,9,2018-11-28 11:30:00-06:00,252.287,2018-11-28 14:52:00-06:00,253.56799999999998,250.25,115.29,long: close 252.10 > upper 250.34,flatten
2018-11-29,-1,16,2018-11-29 10:00:00-06:00,252.53799999999998,2018-11-29 10:30:00-06:00,252.972,253.6,-69.44,short: close 252.58 < lower 252.62,exit short: close 252.91 > lower 252.37
2018-12-04,-1,16,2018-12-04 09:00:00-06:00,256.71799999999996,2018-12-04 09:30:00-06:00,257.052,257.79,-53.44,short: close 256.83 < lower 257.06,exit short: close 257.01 > lower 256.74
2018-12-04,-1,11,2018-12-04 11:00:00-06:00,256.038,2018-12-04 14:52:00-06:00,250.651,257.63,592.57,short: close 256.16 < lower 256.54,flatten
2018-12-06,-1,5,2018-12-06 10:00:00-06:00,244.558,2018-12-06 11:30:00-06:00,245.89200000000002,247.79,-66.7,short: close 244.64 < lower 245.38,exit short: close 245.84 > lower 245.02
2018-12-07,1,23,2018-12-07 09:00:00-06:00,250.71200000000002,2018-12-07 09:10:00-06:00,249.928,249.99,-180.32,long: close 250.56 > upper 250.45,stop
2018-12-07,-1,21,2018-12-07 09:30:00-06:00,248.25799999999998,2018-12-07 14:52:00-06:00,244.782,249.08,729.96,short: close 248.38 < lower 248.91,flatten
2018-12-10,-1,20,2018-12-10 09:00:00-06:00,242.13799999999998,2018-12-10 09:06:00-06:00,243.072,243.01,-186.8,short: close 242.20 < lower 243.27,stop
2018-12-10,-1,18,2018-12-10 09:30:00-06:00,242.588,2018-12-10 12:00:00-06:00,242.632,243.56,-7.92,short: close 242.77 < lower 243.17,exit short: close 242.52 > lower 242.45
2018-12-13,1,18,2018-12-13 09:30:00-06:00,247.192,2018-12-13 09:51:00-06:00,246.178,246.24,-182.52,long: close 247.09 > upper 247.08,stop
2018-12-14,-1,7,2018-12-14 11:00:00-06:00,241.798,2018-12-14 11:30:00-06:00,242.502,244.39000000000001,-49.28,short: close 241.88 < lower 242.63,exit short: close 242.45 > lower 242.31
2018-12-14,-1,7,2018-12-14 12:00:00-06:00,242.28799999999998,2018-12-14 14:52:00-06:00,241.18200000000002,244.94,77.42,short: close 242.35 < lower 242.57,flatten
2018-12-17,-1,6,2018-12-17 13:00:00-06:00,237.688,2018-12-17 14:52:00-06:00,235.942,240.53,104.76,short: close 237.78 < lower 237.93,flatten
2018-12-18,1,11,2018-12-18 09:00:00-06:00,239.562,2018-12-18 10:00:00-06:00,238.38799999999998,237.96,-129.14,long: close 239.53 > upper 239.11,exit long: close 238.40 < upper 239.51
2018-12-19,1,20,2018-12-19 09:00:00-06:00,238.752,2018-12-19 12:30:00-06:00,239.22799999999998,237.92000000000002,95.2,long: close 238.61 > upper 238.26,exit long: close 239.20 < upper 239.40
2018-12-19,1,8,2018-12-19 13:00:00-06:00,241.062,2018-12-19 13:00:00-06:00,238.75799999999998,238.82,-184.32,long: close 241.00 > upper 239.67,stop
2018-12-20,-1,8,2018-12-20 11:00:00-06:00,229.998,2018-12-20 11:30:00-06:00,231.14200000000002,232.15,-91.52,short: close 230.03 < lower 231.00,exit short: close 231.11 > lower 230.79
2018-12-20,-1,8,2018-12-20 12:00:00-06:00,230.208,2018-12-20 14:52:00-06:00,228.14200000000002,232.37,165.28,short: close 230.26 < lower 231.00,flatten
2018-12-21,1,25,2018-12-21 09:30:00-06:00,231.442,2018-12-21 09:36:00-06:00,230.708,230.77,-183.5,long: close 231.36 > upper 229.68,stop
2018-12-21,1,16,2018-12-21 10:00:00-06:00,230.202,2018-12-21 10:07:00-06:00,229.078,229.14000000000001,-179.84,long: close 230.14 > upper 230.06,stop
2018-12-24,-1,11,2018-12-24 09:00:00-06:00,221.03799999999998,2018-12-24 09:40:00-06:00,222.692,222.63,-181.94,short: close 221.14 < lower 221.76,stop
2018-12-24,-1,7,2018-12-24 10:30:00-06:00,220.16799999999998,2018-12-24 14:27:00-06:00,217.062,222.55,217.42,short: close 220.29 < lower 220.96,session end
2018-12-26,1,6,2018-12-26 11:00:00-06:00,221.292,2018-12-26 14:52:00-06:00,227.118,218.54,349.56,long: close 221.23 > upper 220.86,flatten
2018-12-27,-1,7,2018-12-27 09:30:00-06:00,223.748,2018-12-27 10:00:00-06:00,224.64200000000002,226.22,-62.58,short: close 223.75 < lower 224.65,exit short: close 224.59 > lower 224.48
2018-12-27,-1,5,2018-12-27 13:30:00-06:00,223.058,2018-12-27 14:00:00-06:00,225.42200000000003,226.8,-118.2,short: close 223.16 < lower 223.39,exit short: close 225.33 > lower 223.03
2019-01-03,-1,10,2019-01-03 09:00:00-06:00,230.058,2019-01-03 12:00:00-06:00,229.502,231.77,55.6,short: close 230.18 < lower 230.60,exit short: close 229.44 > lower 229.33
2019-01-03,-1,6,2019-01-03 12:30:00-06:00,228.128,2019-01-03 14:52:00-06:00,227.502,231.24,37.56,short: close 228.20 < lower 229.20,flatten
2019-01-04,1,8,2019-01-04 09:00:00-06:00,231.58200000000002,2019-01-04 14:52:00-06:00,234.058,229.33,198.08,long: close 231.49 > upper 230.68,flatten
2019-01-15,1,12,2019-01-15 11:00:00-06:00,240.562,2019-01-15 12:00:00-06:00,240.338,239.06,-26.88,long: close 240.48 > upper 240.47,exit long: close 240.44 < upper 241.12
2019-01-18,1,8,2019-01-18 11:30:00-06:00,247.282,2019-01-18 12:00:00-06:00,247.09799999999998,244.92000000000002,-14.72,long: close 247.20 > upper 247.05,exit long: close 247.14 < upper 247.32
2019-01-22,-1,8,2019-01-22 11:00:00-06:00,243.798,2019-01-22 11:30:00-06:00,244.072,245.96,-21.92,short: close 243.86 < lower 244.00,exit short: close 243.98 > lower 243.91
2019-01-22,-1,7,2019-01-22 12:30:00-06:00,243.13799999999998,2019-01-22 14:52:00-06:00,243.24200000000002,245.67000000000002,-7.28,short: close 243.18 < lower 243.63,flatten
2019-01-28,-1,10,2019-01-28 09:00:00-06:00,243.75799999999998,2019-01-28 09:30:00-06:00,244.382,245.55,-62.4,short: close 243.84 < lower 244.21,exit short: close 244.33 > lower 244.08
2019-01-28,-1,9,2019-01-28 10:00:00-06:00,243.91799999999998,2019-01-28 10:30:00-06:00,244.222,245.86,-27.36,short: close 244.00 < lower 244.05,exit short: close 244.13 > lower 244.06
2019-01-29,1,28,2019-01-29 09:00:00-06:00,246.342,2019-01-29 09:15:00-06:00,245.688,245.75,-183.12,long: close 246.29 > upper 245.86,stop
2019-01-29,1,24,2019-01-29 09:30:00-06:00,246.64200000000002,2019-01-29 09:48:00-06:00,245.878,245.94,-183.36,long: close 246.56 > upper 245.97,stop
2019-01-30,1,8,2019-01-30 13:30:00-06:00,250.062,2019-01-30 14:52:00-06:00,249.798,247.82,-21.12,long: close 250.00 > upper 249.31,flatten
2019-02-01,1,19,2019-02-01 09:30:00-06:00,251.757,2019-02-01 10:00:00-06:00,250.75799999999998,250.84,-189.81,long: close 251.67 > upper 251.27,exit long: close 250.86 < upper 251.21
2019-02-01,1,18,2019-02-01 10:30:00-06:00,251.38490000000002,2019-02-01 11:00:00-06:00,251.628,250.45000000000002,43.76,long: close 251.33 > upper 251.28,exit long: close 251.69 < upper 251.75
2019-02-04,1,19,2019-02-04 13:00:00-06:00,251.502,2019-02-04 14:52:00-06:00,251.588,250.59,16.34,long: close 251.46 > upper 251.38,flatten
2019-02-05,1,17,2019-02-05 10:00:00-06:00,254.092,2019-02-05 10:30:00-06:00,253.468,253.08,-106.08,long: close 253.95 > upper 253.83,exit long: close 253.55 < upper 253.95
2019-02-07,-1,15,2019-02-07 10:00:00-06:00,251.708,2019-02-07 14:52:00-06:00,251.792,252.88,-12.6,short: close 251.81 < lower 251.96,flatten
2019-02-08,-1,14,2019-02-08 09:30:00-06:00,249.81799999999998,2019-02-08 11:00:00-06:00,249.942,251.06,-17.36,short: close 249.89 < lower 249.97,exit short: close 249.87 > lower 249.49
2019-02-12,1,13,2019-02-12 09:00:00-06:00,253.342,2019-02-12 09:30:00-06:00,253.03799999999998,251.97,-39.52,long: close 253.24 > upper 253.15,exit long: close 253.03 < upper 253.36
2019-02-12,1,12,2019-02-12 10:00:00-06:00,253.61200000000002,2019-02-12 14:52:00-06:00,254.368,252.1,90.72,long: close 253.53 > upper 253.29,flatten
2019-02-13,1,19,2019-02-13 09:00:00-06:00,256.112,2019-02-13 09:30:00-06:00,256.068,255.20000000000002,-8.36,long: close 256.05 > upper 255.94,exit long: close 256.13 < upper 256.13
2019-02-13,1,17,2019-02-13 10:00:00-06:00,256.35200000000003,2019-02-13 10:30:00-06:00,255.498,255.33,-145.18,long: close 256.26 > upper 256.05,exit long: close 255.56 < upper 256.11
2019-02-15,1,17,2019-02-15 09:00:00-06:00,257.172,2019-02-15 14:52:00-06:00,258.238,256.16,181.22,long: close 257.12 > upper 256.58,flatten
2019-02-21,-1,20,2019-02-21 10:00:00-06:00,258.238,2019-02-21 11:00:00-06:00,258.892,259.07,-130.8,short: close 258.31 < lower 258.38,exit short: close 258.82 > lower 258.05
2019-02-21,-1,16,2019-02-21 13:30:00-06:00,258.018,2019-02-21 14:52:00-06:00,258.092,259.12,-11.84,short: close 258.09 < lower 258.12,flatten
2019-02-22,1,17,2019-02-22 10:00:00-06:00,259.942,2019-02-22 12:30:00-06:00,259.828,258.95,-19.38,long: close 259.87 > upper 259.84,exit long: close 259.90 < upper 259.96
2019-02-27,-1,19,2019-02-27 09:30:00-06:00,258.998,2019-02-27 10:30:00-06:00,259.492,259.91,-93.86,short: close 259.09 < lower 259.29,exit short: close 259.43 > lower 259.15
2019-02-28,1,42,2019-02-28 09:00:00-06:00,260.262,2019-02-28 09:05:00-06:00,259.848,259.91,-173.88,long: close 260.22 > upper 260.21,stop
2019-03-04,-1,14,2019-03-04 10:30:00-06:00,259.078,2019-03-04 14:52:00-06:00,258.0324,260.3,146.38,short: close 259.17 < lower 259.73,flatten
2019-03-05,-1,38,2019-03-05 09:00:00-06:00,257.628,2019-03-05 09:00:00-06:00,258.082,258.02,-172.52,short: close 257.70 < lower 257.88,stop
2019-03-22,-1,12,2019-03-22 09:00:00-05:00,256.728,2019-03-22 14:00:00-05:00,256.872,258.18,-17.28,short: close 256.80 < lower 257.29,exit short: close 256.80 > lower 256.60
2019-03-25,-1,21,2019-03-25 09:00:00-05:00,253.68189999999998,2019-03-25 09:30:00-05:00,254.27200000000002,254.48000000000002,-123.92,short: close 253.76 < lower 254.02,exit short: close 254.21 > lower 253.92
2019-03-27,-1,16,2019-03-27 10:30:00-05:00,254.868,2019-03-27 12:30:00-05:00,255.822,255.98000000000002,-152.64,short: close 254.89 < lower 255.42,exit short: close 255.75 > lower 255.31
2019-04-04,1,23,2019-04-04 09:00:00-05:00,263.47200000000004,2019-04-04 12:00:00-05:00,263.08799999999997,262.74,-88.32,long: close 263.40 > upper 262.83,exit long: close 263.13 < upper 263.15
2019-04-04,1,17,2019-04-04 12:30:00-05:00,263.202,2019-04-04 13:00:00-05:00,263.21799999999996,262.2,2.72,long: close 263.13 > upper 263.11,exit long: close 263.25 < upper 263.27
2019-04-09,-1,14,2019-04-09 09:00:00-05:00,261.288,2019-04-09 09:30:00-05:00,261.6719,262.52,-53.75,short: close 261.33 < lower 261.50,exit short: close 261.65 > lower 261.61
2019-04-11,-1,18,2019-04-11 13:30:00-05:00,260.538,2019-04-11 14:30:00-05:00,261.062,261.48,-94.32,short: close 260.58 < lower 260.87,exit short: close 260.98 > lower 260.90
2019-04-15,-1,38,2019-04-15 09:30:00-05:00,263.358,2019-04-15 10:30:00-05:00,263.592,263.76,-88.92,short: close 263.44 < lower 263.65,exit short: close 263.55 > lower 263.40
2019-04-15,-1,26,2019-04-15 11:00:00-05:00,263.328,2019-04-15 12:30:00-05:00,263.762,263.97,-112.84,short: close 263.39 < lower 263.41,exit short: close 263.72 > lower 263.49
2019-05-08,1,26,2019-05-08 10:00:00-05:00,260.302,2019-05-08 10:33:00-05:00,259.618,259.68,-177.84,long: close 260.26 > upper 260.12,stop
2019-05-08,1,18,2019-05-08 12:00:00-05:00,260.60200000000003,2019-05-08 12:30:00-05:00,260.388,259.67,-38.52,long: close 260.50 > upper 260.43,exit long: close 260.41 < upper 260.50
2019-05-09,-1,14,2019-05-09 09:00:00-05:00,256.998,2019-05-09 11:30:00-05:00,257.242,258.29,-34.16,short: close 257.08 < lower 257.41,exit short: close 257.14 > lower 256.93
2019-05-10,-1,17,2019-05-10 09:30:00-05:00,256.45799999999997,2019-05-10 11:30:00-05:00,256.962,257.45,-85.68,short: close 256.54 < lower 257.03,exit short: close 256.93 > lower 256.76
2019-05-13,-1,5,2019-05-13 11:30:00-05:00,253.25799999999998,2019-05-13 13:30:00-05:00,254.002,256.66,-37.2,short: close 253.24 < lower 253.87,exit short: close 253.90 > lower 253.66
2019-05-14,1,18,2019-05-14 09:30:00-05:00,255.502,2019-05-14 14:52:00-05:00,255.908,254.52,73.08,long: close 255.43 > upper 254.98,flatten
2019-05-15,1,10,2019-05-15 11:00:00-05:00,257.142,2019-05-15 12:30:00-05:00,256.678,255.3,-46.4,long: close 257.04 > upper 256.79,exit long: close 256.71 < upper 256.86
2019-05-15,1,9,2019-05-15 13:00:00-05:00,257.202,2019-05-15 14:52:00-05:00,257.02799999999996,255.28,-15.66,long: close 257.16 > upper 256.87,flatten
2019-05-16,1,19,2019-05-16 09:00:00-05:00,259.16200000000003,2019-05-16 14:30:00-05:00,259.368,258.27,39.14,long: close 259.08 > upper 258.32,exit long: close 259.42 < upper 259.62
2019-05-23,-1,11,2019-05-23 09:00:00-05:00,253.78799999999998,2019-05-23 10:00:00-05:00,254.872,255.44,-119.24,short: close 253.85 < lower 254.84,exit short: close 254.82 > lower 254.07
2019-05-23,-1,7,2019-05-23 11:00:00-05:00,253.688,2019-05-23 14:30:00-05:00,254.64200000000002,256.24,-66.78,short: close 253.73 < lower 253.95,exit short: close 254.61 > lower 253.63
2019-05-28,1,29,2019-05-28 09:00:00-05:00,257.052,2019-05-28 09:18:00-05:00,256.438,256.5,-178.06,long: close 257.00 > upper 256.61,stop
2019-05-29,-1,14,2019-05-29 09:00:00-05:00,251.458,2019-05-29 09:30:00-05:00,252.21200000000002,252.70000000000002,-105.56,short: close 251.53 < lower 251.54,exit short: close 252.15 > lower 251.23
2019-05-29,-1,9,2019-05-29 10:30:00-05:00,250.6281,2019-05-29 13:30:00-05:00,250.96200000000002,252.57,-30.05,short: close 250.71 < lower 250.84,exit short: close 250.93 > lower 250.84
2019-06-03,1,24,2019-06-03 09:30:00-05:00,249.312,2019-06-03 10:30:00-05:00,248.94799999999998,248.62,-87.36,long: close 249.22 > upper 249.03,exit long: close 249.03 < upper 249.38
2019-06-04,1,9,2019-06-04 09:30:00-05:00,251.90200000000002,2019-06-04 14:52:00-05:00,253.19299999999998,250.01000000000002,116.19,long: close 251.83 > upper 251.47,flatten
2019-06-07,1,19,2019-06-07 09:00:00-05:00,259.672,2019-06-07 14:52:00-05:00,260.118,258.76,84.74,long: close 259.60 > upper 258.97,flatten
2019-06-14,-1,29,2019-06-14 09:00:00-05:00,260.538,2019-06-14 09:22:00-05:00,261.16200000000003,261.1,-180.96,short: close 260.62 < lower 260.84,stop
2019-06-18,1,15,2019-06-18 09:00:00-05:00,264.982,2019-06-18 14:52:00-05:00,264.96799999999996,263.81,-2.1,long: close 264.85 > upper 263.61,flatten
2019-06-25,-1,30,2019-06-25 09:00:00-05:00,266.618,2019-06-25 10:00:00-05:00,266.512,267.15,31.8,short: close 266.66 < lower 266.75,exit short: close 266.44 > lower 266.44
2019-06-25,-1,20,2019-06-25 12:00:00-05:00,265.998,2019-06-25 14:52:00-05:00,265.242,266.84000000000003,151.2,short: close 266.08 < lower 266.45,flatten
2019-08-06,1,10,2019-08-06 13:30:00-05:00,259.892,2019-08-06 14:00:00-05:00,259.448,258.16,-44.4,long: close 259.83 > upper 259.57,exit long: close 259.47 < upper 259.80
2019-08-07,-1,9,2019-08-07 09:00:00-05:00,255.44799999999998,2019-08-07 09:50:00-05:00,257.502,257.44,-184.86,short: close 255.51 < lower 256.73,stop
2019-08-08,1,12,2019-08-08 10:00:00-05:00,262.22200000000004,2019-08-08 14:52:00-05:00,263.6451,260.76,170.77,long: close 262.19 > upper 262.19,flatten
2019-08-09,-1,18,2019-08-09 09:30:00-05:00,262.048,2019-08-09 11:54:00-05:00,263.082,263.02,-186.12,short: close 262.11 < lower 262.79,stop
2019-08-12,-1,9,2019-08-12 13:00:00-05:00,259.988,2019-08-12 14:23:00-05:00,259.1468,261.95,75.71,short: close 260.06 < lower 260.34,session end
2019-08-13,1,33,2019-08-13 09:00:00-05:00,263.842,2019-08-13 09:01:00-05:00,263.298,263.36,-179.52,long: close 263.79 > upper 259.56,stop
2019-08-13,1,23,2019-08-13 09:30:00-05:00,264.392,2019-08-13 09:41:00-05:00,263.618,263.68,-178.02,long: close 264.32 > upper 259.78,stop
2019-08-14,-1,5,2019-08-14 10:30:00-05:00,257.348,2019-08-14 14:52:00-05:00,255.762,260.64,79.3,short: close 257.36 < lower 257.84,flatten
2019-08-16,1,11,2019-08-16 10:00:00-05:00,259.10200000000003,2019-08-16 10:30:00-05:00,258.348,257.43,-82.94,long: close 259.04 > upper 258.53,exit long: close 258.41 < upper 258.68
2019-08-16,1,10,2019-08-16 12:30:00-05:00,258.85200000000003,2019-08-16 13:00:00-05:00,258.618,257.1,-23.4,long: close 258.79 > upper 258.60,exit long: close 258.69 < upper 258.95
2019-08-23,-1,10,2019-08-23 10:30:00-05:00,258.89799999999997,2019-08-23 14:52:00-05:00,255.71200000000002,260.69,318.6,short: close 259.05 < lower 260.08,flatten
2019-08-27,-1,9,2019-08-27 12:00:00-05:00,257.288,2019-08-27 12:30:00-05:00,257.932,259.31,-57.96,short: close 257.40 < lower 257.78,exit short: close 257.93 > lower 257.84
2019-08-28,1,12,2019-08-28 10:00:00-05:00,259.062,2019-08-28 14:52:00-05:00,260.158,257.58,131.52,long: close 258.97 > upper 258.87,flatten
2019-09-03,-1,9,2019-09-03 09:30:00-05:00,260.678,2019-09-03 10:00:00-05:00,261.142,262.64,-41.76,short: close 260.77 < lower 261.14,exit short: close 261.08 > lower 260.88
2019-09-03,-1,7,2019-09-03 13:00:00-05:00,260.39799999999997,2019-09-03 13:30:00-05:00,260.772,263.06,-26.18,short: close 260.44 < lower 260.44,exit short: close 260.72 > lower 260.37
2019-09-05,1,10,2019-09-05 09:00:00-05:00,267.91200000000003,2019-09-05 13:00:00-05:00,267.798,266.04,-11.4,long: close 267.78 > upper 267.18,exit long: close 267.85 < upper 268.05
2019-09-18,-1,18,2019-09-18 13:30:00-05:00,269.848,2019-09-18 14:18:00-05:00,270.882,270.82,-186.12,short: close 269.93 < lower 270.42,stop
2019-09-20,-1,28,2019-09-20 12:30:00-05:00,269.89799999999997,2019-09-20 14:52:00-05:00,269.752,270.49,40.88,short: close 269.93 < lower 270.78,flatten
2019-10-03,-1,23,2019-10-03 09:30:00-05:00,259.408,2019-10-03 10:00:00-05:00,259.78200000000004,260.14,-86.02,short: close 259.45 < lower 259.80,exit short: close 259.73 > lower 259.62
2019-10-04,1,21,2019-10-04 09:00:00-05:00,263.872,2019-10-04 09:47:00-05:00,262.988,263.05,-185.64,long: close 263.80 > upper 263.26,stop
2019-10-04,1,13,2019-10-04 10:30:00-05:00,264.002,2019-10-04 12:30:00-05:00,264.178,262.65,22.88,long: close 263.95 > upper 263.80,exit long: close 264.27 < upper 264.31
2019-10-08,-1,12,2019-10-08 09:00:00-05:00,261.978,2019-10-08 10:00:00-05:00,262.422,263.49,-53.28,short: close 262.03 < lower 262.16,exit short: close 262.41 > lower 261.83
2019-10-10,1,27,2019-10-10 09:00:00-05:00,265.28200000000004,2019-10-10 09:13:00-05:00,264.618,264.68,-179.28,long: close 265.22 > upper 263.94,stop
2019-10-10,1,22,2019-10-10 09:30:00-05:00,265.04200000000003,2019-10-10 12:30:00-05:00,264.658,264.28000000000003,-84.48,long: close 264.95 > upper 264.09,exit long: close 264.80 < upper 264.98
2019-10-11,1,9,2019-10-11 09:00:00-05:00,268.78200000000004,2019-10-11 11:30:00-05:00,268.828,266.78000000000003,4.14,long: close 268.63 > upper 268.42,exit long: close 268.85 < upper 269.16
2019-10-11,1,6,2019-10-11 13:30:00-05:00,269.652,2019-10-11 14:52:00-05:00,268.96799999999996,266.73,-41.04,long: close 269.59 > upper 269.33,flatten
2019-10-15,1,12,2019-10-15 09:30:00-05:00,270.2952,2019-10-15 11:30:00-05:00,270.258,268.84000000000003,-4.46,long: close 270.19 > upper 269.94,exit long: close 270.29 < upper 270.40
2019-10-15,1,9,2019-10-15 12:00:00-05:00,270.699,2019-10-15 12:30:00-05:00,270.418,268.63,-25.29,long: close 270.59 > upper 270.56,exit long: close 270.48 < upper 270.50
2019-10-18,-1,11,2019-10-18 11:30:00-05:00,268.02799999999996,2019-10-18 12:00:00-05:00,268.41200000000003,269.67,-42.24,short: close 268.11 < lower 268.31,exit short: close 268.32 > lower 268.21
2019-10-24,-1,19,2019-10-24 09:00:00-05:00,267.608,2019-10-24 10:30:00-05:00,268.10200000000003,268.52,-93.86,short: close 267.65 < lower 267.72,exit short: close 267.99 > lower 267.44
2019-10-24,-1,15,2019-10-24 11:30:00-05:00,267.438,2019-10-24 12:00:00-05:00,267.766,268.6,-49.2,short: close 267.45 < lower 267.47,exit short: close 267.69 > lower 267.47
2019-10-25,1,23,2019-10-25 09:30:00-05:00,269.007,2019-10-25 14:52:00-05:00,269.388,268.28000000000003,87.63,long: close 268.92 > upper 268.58,flatten
2019-12-12,1,30,2019-12-12 09:00:00-06:00,281.962,2019-12-12 10:35:00-06:00,281.358,281.42,-181.2,long: close 281.87 > upper 280.16,stop
2019-12-12,1,22,2019-12-12 11:00:00-06:00,281.022,2019-12-12 14:52:00-06:00,282.21799999999996,280.27,263.12,long: close 281.02 > upper 280.36,flatten
2019-12-13,-1,22,2019-12-13 10:30:00-06:00,280.95799999999997,2019-12-13 10:47:00-06:00,281.78200000000004,281.72,-181.28,short: close 281.11 < lower 281.18,stop
2019-12-16,1,17,2019-12-16 09:00:00-06:00,283.7726,2019-12-16 13:30:00-06:00,283.478,282.74,-50.08,long: close 283.68 > upper 283.56,exit long: close 283.49 < upper 283.65
2020-01-10,-1,18,2020-01-10 11:00:00-06:00,288.64799999999997,2020-01-10 12:00:00-06:00,288.91200000000003,289.6,-47.52,short: close 288.72 < lower 288.81,exit short: close 288.88 > lower 288.86
2020-01-14,1,22,2020-01-14 10:30:00-06:00,290.03200000000004,2020-01-14 13:00:00-06:00,289.538,289.26,-108.68,long: close 289.95 > upper 289.69,exit long: close 289.51 < upper 289.77
2020-01-15,1,24,2020-01-15 09:00:00-06:00,290.552,2020-01-15 14:30:00-06:00,290.008,289.87,-130.56,long: close 290.48 > upper 289.83,exit long: close 290.07 < upper 290.27
2020-01-22,1,23,2020-01-22 09:30:00-06:00,293.03200000000004,2020-01-22 10:00:00-06:00,292.448,292.29,-134.32,long: close 292.94 > upper 292.92,exit long: close 292.53 < upper 293.06
2020-01-23,-1,13,2020-01-23 10:30:00-06:00,289.753,2020-01-23 11:00:00-06:00,290.16200000000003,291.06,-53.17,short: close 289.78 < lower 289.97,exit short: close 290.10 > lower 289.79
2020-01-28,1,17,2020-01-28 09:30:00-06:00,287.052,2020-01-28 14:52:00-06:00,287.288,286.06,40.12,long: close 286.99 > upper 286.72,flatten
2020-01-30,-1,13,2020-01-30 10:00:00-06:00,284.948,2020-01-30 10:30:00-06:00,286.262,286.31,-170.82,short: close 285.02 < lower 285.14,exit short: close 286.13 > lower 284.95
2020-02-03,1,16,2020-02-03 09:00:00-06:00,285.462,2020-02-03 10:41:00-06:00,284.288,284.35,-187.84,long: close 285.37 > upper 284.14,stop
2020-02-04,1,7,2020-02-04 09:00:00-06:00,288.442,2020-02-04 10:00:00-06:00,288.27799999999996,285.96,-11.48,long: close 288.37 > upper 288.30,exit long: close 288.31 < upper 288.53
2020-02-04,1,6,2020-02-04 10:30:00-06:00,288.762,2020-02-04 11:00:00-06:00,288.608,285.92,-9.24,long: close 288.70 > upper 288.66,exit long: close 288.66 < upper 288.69
2020-02-05,1,7,2020-02-05 13:00:00-06:00,292.04200000000003,2020-02-05 14:52:00-06:00,292.358,289.56,22.12,long: close 291.99 > upper 291.89,flatten
2020-02-07,-1,15,2020-02-07 09:00:00-06:00,291.70799999999997,2020-02-07 09:30:00-06:00,292.462,292.84000000000003,-113.1,short: close 291.82 < lower 292.13,exit short: close 292.37 > lower 291.84
2020-02-07,-1,14,2020-02-07 10:00:00-06:00,291.868,2020-02-07 10:30:00-06:00,292.392,293.11,-73.36,short: close 291.94 < lower 292.02,exit short: close 292.35 > lower 291.86
2020-02-10,1,14,2020-02-10 10:00:00-06:00,292.052,2020-02-10 10:30:00-06:00,292.0179,290.78000000000003,-4.77,long: close 291.99 > upper 291.95,exit long: close 292.04 < upper 292.06
2020-02-14,-1,16,2020-02-14 12:30:00-06:00,293.70799999999997,2020-02-14 13:00:00-06:00,293.692,294.83,2.56,short: close 293.79 < lower 293.80,exit short: close 293.67 > lower 293.62
2020-02-18,-1,11,2020-02-18 10:30:00-06:00,291.938,2020-02-18 12:00:00-06:00,292.492,293.57,-60.94,short: close 291.99 < lower 292.22,exit short: close 292.42 > lower 292.16
2020-02-20,-1,15,2020-02-20 10:30:00-06:00,291.938,2020-02-20 14:00:00-06:00,292.632,293.14,-104.1,short: close 292.01 < lower 292.62,exit short: close 292.50 > lower 292.31
2020-02-21,-1,11,2020-02-21 09:00:00-06:00,289.538,2020-02-21 10:30:00-06:00,290.062,291.2,-57.64,short: close 289.63 < lower 290.12,exit short: close 289.94 > lower 289.80
2020-02-21,-1,9,2020-02-21 12:30:00-06:00,289.498,2020-02-21 14:00:00-06:00,289.622,291.5,-11.16,short: close 289.57 < lower 289.78,exit short: close 289.62 > lower 289.56
2020-02-25,-1,14,2020-02-25 09:30:00-06:00,277.948,2020-02-25 14:52:00-06:00,270.754,279.24,1007.16,short: close 278.01 < lower 278.89,flatten
2020-02-26,1,14,2020-02-26 09:00:00-06:00,273.142,2020-02-26 11:00:00-06:00,272.928,271.87,-29.96,long: close 273.15 > upper 272.65,exit long: close 272.91 < upper 273.07
2020-02-26,-1,9,2020-02-26 13:00:00-06:00,269.078,2020-02-26 13:30:00-06:00,270.012,271.11,-84.06,short: close 269.19 < lower 269.36,exit short: close 269.92 > lower 269.25
2020-02-27,-1,5,2020-02-27 09:30:00-06:00,261.568,2020-02-27 10:00:00-06:00,264.322,264.79,-137.7,short: close 261.62 < lower 264.01,exit short: close 264.28 > lower 263.90
2020-02-27,-1,5,2020-02-27 13:00:00-06:00,263.118,2020-02-27 13:30:00-06:00,263.592,266.99,-23.7,short: close 263.18 < lower 263.36,exit short: close 263.65 > lower 263.32
2020-02-28,-1,4,2020-02-28 09:00:00-06:00,248.748,2020-02-28 10:00:00-06:00,250.27200000000002,252.87,-60.96,short: close 248.81 < lower 249.86,exit short: close 250.18 > lower 249.62
2020-03-02,1,8,2020-03-02 10:30:00-06:00,260.03200000000004,2020-03-02 14:52:00-06:00,265.513,257.75,438.48,long: close 259.96 > upper 258.02,flatten
2020-03-03,-1,16,2020-03-03 09:00:00-06:00,264.288,2020-03-03 09:00:00-06:00,265.442,265.38,-184.64,short: close 264.39 < lower 266.40,stop
2020-03-03,-1,11,2020-03-03 10:30:00-06:00,261.58799999999997,2020-03-03 10:35:00-06:00,263.332,263.27,-191.84,short: close 261.67 < lower 265.82,stop
2020-03-04,1,4,2020-03-04 12:30:00-06:00,267.392,2020-03-04 13:00:00-06:00,267.558,262.56,6.64,long: close 267.33 > upper 267.23,exit long: close 267.60 < upper 267.83
2020-03-04,1,3,2020-03-04 13:30:00-06:00,268.252,2020-03-04 14:52:00-06:00,270.473,262.96,66.63,long: close 267.98 > upper 267.71,flatten
2020-03-05,-1,3,2020-03-05 12:00:00-06:00,261.428,2020-03-05 13:00:00-06:00,262.35200000000003,266.74,-27.72,short: close 261.50 < lower 262.36,exit short: close 262.29 > lower 261.79
2020-03-05,-1,3,2020-03-05 13:30:00-06:00,260.71799999999996,2020-03-05 14:52:00-06:00,261.392,266.52,-20.22,short: close 260.78 < lower 261.88,flatten
2020-03-09,-1,3,2020-03-09 13:30:00-05:00,238.548,2020-03-09 14:00:00-05:00,240.132,244.55,-47.52,short: close 238.62 < lower 239.08,exit short: close 240.11 > lower 239.25
2020-03-11,-1,3,2020-03-11 09:30:00-05:00,240.938,2020-03-11 14:52:00-05:00,235.39200000000002,246.05,166.38,short: close 241.10 < lower 241.88,flatten
2020-03-12,-1,3,2020-03-12 09:30:00-05:00,217.91799999999998,2020-03-12 10:00:00-05:00,218.74200000000002,223.92000000000002,-24.72,short: close 218.00 < lower 218.11,exit short: close 218.64 > lower 218.23
2020-03-12,-1,3,2020-03-12 10:30:00-05:00,216.378,2020-03-12 11:58:00-05:00,222.442,222.38,-181.92,short: close 216.33 < lower 217.31,stop
2020-03-17,-1,5,2020-03-17 09:00:00-05:00,200.16299999999998,2020-03-17 09:29:00-05:00,203.95200000000003,203.89000000000001,-189.45,short: close 200.25 < lower 201.00,stop
2020-03-17,1,3,2020-03-17 13:30:00-05:00,212.42200000000003,2020-03-17 14:30:00-05:00,207.938,207.04,-134.52,long: close 212.35 > upper 210.14,exit long: close 207.87 < upper 209.79
2020-03-18,-1,3,2020-03-18 12:30:00-05:00,193.528,2020-03-18 14:52:00-05:00,197.252,199.53,-111.72,short: close 193.52 < lower 196.57,flatten
2020-03-19,1,5,2020-03-19 13:00:00-05:00,203.252,2020-03-19 13:30:00-05:00,202.4803,199.49,-38.59,long: close 203.12 > upper 202.96,exit long: close 202.57 < upper 203.82
2020-03-20,-1,4,2020-03-20 11:30:00-05:00,197.748,2020-03-20 12:00:00-05:00,199.3939,201.72,-65.84,short: close 197.91 < lower 198.33,exit short: close 199.32 > lower 198.22
2020-03-20,-1,3,2020-03-20 13:30:00-05:00,196.44629999999998,2020-03-20 14:52:00-05:00,192.6619,201.58,113.53,short: close 196.45 < lower 197.18,flatten
2020-03-23,-1,6,2020-03-23 10:00:00-05:00,186.408,2020-03-23 11:49:00-05:00,189.562,189.5,-189.24,short: close 186.50 < lower 187.92,stop
2020-03-23,-1,4,2020-03-23 13:00:00-05:00,186.028,2020-03-23 13:30:00-05:00,186.502,190.01,-18.96,short: close 186.03 < lower 187.03,exit short: close 186.34 > lower 186.00
2020-03-24,1,3,2020-03-24 09:30:00-05:00,200.49200000000002,2020-03-24 14:52:00-05:00,204.88799999999998,194.49,131.88,long: close 200.46 > upper 198.32,flatten
2020-03-25,1,3,2020-03-25 11:30:00-05:00,215.40200000000002,2020-03-25 14:52:00-05:00,212.178,209.70000000000002,-96.72,long: close 215.40 > upper 214.50,flatten
2020-03-26,1,5,2020-03-26 09:00:00-05:00,218.08200000000002,2020-03-26 14:52:00-05:00,223.493,214.46,270.55,long: close 217.98 > upper 216.77,flatten
2020-03-30,1,4,2020-03-30 12:00:00-05:00,221.702,2020-03-30 12:30:00-05:00,220.99249999999998,216.98000000000002,-28.38,long: close 221.62 > upper 221.60,exit long: close 221.05 < upper 221.46
2020-04-02,1,5,2020-04-02 10:00:00-05:00,213.5558,2020-04-02 10:30:00-05:00,211.47299999999998,210.12,-104.14,long: close 213.41 > upper 212.28,exit long: close 211.60 < upper 213.39
2020-04-06,1,3,2020-04-06 12:00:00-05:00,222.74200000000002,2020-04-06 13:30:00-05:00,222.298,216.74,-13.32,long: close 222.65 > upper 222.40,exit long: close 222.31 < upper 223.33
2020-04-09,1,5,2020-04-09 09:00:00-05:00,239.96200000000002,2020-04-09 09:30:00-05:00,239.048,236.63,-45.7,long: close 239.87 > upper 239.40,exit long: close 239.01 < upper 240.19
2020-04-13,-1,9,2020-04-13 09:00:00-05:00,233.488,2020-04-13 11:30:00-05:00,233.11200000000002,235.4,33.84,short: close 233.50 < lower 234.94,exit short: close 233.13 > lower 232.78
2020-04-13,-1,4,2020-04-13 12:00:00-05:00,232.25799999999998,2020-04-13 13:00:00-05:00,233.012,236.17000000000002,-30.16,short: close 232.41 < lower 232.94,exit short: close 232.92 > lower 232.90
2020-04-16,-1,10,2020-04-16 09:00:00-05:00,232.738,2020-04-16 09:30:00-05:00,233.52200000000002,234.49,-78.4,short: close 232.81 < lower 233.66,exit short: close 233.51 > lower 232.96
2020-04-23,1,8,2020-04-23 09:30:00-05:00,237.702,2020-04-23 11:45:00-05:00,235.418,235.48000000000002,-182.72,long: close 237.58 > upper 237.31,stop
2020-04-27,1,7,2020-04-27 13:30:00-05:00,241.032,2020-04-27 14:00:00-05:00,241.398,238.58,25.62,long: close 240.96 > upper 240.92,exit long: close 241.42 < upper 241.58
2020-04-29,1,5,2020-04-29 12:30:00-05:00,247.24200000000002,2020-04-29 13:00:00-05:00,246.82799999999997,243.45000000000002,-20.7,long: close 247.13 > upper 247.06,exit long: close 246.66 < upper 246.86
2020-04-30,-1,7,2020-04-30 13:00:00-05:00,242.548,2020-04-30 13:30:00-05:00,243.072,244.95000000000002,-36.68,short: close 242.59 < lower 242.86,exit short: close 243.04 > lower 242.88
2020-05-01,-1,5,2020-05-01 11:00:00-05:00,237.678,2020-05-01 14:52:00-05:00,236.80700000000002,241.25,43.55,short: close 237.77 < lower 237.89,flatten
2020-05-05,1,9,2020-05-05 09:00:00-05:00,241.15200000000002,2020-05-05 09:30:00-05:00,240.527,239.12,-56.25,long: close 241.07 > upper 240.82,exit long: close 240.60 < upper 241.16
2020-05-05,1,7,2020-05-05 13:30:00-05:00,241.312,2020-05-05 14:00:00-05:00,241.34799999999998,238.93,2.52,long: close 241.28 > upper 241.16,exit long: close 241.41 < upper 241.64
2020-05-07,1,9,2020-05-07 09:00:00-05:00,240.21200000000002,2020-05-07 09:30:00-05:00,239.76299999999998,238.19,-40.41,long: close 240.17 > upper 240.02,exit long: close 239.87 < upper 240.26
2020-05-07,1,6,2020-05-07 11:00:00-05:00,240.982,2020-05-07 11:30:00-05:00,240.838,238.13,-8.64,long: close 240.93 > upper 240.85,exit long: close 240.89 < upper 240.90
2020-05-12,-1,9,2020-05-12 12:30:00-05:00,241.09799999999998,2020-05-12 13:00:00-05:00,241.842,242.98000000000002,-66.96,short: close 241.15 < lower 241.28,exit short: close 241.78 > lower 241.36
2020-05-12,-1,10,2020-05-12 13:30:00-05:00,241.09799999999998,2020-05-12 14:00:00-05:00,241.482,242.87,-38.4,short: close 241.17 < lower 241.39,exit short: close 241.50 > lower 241.05
2020-05-13,-1,14,2020-05-13 09:00:00-05:00,235.778,2020-05-13 09:30:00-05:00,236.787,237.01,-141.26,short: close 235.93 < lower 236.26,exit short: close 236.69 > lower 236.20
2020-05-13,-1,12,2020-05-13 10:00:00-05:00,235.518,2020-05-13 14:52:00-05:00,232.872,237.03,317.52,short: close 235.58 < lower 235.98,flatten
2020-05-14,-1,8,2020-05-14 09:00:00-05:00,228.553,2020-05-14 09:36:00-05:00,230.722,230.66,-173.52,short: close 228.71 < lower 229.36,stop
2020-05-14,1,6,2020-05-14 12:00:00-05:00,234.45180000000002,2020-05-14 13:00:00-05:00,234.018,231.65,-26.03,long: close 234.34 > upper 234.28,exit long: close 234.14 < upper 234.34
2020-05-18,1,4,2020-05-18 10:00:00-05:00,244.602,2020-05-18 11:30:00-05:00,245.088,240.37,19.44,long: close 244.55 > upper 244.44,exit long: close 245.22 < upper 245.25
2020-05-18,1,3,2020-05-18 12:30:00-05:00,245.942,2020-05-18 14:52:00-05:00,246.688,240.71,22.38,long: close 245.87 > upper 245.46,flatten
2020-05-20,1,8,2020-05-20 09:30:00-05:00,246.222,2020-05-20 10:00:00-05:00,245.868,244.0,-28.32,long: close 246.10 > upper 245.97,exit long: close 245.90 < upper 246.08
2020-05-20,1,7,2020-05-20 10:30:00-05:00,246.532,2020-05-20 11:00:00-05:00,246.19799999999998,243.9,-23.38,long: close 246.46 > upper 246.39,exit long: close 246.20 < upper 246.72
2020-05-21,1,19,2020-05-21 09:00:00-05:00,246.58200000000002,2020-05-21 09:39:00-05:00,245.608,245.67000000000002,-185.06,long: close 246.59 > upper 246.57,stop
2020-05-21,-1,15,2020-05-21 10:30:00-05:00,244.31799999999998,2020-05-21 11:00:00-05:00,245.042,245.46,-108.6,short: close 244.36 < lower 244.52,exit short: close 244.91 > lower 244.27
2020-05-22,-1,20,2020-05-22 09:00:00-05:00,243.91799999999998,2020-05-22 11:00:00-05:00,243.852,244.79,13.2,short: close 243.99 < lower 244.07,exit short: close 243.75 > lower 243.72
2020-05-29,-1,12,2020-05-29 10:00:00-05:00,252.188,2020-05-29 10:30:00-05:00,252.43200000000002,253.67000000000002,-29.28,short: close 252.24 < lower 252.35,exit short: close 252.39 > lower 252.21
2020-05-29,-1,10,2020-05-29 11:30:00-05:00,251.938,2020-05-29 12:00:00-05:00,252.562,253.74,-62.4,short: close 252.02 < lower 252.03,exit short: close 252.52 > lower 251.95
2020-06-02,1,12,2020-06-02 09:30:00-05:00,257.552,2020-06-02 10:00:00-05:00,256.7679,256.09000000000003,-94.09,long: close 257.47 > upper 257.35,exit long: close 256.89 < upper 257.61
2020-06-03,1,9,2020-06-03 09:30:00-05:00,261.22700000000003,2020-06-03 10:00:00-05:00,261.068,259.2,-14.31,long: close 261.18 > upper 261.16,exit long: close 261.15 < upper 261.38
2020-06-03,1,8,2020-06-03 10:30:00-05:00,262.10200000000003,2020-06-03 14:52:00-05:00,263.58799999999997,259.78000000000003,118.88,long: close 262.02 > upper 261.45,flatten
2020-06-04,1,13,2020-06-04 10:00:00-05:00,264.342,2020-06-04 10:17:00-05:00,262.868,262.93,-191.62,long: close 264.30 > upper 264.20,stop
2020-06-05,1,4,2020-06-05 10:00:00-05:00,271.702,2020-06-05 14:52:00-05:00,271.20799999999997,267.19,-19.76,long: close 271.66 > upper 271.40,flatten
2020-06-08,1,13,2020-06-08 09:00:00-05:00,274.632,2020-06-08 09:30:00-05:00,273.598,273.32,-134.42,long: close 274.53 > upper 273.50,exit long: close 273.70 < upper 273.73
2020-06-08,1,10,2020-06-08 10:00:00-05:00,274.252,2020-06-08 11:30:00-05:00,273.668,272.49,-58.4,long: close 274.15 > upper 273.95,exit long: close 273.75 < upper 273.88
2020-06-10,-1,22,2020-06-10 09:00:00-05:00,271.848,2020-06-10 13:00:00-05:00,272.692,272.63,-185.68,short: close 271.85 < lower 272.53,stop
2020-06-11,-1,3,2020-06-11 10:00:00-05:00,260.168,2020-06-11 14:52:00-05:00,252.157,265.61,240.33,short: close 260.28 < lower 260.91,flatten
2020-06-15,1,4,2020-06-15 13:30:00-05:00,259.322,2020-06-15 14:00:00-05:00,258.08799999999997,254.51000000000002,-49.36,long: close 259.24 > upper 258.32,exit long: close 258.18 < upper 258.50
2020-06-17,-1,12,2020-06-17 09:30:00-05:00,262.378,2020-06-17 09:55:00-05:00,263.90200000000004,263.84000000000003,-182.88,short: close 262.35 < lower 262.72,stop
2020-06-19,-1,5,2020-06-19 11:30:00-05:00,259.253,2020-06-19 12:00:00-05:00,260.54200000000003,262.67,-64.45,short: close 259.32 < lower 259.40,exit short: close 260.51 > lower 259.30
2020-06-19,-1,5,2020-06-19 12:30:00-05:00,258.888,2020-06-19 14:00:00-05:00,259.642,262.58,-37.7,short: close 259.00 < lower 259.13,exit short: close 259.56 > lower 258.81
2020-06-24,-1,9,2020-06-24 09:00:00-05:00,257.558,2020-06-24 14:52:00-05:00,254.562,259.61,269.64,short: close 257.62 < lower 258.32,flatten
2020-06-25,1,10,2020-06-25 09:30:00-05:00,255.83200000000002,2020-06-25 09:50:00-05:00,254.028,254.09,-180.4,long: close 255.76 > upper 255.74,stop
2020-06-26,-1,8,2020-06-26 09:30:00-05:00,252.72799999999998,2020-06-26 14:52:00-05:00,250.5321,254.85,175.67,short: close 252.86 < lower 254.39,flatten
2020-06-29,1,6,2020-06-29 10:30:00-05:00,254.692,2020-06-29 11:00:00-05:00,253.798,251.52,-53.64,long: close 254.61 > upper 254.41,exit long: close 253.86 < upper 254.23
2020-06-29,1,5,2020-06-29 12:30:00-05:00,255.102,2020-06-29 13:00:00-05:00,254.938,251.3,-8.2,long: close 255.06 > upper 255.03,exit long: close 254.93 < upper 255.35
2020-07-08,1,19,2020-07-08 09:00:00-05:00,261.16700000000003,2020-07-08 09:28:00-05:00,260.218,260.28000000000003,-180.31,long: close 261.04 > upper 260.29,stop
2020-07-09,-1,25,2020-07-09 09:00:00-05:00,259.86289999999997,2020-07-09 14:52:00-05:00,257.152,260.51,677.72,short: close 259.93 < lower 260.20,flatten
2020-07-10,1,10,2020-07-10 11:00:00-05:00,259.492,2020-07-10 11:30:00-05:00,258.70799999999997,257.79,-78.4,long: close 259.38 > upper 258.92,exit long: close 258.77 < upper 259.17
2020-07-10,1,10,2020-07-10 12:00:00-05:00,259.4121,2020-07-10 14:52:00-05:00,260.9208,257.69,150.87,long: close 259.40 > upper 258.94,flatten
2020-07-13,1,8,2020-07-13 09:30:00-05:00,264.33,2020-07-13 14:30:00-05:00,262.95799999999997,262.08,-109.76,long: close 264.25 > upper 264.22,exit long: close 263.02 < upper 265.31
2020-07-14,1,21,2020-07-14 09:00:00-05:00,262.022,2020-07-14 09:07:00-05:00,261.14799999999997,261.21,-183.54,long: close 261.99 > upper 261.68,stop
2020-07-14,1,13,2020-07-14 09:30:00-05:00,262.41200000000003,2020-07-14 14:52:00-05:00,266.918,261.01,585.78,long: close 262.34 > upper 262.27,flatten
2020-07-20,-1,24,2020-07-20 09:00:00-05:00,265.21799999999996,2020-07-20 09:26:00-05:00,265.982,265.92,-183.36,short: close 265.27 < lower 265.86,stop
2020-07-21,1,11,2020-07-21 09:00:00-05:00,270.027,2020-07-21 09:30:00-05:00,268.9161,268.4,-122.2,long: close 269.95 > upper 269.43,exit long: close 269.03 < upper 269.77
2020-07-23,-1,10,2020-07-23 13:00:00-05:00,267.288,2020-07-23 14:52:00-05:00,265.732,269.08,155.6,short: close 267.41 < lower 268.05,flatten
2020-07-27,1,24,2020-07-27 09:00:00-05:00,265.902,2020-07-27 10:00:00-05:00,265.868,265.2,-8.16,long: close 265.81 > upper 265.45,exit long: close 265.93 < upper 266.04
2020-07-30,-1,8,2020-07-30 09:00:00-05:00,260.198,2020-07-30 10:18:00-05:00,262.40200000000004,262.34000000000003,-176.32,short: close 260.28 < lower 261.83,stop
2020-07-31,-1,16,2020-07-31 09:30:00-05:00,261.33799999999997,2020-07-31 10:18:00-05:00,262.492,262.43,-184.64,short: close 261.41 < lower 262.41,stop
2020-07-31,-1,14,2020-07-31 11:00:00-05:00,261.4825,2020-07-31 14:00:00-05:00,262.442,262.72,-134.33,short: close 261.57 < lower 262.26,exit short: close 262.35 > lower 261.80
2020-08-03,1,12,2020-08-03 10:30:00-05:00,266.802,2020-08-03 11:30:00-05:00,266.498,265.28000000000003,-36.48,long: close 266.74 > upper 266.51,exit long: close 266.59 < upper 266.61
2020-08-03,1,11,2020-08-03 12:30:00-05:00,266.85200000000003,2020-08-03 13:00:00-05:00,266.7081,265.17,-15.83,long: close 266.82 > upper 266.67,exit long: close 266.75 < upper 266.79
2020-08-04,1,17,2020-08-04 10:30:00-05:00,267.962,2020-08-04 12:00:00-05:00,267.49739999999997,266.95,-78.98,long: close 267.89 > upper 267.49,exit long: close 267.53 < upper 267.63
2020-08-04,1,14,2020-08-04 13:00:00-05:00,267.762,2020-08-04 13:30:00-05:00,267.248,266.54,-71.96,long: close 267.71 > upper 267.70,exit long: close 267.33 < upper 267.71
2020-08-05,1,12,2020-08-05 09:00:00-05:00,271.16200000000003,2020-08-05 14:52:00-05:00,271.498,269.64,40.32,long: close 271.04 > upper 270.72,flatten
2020-08-06,1,13,2020-08-06 13:30:00-05:00,273.41200000000003,2020-08-06 14:52:00-05:00,273.738,272.1,42.38,long: close 273.33 > upper 273.15,flatten
2020-08-10,1,15,2020-08-10 09:00:00-05:00,276.987,2020-08-10 10:00:00-05:00,275.86789999999996,275.82,-167.87,long: close 276.94 > upper 276.23,exit long: close 275.90 < upper 276.47
2020-08-10,1,14,2020-08-10 10:30:00-05:00,276.812,2020-08-10 14:52:00-05:00,277.943,275.51,158.34,long: close 276.78 > upper 276.35,flatten
2020-08-18,-1,18,2020-08-18 09:30:00-05:00,277.1918,2020-08-18 09:59:00-05:00,278.21200000000005,278.15000000000003,-183.64,short: close 277.29 < lower 278.06,stop
2020-08-18,-1,20,2020-08-18 10:00:00-05:00,278.108,2020-08-18 10:30:00-05:00,278.562,278.95,-90.8,short: close 278.16 < lower 278.18,exit short: close 278.50 > lower 278.08
2020-08-19,1,18,2020-08-19 09:00:00-05:00,279.582,2020-08-19 09:30:00-05:00,279.288,278.62,-52.92,long: close 279.54 > upper 279.43,exit long: close 279.32 < upper 279.68
2020-08-21,1,13,2020-08-21 13:00:00-05:00,278.922,2020-08-21 14:52:00-05:00,279.33799999999997,277.57,54.08,long: close 278.84 > upper 278.83,flatten
2020-08-25,-1,13,2020-08-25 09:30:00-05:00,282.113,2020-08-25 14:00:00-05:00,282.122,283.42,-1.17,short: close 282.27 < lower 282.34,exit short: close 282.13 > lower 282.12
2020-09-01,1,15,2020-09-01 09:30:00-05:00,285.4919,2020-09-01 10:00:00-05:00,284.89799999999997,284.3,-89.09,long: close 285.42 > upper 285.19,exit long: close 284.90 < upper 285.16
2020-09-01,1,15,2020-09-01 10:30:00-05:00,285.372,2020-09-01 14:52:00-05:00,286.228,284.2,128.4,long: close 285.31 > upper 285.17,flatten
2020-09-03,-1,14,2020-09-03 09:30:00-05:00,289.14799999999997,2020-09-03 14:52:00-05:00,282.142,290.39,980.84,short: close 289.30 < lower 289.85,flatten
2020-09-04,-1,9,2020-09-04 09:30:00-05:00,280.46799999999996,2020-09-04 13:40:00-05:00,282.502,282.44,-183.06,short: close 280.46 < lower 282.14,stop
2020-09-08,-1,8,2020-09-08 09:00:00-05:00,277.078,2020-09-08 10:30:00-05:00,277.302,279.38,-17.92,short: close 277.10 < lower 277.98,exit short: close 277.31 > lower 277.04
2020-09-08,-1,6,2020-09-08 11:00:00-05:00,276.71799999999996,2020-09-08 11:30:00-05:00,277.3068,279.83,-35.33,short: close 276.75 < lower 277.18,exit short: close 277.25 > lower 277.25
2020-09-09,1,8,2020-09-09 09:00:00-05:00,279.242,2020-09-09 14:52:00-05:00,280.578,277.04,106.88,long: close 279.18 > upper 278.98,flatten
2020-09-10,-1,6,2020-09-10 13:30:00-05:00,276.02799999999996,2020-09-10 14:52:00-05:00,276.2221,278.87,-11.65,short: close 276.21 < lower 277.63,flatten
2020-09-14,1,10,2020-09-14 09:00:00-05:00,280.22200000000004,2020-09-14 10:00:00-05:00,280.478,278.43,25.6,long: close 280.13 > upper 279.80,exit long: close 280.55 < upper 280.64
2020-09-14,1,6,2020-09-14 11:00:00-05:00,280.922,2020-09-14 12:30:00-05:00,280.598,278.07,-19.44,long: close 280.90 > upper 280.86,exit long: close 280.66 < upper 280.93
2020-09-18,-1,16,2020-09-18 09:00:00-05:00,277.848,2020-09-18 09:16:00-05:00,279.012,278.95,-186.24,short: close 277.93 < lower 278.21,stop
2020-09-18,-1,8,2020-09-18 12:30:00-05:00,275.748,2020-09-18 14:30:00-05:00,277.202,278.08,-116.32,short: close 275.81 < lower 276.98,exit short: close 277.17 > lower 276.61
2020-09-21,-1,5,2020-09-21 09:30:00-05:00,268.64799999999997,2020-09-21 14:30:00-05:00,270.15700000000004,272.41,-75.45,short: close 268.77 < lower 270.29,exit short: close 270.10 > lower 269.17
2020-09-23,-1,5,2020-09-23 13:30:00-05:00,269.038,2020-09-23 14:52:00-05:00,267.252,272.25,89.3,short: close 269.20 < lower 270.28,flatten
2020-09-24,1,7,2020-09-24 12:30:00-05:00,270.622,2020-09-24 13:30:00-05:00,269.058,268.07,-109.48,long: close 270.54 > upper 269.77,exit long: close 269.10 < upper 270.28
2020-09-25,1,6,2020-09-25 13:30:00-05:00,270.752,2020-09-25 14:52:00-05:00,271.258,267.77,30.36,long: close 270.65 > upper 270.40,flatten
2020-09-28,1,6,2020-09-28 09:30:00-05:00,276.492,2020-09-28 10:00:00-05:00,275.96799999999996,273.66,-31.44,long: close 276.38 > upper 276.29,exit long: close 276.00 < upper 276.81
2020-09-29,-1,10,2020-09-29 11:00:00-05:00,273.608,2020-09-29 12:00:00-05:00,274.242,275.34000000000003,-63.4,short: close 273.66 < lower 274.01,exit short: close 274.17 > lower 273.75
2020-09-30,1,19,2020-09-30 09:00:00-05:00,277.332,2020-09-30 14:17:00-05:00,276.368,276.43,-183.16,long: close 277.26 > upper 275.60,stop
2020-10-05,1,7,2020-10-05 10:00:00-05:00,280.562,2020-10-05 10:30:00-05:00,280.448,278.07,-7.98,long: close 280.46 > upper 280.29,exit long: close 280.49 < upper 280.54
2020-10-05,1,7,2020-10-05 11:00:00-05:00,280.567,2020-10-05 11:30:00-05:00,280.248,277.92,-22.33,long: close 280.52 > upper 280.44,exit long: close 280.31 < upper 280.52
2020-10-07,1,8,2020-10-07 09:00:00-05:00,281.29200000000003,2020-10-07 10:30:00-05:00,282.02799999999996,279.16,58.88,long: close 281.26 > upper 281.11,exit long: close 282.08 < upper 282.10
2020-10-07,1,5,2020-10-07 13:00:00-05:00,282.5831,2020-10-07 14:52:00-05:00,283.21799999999996,279.08,31.74,long: close 282.52 > upper 282.48,flatten
2020-10-12,1,9,2020-10-12 10:30:00-05:00,288.642,2020-10-12 11:00:00-05:00,288.3262,286.61,-28.42,long: close 288.60 > upper 288.47,exit long: close 288.39 < upper 288.56
2020-10-12,1,8,2020-10-12 11:30:00-05:00,289.012,2020-10-12 14:00:00-05:00,288.928,286.78000000000003,-6.72,long: close 288.98 > upper 288.66,exit long: close 288.96 < upper 289.26
2020-10-14,-1,11,2020-10-14 11:00:00-05:00,285.108,2020-10-14 11:30:00-05:00,285.182,286.8,-8.14,short: close 285.18 < lower 285.31,exit short: close 285.19 > lower 285.13
2020-10-16,1,11,2020-10-16 09:30:00-05:00,288.312,2020-10-16 10:30:00-05:00,287.128,286.67,-130.24,long: close 288.25 > upper 287.27,exit long: close 287.28 < upper 287.60
2020-10-19,-1,9,2020-10-19 13:00:00-05:00,284.058,2020-10-19 13:30:00-05:00,284.2581,286.07,-18.01,short: close 284.15 < lower 284.31,exit short: close 284.26 > lower 284.25
2020-10-20,1,13,2020-10-20 09:00:00-05:00,284.2613,2020-10-20 09:30:00-05:00,283.83799999999997,282.95,-55.03,long: close 284.16 > upper 283.93,exit long: close 283.76 < upper 284.25
2020-10-20,1,8,2020-10-20 12:30:00-05:00,285.492,2020-10-20 13:00:00-05:00,284.658,283.29,-66.72,long: close 285.40 > upper 284.83,exit long: close 284.73 < upper 284.95
2020-10-21,1,19,2020-10-21 09:00:00-05:00,284.302,2020-10-21 09:52:00-05:00,283.348,283.41,-181.26,long: close 284.12 > upper 283.65,stop
2020-10-22,1,11,2020-10-22 13:30:00-05:00,283.9511,2020-10-22 14:00:00-05:00,283.64799999999997,282.27,-33.34,long: close 283.91 > upper 283.73,exit long: close 283.67 < upper 284.14
2020-10-23,-1,13,2020-10-23 11:30:00-05:00,281.938,2020-10-23 12:30:00-05:00,282.66200000000003,283.35,-94.12,short: close 282.02 < lower 282.67,exit short: close 282.53 > lower 282.49
2020-10-26,-1,8,2020-10-26 09:00:00-05:00,279.378,2020-10-26 14:52:00-05:00,275.802,281.63,286.08,short: close 279.47 < lower 279.51,flatten
2020-10-27,-1,18,2020-10-27 09:30:00-05:00,275.418,2020-10-27 09:48:00-05:00,276.422,276.36,-180.72,short: close 275.53 < lower 276.04,stop
2020-10-27,-1,19,2020-10-27 10:00:00-05:00,275.70799999999997,2020-10-27 11:00:00-05:00,276.462,276.6,-143.26,short: close 275.73 < lower 276.09,exit short: close 276.29 > lower 275.66
2020-10-28,-1,5,2020-10-28 09:30:00-05:00,267.098,2020-10-28 14:52:00-05:00,266.03200000000004,270.83,53.3,short: close 267.14 < lower 268.13,flatten
2020-10-29,1,10,2020-10-29 13:00:00-05:00,267.79200000000003,2020-10-29 14:52:00-05:00,267.598,266.03000000000003,-19.4,long: close 267.65 > upper 267.04,flatten
2020-10-30,-1,10,2020-10-30 09:30:00-05:00,263.078,2020-10-30 11:30:00-05:00,264.482,264.78000000000003,-140.4,short: close 263.18 < lower 264.08,exit short: close 264.49 > lower 263.71
2020-10-30,-1,8,2020-10-30 12:00:00-05:00,263.27799999999996,2020-10-30 12:30:00-05:00,263.35200000000003,265.56,-5.92,short: close 263.39 < lower 263.50,exit short: close 263.35 > lower 263.32
2020-11-02,1,6,2020-11-02 09:30:00-06:00,270.142,2020-11-02 10:00:00-06:00,268.77799999999996,267.2,-81.84,long: close 270.17 > upper 269.94,exit long: close 268.86 < upper 270.09
2020-11-03,1,8,2020-11-03 09:00:00-06:00,274.442,2020-11-03 13:00:00-06:00,273.52799999999996,272.18,-73.12,long: close 274.35 > upper 273.19,exit long: close 273.60 < upper 274.55
2020-11-04,1,14,2020-11-04 09:00:00-06:00,278.79200000000003,2020-11-04 14:52:00-06:00,279.003,277.56,29.54,long: close 278.74 > upper 276.51,flatten
2020-11-05,1,5,2020-11-05 09:30:00-06:00,284.212,2020-11-05 11:00:00-06:00,283.4872,280.72,-36.24,long: close 284.11 > upper 283.89,exit long: close 283.51 < upper 283.91
2020-11-06,-1,22,2020-11-06 09:00:00-06:00,282.368,2020-11-06 09:10:00-06:00,283.202,283.14,-183.48,short: close 282.42 < lower 283.13,stop
2020-11-17,-1,7,2020-11-17 09:00:00-06:00,295.558,2020-11-17 09:30:00-06:00,296.882,297.95,-92.68,short: close 295.63 < lower 296.27,exit short: close 296.79 > lower 295.70
2020-11-24,1,7,2020-11-24 11:00:00-06:00,300.802,2020-11-24 12:30:00-06:00,300.298,298.08,-35.28,long: close 300.73 > upper 300.13,exit long: close 300.35 < upper 300.36
2020-11-25,-1,14,2020-11-25 09:00:00-06:00,298.64799999999997,2020-11-25 13:00:00-06:00,299.1419,299.86,-69.15,short: close 298.72 < lower 298.97,exit short: close 299.08 > lower 298.87
2020-11-25,-1,11,2020-11-25 13:30:00-06:00,298.598,2020-11-25 14:00:00-06:00,298.54200000000003,300.16,6.16,short: close 298.61 < lower 298.62,exit short: close 298.48 > lower 298.32
2020-11-30,-1,11,2020-11-30 09:30:00-06:00,295.948,2020-11-30 14:00:00-06:00,296.392,297.57,-48.84,short: close 296.03 < lower 296.77,exit short: close 296.31 > lower 296.00
2020-12-01,1,8,2020-12-01 09:30:00-06:00,300.702,2020-12-01 10:00:00-06:00,300.038,298.49,-53.12,long: close 300.64 > upper 300.38,exit long: close 300.05 < upper 300.39
2020-12-03,1,23,2020-12-03 09:30:00-06:00,300.35200000000003,2020-12-03 13:00:00-06:00,299.95799999999997,299.63,-90.62,long: close 300.31 > upper 299.99,exit long: close 299.99 < upper 300.31
2020-12-03,1,14,2020-12-03 13:30:00-06:00,300.652,2020-12-03 14:42:00-06:00,299.328,299.39,-185.36,long: close 300.59 > upper 300.53,stop
2020-12-04,1,18,2020-12-04 10:00:00-06:00,301.862,2020-12-04 12:00:00-06:00,301.628,300.91,-42.12,long: close 301.80 > upper 301.32,exit long: close 301.66 < upper 301.71
2020-12-04,1,13,2020-12-04 12:30:00-06:00,301.942,2020-12-04 13:30:00-06:00,301.6781,300.59000000000003,-34.31,long: close 301.87 > upper 301.73,exit long: close 301.77 < upper 301.86
2020-12-07,-1,16,2020-12-07 09:30:00-06:00,300.978,2020-12-07 10:30:00-06:00,301.262,302.06,-45.44,short: close 301.04 < lower 301.07,exit short: close 301.19 > lower 301.01
2020-12-07,-1,13,2020-12-07 12:30:00-06:00,300.638,2020-12-07 14:00:00-06:00,300.60200000000003,301.98,4.68,short: close 300.73 < lower 300.81,exit short: close 300.53 > lower 300.51
2020-12-08,1,13,2020-12-08 10:30:00-06:00,302.00190000000003,2020-12-08 14:00:00-06:00,302.048,300.68,5.99,long: close 301.89 > upper 301.88,exit long: close 302.12 < upper 302.41
2020-12-09,-1,11,2020-12-09 12:30:00-06:00,300.788,2020-12-09 13:30:00-06:00,301.332,302.34000000000003,-59.84,short: close 300.95 < lower 301.16,exit short: close 301.30 > lower 301.01
2020-12-15,1,8,2020-12-15 12:30:00-06:00,302.312,2020-12-15 14:30:00-06:00,302.098,300.14,-17.12,long: close 302.24 > upper 302.21,exit long: close 302.18 < upper 302.45
2021-01-07,1,10,2021-01-07 09:30:00-06:00,311.302,2021-01-07 10:30:00-06:00,311.14799999999997,309.53000000000003,-15.4,long: close 311.22 > upper 310.78,exit long: close 311.15 < upper 311.17
2021-01-25,-1,14,2021-01-25 09:00:00-06:00,307.998,2021-01-25 09:24:00-06:00,309.29200000000003,309.23,-181.16,short: close 308.07 < lower 308.20,stop
2021-01-25,-1,10,2021-01-25 10:00:00-06:00,306.978,2021-01-25 11:00:00-06:00,308.332,308.73,-135.4,short: close 307.16 < lower 307.69,exit short: close 308.17 > lower 307.47
2021-02-02,1,10,2021-02-02 09:00:00-06:00,306.2444,2021-02-02 14:52:00-06:00,307.478,304.37,123.36,long: close 306.19 > upper 305.16,flatten
2021-02-04,1,16,2021-02-04 09:00:00-06:00,309.47200000000004,2021-02-04 14:52:00-06:00,310.008,308.37,85.76,long: close 309.39 > upper 308.64,flatten
2021-03-03,1,12,2021-03-03 10:30:00-06:00,315.592,2021-03-03 11:00:00-06:00,315.008,314.13,-70.08,long: close 315.56 > upper 315.52,exit long: close 315.10 < upper 315.70
2021-03-04,-1,10,2021-03-04 12:00:00-06:00,309.808,2021-03-04 14:52:00-06:00,309.742,311.56,6.6,short: close 309.86 < lower 311.33,flatten
2021-03-05,-1,6,2021-03-05 10:30:00-06:00,308.198,2021-03-05 11:00:00-06:00,309.942,310.96,-104.64,short: close 308.16 < lower 308.33,exit short: close 309.88 > lower 308.14
2021-03-08,1,9,2021-03-08 09:30:00-06:00,318.812,2021-03-08 14:52:00-06:00,319.298,316.77,43.74,long: close 318.77 > upper 318.00,flatten
2021-03-09,1,9,2021-03-09 10:00:00-06:00,321.062,2021-03-09 10:30:00-06:00,320.89799999999997,318.97,-14.76,long: close 321.01 > upper 320.93,exit long: close 320.90 < upper 321.28
2021-03-09,1,7,2021-03-09 11:00:00-06:00,321.362,2021-03-09 12:00:00-06:00,321.058,318.93,-21.28,long: close 321.28 > upper 321.27,exit long: close 321.06 < upper 321.53
2021-03-10,1,10,2021-03-10 09:00:00-06:00,322.072,2021-03-10 09:30:00-06:00,321.008,320.33,-106.4,long: close 321.92 > upper 321.32,exit long: close 321.10 < upper 321.97
2021-03-10,1,6,2021-03-10 10:30:00-06:00,322.632,2021-03-10 14:52:00-06:00,323.658,319.73,61.56,long: close 322.58 > upper 322.48,flatten
2021-03-12,1,16,2021-03-12 09:00:00-06:00,326.842,2021-03-12 09:30:00-06:00,326.438,325.72,-64.64,long: close 326.77 > upper 326.59,exit long: close 326.50 < upper 327.16
2021-03-18,1,9,2021-03-18 11:00:00-05:00,332.66200000000003,2021-03-18 12:00:00-05:00,331.608,330.66,-94.86,long: close 332.58 > upper 332.53,exit long: close 331.67 < upper 332.44
2021-03-19,-1,13,2021-03-19 09:00:00-05:00,325.558,2021-03-19 10:00:00-05:00,326.802,326.89,-161.72,short: close 325.68 < lower 327.39,exit short: close 326.68 > lower 326.62
2021-03-19,-1,7,2021-03-19 10:30:00-05:00,325.798,2021-03-19 11:00:00-05:00,327.41200000000003,328.21,-112.98,short: close 325.92 < lower 326.31,exit short: close 327.27 > lower 326.35
2021-03-24,1,12,2021-03-24 09:00:00-05:00,326.312,2021-03-24 11:00:00-05:00,326.748,324.89,52.32,long: close 326.32 > upper 326.11,exit long: close 326.80 < upper 326.82
2021-03-24,1,8,2021-03-24 11:30:00-05:00,327.562,2021-03-24 12:30:00-05:00,326.478,325.44,-86.72,long: close 327.49 > upper 326.81,exit long: close 326.53 < upper 326.98
2021-04-05,1,9,2021-04-05 09:30:00-05:00,334.842,2021-04-05 14:52:00-05:00,335.39799999999997,332.90000000000003,50.04,long: close 334.77 > upper 334.63,flatten
2021-04-23,1,19,2021-04-23 09:30:00-05:00,338.892,2021-04-23 14:52:00-05:00,340.368,338.01,280.44,long: close 338.82 > upper 338.81,flatten
2021-05-03,1,11,2021-05-03 09:00:00-05:00,341.892,2021-05-03 09:30:00-05:00,341.428,340.26,-51.04,long: close 341.98 > upper 341.48,exit long: close 341.47 < upper 341.62
2021-05-03,1,9,2021-05-03 10:30:00-05:00,341.872,2021-05-03 11:30:00-05:00,341.45799999999997,339.96,-37.26,long: close 341.81 > upper 341.76,exit long: close 341.57 < upper 341.85
2021-05-04,-1,14,2021-05-04 09:00:00-05:00,338.688,2021-05-04 11:30:00-05:00,339.832,339.98,-160.16,short: close 338.77 < lower 339.26,exit short: close 339.79 > lower 338.92
2021-05-07,1,20,2021-05-07 09:00:00-05:00,346.432,2021-05-07 14:52:00-05:00,347.9979,345.6,313.18,long: close 346.34 > upper 346.21,flatten
2021-05-10,1,12,2021-05-10 09:00:00-05:00,350.402,2021-05-10 09:30:00-05:00,349.948,348.94,-54.48,long: close 350.34 > upper 350.01,exit long: close 350.07 < upper 350.21
2021-05-10,1,10,2021-05-10 10:30:00-05:00,351.022,2021-05-10 12:30:00-05:00,350.1568,349.25,-86.52,long: close 350.96 > upper 350.33,exit long: close 350.24 < upper 350.36
2021-05-12,-1,11,2021-05-12 09:30:00-05:00,340.298,2021-05-12 14:52:00-05:00,336.072,341.95,464.86,short: close 340.41 < lower 340.57,flatten
2021-05-13,1,21,2021-05-13 09:00:00-05:00,339.882,2021-05-13 12:32:00-05:00,339.028,339.09000000000003,-179.34,long: close 339.73 > upper 336.95,stop
2021-05-13,1,13,2021-05-13 13:00:00-05:00,339.372,2021-05-13 14:52:00-05:00,341.21799999999996,338.06,239.98,long: close 339.32 > upper 337.47,flatten
2021-05-14,1,10,2021-05-14 09:00:00-05:00,343.822,2021-05-14 09:30:00-05:00,342.748,342.0,-107.4,long: close 343.80 > upper 343.17,exit long: close 342.81 < upper 343.55
2021-05-14,1,8,2021-05-14 12:00:00-05:00,343.992,2021-05-14 14:52:00-05:00,344.668,341.69,54.08,long: close 343.91 > upper 343.66,flatten
2021-05-20,1,13,2021-05-20 10:30:00-05:00,341.742,2021-05-20 14:52:00-05:00,341.538,340.33,-26.52,long: close 341.70 > upper 341.02,flatten
2021-05-21,1,13,2021-05-21 09:00:00-05:00,343.942,2021-05-21 09:30:00-05:00,342.948,342.63,-129.22,long: close 343.89 > upper 343.15,exit long: close 343.02 < upper 343.57
2021-06-24,1,11,2021-06-24 09:00:00-05:00,341.452,2021-06-24 10:00:00-05:00,341.048,339.86,-44.44,long: close 341.31 > upper 341.30,exit long: close 341.10 < upper 341.72
2021-06-24,1,8,2021-06-24 12:00:00-05:00,342.072,2021-06-24 14:52:00-05:00,342.078,339.95,0.48,long: close 342.02 > upper 341.83,flatten
2021-06-28,-1,25,2021-06-28 09:00:00-05:00,343.268,2021-06-28 14:52:00-05:00,342.997,343.93,67.75,short: close 343.33 < lower 343.71,flatten
2021-06-30,1,20,2021-06-30 09:00:00-05:00,343.682,2021-06-30 14:52:00-05:00,345.068,342.82,277.2,long: close 343.56 > upper 343.49,flatten
2021-07-06,-1,24,2021-07-06 09:00:00-05:00,346.5011,2021-07-06 14:52:00-05:00,346.03200000000004,347.2,112.58,short: close 346.60 < lower 347.14,flatten
2021-07-09,1,11,2021-07-09 09:00:00-05:00,347.762,2021-07-09 14:52:00-05:00,348.828,346.11,117.26,long: close 347.67 > upper 347.15,flatten
2021-07-12,1,17,2021-07-12 09:00:00-05:00,349.642,2021-07-12 10:30:00-05:00,349.738,348.62,16.32,long: close 349.56 > upper 349.39,exit long: close 349.78 < upper 349.88
2021-07-20,1,18,2021-07-20 09:00:00-05:00,343.78200000000004,2021-07-20 14:52:00-05:00,345.193,342.83,253.98,long: close 343.71 > upper 341.01,flatten
2021-08-03,-1,15,2021-08-03 09:00:00-05:00,347.14799999999997,2021-08-03 09:19:00-05:00,348.40200000000004,348.34000000000003,-188.1,short: close 347.26 < lower 347.53,stop
2021-08-03,1,9,2021-08-03 13:30:00-05:00,350.642,2021-08-03 14:00:00-05:00,350.548,348.76,-8.46,long: close 350.61 > upper 350.60,exit long: close 350.58 < upper 350.58
2021-08-04,-1,10,2021-08-04 10:30:00-05:00,348.298,2021-08-04 12:30:00-05:00,348.372,350.11,-7.4,short: close 348.35 < lower 348.56,exit short: close 348.27 > lower 348.12
2021-08-05,1,12,2021-08-05 10:00:00-05:00,349.932,2021-08-05 11:00:00-05:00,349.878,348.49,-6.48,long: close 349.87 > upper 349.83,exit long: close 349.93 < upper 350.01
2021-08-09,-1,19,2021-08-09 09:30:00-05:00,350.668,2021-08-09 09:53:00-05:00,351.612,351.55,-179.36,short: close 350.75 < lower 350.96,stop
2021-08-23,1,11,2021-08-23 10:30:00-05:00,353.962,2021-08-23 11:00:00-05:00,353.798,352.32,-18.04,long: close 353.89 > upper 353.69,exit long: close 353.83 < upper 353.92
2021-08-23,1,10,2021-08-23 11:30:00-05:00,354.052,2021-08-23 12:30:00-05:00,353.858,352.18,-19.4,long: close 353.98 > upper 353.92,exit long: close 353.91 < upper 354.02
2021-09-22,1,9,2021-09-22 09:00:00-05:00,342.272,2021-09-22 14:52:00-05:00,342.568,340.36,26.64,long: close 342.21 > upper 342.05,flatten
2021-09-23,1,9,2021-09-23 09:00:00-05:00,346.682,2021-09-23 14:52:00-05:00,347.518,344.6,75.24,long: close 346.49 > upper 345.73,flatten
2021-09-27,1,13,2021-09-27 09:00:00-05:00,350.192,2021-09-27 10:00:00-05:00,349.33799999999997,348.84000000000003,-111.02,long: close 350.13 > upper 349.43,exit long: close 349.40 < upper 349.95
2021-09-28,-1,10,2021-09-28 09:00:00-05:00,345.978,2021-09-28 14:52:00-05:00,342.992,347.78000000000003,298.6,short: close 346.09 < lower 346.16,flatten
2021-09-30,-1,8,2021-09-30 10:00:00-05:00,341.928,2021-09-30 10:30:00-05:00,342.902,344.26,-77.92,short: close 342.01 < lower 342.13,exit short: close 342.83 > lower 342.18
2021-09-30,-1,8,2021-09-30 11:00:00-05:00,340.478,2021-09-30 14:52:00-05:00,339.132,342.72,107.68,short: close 340.62 < lower 342.21,flatten
2021-10-01,1,6,2021-10-01 13:00:00-05:00,342.79200000000003,2021-10-01 14:52:00-05:00,343.578,339.84000000000003,47.16,long: close 342.67 > upper 342.09,flatten
2021-10-04,-1,11,2021-10-04 09:30:00-05:00,340.908,2021-10-04 14:52:00-05:00,339.122,342.56,196.46,short: close 341.01 < lower 341.27,flatten
2021-10-05,1,9,2021-10-05 09:30:00-05:00,344.192,2021-10-05 14:52:00-05:00,343.818,342.29,-33.66,long: close 344.12 > upper 342.48,flatten
2021-10-06,-1,8,2021-10-06 09:00:00-05:00,339.228,2021-10-06 09:30:00-05:00,340.632,341.54,-112.32,short: close 339.35 < lower 339.50,exit short: close 340.59 > lower 338.98
2021-10-07,1,8,2021-10-07 09:00:00-05:00,348.982,2021-10-07 13:00:00-05:00,348.77799999999996,346.63,-16.32,long: close 348.93 > upper 347.87,exit long: close 348.85 < upper 349.25
2021-10-11,1,15,2021-10-11 09:00:00-05:00,349.052,2021-10-11 10:00:00-05:00,348.758,347.92,-44.1,long: close 348.89 > upper 348.71,exit long: close 348.86 < upper 349.46
2021-10-13,-1,15,2021-10-13 09:00:00-05:00,342.358,2021-10-13 10:00:00-05:00,342.172,343.54,27.9,short: close 342.45 < lower 342.68,exit short: close 342.13 > lower 342.11
2021-10-13,-1,11,2021-10-13 10:30:00-05:00,341.928,2021-10-13 11:00:00-05:00,342.69460000000004,343.6,-84.33,short: close 342.02 < lower 342.20,exit short: close 342.60 > lower 341.96
2021-10-20,1,20,2021-10-20 09:00:00-05:00,355.442,2021-10-20 10:00:00-05:00,355.818,354.61,75.2,long: close 355.37 > upper 355.34,exit long: close 355.88 < upper 355.96
2021-10-20,1,12,2021-10-20 11:00:00-05:00,356.112,2021-10-20 12:30:00-05:00,356.008,354.57,-12.48,long: close 356.06 > upper 356.05,exit long: close 356.08 < upper 356.26
2021-10-22,1,21,2021-10-22 09:00:00-05:00,357.327,2021-10-22 10:00:00-05:00,356.698,356.51,-132.09,long: close 357.24 > upper 356.80,exit long: close 356.81 < upper 357.30
2021-11-30,-1,7,2021-11-30 10:00:00-06:00,346.058,2021-11-30 14:52:00-06:00,344.8232,348.46,86.44,short: close 346.10 < lower 347.60,flatten
2021-12-01,1,6,2021-12-01 10:00:00-06:00,349.582,2021-12-01 11:00:00-06:00,348.668,346.81,-54.84,long: close 349.51 > upper 349.17,exit long: close 348.75 < upper 349.09
2021-12-02,1,12,2021-12-02 09:00:00-06:00,345.592,2021-12-02 09:35:00-06:00,343.988,344.05,-192.48,long: close 345.53 > upper 342.67,stop
2021-12-02,1,9,2021-12-02 10:00:00-06:00,345.382,2021-12-02 14:52:00-06:00,346.628,343.45,112.14,long: close 345.37 > upper 343.06,flatten
2021-12-03,-1,9,2021-12-03 10:00:00-06:00,344.228,2021-12-03 10:30:00-06:00,345.652,346.15000000000003,-128.16,short: close 344.31 < lower 345.44,exit short: close 345.56 > lower 345.28
2021-12-03,-1,9,2021-12-03 11:00:00-06:00,344.20799999999997,2021-12-03 11:38:00-06:00,346.15200000000004,346.09000000000003,-174.96,short: close 344.24 < lower 345.48,stop
2021-12-06,1,7,2021-12-06 09:00:00-06:00,351.41200000000003,2021-12-06 14:52:00-06:00,352.71799999999996,348.74,91.42,long: close 351.34 > upper 350.41,flatten
2021-12-07,1,6,2021-12-07 09:00:00-06:00,357.512,2021-12-07 13:00:00-06:00,357.788,354.62,16.56,long: close 357.43 > upper 357.27,exit long: close 357.87 < upper 357.94
2021-12-13,-1,11,2021-12-13 09:00:00-06:00,357.748,2021-12-13 13:00:00-06:00,357.60200000000003,359.36,16.06,short: close 357.84 < lower 358.22,exit short: close 357.58 > lower 357.36
2021-12-17,-1,6,2021-12-17 09:00:00-06:00,353.938,2021-12-17 10:00:00-06:00,355.842,356.78000000000003,-114.24,short: close 354.05 < lower 355.05,exit short: close 355.77 > lower 354.31
2021-12-17,-1,5,2021-12-17 11:00:00-06:00,354.228,2021-12-17 12:00:00-06:00,354.72200000000004,357.58,-24.7,short: close 354.32 < lower 354.55,exit short: close 354.70 > lower 354.45
2021-12-20,-1,5,2021-12-20 09:00:00-06:00,347.938,2021-12-20 13:00:00-06:00,348.242,351.3,-15.2,short: close 347.97 < lower 348.13,exit short: close 348.19 > lower 347.53
2021-12-21,1,6,2021-12-21 11:30:00-06:00,354.512,2021-12-21 14:52:00-06:00,354.238,351.31,-16.44,long: close 354.44 > upper 353.92,flatten
2021-12-22,1,8,2021-12-22 12:00:00-06:00,357.122,2021-12-22 13:00:00-06:00,356.638,355.02,-38.72,long: close 357.08 > upper 356.98,exit long: close 356.72 < upper 356.79
2021-12-23,1,9,2021-12-23 13:30:00-06:00,360.272,2021-12-23 14:52:00-06:00,360.388,358.18,10.44,long: close 360.25 > upper 360.00,flatten
2021-12-27,1,10,2021-12-27 10:30:00-06:00,361.522,2021-12-27 12:00:00-06:00,361.578,359.8,5.6,long: close 361.52 > upper 361.43,exit long: close 361.65 < upper 361.84
2021-12-27,1,9,2021-12-27 12:30:00-06:00,361.882,2021-12-27 14:52:00-06:00,362.728,359.95,76.14,long: close 361.83 > upper 361.64,flatten
2021-12-28,1,17,2021-12-28 09:00:00-06:00,364.772,2021-12-28 11:29:00-06:00,363.698,363.76,-182.58,long: close 364.72 > upper 364.04,stop
2022-01-04,1,11,2022-01-04 09:00:00-06:00,368.402,2022-01-04 10:30:00-06:00,368.058,366.72,-37.84,long: close 368.35 > upper 368.19,exit long: close 368.13 < upper 368.17
2022-01-04,1,10,2022-01-04 11:30:00-06:00,368.422,2022-01-04 12:00:00-06:00,367.828,366.61,-59.4,long: close 368.40 > upper 368.32,exit long: close 367.92 < upper 368.53
2022-01-05,1,15,2022-01-05 11:30:00-06:00,369.53200000000004,2022-01-05 12:00:00-06:00,368.888,368.33,-96.6,long: close 369.45 > upper 369.01,exit long: close 368.96 < upper 369.13
2022-01-06,-1,22,2022-01-06 09:00:00-06:00,362.368,2022-01-06 09:25:00-06:00,363.192,363.13,-181.28,short: close 362.46 < lower 363.34,stop
2022-01-06,-1,17,2022-01-06 09:30:00-06:00,362.578,2022-01-06 09:43:00-06:00,363.692,363.63,-189.38,short: close 362.65 < lower 363.05,stop
2022-01-10,-1,13,2022-01-10 09:00:00-06:00,358.488,2022-01-10 13:08:00-06:00,359.872,359.81,-179.92,short: close 358.60 < lower 360.37,stop
2022-01-10,-1,10,2022-01-10 13:30:00-06:00,359.693,2022-01-10 14:52:00-06:00,360.04200000000003,361.52,-34.9,short: close 359.81 < lower 359.86,flatten
2022-01-11,-1,21,2022-01-11 09:00:00-06:00,358.108,2022-01-11 09:17:00-06:00,358.982,358.92,-183.54,short: close 358.15 < lower 359.92,stop
2022-01-11,-1,16,2022-01-11 09:30:00-06:00,358.858,2022-01-11 10:17:00-06:00,359.982,359.92,-179.84,short: close 358.90 < lower 359.67,stop
2022-01-20,1,12,2022-01-20 09:00:00-06:00,353.992,2022-01-20 13:13:00-06:00,352.438,352.5,-186.48,long: close 353.85 > upper 352.42,stop
2022-01-21,-1,14,2022-01-21 09:30:00-06:00,345.658,2022-01-21 09:33:00-06:00,346.952,346.89,-181.16,short: close 345.74 < lower 345.94,stop
2022-01-21,-1,15,2022-01-21 11:30:00-06:00,345.878,2022-01-21 14:52:00-06:00,343.22200000000004,347.04,398.4,short: close 345.94 < lower 346.01,flatten
2022-01-24,-1,6,2022-01-24 09:00:00-06:00,336.4681,2022-01-24 13:00:00-06:00,337.642,339.52,-70.43,short: close 336.53 < lower 337.33,exit short: close 337.55 > lower 337.38
2022-01-24,-1,6,2022-01-24 13:30:00-06:00,335.668,2022-01-24 14:15:00-06:00,338.862,338.8,-191.64,short: close 335.77 < lower 337.24,stop
2022-01-25,-1,6,2022-01-25 09:00:00-06:00,336.888,2022-01-25 09:30:00-06:00,339.772,339.81,-173.04,short: close 336.91 < lower 339.07,exit short: close 339.75 > lower 338.94
2022-01-25,-1,6,2022-01-25 11:00:00-06:00,338.668,2022-01-25 11:30:00-06:00,340.802,341.66,-128.04,short: close 338.77 < lower 339.00,exit short: close 340.74 > lower 338.77
2022-01-26,1,6,2022-01-26 09:00:00-06:00,347.522,2022-01-26 09:28:00-06:00,344.548,344.61,-178.44,long: close 347.42 > upper 347.42,stop
2022-01-27,1,6,2022-01-27 09:00:00-06:00,346.822,2022-01-27 09:30:00-06:00,344.7781,343.92,-122.63,long: close 346.78 > upper 345.85,exit long: close 344.84 < upper 345.65
2022-01-27,1,6,2022-01-27 10:00:00-06:00,346.66200000000003,2022-01-27 10:30:00-06:00,345.438,343.88,-73.44,long: close 346.59 > upper 345.73,exit long: close 345.49 < upper 345.58
2022-01-28,-1,11,2022-01-28 09:00:00-06:00,338.20799999999997,2022-01-28 09:11:00-06:00,339.952,339.89,-191.84,short: close 338.33 < lower 340.00,stop
2022-01-28,-1,13,2022-01-28 09:30:00-06:00,339.928,2022-01-28 10:00:00-06:00,341.29200000000003,341.29,-177.32,short: close 339.95 < lower 340.33,exit short: close 341.18 > lower 340.12
2022-01-31,1,8,2022-01-31 12:00:00-06:00,349.062,2022-01-31 14:52:00-06:00,350.928,346.94,149.28,long: close 348.98 > upper 348.57,flatten
2022-02-02,1,12,2022-02-02 12:00:00-06:00,355.482,2022-02-02 12:30:00-06:00,354.628,353.95,-102.48,long: close 355.43 > upper 355.20,exit long: close 354.71 < upper 355.47
2022-02-02,1,11,2022-02-02 13:00:00-06:00,355.402,2022-02-02 13:30:00-06:00,355.428,353.79,2.86,long: close 355.34 > upper 355.28,exit long: close 355.49 < upper 355.63
2022-02-03,-1,9,2022-02-03 09:00:00-06:00,352.77799999999996,2022-02-03 10:00:00-06:00,353.882,354.87,-99.36,short: close 352.78 < lower 353.33,exit short: close 353.81 > lower 353.65
2022-02-03,-1,11,2022-02-03 10:30:00-06:00,353.658,2022-02-03 13:00:00-06:00,353.432,355.27,24.86,short: close 353.74 < lower 353.81,exit short: close 353.38 > lower 353.25
2022-02-04,-1,12,2022-02-04 10:00:00-06:00,348.138,2022-02-04 10:34:00-06:00,349.732,349.67,-191.28,short: close 348.28 < lower 349.16,stop
2022-02-08,1,13,2022-02-08 10:30:00-06:00,353.052,2022-02-08 13:30:00-06:00,353.353,351.66,39.13,long: close 352.92 > upper 352.62,exit long: close 353.44 < upper 353.65
2022-02-11,1,17,2022-02-11 09:30:00-06:00,353.932,2022-02-11 10:00:00-06:00,353.448,352.90000000000003,-82.28,long: close 353.81 > upper 353.50,exit long: close 353.49 < upper 353.59
2022-02-11,-1,11,2022-02-11 13:00:00-06:00,347.788,2022-02-11 13:15:00-06:00,349.422,349.36,-179.74,short: close 347.90 < lower 350.90,stop
2022-02-14,-1,15,2022-02-14 09:30:00-06:00,344.768,2022-02-14 10:43:00-06:00,346.03200000000004,345.97,-189.6,short: close 344.80 < lower 345.81,stop
2022-02-14,-1,9,2022-02-14 13:00:00-06:00,343.758,2022-02-14 14:00:00-06:00,344.962,345.79,-108.36,short: close 343.88 < lower 344.97,exit short: close 344.92 > lower 344.32
2022-02-15,1,7,2022-02-15 09:30:00-06:00,350.16200000000003,2022-02-15 11:30:00-06:00,349.438,347.55,-50.68,long: close 350.07 > upper 349.97,exit long: close 349.54 < upper 349.87
2022-02-16,-1,9,2022-02-16 10:00:00-06:00,347.548,2022-02-16 10:30:00-06:00,348.302,349.43,-67.86,short: close 347.55 < lower 347.57,exit short: close 348.27 > lower 347.99
2022-02-16,-1,11,2022-02-16 11:30:00-06:00,347.58799999999997,2022-02-16 12:30:00-06:00,347.482,349.25,11.66,short: close 347.67 < lower 347.80,exit short: close 347.41 > lower 347.36
2022-02-17,-1,9,2022-02-17 09:00:00-06:00,345.228,2022-02-17 14:52:00-06:00,343.29200000000003,347.24,174.24,short: close 345.31 < lower 346.57,flatten
2022-02-18,-1,16,2022-02-18 10:30:00-06:00,341.888,2022-02-18 13:30:00-06:00,342.682,342.99,-127.04,short: close 341.92 < lower 342.08,exit short: close 342.60 > lower 341.09
2022-02-22,-1,10,2022-02-22 10:30:00-06:00,337.768,2022-02-22 11:00:00-06:00,337.892,339.64,-12.4,short: close 337.82 < lower 337.97,exit short: close 337.86 > lower 337.78
2022-02-22,-1,9,2022-02-22 11:30:00-06:00,337.203,2022-02-22 14:30:00-06:00,337.232,339.22,-2.61,short: close 337.27 < lower 337.82,exit short: close 337.20 > lower 336.79
2022-02-23,-1,9,2022-02-23 10:30:00-06:00,334.728,2022-02-23 11:00:00-06:00,335.9801,336.72,-112.69,short: close 334.73 < lower 335.05,exit short: close 335.89 > lower 334.84
2022-02-23,-1,7,2022-02-23 12:30:00-06:00,333.828,2022-02-23 14:52:00-06:00,330.94710000000003,336.33,201.66,short: close 333.76 < lower 334.54,flatten
2022-02-25,1,9,2022-02-25 09:30:00-06:00,336.062,2022-02-25 14:52:00-06:00,340.628,334.18,410.94,long: close 336.01 > upper 334.89,flatten
2022-03-01,-1,8,2022-03-01 09:30:00-06:00,335.938,2022-03-01 14:52:00-06:00,332.112,338.19,306.08,short: close 335.92 < lower 335.96,flatten
2022-03-02,1,6,2022-03-02 10:00:00-06:00,337.47200000000004,2022-03-02 14:52:00-06:00,339.95799999999997,334.63,149.16,long: close 337.41 > upper 337.10,flatten
2022-03-07,-1,12,2022-03-07 09:00:00-06:00,332.688,2022-03-07 14:52:00-06:00,328.822,334.16,463.92,short: close 332.82 < lower 334.28,flatten
2022-03-08,-1,12,2022-03-08 09:30:00-06:00,326.608,2022-03-08 09:54:00-06:00,328.122,328.06,-181.68,short: close 326.74 < lower 327.04,stop
2022-03-08,1,7,2022-03-08 11:30:00-06:00,332.482,2022-03-08 12:41:00-06:00,329.95799999999997,330.02,-176.68,long: close 332.40 > upper 330.95,stop
2022-03-14,1,8,2022-03-14 09:30:00-05:00,333.22200000000004,2022-03-14 10:30:00-05:00,333.418,331.01,15.68,long: close 333.20 > upper 333.10,exit long: close 333.55 < upper 333.89
2022-03-15,1,5,2022-03-15 11:30:00-05:00,334.832,2022-03-15 12:30:00-05:00,333.618,331.32,-60.7,long: close 334.79 > upper 334.57,exit long: close 333.65 < upper 334.60
2022-03-16,1,7,2022-03-16 09:30:00-05:00,340.562,2022-03-16 10:00:00-05:00,340.14799999999997,337.84000000000003,-28.98,long: close 340.46 > upper 340.40,exit long: close 340.18 < upper 341.03
2022-03-17,1,6,2022-03-17 13:00:00-05:00,344.182,2022-03-17 13:30:00-05:00,343.518,341.03000000000003,-39.84,long: close 344.11 > upper 343.76,exit long: close 343.55 < upper 343.86
2022-03-21,-1,7,2022-03-21 12:00:00-05:00,344.198,2022-03-21 13:30:00-05:00,344.922,346.74,-50.68,short: close 344.32 < lower 344.37,exit short: close 344.88 > lower 344.25
2022-03-23,-1,9,2022-03-23 09:00:00-05:00,345.08799999999997,2022-03-23 09:30:00-05:00,345.952,346.98,-77.76,short: close 345.17 < lower 345.21,exit short: close 345.84 > lower 344.94
2022-03-23,-1,6,2022-03-23 12:30:00-05:00,343.878,2022-03-23 13:00:00-05:00,344.482,346.75,-36.24,short: close 343.96 < lower 344.24,exit short: close 344.40 > lower 344.32
2022-03-24,1,12,2022-03-24 10:30:00-05:00,345.91200000000003,2022-03-24 11:30:00-05:00,345.138,344.38,-92.88,long: close 345.78 > upper 345.48,exit long: close 345.21 < upper 346.21
2022-03-25,1,12,2022-03-25 09:30:00-05:00,348.962,2022-03-25 10:12:00-05:00,347.408,347.47,-186.48,long: close 348.91 > upper 348.89,stop
2022-03-28,-1,14,2022-03-28 10:30:00-05:00,346.733,2022-03-28 12:00:00-05:00,346.612,348.01,16.94,short: close 346.75 < lower 346.85,exit short: close 346.55 > lower 346.18
2022-04-05,1,15,2022-04-05 09:00:00-05:00,350.29200000000003,2022-04-05 09:08:00-05:00,349.068,349.13,-183.6,long: close 350.18 > upper 349.67,stop
2022-04-07,-1,15,2022-04-07 09:30:00-05:00,342.348,2022-04-07 11:00:00-05:00,343.112,343.54,-114.6,short: close 342.43 < lower 343.12,exit short: close 343.07 > lower 342.90
2022-04-08,1,22,2022-04-08 10:00:00-05:00,348.432,2022-04-08 13:25:00-05:00,347.598,347.66,-183.48,long: close 348.40 > upper 346.60,stop
2022-04-08,1,19,2022-04-08 13:30:00-05:00,347.712,2022-04-08 14:52:00-05:00,347.068,346.8,-122.36,long: close 347.64 > upper 346.74,flatten
2022-04-12,1,15,2022-04-12 09:00:00-05:00,346.132,2022-04-12 09:28:00-05:00,344.883,344.95,-187.35,long: close 345.99 > upper 344.98,stop
2022-04-12,1,12,2022-04-12 10:30:00-05:00,345.832,2022-04-12 11:25:00-05:00,344.318,344.38,-181.68,long: close 345.64 > upper 345.25,stop
2022-04-13,1,17,2022-04-13 10:00:00-05:00,343.112,2022-04-13 14:52:00-05:00,345.638,342.1,429.42,long: close 343.06 > upper 342.96,flatten
2022-04-19,1,20,2022-04-19 09:00:00-05:00,347.202,2022-04-19 14:52:00-05:00,349.678,346.36,495.2,long: close 347.11 > upper 345.05,flatten
2022-04-20,1,9,2022-04-20 10:00:00-05:00,352.47200000000004,2022-04-20 10:30:00-05:00,351.538,350.53000000000003,-84.06,long: close 352.39 > upper 352.05,exit long: close 351.54 < upper 352.14
2022-04-20,1,9,2022-04-20 11:00:00-05:00,352.272,2022-04-20 11:30:00-05:00,351.46799999999996,350.2,-72.36,long: close 352.22 > upper 352.17,exit long: close 351.53 < upper 352.22
2022-04-21,-1,7,2022-04-21 13:30:00-05:00,349.918,2022-04-21 14:52:00-05:00,348.252,352.39,116.62,short: close 350.01 < lower 350.31,flatten
2022-04-22,-1,11,2022-04-22 09:00:00-05:00,344.158,2022-04-22 14:52:00-05:00,338.4672,345.8,625.99,short: close 344.21 < lower 345.42,flatten
2022-04-25,-1,9,2022-04-25 09:00:00-05:00,334.118,2022-04-25 09:34:00-05:00,336.10200000000003,336.04,-178.56,short: close 334.21 < lower 335.45,stop
2022-04-25,-1,8,2022-04-25 10:00:00-05:00,333.788,2022-04-25 11:23:00-05:00,335.952,335.89,-173.12,short: close 333.88 < lower 335.27,stop
2022-04-26,-1,7,2022-04-26 10:00:00-05:00,336.258,2022-04-26 14:52:00-05:00,333.362,338.92,202.72,short: close 336.34 < lower 336.67,flatten
2022-04-27,1,10,2022-04-27 09:00:00-05:00,335.252,2022-04-27 09:11:00-05:00,333.388,333.45,-186.4,long: close 335.16 > upper 334.87,stop
2022-04-27,1,8,2022-04-27 11:30:00-05:00,336.66200000000003,2022-04-27 13:30:00-05:00,335.4373,334.38,-97.98,long: close 336.46 > upper 335.36,exit long: close 335.49 < upper 335.90
2022-04-28,1,6,2022-04-28 12:00:00-05:00,338.092,2022-04-28 14:52:00-05:00,338.71799999999996,335.28000000000003,37.56,long: close 338.00 > upper 336.99,flatten
2022-04-29,-1,9,2022-04-29 09:30:00-05:00,335.288,2022-04-29 14:52:00-05:00,330.35200000000003,337.26,444.24,short: close 335.44 < lower 336.60,flatten
2022-05-02,-1,8,2022-05-02 12:00:00-05:00,327.46799999999996,2022-05-02 14:26:00-05:00,329.79200000000003,329.73,-185.92,short: close 327.53 < lower 327.79,stop
2022-05-05,-1,7,2022-05-05 09:00:00-05:00,335.998,2022-05-05 14:52:00-05:00,329.552,338.44,451.22,short: close 336.05 < lower 336.80,flatten
2022-05-06,-1,7,2022-05-06 09:00:00-05:00,325.268,2022-05-06 09:18:00-05:00,327.71200000000005,327.65000000000003,-171.08,short: close 325.39 < lower 326.63,stop
2022-05-10,-1,5,2022-05-10 11:30:00-05:00,320.058,2022-05-10 12:30:00-05:00,321.612,323.89,-77.7,short: close 320.15 < lower 320.75,exit short: close 321.49 > lower 320.28
2022-05-11,1,16,2022-05-11 09:00:00-05:00,324.572,2022-05-11 09:09:00-05:00,323.418,323.48,-184.64,long: close 324.54 > upper 322.85,stop
2022-05-11,1,13,2022-05-11 09:30:00-05:00,325.022,2022-05-11 10:03:00-05:00,323.628,323.69,-181.22,long: close 324.98 > upper 323.09,stop
2022-05-13,1,7,2022-05-13 09:30:00-05:00,322.482,2022-05-13 11:00:00-05:00,322.128,319.86,-24.78,long: close 322.38 > upper 321.51,exit long: close 322.18 < upper 322.35
2022-05-13,1,6,2022-05-13 11:30:00-05:00,322.342,2022-05-13 12:00:00-05:00,321.7804,319.22,-33.7,long: close 322.24 > upper 322.02,exit long: close 321.83 < upper 322.47
2022-05-16,-1,14,2022-05-16 09:00:00-05:00,320.298,2022-05-16 09:12:00-05:00,321.632,321.57,-186.76,short: close 320.48 < lower 320.69,stop
2022-05-16,1,6,2022-05-16 13:30:00-05:00,325.312,2022-05-16 14:00:00-05:00,324.698,322.21,-36.84,long: close 325.20 > upper 325.07,exit long: close 324.76 < upper 325.26
2022-05-18,-1,7,2022-05-18 09:00:00-05:00,322.418,2022-05-18 14:52:00-05:00,314.97200000000004,324.90000000000003,521.22,short: close 322.50 < lower 323.15,flatten
2022-05-20,-1,7,2022-05-20 10:00:00-05:00,310.4584,2022-05-20 14:52:00-05:00,312.272,312.99,-126.95,short: close 310.53 < lower 311.47,flatten
2022-05-23,1,6,2022-05-23 09:30:00-05:00,317.432,2022-05-23 14:30:00-05:00,318.428,314.5,59.76,long: close 317.36 > upper 316.82,exit long: close 318.48 < upper 318.72
2022-05-24,-1,5,2022-05-24 10:00:00-05:00,314.418,2022-05-24 10:30:00-05:00,314.582,317.68,-8.2,short: close 314.42 < lower 314.44,exit short: close 314.55 > lower 313.92
2022-05-26,1,9,2022-05-26 09:00:00-05:00,325.322,2022-05-26 14:52:00-05:00,326.978,323.43,149.04,long: close 325.21 > upper 324.04,flatten
2022-05-27,1,13,2022-05-27 09:00:00-05:00,328.942,2022-05-27 09:30:00-05:00,328.788,327.54,-20.02,long: close 328.84 > upper 328.15,exit long: close 328.83 < upper 328.95
2022-05-27,1,6,2022-05-27 11:00:00-05:00,329.952,2022-05-27 13:01:00-05:00,329.538,327.02,-24.84,long: close 329.86 > upper 329.67,exit long: close 329.64 < upper 329.86
2022-05-31,-1,8,2022-05-31 09:00:00-05:00,328.668,2022-05-31 09:30:00-05:00,329.47200000000004,330.81,-64.32,short: close 328.75 < lower 329.01,exit short: close 329.41 > lower 328.16
2022-06-01,-1,5,2022-06-01 10:30:00-05:00,327.198,2022-06-01 12:30:00-05:00,327.802,330.68,-30.2,short: close 327.26 < lower 327.87,exit short: close 327.71 > lower 327.68
2022-06-02,-1,14,2022-06-02 09:00:00-05:00,326.638,2022-06-02 09:13:00-05:00,327.942,327.88,-182.56,short: close 326.74 < lower 327.22,stop
2022-06-02,-1,9,2022-06-02 09:30:00-05:00,325.928,2022-06-02 10:00:00-05:00,327.232,328.0,-117.36,short: close 325.93 < lower 326.39,exit short: close 327.26 > lower 326.21
2022-06-10,-1,5,2022-06-10 09:00:00-05:00,316.908,2022-06-10 12:30:00-05:00,316.012,320.45,44.8,short: close 317.02 < lower 317.13,exit short: close 315.95 > lower 315.94
2022-06-14,-1,9,2022-06-14 11:30:00-05:00,303.71799999999996,2022-06-14 12:00:00-05:00,304.132,305.78000000000003,-37.26,short: close 303.66 < lower 304.11,exit short: close 304.06 > lower 303.85
2022-06-14,-1,8,2022-06-14 13:00:00-05:00,303.488,2022-06-14 13:30:00-05:00,303.91200000000003,305.76,-33.92,short: close 303.55 < lower 303.89,exit short: close 303.91 > lower 303.72
2022-06-15,1,8,2022-06-15 09:00:00-05:00,307.85200000000003,2022-06-15 09:30:00-05:00,307.52799999999996,305.62,-25.92,long: close 307.71 > upper 307.63,exit long: close 307.62 < upper 308.11
2022-06-16,-1,4,2022-06-16 10:00:00-05:00,298.878,2022-06-16 10:30:00-05:00,300.612,303.15000000000003,-69.36,short: close 298.97 < lower 300.08,exit short: close 300.49 > lower 299.79
2022-06-16,-1,3,2022-06-16 13:30:00-05:00,298.938,2022-06-16 14:30:00-05:00,300.002,303.96,-31.92,short: close 299.06 < lower 299.33,exit short: close 300.10 > lower 298.99
2022-06-21,1,5,2022-06-21 09:00:00-05:00,304.232,2022-06-21 09:30:00-05:00,304.14799999999997,300.94,-4.2,long: close 304.22 > upper 304.17,exit long: close 304.14 < upper 304.33
2022-06-21,1,5,2022-06-21 10:00:00-05:00,304.862,2022-06-21 10:30:00-05:00,304.188,301.44,-33.7,long: close 304.81 > upper 304.29,exit long: close 304.24 < upper 304.41
2022-06-24,1,7,2022-06-24 09:00:00-05:00,310.702,2022-06-24 14:52:00-05:00,314.368,308.32,256.62,long: close 310.51 > upper 310.33,flatten
2022-06-27,-1,13,2022-06-27 09:00:00-05:00,313.798,2022-06-27 09:30:00-05:00,314.29200000000003,315.13,-64.22,short: close 313.81 < lower 313.90,exit short: close 314.15 > lower 313.64
2022-06-28,1,9,2022-06-28 09:00:00-05:00,317.462,2022-06-28 09:30:00-05:00,315.508,315.38,-175.86,long: close 317.41 > upper 317.27,exit long: close 315.63 < upper 317.47
2022-06-28,-1,8,2022-06-28 11:00:00-05:00,312.21799999999996,2022-06-28 14:52:00-05:00,309.572,314.47,211.68,short: close 312.27 < lower 312.94,flatten
2022-06-30,-1,6,2022-06-30 09:00:00-05:00,304.45799999999997,2022-06-30 10:00:00-05:00,306.6587,307.36,-132.04,short: close 304.56 < lower 305.50,exit short: close 306.64 > lower 305.29
2022-07-01,-1,11,2022-07-01 09:30:00-05:00,305.328,2022-07-01 10:00:00-05:00,305.91200000000003,306.99,-64.24,short: close 305.56 < lower 305.96,exit short: close 305.93 > lower 305.89
2022-07-05,-1,5,2022-07-05 09:00:00-05:00,304.808,2022-07-05 11:30:00-05:00,306.092,308.26,-64.2,short: close 304.99 < lower 305.31,exit short: close 305.99 > lower 304.91
2022-07-15,1,6,2022-07-15 09:30:00-05:00,312.372,2022-07-15 11:00:00-05:00,311.77799999999996,309.18,-35.64,long: close 312.25 > upper 311.79,exit long: close 311.87 < upper 312.32
2022-07-15,1,5,2022-07-15 12:30:00-05:00,312.47200000000004,2022-07-15 13:00:00-05:00,311.888,308.66,-29.2,long: close 312.45 > upper 312.41,exit long: close 311.93 < upper 312.58
2022-07-19,1,9,2022-07-19 09:30:00-05:00,315.122,2022-07-19 14:52:00-05:00,317.938,313.06,253.44,long: close 315.04 > upper 313.92,flatten
2022-07-20,-1,16,2022-07-20 09:00:00-05:00,316.888,2022-07-20 09:30:00-05:00,317.822,317.96,-149.44,short: close 316.92 < lower 317.13,exit short: close 317.75 > lower 317.18
2022-07-21,-1,11,2022-07-21 09:30:00-05:00,315.508,2022-07-21 10:00:00-05:00,317.04200000000003,317.09000000000003,-168.74,short: close 315.57 < lower 316.62,exit short: close 317.03 > lower 316.44
2022-07-22,-1,9,2022-07-22 12:30:00-05:00,318.548,2022-07-22 14:30:00-05:00,318.91200000000003,320.61,-32.76,short: close 318.69 < lower 319.05,exit short: close 318.83 > lower 318.25
2022-07-28,-1,17,2022-07-28 09:00:00-05:00,320.678,2022-07-28 09:48:00-05:00,321.762,321.7,-184.28,short: close 320.68 < lower 321.21,stop
2022-07-28,1,12,2022-07-28 10:30:00-05:00,324.082,2022-07-28 14:52:00-05:00,325.538,322.65000000000003,174.72,long: close 324.04 > upper 323.66,flatten
2022-07-29,1,15,2022-07-29 09:30:00-05:00,327.022,2022-07-29 10:00:00-05:00,326.20799999999997,325.88,-122.1,long: close 326.92 > upper 326.50,exit long: close 326.30 < upper 326.43
2022-07-29,1,11,2022-07-29 12:00:00-05:00,327.41200000000003,2022-07-29 12:30:00-05:00,326.858,325.78000000000003,-60.94,long: close 327.38 > upper 327.00,exit long: close 326.90 < upper 327.24
2022-08-02,-1,13,2022-08-02 09:00:00-05:00,325.008,2022-08-02 09:43:00-05:00,326.392,326.33,-179.92,short: close 325.10 < lower 326.17,stop
2022-08-03,1,9,2022-08-03 10:30:00-05:00,327.072,2022-08-03 14:52:00-05:00,328.738,325.13,149.94,long: close 327.13 > upper 326.85,flatten
2022-08-08,1,10,2022-08-08 09:00:00-05:00,330.85200000000003,2022-08-08 09:30:00-05:00,330.478,329.12,-37.4,long: close 330.80 > upper 330.62,exit long: close 330.54 < upper 330.89
2022-08-12,1,14,2022-08-12 10:30:00-05:00,335.612,2022-08-12 14:52:00-05:00,337.4194,334.37,253.04,long: close 335.66 > upper 335.52,flatten
2022-08-15,1,10,2022-08-15 11:00:00-05:00,338.982,2022-08-15 14:00:00-05:00,339.498,337.24,51.6,long: close 338.91 > upper 338.70,exit long: close 339.54 < upper 339.65
2022-08-16,1,15,2022-08-16 10:30:00-05:00,341.172,2022-08-16 14:52:00-05:00,341.878,340.03000000000003,105.9,long: close 341.12 > upper 340.25,flatten
2022-08-19,-1,9,2022-08-19 09:00:00-05:00,337.328,2022-08-19 09:30:00-05:00,337.632,339.3,-27.36,short: close 337.41 < lower 337.53,exit short: close 337.69 > lower 337.64
2022-08-19,-1,9,2022-08-19 10:00:00-05:00,337.388,2022-08-19 11:30:00-05:00,337.552,339.32,-14.76,short: close 337.45 < lower 337.56,exit short: close 337.50 > lower 337.08
2022-08-22,-1,7,2022-08-22 09:30:00-05:00,332.068,2022-08-22 10:30:00-05:00,332.492,334.72,-29.68,short: close 332.20 < lower 332.41,exit short: close 332.45 > lower 332.33
2022-08-22,-1,5,2022-08-22 12:30:00-05:00,331.3896,2022-08-22 14:52:00-05:00,330.992,334.68,19.88,short: close 331.54 < lower 331.78,flatten
2022-08-23,-1,18,2022-08-23 10:00:00-05:00,329.488,2022-08-23 11:00:00-05:00,329.462,330.42,4.68,short: close 329.54 < lower 329.63,exit short: close 329.40 > lower 329.34
2022-08-23,-1,13,2022-08-23 11:30:00-05:00,328.608,2022-08-23 12:00:00-05:00,329.60200000000003,330.01,-129.22,short: close 328.68 < lower 329.15,exit short: close 329.57 > lower 328.99
2022-08-24,1,20,2022-08-24 10:30:00-05:00,330.592,2022-08-24 11:44:00-05:00,329.678,329.74,-182.8,long: close 330.49 > upper 329.88,stop
2022-08-25,1,22,2022-08-25 09:30:00-05:00,331.12690000000003,2022-08-25 10:15:00-05:00,330.308,330.37,-180.16,long: close 331.05 > upper 330.74,stop
2022-08-26,-1,22,2022-08-26 09:30:00-05:00,329.83799999999997,2022-08-26 14:52:00-05:00,323.442,330.61,1407.12,short: close 330.00 < lower 332.53,flatten
2022-08-30,-1,14,2022-08-30 09:30:00-05:00,319.448,2022-08-30 14:52:00-05:00,317.812,320.74,229.04,short: close 319.53 < lower 320.30,flatten
2022-09-02,-1,5,2022-09-02 12:30:00-05:00,314.828,2022-09-02 13:30:00-05:00,314.962,318.04,-6.7,short: close 314.96 < lower 315.22,exit short: close 315.04 > lower 314.81
2022-09-06,-1,19,2022-09-06 09:00:00-05:00,313.078,2022-09-06 09:51:00-05:00,314.052,313.99,-185.06,short: close 313.16 < lower 313.24,stop
2022-09-06,-1,8,2022-09-06 12:30:00-05:00,311.308,2022-09-06 13:00:00-05:00,312.062,313.65000000000003,-60.32,short: close 311.49 < lower 311.81,exit short: close 312.08 > lower 311.54
2022-09-07,1,14,2022-09-07 09:30:00-05:00,313.422,2022-09-07 14:52:00-05:00,316.478,312.19,427.84,long: close 313.26 > upper 313.16,flatten
2022-09-08,1,9,2022-09-08 10:00:00-05:00,317.85200000000003,2022-09-08 11:00:00-05:00,317.448,315.78000000000003,-36.36,long: close 317.74 > upper 317.60,exit long: close 317.42 < upper 317.71
2022-09-09,1,9,2022-09-09 09:30:00-05:00,321.582,2022-09-09 10:30:00-05:00,321.538,319.52,-3.96,long: close 321.47 > upper 321.23,exit long: close 321.64 < upper 321.67
2022-09-09,1,7,2022-09-09 11:00:00-05:00,321.742,2022-09-09 11:30:00-05:00,320.95799999999997,319.29,-54.88,long: close 321.73 > upper 321.62,exit long: close 321.02 < upper 321.71
2022-09-12,1,16,2022-09-12 09:00:00-05:00,325.16200000000003,2022-09-12 10:54:00-05:00,323.978,324.04,-189.44,long: close 325.11 > upper 323.89,stop
2022-09-13,-1,5,2022-09-13 09:00:00-05:00,317.803,2022-09-13 12:30:00-05:00,316.462,321.40000000000003,67.05,short: close 317.91 < lower 318.09,exit short: close 316.42 > lower 316.40
2022-09-13,-1,3,2022-09-13 13:00:00-05:00,315.538,2022-09-13 14:52:00-05:00,311.91200000000003,321.08,108.78,short: close 315.62 < lower 316.16,flatten
2022-09-15,1,17,2022-09-15 09:00:00-05:00,313.1021,2022-09-15 09:28:00-05:00,312.018,312.08,-184.3,long: close 312.98 > upper 312.80,stop
2022-09-20,-1,8,2022-09-20 09:00:00-05:00,306.27799999999996,2022-09-20 09:30:00-05:00,306.322,308.5,-3.52,short: close 306.40 < lower 306.68,exit short: close 306.39 > lower 306.21
2022-09-20,-1,5,2022-09-20 13:00:00-05:00,304.688,2022-09-20 13:30:00-05:00,305.4945,308.24,-40.33,short: close 304.72 < lower 305.36,exit short: close 305.68 > lower 305.19
2022-09-22,-1,16,2022-09-22 09:00:00-05:00,300.318,2022-09-22 09:14:00-05:00,301.442,301.38,-179.84,short: close 300.37 < lower 300.62,stop
2022-09-23,-1,8,2022-09-23 09:00:00-05:00,296.568,2022-09-23 09:30:00-05:00,296.79200000000003,298.92,-17.92,short: close 296.61 < lower 296.84,exit short: close 296.91 > lower 296.53
2022-09-23,-1,7,2022-09-23 10:00:00-05:00,295.878,2022-09-23 14:52:00-05:00,295.512,298.48,25.62,short: close 295.95 < lower 296.60,flatten
2022-09-26,-1,9,2022-09-26 11:30:00-05:00,292.96799999999996,2022-09-26 12:00:00-05:00,293.712,294.89,-66.96,short: close 293.06 < lower 293.34,exit short: close 293.68 > lower 293.14
2022-09-26,-1,7,2022-09-26 12:30:00-05:00,291.888,2022-09-26 14:00:00-05:00,293.362,294.33,-103.18,short: close 291.96 < lower 292.83,exit short: close 293.46 > lower 292.41
2022-09-27,-1,8,2022-09-27 11:30:00-05:00,290.618,2022-09-27 13:30:00-05:00,290.632,292.88,-1.12,short: close 290.70 < lower 291.49,exit short: close 290.55 > lower 290.46
2022-09-28,1,10,2022-09-28 10:00:00-05:00,293.932,2022-09-28 14:52:00-05:00,297.518,292.12,358.6,long: close 294.08 > upper 293.65,flatten
2022-09-29,-1,10,2022-09-29 09:00:00-05:00,291.95799999999997,2022-09-29 14:52:00-05:00,292.422,293.78000000000003,-46.4,short: close 291.99 < lower 293.93,flatten
2022-10-03,1,6,2022-10-03 09:30:00-05:00,293.272,2022-10-03 14:52:00-05:00,294.828,290.36,93.36,long: close 293.20 > upper 291.81,flatten
2022-10-04,1,6,2022-10-04 09:00:00-05:00,301.91200000000003,2022-10-04 14:52:00-05:00,302.738,299.08,49.56,long: close 301.72 > upper 299.55,flatten
2022-10-07,-1,8,2022-10-07 09:00:00-05:00,294.438,2022-10-07 14:52:00-05:00,293.35200000000003,296.81,86.88,short: close 294.58 < lower 295.62,flatten
2022-10-10,-1,7,2022-10-10 12:00:00-05:00,290.448,2022-10-10 12:30:00-05:00,291.03200000000004,293.08,-40.88,short: close 290.56 < lower 291.00,exit short: close 291.07 > lower 290.62
2022-10-11,1,9,2022-10-11 11:00:00-05:00,294.712,2022-10-11 13:55:00-05:00,292.658,292.72,-184.86,long: close 294.64 > upper 293.59,stop
2022-10-12,1,16,2022-10-12 09:00:00-05:00,293.772,2022-10-12 10:00:00-05:00,293.368,292.65000000000003,-64.64,long: close 293.68 > upper 293.54,exit long: close 293.47 < upper 294.05
2022-10-13,1,4,2022-10-13 10:30:00-05:00,296.022,2022-10-13 14:52:00-05:00,300.92789999999997,291.66,196.24,long: close 295.83 > upper 294.00,flatten
2022-10-14,-1,5,2022-10-14 11:00:00-05:00,297.738,2022-10-14 11:30:00-05:00,297.81780000000003,301.26,-3.99,short: close 297.89 < lower 298.03,exit short: close 297.75 > lower 297.55
2022-10-14,-1,4,2022-10-14 13:30:00-05:00,296.558,2022-10-14 14:00:00-05:00,296.97200000000004,301.37,-16.56,short: close 296.70 < lower 296.74,exit short: close 296.74 > lower 296.73
2022-10-20,1,9,2022-10-20 09:30:00-05:00,308.092,2022-10-20 10:30:00-05:00,306.428,306.19,-149.76,long: close 307.99 > upper 306.50,exit long: close 306.50 < upper 307.44
2022-10-21,1,14,2022-10-21 09:00:00-05:00,306.97200000000004,2022-10-21 09:26:00-05:00,305.678,305.76,-181.16,long: close 306.81 > upper 304.40,stop
2022-10-21,1,9,2022-10-21 09:30:00-05:00,305.60200000000003,2022-10-21 10:00:00-05:00,304.928,303.62,-60.66,long: close 305.48 > upper 305.18,exit long: close 304.97 < upper 305.31
2022-10-24,1,8,2022-10-24 09:00:00-05:00,314.982,2022-10-24 09:04:00-05:00,312.728,312.79,-180.32,long: close 314.88 > upper 313.90,stop
2022-10-25,1,10,2022-10-25 09:00:00-05:00,317.002,2022-10-25 10:00:00-05:00,316.688,315.29,-31.4,long: close 316.90 > upper 316.46,exit long: close 316.74 < upper 316.94
2022-10-26,1,6,2022-10-26 10:30:00-05:00,321.362,2022-10-26 11:00:00-05:00,321.238,318.48,-7.44,long: close 321.37 > upper 321.11,exit long: close 321.30 < upper 321.75
2022-10-28,1,9,2022-10-28 09:00:00-05:00,324.382,2022-10-28 14:52:00-05:00,328.518,322.46,372.24,long: close 324.25 > upper 323.01,flatten
2022-11-02,1,4,2022-11-02 13:30:00-05:00,330.182,2022-11-02 13:38:00-05:00,326.078,326.14,-164.16,long: close 330.12 > upper 329.98,stop
2022-11-03,-1,8,2022-11-03 09:00:00-05:00,317.46799999999996,2022-11-03 09:23:00-05:00,319.832,319.77,-189.12,short: close 317.49 < lower 318.08,stop
2022-11-07,1,6,2022-11-07 13:30:00-06:00,328.342,2022-11-07 14:52:00-06:00,328.20459999999997,325.16,-8.24,long: close 328.25 > upper 327.85,flatten
2022-11-08,1,8,2022-11-08 09:30:00-06:00,331.41200000000003,2022-11-08 12:30:00-06:00,331.078,329.09000000000003,-26.72,long: close 331.34 > upper 331.26,exit long: close 331.19 < upper 331.75
2022-11-09,-1,5,2022-11-09 13:00:00-06:00,326.798,2022-11-09 13:30:00-06:00,326.882,330.25,-4.2,short: close 326.86 < lower 327.27,exit short: close 326.89 > lower 326.88
2022-11-11,-1,8,2022-11-11 10:30:00-06:00,334.228,2022-11-11 11:30:00-06:00,335.512,336.53000000000003,-102.72,short: close 334.33 < lower 335.41,exit short: close 335.44 > lower 335.04
2022-11-23,1,19,2022-11-23 09:00:00-06:00,342.062,2022-11-23 10:00:00-06:00,341.70799999999997,341.17,-67.26,long: close 341.98 > upper 341.71,exit long: close 341.65 < upper 342.11
2022-11-25,1,22,2022-11-25 09:00:00-06:00,343.28200000000004,2022-11-25 11:00:00-06:00,343.578,342.53000000000003,65.12,long: close 343.21 > upper 342.82,exit long: close 343.65 < upper 343.72
2022-11-28,-1,7,2022-11-28 12:00:00-06:00,339.7879,2022-11-28 14:52:00-06:00,338.262,342.38,106.81,short: close 339.87 < lower 340.02,flatten
2022-11-30,-1,18,2022-11-30 09:30:00-06:00,336.598,2022-11-30 10:26:00-06:00,337.622,337.56,-184.32,short: close 336.62 < lower 337.59,stop
2022-11-30,-1,13,2022-11-30 11:30:00-06:00,336.418,2022-11-30 12:30:00-06:00,337.382,337.78000000000003,-125.32,short: close 336.50 < lower 337.19,exit short: close 337.39 > lower 336.95
2022-12-01,-1,18,2022-12-01 09:00:00-06:00,345.358,2022-12-01 14:00:00-06:00,344.812,346.34000000000003,98.28,short: close 345.42 < lower 345.46,exit short: close 344.80 > lower 344.43
2022-12-06,-1,14,2022-12-06 09:30:00-06:00,338.138,2022-12-06 14:52:00-06:00,336.60200000000003,339.42,215.04,short: close 338.19 < lower 338.60,flatten
2022-12-07,1,12,2022-12-07 09:30:00-06:00,338.03200000000004,2022-12-07 10:21:00-06:00,336.548,336.61,-178.08,long: close 337.95 > upper 337.72,stop
2022-12-08,1,14,2022-12-08 09:00:00-06:00,339.202,2022-12-08 10:30:00-06:00,338.638,337.92,-78.96,long: close 339.09 > upper 338.35,exit long: close 338.66 < upper 339.02
2022-12-12,1,18,2022-12-12 09:00:00-06:00,336.932,2022-12-12 09:30:00-06:00,337.048,335.97,20.88,long: close 336.84 > upper 336.73,exit long: close 337.15 < upper 337.42
2022-12-12,1,11,2022-12-12 10:00:00-06:00,337.547,2022-12-12 14:52:00-06:00,339.888,335.87,257.51,long: close 337.47 > upper 337.44,flatten
2022-12-14,1,22,2022-12-14 09:00:00-06:00,343.492,2022-12-14 09:30:00-06:00,343.168,342.72,-71.28,long: close 343.23 > upper 342.57,exit long: close 343.27 < upper 343.41
2022-12-14,1,11,2022-12-14 10:00:00-06:00,343.762,2022-12-14 12:00:00-06:00,343.368,342.09000000000003,-43.34,long: close 343.69 > upper 343.47,exit long: close 343.52 < upper 343.78
2022-12-15,-1,7,2022-12-15 09:00:00-06:00,334.02799999999996,2022-12-15 14:52:00-06:00,332.562,336.6,102.62,short: close 334.13 < lower 335.83,flatten
2022-12-16,-1,5,2022-12-16 11:00:00-06:00,327.33799999999997,2022-12-16 11:30:00-06:00,327.462,331.16,-6.2,short: close 327.21 < lower 327.23,exit short: close 327.43 > lower 327.16
2022-12-16,-1,4,2022-12-16 12:00:00-06:00,326.46799999999996,2022-12-16 13:00:00-06:00,327.202,330.47,-29.36,short: close 326.53 < lower 327.05,exit short: close 327.16 > lower 326.90
2022-12-19,-1,7,2022-12-19 13:30:00-06:00,326.058,2022-12-19 14:30:00-06:00,326.512,328.5,-31.78,short: close 326.16 < lower 326.48,exit short: close 326.46 > lower 326.33
2022-12-21,1,5,2022-12-21 10:00:00-06:00,333.832,2022-12-21 11:00:00-06:00,333.368,330.51,-23.2,long: close 333.75 > upper 333.28,exit long: close 333.40 < upper 333.70
2022-12-22,-1,10,2022-12-22 09:00:00-06:00,330.45799999999997,2022-12-22 14:30:00-06:00,330.002,332.32,45.6,short: close 330.53 < lower 330.71,exit short: close 329.90 > lower 329.19
2022-12-23,-1,15,2022-12-23 09:00:00-06:00,328.418,2022-12-23 09:00:00-06:00,329.632,329.57,-182.1,short: close 328.47 < lower 328.80,stop
2022-12-28,-1,8,2022-12-28 11:00:00-06:00,329.918,2022-12-28 12:00:00-06:00,330.522,332.05,-48.32,short: close 330.06 < lower 330.39,exit short: close 330.52 > lower 330.06
2022-12-28,-1,8,2022-12-28 13:30:00-06:00,330.048,2022-12-28 14:52:00-06:00,328.97200000000004,332.35,86.08,short: close 330.10 < lower 330.22,flatten
2022-12-29,1,6,2022-12-29 11:00:00-06:00,332.672,2022-12-29 11:30:00-06:00,332.503,329.62,-10.14,long: close 332.63 > upper 332.63,exit long: close 332.53 < upper 332.79
2023-01-03,-1,12,2023-01-03 09:00:00-06:00,330.168,2023-01-03 09:30:00-06:00,330.672,331.61,-60.48,short: close 330.23 < lower 330.45,exit short: close 330.59 > lower 329.82
2023-01-05,-1,10,2023-01-05 09:00:00-06:00,329.118,2023-01-05 09:30:00-06:00,329.732,330.82,-61.4,short: close 329.27 < lower 330.06,exit short: close 329.66 > lower 329.61
2023-01-05,-1,9,2023-01-05 10:00:00-06:00,328.678,2023-01-05 12:30:00-06:00,329.992,330.76,-118.26,short: close 328.82 < lower 329.69,exit short: close 329.84 > lower 328.79
2023-01-06,1,6,2023-01-06 10:00:00-06:00,334.592,2023-01-06 14:52:00-06:00,336.198,331.82,96.36,long: close 334.43 > upper 333.49,flatten
2023-01-12,1,8,2023-01-12 11:30:00-06:00,342.842,2023-01-12 12:30:00-06:00,341.298,340.58,-123.52,long: close 342.82 > upper 342.50,exit long: close 341.33 < upper 342.44
2023-01-12,1,8,2023-01-12 13:00:00-06:00,342.872,2023-01-12 13:30:00-06:00,342.113,340.6,-60.72,long: close 342.77 > upper 342.51,exit long: close 342.17 < upper 342.72
2023-01-17,-1,13,2023-01-17 09:00:00-06:00,341.02799999999996,2023-01-17 14:52:00-06:00,338.942,342.37,271.18,short: close 341.08 < lower 341.36,flatten
2023-01-18,-1,11,2023-01-18 10:00:00-06:00,337.438,2023-01-18 14:52:00-06:00,333.152,339.0,471.46,short: close 337.50 < lower 337.82,flatten
2023-01-23,1,13,2023-01-23 09:30:00-06:00,335.632,2023-01-23 11:30:00-06:00,336.318,334.25,89.18,long: close 335.56 > upper 335.55,exit long: close 336.36 < upper 336.42
2023-01-23,1,8,2023-01-23 12:00:00-06:00,336.672,2023-01-23 13:30:00-06:00,336.158,334.51,-41.12,long: close 336.65 > upper 336.33,exit long: close 336.24 < upper 336.79
2023-02-01,-1,9,2023-02-01 10:00:00-06:00,337.128,2023-02-01 10:30:00-06:00,338.372,339.21,-111.96,short: close 337.23 < lower 337.90,exit short: close 338.29 > lower 337.77
2023-02-01,-1,8,2023-02-01 11:00:00-06:00,337.58799999999997,2023-02-01 13:00:00-06:00,337.79200000000003,339.75,-16.32,short: close 337.63 < lower 337.83,exit short: close 337.64 > lower 337.39
2023-02-02,-1,17,2023-02-02 09:00:00-06:00,338.888,2023-02-02 09:32:00-06:00,340.002,339.94,-189.38,short: close 338.85 < lower 340.11,stop
2023-02-02,-1,11,2023-02-02 11:00:00-06:00,339.308,2023-02-02 12:00:00-06:00,339.842,340.92,-58.74,short: close 339.35 < lower 339.55,exit short: close 339.76 > lower 339.31
2023-02-23,1,13,2023-02-23 09:00:00-06:00,332.632,2023-02-23 09:30:00-06:00,331.868,331.31,-99.32,long: close 332.53 > upper 332.50,exit long: close 331.86 < upper 332.76
2023-02-23,-1,9,2023-02-23 11:00:00-06:00,328.27799999999996,2023-02-23 13:00:00-06:00,329.47200000000004,330.2,-107.46,short: close 328.32 < lower 329.26,exit short: close 329.41 > lower 329.29
2023-02-24,-1,7,2023-02-24 09:00:00-06:00,326.928,2023-02-24 10:30:00-06:00,327.97200000000004,329.36,-73.08,short: close 327.02 < lower 327.32,exit short: close 327.85 > lower 326.54
2023-02-27,1,9,2023-02-27 09:30:00-06:00,331.582,2023-02-27 10:00:00-06:00,329.948,329.55,-147.06,long: close 331.51 > upper 331.47,exit long: close 330.00 < upper 331.53
2023-02-28,-1,24,2023-02-28 09:00:00-06:00,327.568,2023-02-28 10:17:00-06:00,328.332,328.27,-183.36,short: close 327.63 < lower 328.22,stop
2023-02-28,-1,12,2023-02-28 11:00:00-06:00,327.27799999999996,2023-02-28 11:30:00-06:00,327.922,328.75,-77.28,short: close 327.31 < lower 327.45,exit short: close 327.87 > lower 327.49
2023-03-02,1,11,2023-03-02 13:00:00-06:00,329.562,2023-03-02 14:52:00-06:00,330.308,327.90000000000003,82.06,long: close 329.44 > upper 328.96,flatten
2023-03-03,1,10,2023-03-03 12:00:00-06:00,333.272,2023-03-03 14:52:00-06:00,333.828,331.49,55.6,long: close 333.17 > upper 332.76,flatten
2023-03-07,-1,24,2023-03-07 09:30:00-06:00,333.018,2023-03-07 09:33:00-06:00,333.772,333.71,-180.96,short: close 333.10 < lower 333.98,stop
2023-03-07,-1,20,2023-03-07 10:00:00-06:00,331.678,2023-03-07 14:52:00-06:00,328.962,332.52,543.2,short: close 331.80 < lower 333.84,flatten
2023-03-08,-1,19,2023-03-08 10:00:00-06:00,327.96799999999996,2023-03-08 10:30:00-06:00,328.202,328.88,-44.46,short: close 327.98 < lower 328.01,exit short: close 328.08 > lower 327.94
2023-03-08,-1,13,2023-03-08 11:30:00-06:00,327.39799999999997,2023-03-08 13:30:00-06:00,327.682,328.76,-36.92,short: close 327.48 < lower 327.56,exit short: close 327.58 > lower 327.27
2023-03-09,-1,9,2023-03-09 12:30:00-06:00,326.70799999999997,2023-03-09 14:52:00-06:00,323.842,328.74,257.94,short: close 326.79 < lower 327.09,flatten
2023-03-10,1,14,2023-03-10 10:30:00-06:00,324.422,2023-03-10 10:46:00-06:00,323.108,323.17,-183.96,long: close 324.39 > upper 324.03,stop
2023-03-10,-1,11,2023-03-10 12:00:00-06:00,320.988,2023-03-10 14:00:00-06:00,320.97200000000004,322.64,1.76,short: close 321.05 < lower 321.14,exit short: close 320.89 > lower 320.45
2023-03-13,1,10,2023-03-13 09:00:00-05:00,320.632,2023-03-13 09:29:00-05:00,318.608,318.77,-202.4,long: close 320.63 > upper 320.15,stop
2023-03-13,1,7,2023-03-13 10:00:00-05:00,321.932,2023-03-13 12:00:00-05:00,319.878,319.5,-143.78,long: close 321.70 > upper 320.72,exit long: close 319.96 < upper 321.17
2023-03-16,1,8,2023-03-16 10:30:00-05:00,320.992,2023-03-16 14:52:00-05:00,322.948,318.74,156.48,long: close 320.91 > upper 320.87,flatten
2023-03-17,-1,10,2023-03-17 09:00:00-05:00,320.118,2023-03-17 12:30:00-05:00,319.10200000000003,321.95,101.6,short: close 320.07 < lower 320.19,exit short: close 319.10 > lower 318.76
2023-03-17,-1,5,2023-03-17 13:30:00-05:00,317.378,2023-03-17 14:30:00-05:00,318.742,321.09000000000003,-68.2,short: close 317.45 < lower 318.31,exit short: close 318.74 > lower 318.06
2023-03-20,1,18,2023-03-20 09:00:00-05:00,321.97200000000004,2023-03-20 09:19:00-05:00,320.938,321.0,-186.12,long: close 321.89 > upper 319.89,stop
2023-03-20,1,14,2023-03-20 09:30:00-05:00,321.862,2023-03-20 11:12:00-05:00,320.588,320.65000000000003,-178.36,long: close 321.80 > upper 320.12,stop
2023-03-23,1,14,2023-03-23 09:00:00-05:00,322.442,2023-03-23 12:00:00-05:00,323.078,321.18,89.04,long: close 322.31 > upper 322.02,exit long: close 323.14 < upper 323.40
2023-03-31,1,9,2023-03-31 11:30:00-05:00,331.562,2023-03-31 12:00:00-05:00,331.108,329.5,-40.86,long: close 331.50 > upper 331.11,exit long: close 331.17 < upper 331.31
2023-04-03,1,17,2023-04-03 09:00:00-05:00,335.60200000000003,2023-04-03 09:58:00-05:00,334.518,334.58,-184.28,long: close 335.47 > upper 334.11,stop
2023-04-03,1,10,2023-04-03 11:30:00-05:00,335.022,2023-04-03 12:00:00-05:00,334.78999999999996,333.19,-23.2,long: close 334.99 > upper 334.93,exit long: close 334.87 < upper 335.20
2023-04-04,-1,14,2023-04-04 10:00:00-05:00,334.33799999999997,2023-04-04 14:52:00-05:00,333.902,335.64,61.04,short: close 334.46 < lower 334.58,flatten
2023-04-05,1,25,2023-04-05 09:00:00-05:00,335.332,2023-04-05 09:04:00-05:00,334.598,334.66,-183.5,long: close 335.26 > upper 334.65,stop
2023-04-06,-1,18,2023-04-06 09:00:00-05:00,333.503,2023-04-06 09:30:00-05:00,334.072,334.48,-102.42,short: close 333.55 < lower 333.62,exit short: close 334.04 > lower 333.30
2023-04-11,1,14,2023-04-11 11:30:00-05:00,337.592,2023-04-11 12:00:00-05:00,337.388,336.31,-28.56,long: close 337.51 > upper 337.45,exit long: close 337.43 < upper 337.56
2023-04-11,1,14,2023-04-11 12:30:00-05:00,337.552,2023-04-11 14:52:00-05:00,336.70799999999997,336.28000000000003,-118.16,long: close 337.48 > upper 337.44,flatten
2023-05-10,-1,8,2023-05-10 11:30:00-05:00,334.21799999999996,2023-05-10 14:00:00-05:00,334.512,336.39,-23.52,short: close 334.29 < lower 334.41,exit short: close 334.48 > lower 334.04
2023-05-11,-1,10,2023-05-11 09:00:00-05:00,331.658,2023-05-11 10:00:00-05:00,332.862,333.37,-120.4,short: close 331.71 < lower 332.89,exit short: close 332.75 > lower 332.26
2023-05-15,-1,16,2023-05-15 09:00:00-05:00,332.14799999999997,2023-05-15 09:30:00-05:00,332.522,333.26,-59.84,short: close 332.20 < lower 332.26,exit short: close 332.48 > lower 331.74
2023-05-17,1,7,2023-05-17 12:00:00-05:00,334.41200000000003,2023-05-17 14:52:00-05:00,334.498,331.79,6.02,long: close 334.30 > upper 333.88,flatten
2023-05-19,-1,12,2023-05-19 10:30:00-05:00,334.238,2023-05-19 12:00:00-05:00,334.53200000000004,335.71,-35.28,short: close 334.33 < lower 334.52,exit short: close 334.45 > lower 334.40
2023-05-19,-1,10,2023-05-19 13:00:00-05:00,333.70799999999997,2023-05-19 14:00:00-05:00,334.522,335.43,-81.4,short: close 333.80 < lower 334.27,exit short: close 334.50 > lower 334.49
2023-10-30,1,8,2023-10-30 11:00:00-05:00,327.772,2023-10-30 11:30:00-05:00,327.438,325.56,-26.72,long: close 327.71 > upper 327.51,exit long: close 327.53 < upper 327.63
2023-10-30,1,7,2023-10-30 12:30:00-05:00,329.16200000000003,2023-10-30 14:52:00-05:00,329.618,326.58,31.92,long: close 329.09 > upper 327.88,flatten
2023-10-31,-1,22,2023-10-31 09:00:00-05:00,328.27799999999996,2023-10-31 09:11:00-05:00,329.112,329.05,-183.48,short: close 328.38 < lower 328.47,stop
2023-11-01,1,15,2023-11-01 09:30:00-05:00,332.022,2023-11-01 10:30:00-05:00,331.788,330.82,-35.1,long: close 331.93 > upper 331.90,exit long: close 331.86 < upper 331.89
2023-11-02,1,9,2023-11-02 09:30:00-05:00,336.082,2023-11-02 14:52:00-05:00,338.268,334.11,196.74,long: close 336.00 > upper 335.72,flatten
2023-11-08,-1,15,2023-11-08 11:30:00-06:00,340.298,2023-11-08 12:00:00-06:00,340.552,341.45,-38.1,short: close 340.42 < lower 340.68,exit short: close 340.45 > lower 340.38
2023-11-09,-1,14,2023-11-09 09:30:00-06:00,340.248,2023-11-09 10:00:00-06:00,340.822,341.5,-80.36,short: close 340.29 < lower 340.31,exit short: close 340.76 > lower 340.26
2023-11-09,-1,9,2023-11-09 13:30:00-06:00,339.39799999999997,2023-11-09 14:52:00-06:00,339.132,341.32,23.94,short: close 339.48 < lower 339.64,flatten
2023-11-10,1,7,2023-11-10 13:30:00-06:00,342.512,2023-11-10 14:00:00-06:00,342.178,340.13,-23.38,long: close 342.43 > upper 342.36,exit long: close 342.26 < upper 342.52
2023-11-13,1,15,2023-11-13 11:00:00-06:00,344.272,2023-11-13 12:00:00-06:00,343.678,343.12,-89.1,long: close 344.19 > upper 343.84,exit long: close 343.71 < upper 344.17
2023-11-14,1,7,2023-11-14 09:00:00-06:00,348.252,2023-11-14 11:30:00-06:00,348.08799999999997,345.82,-11.48,long: close 348.19 > upper 347.92,exit long: close 348.12 < upper 348.42
2023-11-17,-1,19,2023-11-17 10:30:00-06:00,348.83799999999997,2023-11-17 11:00:00-06:00,349.212,349.76,-71.06,short: close 348.86 < lower 349.00,exit short: close 349.20 > lower 348.87
2024-02-16,-1,14,2024-02-16 09:00:00-06:00,385.978,2024-02-16 09:30:00-06:00,386.7821,387.21000000000004,-112.57,short: close 386.13 < lower 386.49,exit short: close 386.84 > lower 386.38
2024-04-04,-1,7,2024-04-04 13:30:00-05:00,388.89799999999997,2024-04-04 14:52:00-05:00,386.28200000000004,391.5,183.12,short: close 389.09 < lower 390.05,flatten
2024-04-05,1,21,2024-04-05 09:00:00-05:00,387.10200000000003,2024-04-05 09:30:00-05:00,386.908,386.31,-40.74,long: close 387.13 > upper 386.99,exit long: close 386.96 < upper 387.11
2024-04-05,1,16,2024-04-05 10:00:00-05:00,388.552,2024-04-05 14:52:00-05:00,389.358,387.46000000000004,128.96,long: close 388.54 > upper 387.29,flatten
2024-04-09,-1,18,2024-04-09 09:00:00-05:00,388.358,2024-04-09 14:30:00-05:00,388.652,389.32,-52.92,short: close 388.35 < lower 388.40,exit short: close 388.58 > lower 386.99
2024-04-10,-1,6,2024-04-10 09:00:00-05:00,384.058,2024-04-10 09:30:00-05:00,384.962,386.8,-54.24,short: close 384.08 < lower 384.16,exit short: close 384.90 > lower 384.00
2024-04-11,-1,14,2024-04-11 09:30:00-05:00,382.048,2024-04-11 10:52:00-05:00,383.392,383.33,-188.16,short: close 382.09 < lower 383.71,stop
2024-04-11,-1,11,2024-04-11 11:30:00-05:00,383.20799999999997,2024-04-11 12:00:00-05:00,383.582,384.86,-41.14,short: close 383.25 < lower 383.34,exit short: close 383.51 > lower 383.29
2024-05-08,1,17,2024-05-08 11:00:00-05:00,389.632,2024-05-08 12:00:00-05:00,389.488,388.64,-24.48,long: close 389.56 > upper 389.52,exit long: close 389.57 < upper 389.67
2024-05-08,1,12,2024-05-08 13:00:00-05:00,390.03200000000004,2024-05-08 14:52:00-05:00,390.77799999999996,388.61,89.52,long: close 389.96 > upper 389.95,flatten
2024-05-09,1,21,2024-05-09 09:00:00-05:00,391.41200000000003,2024-05-09 14:52:00-05:00,394.108,390.59000000000003,566.16,long: close 391.36 > upper 391.10,flatten
2024-05-15,1,10,2024-05-15 10:30:00-05:00,398.572,2024-05-15 11:00:00-05:00,398.098,396.8,-47.4,long: close 398.51 > upper 398.20,exit long: close 398.14 < upper 398.17
2024-05-15,1,9,2024-05-15 12:00:00-05:00,398.60200000000003,2024-05-15 13:30:00-05:00,398.433,396.71000000000004,-15.21,long: close 398.55 > upper 398.31,exit long: close 398.50 < upper 398.51
2024-05-16,1,17,2024-05-16 10:00:00-05:00,401.012,2024-05-16 10:30:00-05:00,400.678,400.0,-56.78,long: close 400.91 > upper 400.55,exit long: close 400.71 < upper 400.72
2024-06-03,-1,28,2024-06-03 09:00:00-05:00,386.508,2024-06-03 09:00:00-05:00,387.16200000000003,387.1,-183.12,short: close 386.48 < lower 387.07,stop
2024-06-03,-1,23,2024-06-03 09:30:00-05:00,386.598,2024-06-03 14:52:00-05:00,385.562,387.32,238.28,short: close 386.67 < lower 386.94,flatten
2024-06-04,1,14,2024-06-04 09:30:00-05:00,387.212,2024-06-04 09:58:00-05:00,385.928,385.99,-179.76,long: close 387.16 > upper 386.85,stop
2024-06-04,1,8,2024-06-04 13:30:00-05:00,388.362,2024-06-04 14:00:00-05:00,387.698,386.26,-53.12,long: close 388.29 > upper 387.73,exit long: close 387.78 < upper 387.82
2024-06-05,-1,14,2024-06-05 09:30:00-05:00,386.548,2024-06-05 10:00:00-05:00,387.022,387.8,-66.36,short: close 386.44 < lower 386.81,exit short: close 386.93 > lower 386.73
2024-06-06,1,21,2024-06-06 09:00:00-05:00,390.502,2024-06-06 09:06:00-05:00,389.638,389.7,-181.44,long: close 390.42 > upper 389.47,stop
2024-06-06,1,17,2024-06-06 09:30:00-05:00,389.812,2024-06-06 09:39:00-05:00,388.748,388.81,-180.88,long: close 389.75 > upper 389.67,stop
2024-06-07,1,15,2024-06-07 09:30:00-05:00,390.362,2024-06-07 10:30:00-05:00,390.078,389.23,-42.6,long: close 390.35 > upper 390.22,exit long: close 390.14 < upper 390.16
2024-06-07,1,19,2024-06-07 11:00:00-05:00,390.10200000000003,2024-06-07 11:30:00-05:00,390.02799999999996,389.2,-14.06,long: close 390.08 > upper 389.99,exit long: close 390.06 < upper 390.16
2024-07-24,-1,9,2024-07-24 09:00:00-05:00,400.308,2024-07-24 11:30:00-05:00,400.642,402.22,-30.06,short: close 400.43 < lower 400.72,exit short: close 400.58 > lower 400.24
2024-07-24,-1,7,2024-07-24 12:00:00-05:00,400.078,2024-07-24 12:30:00-05:00,400.28200000000004,402.52,-14.28,short: close 400.16 < lower 400.20,exit short: close 400.25 > lower 400.23
2024-07-25,1,16,2024-07-25 09:00:00-05:00,400.392,2024-07-25 14:52:00-05:00,400.198,399.32,-31.04,long: close 400.32 > upper 399.70,flatten
2024-07-26,1,8,2024-07-26 09:00:00-05:00,404.862,2024-07-26 14:52:00-05:00,405.618,402.55,60.48,long: close 404.84 > upper 402.94,flatten
2024-07-30,1,12,2024-07-30 09:00:00-05:00,407.672,2024-07-30 09:18:00-05:00,406.138,406.2,-184.08,long: close 407.69 > upper 407.15,stop
2024-07-31,1,10,2024-07-31 10:30:00-05:00,409.607,2024-07-31 14:30:00-05:00,408.548,407.8,-105.9,long: close 409.56 > upper 409.23,exit long: close 408.56 < upper 409.80
2024-08-01,-1,7,2024-08-01 09:30:00-05:00,405.8881,2024-08-01 14:52:00-05:00,403.502,408.32,167.03,short: close 405.94 < lower 406.66,flatten
2024-08-02,-1,5,2024-08-02 09:30:00-05:00,396.078,2024-08-02 14:52:00-05:00,395.742,399.76,16.8,short: close 396.15 < lower 397.94,flatten
2024-08-06,1,12,2024-08-06 09:00:00-05:00,390.072,2024-08-06 10:30:00-05:00,389.298,388.61,-92.88,long: close 390.00 > upper 388.71,exit long: close 389.31 < upper 389.72
2024-08-06,1,7,2024-08-06 11:00:00-05:00,391.622,2024-08-06 14:52:00-05:00,390.728,388.98,-62.58,long: close 391.47 > upper 389.88,flatten
2024-08-07,1,7,2024-08-07 09:00:00-05:00,394.572,2024-08-07 09:30:00-05:00,393.02799999999996,391.91,-108.08,long: close 394.47 > upper 393.91,exit long: close 393.09 < upper 394.57
2024-08-08,1,8,2024-08-08 09:00:00-05:00,392.442,2024-08-08 14:52:00-05:00,393.878,390.3,114.88,long: close 392.39 > upper 390.78,flatten
2024-08-12,-1,10,2024-08-12 09:00:00-05:00,393.068,2024-08-12 09:30:00-05:00,394.342,394.91,-127.4,short: close 393.07 < lower 393.71,exit short: close 394.26 > lower 393.20
2024-08-22,-1,6,2024-08-22 13:00:00-05:00,406.078,2024-08-22 13:30:00-05:00,407.182,408.87,-66.24,short: close 406.14 < lower 406.57,exit short: close 407.28 > lower 406.57
2024-08-23,1,9,2024-08-23 09:30:00-05:00,411.522,2024-08-23 09:48:00-05:00,409.528,409.59000000000003,-179.46,long: close 411.43 > upper 410.37,stop
2024-08-23,1,8,2024-08-23 10:00:00-05:00,410.85200000000003,2024-08-23 11:00:00-05:00,410.538,408.74,-25.12,long: close 410.80 > upper 410.55,exit long: close 410.60 < upper 410.85
2024-08-26,1,12,2024-08-26 09:00:00-05:00,413.992,2024-08-26 10:00:00-05:00,413.178,412.55,-97.68,long: close 413.82 > upper 413.68,exit long: close 413.25 < upper 414.00
2024-08-28,-1,14,2024-08-28 11:30:00-05:00,410.608,2024-08-28 12:00:00-05:00,411.482,411.85,-122.36,short: close 410.65 < lower 411.57,exit short: close 411.40 > lower 411.20
2024-08-28,-1,10,2024-08-28 12:30:00-05:00,410.798,2024-08-28 14:30:00-05:00,411.007,412.54,-20.9,short: close 410.86 < lower 411.06,exit short: close 410.99 > lower 410.93
2024-09-13,1,12,2024-09-13 09:00:00-05:00,414.312,2024-09-13 14:52:00-05:00,414.95799999999997,412.85,77.52,long: close 414.25 > upper 413.75,flatten
2024-10-23,-1,7,2024-10-23 10:30:00-05:00,425.27549999999997,2024-10-23 11:00:00-05:00,426.372,427.73,-76.76,short: close 425.32 < lower 425.69,exit short: close 426.34 > lower 425.74
2024-10-23,-1,7,2024-10-23 11:30:00-05:00,425.228,2024-10-23 14:52:00-05:00,425.062,427.68,11.62,short: close 425.31 < lower 425.70,flatten
2024-10-24,-1,10,2024-10-24 11:00:00-05:00,422.688,2024-10-24 12:00:00-05:00,423.392,424.43,-70.4,short: close 422.82 < lower 422.99,exit short: close 423.34 > lower 422.94
2024-10-25,-1,8,2024-10-25 12:30:00-05:00,421.738,2024-10-25 14:00:00-05:00,422.022,424.08,-22.72,short: close 421.85 < lower 422.30,exit short: close 421.95 > lower 421.82
2024-11-08,1,12,2024-11-08 09:30:00-06:00,439.712,2024-11-08 11:00:00-06:00,439.7179,438.17,0.71,long: close 439.63 > upper 439.38,exit long: close 439.75 < upper 439.94
2024-11-08,1,9,2024-11-08 12:00:00-06:00,440.082,2024-11-08 12:30:00-06:00,439.788,438.11,-26.46,long: close 440.02 > upper 439.81,exit long: close 439.81 < upper 439.99
2024-11-11,1,12,2024-11-11 09:00:00-06:00,444.91200000000003,2024-11-11 09:45:00-06:00,443.358,443.42,-186.48,long: close 444.87 > upper 442.50,stop
2024-11-11,1,9,2024-11-11 10:00:00-06:00,444.03200000000004,2024-11-11 10:30:00-06:00,443.243,441.95,-71.01,long: close 443.92 > upper 443.08,exit long: close 443.28 < upper 443.45
2024-11-12,-1,9,2024-11-12 10:30:00-06:00,441.017,2024-11-12 14:52:00-06:00,439.612,442.92,126.45,short: close 441.12 < lower 441.39,flatten
2024-11-14,-1,9,2024-11-14 12:30:00-06:00,438.058,2024-11-14 13:30:00-06:00,438.622,440.13,-50.76,short: close 438.11 < lower 438.12,exit short: close 438.50 > lower 438.19
2024-11-15,-1,7,2024-11-15 11:30:00-06:00,433.808,2024-11-15 12:30:00-06:00,434.482,436.31,-47.18,short: close 434.01 < lower 434.28,exit short: close 434.48 > lower 434.27
2024-11-15,-1,7,2024-11-15 13:00:00-06:00,433.96799999999996,2024-11-15 14:52:00-06:00,434.29200000000003,436.36,-22.68,short: close 434.06 < lower 434.38,flatten
2024-11-20,-1,12,2024-11-20 09:30:00-06:00,431.618,2024-11-20 10:00:00-06:00,432.642,433.1,-122.88,short: close 431.68 < lower 431.74,exit short: close 432.62 > lower 431.56
2024-11-21,1,9,2024-11-21 10:00:00-06:00,437.802,2024-11-21 14:52:00-06:00,439.328,435.77,137.34,long: close 437.66 > upper 437.09,flatten
2024-11-22,1,15,2024-11-22 09:00:00-06:00,442.182,2024-11-22 09:10:00-06:00,440.978,441.04,-180.6,long: close 442.20 > upper 440.39,stop
2024-11-22,1,11,2024-11-22 10:00:00-06:00,442.022,2024-11-22 14:52:00-06:00,443.138,440.43,122.76,long: close 441.91 > upper 440.83,flatten
2024-11-25,1,7,2024-11-25 09:00:00-06:00,448.03200000000004,2024-11-25 10:00:00-06:00,447.168,445.32,-60.48,long: close 447.91 > upper 447.59,exit long: close 447.25 < upper 447.98
2024-11-26,-1,11,2024-11-26 09:30:00-06:00,444.998,2024-11-26 10:00:00-06:00,445.502,446.59000000000003,-55.44,short: close 445.05 < lower 445.46,exit short: close 445.40 > lower 445.34
2024-12-23,-1,15,2024-12-23 09:00:00-06:00,425.988,2024-12-23 10:30:00-06:00,426.29200000000003,427.18,-45.6,short: close 426.09 < lower 426.72,exit short: close 426.26 > lower 426.10
2024-12-24,1,20,2024-12-24 09:30:00-06:00,430.252,2024-12-24 14:10:00-06:00,432.238,429.42,397.2,long: close 430.21 > upper 429.71,session end
2024-12-30,-1,6,2024-12-30 09:00:00-06:00,423.188,2024-12-30 10:00:00-06:00,424.3865,426.14,-71.91,short: close 423.29 < lower 424.80,exit short: close 424.40 > lower 424.16
2025-01-02,-1,5,2025-01-02 12:00:00-06:00,423.018,2025-01-02 14:30:00-06:00,424.22200000000004,426.32,-60.2,short: close 423.17 < lower 423.63,exit short: close 424.16 > lower 423.27
2025-01-06,1,8,2025-01-06 10:30:00-06:00,430.54200000000003,2025-01-06 11:30:00-06:00,430.048,428.23,-39.52,long: close 430.51 > upper 430.32,exit long: close 430.18 < upper 431.18
2025-01-08,-1,20,2025-01-08 09:00:00-06:00,423.268,2025-01-08 09:02:00-06:00,424.16200000000003,424.1,-178.8,short: close 423.36 < lower 424.54,stop
2025-01-08,-1,13,2025-01-08 09:30:00-06:00,423.318,2025-01-08 09:51:00-06:00,424.742,424.68,-185.12,short: close 423.50 < lower 424.01,stop
2025-01-10,-1,10,2025-01-10 09:00:00-06:00,422.248,2025-01-10 14:52:00-06:00,419.202,424.1,304.6,short: close 422.47 < lower 423.36,flatten
2025-01-21,1,9,2025-01-21 09:00:00-06:00,437.802,2025-01-21 14:52:00-06:00,440.33799999999997,435.84000000000003,228.24,long: close 437.71 > upper 437.48,flatten
2025-01-23,1,17,2025-01-23 09:00:00-06:00,442.622,2025-01-23 09:30:00-06:00,442.078,441.57,-92.48,long: close 442.50 > upper 442.50,exit long: close 442.14 < upper 442.59
2025-01-23,1,14,2025-01-23 10:00:00-06:00,443.322,2025-01-23 14:52:00-06:00,444.768,442.03000000000003,202.44,long: close 443.22 > upper 442.74,flatten
2025-01-27,1,5,2025-01-27 13:30:00-06:00,447.22200000000004,2025-01-27 14:30:00-06:00,446.098,443.81,-56.2,long: close 447.15 > upper 445.79,exit long: close 446.06 < upper 446.22
2025-01-28,1,14,2025-01-28 09:30:00-06:00,448.652,2025-01-28 10:30:00-06:00,447.628,447.40000000000003,-143.36,long: close 448.59 > upper 448.40,exit long: close 447.68 < upper 448.81
2025-01-29,-1,8,2025-01-29 13:30:00-06:00,445.70799999999997,2025-01-29 13:40:00-06:00,447.90200000000004,447.84000000000003,-175.52,short: close 445.90 < lower 446.17,stop
2025-01-30,1,9,2025-01-30 11:00:00-06:00,448.812,2025-01-30 11:30:00-06:00,447.77799999999996,446.87,-93.06,long: close 448.88 > upper 448.75,exit long: close 447.80 < upper 449.05
2025-01-30,1,9,2025-01-30 12:30:00-06:00,449.3476,2025-01-30 14:40:00-06:00,447.328,447.39,-181.76,long: close 449.24 > upper 448.78,stop
2025-01-31,-1,7,2025-01-31 13:00:00-06:00,446.558,2025-01-31 14:52:00-06:00,445.867,449.1,48.37,short: close 446.68 < lower 446.87,flatten
2025-02-05,-1,18,2025-02-05 09:00:00-06:00,444.758,2025-02-05 09:30:00-06:00,445.622,445.73,-155.52,short: close 444.59 < lower 444.65,exit short: close 445.57 > lower 444.48
2025-02-05,1,7,2025-02-05 13:30:00-06:00,448.242,2025-02-05 14:00:00-06:00,447.84839999999997,445.79,-27.55,long: close 448.18 > upper 448.07,exit long: close 447.94 < upper 447.99
2025-02-26,1,15,2025-02-26 09:30:00-06:00,438.082,2025-02-26 10:30:00-06:00,437.388,436.88,-104.1,long: close 437.94 > upper 437.48,exit long: close 437.48 < upper 437.72
2025-02-26,-1,10,2025-02-26 12:30:00-06:00,433.548,2025-02-26 13:30:00-06:00,434.082,435.37,-53.4,short: close 433.70 < lower 434.46,exit short: close 434.23 > lower 433.98
2025-03-03,-1,8,2025-03-03 12:30:00-06:00,434.578,2025-03-03 14:52:00-06:00,430.902,436.8,294.08,short: close 434.66 < lower 436.73,flatten
2025-03-04,-1,9,2025-03-04 09:00:00-06:00,426.14799999999997,2025-03-04 12:57:00-06:00,428.242,428.18,-188.46,short: close 426.28 < lower 428.89,stop
2025-03-05,1,11,2025-03-05 11:30:00-06:00,427.812,2025-03-05 14:52:00-06:00,429.52799999999996,426.25,188.76,long: close 427.62 > upper 426.97,flatten
2025-03-06,-1,6,2025-03-06 09:00:00-06:00,424.908,2025-03-06 09:29:00-06:00,428.072,428.01,-189.84,short: close 424.99 < lower 425.14,stop
2025-03-07,1,6,2025-03-07 13:00:00-06:00,428.062,2025-03-07 14:00:00-06:00,427.878,425.14,-11.04,long: close 428.05 > upper 427.97,exit long: close 427.82 < upper 428.09
2025-03-10,-1,4,2025-03-10 13:00:00-05:00,420.428,2025-03-10 14:52:00-05:00,420.302,425.08,5.04,short: close 420.30 < lower 421.17,flatten
2025-03-11,-1,10,2025-03-11 09:00:00-05:00,416.848,2025-03-11 14:00:00-05:00,417.85200000000003,418.67,-100.4,short: close 416.98 < lower 417.23,exit short: close 417.74 > lower 415.85
2025-03-12,-1,5,2025-03-12 10:00:00-05:00,411.318,2025-03-12 11:00:00-05:00,413.742,414.63,-121.2,short: close 411.35 < lower 412.53,exit short: close 413.80 > lower 413.13
2025-03-13,-1,8,2025-03-13 10:30:00-05:00,410.828,2025-03-13 14:52:00-05:00,408.492,413.11,186.88,short: close 410.86 < lower 411.36,flatten
2025-03-14,1,7,2025-03-14 09:00:00-05:00,412.562,2025-03-14 09:30:00-05:00,411.628,410.17,-65.38,long: close 412.61 > upper 412.22,exit long: close 411.48 < upper 412.79
2025-03-14,1,5,2025-03-14 10:00:00-05:00,414.062,2025-03-14 14:52:00-05:00,415.308,410.77,62.3,long: close 413.98 > upper 413.12,flatten
2025-03-17,1,11,2025-03-17 09:00:00-05:00,417.212,2025-03-17 09:30:00-05:00,417.0056,415.6,-22.7,long: close 417.30 > upper 416.80,exit long: close 417.28 < upper 417.31
2025-03-17,1,8,2025-03-17 11:00:00-05:00,417.422,2025-03-17 14:52:00-05:00,420.008,415.3,206.88,long: close 417.38 > upper 417.31,flatten
2025-03-18,-1,9,2025-03-18 09:00:00-05:00,416.64799999999997,2025-03-18 09:30:00-05:00,417.372,418.66,-65.16,short: close 416.75 < lower 416.81,exit short: close 417.33 > lower 416.47
2025-03-18,-1,6,2025-03-18 10:30:00-05:00,415.693,2025-03-18 12:30:00-05:00,415.902,418.51,-12.54,short: close 415.72 < lower 415.99,exit short: close 415.91 > lower 415.52
2025-03-20,1,6,2025-03-20 09:30:00-05:00,422.41200000000003,2025-03-20 10:00:00-05:00,422.58799999999997,419.36,10.56,long: close 422.40 > upper 422.25,exit long: close 422.64 < upper 422.91
2025-03-28,-1,9,2025-03-28 09:00:00-05:00,419.96799999999996,2025-03-28 14:52:00-05:00,415.902,421.91,365.94,short: close 420.06 < lower 420.51,flatten
2025-03-31,1,4,2025-03-31 13:30:00-05:00,418.622,2025-03-31 14:00:00-05:00,418.358,414.47,-10.56,long: close 418.57 > upper 418.09,exit long: close 418.30 < upper 418.33
2025-04-01,-1,7,2025-04-01 09:30:00-05:00,415.823,2025-04-01 09:51:00-05:00,418.28200000000004,418.22,-172.13,short: close 415.93 < lower 416.77,stop
2025-04-02,1,4,2025-04-02 12:00:00-05:00,422.642,2025-04-02 13:00:00-05:00,421.373,418.29,-50.76,long: close 422.62 > upper 422.35,exit long: close 421.45 < upper 422.34
2025-04-03,-1,3,2025-04-03 09:00:00-05:00,408.428,2025-04-03 11:00:00-05:00,408.952,414.43,-15.72,short: close 408.59 < lower 409.63,exit short: close 409.01 > lower 408.47
2025-04-03,-1,3,2025-04-03 13:30:00-05:00,407.71799999999996,2025-04-03 14:00:00-05:00,408.272,413.72,-16.62,short: close 407.77 < lower 408.41,exit short: close 408.25 > lower 407.99
2025-04-04,-1,3,2025-04-04 09:30:00-05:00,391.728,2025-04-04 14:52:00-05:00,384.772,397.73,208.68,short: close 391.83 < lower 393.00,flatten
2025-04-09,1,5,2025-04-09 09:00:00-05:00,378.012,2025-04-09 09:30:00-05:00,377.128,374.49,-44.2,long: close 377.93 > upper 377.86,exit long: close 377.17 < upper 378.72
2025-04-09,1,3,2025-04-09 12:30:00-05:00,395.322,2025-04-09 14:52:00-05:00,406.70799999999997,389.32,341.58,long: close 395.06 > upper 380.59,flatten
2025-04-10,-1,4,2025-04-10 09:00:00-05:00,397.428,2025-04-10 13:00:00-05:00,394.60200000000003,402.18,113.04,short: close 397.54 < lower 397.98,exit short: close 394.50 > lower 393.47
2025-04-11,1,4,2025-04-11 12:00:00-05:00,400.492,2025-04-11 12:30:00-05:00,399.118,395.69,-54.96,long: close 400.35 > upper 399.90,exit long: close 399.07 < upper 401.99
2025-04-11,1,3,2025-04-11 13:00:00-05:00,402.612,2025-04-11 13:30:00-05:00,401.618,396.61,-29.82,long: close 402.76 > upper 401.97,exit long: close 401.72 < upper 402.24
2025-04-21,-1,5,2025-04-21 09:00:00-05:00,385.0962,2025-04-21 14:52:00-05:00,381.362,388.39,186.71,short: close 385.31 < lower 386.59,flatten
2025-04-22,1,4,2025-04-22 09:30:00-05:00,388.672,2025-04-22 12:30:00-05:00,388.158,384.04,-20.56,long: close 388.62 > upper 388.47,exit long: close 388.37 < upper 392.43
2025-04-23,1,3,2025-04-23 09:00:00-05:00,402.742,2025-04-23 10:00:00-05:00,401.45799999999997,396.98,-38.52,long: close 402.58 > upper 401.34,exit long: close 401.56 < upper 402.45
2025-04-29,1,8,2025-04-29 10:00:00-05:00,405.152,2025-04-29 10:30:00-05:00,404.748,402.94,-32.32,long: close 405.07 > upper 404.52,exit long: close 404.77 < upper 405.22
2025-04-30,-1,5,2025-04-30 09:00:00-05:00,397.488,2025-04-30 09:30:00-05:00,400.672,400.86,-159.2,short: close 397.73 < lower 400.42,exit short: close 400.49 > lower 400.33
2025-05-08,1,6,2025-05-08 11:00:00-05:00,416.60200000000003,2025-05-08 14:52:00-05:00,414.638,413.56,-117.84,long: close 416.48 > upper 415.07,flatten
2025-05-15,1,8,2025-05-15 11:00:00-05:00,422.112,2025-05-15 11:30:00-05:00,421.788,419.87,-25.92,long: close 422.01 > upper 421.80,exit long: close 421.86 < upper 422.10
2025-05-15,1,7,2025-05-15 12:00:00-05:00,422.652,2025-05-15 14:52:00-05:00,423.388,420.06,51.52,long: close 422.54 > upper 422.15,flatten
2025-05-16,1,11,2025-05-16 13:00:00-05:00,425.53200000000004,2025-05-16 14:52:00-05:00,426.318,423.84000000000003,86.46,long: close 425.46 > upper 425.32,flatten
2025-05-21,-1,5,2025-05-21 12:30:00-05:00,418.89799999999997,2025-05-21 14:52:00-05:00,419.622,422.75,-36.2,short: close 419.01 < lower 421.19,flatten
2025-05-27,1,5,2025-05-27 10:30:00-05:00,422.10200000000003,2025-05-27 12:30:00-05:00,422.828,418.77,36.3,long: close 422.05 > upper 421.86,exit long: close 422.93 < upper 422.97
2025-05-27,1,4,2025-05-27 13:00:00-05:00,423.642,2025-05-27 14:52:00-05:00,423.388,419.65000000000003,-10.16,long: close 423.55 > upper 422.52,flatten
2025-05-28,-1,20,2025-05-28 10:00:00-05:00,422.688,2025-05-28 11:30:00-05:00,422.732,423.54,-8.8,short: close 422.72 < lower 422.94,exit short: close 422.64 > lower 421.99
2025-05-29,-1,9,2025-05-29 11:00:00-05:00,419.188,2025-05-29 11:30:00-05:00,420.732,421.22,-138.96,short: close 419.29 < lower 419.90,exit short: close 420.71 > lower 419.65
2025-05-30,-1,10,2025-05-30 11:30:00-05:00,420.526,2025-05-30 12:30:00-05:00,421.452,422.31,-92.6,short: close 420.51 < lower 420.53,exit short: close 421.33 > lower 420.06
2025-06-02,-1,15,2025-06-02 09:00:00-05:00,420.078,2025-06-02 09:26:00-05:00,421.34200000000004,421.28000000000003,-189.6,short: close 420.31 < lower 420.83,stop
2025-06-03,1,13,2025-06-03 10:30:00-05:00,424.902,2025-06-03 14:30:00-05:00,425.758,423.59000000000003,111.28,long: close 424.81 > upper 424.72,exit long: close 425.85 < upper 426.16
2025-06-05,-1,16,2025-06-05 09:00:00-05:00,423.27799999999996,2025-06-05 09:23:00-05:00,424.422,424.36,-183.04,short: close 423.46 < lower 424.33,stop
2025-06-09,-1,18,2025-06-09 09:00:00-05:00,427.178,2025-06-09 10:49:00-05:00,428.182,428.12,-180.72,short: close 427.25 < lower 427.48,stop
2025-06-27,1,12,2025-06-27 09:00:00-05:00,436.402,2025-06-27 13:30:00-05:00,435.938,434.95,-55.68,long: close 436.33 > upper 435.98,exit long: close 436.08 < upper 436.79
2025-07-01,1,18,2025-07-01 09:00:00-05:00,441.592,2025-07-01 14:52:00-05:00,445.0672,440.64,625.54,long: close 441.68 > upper 441.34,flatten
2025-07-03,1,13,2025-07-03 09:00:00-05:00,447.312,2025-07-03 14:57:00-05:00,448.138,445.94,107.38,long: close 447.14 > upper 446.55,flatten
2025-07-07,-1,9,2025-07-07 10:30:00-05:00,445.033,2025-07-07 14:52:00-05:00,443.502,446.95,137.79,short: close 445.16 < lower 445.86,flatten
2025-07-10,1,11,2025-07-10 10:00:00-05:00,446.712,2025-07-10 14:52:00-05:00,446.438,445.13,-30.14,long: close 446.61 > upper 446.02,flatten
2025-07-15,-1,27,2025-07-15 09:00:00-05:00,443.138,2025-07-15 14:52:00-05:00,440.822,443.74,625.32,short: close 443.17 < lower 443.98,flatten
2025-07-17,1,18,2025-07-17 09:00:00-05:00,444.022,2025-07-17 09:26:00-05:00,443.018,443.09000000000003,-180.72,long: close 443.89 > upper 443.16,stop
2025-07-17,1,9,2025-07-17 11:00:00-05:00,444.582,2025-07-17 11:30:00-05:00,443.798,442.64,-70.56,long: close 444.54 > upper 444.17,exit long: close 443.84 < upper 444.46
2025-07-18,-1,15,2025-07-18 09:00:00-05:00,444.348,2025-07-18 11:00:00-05:00,443.41200000000003,445.51,140.4,short: close 444.15 < lower 444.27,exit short: close 443.34 > lower 443.29
2025-07-18,-1,8,2025-07-18 11:30:00-05:00,442.298,2025-07-18 14:52:00-05:00,443.272,444.63,-77.92,short: close 442.36 < lower 443.09,flatten
2025-08-04,1,9,2025-08-04 09:00:00-05:00,440.04200000000003,2025-08-04 14:52:00-05:00,441.428,437.95,124.74,long: close 439.96 > upper 438.90,flatten
2025-08-05,-1,17,2025-08-05 09:30:00-05:00,440.538,2025-08-05 10:30:00-05:00,440.482,441.54,9.52,short: close 440.62 < lower 440.79,exit short: close 440.44 > lower 440.29
2025-08-08,1,11,2025-08-08 09:30:00-05:00,442.152,2025-08-08 10:00:00-05:00,441.14799999999997,440.53000000000003,-110.44,long: close 442.13 > upper 441.90,exit long: close 441.20 < upper 442.16
2025-08-11,-1,12,2025-08-11 10:00:00-05:00,440.318,2025-08-11 11:00:00-05:00,441.03200000000004,441.85,-85.68,short: close 440.37 < lower 440.59,exit short: close 440.92 > lower 440.59
2025-08-11,-1,12,2025-08-11 12:00:00-05:00,440.46799999999996,2025-08-11 12:30:00-05:00,440.28200000000004,442.01,22.32,short: close 440.54 < lower 440.58,exit short: close 440.23 > lower 440.16
2025-08-12,1,9,2025-08-12 09:30:00-05:00,444.272,2025-08-12 14:52:00-05:00,444.828,442.28000000000003,50.04,long: close 444.21 > upper 442.87,flatten
2025-08-13,1,10,2025-08-13 09:00:00-05:00,448.642,2025-08-13 10:00:00-05:00,447.14799999999997,446.87,-149.4,long: close 448.56 > upper 447.31,exit long: close 447.22 < upper 448.03
2025-08-13,1,8,2025-08-13 11:30:00-05:00,447.992,2025-08-13 12:00:00-05:00,447.728,445.82,-21.12,long: close 447.92 > upper 447.71,exit long: close 447.76 < upper 447.93
2025-08-19,1,9,2025-08-19 09:30:00-05:00,451.842,2025-08-19 10:00:00-05:00,450.46799999999996,449.94,-123.66,long: close 451.79 > upper 451.36,exit long: close 450.52 < upper 451.48
2025-10-22,-1,6,2025-10-22 12:30:00-05:00,465.638,2025-10-22 14:30:00-05:00,466.012,468.48,-22.44,short: close 465.75 < lower 466.37,exit short: close 465.98 > lower 465.85
2025-10-24,1,7,2025-10-24 09:00:00-05:00,471.462,2025-10-24 09:30:00-05:00,470.948,469.01,-35.98,long: close 471.38 > upper 471.12,exit long: close 471.03 < upper 471.29
2025-10-24,1,5,2025-10-24 10:30:00-05:00,472.552,2025-10-24 12:00:00-05:00,472.248,469.27,-15.2,long: close 472.48 > upper 471.95,exit long: close 472.33 < upper 472.81
2025-10-29,1,11,2025-10-29 09:00:00-05:00,480.082,2025-10-29 10:00:00-05:00,479.46799999999996,478.46000000000004,-67.54,long: close 479.93 > upper 479.50,exit long: close 479.53 < upper 480.12
2025-10-30,1,9,2025-10-30 09:00:00-05:00,478.392,2025-10-30 11:00:00-05:00,478.388,476.37,-0.36,long: close 478.34 > upper 477.34,exit long: close 478.46 < upper 478.71
2025-11-17,-1,7,2025-11-17 13:00:00-06:00,467.883,2025-11-17 14:52:00-06:00,466.122,470.45,123.27,short: close 467.95 < lower 468.79,flatten
2025-11-18,-1,5,2025-11-18 10:00:00-06:00,459.908,2025-11-18 10:30:00-06:00,462.392,463.58,-124.2,short: close 459.99 < lower 460.56,exit short: close 462.32 > lower 460.36
2025-11-20,1,5,2025-11-20 09:00:00-06:00,468.482,2025-11-20 10:00:00-06:00,467.408,464.97,-53.7,long: close 468.29 > upper 467.73,exit long: close 467.48 < upper 468.09
2025-11-20,-1,4,2025-11-20 11:30:00-06:00,459.548,2025-11-20 12:30:00-06:00,460.742,464.04,-47.76,short: close 459.62 < lower 459.74,exit short: close 460.70 > lower 459.73
2025-11-21,1,6,2025-11-21 11:00:00-06:00,464.10200000000003,2025-11-21 14:52:00-06:00,462.668,461.17,-86.04,long: close 464.03 > upper 461.74,flatten
2025-11-25,1,12,2025-11-25 09:30:00-06:00,466.512,2025-11-25 14:52:00-06:00,471.71799999999996,465.08,624.72,long: close 466.48 > upper 466.43,flatten
2025-11-26,1,13,2025-11-26 09:30:00-06:00,473.382,2025-11-26 13:00:00-06:00,474.858,472.0,191.88,long: close 473.32 > upper 473.06,exit long: close 474.94 < upper 475.21
2025-11-26,1,5,2025-11-26 13:30:00-06:00,475.47200000000004,2025-11-26 14:00:00-06:00,474.978,471.98,-24.7,long: close 475.41 > upper 475.17,exit long: close 475.04 < upper 475.45
2025-11-28,1,15,2025-11-28 09:00:00-06:00,475.842,2025-11-28 11:30:00-06:00,476.618,474.68,116.4,long: close 475.75 > upper 475.72,exit long: close 476.67 < upper 477.59
2025-12-02,1,10,2025-12-02 10:00:00-06:00,476.10200000000003,2025-12-02 10:24:00-06:00,474.278,474.34000000000003,-182.4,long: close 476.00 > upper 475.52,stop
2025-12-03,1,15,2025-12-03 09:30:00-06:00,476.932,2025-12-03 11:00:00-06:00,477.168,475.79,35.4,long: close 476.86 > upper 476.18,exit long: close 477.23 < upper 477.50
2025-12-03,1,6,2025-12-03 11:30:00-06:00,478.47200000000004,2025-12-03 14:52:00-06:00,479.598,475.63,67.56,long: close 478.42 > upper 477.88,flatten
2025-12-05,1,16,2025-12-05 09:00:00-06:00,481.022,2025-12-05 10:00:00-06:00,480.58799999999997,479.90000000000003,-69.44,long: close 480.89 > upper 480.41,exit long: close 480.65 < upper 480.76
2025-12-08,-1,11,2025-12-08 10:00:00-06:00,478.408,2025-12-08 10:30:00-06:00,479.072,479.99,-73.04,short: close 478.47 < lower 478.67,exit short: close 479.02 > lower 478.67
2025-12-08,-1,7,2025-12-08 12:30:00-06:00,477.228,2025-12-08 13:30:00-06:00,477.372,479.75,-10.08,short: close 477.29 < lower 477.73,exit short: close 477.32 > lower 477.16
2025-12-09,1,17,2025-12-09 09:00:00-06:00,479.732,2025-12-09 09:28:00-06:00,478.668,478.73,-180.88,long: close 479.72 > upper 479.10,stop
2025-12-10,1,15,2025-12-10 09:30:00-06:00,477.672,2025-12-10 10:00:00-06:00,477.598,476.54,-11.1,long: close 477.61 > upper 477.42,exit long: close 477.65 < upper 477.84
2025-12-10,1,11,2025-12-10 10:30:00-06:00,478.832,2025-12-10 11:30:00-06:00,478.258,477.17,-63.14,long: close 478.84 > upper 477.94,exit long: close 478.39 < upper 478.82
2025-12-11,1,12,2025-12-11 09:00:00-06:00,483.53200000000004,2025-12-11 14:52:00-06:00,488.08799999999997,482.06,546.72,long: close 483.45 > upper 483.26,flatten
2025-12-12,-1,8,2025-12-12 10:00:00-06:00,486.008,2025-12-12 11:30:00-06:00,485.607,488.11,32.08,short: close 486.17 < lower 486.20,exit short: close 485.52 > lower 485.48
2025-12-16,-1,10,2025-12-16 09:30:00-06:00,482.64799999999997,2025-12-16 10:00:00-06:00,483.732,484.42,-108.4,short: close 482.75 < lower 483.03,exit short: close 483.66 > lower 482.49
2025-12-16,-1,7,2025-12-16 12:00:00-06:00,480.788,2025-12-16 13:00:00-06:00,482.072,483.46000000000004,-89.88,short: close 480.89 < lower 482.13,exit short: close 482.09 > lower 481.93
2025-12-17,1,12,2025-12-17 09:00:00-06:00,484.462,2025-12-17 09:30:00-06:00,483.678,482.98,-94.08,long: close 484.43 > upper 483.86,exit long: close 483.76 < upper 484.28
2025-12-18,1,6,2025-12-18 10:00:00-06:00,484.022,2025-12-18 10:30:00-06:00,483.798,481.02,-13.44,long: close 483.99 > upper 483.99,exit long: close 483.88 < upper 483.93
2026-01-21,1,10,2026-01-21 09:00:00-06:00,488.002,2026-01-21 11:00:00-06:00,487.548,486.19,-45.4,long: close 488.00 > upper 487.12,exit long: close 487.64 < upper 488.12
2026-01-21,1,6,2026-01-21 13:30:00-06:00,490.582,2026-01-21 14:52:00-06:00,490.378,487.52,-12.24,long: close 490.47 > upper 488.37,flatten
2026-01-29,-1,11,2026-01-29 09:30:00-06:00,488.108,2026-01-29 11:00:00-06:00,489.087,489.72,-107.69,short: close 488.19 < lower 488.51,exit short: close 489.01 > lower 488.37
2026-01-29,-1,9,2026-01-29 12:00:00-06:00,487.89799999999997,2026-01-29 12:30:00-06:00,489.202,489.88,-117.36,short: close 487.97 < lower 488.15,exit short: close 489.15 > lower 488.18
2026-01-30,-1,9,2026-01-30 10:30:00-06:00,486.14799999999997,2026-01-30 12:59:00-06:00,488.21200000000005,488.15000000000003,-185.76,short: close 486.22 < lower 487.64,stop
2026-02-03,-1,7,2026-02-03 12:00:00-06:00,490.08799999999997,2026-02-03 14:30:00-06:00,491.452,492.56,-95.48,short: close 490.14 < lower 491.10,exit short: close 491.41 > lower 491.26
2026-02-04,1,8,2026-02-04 09:30:00-06:00,496.142,2026-02-04 11:00:00-06:00,495.258,493.84000000000003,-70.72,long: close 496.07 > upper 495.42,exit long: close 495.36 < upper 495.36
2026-02-05,-1,6,2026-02-05 09:30:00-06:00,488.83799999999997,2026-02-05 11:00:00-06:00,491.462,491.62,-157.44,short: close 488.90 < lower 490.91,exit short: close 491.48 > lower 491.09
2026-02-05,-1,6,2026-02-05 12:30:00-06:00,489.95799999999997,2026-02-05 13:30:00-06:00,491.03200000000004,493.02000000000004,-64.44,short: close 490.03 < lower 490.62,exit short: close 490.97 > lower 490.56
2026-02-06,1,7,2026-02-06 09:00:00-06:00,496.462,2026-02-06 14:52:00-06:00,501.568,493.92,357.42,long: close 496.31 > upper 493.17,flatten
2026-02-10,1,11,2026-02-10 09:00:00-06:00,505.22200000000004,2026-02-10 09:14:00-06:00,503.548,503.63,-184.14,long: close 505.16 > upper 503.37,stop
2026-02-10,1,8,2026-02-10 11:00:00-06:00,504.272,2026-02-10 12:00:00-06:00,503.64799999999997,502.05,-49.92,long: close 504.22 > upper 504.00,exit long: close 503.73 < upper 504.75
2026-02-11,-1,6,2026-02-11 10:00:00-06:00,499.848,2026-02-11 10:30:00-06:00,500.982,502.86,-68.04,short: close 499.96 < lower 500.07,exit short: close 500.95 > lower 500.11
2026-02-12,-1,6,2026-02-12 10:30:00-06:00,496.188,2026-02-12 14:52:00-06:00,494.462,499.06,103.56,short: close 496.26 < lower 499.35,flatten
2026-02-17,-1,15,2026-02-17 09:00:00-06:00,493.618,2026-02-17 10:00:00-06:00,493.802,494.8,-27.6,short: close 493.70 < lower 494.12,exit short: close 493.74 > lower 493.10
2026-02-23,-1,8,2026-02-23 09:00:00-06:00,492.018,2026-02-23 14:52:00-06:00,487.642,494.12,350.08,short: close 492.19 < lower 493.22,flatten
2026-02-24,1,12,2026-02-24 09:00:00-06:00,490.41200000000003,2026-02-24 14:52:00-06:00,492.068,488.93,198.72,long: close 490.35 > upper 489.68,flatten
2026-02-27,-1,4,2026-02-27 09:00:00-06:00,486.8979,2026-02-27 09:30:00-06:00,488.372,490.96000000000004,-58.96,short: close 486.97 < lower 488.23,exit short: close 488.33 > lower 487.32
2026-03-05,-1,4,2026-03-05 10:00:00-06:00,481.58799999999997,2026-03-05 14:52:00-06:00,479.562,485.48,81.04,short: close 481.62 < lower 481.89,flatten
2026-03-06,-1,4,2026-03-06 09:00:00-06:00,470.998,2026-03-06 09:30:00-06:00,473.97200000000004,475.51,-118.96,short: close 471.02 < lower 472.28,exit short: close 473.93 > lower 471.36
2026-03-09,-1,5,2026-03-09 09:00:00-05:00,468.418,2026-03-09 10:00:00-05:00,470.47200000000004,472.11,-102.7,short: close 468.53 < lower 469.37,exit short: close 470.41 > lower 468.93
2026-03-10,-1,11,2026-03-10 09:00:00-05:00,475.518,2026-03-10 09:21:00-05:00,477.262,477.2,-191.84,short: close 475.55 < lower 476.15,stop
2026-03-10,1,9,2026-03-10 10:00:00-05:00,480.582,2026-03-10 11:30:00-05:00,480.048,478.58,-48.06,long: close 480.58 > upper 479.83,exit long: close 480.12 < upper 480.49
2026-03-11,-1,10,2026-03-11 09:00:00-05:00,475.46799999999996,2026-03-11 09:01:00-05:00,477.40200000000004,477.34000000000003,-193.4,short: close 475.64 < lower 475.68,stop
2026-03-11,-1,7,2026-03-11 09:30:00-05:00,474.02799999999996,2026-03-11 09:58:00-05:00,476.59200000000004,476.53000000000003,-179.48,short: close 474.06 < lower 475.05,stop
2026-03-16,1,5,2026-03-16 09:00:00-05:00,472.312,2026-03-16 09:30:00-05:00,471.478,468.84000000000003,-41.7,long: close 472.23 > upper 471.74,exit long: close 471.66 < upper 472.24
2026-03-18,-1,6,2026-03-18 09:30:00-05:00,466.418,2026-03-18 11:30:00-05:00,466.932,469.51,-30.84,short: close 466.51 < lower 466.75,exit short: close 466.89 > lower 466.30
2026-03-20,-1,7,2026-03-20 10:00:00-05:00,457.02799999999996,2026-03-20 10:30:00-05:00,457.147,459.74,-8.33,short: close 457.09 < lower 457.20,exit short: close 457.07 > lower 456.84
2026-03-20,-1,5,2026-03-20 13:30:00-05:00,455.918,2026-03-20 14:52:00-05:00,455.012,459.72,45.3,short: close 456.00 < lower 456.11,flatten
2026-03-23,1,3,2026-03-23 09:00:00-05:00,464.982,2026-03-23 09:30:00-05:00,464.83799999999997,459.97,-4.32,long: close 464.92 > upper 464.66,exit long: close 464.94 < upper 465.04
2026-03-23,1,3,2026-03-23 10:00:00-05:00,465.772,2026-03-23 11:00:00-05:00,462.518,460.72,-97.62,long: close 465.69 > upper 464.69,exit long: close 462.56 < upper 465.11
2026-03-26,-1,6,2026-03-26 13:00:00-05:00,459.438,2026-03-26 13:30:00-05:00,459.982,462.45,-32.64,short: close 459.49 < lower 459.85,exit short: close 459.93 > lower 459.71
2026-03-27,-1,7,2026-03-27 09:00:00-05:00,454.658,2026-03-27 10:00:00-05:00,456.03200000000004,457.06,-96.18,short: close 454.78 < lower 455.95,exit short: close 455.94 > lower 455.87
2026-03-27,-1,7,2026-03-27 11:00:00-05:00,455.498,2026-03-27 14:52:00-05:00,450.72200000000004,458.16,334.32,short: close 455.53 < lower 455.69,flatten
2026-03-31,1,5,2026-03-31 09:00:00-05:00,458.452,2026-03-31 09:30:00-05:00,457.638,454.58,-40.7,long: close 458.45 > upper 458.31,exit long: close 457.70 < upper 458.67
2026-03-31,1,4,2026-03-31 12:00:00-05:00,460.737,2026-03-31 14:52:00-05:00,462.89799999999997,456.69,86.44,long: close 460.62 > upper 458.50,flatten
2026-04-01,1,6,2026-04-01 11:00:00-05:00,467.742,2026-04-01 11:30:00-05:00,466.848,464.98,-53.64,long: close 467.64 > upper 467.35,exit long: close 466.95 < upper 467.62
2026-04-07,-1,9,2026-04-07 09:00:00-05:00,463.568,2026-04-07 09:30:00-05:00,464.632,465.51,-95.76,short: close 463.65 < lower 464.34,exit short: close 464.63 > lower 464.04
2026-04-07,-1,8,2026-04-07 10:00:00-05:00,463.288,2026-04-07 11:30:00-05:00,464.402,465.59000000000003,-89.12,short: close 463.35 < lower 463.98,exit short: close 464.36 > lower 463.97
2026-04-09,1,7,2026-04-09 11:30:00-05:00,481.857,2026-04-09 14:00:00-05:00,481.768,479.3,-6.23,long: close 481.77 > upper 480.87,exit long: close 481.86 < upper 481.88
2026-04-10,-1,9,2026-04-10 11:00:00-05:00,479.438,2026-04-10 13:30:00-05:00,479.682,481.44,-21.96,short: close 479.47 < lower 480.03,exit short: close 479.56 > lower 479.20
2026-04-14,1,11,2026-04-14 09:30:00-05:00,484.122,2026-04-14 12:00:00-05:00,484.608,482.46000000000004,53.46,long: close 484.10 > upper 483.92,exit long: close 484.60 < upper 484.95
2026-04-14,1,6,2026-04-14 13:00:00-05:00,485.202,2026-04-14 13:30:00-05:00,484.633,482.38,-34.14,long: close 485.14 > upper 485.08,exit long: close 484.70 < upper 485.32
2026-04-15,-1,8,2026-04-15 10:00:00-05:00,483.358,2026-04-15 12:00:00-05:00,483.422,485.71000000000004,-5.12,short: close 483.42 < lower 483.68,exit short: close 483.37 > lower 483.16
2026-04-17,1,4,2026-04-17 09:00:00-05:00,493.122,2026-04-17 14:52:00-05:00,494.268,489.12,45.84,long: close 493.05 > upper 492.22,flatten
2026-04-24,-1,14,2026-04-24 09:00:00-05:00,491.368,2026-04-24 10:00:00-05:00,491.402,492.66,-4.76,short: close 491.46 < lower 491.71,exit short: close 491.35 > lower 490.96
2026-05-06,1,6,2026-05-06 09:00:00-05:00,498.432,2026-05-06 10:30:00-05:00,498.693,495.39,15.66,long: close 498.34 > upper 498.02,exit long: close 498.75 < upper 498.91
2026-05-07,-1,9,2026-05-07 09:30:00-05:00,497.21799999999996,2026-05-07 10:00:00-05:00,498.91200000000003,499.31,-152.46,short: close 497.11 < lower 497.66,exit short: close 498.82 > lower 497.23
2026-05-07,-1,6,2026-05-07 12:00:00-05:00,496.188,2026-05-07 14:52:00-05:00,496.16700000000003,499.21000000000004,1.26,short: close 496.23 < lower 496.73,flatten
2026-05-11,1,15,2026-05-11 09:00:00-05:00,497.212,2026-05-11 09:03:00-05:00,496.008,496.07,-180.6,long: close 497.16 > upper 497.10,stop
2026-05-20,1,8,2026-05-20 10:00:00-05:00,497.512,2026-05-20 10:30:00-05:00,497.303,495.28000000000003,-16.72,long: close 497.49 > upper 497.16,exit long: close 497.33 < upper 497.41
2026-05-20,1,7,2026-05-20 11:00:00-05:00,498.78200000000004,2026-05-20 14:52:00-05:00,500.14799999999997,496.35,95.62,long: close 498.72 > upper 497.35,flatten
2026-05-21,1,8,2026-05-21 12:30:00-05:00,501.982,2026-05-21 14:00:00-05:00,502.058,499.63,6.08,long: close 501.96 > upper 501.86,exit long: close 502.11 < upper 502.33
2026-05-26,-1,10,2026-05-26 12:00:00-05:00,504.288,2026-05-26 13:30:00-05:00,504.4121,506.14,-12.41,short: close 504.38 < lower 504.96,exit short: close 504.33 > lower 504.19
2026-06-04,1,5,2026-06-04 09:00:00-05:00,515.542,2026-06-04 14:52:00-05:00,516.9879999999999,512.0,72.3,long: close 515.52 > upper 514.47,flatten
2026-06-05,-1,13,2026-06-05 09:00:00-05:00,514.968,2026-06-05 10:00:00-05:00,515.442,516.35,-61.62,short: close 515.02 < lower 515.81,exit short: close 515.36 > lower 515.26
2026-06-05,-1,8,2026-06-05 10:30:00-05:00,514.718,2026-06-05 14:52:00-05:00,510.712,516.82,320.48,short: close 514.70 < lower 515.10,flatten
2026-06-09,1,8,2026-06-09 09:00:00-05:00,512.832,2026-06-09 09:17:00-05:00,510.548,510.61,-182.72,long: close 512.78 > upper 512.43,stop
2026-06-09,-1,6,2026-06-09 10:30:00-05:00,505.668,2026-06-09 12:30:00-05:00,506.857,508.59000000000003,-71.34,short: close 505.72 < lower 507.30,exit short: close 506.70 > lower 506.57
2026-06-10,-1,7,2026-06-10 10:00:00-05:00,504.808,2026-06-10 14:52:00-05:00,501.59700000000004,507.38,224.77,short: close 504.88 < lower 505.90,flatten
2026-06-11,1,4,2026-06-11 12:30:00-05:00,507.22200000000004,2026-06-11 14:52:00-05:00,509.508,503.14,91.44,long: close 506.96 > upper 505.79,flatten
2026-06-16,1,6,2026-06-16 11:00:00-05:00,522.612,2026-06-16 12:30:00-05:00,522.718,519.49,6.36,long: close 522.56 > upper 522.55,exit long: close 522.78 < upper 522.89
2026-06-17,1,17,2026-06-17 09:00:00-05:00,523.292,2026-06-17 09:47:00-05:00,522.178,522.24,-189.38,long: close 523.22 > upper 522.42,stop
2026-06-22,1,10,2026-06-22 09:00:00-05:00,518.367,2026-06-22 09:30:00-05:00,517.228,516.63,-113.9,long: close 518.37 > upper 517.92,exit long: close 517.26 < upper 517.79
2026-06-24,1,14,2026-06-24 09:30:00-05:00,518.7520000000001,2026-06-24 12:30:00-05:00,517.818,517.45,-130.76,long: close 518.66 > upper 517.70,exit long: close 517.88 < upper 519.10
2026-06-24,1,7,2026-06-24 13:30:00-05:00,519.452,2026-06-24 14:00:00-05:00,518.7379999999999,516.98,-49.98,long: close 519.35 > upper 518.88,exit long: close 518.73 < upper 519.12
2026-06-25,1,7,2026-06-25 09:30:00-05:00,525.942,2026-06-25 10:10:00-05:00,523.328,523.39,-182.98,long: close 525.89 > upper 522.40,stop
2026-07-01,1,8,2026-07-01 10:30:00-05:00,524.7620000000001,2026-07-01 13:00:00-05:00,523.348,522.48,-113.12,long: close 524.69 > upper 524.14,exit long: close 523.45 < upper 524.15
2026-07-30,1,5,2026-07-30 13:30:00-05:00,521.092,2026-07-30 14:52:00-05:00,521.258,517.75,8.3,long: close 521.02 > upper 520.45,flatten
2026-08-04,1,3,2026-08-04 11:30:00-05:00,540.482,2026-08-04 14:52:00-05:00,541.1179999999999,534.95,19.08,long: close 540.52 > upper 540.11,flatten
2026-08-05,1,6,2026-08-05 09:00:00-05:00,546.7520000000001,2026-08-05 10:30:00-05:00,544.638,543.8100000000001,-126.84,long: close 546.73 > upper 544.73,exit long: close 544.63 < upper 545.28
2026-08-06,-1,7,2026-08-06 10:30:00-05:00,539.7379999999999,2026-08-06 14:52:00-05:00,537.807,542.38,135.17,short: close 539.75 < lower 540.65,flatten
