day,side,qty,entry_ts,entry_px,exit_ts,exit_px,stop_px,pnl,reason_in,reason_out
2016-01-07,-1,11,2016-01-07 13:00:00-06:00,105.181,2016-01-07 14:52:00-06:00,105.349,106.83,-18.48,short: close 105.21 < lower 105.47,flatten
2016-01-08,1,22,2016-01-08 09:00:00-06:00,106.289,2016-01-08 09:38:00-06:00,105.401,105.42,-195.36,long: close 106.28 > upper 106.14,stop
2016-01-11,-1,19,2016-01-11 12:30:00-06:00,103.231,2016-01-11 14:28:00-06:00,104.21900000000001,104.2,-187.72,short: close 103.25 < lower 103.44,stop
2016-01-13,-1,23,2016-01-13 11:00:00-06:00,104.5911,2016-01-13 14:52:00-06:00,101.85900000000001,105.41,628.38,short: close 104.61 < lower 104.97,flatten
2016-01-14,-1,27,2016-01-14 09:00:00-06:00,100.89099999999999,2016-01-14 09:16:00-06:00,101.58900000000001,101.57000000000001,-188.46,short: close 100.91 < lower 101.43,stop
2016-01-14,1,22,2016-01-14 11:00:00-06:00,103.23400000000001,2016-01-14 14:52:00-06:00,104.241,102.36,221.54,long: close 103.21 > upper 102.98,flatten
2016-01-20,-1,14,2016-01-20 09:00:00-06:00,98.711,2016-01-20 13:12:00-06:00,100.07900000000001,100.06,-191.52,short: close 98.74 < lower 98.93,stop
2016-01-21,-1,24,2016-01-21 09:00:00-06:00,100.08099999999999,2016-01-21 09:04:00-06:00,100.88900000000001,100.87,-193.92,short: close 100.09 < lower 100.20,stop
2016-01-21,1,21,2016-01-21 11:00:00-06:00,101.979,2016-01-21 13:10:00-06:00,101.051,101.07000000000001,-194.88,long: close 101.95 > upper 101.89,stop
2016-01-27,-1,25,2016-01-27 09:30:00-06:00,101.40599999999999,2016-01-27 10:34:00-06:00,102.16900000000001,102.15,-190.75,short: close 101.43 < lower 102.12,stop
2016-01-29,1,30,2016-01-29 09:00:00-06:00,102.899,2016-01-29 14:52:00-06:00,104.106,102.29,362.1,long: close 102.89 > upper 102.60,flatten
2016-02-02,-1,26,2016-02-02 10:00:00-06:00,103.381,2016-02-02 14:52:00-06:00,102.27900000000001,104.11,286.52,short: close 103.40 < lower 103.45,flatten
2016-02-03,-1,22,2016-02-03 09:30:00-06:00,100.451,2016-02-03 10:40:00-06:00,101.33900000000001,101.32000000000001,-195.36,short: close 100.47 < lower 101.61,stop
2016-02-03,-1,19,2016-02-03 11:00:00-06:00,101.06099999999999,2016-02-03 13:59:00-06:00,102.05900000000001,102.04,-189.62,short: close 101.08 < lower 101.50,stop
2016-02-05,-1,26,2016-02-05 09:00:00-06:00,100.14099999999999,2016-02-05 14:52:00-06:00,97.909,100.85000000000001,580.32,short: close 100.15 < lower 100.76,flatten
2016-02-08,-1,11,2016-02-08 12:30:00-06:00,95.39099999999999,2016-02-08 14:52:00-06:00,96.819,97.17,-157.08,short: close 95.41 < lower 95.45,flatten
2016-02-10,1,14,2016-02-10 12:00:00-06:00,98.259,2016-02-10 14:29:00-06:00,96.92099999999999,96.94,-187.32,long: close 98.23 > upper 98.23,stop
2016-02-17,1,16,2016-02-17 10:00:00-06:00,101.90400000000001,2016-02-17 14:52:00-06:00,102.431,100.71000000000001,84.32,long: close 101.89 > upper 101.76,flatten
2016-02-29,1,34,2016-02-29 11:00:00-06:00,103.99900000000001,2016-02-29 13:08:00-06:00,103.431,103.45,-193.12,long: close 103.99 > upper 103.90,stop
2016-03-01,1,18,2016-03-01 09:30:00-06:00,104.30900000000001,2016-03-01 14:52:00-06:00,105.491,103.29,212.76,long: close 104.29 > upper 104.02,flatten
2016-03-03,-1,29,2016-03-03 10:30:00-06:00,104.951,2016-03-03 13:52:00-06:00,105.599,105.58,-187.92,short: close 104.96 < lower 105.13,stop
2016-03-04,-1,45,2016-03-04 09:00:00-06:00,105.14099999999999,2016-03-04 09:44:00-06:00,105.55900000000001,105.54,-188.1,short: close 105.15 < lower 105.28,stop
2016-03-07,-1,31,2016-03-07 09:00:00-06:00,104.75099999999999,2016-03-07 10:23:00-06:00,105.35900000000001,105.34,-188.48,short: close 104.79 < lower 104.80,stop
2016-03-10,1,32,2016-03-10 09:00:00-06:00,105.7891,2016-03-10 09:31:00-06:00,105.191,105.21000000000001,-191.39,long: close 105.78 > upper 105.64,stop
2016-03-10,-1,25,2016-03-10 10:30:00-06:00,104.181,2016-03-10 14:29:00-06:00,104.93900000000001,104.92,-189.5,short: close 104.18 < lower 104.33,stop
2016-03-16,1,29,2016-03-16 13:30:00-05:00,107.32900000000001,2016-03-16 14:52:00-05:00,107.571,106.68,70.18,long: close 107.31 > upper 107.15,flatten
2016-03-18,-1,60,2016-03-18 09:00:00-05:00,106.92099999999999,2016-03-18 09:32:00-05:00,107.22900000000001,107.21000000000001,-184.8,short: close 106.94 < lower 107.18,stop
2016-03-22,1,26,2016-03-22 12:00:00-05:00,108.239,2016-03-22 14:52:00-05:00,108.011,107.52,-59.28,long: close 108.23 > upper 108.21,flatten
2016-03-23,-1,47,2016-03-23 10:00:00-05:00,107.50099999999999,2016-03-23 14:52:00-05:00,107.239,107.88,123.14,short: close 107.52 < lower 107.62,flatten
2016-03-29,1,37,2016-03-29 10:30:00-05:00,107.57900000000001,2016-03-29 14:52:00-05:00,108.771,107.09,441.04,long: close 107.57 > upper 107.52,flatten
2016-03-30,1,29,2016-03-30 09:00:00-05:00,109.93900000000001,2016-03-30 10:31:00-05:00,109.28099999999999,109.3,-190.82,long: close 109.91 > upper 109.79,stop
2016-04-01,1,29,2016-04-01 10:00:00-05:00,109.71900000000001,2016-04-01 14:52:00-05:00,110.306,109.08,170.23,long: close 109.71 > upper 109.52,flatten
2016-04-04,-1,42,2016-04-04 10:00:00-05:00,109.83099999999999,2016-04-04 11:42:00-05:00,110.27900000000001,110.26,-188.16,short: close 109.84 < lower 109.89,stop
2016-04-06,1,54,2016-04-06 09:00:00-05:00,109.32900000000001,2016-04-06 14:52:00-05:00,110.541,109.0,654.48,long: close 109.31 > upper 109.28,flatten
2016-04-07,-1,31,2016-04-07 09:30:00-05:00,109.50099999999999,2016-04-07 14:52:00-05:00,108.899,110.09,186.62,short: close 109.52 < lower 109.77,flatten
2016-04-11,1,36,2016-04-11 09:30:00-05:00,109.88900000000001,2016-04-11 10:00:00-05:00,109.36099999999999,109.38,-190.08,long: close 109.86 > upper 109.75,stop
2016-04-12,-1,57,2016-04-12 09:30:00-05:00,108.131,2016-04-12 09:31:00-05:00,108.459,108.44,-186.96,short: close 108.15 < lower 108.32,stop
2016-04-12,1,30,2016-04-12 13:00:00-05:00,109.30900000000001,2016-04-12 14:52:00-05:00,109.401,108.7,27.6,long: close 109.28 > upper 109.24,flatten
2016-04-13,1,30,2016-04-13 09:00:00-05:00,110.744,2016-04-13 14:52:00-05:00,110.84599999999999,110.13,30.6,long: close 110.72 > upper 110.53,flatten
2016-04-18,1,40,2016-04-18 09:30:00-05:00,111.159,2016-04-18 14:52:00-05:00,111.181,110.71000000000001,8.8,long: close 111.14 > upper 110.94,flatten
2016-04-19,-1,60,2016-04-19 09:00:00-05:00,110.651,2016-04-19 09:30:00-05:00,110.959,110.94,-184.8,short: close 110.68 < lower 111.04,stop
2016-04-19,-1,34,2016-04-19 10:30:00-05:00,110.636,2016-04-19 14:52:00-05:00,110.569,111.18,22.78,short: close 110.66 < lower 110.79,flatten
2016-04-20,1,38,2016-04-20 10:30:00-05:00,111.069,2016-04-20 14:52:00-05:00,110.631,110.59,-166.44,long: close 111.03 > upper 111.02,flatten
2016-04-21,-1,60,2016-04-21 09:00:00-05:00,110.241,2016-04-21 09:23:00-05:00,110.489,110.47,-148.8,short: close 110.27 < lower 110.37,stop
2016-04-22,-1,19,2016-04-22 09:30:00-05:00,108.76599999999999,2016-04-22 14:52:00-05:00,108.924,109.77,-30.02,short: close 108.79 < lower 108.92,flatten
2016-04-26,-1,44,2016-04-26 09:30:00-05:00,108.651,2016-04-26 14:52:00-05:00,108.41900000000001,109.06,102.08,short: close 108.67 < lower 108.68,flatten
2016-04-27,-1,21,2016-04-27 09:30:00-05:00,106.821,2016-04-27 14:20:00-05:00,107.72900000000001,107.71000000000001,-190.68,short: close 106.84 < lower 107.01,stop
2016-04-28,1,60,2016-04-28 09:00:00-05:00,107.99900000000001,2016-04-28 12:03:00-05:00,107.711,107.73,-172.8,long: close 107.98 > upper 107.91,stop
2016-04-29,-1,60,2016-04-29 09:00:00-05:00,105.681,2016-04-29 09:37:00-05:00,105.97900000000001,105.96000000000001,-178.8,short: close 105.71 < lower 105.99,stop
2016-04-29,-1,45,2016-04-29 10:00:00-05:00,105.491,2016-04-29 12:24:00-05:00,105.909,105.89,-188.1,short: close 105.51 < lower 105.86,stop
2016-05-02,1,34,2016-05-02 13:30:00-05:00,106.489,2016-05-02 14:52:00-05:00,106.756,105.94,90.78,long: close 106.47 > upper 106.39,flatten
2016-05-09,1,60,2016-05-09 09:00:00-05:00,106.16900000000001,2016-05-09 09:25:00-05:00,105.871,105.89,-178.8,long: close 106.16 > upper 105.88,stop
2016-05-09,1,52,2016-05-09 11:30:00-05:00,106.089,2016-05-09 14:52:00-05:00,105.871,105.75,-113.36,long: close 106.07 > upper 105.94,flatten
2016-05-10,1,34,2016-05-10 10:00:00-05:00,106.769,2016-05-10 14:52:00-05:00,107.291,106.22,177.48,long: close 106.75 > upper 106.61,flatten
2016-05-11,-1,35,2016-05-11 13:00:00-05:00,106.681,2016-05-11 14:52:00-05:00,106.38900000000001,107.2,102.2,short: close 106.71 < lower 106.72,flatten
2016-05-12,-1,46,2016-05-12 09:00:00-05:00,106.021,2016-05-12 13:52:00-05:00,106.429,106.41,-187.68,short: close 106.03 < lower 106.13,stop
2016-05-13,1,43,2016-05-13 10:30:00-05:00,106.4,2016-05-13 11:44:00-05:00,105.961,105.98,-188.77,long: close 106.39 > upper 106.30,stop
2016-05-16,1,51,2016-05-16 09:00:00-05:00,106.049,2016-05-16 14:52:00-05:00,106.881,105.7,424.32,long: close 106.02 > upper 105.94,flatten
2016-05-17,-1,55,2016-05-17 09:30:00-05:00,106.223,2016-05-17 10:18:00-05:00,106.55900000000001,106.54,-184.8,short: close 106.25 < lower 106.46,stop
2016-05-17,-1,42,2016-05-17 11:30:00-05:00,106.282,2016-05-17 14:52:00-05:00,105.49900000000001,106.71000000000001,328.86,short: close 106.30 < lower 106.35,flatten
2016-05-18,1,49,2016-05-18 09:30:00-05:00,106.21900000000001,2016-05-18 09:58:00-05:00,105.831,105.85000000000001,-190.12,long: close 106.21 > upper 105.76,stop
2016-05-18,1,41,2016-05-18 10:00:00-05:00,105.88900000000001,2016-05-18 13:06:00-05:00,105.431,105.45,-187.78,long: close 105.86 > upper 105.83,stop
2016-05-19,-1,37,2016-05-19 09:00:00-05:00,104.916,2016-05-19 14:20:00-05:00,105.43900000000001,105.42,-193.51,short: close 104.94 < lower 105.15,stop
2016-05-20,1,36,2016-05-20 09:00:00-05:00,106.44900000000001,2016-05-20 14:52:00-05:00,106.39099999999999,105.94,-20.88,long: close 106.43 > upper 106.04,flatten
2016-05-24,1,29,2016-05-24 09:00:00-05:00,107.46900000000001,2016-05-24 14:52:00-05:00,108.511,106.82000000000001,302.18,long: close 107.44 > upper 107.26,flatten
2016-06-02,-1,42,2016-06-02 09:00:00-05:00,109.651,2016-06-02 09:33:00-05:00,110.099,110.08,-188.16,short: close 109.67 < lower 109.80,stop
2016-06-03,-1,43,2016-06-03 09:00:00-05:00,109.83099999999999,2016-06-03 13:49:00-05:00,110.269,110.25,-188.34,short: close 109.87 < lower 110.06,stop
2016-06-10,-1,23,2016-06-10 13:00:00-05:00,108.841,2016-06-10 14:52:00-05:00,108.899,109.67,-13.34,short: close 108.86 < lower 108.87,flatten
2016-06-14,1,50,2016-06-14 09:00:00-05:00,108.289,2016-06-14 09:17:00-05:00,107.911,107.93,-189.0,long: close 108.28 > upper 108.26,stop
2016-06-14,-1,43,2016-06-14 10:00:00-05:00,107.411,2016-06-14 11:25:00-05:00,107.849,107.83,-188.34,short: close 107.42 < lower 107.49,stop
2016-06-16,-1,37,2016-06-16 09:00:00-05:00,106.771,2016-06-16 11:24:00-05:00,107.289,107.27,-191.66,short: close 106.80 < lower 106.95,stop
2016-06-17,-1,39,2016-06-17 09:00:00-05:00,106.89099999999999,2016-06-17 14:52:00-05:00,106.46900000000001,107.36,164.58,short: close 106.91 < lower 107.32,flatten
2016-06-20,1,21,2016-06-20 09:30:00-05:00,108.099,2016-06-20 14:50:00-05:00,107.17099999999999,107.19,-194.88,long: close 108.09 > upper 108.05,stop
2016-06-21,1,60,2016-06-21 11:30:00-05:00,107.57900000000001,2016-06-21 11:55:00-05:00,107.271,107.29,-184.8,long: close 107.55 > upper 107.53,stop
2016-06-22,1,47,2016-06-22 10:00:00-05:00,107.96900000000001,2016-06-22 11:24:00-05:00,107.571,107.59,-187.06,long: close 107.95 > upper 107.90,stop
2016-06-23,1,27,2016-06-23 11:00:00-05:00,108.394,2016-06-23 14:52:00-05:00,108.67099999999999,107.71000000000001,74.79,long: close 108.37 > upper 108.35,flatten
2016-06-27,-1,27,2016-06-27 09:00:00-05:00,102.92099999999999,2016-06-27 14:52:00-05:00,102.30900000000001,103.62,165.24,short: close 102.94 < lower 103.27,flatten
2016-06-28,1,21,2016-06-28 09:00:00-05:00,104.049,2016-06-28 14:52:00-05:00,104.335,103.16,60.06,long: close 104.03 > upper 103.70,flatten
2016-06-29,1,23,2016-06-29 09:30:00-05:00,105.77900000000001,2016-06-29 14:52:00-05:00,106.25099999999999,104.97,108.56,long: close 105.77 > upper 105.67,flatten
2016-06-30,1,39,2016-06-30 11:30:00-05:00,107.289,2016-06-30 14:52:00-05:00,107.291,106.82000000000001,0.78,long: close 107.27 > upper 106.87,flatten
2016-07-01,1,37,2016-07-01 09:00:00-05:00,108.129,2016-07-01 14:52:00-05:00,108.11099999999999,107.63,-6.66,long: close 108.11 > upper 108.05,flatten
2016-07-05,-1,29,2016-07-05 12:30:00-05:00,107.071,2016-07-05 14:52:00-05:00,107.489,107.7,-121.22,short: close 107.09 < lower 107.18,flatten
2016-07-06,1,27,2016-07-06 11:30:00-05:00,108.16900000000001,2016-07-06 14:52:00-05:00,108.211,107.47,11.34,long: close 108.14 > upper 107.88,flatten
2016-07-08,1,25,2016-07-08 09:30:00-05:00,109.72890000000001,2016-07-08 14:52:00-05:00,110.261,108.97,133.02,long: close 109.71 > upper 109.66,flatten
2016-07-11,1,26,2016-07-11 12:00:00-05:00,111.30900000000001,2016-07-11 14:52:00-05:00,110.991,110.58,-82.68,long: close 111.29 > upper 111.22,flatten
2016-07-18,1,40,2016-07-18 09:30:00-05:00,112.429,2016-07-18 14:52:00-05:00,112.571,111.98,56.8,long: close 112.41 > upper 112.28,flatten
2016-07-20,1,30,2016-07-20 09:30:00-05:00,113.13900000000001,2016-07-20 14:52:00-05:00,113.53099999999999,112.52,117.6,long: close 113.11 > upper 113.06,flatten
2016-07-22,1,36,2016-07-22 11:30:00-05:00,113.789,2016-07-22 14:52:00-05:00,113.621,113.28,-60.48,long: close 113.77 > upper 113.74,flatten
2016-07-26,1,60,2016-07-26 09:00:00-05:00,114.134,2016-07-26 09:43:00-05:00,113.911,113.93,-133.8,long: close 114.11 > upper 113.85,stop
2016-07-26,-1,57,2016-07-26 10:00:00-05:00,113.261,2016-07-26 10:50:00-05:00,113.58900000000001,113.57000000000001,-186.96,short: close 113.29 < lower 113.34,stop
2016-08-01,1,60,2016-08-01 09:00:00-05:00,115.49900000000001,2016-08-01 14:52:00-05:00,115.78099999999999,115.3,169.2,long: close 115.49 > upper 115.45,flatten
2016-08-02,-1,60,2016-08-02 09:00:00-05:00,115.39099999999999,2016-08-02 14:52:00-05:00,115.024,115.62,220.2,short: close 115.41 < lower 115.53,flatten
2016-08-04,1,51,2016-08-04 10:00:00-05:00,115.709,2016-08-04 14:52:00-05:00,115.6772,115.36,-16.22,long: close 115.69 > upper 115.68,flatten
2016-08-05,1,40,2016-08-05 09:00:00-05:00,116.80900000000001,2016-08-05 14:52:00-05:00,116.771,116.35000000000001,-15.2,long: close 116.79 > upper 116.44,flatten
2016-08-08,-1,60,2016-08-08 09:30:00-05:00,116.351,2016-08-08 14:52:00-05:00,116.619,116.62,-160.8,short: close 116.37 < lower 116.53,flatten
2016-08-09,1,60,2016-08-09 09:00:00-05:00,116.99900000000001,2016-08-09 13:34:00-05:00,116.75099999999999,116.77,-148.8,long: close 116.97 > upper 116.92,stop
2016-08-10,-1,52,2016-08-10 10:30:00-05:00,116.44099999999999,2016-08-10 14:52:00-05:00,116.534,116.78,-48.36,short: close 116.46 < lower 116.60,flatten
2016-08-15,1,60,2016-08-15 09:00:00-05:00,117.6589,2016-08-15 14:52:00-05:00,117.7209,117.39,37.2,long: close 117.64 > upper 117.53,flatten
2016-08-16,-1,57,2016-08-16 09:00:00-05:00,117.241,2016-08-16 14:52:00-05:00,117.17540000000001,117.55,37.39,short: close 117.26 < lower 117.28,flatten
2016-08-17,-1,60,2016-08-17 09:00:00-05:00,116.72099999999999,2016-08-17 11:49:00-05:00,116.94900000000001,116.93,-136.8,short: close 116.74 < lower 116.85,stop
2016-08-24,-1,60,2016-08-24 13:30:00-05:00,116.911,2016-08-24 14:52:00-05:00,116.539,117.18,223.2,short: close 116.93 < lower 117.26,flatten
2016-08-26,1,60,2016-08-26 09:00:00-05:00,116.869,2016-08-26 09:00:00-05:00,116.651,116.67,-130.8,long: close 116.86 > upper 116.82,stop
2016-08-26,1,60,2016-08-26 09:30:00-05:00,117.49900000000001,2016-08-26 09:51:00-05:00,117.201,117.22,-178.8,long: close 117.47 > upper 116.90,stop
2016-08-29,1,60,2016-08-29 09:00:00-05:00,117.02900000000001,2016-08-29 09:38:00-05:00,116.81099999999999,116.83,-130.8,long: close 117.01 > upper 116.97,stop
2016-08-29,1,59,2016-08-29 11:00:00-05:00,117.1601,2016-08-29 14:52:00-05:00,116.961,116.86,-117.47,long: close 117.15 > upper 117.08,flatten
2016-08-30,-1,49,2016-08-30 11:00:00-05:00,116.44099999999999,2016-08-30 14:52:00-05:00,116.49000000000001,116.81,-24.01,short: close 116.46 < lower 116.47,flatten
2016-08-31,-1,52,2016-08-31 11:30:00-05:00,116.041,2016-08-31 13:06:00-05:00,116.399,116.38,-186.16,short: close 116.07 < lower 116.13,stop
2016-09-01,-1,60,2016-09-01 09:30:00-05:00,116.151,2016-09-01 11:15:00-05:00,116.429,116.41,-166.8,short: close 116.17 < lower 116.19,stop
2016-09-01,1,60,2016-09-01 12:30:00-05:00,116.799,2016-09-01 14:05:00-05:00,116.551,116.57000000000001,-148.8,long: close 116.78 > upper 116.69,stop
2016-09-06,1,60,2016-09-06 09:00:00-05:00,117.46900000000001,2016-09-06 09:19:00-05:00,117.201,117.22,-160.8,long: close 117.47 > upper 117.44,stop
2016-09-06,1,55,2016-09-06 11:00:00-05:00,117.679,2016-09-06 14:52:00-05:00,117.761,117.36,45.1,long: close 117.66 > upper 117.51,flatten
2016-09-07,-1,55,2016-09-07 11:30:00-05:00,117.541,2016-09-07 14:24:00-05:00,117.879,117.86,-185.9,short: close 117.57 < lower 117.58,stop
2016-09-08,-1,59,2016-09-08 09:00:00-05:00,117.201,2016-09-08 09:35:00-05:00,117.519,117.5,-187.62,short: close 117.22 < lower 117.46,stop
2016-09-08,-1,49,2016-09-08 10:00:00-05:00,117.34599999999999,2016-09-08 14:52:00-05:00,117.289,117.72,27.93,short: close 117.36 < lower 117.39,flatten
2016-09-09,-1,27,2016-09-09 10:00:00-05:00,115.991,2016-09-09 14:52:00-05:00,114.604,116.69,374.49,short: close 116.02 < lower 116.02,flatten
2016-09-12,1,40,2016-09-12 09:00:00-05:00,114.649,2016-09-12 14:52:00-05:00,116.22099999999999,114.19,628.8,long: close 114.65 > upper 114.42,flatten
2016-09-13,-1,37,2016-09-13 09:00:00-05:00,115.451,2016-09-13 14:52:00-05:00,115.424,115.94,9.99,short: close 115.47 < lower 115.53,flatten
2016-09-14,1,60,2016-09-14 09:00:00-05:00,115.85900000000001,2016-09-14 14:23:00-05:00,115.551,115.57000000000001,-184.8,long: close 115.84 > upper 115.65,stop
2016-09-15,1,60,2016-09-15 09:00:00-05:00,116.30900000000001,2016-09-15 14:52:00-05:00,117.651,116.05,805.2,long: close 116.29 > upper 116.13,flatten
2016-09-19,1,45,2016-09-19 09:00:00-05:00,117.93900000000001,2016-09-19 09:36:00-05:00,117.521,117.54,-188.1,long: close 117.92 > upper 117.83,stop
2016-09-27,1,60,2016-09-27 09:00:00-05:00,117.979,2016-09-27 14:52:00-05:00,118.461,117.69,289.2,long: close 117.95 > upper 117.61,flatten
2016-09-29,-1,25,2016-09-29 12:00:00-05:00,117.58099999999999,2016-09-29 14:52:00-05:00,117.959,118.33,-94.5,short: close 117.61 < lower 117.86,flatten
2016-09-30,1,27,2016-09-30 10:30:00-05:00,118.789,2016-09-30 14:52:00-05:00,118.976,118.09,50.49,long: close 118.77 > upper 118.69,flatten
2016-10-03,-1,57,2016-10-03 09:00:00-05:00,118.22099999999999,2016-10-03 09:42:00-05:00,118.549,118.53,-186.96,short: close 118.24 < lower 118.30,stop
2016-10-04,1,47,2016-10-04 09:00:00-05:00,119.119,2016-10-04 09:11:00-05:00,118.721,118.74000000000001,-187.06,long: close 119.11 > upper 119.09,stop
2016-10-05,1,49,2016-10-05 09:30:00-05:00,119.069,2016-10-05 14:52:00-05:00,118.791,118.7,-136.22,long: close 119.05 > upper 118.91,flatten
2016-10-07,-1,60,2016-10-07 09:00:00-05:00,118.451,2016-10-07 09:25:00-05:00,118.739,118.72,-172.8,short: close 118.47 < lower 118.53,stop
2016-10-07,-1,60,2016-10-07 10:00:00-05:00,118.42099999999999,2016-10-07 14:52:00-05:00,118.5886,118.67,-100.56,short: close 118.44 < lower 118.55,flatten
2016-10-10,1,37,2016-10-10 09:00:00-05:00,119.40400000000001,2016-10-10 14:52:00-05:00,119.161,118.9,-89.91,long: close 119.38 > upper 119.27,flatten
2016-10-11,-1,60,2016-10-11 09:00:00-05:00,118.53099999999999,2016-10-11 14:52:00-05:00,117.49900000000001,118.81,619.2,short: close 118.54 < lower 118.88,flatten
2016-10-13,-1,29,2016-10-13 09:00:00-05:00,116.091,2016-10-13 11:36:00-05:00,116.75900000000001,116.74000000000001,-193.72,short: close 116.11 < lower 116.38,stop
2016-10-14,1,34,2016-10-14 09:00:00-05:00,117.929,2016-10-14 10:30:00-05:00,117.371,117.39,-189.72,long: close 117.91 > upper 117.82,stop
2016-10-17,-1,57,2016-10-17 09:00:00-05:00,116.69099999999999,2016-10-17 09:10:00-05:00,117.019,117.0,-186.96,short: close 116.71 < lower 116.81,stop
2016-10-20,-1,50,2016-10-20 10:00:00-05:00,117.201,2016-10-20 11:00:00-05:00,117.57900000000001,117.56,-189.0,short: close 117.21 < lower 117.39,stop
2016-10-21,1,51,2016-10-21 11:00:00-05:00,118.129,2016-10-21 14:52:00-05:00,118.181,117.78,26.52,long: close 118.11 > upper 118.10,flatten
2016-10-24,1,29,2016-10-24 09:00:00-05:00,119.259,2016-10-24 14:52:00-05:00,119.5043,118.61,71.14,long: close 119.24 > upper 119.20,flatten
2016-10-25,-1,52,2016-10-25 11:00:00-05:00,119.19099999999999,2016-10-25 14:52:00-05:00,119.099,119.53,47.84,short: close 119.22 < lower 119.24,flatten
2016-10-28,-1,30,2016-10-28 13:00:00-05:00,116.89099999999999,2016-10-28 14:52:00-05:00,117.049,117.5,-47.4,short: close 116.90 < lower 117.06,flatten
2016-11-01,-1,54,2016-11-01 09:30:00-05:00,116.64099999999999,2016-11-01 14:52:00-05:00,116.069,116.97,308.88,short: close 116.70 < lower 116.75,flatten
2016-11-02,-1,60,2016-11-02 11:00:00-05:00,115.78099999999999,2016-11-02 14:52:00-05:00,115.27900000000001,116.05,301.2,short: close 115.80 < lower 115.81,flatten
2016-11-03,-1,46,2016-11-03 11:30:00-05:00,114.511,2016-11-03 14:52:00-05:00,113.96900000000001,114.9,249.32,short: close 114.54 < lower 114.70,flatten
2016-11-04,1,44,2016-11-04 10:30:00-05:00,114.43900000000001,2016-11-04 13:49:00-05:00,114.011,114.03,-188.32,long: close 114.42 > upper 114.29,stop
2016-11-07,1,16,2016-11-07 09:30:00-06:00,115.74900000000001,2016-11-07 14:52:00-06:00,116.39099999999999,114.61,102.72,long: close 115.74 > upper 115.70,flatten
2016-11-08,-1,60,2016-11-08 09:00:00-06:00,116.03099999999999,2016-11-08 09:31:00-06:00,116.25900000000001,116.24000000000001,-136.8,short: close 116.06 < lower 116.08,stop
2016-11-08,1,44,2016-11-08 10:30:00-06:00,116.769,2016-11-08 14:52:00-06:00,117.306,116.36,236.28,long: close 116.74 > upper 116.70,flatten
2016-11-10,-1,35,2016-11-10 09:30:00-06:00,115.241,2016-11-10 10:27:00-06:00,115.789,115.77,-191.8,short: close 115.25 < lower 117.36,stop
2016-11-10,-1,25,2016-11-10 10:30:00-06:00,115.541,2016-11-10 12:42:00-06:00,116.30900000000001,116.29,-192.0,short: close 115.52 < lower 117.15,stop
2016-11-11,-1,37,2016-11-11 09:00:00-06:00,114.901,2016-11-11 09:05:00-06:00,115.41900000000001,115.4,-191.66,short: close 114.92 < lower 114.98,stop
2016-11-14,-1,60,2016-11-14 09:00:00-06:00,114.92099999999999,2016-11-14 09:07:00-06:00,115.22900000000001,115.21000000000001,-184.8,short: close 114.95 < lower 115.54,stop
2016-11-14,-1,41,2016-11-14 09:30:00-06:00,114.961,2016-11-14 14:52:00-06:00,114.66900000000001,115.4,119.72,short: close 114.97 < lower 115.38,flatten
2016-11-15,1,25,2016-11-15 09:00:00-06:00,115.989,2016-11-15 14:52:00-06:00,116.341,115.24000000000001,88.0,long: close 115.97 > upper 115.81,flatten
2016-11-21,1,36,2016-11-21 09:00:00-06:00,118.32900000000001,2016-11-21 09:27:00-06:00,117.801,117.82000000000001,-190.08,long: close 118.30 > upper 117.97,stop
2016-11-29,1,21,2016-11-29 11:00:00-06:00,119.52900000000001,2016-11-29 14:52:00-06:00,118.871,118.63,-138.18,long: close 119.51 > upper 119.49,flatten
2016-11-30,-1,32,2016-11-30 09:30:00-06:00,118.231,2016-11-30 14:52:00-06:00,117.65400000000001,118.81,184.64,short: close 118.27 < lower 118.43,flatten
2016-12-01,-1,50,2016-12-01 09:00:00-06:00,116.771,2016-12-01 09:06:00-06:00,117.149,117.13,-189.0,short: close 116.78 < lower 117.09,stop
2016-12-01,-1,34,2016-12-01 09:30:00-06:00,116.39099999999999,2016-12-01 14:52:00-06:00,115.459,116.93,316.88,short: close 116.42 < lower 116.91,flatten
2016-12-05,1,26,2016-12-05 09:30:00-06:00,116.78800000000001,2016-12-05 14:52:00-06:00,116.606,116.08,-47.32,long: close 116.77 > upper 116.71,flatten
2016-12-07,-1,49,2016-12-07 09:00:00-06:00,116.28099999999999,2016-12-07 09:11:00-06:00,116.66900000000001,116.65,-190.12,short: close 116.30 < lower 116.37,stop
2016-12-07,1,27,2016-12-07 12:30:00-06:00,117.59400000000001,2016-12-07 14:52:00-06:00,118.271,116.9,182.79,long: close 117.58 > upper 117.43,flatten
2016-12-09,1,39,2016-12-09 09:00:00-06:00,119.429,2016-12-09 14:52:00-06:00,119.396,118.96000000000001,-12.87,long: close 119.40 > upper 119.28,flatten
2016-12-13,1,42,2016-12-13 09:00:00-06:00,120.46900000000001,2016-12-13 14:52:00-06:00,120.62599999999999,120.04,65.94,long: close 120.44 > upper 119.59,flatten
2016-12-15,1,46,2016-12-15 09:00:00-06:00,120.74900000000001,2016-12-15 12:53:00-06:00,120.341,120.36,-187.68,long: close 120.73 > upper 120.66,stop
2016-12-16,-1,33,2016-12-16 10:30:00-06:00,119.491,2016-12-16 14:52:00-06:00,119.659,120.05,-55.44,short: close 119.52 < lower 119.79,flatten
2016-12-19,1,47,2016-12-19 09:00:00-06:00,120.19900000000001,2016-12-19 14:52:00-06:00,119.996,119.82000000000001,-95.41,long: close 120.17 > upper 120.06,flatten
2016-12-22,-1,45,2016-12-22 10:00:00-06:00,120.021,2016-12-22 14:52:00-06:00,119.959,120.42,27.9,short: close 120.04 < lower 120.06,flatten
2016-12-27,1,46,2016-12-27 09:00:00-06:00,121.429,2016-12-27 10:53:00-06:00,121.021,121.04,-187.68,long: close 121.40 > upper 120.71,stop
2016-12-27,1,35,2016-12-27 11:00:00-06:00,121.049,2016-12-27 14:52:00-06:00,120.87599999999999,120.53,-60.55,long: close 121.03 > upper 120.85,flatten
2016-12-28,-1,40,2016-12-28 09:00:00-06:00,120.42099999999999,2016-12-28 14:52:00-06:00,119.8889,120.87,212.84,short: close 120.44 < lower 120.50,flatten
2016-12-29,-1,39,2016-12-29 11:00:00-06:00,119.411,2016-12-29 14:52:00-06:00,119.714,119.88,-118.17,short: close 119.43 < lower 119.44,flatten
2016-12-30,-1,39,2016-12-30 09:00:00-06:00,118.841,2016-12-30 14:52:00-06:00,118.194,119.31,252.33,short: close 118.89 < lower 119.33,flatten
2017-01-03,1,23,2017-01-03 09:30:00-06:00,119.789,2017-01-03 10:43:00-06:00,118.941,118.96000000000001,-195.04,long: close 119.77 > upper 119.73,stop
2017-01-04,1,31,2017-01-04 11:00:00-06:00,120.209,2017-01-04 14:52:00-06:00,120.196,119.62,-4.03,long: close 120.19 > upper 120.18,flatten
2017-01-05,1,47,2017-01-05 09:00:00-06:00,120.679,2017-01-05 14:52:00-06:00,120.92099999999999,120.3,113.74,long: close 120.66 > upper 120.55,flatten
2017-01-06,1,37,2017-01-06 10:00:00-06:00,121.519,2017-01-06 14:52:00-06:00,122.011,121.02,182.04,long: close 121.49 > upper 121.43,flatten
2017-01-10,1,35,2017-01-10 11:30:00-06:00,122.899,2017-01-10 14:52:00-06:00,122.616,122.37,-99.05,long: close 122.88 > upper 122.88,flatten
2017-01-12,-1,31,2017-01-12 09:30:00-06:00,121.886,2017-01-12 12:16:00-06:00,122.49900000000001,122.48,-190.03,short: close 121.92 < lower 122.12,stop
2017-01-13,1,34,2017-01-13 11:00:00-06:00,123.369,2017-01-13 14:52:00-06:00,123.14099999999999,122.82000000000001,-77.52,long: close 123.35 > upper 123.32,flatten
2017-01-19,1,47,2017-01-19 09:00:00-06:00,123.63430000000001,2017-01-19 09:16:00-06:00,123.231,123.25,-189.55,long: close 123.62 > upper 123.50,stop
2017-01-24,1,40,2017-01-24 13:00:00-06:00,124.119,2017-01-24 14:52:00-06:00,124.246,123.67,50.8,long: close 124.09 > upper 123.92,flatten
2017-01-25,1,26,2017-01-25 13:00:00-06:00,125.384,2017-01-25 14:52:00-06:00,125.4035,124.67,5.07,long: close 125.36 > upper 125.29,flatten
2017-01-30,-1,46,2017-01-30 09:00:00-06:00,124.541,2017-01-30 14:52:00-06:00,124.88900000000001,124.93,-160.08,short: close 124.56 < lower 125.19,flatten
2017-01-31,-1,37,2017-01-31 10:00:00-06:00,124.091,2017-01-31 14:45:00-06:00,124.599,124.58,-187.96,short: close 124.10 < lower 124.12,stop
2017-02-07,1,55,2017-02-07 09:30:00-06:00,126.299,2017-02-07 14:52:00-06:00,126.151,125.98,-81.4,long: close 126.29 > upper 126.27,flatten
2017-02-08,1,55,2017-02-08 13:30:00-06:00,126.57900000000001,2017-02-08 14:52:00-06:00,126.621,126.26,23.1,long: close 126.56 > upper 126.53,flatten
2017-02-09,1,60,2017-02-09 09:30:00-06:00,126.879,2017-02-09 14:52:00-06:00,127.03099999999999,126.59,91.2,long: close 126.87 > upper 126.87,flatten
2017-02-13,1,41,2017-02-13 11:30:00-06:00,128.029,2017-02-13 14:52:00-06:00,128.12099999999998,127.59,37.72,long: close 128.04 > upper 128.00,flatten
2017-02-14,1,60,2017-02-14 12:30:00-06:00,128.4418,2017-02-14 14:52:00-06:00,128.46949999999998,128.15,16.62,long: close 128.42 > upper 128.40,flatten
2017-02-15,1,52,2017-02-15 10:30:00-06:00,128.969,2017-02-15 14:52:00-06:00,129.231,128.63,136.24,long: close 128.95 > upper 128.82,flatten
2017-02-21,1,60,2017-02-21 09:00:00-06:00,130.314,2017-02-21 10:37:00-06:00,130.051,130.07,-157.8,long: close 130.29 > upper 130.16,stop
2017-02-23,-1,60,2017-02-23 09:30:00-06:00,129.9983,2017-02-23 14:52:00-06:00,129.939,130.27,35.58,short: close 130.01 < lower 130.31,flatten
2017-02-28,-1,59,2017-02-28 11:30:00-06:00,129.751,2017-02-28 12:55:00-06:00,130.06900000000002,130.05,-187.62,short: close 129.78 < lower 130.11,stop
2017-02-28,-1,46,2017-02-28 13:30:00-06:00,129.891,2017-02-28 14:52:00-06:00,130.00900000000001,130.28,-54.28,short: close 129.91 < lower 130.02,flatten
2017-03-01,1,27,2017-03-01 10:30:00-06:00,131.199,2017-03-01 14:52:00-06:00,131.611,130.52,111.24,long: close 131.18 > upper 131.09,flatten
2017-03-02,-1,60,2017-03-02 09:30:00-06:00,131.171,2017-03-02 14:52:00-06:00,130.769,131.37,241.2,short: close 131.19 < lower 131.24,flatten
2017-03-03,-1,60,2017-03-03 09:30:00-06:00,130.452,2017-03-03 11:06:00-06:00,130.719,130.7,-160.2,short: close 130.46 < lower 130.49,stop
2017-03-06,-1,41,2017-03-06 09:30:00-06:00,130.2695,2017-03-06 12:13:00-06:00,130.729,130.71,-188.4,short: close 130.30 < lower 130.37,stop
2017-03-08,1,60,2017-03-08 09:00:00-06:00,130.959,2017-03-08 09:13:00-06:00,130.74099999999999,130.76,-130.8,long: close 130.94 > upper 130.70,stop
2017-03-08,1,60,2017-03-08 09:30:00-06:00,131.06900000000002,2017-03-08 10:44:00-06:00,130.781,130.8,-172.8,long: close 131.06 > upper 130.80,stop
2017-03-09,-1,52,2017-03-09 13:30:00-06:00,130.321,2017-03-09 14:08:00-06:00,130.679,130.66,-186.16,short: close 130.34 < lower 130.39,stop
2017-03-14,-1,60,2017-03-14 09:00:00-05:00,131.12099999999998,2017-03-14 14:52:00-05:00,131.309,131.39000000000001,-112.8,short: close 131.14 < lower 131.18,flatten
2017-03-15,1,39,2017-03-15 13:30:00-05:00,131.949,2017-03-15 14:52:00-05:00,132.231,131.48,109.98,long: close 131.93 > upper 131.89,flatten
2017-03-16,-1,51,2017-03-16 10:30:00-05:00,131.821,2017-03-16 14:52:00-05:00,132.0346,132.17000000000002,-108.94,short: close 131.84 < lower 131.87,flatten
2017-03-20,1,60,2017-03-20 09:30:00-05:00,132.0873,2017-03-20 11:16:00-05:00,131.821,131.84,-159.78,long: close 132.06 > upper 131.90,stop
2017-03-21,-1,36,2017-03-21 10:00:00-05:00,131.231,2017-03-21 14:52:00-05:00,129.769,131.74,526.32,short: close 131.24 < lower 131.54,flatten
2017-03-22,1,52,2017-03-22 10:00:00-05:00,130.329,2017-03-22 14:52:00-05:00,130.691,129.99,188.24,long: close 130.32 > upper 130.18,flatten
2017-03-23,-1,60,2017-03-23 09:00:00-05:00,130.37099999999998,2017-03-23 09:39:00-05:00,130.589,130.57,-130.8,short: close 130.38 < lower 130.43,stop
2017-03-24,1,55,2017-03-24 09:00:00-05:00,131.12900000000002,2017-03-24 12:52:00-05:00,130.791,130.81,-185.9,long: close 131.11 > upper 130.90,stop
2017-03-28,-1,60,2017-03-28 09:00:00-05:00,130.671,2017-03-28 09:03:00-05:00,130.889,130.87,-130.8,short: close 130.67 < lower 130.67,stop
2017-03-28,1,45,2017-03-28 11:00:00-05:00,131.309,2017-03-28 14:52:00-05:00,131.701,130.91,176.4,long: close 131.30 > upper 131.23,flatten
2017-03-29,1,60,2017-03-29 09:00:00-05:00,131.999,2017-03-29 10:39:00-05:00,131.781,131.8,-130.8,long: close 131.96 > upper 131.84,stop
2017-03-29,1,37,2017-03-29 13:30:00-05:00,132.209,2017-03-29 14:52:00-05:00,132.231,131.71,8.14,long: close 132.20 > upper 132.18,flatten
2017-03-30,1,60,2017-03-30 09:00:00-05:00,132.419,2017-03-30 11:38:00-05:00,132.201,132.22,-130.8,long: close 132.41 > upper 132.39,stop
2017-04-03,-1,39,2017-04-03 11:00:00-05:00,131.831,2017-04-03 13:40:00-05:00,132.31900000000002,132.3,-190.32,short: close 131.85 < lower 131.95,stop
2017-04-05,1,60,2017-04-05 09:00:00-05:00,132.939,2017-04-05 14:00:00-05:00,132.68099999999998,132.7,-154.8,long: close 132.96 > upper 132.82,stop
2017-04-07,-1,60,2017-04-07 09:00:00-05:00,131.551,2017-04-07 09:04:00-05:00,131.769,131.75,-130.8,short: close 131.58 < lower 131.83,stop
2017-04-10,1,60,2017-04-10 09:00:00-05:00,132.409,2017-04-10 10:31:00-05:00,132.131,132.15,-166.8,long: close 132.39 > upper 132.29,stop
2017-04-11,-1,60,2017-04-11 09:00:00-05:00,131.291,2017-04-11 12:05:00-05:00,131.59900000000002,131.58,-184.8,short: close 131.31 < lower 131.66,stop
2017-04-11,-1,39,2017-04-11 13:00:00-05:00,131.311,2017-04-11 14:52:00-05:00,131.299,131.78,4.68,short: close 131.33 < lower 131.48,flatten
2017-04-12,-1,52,2017-04-12 10:00:00-05:00,131.091,2017-04-12 14:52:00-05:00,130.94400000000002,131.43,76.44,short: close 131.10 < lower 131.12,flatten
2017-04-13,1,55,2017-04-13 09:00:00-05:00,131.209,2017-04-13 12:01:00-05:00,130.871,130.89000000000001,-185.9,long: close 131.18 > upper 131.16,stop
2017-04-17,1,39,2017-04-17 09:30:00-05:00,131.119,2017-04-17 14:52:00-05:00,131.4157,130.65,115.71,long: close 131.10 > upper 131.06,flatten
2017-04-19,1,34,2017-04-19 09:00:00-05:00,132.214,2017-04-19 13:15:00-05:00,131.651,131.67000000000002,-191.42,long: close 132.19 > upper 132.11,stop
2017-04-20,1,31,2017-04-20 11:00:00-05:00,132.409,2017-04-20 14:52:00-05:00,132.831,131.81,130.82,long: close 132.39 > upper 132.37,flatten
2017-04-25,1,40,2017-04-25 09:30:00-05:00,134.869,2017-04-25 14:52:00-05:00,135.11169999999998,134.41,97.08,long: close 134.84 > upper 134.83,flatten
2017-04-27,1,42,2017-04-27 12:00:00-05:00,135.6797,2017-04-27 14:52:00-05:00,135.551,135.25,-54.05,long: close 135.67 > upper 135.54,flatten
2017-05-01,1,35,2017-05-01 10:00:00-05:00,136.87900000000002,2017-05-01 14:52:00-05:00,137.221,136.35,119.7,long: close 136.85 > upper 136.75,flatten
2017-05-03,-1,51,2017-05-03 09:30:00-05:00,136.881,2017-05-03 14:52:00-05:00,137.109,137.23,-116.28,short: close 136.90 < lower 136.94,flatten
2017-05-04,-1,60,2017-05-04 09:00:00-05:00,136.641,2017-05-04 09:10:00-05:00,136.899,136.88,-154.8,short: close 136.66 < lower 136.75,stop
2017-05-09,1,57,2017-05-09 09:00:00-05:00,138.409,2017-05-09 14:42:00-05:00,138.081,138.1,-186.96,long: close 138.38 > upper 138.25,stop
2017-05-10,-1,60,2017-05-10 09:00:00-05:00,138.091,2017-05-10 11:52:00-05:00,138.34900000000002,138.33,-154.8,short: close 138.11 < lower 138.12,stop
2017-05-11,-1,46,2017-05-11 09:00:00-05:00,137.62099999999998,2017-05-11 12:16:00-05:00,138.029,138.01,-187.68,short: close 137.65 < lower 137.82,stop
2017-05-15,1,60,2017-05-15 09:00:00-05:00,138.929,2017-05-15 11:27:00-05:00,138.681,138.70000000000002,-148.8,long: close 138.92 > upper 138.85,stop
2017-05-15,1,60,2017-05-15 12:30:00-05:00,138.919,2017-05-15 14:52:00-05:00,139.006,138.71,52.2,long: close 138.91 > upper 138.83,flatten
2017-05-17,-1,24,2017-05-17 09:00:00-05:00,138.101,2017-05-17 14:52:00-05:00,136.309,138.88,430.08,short: close 138.13 < lower 138.32,flatten
2017-05-18,1,60,2017-05-18 09:00:00-05:00,136.549,2017-05-18 14:52:00-05:00,137.411,136.29,517.2,long: close 136.52 > upper 136.33,flatten
2017-05-19,1,38,2017-05-19 09:00:00-05:00,138.049,2017-05-19 14:52:00-05:00,137.886,137.57,-61.94,long: close 138.03 > upper 137.97,flatten
2017-05-22,1,43,2017-05-22 09:00:00-05:00,138.594,2017-05-22 14:52:00-05:00,139.021,138.17000000000002,183.61,long: close 138.58 > upper 138.41,flatten
2017-05-25,1,27,2017-05-25 10:30:00-05:00,140.899,2017-05-25 14:52:00-05:00,141.011,140.22,30.24,long: close 140.88 > upper 140.73,flatten
2017-05-31,-1,37,2017-05-31 09:00:00-05:00,140.891,2017-05-31 14:52:00-05:00,141.174,141.39000000000001,-104.71,short: close 140.91 < lower 141.06,flatten
2017-06-02,1,31,2017-06-02 11:00:00-05:00,142.999,2017-06-02 14:52:00-05:00,143.406,142.41,126.17,long: close 142.99 > upper 142.70,flatten
2017-06-08,-1,34,2017-06-08 09:30:00-05:00,142.911,2017-06-08 10:20:00-05:00,143.479,143.46,-193.12,short: close 142.94 < lower 143.02,stop
2017-06-09,-1,46,2017-06-09 10:30:00-05:00,143.21099999999998,2017-06-09 14:52:00-05:00,139.75900000000001,143.6,1587.92,short: close 143.23 < lower 143.26,flatten
2017-06-12,-1,23,2017-06-12 09:00:00-05:00,137.921,2017-06-12 09:23:00-05:00,138.769,138.75,-195.04,short: close 137.94 < lower 138.58,stop
2017-06-12,-1,21,2017-06-12 09:30:00-05:00,138.21099999999998,2017-06-12 10:12:00-05:00,139.12900000000002,139.11,-192.78,short: close 138.23 < lower 138.52,stop
2017-06-15,-1,18,2017-06-15 09:30:00-05:00,137.71099999999998,2017-06-15 11:59:00-05:00,138.75900000000001,138.74,-188.64,short: close 137.74 < lower 138.02,stop
2017-06-16,-1,33,2017-06-16 09:30:00-05:00,137.971,2017-06-16 13:25:00-05:00,138.549,138.53,-190.74,short: close 137.99 < lower 138.36,stop
2017-06-19,1,21,2017-06-19 09:00:00-05:00,139.839,2017-06-19 14:52:00-05:00,140.501,138.94,139.02,long: close 139.82 > upper 139.74,flatten
2017-06-20,-1,42,2017-06-20 10:30:00-05:00,139.861,2017-06-20 14:52:00-05:00,139.459,140.29,168.84,short: close 139.88 < lower 139.96,flatten
2017-06-21,1,39,2017-06-21 10:00:00-05:00,140.25400000000002,2017-06-21 14:52:00-05:00,140.68099999999998,139.78,166.53,long: close 140.24 > upper 139.98,flatten
2017-06-23,1,49,2017-06-23 11:00:00-05:00,141.059,2017-06-23 14:52:00-05:00,141.171,140.69,54.88,long: close 141.05 > upper 140.98,flatten
2017-06-26,-1,25,2017-06-26 10:30:00-05:00,140.62099999999998,2017-06-26 14:52:00-05:00,140.769,141.37,-37.0,short: close 140.64 < lower 140.88,flatten
2017-06-27,-1,35,2017-06-27 09:00:00-05:00,139.721,2017-06-27 14:52:00-05:00,138.179,140.24,539.7,short: close 139.74 < lower 139.81,flatten
2017-06-28,1,29,2017-06-28 10:00:00-05:00,139.189,2017-06-28 14:52:00-05:00,140.0701,138.54,255.52,long: close 139.18 > upper 138.93,flatten
2017-06-29,-1,31,2017-06-29 09:00:00-05:00,138.591,2017-06-29 14:52:00-05:00,137.779,139.18,251.72,short: close 138.60 < lower 139.11,flatten
2017-07-03,-1,22,2017-07-03 10:00:00-05:00,136.90099999999998,2017-07-03 12:54:00-05:00,137.78900000000002,137.77,-195.36,short: close 136.93 < lower 136.99,stop
2017-07-03,-1,17,2017-07-03 13:00:00-05:00,135.93099999999998,2017-07-03 14:54:00-05:00,136.049,137.06,-20.06,short: close 135.96 < lower 136.73,flatten
2017-07-05,1,21,2017-07-05 10:30:00-05:00,137.339,2017-07-05 14:52:00-05:00,137.581,136.44,50.82,long: close 137.32 > upper 137.19,flatten
2017-07-06,-1,20,2017-07-06 09:30:00-05:00,135.981,2017-07-06 11:38:00-05:00,136.959,136.94,-195.6,short: close 136.00 < lower 136.03,stop
2017-07-07,1,37,2017-07-07 09:00:00-05:00,137.359,2017-07-07 14:52:00-05:00,137.811,136.87,167.24,long: close 137.35 > upper 137.01,flatten
2017-07-11,1,39,2017-07-11 09:30:00-05:00,139.06900000000002,2017-07-11 10:20:00-05:00,138.581,138.6,-190.32,long: close 139.04 > upper 139.01,stop
2017-07-13,1,50,2017-07-13 09:00:00-05:00,141.299,2017-07-13 09:19:00-05:00,140.921,140.94,-189.0,long: close 141.28 > upper 141.12,stop
2017-07-27,-1,22,2017-07-27 12:00:00-05:00,144.131,2017-07-27 14:52:00-05:00,143.829,145.0,66.44,short: close 144.15 < lower 144.50,flatten
2017-07-31,-1,47,2017-07-31 09:30:00-05:00,143.281,2017-07-31 14:52:00-05:00,143.199,143.66,38.54,short: close 143.30 < lower 143.65,flatten
2017-08-02,-1,27,2017-08-02 09:30:00-05:00,143.146,2017-08-02 12:51:00-05:00,143.869,143.85,-195.21,short: close 143.16 < lower 143.28,stop
2017-08-03,-1,52,2017-08-03 09:00:00-05:00,143.501,2017-08-03 10:05:00-05:00,143.859,143.84,-186.16,short: close 143.53 < lower 143.72,stop
2017-08-03,-1,40,2017-08-03 11:00:00-05:00,143.471,2017-08-03 14:52:00-05:00,143.399,143.93,28.8,short: close 143.49 < lower 143.60,flatten
2017-08-07,1,36,2017-08-07 10:30:00-05:00,144.359,2017-08-07 14:52:00-05:00,144.521,143.85,58.32,long: close 144.34 > upper 144.27,flatten
2017-08-08,1,38,2017-08-08 11:00:00-05:00,145.31900000000002,2017-08-08 13:48:00-05:00,144.821,144.84,-189.24,long: close 145.30 > upper 144.86,stop
2017-08-10,-1,28,2017-08-10 09:00:00-05:00,142.87099999999998,2017-08-10 14:52:00-05:00,141.054,143.54,508.76,short: close 142.88 < lower 143.06,flatten
2017-08-11,1,45,2017-08-11 09:00:00-05:00,141.589,2017-08-11 14:52:00-05:00,142.131,141.19,243.9,long: close 141.57 > upper 141.53,flatten
2017-08-14,1,19,2017-08-14 09:30:00-05:00,143.689,2017-08-14 14:52:00-05:00,144.001,142.72,59.28,long: close 143.68 > upper 143.63,flatten
2017-08-17,-1,26,2017-08-17 09:30:00-05:00,142.791,2017-08-17 14:52:00-05:00,141.439,143.5,351.52,short: close 142.81 < lower 143.29,flatten
2017-08-18,-1,51,2017-08-18 09:00:00-05:00,140.661,2017-08-18 09:04:00-05:00,141.029,141.01,-187.68,short: close 140.67 < lower 141.02,stop
2017-08-21,-1,42,2017-08-21 09:30:00-05:00,140.361,2017-08-21 10:16:00-05:00,140.809,140.79,-188.16,short: close 140.39 < lower 140.79,stop
2017-08-22,1,27,2017-08-22 09:00:00-05:00,142.31900000000002,2017-08-22 14:52:00-05:00,143.296,141.63,263.79,long: close 142.30 > upper 142.13,flatten
2017-08-24,-1,39,2017-08-24 09:00:00-05:00,142.24099999999999,2017-08-24 14:52:00-05:00,142.279,142.71,-14.82,short: close 142.26 < lower 142.39,flatten
2017-08-30,1,40,2017-08-30 09:00:00-05:00,143.679,2017-08-30 14:52:00-05:00,144.62099999999998,143.23,376.8,long: close 143.67 > upper 143.50,flatten
2017-08-31,1,31,2017-08-31 09:00:00-05:00,145.50900000000001,2017-08-31 14:52:00-05:00,145.966,144.92000000000002,141.67,long: close 145.49 > upper 145.43,flatten
2017-09-05,-1,21,2017-09-05 11:30:00-05:00,144.141,2017-09-05 14:52:00-05:00,144.56900000000002,145.05,-89.88,short: close 144.15 < lower 144.85,flatten
2017-09-08,-1,26,2017-09-08 13:00:00-05:00,144.49099999999999,2017-09-08 14:52:00-05:00,144.229,145.21,68.12,short: close 144.50 < lower 144.65,flatten
2017-09-11,1,21,2017-09-11 09:00:00-05:00,145.919,2017-09-11 14:52:00-05:00,145.74099999999999,145.02,-37.38,long: close 145.90 > upper 145.67,flatten
2017-09-15,1,42,2017-09-15 10:00:00-05:00,146.449,2017-09-15 11:40:00-05:00,146.001,146.02,-188.16,long: close 146.44 > upper 145.99,stop
2017-09-20,-1,46,2017-09-20 10:00:00-05:00,144.916,2017-09-20 11:03:00-05:00,145.329,145.31,-189.98,short: close 144.93 < lower 145.39,stop
2017-09-20,-1,37,2017-09-20 12:30:00-05:00,145.191,2017-09-20 14:52:00-05:00,145.429,145.68,-88.06,short: close 145.22 < lower 145.28,flatten
2017-09-21,-1,57,2017-09-21 09:00:00-05:00,144.451,2017-09-21 10:28:00-05:00,144.779,144.76,-186.96,short: close 144.48 < lower 145.00,stop
2017-09-21,-1,40,2017-09-21 10:30:00-05:00,144.65099999999998,2017-09-21 14:52:00-05:00,144.50900000000001,145.1,56.8,short: close 144.68 < lower 144.85,flatten
2017-09-25,-1,34,2017-09-25 09:00:00-05:00,143.341,2017-09-25 14:52:00-05:00,142.659,143.88,231.88,short: close 143.35 < lower 143.50,flatten
2017-09-27,1,23,2017-09-27 13:30:00-05:00,144.659,2017-09-27 14:52:00-05:00,144.661,143.83,0.46,long: close 144.63 > upper 144.39,flatten
2017-09-29,1,35,2017-09-29 10:30:00-05:00,145.229,2017-09-29 14:52:00-05:00,145.481,144.70000000000002,88.2,long: close 145.21 > upper 145.08,flatten
2017-10-02,1,50,2017-10-02 09:00:00-05:00,146.03900000000002,2017-10-02 10:34:00-05:00,145.661,145.68,-189.0,long: close 146.04 > upper 145.92,stop
2017-10-05,1,28,2017-10-05 11:30:00-05:00,147.12900000000002,2017-10-05 14:52:00-05:00,147.386,146.46,71.96,long: close 147.09 > upper 146.96,flatten
2017-10-17,-1,60,2017-10-17 09:30:00-05:00,148.581,2017-10-17 09:54:00-05:00,148.799,148.78,-130.8,short: close 148.60 < lower 148.62,stop
2017-10-18,-1,60,2017-10-18 09:00:00-05:00,148.831,2017-10-18 11:31:00-05:00,149.089,149.07,-154.8,short: close 148.84 < lower 148.89,stop
2017-10-19,-1,31,2017-10-19 09:00:00-05:00,147.501,2017-10-19 10:32:00-05:00,148.109,148.09,-188.48,short: close 147.53 < lower 147.85,stop
2017-10-23,-1,51,2017-10-23 09:30:00-05:00,148.37099999999998,2017-10-23 14:52:00-05:00,147.62900000000002,148.72,378.42,short: close 148.38 < lower 148.50,flatten
2017-10-24,-1,59,2017-10-24 09:00:00-05:00,147.531,2017-10-24 09:05:00-05:00,147.84900000000002,147.83,-187.62,short: close 147.54 < lower 147.57,stop
2017-10-25,-1,47,2017-10-25 10:30:00-05:00,146.74099999999999,2017-10-25 12:10:00-05:00,147.139,147.12,-187.06,short: close 146.76 < lower 147.48,stop
2017-10-25,-1,46,2017-10-25 12:30:00-05:00,146.99099999999999,2017-10-25 13:22:00-05:00,147.399,147.38,-187.68,short: close 147.01 < lower 147.47,stop
2017-10-27,1,14,2017-10-27 09:00:00-05:00,149.81900000000002,2017-10-27 14:52:00-05:00,151.381,148.47,218.68,long: close 149.79 > upper 149.50,flatten
2017-10-30,1,60,2017-10-30 09:00:00-05:00,151.749,2017-10-30 10:31:00-05:00,151.451,151.47,-178.8,long: close 151.74 > upper 151.44,stop
2017-11-02,-1,45,2017-11-02 09:30:00-05:00,151.391,2017-11-02 13:28:00-05:00,151.809,151.79,-188.1,short: close 151.41 < lower 151.60,stop
2017-11-03,1,28,2017-11-03 12:30:00-05:00,152.904,2017-11-03 14:52:00-05:00,153.171,152.23,74.76,long: close 152.88 > upper 152.78,flatten
2017-11-06,1,51,2017-11-06 09:00:00-06:00,153.62900000000002,2017-11-06 10:56:00-06:00,153.261,153.28,-187.68,long: close 153.61 > upper 153.54,stop
2017-11-06,1,37,2017-11-06 13:00:00-06:00,153.739,2017-11-06 14:52:00-06:00,153.74599999999998,153.24,2.59,long: close 153.71 > upper 153.69,flatten
2017-11-08,1,39,2017-11-08 12:30:00-06:00,154.34900000000002,2017-11-08 14:52:00-06:00,154.341,153.88,-3.12,long: close 154.33 > upper 154.31,flatten
2017-11-09,-1,18,2017-11-09 11:30:00-06:00,152.43099999999998,2017-11-09 14:23:00-06:00,153.499,153.48,-192.24,short: close 152.45 < lower 152.83,stop
2017-11-14,-1,34,2017-11-14 09:00:00-06:00,153.006,2017-11-14 14:52:00-06:00,153.279,153.55,-92.82,short: close 153.03 < lower 153.05,flatten
2017-11-15,-1,31,2017-11-15 09:00:00-06:00,151.951,2017-11-15 09:26:00-06:00,152.56900000000002,152.55,-191.58,short: close 152.01 < lower 152.38,stop
2017-11-16,1,26,2017-11-16 09:00:00-06:00,153.764,2017-11-16 14:52:00-06:00,154.62099999999998,153.03,222.82,long: close 153.75 > upper 153.71,flatten
2017-11-21,1,31,2017-11-21 09:00:00-06:00,155.299,2017-11-21 14:52:00-06:00,155.40099999999998,154.70000000000002,31.62,long: close 155.28 > upper 154.77,flatten
2017-11-24,1,45,2017-11-24 10:30:00-06:00,156.229,2017-11-24 14:58:00-06:00,156.12099999999998,155.83,-48.6,long: close 156.21 > upper 156.17,flatten
2017-11-29,-1,54,2017-11-29 09:00:00-06:00,155.521,2017-11-29 14:52:00-06:00,153.869,155.85,892.08,short: close 155.53 < lower 156.20,flatten
2017-11-30,1,23,2017-11-30 11:30:00-06:00,155.34900000000002,2017-11-30 14:52:00-06:00,155.281,154.52,-15.64,long: close 155.33 > upper 155.01,flatten
2017-12-01,-1,19,2017-12-01 10:30:00-06:00,152.9775,2017-12-01 11:07:00-06:00,153.999,153.98,-194.09,short: close 153.00 < lower 153.67,stop
2017-12-04,-1,19,2017-12-04 10:00:00-06:00,153.226,2017-12-04 12:06:00-06:00,154.239,154.22,-192.47,short: close 153.25 < lower 154.00,stop
2017-12-04,-1,17,2017-12-04 13:30:00-06:00,153.521,2017-12-04 14:52:00-06:00,152.81900000000002,154.6,119.34,short: close 153.54 < lower 153.92,flatten
2017-12-05,1,47,2017-12-05 09:00:00-06:00,153.704,2017-12-05 13:20:00-06:00,153.301,153.32,-189.41,long: close 153.68 > upper 153.07,stop
2017-12-06,1,20,2017-12-06 13:30:00-06:00,153.524,2017-12-06 14:52:00-06:00,153.351,152.56,-34.6,long: close 153.50 > upper 153.48,flatten
2017-12-07,1,24,2017-12-07 10:00:00-06:00,154.329,2017-12-07 14:52:00-06:00,154.021,153.54,-73.92,long: close 154.31 > upper 154.27,flatten
2017-12-11,1,25,2017-12-11 11:30:00-06:00,155.739,2017-12-11 14:52:00-06:00,155.761,154.99,5.5,long: close 155.72 > upper 155.49,flatten
2017-12-15,1,17,2017-12-15 11:00:00-06:00,157.28900000000002,2017-12-15 14:52:00-06:00,157.581,156.21,49.64,long: close 157.28 > upper 157.26,flatten
2017-12-19,-1,38,2017-12-19 09:00:00-06:00,157.891,2017-12-19 14:52:00-06:00,157.749,158.37,53.96,short: close 157.93 < lower 157.98,flatten
2017-12-20,-1,32,2017-12-20 09:00:00-06:00,157.271,2017-12-20 14:52:00-06:00,157.559,157.85,-92.16,short: close 157.29 < lower 157.40,flatten
2017-12-27,1,55,2017-12-27 09:30:00-06:00,156.919,2017-12-27 10:42:00-06:00,156.581,156.6,-185.9,long: close 156.90 > upper 156.86,stop
2017-12-29,-1,49,2017-12-29 10:00:00-06:00,156.201,2017-12-29 14:52:00-06:00,155.829,156.57,182.28,short: close 156.21 < lower 156.43,flatten
2018-01-02,1,30,2018-01-02 09:00:00-06:00,157.50900000000001,2018-01-02 14:52:00-06:00,158.501,156.89000000000001,297.6,long: close 157.49 > upper 156.75,flatten
2018-01-03,1,49,2018-01-03 09:00:00-06:00,159.449,2018-01-03 14:52:00-06:00,160.08599999999998,159.08,312.13,long: close 159.43 > upper 158.92,flatten
2018-01-05,1,22,2018-01-05 10:30:00-06:00,161.589,2018-01-05 14:52:00-06:00,161.911,160.72,70.84,long: close 161.56 > upper 161.55,flatten
2018-01-08,1,43,2018-01-08 09:30:00-06:00,162.369,2018-01-08 14:52:00-06:00,162.541,161.95000000000002,73.96,long: close 162.34 > upper 162.31,flatten
2018-01-11,1,29,2018-01-11 12:00:00-06:00,163.12900000000002,2018-01-11 14:52:00-06:00,163.18099999999998,162.49,15.08,long: close 163.11 > upper 162.97,flatten
2018-01-12,1,37,2018-01-12 09:30:00-06:00,163.864,2018-01-12 14:52:00-06:00,164.6,163.37,272.32,long: close 163.84 > upper 163.65,flatten
2018-01-16,1,21,2018-01-16 09:00:00-06:00,166.249,2018-01-16 10:09:00-06:00,165.321,165.34,-194.88,long: close 166.23 > upper 165.93,stop
2018-01-17,1,19,2018-01-17 12:30:00-06:00,165.489,2018-01-17 14:52:00-06:00,165.761,164.49,51.68,long: close 165.47 > upper 165.38,flatten
2018-01-22,1,37,2018-01-22 09:30:00-06:00,167.189,2018-01-22 14:52:00-06:00,167.93099999999998,166.69,274.54,long: close 167.16 > upper 166.79,flatten
2018-01-23,1,24,2018-01-23 09:30:00-06:00,169.28900000000002,2018-01-23 14:52:00-06:00,169.506,168.52,52.08,long: close 169.26 > upper 169.15,flatten
2018-01-24,-1,30,2018-01-24 10:30:00-06:00,168.891,2018-01-24 14:52:00-06:00,168.619,169.51,81.6,short: close 168.91 < lower 169.03,flatten
2018-01-26,1,21,2018-01-26 10:00:00-06:00,169.769,2018-01-26 14:52:00-06:00,170.71099999999998,168.87,197.82,long: close 169.74 > upper 169.71,flatten
2018-01-30,-1,17,2018-01-30 09:00:00-06:00,168.18099999999998,2018-01-30 10:09:00-06:00,169.329,169.31,-195.16,short: close 168.21 < lower 168.21,stop
2018-02-02,-1,26,2018-02-02 09:00:00-06:00,166.571,2018-02-02 14:52:00-06:00,164.78900000000002,167.28,463.32,short: close 166.59 < lower 166.95,flatten
2018-02-05,1,17,2018-02-05 09:30:00-06:00,165.534,2018-02-05 10:34:00-06:00,164.381,164.4,-196.01,long: close 165.49 > upper 164.99,stop
2018-02-06,1,12,2018-02-06 09:00:00-06:00,159.3989,2018-02-06 09:17:00-06:00,157.871,157.89000000000001,-183.35,long: close 159.35 > upper 158.57,stop
2018-02-06,1,11,2018-02-06 11:30:00-06:00,159.7409,2018-02-06 13:09:00-06:00,158.081,158.1,-182.59,long: close 159.74 > upper 158.71,stop
2018-02-07,1,19,2018-02-07 10:30:00-06:00,163.09900000000002,2018-02-07 11:35:00-06:00,162.081,162.1,-193.42,long: close 163.08 > upper 163.05,stop
2018-02-08,-1,21,2018-02-08 09:30:00-06:00,159.421,2018-02-08 14:52:00-06:00,154.81900000000002,160.32,966.42,short: close 159.44 < lower 159.56,flatten
2018-02-09,-1,9,2018-02-09 11:30:00-06:00,151.421,2018-02-09 13:03:00-06:00,153.549,153.53,-191.52,short: close 151.44 < lower 152.44,stop
2018-02-12,1,10,2018-02-12 11:00:00-06:00,158.959,2018-02-12 14:52:00-06:00,158.891,157.11,-6.8,long: close 158.94 > upper 158.75,flatten
2018-02-14,1,16,2018-02-14 09:30:00-06:00,160.969,2018-02-14 14:52:00-06:00,162.891,159.82,307.52,long: close 160.94 > upper 160.36,flatten
2018-02-20,1,12,2018-02-20 10:30:00-06:00,166.359,2018-02-20 14:08:00-06:00,164.771,164.79,-190.56,long: close 166.34 > upper 166.27,stop
2018-03-01,-1,36,2018-03-01 09:00:00-06:00,165.87099999999998,2018-03-01 09:03:00-06:00,166.399,166.38,-190.08,short: close 165.88 < lower 166.69,stop
2018-03-01,-1,11,2018-03-01 12:30:00-06:00,165.201,2018-03-01 14:52:00-06:00,164.769,166.83,47.52,short: close 165.24 < lower 165.57,flatten
2018-03-05,1,13,2018-03-05 11:00:00-06:00,167.389,2018-03-05 14:52:00-06:00,167.80089999999998,165.97,53.55,long: close 167.38 > upper 167.04,flatten
2018-03-09,1,15,2018-03-09 10:00:00-06:00,171.809,2018-03-09 14:52:00-06:00,172.881,170.53,160.8,long: close 171.78 > upper 171.75,flatten
2018-03-12,1,27,2018-03-12 09:30:00-05:00,174.109,2018-03-12 10:24:00-05:00,173.411,173.43,-188.46,long: close 174.10 > upper 174.06,stop
2018-03-13,-1,15,2018-03-13 10:30:00-05:00,172.971,2018-03-13 14:52:00-05:00,171.6959,174.24,191.27,short: close 172.98 < lower 173.07,flatten
2018-03-19,-1,16,2018-03-19 09:30:00-05:00,168.7209,2018-03-19 14:52:00-05:00,166.859,169.92000000000002,297.9,short: close 168.74 < lower 168.92,flatten
2018-03-20,1,54,2018-03-20 09:30:00-05:00,167.639,2018-03-20 10:14:00-05:00,167.291,167.31,-187.92,long: close 167.62 > upper 167.44,stop
2018-03-22,-1,10,2018-03-22 10:30:00-05:00,163.8209,2018-03-22 14:52:00-05:00,163.09900000000002,165.73,72.19,short: close 163.82 < lower 163.87,flatten
2018-03-23,-1,20,2018-03-23 11:00:00-05:00,160.951,2018-03-23 12:11:00-05:00,161.919,161.9,-193.6,short: close 160.97 < lower 161.68,stop
2018-03-23,-1,19,2018-03-23 13:30:00-05:00,161.40099999999998,2018-03-23 14:52:00-05:00,158.689,162.39000000000001,515.28,short: close 161.42 < lower 161.65,flatten
2018-03-26,1,10,2018-03-26 09:00:00-05:00,161.929,2018-03-26 10:08:00-05:00,160.061,160.08,-186.8,long: close 161.93 > upper 161.91,stop
2018-03-26,1,7,2018-03-26 13:30:00-05:00,162.969,2018-03-26 14:52:00-05:00,164.311,160.48,93.94,long: close 162.94 > upper 162.56,flatten
2018-03-27,-1,13,2018-03-27 12:30:00-05:00,163.381,2018-03-27 14:52:00-05:00,158.859,164.78,587.86,short: close 163.39 < lower 163.61,flatten
2018-03-28,-1,25,2018-03-28 09:30:00-05:00,157.821,2018-03-28 11:10:00-05:00,158.579,158.56,-189.5,short: close 157.85 < lower 157.86,stop
2018-03-29,-1,27,2018-03-29 09:00:00-05:00,156.951,2018-03-29 09:12:00-05:00,157.65900000000002,157.64000000000001,-191.16,short: close 156.95 < lower 157.02,stop
2018-03-29,1,18,2018-03-29 10:00:00-05:00,159.579,2018-03-29 11:09:00-05:00,158.541,158.56,-186.84,long: close 159.57 > upper 158.73,stop
2018-04-02,-1,20,2018-04-02 09:00:00-05:00,158.171,2018-04-02 14:52:00-05:00,155.53990000000002,159.1,526.22,short: close 158.20 < lower 158.65,flatten
2018-04-06,-1,8,2018-04-06 13:00:00-05:00,157.251,2018-04-06 14:52:00-05:00,157.409,159.47,-12.64,short: close 157.28 < lower 157.56,flatten
2018-04-09,1,15,2018-04-09 09:00:00-05:00,159.00900000000001,2018-04-09 14:52:00-05:00,158.201,157.78,-121.2,long: close 158.99 > upper 158.57,flatten
2018-04-12,1,16,2018-04-12 09:00:00-05:00,162.324,2018-04-12 14:52:00-05:00,162.161,161.14000000000001,-26.08,long: close 162.31 > upper 161.99,flatten
2018-04-17,1,10,2018-04-17 10:30:00-05:00,165.679,2018-04-17 14:52:00-05:00,166.101,163.79,42.2,long: close 165.65 > upper 165.26,flatten
2018-04-20,-1,20,2018-04-20 09:00:00-05:00,163.751,2018-04-20 14:52:00-05:00,162.09900000000002,164.69,330.4,short: close 163.76 < lower 163.79,flatten
2018-04-24,-1,18,2018-04-24 09:30:00-05:00,161.131,2018-04-24 14:52:00-05:00,158.53900000000002,162.16,466.56,short: close 161.16 < lower 161.22,flatten
2018-04-25,-1,26,2018-04-25 09:00:00-05:00,156.791,2018-04-25 09:25:00-05:00,157.529,157.51,-191.88,short: close 156.80 < lower 157.92,stop
2018-04-25,-1,22,2018-04-25 09:30:00-05:00,157.591,2018-04-25 09:44:00-05:00,158.449,158.43,-188.76,short: close 157.58 < lower 157.81,stop
2018-04-26,1,11,2018-04-26 09:30:00-05:00,161.489,2018-04-26 14:52:00-05:00,161.821,159.77,36.52,long: close 161.46 > upper 161.44,flatten
2018-05-04,1,26,2018-05-04 09:00:00-05:00,162.209,2018-05-04 14:52:00-05:00,164.716,161.5,651.82,long: close 162.19 > upper 161.77,flatten
2018-05-07,1,18,2018-05-07 09:00:00-05:00,166.429,2018-05-07 14:52:00-05:00,165.841,165.39000000000001,-105.84,long: close 166.41 > upper 166.28,flatten
2018-05-15,-1,14,2018-05-15 09:00:00-05:00,167.161,2018-05-15 14:52:00-05:00,167.809,168.5,-90.72,short: close 167.19 < lower 167.73,flatten
2018-05-24,-1,37,2018-05-24 09:00:00-05:00,168.671,2018-05-24 11:13:00-05:00,169.179,169.16,-187.96,short: close 168.70 < lower 169.09,stop
2018-05-25,1,34,2018-05-25 09:30:00-05:00,170.219,2018-05-25 12:56:00-05:00,169.651,169.67000000000002,-193.12,long: close 170.19 > upper 170.06,stop
2018-05-30,1,22,2018-05-30 11:00:00-05:00,170.309,2018-05-30 14:52:00-05:00,170.1809,169.44,-28.18,long: close 170.28 > upper 170.15,flatten
2018-05-31,1,31,2018-05-31 11:00:00-05:00,170.90890000000002,2018-05-31 12:35:00-05:00,170.291,170.31,-191.55,long: close 170.88 > upper 170.76,stop
2018-06-01,1,22,2018-06-01 09:00:00-05:00,171.469,2018-06-01 14:52:00-05:00,172.671,170.6,264.44,long: close 171.44 > upper 171.33,flatten
2018-06-04,1,21,2018-06-04 11:30:00-05:00,174.199,2018-06-04 14:52:00-05:00,174.261,173.32,13.02,long: close 174.18 > upper 173.84,flatten
2018-06-07,-1,33,2018-06-07 09:30:00-05:00,174.721,2018-06-07 14:52:00-05:00,174.579,175.28,46.86,short: close 174.73 < lower 175.33,flatten
2018-06-11,1,25,2018-06-11 11:30:00-05:00,175.309,2018-06-11 14:52:00-05:00,174.941,174.55,-92.0,long: close 175.29 > upper 175.13,flatten
2018-06-12,1,23,2018-06-12 13:00:00-05:00,175.979,2018-06-12 13:59:00-05:00,175.151,175.17000000000002,-190.44,long: close 175.97 > upper 175.83,stop
2018-06-13,1,26,2018-06-13 10:30:00-05:00,176.999,2018-06-13 13:04:00-05:00,176.251,176.27,-194.48,long: close 176.98 > upper 176.70,stop
2018-06-14,1,20,2018-06-14 09:30:00-05:00,177.56900000000002,2018-06-14 14:52:00-05:00,177.481,176.65,-17.6,long: close 177.54 > upper 177.11,flatten
2018-06-20,1,27,2018-06-20 09:00:00-05:00,177.159,2018-06-20 14:52:00-05:00,177.291,176.46,35.64,long: close 177.15 > upper 177.10,flatten
2018-06-21,-1,29,2018-06-21 09:30:00-05:00,176.041,2018-06-21 10:32:00-05:00,176.699,176.68,-190.82,short: close 176.07 < lower 176.84,stop
2018-06-21,-1,19,2018-06-21 11:30:00-05:00,176.12099999999998,2018-06-21 14:52:00-05:00,175.809,177.12,59.28,short: close 176.16 < lower 176.47,flatten
2018-06-22,-1,32,2018-06-22 09:00:00-05:00,175.186,2018-06-22 12:07:00-05:00,175.78900000000002,175.77,-192.96,short: close 175.21 < lower 175.44,stop
2018-06-25,-1,19,2018-06-25 09:00:00-05:00,172.721,2018-06-25 14:52:00-05:00,171.334,173.73,263.53,short: close 172.75 < lower 173.45,flatten
2018-06-27,1,26,2018-06-27 09:00:00-05:00,173.309,2018-06-27 10:05:00-05:00,172.571,172.59,-191.88,long: close 173.29 > upper 173.14,stop
2018-06-27,-1,14,2018-06-27 12:30:00-05:00,171.001,2018-06-27 14:52:00-05:00,170.089,172.38,127.68,short: close 171.02 < lower 171.04,flatten
2018-06-28,1,40,2018-06-28 09:00:00-05:00,170.25900000000001,2018-06-28 09:04:00-05:00,169.791,169.81,-187.2,long: close 170.17 > upper 170.04,stop
2018-06-28,1,29,2018-06-28 10:00:00-05:00,170.549,2018-06-28 11:25:00-05:00,169.901,169.92000000000002,-187.92,long: close 170.53 > upper 170.22,stop
2018-06-29,1,23,2018-06-29 09:00:00-05:00,172.529,2018-06-29 14:50:00-05:00,171.701,171.72,-190.44,long: close 172.52 > upper 172.41,stop
2018-07-03,-1,16,2018-07-03 11:30:00-05:00,171.661,2018-07-03 14:55:00-05:00,170.589,172.8,171.52,short: close 171.69 < lower 171.97,flatten
2018-07-06,1,27,2018-07-06 09:00:00-05:00,173.939,2018-07-06 14:52:00-05:00,175.34,173.25,378.27,long: close 173.92 > upper 173.79,flatten
2018-07-12,1,20,2018-07-12 09:00:00-05:00,177.78900000000002,2018-07-12 14:52:00-05:00,179.201,176.84,282.4,long: close 177.78 > upper 177.76,flatten
2018-07-17,1,11,2018-07-17 11:30:00-05:00,180.31900000000002,2018-07-17 14:52:00-05:00,180.281,178.66,-4.18,long: close 180.30 > upper 179.90,flatten
2018-07-25,1,51,2018-07-25 09:00:00-05:00,180.809,2018-07-25 09:07:00-05:00,180.441,180.46,-187.68,long: close 180.79 > upper 180.69,stop
2018-07-25,1,32,2018-07-25 10:30:00-05:00,180.989,2018-07-25 14:52:00-05:00,182.71099999999998,180.42000000000002,551.04,long: close 180.96 > upper 180.91,flatten
2018-07-27,-1,19,2018-07-27 10:00:00-05:00,179.411,2018-07-27 14:52:00-05:00,177.749,180.42000000000002,315.78,short: close 179.45 < lower 179.70,flatten
2018-07-30,-1,46,2018-07-30 09:00:00-05:00,175.631,2018-07-30 09:07:00-05:00,176.03900000000002,176.02,-187.68,short: close 175.65 < lower 177.27,stop
2018-07-30,-1,38,2018-07-30 09:30:00-05:00,176.091,2018-07-30 14:52:00-05:00,175.169,176.57,350.36,short: close 176.11 < lower 177.18,flatten
2018-07-31,1,16,2018-07-31 11:00:00-05:00,176.719,2018-07-31 14:52:00-05:00,175.90099999999998,175.56,-130.88,long: close 176.70 > upper 176.63,flatten
2018-08-01,1,21,2018-08-01 09:30:00-05:00,177.5341,2018-08-01 10:45:00-05:00,176.611,176.63,-193.85,long: close 177.52 > upper 177.42,stop
2018-08-02,1,14,2018-08-02 10:30:00-05:00,177.949,2018-08-02 14:52:00-05:00,179.581,176.61,228.48,long: close 177.92 > upper 177.84,flatten
2018-08-13,1,30,2018-08-13 09:00:00-05:00,181.53900000000002,2018-08-13 10:25:00-05:00,180.901,180.92000000000002,-191.4,long: close 181.52 > upper 181.30,stop
2018-08-15,-1,16,2018-08-15 09:00:00-05:00,179.49099999999999,2018-08-15 14:52:00-05:00,179.25900000000001,180.67000000000002,37.12,short: close 179.51 < lower 179.61,flatten
2018-08-17,-1,21,2018-08-17 09:30:00-05:00,178.381,2018-08-17 10:42:00-05:00,179.28900000000002,179.27,-190.68,short: close 178.39 < lower 178.69,stop
2018-08-20,-1,35,2018-08-20 09:00:00-05:00,179.281,2018-08-20 12:28:00-05:00,179.829,179.81,-191.8,short: close 179.30 < lower 179.54,stop
2018-08-21,1,28,2018-08-21 09:00:00-05:00,180.829,2018-08-21 14:50:00-05:00,180.141,180.16,-192.64,long: close 180.81 > upper 180.65,stop
2018-08-22,1,26,2018-08-22 10:30:00-05:00,181.09900000000002,2018-08-22 14:52:00-05:00,181.011,180.38,-22.88,long: close 181.08 > upper 180.87,flatten
2018-08-23,1,38,2018-08-23 09:00:00-05:00,181.809,2018-08-23 10:08:00-05:00,181.311,181.33,-189.24,long: close 181.79 > upper 181.38,stop
2018-08-24,1,20,2018-08-24 10:00:00-05:00,182.37900000000002,2018-08-24 14:52:00-05:00,182.521,181.45000000000002,28.4,long: close 182.35 > upper 182.01,flatten
2018-08-27,1,17,2018-08-27 09:30:00-05:00,184.169,2018-08-27 14:52:00-05:00,184.161,183.08,-1.36,long: close 184.16 > upper 184.05,flatten
2018-08-29,1,23,2018-08-29 09:30:00-05:00,185.709,2018-08-29 14:52:00-05:00,186.661,184.89000000000001,218.96,long: close 185.68 > upper 185.57,flatten
2018-08-30,1,24,2018-08-30 12:30:00-05:00,187.50900000000001,2018-08-30 13:19:00-05:00,186.71099999999998,186.73,-191.52,long: close 187.49 > upper 187.35,stop
2018-09-04,-1,27,2018-09-04 09:00:00-05:00,185.411,2018-09-04 09:21:00-05:00,186.109,186.09,-188.46,short: close 185.30 < lower 185.68,stop
2018-09-04,-1,19,2018-09-04 11:30:00-05:00,185.21099999999998,2018-09-04 14:52:00-05:00,185.62900000000002,186.18,-79.42,short: close 185.23 < lower 185.39,flatten
2018-09-05,-1,31,2018-09-05 09:00:00-05:00,184.131,2018-09-05 14:52:00-05:00,183.209,184.73,285.82,short: close 184.15 < lower 185.12,flatten
2018-09-06,-1,26,2018-09-06 09:30:00-05:00,182.341,2018-09-06 14:52:00-05:00,181.859,183.06,125.32,short: close 182.36 < lower 182.78,flatten
2018-09-11,1,14,2018-09-11 11:00:00-05:00,183.239,2018-09-11 14:52:00-05:00,182.99599999999998,181.93,-34.02,long: close 183.22 > upper 182.66,flatten
2018-09-12,-1,27,2018-09-12 09:00:00-05:00,181.98409999999998,2018-09-12 10:32:00-05:00,182.699,182.68,-193.02,short: close 182.01 < lower 182.29,stop
2018-09-12,-1,16,2018-09-12 11:00:00-05:00,181.541,2018-09-12 14:52:00-05:00,182.654,182.71,-178.08,short: close 181.57 < lower 181.82,flatten
2018-09-17,-1,24,2018-09-17 09:00:00-05:00,182.93099999999998,2018-09-17 14:52:00-05:00,181.329,183.70000000000002,384.48,short: close 182.95 < lower 183.04,flatten
2018-09-18,1,26,2018-09-18 09:00:00-05:00,182.769,2018-09-18 14:52:00-05:00,182.821,182.06,13.52,long: close 182.73 > upper 182.13,flatten
2018-09-19,-1,19,2018-09-19 09:30:00-05:00,181.771,2018-09-19 14:33:00-05:00,182.769,182.75,-189.62,short: close 181.80 < lower 181.86,stop
2018-09-26,1,18,2018-09-26 10:30:00-05:00,185.369,2018-09-26 14:46:00-05:00,184.301,184.32,-192.24,long: close 185.35 > upper 185.24,stop
2018-09-27,1,15,2018-09-27 09:30:00-05:00,186.059,2018-09-27 14:52:00-05:00,185.841,184.79,-32.7,long: close 186.04 > upper 185.90,flatten
2018-10-02,1,19,2018-10-02 11:00:00-05:00,187.049,2018-10-02 13:45:00-05:00,186.051,186.07,-189.62,long: close 187.03 > upper 187.02,stop
2018-10-04,-1,23,2018-10-04 09:00:00-05:00,184.271,2018-10-04 14:52:00-05:00,182.409,185.08,428.26,short: close 184.30 < lower 184.80,flatten
2018-10-05,-1,36,2018-10-05 09:00:00-05:00,181.591,2018-10-05 09:26:00-05:00,182.119,182.1,-190.08,short: close 181.61 < lower 181.91,stop
2018-10-05,-1,20,2018-10-05 10:00:00-05:00,181.351,2018-10-05 14:52:00-05:00,180.6,182.31,150.2,short: close 181.37 < lower 181.46,flatten
2018-10-08,-1,13,2018-10-08 11:00:00-05:00,178.081,2018-10-08 14:52:00-05:00,179.25400000000002,179.57,-152.49,short: close 178.10 < lower 178.30,flatten
2018-10-09,1,37,2018-10-09 09:00:00-05:00,179.959,2018-10-09 09:06:00-05:00,179.441,179.46,-191.66,long: close 179.94 > upper 179.64,stop
2018-10-09,1,26,2018-10-09 09:30:00-05:00,180.559,2018-10-09 10:09:00-05:00,179.821,179.84,-191.88,long: close 180.52 > upper 179.87,stop
2018-10-10,-1,20,2018-10-10 09:00:00-05:00,176.21099999999998,2018-10-10 14:52:00-05:00,172.799,177.16,682.4,short: close 176.22 < lower 178.11,flatten
2018-10-11,1,21,2018-10-11 09:00:00-05:00,173.34900000000002,2018-10-11 09:04:00-05:00,172.421,172.44,-194.88,long: close 173.33 > upper 172.30,stop
2018-10-15,-1,18,2018-10-15 09:00:00-05:00,172.65099999999998,2018-10-15 10:26:00-05:00,173.68900000000002,173.67000000000002,-186.84,short: close 172.70 < lower 172.99,stop
2018-10-16,1,10,2018-10-16 10:00:00-05:00,174.924,2018-10-16 14:52:00-05:00,177.291,173.13,236.7,long: close 174.91 > upper 174.87,flatten
2018-10-17,-1,14,2018-10-17 10:00:00-05:00,175.981,2018-10-17 11:17:00-05:00,177.389,177.37,-197.12,short: close 176.01 < lower 176.25,stop
2018-10-18,-1,15,2018-10-18 09:30:00-05:00,175.6235,2018-10-18 14:52:00-05:00,173.28900000000002,176.9,350.17,short: close 175.66 < lower 175.67,flatten
2018-10-19,1,13,2018-10-19 09:00:00-05:00,175.429,2018-10-19 10:54:00-05:00,173.971,173.99,-189.54,long: close 175.41 > upper 175.31,stop
2018-10-23,-1,7,2018-10-23 09:30:00-05:00,169.751,2018-10-23 12:09:00-05:00,172.37900000000002,172.36,-183.96,short: close 169.76 < lower 169.76,stop
2018-10-24,-1,15,2018-10-24 09:30:00-05:00,171.791,2018-10-24 14:52:00-05:00,166.269,173.04,828.3,short: close 171.85 < lower 172.01,flatten
2018-10-25,1,8,2018-10-25 09:00:00-05:00,169.09900000000002,2018-10-25 14:52:00-05:00,170.951,166.8,148.16,long: close 169.08 > upper 168.98,flatten
2018-10-29,-1,6,2018-10-29 13:30:00-05:00,164.561,2018-10-29 14:52:00-05:00,162.22910000000002,167.6,139.91,short: close 164.57 < lower 164.95,flatten
2018-10-30,1,13,2018-10-30 09:00:00-05:00,165.159,2018-10-30 09:36:00-05:00,163.671,163.69,-193.44,long: close 165.13 > upper 164.75,stop
2018-10-31,1,8,2018-10-31 09:00:00-05:00,169.899,2018-10-31 14:52:00-05:00,169.896,167.49,-0.24,long: close 169.87 > upper 169.61,flatten
2018-11-01,1,9,2018-11-01 12:30:00-05:00,171.989,2018-11-01 14:52:00-05:00,172.141,170.0,13.68,long: close 171.97 > upper 171.88,flatten
2018-11-02,-1,14,2018-11-02 09:30:00-05:00,169.951,2018-11-02 14:52:00-05:00,169.62900000000002,171.27,45.08,short: close 169.98 < lower 170.50,flatten
2018-11-05,-1,19,2018-11-05 09:00:00-06:00,168.041,2018-11-05 13:25:00-06:00,169.06900000000002,169.05,-195.32,short: close 168.04 < lower 168.56,stop
2018-11-06,1,18,2018-11-06 09:00:00-06:00,170.859,2018-11-06 09:58:00-06:00,169.791,169.81,-192.24,long: close 170.86 > upper 169.99,stop
2018-11-07,1,9,2018-11-07 10:00:00-06:00,174.00900000000001,2018-11-07 14:52:00-06:00,175.101,172.02,98.28,long: close 173.99 > upper 173.26,flatten
2018-11-09,-1,8,2018-11-09 11:00:00-06:00,171.0008,2018-11-09 14:52:00-06:00,171.699,173.22,-55.86,short: close 171.02 < lower 171.45,flatten
2018-11-12,-1,12,2018-11-12 09:00:00-06:00,168.701,2018-11-12 14:52:00-06:00,166.549,170.28,258.24,short: close 168.72 < lower 169.35,flatten
2018-11-15,1,9,2018-11-15 12:30:00-06:00,167.06900000000002,2018-11-15 14:52:00-06:00,167.826,165.08,68.13,long: close 167.03 > upper 166.98,flatten
2018-11-19,-1,15,2018-11-19 09:00:00-06:00,165.46099999999998,2018-11-19 14:52:00-06:00,161.739,166.69,558.3,short: close 165.49 < lower 165.90,flatten
2018-11-26,1,10,2018-11-26 09:00:00-06:00,162.299,2018-11-26 14:52:00-06:00,162.831,160.36,53.2,long: close 162.29 > upper 162.14,flatten
2018-11-28,1,10,2018-11-28 11:30:00-06:00,166.929,2018-11-28 14:52:00-06:00,168.58599999999998,165.03,165.7,long: close 166.92 > upper 165.95,flatten
2018-12-04,-1,12,2018-12-04 11:30:00-06:00,168.12099999999998,2018-12-04 14:52:00-06:00,165.699,169.74,290.64,short: close 168.13 < lower 170.21,flatten
2018-12-07,-1,18,2018-12-07 09:30:00-06:00,165.061,2018-12-07 14:52:00-06:00,161.719,166.13,601.56,short: close 165.07 < lower 165.44,flatten
2018-12-12,1,9,2018-12-12 10:30:00-06:00,167.12900000000002,2018-12-12 14:52:00-06:00,165.591,164.99,-138.42,long: close 167.11 > upper 166.96,flatten
2018-12-14,-1,10,2018-12-14 11:00:00-06:00,162.171,2018-12-14 14:52:00-06:00,161.019,164.13,115.2,short: close 162.20 < lower 162.20,flatten
2018-12-17,-1,31,2018-12-17 09:00:00-06:00,159.391,2018-12-17 09:12:00-06:00,159.999,159.98,-188.48,short: close 159.42 < lower 160.08,stop
2018-12-17,-1,9,2018-12-17 13:00:00-06:00,158.361,2018-12-17 14:52:00-06:00,156.749,160.44,145.08,short: close 158.39 < lower 158.59,flatten
2018-12-18,1,21,2018-12-18 09:00:00-06:00,159.139,2018-12-18 10:24:00-06:00,158.21099999999998,158.23,-194.88,long: close 159.11 > upper 159.01,stop
2018-12-19,1,41,2018-12-19 09:00:00-06:00,159.949,2018-12-19 10:11:00-06:00,159.49099999999999,159.51,-187.78,long: close 159.92 > upper 158.78,stop
2018-12-19,1,22,2018-12-19 10:30:00-06:00,159.479,2018-12-19 13:00:00-06:00,158.611,158.63,-190.96,long: close 159.46 > upper 159.19,stop
2018-12-20,-1,17,2018-12-20 10:30:00-06:00,152.921,2018-12-20 14:52:00-06:00,151.869,154.0,178.84,short: close 152.93 < lower 153.40,flatten
2018-12-21,-1,13,2018-12-21 11:00:00-06:00,150.46099999999998,2018-12-21 14:52:00-06:00,147.329,151.91,407.16,short: close 150.48 < lower 151.31,flatten
2018-12-24,-1,16,2018-12-24 09:00:00-06:00,144.94979999999998,2018-12-24 09:31:00-06:00,146.179,146.16,-196.67,short: close 144.97 < lower 145.65,stop
2018-12-24,-1,8,2018-12-24 12:00:00-06:00,143.521,2018-12-24 14:53:00-06:00,142.8893,145.86,50.54,short: close 143.52 < lower 144.53,flatten
2018-12-26,1,9,2018-12-26 10:30:00-06:00,145.989,2018-12-26 14:52:00-06:00,151.331,144.0,480.78,long: close 145.97 > upper 145.92,flatten
2018-12-27,-1,13,2018-12-27 09:00:00-06:00,149.93099999999998,2018-12-27 14:29:00-06:00,151.449,151.43,-197.34,short: close 149.95 < lower 150.02,stop
2018-12-28,-1,20,2018-12-28 09:30:00-06:00,152.261,2018-12-28 09:51:00-06:00,153.209,153.19,-189.6,short: close 152.28 < lower 152.66,stop
2019-01-03,-1,10,2019-01-03 09:30:00-06:00,151.291,2019-01-03 14:52:00-06:00,150.189,153.15,110.2,short: close 151.32 < lower 151.89,flatten
2019-01-04,1,10,2019-01-04 09:00:00-06:00,153.34900000000002,2019-01-04 14:52:00-06:00,156.15099999999998,151.45000000000002,280.2,long: close 153.33 > upper 152.85,flatten
2019-01-07,1,12,2019-01-07 11:00:00-06:00,158.469,2019-01-07 14:52:00-06:00,158.171,156.89000000000001,-35.76,long: close 158.45 > upper 158.05,flatten
2019-01-15,1,21,2019-01-15 09:00:00-06:00,161.589,2019-01-15 14:52:00-06:00,162.271,160.68,143.22,long: close 161.56 > upper 160.53,flatten
2019-01-16,1,26,2019-01-16 09:00:00-06:00,163.459,2019-01-16 09:37:00-06:00,162.721,162.74,-191.88,long: close 163.43 > upper 163.25,stop
2019-01-22,-1,10,2019-01-22 11:00:00-06:00,162.49099999999999,2019-01-22 14:52:00-06:00,161.419,164.32,107.2,short: close 162.52 < lower 162.80,flatten
2019-01-28,-1,11,2019-01-28 09:00:00-06:00,162.321,2019-01-28 14:52:00-06:00,162.689,163.96,-40.48,short: close 162.35 < lower 162.51,flatten
2019-01-29,-1,26,2019-01-29 10:00:00-06:00,161.191,2019-01-29 11:17:00-06:00,161.929,161.91,-191.88,short: close 161.21 < lower 162.43,stop
2019-01-29,-1,19,2019-01-29 11:30:00-06:00,161.87099999999998,2019-01-29 14:52:00-06:00,161.329,162.84,102.98,short: close 161.89 < lower 162.18,flatten
2019-01-30,1,11,2019-01-30 13:30:00-06:00,165.489,2019-01-30 14:52:00-06:00,165.601,163.77,12.32,long: close 165.47 > upper 164.17,flatten
2019-01-31,1,19,2019-01-31 09:00:00-06:00,167.34900000000002,2019-01-31 14:52:00-06:00,168.05599999999998,166.38,134.33,long: close 167.32 > upper 167.20,flatten
2019-02-04,1,32,2019-02-04 09:00:00-06:00,168.119,2019-02-04 14:52:00-06:00,169.111,167.54,317.44,long: close 168.10 > upper 168.05,flatten
2019-02-05,1,27,2019-02-05 09:00:00-06:00,170.549,2019-02-05 14:52:00-06:00,170.9209,169.87,100.41,long: close 170.53 > upper 170.31,flatten
2019-02-06,-1,29,2019-02-06 09:30:00-06:00,170.101,2019-02-06 09:43:00-06:00,170.749,170.73,-187.92,short: close 170.12 < lower 170.41,stop
2019-02-07,-1,13,2019-02-07 10:00:00-06:00,168.251,2019-02-07 14:52:00-06:00,168.03900000000002,169.73,27.56,short: close 168.28 < lower 168.28,flatten
2019-02-12,1,20,2019-02-12 09:00:00-06:00,170.049,2019-02-12 14:52:00-06:00,170.876,169.11,165.4,long: close 170.02 > upper 169.92,flatten
2019-02-21,-1,28,2019-02-21 09:00:00-06:00,171.12099999999998,2019-02-21 10:56:00-06:00,171.809,171.79,-192.64,short: close 171.14 < lower 171.36,stop
2019-02-22,1,30,2019-02-22 09:00:00-06:00,172.449,2019-02-22 14:52:00-06:00,172.501,171.84,15.6,long: close 172.44 > upper 172.40,flatten
2019-02-27,-1,21,2019-02-27 09:30:00-06:00,172.021,2019-02-27 10:36:00-06:00,172.93900000000002,172.92000000000002,-192.78,short: close 172.04 < lower 172.41,stop
2019-03-04,-1,17,2019-03-04 11:00:00-06:00,172.981,2019-03-04 13:52:00-06:00,174.09900000000002,174.08,-190.06,short: close 173.01 < lower 173.80,stop
2019-03-05,-1,43,2019-03-05 09:00:00-06:00,173.99099999999999,2019-03-05 09:01:00-06:00,174.429,174.41,-188.34,short: close 174.00 < lower 174.06,stop
2019-03-06,-1,33,2019-03-06 09:30:00-06:00,173.9388,2019-03-06 14:52:00-06:00,173.66400000000002,174.5,90.68,short: close 173.95 < lower 174.04,flatten
2019-03-07,-1,31,2019-03-07 09:00:00-06:00,171.911,2019-03-07 11:45:00-06:00,172.529,172.51,-191.58,short: close 171.94 < lower 172.70,stop
2019-03-07,-1,20,2019-03-07 12:30:00-06:00,172.221,2019-03-07 14:52:00-06:00,171.089,173.17000000000002,226.4,short: close 172.24 < lower 172.36,flatten
2019-03-11,1,26,2019-03-11 09:00:00-05:00,173.03900000000002,2019-03-11 14:52:00-05:00,174.666,172.31,423.02,long: close 173.02 > upper 172.24,flatten
2019-03-12,1,23,2019-03-12 10:00:00-05:00,175.779,2019-03-12 14:52:00-05:00,175.721,174.97,-13.34,long: close 175.78 > upper 175.77,flatten
2019-03-13,1,16,2019-03-13 10:30:00-05:00,177.619,2019-03-13 14:52:00-05:00,177.1109,176.42000000000002,-81.3,long: close 177.59 > upper 177.36,flatten
2019-03-15,1,27,2019-03-15 09:00:00-05:00,178.079,2019-03-15 14:52:00-05:00,178.166,177.38,23.49,long: close 178.06 > upper 177.77,flatten
2019-03-18,1,33,2019-03-18 09:00:00-05:00,178.75900000000001,2019-03-18 10:23:00-05:00,178.181,178.20000000000002,-190.74,long: close 178.74 > upper 178.67,stop
2019-03-20,1,21,2019-03-20 13:30:00-05:00,180.659,2019-03-20 14:32:00-05:00,179.761,179.78,-188.58,long: close 180.68 > upper 179.93,stop
2019-03-21,1,25,2019-03-21 09:00:00-05:00,180.399,2019-03-21 14:52:00-05:00,182.481,179.66,520.5,long: close 180.38 > upper 180.23,flatten
2019-03-22,-1,20,2019-03-22 09:00:00-05:00,180.71099999999998,2019-03-22 09:21:00-05:00,181.65900000000002,181.64000000000001,-189.6,short: close 180.72 < lower 181.23,stop
2019-03-22,-1,16,2019-03-22 10:00:00-05:00,180.522,2019-03-22 14:52:00-05:00,178.799,181.67000000000002,275.68,short: close 180.55 < lower 181.01,flatten
2019-03-25,-1,22,2019-03-25 09:00:00-05:00,177.281,2019-03-25 09:51:00-05:00,178.149,178.13,-190.96,short: close 177.30 < lower 177.36,stop
2019-03-26,1,15,2019-03-26 09:00:00-05:00,180.56900000000002,2019-03-26 10:52:00-05:00,179.301,179.32,-190.2,long: close 180.55 > upper 180.16,stop
2019-03-27,-1,20,2019-03-27 10:30:00-05:00,177.321,2019-03-27 13:11:00-05:00,178.279,178.26,-191.6,short: close 177.37 < lower 178.22,stop
2019-04-03,1,17,2019-04-03 10:00:00-05:00,184.399,2019-04-03 14:15:00-05:00,183.281,183.3,-190.06,long: close 184.37 > upper 184.33,stop
2019-04-11,-1,27,2019-04-11 13:30:00-05:00,184.701,2019-04-11 14:52:00-05:00,184.844,185.4,-38.61,short: close 184.71 < lower 184.93,flatten
2019-04-15,-1,60,2019-04-15 09:30:00-05:00,184.981,2019-04-15 10:14:00-05:00,185.269,185.25,-172.8,short: close 185.00 < lower 185.56,stop
2019-04-15,-1,34,2019-04-15 11:00:00-05:00,185.201,2019-04-15 13:30:00-05:00,185.769,185.75,-193.12,short: close 185.22 < lower 185.27,stop
2019-04-18,-1,40,2019-04-18 09:00:00-05:00,186.736,2019-04-18 11:05:00-05:00,187.209,187.19,-189.2,short: close 186.75 < lower 186.86,stop
2019-04-22,1,25,2019-04-22 13:30:00-05:00,187.8189,2019-04-22 14:52:00-05:00,187.891,187.07,18.02,long: close 187.79 > upper 187.71,flatten
2019-04-23,1,35,2019-04-23 09:00:00-05:00,189.06900000000002,2019-04-23 14:52:00-05:00,190.1011,188.54,361.23,long: close 189.04 > upper 188.70,flatten
2019-04-26,-1,40,2019-04-26 09:00:00-05:00,188.921,2019-04-26 09:16:00-05:00,189.399,189.38,-191.2,short: close 188.95 < lower 189.85,stop
2019-04-26,-1,31,2019-04-26 09:30:00-05:00,189.49099999999999,2019-04-26 10:46:00-05:00,190.109,190.09,-191.58,short: close 189.52 < lower 189.70,stop
2019-04-29,1,34,2019-04-29 13:30:00-05:00,191.209,2019-04-29 14:52:00-05:00,190.981,190.67000000000002,-77.52,long: close 191.19 > upper 191.18,flatten
2019-04-30,-1,15,2019-04-30 10:00:00-05:00,188.936,2019-04-30 14:52:00-05:00,189.389,190.21,-67.95,short: close 188.96 < lower 188.97,flatten
2019-05-02,-1,32,2019-05-02 10:30:00-05:00,188.041,2019-05-02 14:52:00-05:00,188.089,188.61,-15.36,short: close 188.06 < lower 188.29,flatten
2019-05-03,1,15,2019-05-03 10:00:00-05:00,190.579,2019-05-03 14:52:00-05:00,191.081,189.35,75.3,long: close 190.55 > upper 190.16,flatten
2019-05-07,-1,11,2019-05-07 10:00:00-05:00,186.501,2019-05-07 14:52:00-05:00,185.779,188.17000000000002,79.42,short: close 186.52 < lower 187.26,flatten
2019-05-09,-1,13,2019-05-09 09:00:00-05:00,183.15099999999998,2019-05-09 11:36:00-05:00,184.56900000000002,184.55,-184.34,short: close 183.16 < lower 183.30,stop
2019-05-10,-1,19,2019-05-10 09:30:00-05:00,182.791,2019-05-10 12:20:00-05:00,183.78900000000002,183.77,-189.62,short: close 182.84 < lower 183.46,stop
2019-05-13,-1,6,2019-05-13 09:30:00-05:00,179.351,2019-05-13 14:52:00-05:00,178.684,182.34,40.02,short: close 179.38 < lower 179.68,flatten
2019-05-14,1,17,2019-05-14 09:30:00-05:00,180.339,2019-05-14 14:52:00-05:00,180.701,179.26,61.54,long: close 180.33 > upper 180.12,flatten
2019-05-15,1,15,2019-05-15 09:30:00-05:00,181.939,2019-05-15 14:52:00-05:00,183.18099999999998,180.71,186.3,long: close 181.92 > upper 181.17,flatten
2019-05-16,1,36,2019-05-16 09:00:00-05:00,184.62900000000002,2019-05-16 14:52:00-05:00,184.506,184.12,-44.28,long: close 184.60 > upper 183.59,flatten
2019-05-23,-1,12,2019-05-23 09:00:00-05:00,178.426,2019-05-23 14:52:00-05:00,177.934,180.0,59.04,short: close 178.45 < lower 178.46,flatten
2019-05-28,1,24,2019-05-28 09:00:00-05:00,179.369,2019-05-28 09:18:00-05:00,178.581,178.6,-189.12,long: close 179.32 > upper 179.17,stop
2019-05-30,1,25,2019-05-30 09:00:00-05:00,177.049,2019-05-30 10:52:00-05:00,176.291,176.31,-189.5,long: close 177.05 > upper 177.05,stop
2019-06-03,-1,27,2019-06-03 09:00:00-05:00,171.951,2019-06-03 09:28:00-05:00,172.65900000000002,172.64000000000001,-191.16,short: close 171.97 < lower 173.02,stop
2019-06-03,-1,20,2019-06-03 09:30:00-05:00,172.65099999999998,2019-06-03 14:52:00-05:00,169.994,173.59,531.4,short: close 172.66 < lower 172.77,flatten
2019-06-04,1,12,2019-06-04 09:30:00-05:00,172.81900000000002,2019-06-04 14:52:00-05:00,174.541,171.20000000000002,206.64,long: close 172.80 > upper 172.72,flatten
2019-06-07,1,19,2019-06-07 09:00:00-05:00,179.84900000000002,2019-06-07 14:52:00-05:00,180.956,178.87,210.33,long: close 179.82 > upper 179.04,flatten
2019-06-10,1,16,2019-06-10 09:00:00-05:00,183.264,2019-06-10 14:52:00-05:00,183.166,182.06,-15.68,long: close 183.25 > upper 182.83,flatten
2019-06-17,1,22,2019-06-17 09:00:00-05:00,183.989,2019-06-17 14:52:00-05:00,183.65099999999998,183.13,-74.36,long: close 183.96 > upper 183.65,flatten
2019-06-18,1,11,2019-06-18 09:00:00-05:00,187.079,2019-06-18 14:52:00-05:00,186.346,185.35,-80.63,long: close 187.06 > upper 186.52,flatten
2019-06-25,-1,21,2019-06-25 09:30:00-05:00,187.171,2019-06-25 14:52:00-05:00,184.794,188.05,499.17,short: close 187.20 < lower 187.21,flatten
2019-06-26,1,16,2019-06-26 09:00:00-05:00,187.029,2019-06-26 12:36:00-05:00,185.801,185.82,-196.48,long: close 187.00 > upper 186.74,stop
2019-07-03,1,26,2019-07-03 11:00:00-05:00,191.13400000000001,2019-07-03 14:51:00-05:00,191.521,190.4,100.62,long: close 191.12 > upper 190.96,session end
2019-07-05,-1,16,2019-07-05 09:00:00-05:00,189.641,2019-07-05 12:22:00-05:00,190.839,190.82,-191.68,short: close 189.65 < lower 189.67,stop
2019-07-08,-1,17,2019-07-08 09:00:00-05:00,188.971,2019-07-08 14:52:00-05:00,189.719,190.09,-127.16,short: close 188.98 < lower 189.36,flatten
2019-07-09,1,18,2019-07-09 11:30:00-05:00,190.369,2019-07-09 14:52:00-05:00,190.74099999999999,189.32,66.96,long: close 190.35 > upper 190.31,flatten
2019-07-10,1,19,2019-07-10 09:00:00-05:00,192.989,2019-07-10 09:59:00-05:00,191.971,191.99,-193.42,long: close 192.98 > upper 192.24,stop
2019-07-12,1,24,2019-07-12 12:00:00-05:00,193.329,2019-07-12 14:52:00-05:00,193.301,192.56,-6.72,long: close 193.32 > upper 193.29,flatten
2019-07-16,-1,26,2019-07-16 11:30:00-05:00,192.881,2019-07-16 14:52:00-05:00,193.244,193.59,-94.38,short: close 192.89 < lower 193.27,flatten
2019-07-18,-1,20,2019-07-18 11:00:00-05:00,190.751,2019-07-18 13:08:00-05:00,191.68900000000002,191.67000000000002,-187.6,short: close 190.77 < lower 190.82,stop
2019-07-19,-1,13,2019-07-19 13:30:00-05:00,191.611,2019-07-19 14:52:00-05:00,191.159,193.02,58.76,short: close 191.62 < lower 191.77,flatten
2019-07-22,1,26,2019-07-22 09:00:00-05:00,192.439,2019-07-22 14:52:00-05:00,192.481,191.72,10.92,long: close 192.42 > upper 191.92,flatten
2019-07-25,-1,21,2019-07-25 09:00:00-05:00,193.641,2019-07-25 14:52:00-05:00,193.479,194.52,34.02,short: close 193.66 < lower 193.94,flatten
2019-07-26,1,16,2019-07-26 09:00:00-05:00,195.209,2019-07-26 14:52:00-05:00,195.411,194.02,32.32,long: close 195.20 > upper 195.10,flatten
2019-07-29,-1,30,2019-07-29 09:00:00-05:00,193.821,2019-07-29 11:59:00-05:00,194.449,194.43,-188.4,short: close 193.84 < lower 194.60,stop
2019-08-01,1,27,2019-08-01 09:00:00-05:00,192.929,2019-08-01 12:34:00-05:00,192.211,192.23000000000002,-193.86,long: close 192.92 > upper 192.06,stop
2019-08-01,-1,19,2019-08-01 13:30:00-05:00,190.21099999999998,2019-08-01 14:52:00-05:00,190.079,191.18,25.08,short: close 190.23 < lower 190.38,flatten
2019-08-02,-1,15,2019-08-02 09:00:00-05:00,188.081,2019-08-02 14:52:00-05:00,187.269,189.35,121.8,short: close 188.08 < lower 188.20,flatten
2019-08-05,-1,7,2019-08-05 09:00:00-05:00,182.851,2019-08-05 14:52:00-05:00,180.774,185.45000000000002,145.39,short: close 182.87 < lower 182.88,flatten
2019-08-06,1,9,2019-08-06 13:30:00-05:00,183.579,2019-08-06 14:52:00-05:00,183.441,181.59,-12.42,long: close 183.54 > upper 183.53,flatten
2019-08-08,1,13,2019-08-08 09:30:00-05:00,186.0355,2019-08-08 14:52:00-05:00,187.93099999999998,184.64000000000001,246.41,long: close 186.02 > upper 186.01,flatten
2019-08-09,-1,14,2019-08-09 09:30:00-05:00,186.18099999999998,2019-08-09 14:52:00-05:00,186.939,187.54,-106.12,short: close 186.20 < lower 186.45,flatten
2019-08-13,1,28,2019-08-13 09:00:00-05:00,189.049,2019-08-13 09:03:00-05:00,188.371,188.39000000000001,-189.84,long: close 189.07 > upper 184.98,stop
2019-08-13,1,21,2019-08-13 09:30:00-05:00,189.399,2019-08-13 09:42:00-05:00,188.49099999999999,188.51,-190.68,long: close 189.39 > upper 185.21,stop
2019-08-14,-1,6,2019-08-14 10:30:00-05:00,183.891,2019-08-14 14:52:00-05:00,183.00900000000001,186.78,52.92,short: close 183.91 < lower 183.99,flatten
2019-08-16,1,9,2019-08-16 10:00:00-05:00,185.84900000000002,2019-08-16 14:52:00-05:00,185.411,183.78,-39.42,long: close 185.83 > upper 185.43,flatten
2019-08-22,-1,14,2019-08-22 10:00:00-05:00,186.691,2019-08-22 12:20:00-05:00,188.049,188.03,-190.12,short: close 186.68 < lower 187.47,stop
2019-08-23,-1,10,2019-08-23 10:30:00-05:00,184.601,2019-08-23 14:52:00-05:00,181.959,186.41,264.2,short: close 184.61 < lower 185.60,flatten
2019-08-29,1,11,2019-08-29 09:00:00-05:00,188.119,2019-08-29 14:52:00-05:00,187.941,186.41,-19.58,long: close 188.11 > upper 187.95,flatten
2019-08-30,-1,12,2019-08-30 10:30:00-05:00,186.761,2019-08-30 14:52:00-05:00,187.25900000000001,188.36,-59.76,short: close 186.79 < lower 186.83,flatten
2019-09-05,1,14,2019-09-05 09:00:00-05:00,191.419,2019-09-05 14:52:00-05:00,191.691,190.09,38.08,long: close 191.27 > upper 190.70,flatten
2019-09-09,-1,14,2019-09-09 13:30:00-05:00,190.271,2019-09-09 14:52:00-05:00,191.189,191.59,-128.52,short: close 190.30 < lower 190.57,flatten
2019-09-10,-1,21,2019-09-10 09:00:00-05:00,189.311,2019-09-10 11:22:00-05:00,190.239,190.22,-194.88,short: close 189.34 < lower 189.75,stop
2019-09-11,1,32,2019-09-11 09:00:00-05:00,191.439,2019-09-11 14:52:00-05:00,192.101,190.87,211.84,long: close 191.42 > upper 191.41,flatten
2019-09-12,1,16,2019-09-12 09:30:00-05:00,194.4606,2019-09-12 09:51:00-05:00,193.231,193.25,-196.74,long: close 194.45 > upper 194.26,stop
2019-09-18,-1,22,2019-09-18 12:30:00-05:00,191.311,2019-09-18 14:34:00-05:00,192.199,192.18,-195.36,short: close 191.32 < lower 191.49,stop
2019-09-19,1,29,2019-09-19 09:00:00-05:00,193.619,2019-09-19 11:28:00-05:00,192.951,192.97,-193.72,long: close 193.57 > upper 193.34,stop
2019-09-20,-1,28,2019-09-20 11:00:00-05:00,192.24099999999999,2019-09-20 14:52:00-05:00,190.969,192.91,356.16,short: close 192.26 < lower 192.30,flatten
2019-09-24,-1,20,2019-09-24 11:00:00-05:00,189.261,2019-09-24 14:52:00-05:00,187.909,190.18,270.4,short: close 189.30 < lower 190.00,flatten
2019-09-25,-1,41,2019-09-25 09:00:00-05:00,187.051,2019-09-25 09:08:00-05:00,187.50900000000001,187.49,-187.78,short: close 187.06 < lower 187.39,stop
2019-09-25,1,33,2019-09-25 10:30:00-05:00,188.424,2019-09-25 14:52:00-05:00,190.3767,187.86,644.39,long: close 188.41 > upper 188.39,flatten
2019-09-26,-1,37,2019-09-26 09:00:00-05:00,188.89759999999998,2019-09-26 09:49:00-05:00,189.40900000000002,189.39000000000001,-189.22,short: close 188.91 < lower 189.48,stop
2019-09-26,-1,38,2019-09-26 10:00:00-05:00,188.851,2019-09-26 13:08:00-05:00,189.34900000000002,189.33,-189.24,short: close 188.88 < lower 189.49,stop
2019-09-27,-1,32,2019-09-27 09:00:00-05:00,188.601,2019-09-27 09:48:00-05:00,189.18900000000002,189.17000000000002,-188.16,short: close 188.63 < lower 188.95,stop
2019-09-27,-1,24,2019-09-27 11:00:00-05:00,188.541,2019-09-27 14:52:00-05:00,187.09900000000002,189.31,346.08,short: close 188.57 < lower 188.76,flatten
2019-09-30,1,21,2019-09-30 10:30:00-05:00,188.50900000000001,2019-09-30 14:52:00-05:00,188.656,187.63,30.87,long: close 188.48 > upper 188.33,flatten
2019-10-01,1,24,2019-10-01 09:00:00-05:00,190.419,2019-10-01 09:03:00-05:00,189.621,189.64000000000001,-191.52,long: close 190.41 > upper 189.94,stop
2019-10-01,-1,23,2019-10-01 10:00:00-05:00,188.281,2019-10-01 14:52:00-05:00,187.369,189.09,209.76,short: close 188.30 < lower 188.35,flatten
2019-10-02,-1,19,2019-10-02 09:00:00-05:00,184.911,2019-10-02 14:52:00-05:00,184.00900000000001,185.92000000000002,171.38,short: close 184.93 < lower 185.61,flatten
2019-10-03,-1,40,2019-10-03 09:30:00-05:00,183.4032,2019-10-03 09:36:00-05:00,183.87900000000002,183.86,-190.32,short: close 183.42 < lower 183.57,stop
2019-10-03,1,26,2019-10-03 10:30:00-05:00,184.899,2019-10-03 14:52:00-05:00,185.581,184.17000000000002,177.32,long: close 184.89 > upper 184.77,flatten
2019-10-04,1,20,2019-10-04 09:00:00-05:00,187.749,2019-10-04 14:52:00-05:00,188.821,186.82,214.4,long: close 187.73 > upper 187.49,flatten
2019-10-08,-1,17,2019-10-08 09:00:00-05:00,186.011,2019-10-08 11:45:00-05:00,187.139,187.12,-191.76,short: close 186.01 < lower 186.50,stop
2019-10-10,1,32,2019-10-10 09:00:00-05:00,188.749,2019-10-10 11:33:00-05:00,188.161,188.18,-188.16,long: close 188.72 > upper 187.87,stop
2019-10-11,1,11,2019-10-11 09:00:00-05:00,191.56900000000002,2019-10-11 14:52:00-05:00,191.671,189.87,11.22,long: close 191.53 > upper 191.43,flatten
2019-10-15,1,20,2019-10-15 09:30:00-05:00,192.81900000000002,2019-10-15 14:52:00-05:00,193.601,191.86,156.4,long: close 192.78 > upper 192.34,flatten
2019-10-18,-1,16,2019-10-18 11:00:00-05:00,191.40099999999998,2019-10-18 14:52:00-05:00,192.144,192.59,-118.88,short: close 191.43 < lower 192.25,flatten
2019-10-25,1,15,2019-10-25 10:00:00-05:00,194.909,2019-10-25 14:52:00-05:00,195.361,193.64000000000001,67.8,long: close 194.89 > upper 194.85,flatten
2019-10-28,1,17,2019-10-28 09:30:00-05:00,197.25900000000001,2019-10-28 14:52:00-05:00,197.62099999999998,196.16,61.54,long: close 197.24 > upper 197.19,flatten
2019-11-01,1,19,2019-11-01 09:30:00-05:00,198.549,2019-11-01 14:52:00-05:00,198.291,197.55,-49.02,long: close 198.53 > upper 198.49,flatten
2019-11-06,-1,32,2019-11-06 09:30:00-06:00,199.37099999999998,2019-11-06 14:52:00-06:00,199.649,199.95000000000002,-88.96,short: close 199.39 < lower 199.46,flatten
2019-11-07,1,18,2019-11-07 10:00:00-06:00,201.429,2019-11-07 13:50:00-06:00,200.351,200.37,-194.04,long: close 201.40 > upper 201.32,stop
2019-11-12,1,41,2019-11-12 09:00:00-06:00,201.56900000000002,2019-11-12 13:44:00-06:00,201.111,201.13,-187.78,long: close 201.54 > upper 201.48,stop
2019-11-18,-1,50,2019-11-18 09:00:00-06:00,202.171,2019-11-18 09:47:00-06:00,202.549,202.53,-189.0,short: close 202.18 < lower 202.30,stop
2019-11-18,1,38,2019-11-18 13:30:00-06:00,203.304,2019-11-18 14:50:00-06:00,202.801,202.82,-191.14,long: close 203.28 > upper 203.14,stop
2019-11-20,-1,26,2019-11-20 12:00:00-06:00,201.791,2019-11-20 14:52:00-06:00,201.864,202.51,-18.98,short: close 201.80 < lower 202.38,flatten
2019-11-21,-1,36,2019-11-21 09:30:00-06:00,201.301,2019-11-21 10:04:00-06:00,201.829,201.81,-190.08,short: close 201.35 < lower 201.52,stop
2019-11-21,-1,40,2019-11-21 10:30:00-06:00,201.451,2019-11-21 13:20:00-06:00,201.919,201.9,-187.2,short: close 201.50 < lower 201.58,stop
2019-11-22,-1,30,2019-11-22 10:30:00-06:00,201.281,2019-11-22 14:52:00-06:00,201.53900000000002,201.9,-77.4,short: close 201.29 < lower 201.31,flatten
2019-11-25,1,26,2019-11-25 09:00:00-06:00,203.619,2019-11-25 14:52:00-06:00,203.986,202.89000000000001,95.42,long: close 203.60 > upper 202.97,flatten
2019-11-27,1,23,2019-11-27 11:00:00-06:00,205.739,2019-11-27 14:52:00-06:00,205.916,204.92000000000002,40.71,long: close 205.72 > upper 205.69,flatten
2019-12-02,-1,46,2019-12-02 09:00:00-06:00,203.40099999999998,2019-12-02 14:52:00-06:00,203.029,203.79,171.12,short: close 203.43 < lower 204.76,flatten
2019-12-06,1,15,2019-12-06 11:30:00-06:00,204.87900000000002,2019-12-06 14:52:00-06:00,204.921,203.59,6.3,long: close 204.86 > upper 204.80,flatten
2019-12-09,1,32,2019-12-09 09:00:00-06:00,205.41400000000002,2019-12-09 10:22:00-06:00,204.811,204.83,-192.96,long: close 205.39 > upper 205.36,stop
2019-12-12,1,32,2019-12-12 09:00:00-06:00,206.549,2019-12-12 10:27:00-06:00,205.961,205.98000000000002,-188.16,long: close 206.51 > upper 205.48,stop
2019-12-12,1,24,2019-12-12 10:30:00-06:00,205.869,2019-12-12 11:23:00-06:00,205.061,205.08,-193.92,long: close 205.85 > upper 205.69,stop
2019-12-13,1,23,2019-12-13 09:30:00-06:00,207.419,2019-12-13 09:38:00-06:00,206.571,206.59,-195.04,long: close 207.41 > upper 207.31,stop
2019-12-13,1,27,2019-12-13 11:30:00-06:00,207.309,2019-12-13 14:52:00-06:00,207.271,206.62,-10.26,long: close 207.28 > upper 207.17,flatten
2019-12-16,1,13,2019-12-16 09:30:00-06:00,209.47400000000002,2019-12-16 14:52:00-06:00,209.301,208.07,-22.49,long: close 209.45 > upper 209.24,flatten
2019-12-19,1,26,2019-12-19 10:30:00-06:00,210.421,2019-12-19 14:52:00-06:00,210.631,209.70000000000002,54.6,long: close 210.41 > upper 210.25,flatten
2019-12-26,1,27,2019-12-26 10:00:00-06:00,212.959,2019-12-26 14:52:00-06:00,213.391,212.27,116.64,long: close 212.94 > upper 212.78,flatten
2019-12-30,-1,31,2019-12-30 09:00:00-06:00,211.71099999999998,2019-12-30 10:46:00-06:00,212.329,212.31,-191.58,short: close 211.72 < lower 212.96,stop
2019-12-30,-1,37,2019-12-30 11:00:00-06:00,212.24099999999999,2019-12-30 11:52:00-06:00,212.74900000000002,212.73000000000002,-187.96,short: close 212.27 < lower 213.06,stop
2020-01-02,1,12,2020-01-02 09:00:00-06:00,215.09900000000002,2020-01-02 14:52:00-06:00,215.74099999999999,213.55,77.04,long: close 215.07 > upper 215.02,flatten
2020-01-06,1,12,2020-01-06 13:30:00-06:00,214.979,2020-01-06 14:52:00-06:00,215.391,213.44,49.44,long: close 214.96 > upper 214.88,flatten
2020-01-08,1,30,2020-01-08 10:30:00-06:00,216.389,2020-01-08 14:52:00-06:00,217.201,215.77,243.6,long: close 216.37 > upper 216.11,flatten
2020-01-13,1,17,2020-01-13 11:00:00-06:00,220.309,2020-01-13 14:52:00-06:00,220.67749999999998,219.20000000000002,62.64,long: close 220.29 > upper 219.99,flatten
2020-01-14,-1,23,2020-01-14 09:00:00-06:00,219.87099999999998,2020-01-14 09:31:00-06:00,220.68900000000002,220.67000000000002,-188.14,short: close 219.88 < lower 220.06,stop
2020-01-15,1,29,2020-01-15 09:30:00-06:00,220.859,2020-01-15 12:33:00-06:00,220.211,220.23000000000002,-187.92,long: close 220.82 > upper 220.76,stop
2020-01-22,1,19,2020-01-22 09:30:00-06:00,224.909,2020-01-22 14:17:00-06:00,223.891,223.91,-193.42,long: close 224.89 > upper 224.87,stop
2020-01-24,-1,14,2020-01-24 11:30:00-06:00,223.281,2020-01-24 14:52:00-06:00,222.454,224.61,115.78,short: close 223.28 < lower 223.75,flatten
2020-01-28,1,16,2020-01-28 09:30:00-06:00,220.28900000000002,2020-01-28 14:52:00-06:00,221.49099999999999,219.11,192.32,long: close 220.26 > upper 220.01,flatten
2020-01-30,-1,16,2020-01-30 10:00:00-06:00,219.731,2020-01-30 10:36:00-06:00,220.90900000000002,220.89000000000001,-188.48,short: close 219.75 < lower 219.89,stop
2020-01-31,-1,19,2020-01-31 09:30:00-06:00,220.781,2020-01-31 14:52:00-06:00,218.97400000000002,221.79,343.33,short: close 220.81 < lower 222.04,flatten
2020-02-03,1,17,2020-02-03 09:00:00-06:00,222.209,2020-02-03 14:52:00-06:00,222.011,221.09,-33.66,long: close 222.16 > upper 220.69,flatten
2020-02-04,1,7,2020-02-04 10:30:00-06:00,226.56900000000002,2020-02-04 14:52:00-06:00,227.49099999999999,224.09,64.54,long: close 226.53 > upper 226.33,flatten
2020-02-06,1,12,2020-02-06 12:00:00-06:00,230.109,2020-02-06 14:52:00-06:00,229.761,228.55,-41.76,long: close 230.09 > upper 230.07,flatten
2020-02-10,1,18,2020-02-10 09:00:00-06:00,230.09300000000002,2020-02-10 14:52:00-06:00,231.411,229.03,237.24,long: close 230.08 > upper 229.87,flatten
2020-02-20,-1,11,2020-02-20 10:30:00-06:00,234.001,2020-02-20 14:52:00-06:00,234.519,235.63,-56.98,short: close 234.02 < lower 235.10,flatten
2020-02-21,-1,15,2020-02-21 09:00:00-06:00,231.761,2020-02-21 14:52:00-06:00,230.479,233.05,192.3,short: close 231.79 < lower 232.91,flatten
2020-02-25,-1,12,2020-02-25 09:30:00-06:00,220.591,2020-02-25 14:52:00-06:00,215.419,222.21,620.64,short: close 220.61 < lower 220.68,flatten
2020-02-26,1,14,2020-02-26 09:00:00-06:00,218.25900000000001,2020-02-26 11:07:00-06:00,216.881,216.9,-192.92,long: close 218.26 > upper 217.42,stop
2020-02-27,-1,5,2020-02-27 09:30:00-06:00,209.231,2020-02-27 10:18:00-06:00,212.779,212.76,-177.4,short: close 209.26 < lower 210.22,stop
2020-03-02,1,7,2020-03-02 10:30:00-06:00,211.179,2020-03-02 14:52:00-06:00,214.751,208.53,250.04,long: close 211.17 > upper 210.43,flatten
2020-03-03,-1,17,2020-03-03 09:00:00-06:00,214.12099999999998,2020-03-03 09:00:00-06:00,215.229,215.21,-188.36,short: close 214.13 < lower 215.72,stop
2020-03-03,-1,10,2020-03-03 10:30:00-06:00,212.661,2020-03-03 10:40:00-06:00,214.639,214.62,-197.8,short: close 212.69 < lower 214.84,stop
2020-03-04,1,5,2020-03-04 12:30:00-06:00,215.699,2020-03-04 14:52:00-06:00,217.551,211.8,92.6,long: close 215.68 > upper 215.39,flatten
2020-03-11,-1,3,2020-03-11 12:00:00-05:00,196.671,2020-03-11 14:52:00-05:00,195.00900000000001,201.77,49.86,short: close 196.70 < lower 196.73,flatten
2020-03-17,1,3,2020-03-17 10:30:00-05:00,178.999,2020-03-17 14:52:00-05:00,181.281,173.0,68.46,long: close 178.99 > upper 178.61,flatten
2020-03-18,-1,3,2020-03-18 13:00:00-05:00,168.761,2020-03-18 14:52:00-05:00,172.219,174.76,-103.74,short: close 168.78 < lower 169.17,flatten
2020-03-19,1,8,2020-03-19 09:30:00-05:00,179.62900000000002,2020-03-19 09:40:00-05:00,177.411,177.43,-177.44,long: close 179.64 > upper 178.28,stop
2020-03-19,1,5,2020-03-19 10:30:00-05:00,181.734,2020-03-19 11:13:00-05:00,177.901,177.92000000000002,-191.65,long: close 181.70 > upper 179.90,stop
2020-03-23,-1,5,2020-03-23 10:30:00-05:00,166.46099999999998,2020-03-23 11:41:00-05:00,170.119,170.1,-182.9,short: close 166.48 < lower 167.21,stop
2020-03-25,1,6,2020-03-25 12:30:00-05:00,187.529,2020-03-25 14:48:00-05:00,184.631,184.65,-173.88,long: close 187.53 > upper 186.98,stop
2020-03-26,1,6,2020-03-26 09:00:00-05:00,186.299,2020-03-26 14:52:00-05:00,190.881,183.19,274.92,long: close 186.29 > upper 186.09,flatten
2020-03-30,1,4,2020-03-30 10:30:00-05:00,191.019,2020-03-30 14:52:00-05:00,191.701,186.21,27.28,long: close 190.98 > upper 190.86,flatten
2020-04-02,1,6,2020-04-02 12:00:00-05:00,185.389,2020-04-02 13:11:00-05:00,182.191,182.21,-191.88,long: close 185.36 > upper 185.16,stop
2020-04-03,-1,7,2020-04-03 12:30:00-05:00,182.451,2020-04-03 14:52:00-05:00,183.729,185.17000000000002,-89.46,short: close 182.48 < lower 183.03,flatten
2020-04-06,1,3,2020-04-06 12:00:00-05:00,193.669,2020-04-06 14:52:00-05:00,196.341,187.70000000000002,80.16,long: close 193.65 > upper 192.96,flatten
2020-04-14,1,6,2020-04-14 09:00:00-05:00,209.709,2020-04-14 14:52:00-05:00,211.61329999999998,206.63,114.26,long: close 209.69 > upper 208.19,flatten
2020-04-16,1,5,2020-04-16 11:00:00-05:00,214.094,2020-04-16 11:33:00-05:00,210.641,210.66,-172.65,long: close 214.08 > upper 214.05,stop
2020-04-21,-1,10,2020-04-21 09:00:00-05:00,209.531,2020-04-21 14:52:00-05:00,205.189,211.37,434.2,short: close 209.54 < lower 209.80,flatten
2020-04-23,1,16,2020-04-23 09:00:00-05:00,212.929,2020-04-23 11:45:00-05:00,211.701,211.72,-196.48,long: close 212.92 > upper 212.64,stop
2020-04-24,-1,18,2020-04-24 09:00:00-05:00,209.591,2020-04-24 09:14:00-05:00,210.65900000000002,210.64000000000001,-192.24,short: close 209.61 < lower 209.69,stop
2020-04-28,-1,7,2020-04-28 10:00:00-05:00,212.301,2020-04-28 14:52:00-05:00,211.679,214.98000000000002,43.54,short: close 212.30 < lower 213.64,flatten
2020-04-29,1,5,2020-04-29 09:30:00-05:00,217.939,2020-04-29 14:52:00-05:00,219.0813,214.41,57.12,long: close 217.91 > upper 217.43,flatten
2020-05-01,-1,4,2020-05-01 12:00:00-05:00,212.321,2020-05-01 14:52:00-05:00,212.449,216.57,-5.12,short: close 212.34 < lower 212.63,flatten
2020-05-05,1,10,2020-05-05 09:00:00-05:00,218.649,2020-05-05 14:52:00-05:00,218.221,216.74,-42.8,long: close 218.63 > upper 218.22,flatten
2020-05-11,1,8,2020-05-11 12:30:00-05:00,227.179,2020-05-11 14:52:00-05:00,227.201,224.72,1.76,long: close 227.16 > upper 226.60,flatten
2020-05-13,1,14,2020-05-13 09:30:00-05:00,224.049,2020-05-13 09:58:00-05:00,222.691,222.71,-190.12,long: close 224.00 > upper 223.74,stop
2020-05-13,-1,11,2020-05-13 11:00:00-05:00,219.551,2020-05-13 14:52:00-05:00,219.239,221.25,34.32,short: close 219.56 < lower 220.70,flatten
2020-05-14,-1,13,2020-05-14 09:00:00-05:00,216.581,2020-05-14 10:05:00-05:00,218.059,218.04,-192.14,short: close 216.54 < lower 217.31,stop
2020-05-18,1,7,2020-05-18 10:00:00-05:00,227.779,2020-05-18 14:52:00-05:00,228.136,225.04,24.99,long: close 227.78 > upper 227.53,flatten
2020-05-19,1,21,2020-05-19 09:00:00-05:00,228.7391,2020-05-19 14:37:00-05:00,227.841,227.86,-188.6,long: close 228.72 > upper 228.46,stop
2020-05-20,1,9,2020-05-20 09:00:00-05:00,230.939,2020-05-20 14:52:00-05:00,231.031,228.76,8.28,long: close 230.91 > upper 230.30,flatten
2020-05-21,-1,17,2020-05-21 10:00:00-05:00,229.93099999999998,2020-05-21 14:52:00-05:00,229.199,231.01,124.44,short: close 229.97 < lower 230.33,flatten
2020-05-27,-1,17,2020-05-27 09:00:00-05:00,226.661,2020-05-27 11:53:00-05:00,227.799,227.78,-193.46,short: close 226.69 < lower 227.70,stop
2020-05-28,1,11,2020-05-28 10:00:00-05:00,231.689,2020-05-28 14:48:00-05:00,229.911,229.93,-195.58,long: close 231.67 > upper 231.42,stop
2020-06-02,-1,13,2020-06-02 10:30:00-05:00,232.571,2020-06-02 12:09:00-05:00,234.079,234.06,-196.04,short: close 232.58 < lower 232.81,stop
2020-06-05,1,13,2020-06-05 09:00:00-05:00,238.149,2020-06-05 14:52:00-05:00,239.341,236.69,154.96,long: close 238.12 > upper 236.99,flatten
2020-06-09,1,10,2020-06-09 10:00:00-05:00,243.1978,2020-06-09 14:52:00-05:00,243.061,241.31,-13.68,long: close 243.18 > upper 242.99,flatten
2020-06-10,1,7,2020-06-10 13:30:00-05:00,247.544,2020-06-10 14:52:00-05:00,246.911,245.03,-44.31,long: close 247.52 > upper 246.63,flatten
2020-06-11,-1,5,2020-06-11 11:30:00-05:00,238.571,2020-06-11 14:52:00-05:00,234.25900000000001,242.05,215.6,short: close 238.63 < lower 240.79,flatten
2020-06-12,-1,4,2020-06-12 13:00:00-05:00,231.951,2020-06-12 14:50:00-05:00,236.089,236.07,-165.52,short: close 231.94 < lower 232.50,stop
2020-06-15,1,5,2020-06-15 13:30:00-05:00,239.179,2020-06-15 14:52:00-05:00,238.561,235.33,-30.9,long: close 239.15 > upper 237.97,flatten
2020-06-22,1,21,2020-06-22 09:30:00-05:00,245.12900000000002,2020-06-22 14:52:00-05:00,246.381,244.25,262.92,long: close 245.08 > upper 244.85,flatten
2020-06-23,1,12,2020-06-23 09:30:00-05:00,249.25900000000001,2020-06-23 14:52:00-05:00,248.311,247.66,-113.76,long: close 249.24 > upper 249.18,flatten
2020-06-24,-1,18,2020-06-24 09:00:00-05:00,246.221,2020-06-24 14:52:00-05:00,243.489,247.27,491.76,short: close 246.27 < lower 247.31,flatten
2020-06-25,-1,24,2020-06-25 09:00:00-05:00,242.62099999999998,2020-06-25 09:20:00-05:00,243.419,243.4,-191.52,short: close 242.65 < lower 243.06,stop
2020-06-26,-1,23,2020-06-26 09:00:00-05:00,244.411,2020-06-26 14:52:00-05:00,240.709,245.23000000000002,851.46,short: close 244.47 < lower 245.09,flatten
2020-06-29,-1,25,2020-06-29 09:00:00-05:00,238.90099999999998,2020-06-29 09:02:00-05:00,239.65900000000002,239.64000000000001,-189.5,short: close 238.89 < lower 239.29,stop
2020-06-30,1,26,2020-06-30 09:00:00-05:00,244.559,2020-06-30 14:52:00-05:00,247.65099999999998,243.83,803.92,long: close 244.55 > upper 243.48,flatten
2020-07-01,1,17,2020-07-01 09:30:00-05:00,249.054,2020-07-01 14:52:00-05:00,250.801,247.95000000000002,296.99,long: close 249.03 > upper 248.54,flatten
2020-07-02,1,9,2020-07-02 09:00:00-05:00,254.094,2020-07-02 10:29:00-05:00,251.971,251.99,-191.07,long: close 254.08 > upper 253.80,stop
2020-07-06,1,7,2020-07-06 09:00:00-05:00,256.629,2020-07-06 14:52:00-05:00,258.121,254.09,104.44,long: close 256.60 > upper 256.31,flatten
2020-07-07,1,17,2020-07-07 09:30:00-05:00,260.029,2020-07-07 11:43:00-05:00,258.881,258.9,-195.16,long: close 260.00 > upper 259.37,stop
2020-07-08,1,12,2020-07-08 09:00:00-05:00,259.318,2020-07-08 10:18:00-05:00,257.701,257.72,-194.04,long: close 259.30 > upper 258.89,stop
2020-07-10,-1,18,2020-07-10 09:00:00-05:00,260.391,2020-07-10 09:26:00-05:00,261.42900000000003,261.41,-186.84,short: close 260.47 < lower 260.97,stop
2020-07-13,1,7,2020-07-13 09:30:00-05:00,268.3689,2020-07-13 13:07:00-05:00,265.761,265.78000000000003,-182.55,long: close 268.35 > upper 268.04,stop
2020-07-15,-1,7,2020-07-15 11:00:00-05:00,257.981,2020-07-15 13:02:00-05:00,260.54900000000004,260.53000000000003,-179.76,short: close 258.02 < lower 258.49,stop
2020-07-17,-1,13,2020-07-17 09:30:00-05:00,257.51099999999997,2020-07-17 10:09:00-05:00,259.019,259.0,-196.04,short: close 257.51 < lower 257.87,stop
2020-07-20,1,14,2020-07-20 09:30:00-05:00,262.6914,2020-07-20 14:52:00-05:00,267.241,261.31,636.94,long: close 262.65 > upper 261.13,flatten
2020-07-21,-1,7,2020-07-21 11:00:00-05:00,264.6524,2020-07-21 14:52:00-05:00,263.389,267.39,88.44,short: close 264.67 < lower 264.87,flatten
2020-07-22,1,20,2020-07-22 09:00:00-05:00,265.349,2020-07-22 09:30:00-05:00,264.371,264.39,-195.6,long: close 265.33 > upper 265.21,stop
2020-07-23,-1,10,2020-07-23 11:30:00-05:00,261.421,2020-07-23 14:52:00-05:00,257.119,263.24,430.2,short: close 261.45 < lower 262.92,flatten
2020-07-24,-1,7,2020-07-24 09:00:00-05:00,253.301,2020-07-24 09:57:00-05:00,255.949,255.93,-185.36,short: close 253.33 < lower 253.41,stop
2020-07-27,1,11,2020-07-27 09:00:00-05:00,259.099,2020-07-27 10:24:00-05:00,257.441,257.46,-182.38,long: close 259.05 > upper 258.01,stop
2020-07-27,1,8,2020-07-27 12:30:00-05:00,258.939,2020-07-27 14:52:00-05:00,259.891,256.48,76.16,long: close 258.93 > upper 258.84,flatten
2020-07-28,-1,16,2020-07-28 09:00:00-05:00,258.271,2020-07-28 10:15:00-05:00,259.439,259.42,-186.88,short: close 258.27 < lower 258.58,stop
2020-08-03,1,10,2020-08-03 09:00:00-05:00,269.17900000000003,2020-08-03 14:52:00-05:00,269.421,267.25,24.2,long: close 269.15 > upper 268.88,flatten
2020-08-06,1,8,2020-08-06 13:30:00-05:00,273.969,2020-08-06 14:52:00-05:00,274.451,271.6,38.56,long: close 273.95 > upper 273.32,flatten
2020-08-07,-1,9,2020-08-07 12:00:00-05:00,271.691,2020-08-07 14:52:00-05:00,271.229,273.8,41.58,short: close 271.72 < lower 272.21,flatten
2020-08-10,-1,19,2020-08-10 09:00:00-05:00,270.361,2020-08-10 14:52:00-05:00,269.964,271.34000000000003,75.43,short: close 270.35 < lower 270.64,flatten
2020-08-12,1,10,2020-08-12 09:00:00-05:00,269.899,2020-08-12 14:52:00-05:00,271.981,268.0,208.2,long: close 269.87 > upper 268.19,flatten
2020-08-13,1,13,2020-08-13 09:30:00-05:00,273.889,2020-08-13 13:21:00-05:00,272.371,272.39,-197.34,long: close 273.85 > upper 273.78,stop
2020-08-14,-1,13,2020-08-14 09:30:00-05:00,270.921,2020-08-14 10:34:00-05:00,272.399,272.38,-192.14,short: close 270.95 < lower 271.29,stop
2020-08-19,-1,20,2020-08-19 09:00:00-05:00,276.931,2020-08-19 09:19:00-05:00,277.879,277.86,-189.6,short: close 276.96 < lower 277.02,stop
2020-08-20,1,14,2020-08-20 09:00:00-05:00,277.359,2020-08-20 14:52:00-05:00,279.971,275.99,365.68,long: close 277.34 > upper 277.08,flatten
2020-08-21,1,13,2020-08-21 10:00:00-05:00,281.689,2020-08-21 10:59:00-05:00,280.211,280.23,-192.14,long: close 281.68 > upper 281.43,stop
2020-08-26,1,8,2020-08-26 10:30:00-05:00,289.324,2020-08-26 14:52:00-05:00,291.931,287.02,208.56,long: close 289.31 > upper 288.77,flatten
2020-08-27,-1,7,2020-08-27 12:00:00-05:00,289.501,2020-08-27 13:27:00-05:00,292.019,292.0,-176.26,short: close 289.57 < lower 289.96,stop
2020-08-31,1,10,2020-08-31 10:00:00-05:00,294.839,2020-08-31 14:52:00-05:00,296.531,292.99,169.2,long: close 294.80 > upper 294.68,flatten
2020-09-01,1,7,2020-09-01 09:30:00-05:00,299.329,2020-09-01 14:52:00-05:00,299.251,296.78000000000003,-5.46,long: close 299.31 > upper 298.85,flatten
2020-09-02,-1,8,2020-09-02 09:00:00-05:00,298.801,2020-09-02 09:31:00-05:00,301.259,301.24,-196.64,short: close 298.78 < lower 299.14,stop
2020-09-03,-1,6,2020-09-03 09:00:00-05:00,297.041,2020-09-03 14:52:00-05:00,285.924,300.3,667.02,short: close 297.08 < lower 297.22,flatten
2020-09-04,-1,11,2020-09-04 09:00:00-05:00,281.501,2020-09-04 09:04:00-05:00,283.229,283.21,-190.08,short: close 281.58 < lower 284.77,stop
2020-09-04,-1,9,2020-09-04 09:30:00-05:00,277.061,2020-09-04 10:52:00-05:00,279.04900000000004,279.03000000000003,-178.92,short: close 277.07 < lower 284.52,stop
2020-09-09,1,3,2020-09-09 11:30:00-05:00,278.279,2020-09-09 14:52:00-05:00,278.351,273.13,2.16,long: close 278.24 > upper 277.95,flatten
2020-09-10,-1,4,2020-09-10 13:30:00-05:00,271.885,2020-09-10 14:52:00-05:00,272.769,276.26,-35.36,short: close 271.91 < lower 275.02,flatten
2020-09-11,-1,4,2020-09-11 12:00:00-05:00,268.851,2020-09-11 14:52:00-05:00,270.119,272.88,-50.72,short: close 268.90 < lower 269.25,flatten
2020-09-14,1,5,2020-09-14 09:30:00-05:00,277.089,2020-09-14 12:32:00-05:00,273.211,273.23,-193.9,long: close 277.07 > upper 276.25,stop
2020-09-18,-1,6,2020-09-18 10:00:00-05:00,267.781,2020-09-18 14:52:00-05:00,266.549,270.93,73.92,short: close 267.80 < lower 267.86,flatten
2020-09-23,-1,6,2020-09-23 11:00:00-05:00,268.121,2020-09-23 14:52:00-05:00,263.48900000000003,271.0,277.92,short: close 268.16 < lower 269.41,flatten
2020-09-24,1,5,2020-09-24 11:00:00-05:00,267.299,2020-09-24 14:52:00-05:00,265.101,263.39,-109.9,long: close 267.24 > upper 266.75,flatten
2020-09-25,1,6,2020-09-25 10:30:00-05:00,268.749,2020-09-25 14:52:00-05:00,271.476,265.85,163.62,long: close 268.71 > upper 268.53,flatten
2020-09-30,1,12,2020-09-30 09:00:00-05:00,278.539,2020-09-30 14:19:00-05:00,277.011,277.03000000000003,-183.36,long: close 278.52 > upper 277.48,stop
2020-10-05,1,7,2020-10-05 09:30:00-05:00,278.349,2020-10-05 14:52:00-05:00,280.206,275.71,129.99,long: close 278.31 > upper 277.98,flatten
2020-10-07,1,5,2020-10-07 13:30:00-05:00,280.509,2020-10-07 14:52:00-05:00,280.301,276.8,-10.4,long: close 280.49 > upper 280.21,flatten
2020-10-09,1,7,2020-10-09 12:00:00-05:00,285.149,2020-10-09 14:52:00-05:00,285.32099999999997,282.57,12.04,long: close 285.12 > upper 284.85,flatten
2020-10-12,1,4,2020-10-12 10:30:00-05:00,292.859,2020-10-12 14:52:00-05:00,294.32099999999997,288.48,58.48,long: close 292.84 > upper 292.54,flatten
2020-10-14,-1,7,2020-10-14 11:00:00-05:00,291.981,2020-10-14 14:52:00-05:00,292.809,294.45,-57.96,short: close 291.95 < lower 292.42,flatten
2020-10-20,1,8,2020-10-20 12:30:00-05:00,286.969,2020-10-20 14:10:00-05:00,284.671,284.69,-183.84,long: close 286.93 > upper 286.41,stop
2020-10-21,1,19,2020-10-21 09:00:00-05:00,287.209,2020-10-21 09:28:00-05:00,286.181,286.2,-195.32,long: close 287.19 > upper 285.58,stop
2020-10-21,1,15,2020-10-21 09:30:00-05:00,286.499,2020-10-21 09:59:00-05:00,285.221,285.24,-191.7,long: close 286.49 > upper 285.83,stop
2020-10-22,-1,11,2020-10-22 09:30:00-05:00,282.711,2020-10-22 12:44:00-05:00,284.35900000000004,284.34000000000003,-181.28,short: close 282.72 < lower 282.99,stop
2020-10-23,-1,16,2020-10-23 09:00:00-05:00,283.291,2020-10-23 14:46:00-05:00,284.48900000000003,284.47,-191.68,short: close 283.34 < lower 283.38,stop
2020-10-26,-1,7,2020-10-26 10:30:00-05:00,280.301,2020-10-26 14:52:00-05:00,279.069,282.8,86.24,short: close 280.31 < lower 281.16,flatten
2020-10-28,-1,6,2020-10-28 09:00:00-05:00,275.76099999999997,2020-10-28 14:52:00-05:00,272.789,279.05,178.32,short: close 275.78 < lower 277.07,flatten
2020-10-29,1,10,2020-10-29 09:00:00-05:00,274.759,2020-10-29 14:52:00-05:00,278.221,272.97,346.2,long: close 274.71 > upper 274.17,flatten
2020-10-30,-1,9,2020-10-30 09:00:00-05:00,272.381,2020-10-30 14:52:00-05:00,268.194,274.52,376.83,short: close 272.44 < lower 273.17,flatten
2020-11-02,-1,5,2020-11-02 13:00:00-06:00,267.101,2020-11-02 14:52:00-06:00,268.809,270.66,-85.4,short: close 267.11 < lower 267.17,flatten
2020-11-03,1,9,2020-11-03 09:00:00-06:00,273.269,2020-11-03 14:52:00-06:00,275.611,271.11,210.78,long: close 273.21 > upper 273.12,flatten
2020-11-04,1,3,2020-11-04 09:30:00-06:00,286.92900000000003,2020-11-04 14:52:00-06:00,287.01099999999997,280.93,2.46,long: close 286.90 > upper 285.49,flatten
2020-11-06,-1,11,2020-11-06 09:00:00-06:00,290.201,2020-11-06 09:15:00-06:00,291.959,291.94,-193.38,short: close 290.20 < lower 292.19,stop
2020-11-10,-1,5,2020-11-10 09:30:00-06:00,282.041,2020-11-10 10:45:00-06:00,285.779,285.76,-186.9,short: close 282.07 < lower 283.15,stop
2020-11-11,1,7,2020-11-11 09:00:00-06:00,287.549,2020-11-11 14:52:00-06:00,289.911,284.87,165.34,long: close 287.50 > upper 287.37,flatten
2020-11-23,-1,10,2020-11-23 10:30:00-06:00,288.592,2020-11-23 12:09:00-06:00,290.449,290.43,-185.7,short: close 288.64 < lower 289.05,stop
2020-11-24,1,11,2020-11-24 10:30:00-06:00,293.109,2020-11-24 14:52:00-06:00,294.3092,291.34000000000003,132.02,long: close 293.10 > upper 292.71,flatten
2020-11-27,1,9,2020-11-27 09:30:00-06:00,299.6889,2020-11-27 14:53:00-06:00,298.931,297.67,-68.21,long: close 299.68 > upper 299.35,flatten
2020-11-30,-1,16,2020-11-30 09:30:00-06:00,297.681,2020-11-30 13:26:00-06:00,298.85900000000004,298.84000000000003,-188.48,short: close 297.75 < lower 298.13,stop
2020-12-01,1,7,2020-12-01 11:00:00-06:00,303.619,2020-12-01 14:52:00-06:00,303.481,301.05,-9.66,long: close 303.59 > upper 303.19,flatten
2020-12-03,1,25,2020-12-03 09:00:00-06:00,304.809,2020-12-03 10:09:00-06:00,304.031,304.05,-194.5,long: close 304.75 > upper 304.72,stop
2020-12-04,1,26,2020-12-04 09:00:00-06:00,305.039,2020-12-04 09:29:00-06:00,304.291,304.31,-194.48,long: close 305.02 > upper 304.96,stop
2020-12-04,1,17,2020-12-04 12:00:00-06:00,305.599,2020-12-04 14:52:00-06:00,305.041,304.51,-94.86,long: close 305.58 > upper 305.32,flatten
2020-12-07,1,24,2020-12-07 09:00:00-06:00,307.0072,2020-12-07 12:38:00-06:00,306.201,306.22,-193.49,long: close 306.93 > upper 306.44,stop
2020-12-08,-1,17,2020-12-08 09:30:00-06:00,305.371,2020-12-08 10:17:00-06:00,306.509,306.49,-193.46,short: close 305.40 < lower 305.90,stop
2020-12-08,1,14,2020-12-08 13:30:00-06:00,308.604,2020-12-08 14:52:00-06:00,308.15999999999997,307.26,-62.16,long: close 308.54 > upper 308.36,flatten
2020-12-09,-1,15,2020-12-09 11:30:00-06:00,306.121,2020-12-09 14:52:00-06:00,301.389,307.36,709.8,short: close 306.14 < lower 306.92,flatten
2020-12-10,1,10,2020-12-10 10:00:00-06:00,303.204,2020-12-10 14:52:00-06:00,303.061,301.24,-14.3,long: close 303.20 > upper 302.27,flatten
2020-12-11,-1,9,2020-12-11 11:30:00-06:00,299.006,2020-12-11 12:55:00-06:00,301.129,301.11,-191.07,short: close 299.02 < lower 299.52,stop
2020-12-14,1,15,2020-12-14 09:00:00-06:00,305.419,2020-12-14 12:08:00-06:00,304.13100000000003,304.15000000000003,-193.2,long: close 305.39 > upper 303.76,stop
2020-12-14,1,8,2020-12-14 13:00:00-06:00,305.279,2020-12-14 14:52:00-06:00,304.411,303.01,-69.44,long: close 305.26 > upper 304.77,flatten
2020-12-18,-1,11,2020-12-18 13:30:00-06:00,309.211,2020-12-18 14:52:00-06:00,308.759,310.94,49.72,short: close 309.20 < lower 309.60,flatten
2020-12-21,-1,7,2020-12-21 09:30:00-06:00,304.651,2020-12-21 11:26:00-06:00,307.35900000000004,307.34000000000003,-189.56,short: close 304.68 < lower 305.48,stop
2020-12-24,1,19,2020-12-24 09:00:00-06:00,309.544,2020-12-24 11:04:00-06:00,308.551,308.57,-188.67,long: close 309.52 > upper 309.29,stop
2021-01-04,-1,12,2021-01-04 10:00:00-06:00,310.961,2021-01-04 14:52:00-06:00,309.419,312.52,185.04,short: close 310.96 < lower 312.80,flatten
2021-01-05,1,16,2021-01-05 09:00:00-06:00,310.789,2021-01-05 10:15:00-06:00,309.581,309.6,-193.28,long: close 310.76 > upper 309.96,stop
2021-01-05,1,11,2021-01-05 13:00:00-06:00,310.884,2021-01-05 14:52:00-06:00,311.671,309.12,86.57,long: close 310.83 > upper 310.53,flatten
2021-01-07,1,9,2021-01-07 09:00:00-06:00,313.019,2021-01-07 14:52:00-06:00,315.611,310.88,233.28,long: close 312.93 > upper 311.07,flatten
2021-01-12,-1,10,2021-01-12 11:30:00-06:00,312.32099999999997,2021-01-12 12:33:00-06:00,314.229,314.21,-190.8,short: close 312.35 < lower 312.50,stop
2021-01-13,1,14,2021-01-13 10:00:00-06:00,316.1691,2021-01-13 14:52:00-06:00,316.061,314.81,-15.13,long: close 316.16 > upper 315.44,flatten
2021-01-15,-1,14,2021-01-15 09:30:00-06:00,311.741,2021-01-15 10:28:00-06:00,313.099,313.08,-190.12,short: close 311.73 < lower 312.85,stop
2021-01-19,1,6,2021-01-19 12:30:00-06:00,316.029,2021-01-19 14:52:00-06:00,316.471,313.15000000000003,26.52,long: close 316.00 > upper 315.95,flatten
2021-01-20,1,6,2021-01-20 09:30:00-06:00,322.42900000000003,2021-01-20 14:52:00-06:00,324.241,319.27,108.72,long: close 322.42 > upper 321.45,flatten
2021-01-25,1,7,2021-01-25 09:00:00-06:00,329.979,2021-01-25 09:51:00-06:00,327.401,327.42,-180.46,long: close 329.96 > upper 329.75,stop
2021-01-27,-1,10,2021-01-27 09:00:00-06:00,323.651,2021-01-27 09:20:00-06:00,325.48900000000003,325.47,-183.8,short: close 323.67 < lower 325.61,stop
2021-01-27,-1,7,2021-01-27 10:30:00-06:00,323.791,2021-01-27 14:52:00-06:00,319.279,326.47,315.84,short: close 323.81 < lower 324.75,flatten
2021-01-28,1,16,2021-01-28 09:00:00-06:00,321.469,2021-01-28 14:52:00-06:00,322.411,320.26,150.72,long: close 321.44 > upper 321.42,flatten
2021-01-29,-1,12,2021-01-29 09:00:00-06:00,318.911,2021-01-29 09:24:00-06:00,320.459,320.44,-185.76,short: close 318.90 < lower 318.93,stop
2021-01-29,-1,9,2021-01-29 10:30:00-06:00,316.701,2021-01-29 14:52:00-06:00,315.834,318.86,78.03,short: close 316.73 < lower 318.30,flatten
2021-02-01,1,6,2021-02-01 10:30:00-06:00,320.654,2021-02-01 14:52:00-06:00,323.101,317.53000000000003,146.82,long: close 320.63 > upper 319.56,flatten
2021-02-02,1,7,2021-02-02 10:00:00-06:00,327.009,2021-02-02 14:52:00-06:00,328.4912,324.28000000000003,103.75,long: close 327.00 > upper 326.70,flatten
2021-02-03,-1,9,2021-02-03 09:30:00-06:00,326.501,2021-02-03 11:04:00-06:00,328.48900000000003,328.47,-178.92,short: close 326.52 < lower 326.81,stop
2021-02-10,-1,11,2021-02-10 09:30:00-06:00,331.7711,2021-02-10 13:33:00-06:00,333.529,333.51,-193.37,short: close 331.76 < lower 332.49,stop
2021-02-19,-1,8,2021-02-19 13:30:00-06:00,330.481,2021-02-19 14:52:00-06:00,331.019,332.92,-43.04,short: close 330.51 < lower 330.71,flatten
2021-02-22,-1,6,2021-02-22 10:00:00-06:00,324.221,2021-02-22 14:52:00-06:00,322.514,327.39,102.42,short: close 324.28 < lower 325.60,flatten
2021-02-23,-1,6,2021-02-23 09:00:00-06:00,314.181,2021-02-23 09:25:00-06:00,317.469,317.45,-197.28,short: close 314.21 < lower 316.46,stop
2021-02-23,-1,5,2021-02-23 12:00:00-06:00,314.561,2021-02-23 13:06:00-06:00,318.529,318.51,-198.4,short: close 314.55 < lower 315.78,stop
2021-02-24,-1,9,2021-02-24 09:00:00-06:00,317.711,2021-02-24 09:57:00-06:00,319.819,319.8,-189.72,short: close 317.71 < lower 318.04,stop
2021-02-24,1,7,2021-02-24 13:00:00-06:00,323.129,2021-02-24 14:52:00-06:00,324.121,320.64,69.44,long: close 323.11 > upper 322.63,flatten
2021-02-25,-1,8,2021-02-25 10:00:00-06:00,320.1487,2021-02-25 14:52:00-06:00,313.48900000000003,322.41,532.78,short: close 320.18 < lower 320.50,flatten
2021-02-26,-1,8,2021-02-26 09:30:00-06:00,311.061,2021-02-26 09:39:00-06:00,313.509,313.49,-195.84,short: close 311.12 < lower 311.85,stop
2021-02-26,1,6,2021-02-26 11:00:00-06:00,317.309,2021-02-26 14:52:00-06:00,317.561,314.33,15.12,long: close 317.29 > upper 317.26,flatten
2021-03-01,1,5,2021-03-01 10:00:00-06:00,321.329,2021-03-01 14:52:00-06:00,322.931,317.92,80.1,long: close 321.30 > upper 320.27,flatten
2021-03-02,-1,16,2021-03-02 09:00:00-06:00,322.291,2021-03-02 14:52:00-06:00,318.879,323.46,545.92,short: close 322.31 < lower 322.73,flatten
2021-03-03,-1,13,2021-03-03 09:00:00-06:00,314.671,2021-03-03 10:30:00-06:00,316.129,316.11,-189.54,short: close 314.69 < lower 316.38,stop
2021-03-03,-1,8,2021-03-03 11:00:00-06:00,314.371,2021-03-03 14:52:00-06:00,310.199,316.76,333.76,short: close 314.38 < lower 315.43,flatten
2021-03-04,-1,15,2021-03-04 09:00:00-06:00,306.971,2021-03-04 09:35:00-06:00,308.219,308.2,-187.2,short: close 307.01 < lower 307.74,stop
2021-03-04,-1,8,2021-03-04 12:00:00-06:00,304.431,2021-03-04 14:52:00-06:00,304.329,306.86,8.16,short: close 304.45 < lower 306.54,flatten
2021-03-05,-1,8,2021-03-05 09:00:00-06:00,302.921,2021-03-05 11:45:00-06:00,305.389,305.37,-197.44,short: close 302.94 < lower 302.99,stop
2021-03-08,-1,7,2021-03-08 11:00:00-06:00,305.001,2021-03-08 14:52:00-06:00,300.8389,307.53000000000003,291.35,short: close 305.01 < lower 305.90,flatten
2021-03-09,1,3,2021-03-09 09:00:00-06:00,309.7989,2021-03-09 14:52:00-06:00,311.691,304.6,56.76,long: close 309.77 > upper 308.90,flatten
2021-03-11,1,4,2021-03-11 10:30:00-06:00,318.249,2021-03-11 14:52:00-06:00,318.121,313.71,-5.12,long: close 318.24 > upper 317.90,flatten
2021-03-16,1,7,2021-03-16 09:00:00-05:00,322.67900000000003,2021-03-16 13:26:00-05:00,320.081,320.1,-181.86,long: close 322.66 > upper 322.57,stop
2021-03-19,1,8,2021-03-19 12:00:00-05:00,314.479,2021-03-19 14:52:00-05:00,313.951,312.03000000000003,-42.24,long: close 314.44 > upper 314.42,flatten
2021-03-22,1,8,2021-03-22 09:00:00-05:00,317.209,2021-03-22 14:52:00-05:00,318.991,314.95,142.56,long: close 317.15 > upper 316.58,flatten
2021-03-24,-1,6,2021-03-24 12:30:00-05:00,314.891,2021-03-24 14:52:00-05:00,312.754,317.79,128.22,short: close 314.93 < lower 314.93,flatten
2021-03-26,1,9,2021-03-26 12:30:00-05:00,313.529,2021-03-26 13:06:00-05:00,311.371,311.39,-194.22,long: close 313.49 > upper 313.35,stop
2021-03-29,-1,13,2021-03-29 09:00:00-05:00,313.371,2021-03-29 10:54:00-05:00,314.789,314.77,-184.34,short: close 313.38 < lower 314.36,stop
2021-03-31,1,9,2021-03-31 09:00:00-05:00,318.209,2021-03-31 14:52:00-05:00,320.101,316.22,170.28,long: close 318.20 > upper 317.28,flatten
2021-04-05,1,7,2021-04-05 09:00:00-05:00,328.559,2021-04-05 14:52:00-05:00,331.181,325.99,183.54,long: close 328.52 > upper 328.40,flatten
2021-04-06,1,10,2021-04-06 11:00:00-05:00,332.784,2021-04-06 12:10:00-05:00,330.931,330.95,-185.3,long: close 332.76 > upper 332.73,stop
2021-04-13,1,9,2021-04-13 09:00:00-05:00,339.839,2021-04-13 14:52:00-05:00,340.431,337.78000000000003,53.28,long: close 339.80 > upper 339.53,flatten
2021-04-14,-1,13,2021-04-14 10:00:00-05:00,339.171,2021-04-14 14:52:00-05:00,336.309,340.6,372.06,short: close 339.20 < lower 339.31,flatten
2021-04-15,1,6,2021-04-15 09:30:00-05:00,340.939,2021-04-15 14:52:00-05:00,341.901,338.07,57.72,long: close 340.93 > upper 340.87,flatten
2021-04-16,-1,14,2021-04-16 09:00:00-05:00,340.32099999999997,2021-04-16 09:10:00-05:00,341.67900000000003,341.66,-190.12,short: close 340.34 < lower 340.53,stop
2021-04-19,-1,9,2021-04-19 11:00:00-05:00,338.271,2021-04-19 14:52:00-05:00,338.089,340.40000000000003,16.38,short: close 338.32 < lower 339.07,flatten
2021-04-20,-1,12,2021-04-20 10:00:00-05:00,336.44599999999997,2021-04-20 14:52:00-05:00,336.539,337.97,-11.16,short: close 336.48 < lower 337.02,flatten
2021-04-21,1,9,2021-04-21 11:00:00-05:00,338.189,2021-04-21 14:52:00-05:00,339.0135,336.04,74.21,long: close 338.15 > upper 337.86,flatten
2021-04-22,-1,10,2021-04-22 13:00:00-05:00,334.751,2021-04-22 14:52:00-05:00,335.1272,336.69,-37.62,short: close 334.78 < lower 337.15,flatten
2021-04-23,1,16,2021-04-23 09:00:00-05:00,337.149,2021-04-23 14:52:00-05:00,339.831,335.98,429.12,long: close 337.10 > upper 336.70,flatten
2021-04-27,-1,20,2021-04-27 09:00:00-05:00,340.161,2021-04-27 14:52:00-05:00,340.629,341.12,-93.6,short: close 340.16 < lower 340.82,flatten
2021-05-03,-1,8,2021-05-03 10:30:00-05:00,335.941,2021-05-03 14:52:00-05:00,335.934,338.17,0.56,short: close 335.98 < lower 336.34,flatten
2021-05-04,-1,8,2021-05-04 09:00:00-05:00,330.141,2021-05-04 14:52:00-05:00,329.184,332.41,76.56,short: close 330.15 < lower 332.58,flatten
2021-05-06,-1,14,2021-05-06 09:00:00-05:00,327.371,2021-05-06 09:41:00-05:00,328.699,328.68,-185.92,short: close 327.41 < lower 327.55,stop
2021-05-06,1,9,2021-05-06 11:30:00-05:00,331.1392,2021-05-06 12:58:00-05:00,328.941,328.96,-197.84,long: close 331.13 > upper 331.04,stop
2021-05-07,1,7,2021-05-07 09:30:00-05:00,335.909,2021-05-07 13:00:00-05:00,333.211,333.23,-188.86,long: close 335.88 > upper 335.64,stop
2021-05-10,-1,10,2021-05-10 09:00:00-05:00,329.971,2021-05-10 14:52:00-05:00,326.23900000000003,331.82,373.2,short: close 329.97 < lower 331.63,flatten
2021-05-12,-1,4,2021-05-12 10:00:00-05:00,318.441,2021-05-12 14:52:00-05:00,316.749,322.71,67.68,short: close 318.47 < lower 318.52,flatten
2021-05-13,1,5,2021-05-13 10:00:00-05:00,321.849,2021-05-13 10:44:00-05:00,318.521,318.54,-166.4,long: close 321.83 > upper 321.74,stop
2021-05-14,1,5,2021-05-14 10:00:00-05:00,324.969,2021-05-14 14:52:00-05:00,326.911,321.54,97.1,long: close 324.93 > upper 324.42,flatten
2021-05-17,-1,5,2021-05-17 13:00:00-05:00,322.031,2021-05-17 14:52:00-05:00,324.029,325.36,-99.9,short: close 322.08 < lower 322.16,flatten
2021-05-20,1,9,2021-05-20 09:00:00-05:00,326.399,2021-05-20 14:52:00-05:00,328.82099999999997,324.26,217.98,long: close 326.37 > upper 325.51,flatten
2021-05-24,1,7,2021-05-24 09:00:00-05:00,331.099,2021-05-24 14:52:00-05:00,332.921,328.48,127.54,long: close 331.08 > upper 330.80,flatten
2021-06-01,-1,8,2021-06-01 10:00:00-05:00,331.951,2021-06-01 14:52:00-05:00,333.059,334.36,-88.64,short: close 331.99 < lower 332.15,flatten
2021-06-03,-1,8,2021-06-03 09:00:00-05:00,329.161,2021-06-03 10:02:00-05:00,331.499,331.48,-187.04,short: close 329.16 < lower 329.67,stop
2021-06-04,1,10,2021-06-04 09:00:00-05:00,334.029,2021-06-04 14:52:00-05:00,335.861,332.13,183.2,long: close 334.00 > upper 332.77,flatten
2021-06-10,1,17,2021-06-10 09:00:00-05:00,339.969,2021-06-10 09:45:00-05:00,338.831,338.85,-193.46,long: close 339.94 > upper 338.15,stop
2021-06-10,1,10,2021-06-10 10:30:00-05:00,339.049,2021-06-10 14:52:00-05:00,340.311,337.13,126.2,long: close 339.03 > upper 338.96,flatten
2021-06-15,-1,17,2021-06-15 09:30:00-05:00,342.961,2021-06-15 14:52:00-05:00,342.189,344.08,131.24,short: close 342.98 < lower 343.20,flatten
2021-06-16,-1,12,2021-06-16 13:30:00-05:00,339.631,2021-06-16 14:11:00-05:00,341.16900000000004,341.15000000000003,-184.56,short: close 339.66 < lower 340.95,stop
2021-06-17,1,14,2021-06-17 09:00:00-05:00,342.199,2021-06-17 14:52:00-05:00,345.971,340.89,528.08,long: close 342.16 > upper 341.76,flatten
2021-06-18,-1,8,2021-06-18 10:30:00-05:00,341.931,2021-06-18 14:52:00-05:00,343.509,344.31,-126.24,short: close 341.96 < lower 342.11,flatten
2021-06-21,1,14,2021-06-21 11:30:00-05:00,343.9887,2021-06-21 14:52:00-05:00,343.896,342.63,-12.98,long: close 343.95 > upper 343.88,flatten
2021-06-22,1,16,2021-06-22 10:00:00-05:00,345.409,2021-06-22 14:52:00-05:00,347.426,344.27,322.72,long: close 345.38 > upper 345.37,flatten
2021-06-23,1,20,2021-06-23 09:00:00-05:00,348.709,2021-06-23 09:51:00-05:00,347.771,347.79,-187.6,long: close 348.69 > upper 348.43,stop
2021-06-24,1,8,2021-06-24 09:30:00-05:00,351.059,2021-06-24 14:52:00-05:00,349.831,348.82,-98.24,long: close 351.03 > upper 350.95,flatten
2021-06-28,1,13,2021-06-28 09:00:00-05:00,352.199,2021-06-28 14:52:00-05:00,353.816,350.72,210.21,long: close 352.17 > upper 351.61,flatten
2021-07-02,1,8,2021-07-02 12:00:00-05:00,358.0077,2021-07-02 14:52:00-05:00,358.726,355.77,57.46,long: close 357.99 > upper 357.81,flatten
2021-07-09,1,18,2021-07-09 10:00:00-05:00,360.139,2021-07-09 14:52:00-05:00,361.07099999999997,359.07,167.76,long: close 360.12 > upper 359.58,flatten
2021-07-13,1,20,2021-07-13 09:00:00-05:00,363.529,2021-07-13 12:38:00-05:00,362.581,362.6,-189.6,long: close 363.51 > upper 363.15,stop
2021-07-15,-1,21,2021-07-15 09:30:00-05:00,360.82099999999997,2021-07-15 09:39:00-05:00,361.749,361.73,-194.88,short: close 360.82 < lower 362.06,stop
2021-07-15,-1,21,2021-07-15 10:00:00-05:00,360.181,2021-07-15 10:14:00-05:00,361.089,361.07,-190.68,short: close 360.25 < lower 362.08,stop
2021-07-16,-1,13,2021-07-16 09:30:00-05:00,359.271,2021-07-16 14:52:00-05:00,357.299,360.71,256.36,short: close 359.29 < lower 359.47,flatten
2021-07-19,-1,8,2021-07-19 09:00:00-05:00,352.941,2021-07-19 14:52:00-05:00,353.36400000000003,355.37,-33.84,short: close 352.96 < lower 353.40,flatten
2021-07-20,1,13,2021-07-20 10:00:00-05:00,357.119,2021-07-20 14:52:00-05:00,359.481,355.69,307.06,long: close 357.13 > upper 356.59,flatten
2021-07-21,1,23,2021-07-21 09:00:00-05:00,359.689,2021-07-21 14:52:00-05:00,360.541,358.86,195.96,long: close 359.67 > upper 359.37,flatten
2021-07-22,1,23,2021-07-22 09:00:00-05:00,362.6895,2021-07-22 14:52:00-05:00,363.57099999999997,361.86,202.74,long: close 362.68 > upper 362.44,flatten
2021-07-23,1,8,2021-07-23 10:30:00-05:00,367.069,2021-07-23 14:52:00-05:00,368.346,364.82,102.16,long: close 367.04 > upper 366.87,flatten
2021-07-27,-1,22,2021-07-27 09:00:00-05:00,366.631,2021-07-27 14:52:00-05:00,363.749,367.5,634.04,short: close 366.65 < lower 367.46,flatten
2021-07-28,1,11,2021-07-28 09:30:00-05:00,366.939,2021-07-28 12:14:00-05:00,365.151,365.17,-196.68,long: close 366.92 > upper 366.79,stop
2021-07-29,1,19,2021-07-29 09:00:00-05:00,366.98900000000003,2021-07-29 14:52:00-05:00,366.476,365.99,-97.47,long: close 366.96 > upper 366.52,flatten
2021-08-03,-1,15,2021-08-03 09:00:00-05:00,363.331,2021-08-03 10:43:00-05:00,364.599,364.58,-190.2,short: close 363.35 < lower 363.66,stop
2021-08-10,-1,12,2021-08-10 10:00:00-05:00,366.591,2021-08-10 14:52:00-05:00,366.444,368.15000000000003,17.64,short: close 366.62 < lower 367.42,flatten
2021-08-11,-1,9,2021-08-11 11:00:00-05:00,365.271,2021-08-11 14:52:00-05:00,366.379,367.33,-99.72,short: close 365.31 < lower 365.44,flatten
2021-08-16,-1,13,2021-08-16 09:00:00-05:00,366.461,2021-08-16 13:09:00-05:00,367.899,367.88,-186.94,short: close 366.50 < lower 366.83,stop
2021-08-17,-1,8,2021-08-17 09:00:00-05:00,365.141,2021-08-17 14:52:00-05:00,365.3302,367.37,-15.14,short: close 365.18 < lower 365.34,flatten
2021-08-19,1,8,2021-08-19 10:30:00-05:00,363.629,2021-08-19 14:52:00-05:00,363.853,361.41,17.92,long: close 363.59 > upper 363.43,flatten
2021-08-20,1,15,2021-08-20 09:00:00-05:00,366.719,2021-08-20 14:52:00-05:00,367.891,365.46,175.8,long: close 366.70 > upper 365.76,flatten
2021-08-23,1,15,2021-08-23 09:00:00-05:00,370.709,2021-08-23 14:52:00-05:00,373.57099999999997,369.43,429.3,long: close 370.68 > upper 369.56,flatten
2021-08-27,1,12,2021-08-27 09:30:00-05:00,375.219,2021-08-27 14:52:00-05:00,376.161,373.62,113.04,long: close 375.19 > upper 374.34,flatten
2021-08-30,1,17,2021-08-30 09:00:00-05:00,378.669,2021-08-30 14:52:00-05:00,380.501,377.58,311.44,long: close 378.61 > upper 377.56,flatten
2021-08-31,-1,20,2021-08-31 09:00:00-05:00,378.506,2021-08-31 09:39:00-05:00,379.469,379.45,-192.6,short: close 378.52 < lower 379.47,stop
2021-09-01,1,13,2021-09-01 09:00:00-05:00,382.059,2021-09-01 14:52:00-05:00,380.841,380.57,-158.34,long: close 382.04 > upper 381.97,flatten
2021-09-08,-1,11,2021-09-08 10:00:00-05:00,379.061,2021-09-08 13:03:00-05:00,380.789,380.77,-190.08,short: close 379.10 < lower 380.31,stop
2021-09-13,-1,7,2021-09-13 09:30:00-05:00,375.24,2021-09-13 14:52:00-05:00,376.069,377.73,-58.03,short: close 375.24 < lower 375.26,flatten
2021-09-17,-1,14,2021-09-17 09:00:00-05:00,375.791,2021-09-17 14:52:00-05:00,373.459,377.16,326.48,short: close 375.85 < lower 376.71,flatten
2021-09-20,-1,4,2021-09-20 10:00:00-05:00,365.44599999999997,2021-09-20 14:52:00-05:00,364.814,370.23,25.28,short: close 365.53 < lower 365.89,flatten
2021-09-22,1,10,2021-09-22 09:30:00-05:00,368.479,2021-09-22 14:52:00-05:00,369.82099999999997,366.65000000000003,134.2,long: close 368.46 > upper 368.38,flatten
2021-09-23,1,12,2021-09-23 09:00:00-05:00,372.3757,2021-09-23 14:52:00-05:00,373.101,370.8,87.04,long: close 372.32 > upper 371.74,flatten
2021-09-27,-1,7,2021-09-27 09:00:00-05:00,368.661,2021-09-27 14:14:00-05:00,371.23900000000003,371.22,-180.46,short: close 368.66 < lower 369.21,stop
2021-09-28,-1,5,2021-09-28 09:00:00-05:00,364.441,2021-09-28 14:52:00-05:00,360.119,367.85,216.1,short: close 364.49 < lower 364.61,flatten
2021-09-29,1,11,2021-09-29 09:00:00-05:00,362.819,2021-09-29 10:26:00-05:00,361.061,361.08,-193.38,long: close 362.80 > upper 362.25,stop
2021-10-01,-1,10,2021-10-01 09:30:00-05:00,354.666,2021-10-01 10:00:00-05:00,356.619,356.6,-195.3,short: close 354.69 < lower 356.24,stop
2021-10-04,-1,10,2021-10-04 09:00:00-05:00,355.831,2021-10-04 14:52:00-05:00,351.199,357.77,463.2,short: close 355.83 < lower 357.38,flatten
2021-10-05,1,11,2021-10-05 09:00:00-05:00,355.529,2021-10-05 14:52:00-05:00,357.941,353.81,265.32,long: close 355.52 > upper 354.93,flatten
2021-10-07,1,6,2021-10-07 09:00:00-05:00,364.629,2021-10-07 14:52:00-05:00,362.881,361.79,-104.88,long: close 364.60 > upper 364.08,flatten
2021-10-14,1,4,2021-10-14 11:00:00-05:00,366.129,2021-10-14 14:52:00-05:00,366.401,361.87,10.88,long: close 366.12 > upper 366.12,flatten
2021-10-18,1,5,2021-10-18 12:30:00-05:00,371.629,2021-10-18 14:52:00-05:00,372.476,368.3,42.35,long: close 371.63 > upper 371.63,flatten
2021-10-22,-1,6,2021-10-22 11:00:00-05:00,373.366,2021-10-22 14:52:00-05:00,373.999,376.53000000000003,-37.98,short: close 373.40 < lower 373.47,flatten
2021-10-25,1,6,2021-10-25 13:30:00-05:00,378.419,2021-10-25 14:52:00-05:00,377.851,375.41,-34.08,long: close 378.41 > upper 377.81,flatten
2021-10-26,1,7,2021-10-26 09:30:00-05:00,382.289,2021-10-26 11:04:00-05:00,379.521,379.54,-193.76,long: close 382.27 > upper 381.83,stop
2021-10-27,1,13,2021-10-27 09:00:00-05:00,381.339,2021-10-27 09:04:00-05:00,379.88100000000003,379.90000000000003,-189.54,long: close 381.32 > upper 380.69,stop
2021-10-27,1,9,2021-10-27 10:30:00-05:00,381.529,2021-10-27 14:52:00-05:00,380.581,379.55,-85.32,long: close 381.52 > upper 381.23,flatten
2021-10-28,1,7,2021-10-28 10:30:00-05:00,383.689,2021-10-28 14:52:00-05:00,383.621,381.05,-4.76,long: close 383.67 > upper 383.59,flatten
2021-11-02,1,18,2021-11-02 09:00:00-05:00,388.974,2021-11-02 09:12:00-05:00,387.88100000000003,387.90000000000003,-196.74,long: close 388.95 > upper 388.19,stop
2021-11-02,1,13,2021-11-02 09:30:00-05:00,388.809,2021-11-02 14:52:00-05:00,388.911,387.32,13.26,long: close 388.76 > upper 388.61,flatten
2021-11-04,1,13,2021-11-04 09:00:00-05:00,396.109,2021-11-04 14:52:00-05:00,397.961,394.66,240.76,long: close 396.06 > upper 395.30,flatten
2021-11-09,-1,14,2021-11-09 09:00:00-06:00,395.501,2021-11-09 09:41:00-06:00,396.909,396.89,-197.12,short: close 395.54 < lower 397.22,stop
2021-11-09,-1,11,2021-11-09 10:00:00-06:00,396.111,2021-11-09 14:52:00-06:00,394.959,397.85,126.72,short: close 396.13 < lower 396.87,flatten
2021-11-10,-1,5,2021-11-10 13:30:00-06:00,388.501,2021-11-10 14:52:00-06:00,389.719,391.98,-60.9,short: close 388.50 < lower 390.41,flatten
2021-11-12,1,10,2021-11-12 10:30:00-06:00,394.499,2021-11-12 14:52:00-06:00,394.766,392.6,26.7,long: close 394.48 > upper 393.10,flatten
2021-11-15,-1,9,2021-11-15 11:00:00-06:00,393.1312,2021-11-15 14:52:00-06:00,394.149,395.18,-91.6,short: close 393.17 < lower 393.26,flatten
2021-11-16,1,10,2021-11-16 10:30:00-06:00,397.339,2021-11-16 14:52:00-06:00,397.631,395.46000000000004,29.2,long: close 397.31 > upper 396.13,flatten
2021-11-17,1,10,2021-11-17 11:00:00-06:00,399.5609,2021-11-17 11:28:00-06:00,397.701,397.72,-185.99,long: close 399.55 > upper 399.47,stop
2021-11-18,1,6,2021-11-18 11:30:00-06:00,401.879,2021-11-18 14:52:00-06:00,402.116,399.01,14.22,long: close 401.86 > upper 401.56,flatten
2021-11-19,1,10,2021-11-19 09:00:00-06:00,404.959,2021-11-19 14:52:00-06:00,403.741,403.01,-121.8,long: close 404.92 > upper 404.54,flatten
2021-11-22,1,10,2021-11-22 09:00:00-06:00,407.619,2021-11-22 10:12:00-06:00,405.681,405.7,-193.8,long: close 407.59 > upper 406.70,stop
2021-11-23,-1,10,2021-11-23 09:30:00-06:00,395.901,2021-11-23 14:52:00-06:00,397.529,397.77,-162.8,short: close 395.93 < lower 396.86,flatten
2021-11-26,-1,7,2021-11-26 09:30:00-06:00,394.3211,2021-11-26 14:52:00-06:00,390.469,396.97,269.65,short: close 394.38 < lower 394.86,flatten
2021-11-29,1,5,2021-11-29 09:00:00-06:00,397.349,2021-11-29 14:52:00-06:00,399.651,393.63,115.1,long: close 397.33 > upper 396.98,flatten
2021-11-30,-1,9,2021-11-30 10:00:00-06:00,393.57099999999997,2021-11-30 14:52:00-06:00,393.219,395.6,31.68,short: close 393.58 < lower 397.15,flatten
2021-12-02,1,12,2021-12-02 09:00:00-06:00,389.949,2021-12-02 09:09:00-06:00,388.411,388.43,-184.56,long: close 389.88 > upper 387.95,stop
2021-12-02,1,7,2021-12-02 10:30:00-06:00,389.169,2021-12-02 14:52:00-06:00,389.611,386.55,30.94,long: close 389.12 > upper 389.05,flatten
2021-12-03,-1,10,2021-12-03 09:00:00-06:00,386.381,2021-12-03 14:52:00-06:00,380.749,388.26,563.2,short: close 386.33 < lower 388.72,flatten
2021-12-06,1,5,2021-12-06 12:30:00-06:00,386.959,2021-12-06 14:52:00-06:00,386.451,383.55,-25.4,long: close 386.91 > upper 386.83,flatten
2021-12-07,1,4,2021-12-07 09:00:00-06:00,395.67900000000003,2021-12-07 14:52:00-06:00,396.211,390.78000000000003,21.28,long: close 395.65 > upper 394.55,flatten
2021-12-13,-1,10,2021-12-13 09:30:00-06:00,395.32099999999997,2021-12-13 14:52:00-06:00,393.039,397.18,228.2,short: close 395.34 < lower 396.17,flatten
2021-12-15,-1,11,2021-12-15 09:00:00-06:00,386.301,2021-12-15 13:04:00-06:00,388.059,388.04,-193.38,short: close 386.32 < lower 386.43,stop
2021-12-16,-1,9,2021-12-16 09:00:00-06:00,394.26099999999997,2021-12-16 14:52:00-06:00,387.6391,396.43,595.97,short: close 394.28 < lower 395.38,flatten
2021-12-21,1,3,2021-12-21 13:30:00-06:00,388.329,2021-12-21 14:52:00-06:00,388.441,383.11,3.36,long: close 388.29 > upper 387.58,flatten
2021-12-22,1,7,2021-12-22 10:00:00-06:00,392.159,2021-12-22 14:52:00-06:00,392.901,389.43,51.94,long: close 392.13 > upper 391.79,flatten
2021-12-23,1,9,2021-12-23 09:30:00-06:00,396.279,2021-12-23 14:52:00-06:00,398.256,394.18,177.93,long: close 396.25 > upper 396.23,flatten
2021-12-27,1,8,2021-12-27 09:00:00-06:00,400.439,2021-12-27 14:52:00-06:00,403.26099999999997,398.21000000000004,225.76,long: close 400.37 > upper 399.86,flatten
2022-01-04,-1,10,2022-01-04 09:30:00-06:00,399.661,2022-01-04 14:52:00-06:00,397.339,401.51,232.2,short: close 399.70 < lower 400.16,flatten
2022-01-05,-1,4,2022-01-05 12:00:00-06:00,391.13599999999997,2022-01-05 14:52:00-06:00,385.419,395.28000000000003,228.68,short: close 391.16 < lower 391.48,flatten
2022-01-07,-1,13,2022-01-07 09:30:00-06:00,381.621,2022-01-07 14:52:00-06:00,380.849,383.06,100.36,short: close 381.65 < lower 382.59,flatten
2022-01-10,-1,5,2022-01-10 09:00:00-06:00,371.861,2022-01-10 12:50:00-06:00,375.369,375.35,-175.4,short: close 371.90 < lower 373.83,stop
2022-01-11,1,7,2022-01-11 10:30:00-06:00,383.8874,2022-01-11 14:52:00-06:00,384.871,381.1,68.85,long: close 383.87 > upper 382.65,flatten
2022-01-13,-1,6,2022-01-13 10:00:00-06:00,384.161,2022-01-13 14:52:00-06:00,377.659,387.27,390.12,short: close 384.19 < lower 384.98,flatten
2022-01-14,1,9,2022-01-14 09:00:00-06:00,379.719,2022-01-14 09:03:00-06:00,377.531,377.55,-196.92,long: close 379.73 > upper 378.54,stop
2022-01-19,1,11,2022-01-19 09:00:00-06:00,374.439,2022-01-19 09:22:00-06:00,372.731,372.75,-187.88,long: close 374.44 > upper 373.13,stop
2022-01-20,1,7,2022-01-20 09:00:00-06:00,372.399,2022-01-20 13:12:00-06:00,369.571,369.59000000000003,-197.96,long: close 372.31 > upper 370.97,stop
2022-01-21,-1,8,2022-01-21 09:00:00-06:00,357.111,2022-01-21 09:35:00-06:00,359.519,359.5,-192.64,short: close 357.14 < lower 358.14,stop
2022-01-21,-1,5,2022-01-21 12:30:00-06:00,355.791,2022-01-21 14:52:00-06:00,352.629,359.28000000000003,158.1,short: close 355.81 < lower 357.04,flatten
2022-01-24,-1,4,2022-01-24 09:00:00-06:00,343.57099999999997,2022-01-24 14:15:00-06:00,347.759,347.74,-167.52,short: close 343.58 < lower 344.50,stop
2022-01-25,-1,4,2022-01-25 09:00:00-06:00,343.721,2022-01-25 13:16:00-06:00,348.689,348.67,-198.72,short: close 343.76 < lower 345.17,stop
2022-01-27,-1,4,2022-01-27 12:30:00-06:00,341.07099999999997,2022-01-27 14:52:00-06:00,341.709,345.55,-25.52,short: close 341.06 < lower 342.72,flatten
2022-01-28,-1,7,2022-01-28 09:00:00-06:00,338.931,2022-01-28 09:18:00-06:00,341.529,341.51,-181.86,short: close 338.92 < lower 339.45,stop
2022-01-28,1,5,2022-01-28 10:30:00-06:00,346.729,2022-01-28 13:24:00-06:00,343.371,343.39,-167.9,long: close 346.66 > upper 345.37,stop
2022-01-31,1,7,2022-01-31 09:00:00-06:00,356.769,2022-01-31 14:52:00-06:00,362.541,354.25,404.04,long: close 356.74 > upper 355.12,flatten
2022-02-04,1,6,2022-02-04 12:00:00-06:00,357.329,2022-02-04 14:52:00-06:00,358.721,354.42,83.52,long: close 357.30 > upper 356.75,flatten
2022-02-08,1,6,2022-02-08 10:30:00-06:00,357.5978,2022-02-08 14:52:00-06:00,358.721,354.69,67.39,long: close 357.56 > upper 357.50,flatten
2022-02-11,-1,8,2022-02-11 10:30:00-06:00,355.391,2022-02-11 14:52:00-06:00,348.139,357.77,580.16,short: close 355.40 < lower 356.08,flatten
2022-02-14,1,7,2022-02-14 10:30:00-06:00,350.159,2022-02-14 12:49:00-06:00,347.571,347.59000000000003,-181.16,long: close 350.13 > upper 349.38,stop
2022-02-16,-1,6,2022-02-16 09:00:00-06:00,351.311,2022-02-16 13:21:00-06:00,354.259,354.24,-176.88,short: close 351.37 < lower 352.14,stop
2022-02-17,-1,5,2022-02-17 09:30:00-06:00,349.731,2022-02-17 14:52:00-06:00,345.459,353.38,213.6,short: close 349.77 < lower 350.71,flatten
2022-02-18,-1,8,2022-02-18 10:00:00-06:00,342.611,2022-02-18 14:52:00-06:00,341.559,345.03000000000003,84.16,short: close 342.65 < lower 343.51,flatten
2022-02-22,1,5,2022-02-22 09:30:00-06:00,344.0154,2022-02-22 09:50:00-06:00,340.63100000000003,340.65000000000003,-169.22,long: close 343.99 > upper 343.43,stop
2022-02-23,-1,5,2022-02-23 10:00:00-06:00,336.021,2022-02-23 14:52:00-06:00,329.359,339.39,333.1,short: close 336.04 < lower 336.35,flatten
2022-02-24,1,3,2022-02-24 13:30:00-06:00,333.319,2022-02-24 14:52:00-06:00,339.911,327.32,197.76,long: close 333.30 > upper 332.35,flatten
2022-02-25,-1,8,2022-02-25 09:00:00-06:00,338.281,2022-02-25 09:23:00-06:00,340.689,340.67,-192.64,short: close 338.28 < lower 338.59,stop
2022-02-25,1,6,2022-02-25 10:30:00-06:00,344.449,2022-02-25 14:52:00-06:00,345.381,341.17,55.92,long: close 344.39 > upper 344.27,flatten
2022-03-01,-1,4,2022-03-01 12:30:00-06:00,340.76099999999997,2022-03-01 14:52:00-06:00,339.749,345.2,40.48,short: close 340.82 < lower 342.02,flatten
2022-03-02,1,4,2022-03-02 12:30:00-06:00,347.279,2022-03-02 14:52:00-06:00,348.201,342.76,36.88,long: close 347.26 > upper 346.85,flatten
2022-03-03,-1,4,2022-03-03 10:00:00-06:00,342.681,2022-03-03 14:52:00-06:00,341.539,346.98,45.68,short: close 342.70 < lower 344.28,flatten
2022-03-04,-1,4,2022-03-04 10:00:00-06:00,336.061,2022-03-04 14:52:00-06:00,336.299,340.34000000000003,-9.52,short: close 336.07 < lower 336.78,flatten
2022-03-07,-1,9,2022-03-07 09:00:00-06:00,333.421,2022-03-07 14:52:00-06:00,325.609,335.45,703.08,short: close 333.43 < lower 335.29,flatten
2022-03-08,1,5,2022-03-08 11:30:00-06:00,329.539,2022-03-08 12:58:00-06:00,325.651,325.67,-194.4,long: close 329.55 > upper 328.32,stop
2022-03-10,-1,3,2022-03-10 10:30:00-06:00,327.061,2022-03-10 14:52:00-06:00,331.729,332.83,-140.04,short: close 327.07 < lower 327.19,flatten
2022-03-11,-1,3,2022-03-11 11:30:00-06:00,327.291,2022-03-11 14:52:00-06:00,325.139,332.65000000000003,64.56,short: close 327.30 < lower 327.53,flatten
2022-03-14,-1,4,2022-03-14 12:00:00-05:00,318.931,2022-03-14 14:52:00-05:00,317.919,323.63,40.48,short: close 318.96 < lower 319.04,flatten
2022-03-15,1,3,2022-03-15 10:30:00-05:00,325.749,2022-03-15 14:52:00-05:00,328.711,320.64,88.86,long: close 325.74 > upper 324.67,flatten
2022-03-16,1,5,2022-03-16 09:00:00-05:00,334.659,2022-03-16 13:11:00-05:00,330.851,330.87,-190.4,long: close 334.63 > upper 333.98,stop
2022-03-18,1,4,2022-03-18 12:00:00-05:00,348.764,2022-03-18 14:52:00-05:00,350.861,343.91,83.88,long: close 348.72 > upper 348.41,flatten
2022-03-21,-1,8,2022-03-21 09:00:00-05:00,348.51099999999997,2022-03-21 10:17:00-05:00,350.719,350.7,-176.64,short: close 348.45 < lower 348.66,stop
2022-03-22,1,10,2022-03-22 09:00:00-05:00,352.479,2022-03-22 14:52:00-05:00,357.07099999999997,350.63,459.2,long: close 352.42 > upper 352.19,flatten
2022-03-25,-1,5,2022-03-25 10:30:00-05:00,355.521,2022-03-25 13:31:00-05:00,359.039,359.02,-175.9,short: close 355.53 < lower 356.11,stop
2022-03-28,1,12,2022-03-28 09:00:00-05:00,362.599,2022-03-28 09:04:00-05:00,361.041,361.06,-186.96,long: close 362.57 > upper 360.89,stop
2022-03-28,1,8,2022-03-28 10:00:00-05:00,362.299,2022-03-28 10:33:00-05:00,359.861,359.88,-195.04,long: close 362.28 > upper 361.77,stop
2022-04-04,1,9,2022-04-04 09:00:00-05:00,366.419,2022-04-04 14:52:00-05:00,368.981,364.42,230.58,long: close 366.44 > upper 364.30,flatten
2022-04-05,-1,6,2022-04-05 09:30:00-05:00,364.381,2022-04-05 14:52:00-05:00,360.809,367.58,214.32,short: close 364.45 < lower 365.34,flatten
2022-04-06,-1,4,2022-04-06 09:00:00-05:00,353.241,2022-04-06 14:52:00-05:00,353.969,357.63,-29.12,short: close 353.23 < lower 354.02,flatten
2022-04-08,-1,7,2022-04-08 09:00:00-05:00,348.801,2022-04-08 09:31:00-05:00,351.309,351.29,-175.56,short: close 348.84 < lower 350.74,stop
2022-04-08,-1,5,2022-04-08 13:30:00-05:00,349.651,2022-04-08 14:52:00-05:00,348.8591,353.02,39.59,short: close 349.65 < lower 349.86,flatten
2022-04-11,-1,5,2022-04-11 10:00:00-05:00,342.111,2022-04-11 14:52:00-05:00,341.029,345.77,54.1,short: close 342.15 < lower 343.31,flatten
2022-04-13,1,10,2022-04-13 09:30:00-05:00,342.789,2022-04-13 14:52:00-05:00,346.741,340.98,395.2,long: close 342.75 > upper 341.48,flatten
2022-04-14,-1,11,2022-04-14 09:00:00-05:00,343.751,2022-04-14 14:52:00-05:00,338.5691,345.45,570.01,short: close 343.77 < lower 344.70,flatten
2022-04-18,1,7,2022-04-18 09:30:00-05:00,340.509,2022-04-18 10:24:00-05:00,337.981,338.0,-176.96,long: close 340.51 > upper 340.39,stop
2022-04-19,1,9,2022-04-19 09:00:00-05:00,341.409,2022-04-19 14:52:00-05:00,346.801,339.40000000000003,485.28,long: close 341.41 > upper 340.51,flatten
2022-04-20,-1,8,2022-04-20 09:00:00-05:00,343.051,2022-04-20 14:52:00-05:00,341.48900000000003,345.35,124.96,short: close 343.09 < lower 344.31,flatten
2022-04-21,-1,3,2022-04-21 13:30:00-05:00,336.26099999999997,2022-04-21 14:52:00-05:00,334.409,342.21,55.56,short: close 336.29 < lower 337.18,flatten
2022-04-22,-1,8,2022-04-22 09:30:00-05:00,330.991,2022-04-22 14:52:00-05:00,325.539,333.45,436.16,short: close 331.01 < lower 331.81,flatten
2022-04-26,-1,6,2022-04-26 09:00:00-05:00,323.191,2022-04-26 14:52:00-05:00,318.319,326.04,292.32,short: close 323.25 < lower 325.70,flatten
2022-04-27,1,9,2022-04-27 09:00:00-05:00,320.949,2022-04-27 09:08:00-05:00,318.811,318.83,-192.42,long: close 320.94 > upper 319.20,stop
2022-04-27,1,5,2022-04-27 11:30:00-05:00,321.869,2022-04-27 13:56:00-05:00,318.021,318.04,-192.4,long: close 321.80 > upper 320.90,stop
2022-04-28,1,3,2022-04-28 12:30:00-05:00,326.629,2022-04-28 14:52:00-05:00,327.531,320.63,27.06,long: close 326.60 > upper 325.49,flatten
2022-04-29,-1,3,2022-04-29 11:30:00-05:00,319.541,2022-04-29 14:52:00-05:00,313.529,325.42,180.36,short: close 319.56 < lower 319.96,flatten
2022-05-02,1,7,2022-05-02 09:30:00-05:00,316.339,2022-05-02 10:04:00-05:00,313.551,313.57,-195.16,long: close 316.31 > upper 315.81,stop
2022-05-04,-1,6,2022-05-04 09:30:00-05:00,315.831,2022-05-04 11:40:00-05:00,318.779,318.76,-176.88,short: close 315.81 < lower 316.18,stop
2022-05-05,-1,4,2022-05-05 09:00:00-05:00,321.041,2022-05-05 14:52:00-05:00,312.619,325.59000000000003,336.88,short: close 321.02 < lower 322.92,flatten
2022-05-06,-1,5,2022-05-06 09:00:00-05:00,305.831,2022-05-06 09:14:00-05:00,309.339,309.32,-175.4,short: close 305.84 < lower 308.69,stop
2022-05-09,-1,3,2022-05-09 10:00:00-05:00,299.811,2022-05-09 14:52:00-05:00,295.809,305.77,120.06,short: close 299.83 < lower 300.49,flatten
2022-05-11,-1,4,2022-05-11 12:30:00-05:00,294.681,2022-05-11 14:52:00-05:00,291.619,299.56,122.48,short: close 294.69 < lower 294.77,flatten
2022-05-13,1,4,2022-05-13 09:00:00-05:00,298.459,2022-05-13 14:52:00-05:00,300.661,294.06,88.08,long: close 298.45 > upper 297.90,flatten
2022-05-18,-1,3,2022-05-18 10:30:00-05:00,296.131,2022-05-18 14:52:00-05:00,290.849,302.0,158.46,short: close 296.15 < lower 298.05,flatten
2022-05-20,-1,4,2022-05-20 11:00:00-05:00,286.07099999999997,2022-05-20 14:52:00-05:00,287.789,290.99,-68.72,short: close 286.12 < lower 286.46,flatten
2022-05-24,-1,4,2022-05-24 09:00:00-05:00,284.741,2022-05-24 14:52:00-05:00,287.569,289.08,-113.12,short: close 284.75 < lower 286.46,flatten
2022-05-25,1,5,2022-05-25 09:30:00-05:00,289.869,2022-05-25 14:52:00-05:00,290.411,286.5,27.1,long: close 289.86 > upper 289.85,flatten
2022-05-26,1,9,2022-05-26 09:00:00-05:00,295.419,2022-05-26 14:52:00-05:00,299.781,293.29,392.58,long: close 295.38 > upper 293.03,flatten
2022-05-27,1,5,2022-05-27 09:00:00-05:00,305.279,2022-05-27 14:52:00-05:00,308.051,301.93,138.6,long: close 305.27 > upper 304.28,flatten
2022-05-31,-1,9,2022-05-31 09:00:00-05:00,306.031,2022-05-31 09:43:00-05:00,308.119,308.1,-187.92,short: close 306.08 < lower 307.09,stop
2022-06-02,1,4,2022-06-02 11:30:00-05:00,311.379,2022-06-02 14:52:00-05:00,313.681,306.49,92.08,long: close 311.35 > upper 310.32,flatten
2022-06-10,-1,4,2022-06-10 09:00:00-05:00,291.661,2022-06-10 14:52:00-05:00,289.42900000000003,296.37,89.28,short: close 291.73 < lower 291.76,flatten
2022-06-13,-1,3,2022-06-13 10:00:00-05:00,277.051,2022-06-13 14:52:00-05:00,274.599,283.05,73.56,short: close 277.04 < lower 277.10,flatten
2022-06-16,-1,3,2022-06-16 09:00:00-05:00,274.041,2022-06-16 14:52:00-05:00,270.119,279.22,117.66,short: close 274.06 < lower 274.08,flatten
2022-06-17,1,12,2022-06-17 09:00:00-05:00,275.259,2022-06-17 09:09:00-05:00,273.711,273.73,-185.76,long: close 275.18 > upper 273.42,stop
2022-06-17,1,7,2022-06-17 10:30:00-05:00,274.719,2022-06-17 14:52:00-05:00,274.811,272.0,6.44,long: close 274.70 > upper 274.62,flatten
2022-06-21,1,5,2022-06-21 09:00:00-05:00,282.309,2022-06-21 14:52:00-05:00,281.591,278.95,-35.9,long: close 282.30 > upper 280.09,flatten
2022-06-22,1,6,2022-06-22 09:30:00-05:00,284.289,2022-06-22 11:07:00-05:00,281.001,281.02,-197.28,long: close 284.26 > upper 283.13,stop
2022-06-24,1,6,2022-06-24 09:00:00-05:00,290.359,2022-06-24 14:52:00-05:00,293.621,287.41,195.72,long: close 290.32 > upper 289.29,flatten
2022-06-27,-1,8,2022-06-27 09:00:00-05:00,292.981,2022-06-27 14:52:00-05:00,291.619,295.2,108.96,short: close 292.99 < lower 293.28,flatten
2022-06-28,-1,6,2022-06-28 10:30:00-05:00,288.051,2022-06-28 14:52:00-05:00,283.669,290.91,262.92,short: close 288.05 < lower 289.88,flatten
2022-06-30,-1,6,2022-06-30 09:00:00-05:00,276.911,2022-06-30 10:20:00-05:00,280.17900000000003,280.16,-196.08,short: close 276.92 < lower 279.07,stop
2022-07-07,1,8,2022-07-07 09:00:00-05:00,292.469,2022-07-07 14:52:00-05:00,294.971,290.14,200.16,long: close 292.44 > upper 291.54,flatten
2022-07-11,-1,6,2022-07-11 09:00:00-05:00,288.891,2022-07-11 14:52:00-05:00,288.4589,292.12,25.93,short: close 288.91 < lower 290.89,flatten
2022-07-14,-1,6,2022-07-14 09:00:00-05:00,281.081,2022-07-14 10:42:00-05:00,284.269,284.25,-191.28,short: close 281.14 < lower 281.14,stop
2022-07-19,1,5,2022-07-19 10:30:00-05:00,295.719,2022-07-19 14:52:00-05:00,298.041,292.08,116.1,long: close 295.71 > upper 294.92,flatten
2022-07-20,1,9,2022-07-20 09:30:00-05:00,301.209,2022-07-20 14:52:00-05:00,303.496,299.13,205.83,long: close 301.20 > upper 300.56,flatten
2022-07-21,1,7,2022-07-21 11:30:00-05:00,306.459,2022-07-21 14:52:00-05:00,306.9012,303.79,30.95,long: close 306.44 > upper 305.93,flatten
2022-07-22,-1,7,2022-07-22 10:30:00-05:00,303.531,2022-07-22 14:52:00-05:00,301.479,306.03000000000003,143.64,short: close 303.55 < lower 304.43,flatten
2022-07-25,-1,10,2022-07-25 09:30:00-05:00,299.711,2022-07-25 11:47:00-05:00,301.54900000000004,301.53000000000003,-183.8,short: close 299.78 < lower 300.19,stop
2022-07-26,-1,7,2022-07-26 09:30:00-05:00,296.221,2022-07-26 14:52:00-05:00,294.119,299.0,147.14,short: close 296.25 < lower 296.67,flatten
2022-07-27,1,5,2022-07-27 09:00:00-05:00,301.129,2022-07-27 14:52:00-05:00,306.971,297.41,292.1,long: close 301.11 > upper 300.43,flatten
2022-07-28,-1,13,2022-07-28 09:00:00-05:00,303.731,2022-07-28 09:52:00-05:00,305.189,305.17,-189.54,short: close 303.71 < lower 305.23,stop
2022-07-29,1,6,2022-07-29 09:30:00-05:00,314.139,2022-07-29 10:27:00-05:00,311.201,311.22,-176.28,long: close 314.13 > upper 313.50,stop
2022-08-01,1,6,2022-08-01 10:00:00-05:00,318.389,2022-08-01 12:03:00-05:00,315.461,315.48,-175.68,long: close 318.35 > upper 317.47,stop
2022-08-03,1,9,2022-08-03 09:00:00-05:00,319.049,2022-08-03 14:52:00-05:00,323.221,316.96,375.48,long: close 319.07 > upper 317.27,flatten
2022-08-08,1,10,2022-08-08 09:00:00-05:00,325.839,2022-08-08 09:48:00-05:00,324.011,324.03000000000003,-182.8,long: close 325.81 > upper 324.06,stop
2022-08-09,-1,7,2022-08-09 09:00:00-05:00,316.311,2022-08-09 14:52:00-05:00,317.42900000000003,318.85,-78.26,short: close 316.37 < lower 317.20,flatten
2022-08-12,1,5,2022-08-12 12:30:00-05:00,328.609,2022-08-12 14:52:00-05:00,330.051,325.19,72.1,long: close 328.59 > upper 328.56,flatten
2022-08-16,-1,8,2022-08-16 10:00:00-05:00,329.951,2022-08-16 10:32:00-05:00,332.319,332.3,-189.44,short: close 329.99 < lower 330.23,stop
2022-08-17,-1,5,2022-08-17 10:00:00-05:00,326.901,2022-08-17 13:09:00-05:00,330.259,330.24,-167.9,short: close 326.94 < lower 327.36,stop
2022-08-19,-1,6,2022-08-19 09:00:00-05:00,324.01099999999997,2022-08-19 14:52:00-05:00,323.199,327.01,48.72,short: close 324.03 < lower 324.75,flatten
2022-08-22,-1,5,2022-08-22 09:30:00-05:00,316.031,2022-08-22 14:52:00-05:00,314.349,319.8,84.1,short: close 316.06 < lower 316.93,flatten
2022-08-24,1,12,2022-08-24 10:30:00-05:00,316.349,2022-08-24 12:26:00-05:00,314.771,314.79,-189.36,long: close 316.30 > upper 315.38,stop
2022-08-25,1,7,2022-08-25 09:30:00-05:00,319.019,2022-08-25 14:52:00-05:00,319.651,316.53000000000003,44.24,long: close 318.95 > upper 318.43,flatten
2022-08-26,-1,12,2022-08-26 09:30:00-05:00,316.311,2022-08-26 14:52:00-05:00,308.109,317.91,984.24,short: close 316.39 < lower 318.81,flatten
2022-08-30,-1,8,2022-08-30 09:30:00-05:00,302.221,2022-08-30 14:52:00-05:00,300.279,304.56,155.36,short: close 302.25 < lower 302.92,flatten
2022-09-01,-1,5,2022-09-01 10:00:00-05:00,293.771,2022-09-01 13:30:00-05:00,297.10900000000004,297.09000000000003,-166.9,short: close 293.79 < lower 294.67,stop
2022-09-02,-1,4,2022-09-02 12:30:00-05:00,295.911,2022-09-02 14:52:00-05:00,294.409,299.94,60.08,short: close 295.96 < lower 296.87,flatten
2022-09-06,-1,16,2022-09-06 09:00:00-05:00,293.641,2022-09-06 09:52:00-05:00,294.849,294.83,-193.28,short: close 293.69 < lower 294.25,stop
2022-09-06,-1,6,2022-09-06 12:30:00-05:00,292.081,2022-09-06 14:52:00-05:00,292.92900000000003,295.07,-50.88,short: close 292.13 < lower 292.44,flatten
2022-09-07,1,8,2022-09-07 11:00:00-05:00,296.0889,2022-09-07 14:52:00-05:00,299.311,293.67,257.77,long: close 296.07 > upper 295.73,flatten
2022-09-09,1,8,2022-09-09 09:00:00-05:00,304.92900000000003,2022-09-09 14:52:00-05:00,306.921,302.58,159.36,long: close 304.86 > upper 304.02,flatten
2022-09-12,1,10,2022-09-12 09:00:00-05:00,310.639,2022-09-12 10:56:00-05:00,308.671,308.69,-196.8,long: close 310.60 > upper 309.72,stop
2022-09-13,-1,3,2022-09-13 09:00:00-05:00,300.181,2022-09-13 14:52:00-05:00,293.879,305.93,189.06,short: close 300.19 < lower 300.55,flatten
2022-09-15,-1,5,2022-09-15 10:00:00-05:00,291.181,2022-09-15 14:52:00-05:00,290.759,294.59000000000003,21.1,short: close 291.20 < lower 291.67,flatten
2022-09-16,-1,6,2022-09-16 09:00:00-05:00,285.971,2022-09-16 14:04:00-05:00,288.92900000000003,288.91,-177.48,short: close 285.99 < lower 286.43,stop
2022-09-22,-1,7,2022-09-22 10:00:00-05:00,279.601,2022-09-22 14:14:00-05:00,282.119,282.1,-176.26,short: close 279.62 < lower 280.22,stop
2022-09-23,-1,7,2022-09-23 09:00:00-05:00,275.001,2022-09-23 14:52:00-05:00,275.169,277.64,-11.76,short: close 275.04 < lower 276.17,flatten
2022-09-26,1,11,2022-09-26 09:00:00-05:00,278.399,2022-09-26 10:06:00-05:00,276.711,276.73,-185.68,long: close 278.36 > upper 276.92,stop
2022-09-28,1,12,2022-09-28 09:30:00-05:00,276.329,2022-09-28 14:52:00-05:00,280.831,274.81,540.24,long: close 276.31 > upper 276.02,flatten
2022-09-29,-1,5,2022-09-29 09:00:00-05:00,272.791,2022-09-29 14:52:00-05:00,272.119,276.18,33.6,short: close 272.80 < lower 274.50,flatten
2022-09-30,1,8,2022-09-30 10:30:00-05:00,274.549,2022-09-30 11:00:00-05:00,272.171,272.19,-190.24,long: close 274.52 > upper 273.89,stop
2022-10-03,1,7,2022-10-03 09:30:00-05:00,271.549,2022-10-03 14:52:00-05:00,273.721,269.01,152.04,long: close 271.51 > upper 270.67,flatten
2022-10-04,1,4,2022-10-04 09:00:00-05:00,281.48900000000003,2022-10-04 14:52:00-05:00,281.646,277.41,6.28,long: close 281.46 > upper 280.35,flatten
2022-10-05,-1,5,2022-10-05 09:30:00-05:00,275.931,2022-10-05 11:47:00-05:00,279.689,279.67,-187.9,short: close 275.98 < lower 276.50,stop
2022-10-07,-1,5,2022-10-07 09:00:00-05:00,272.161,2022-10-07 14:52:00-05:00,269.284,275.92,143.85,short: close 272.18 < lower 273.66,flatten
2022-10-10,-1,12,2022-10-10 09:00:00-05:00,266.981,2022-10-10 14:52:00-05:00,266.769,268.5,25.44,short: close 266.98 < lower 267.65,flatten
2022-10-11,-1,8,2022-10-11 09:00:00-05:00,262.351,2022-10-11 10:03:00-05:00,264.589,264.57,-179.04,short: close 262.36 < lower 263.24,stop
2022-10-13,1,3,2022-10-13 10:30:00-05:00,264.899,2022-10-13 14:52:00-05:00,269.221,259.02,129.66,long: close 264.90 > upper 264.87,flatten
2022-10-14,-1,5,2022-10-14 09:30:00-05:00,264.791,2022-10-14 14:52:00-05:00,261.259,268.16,176.6,short: close 264.84 < lower 266.61,flatten
2022-10-17,1,4,2022-10-17 09:00:00-05:00,268.539,2022-10-17 14:52:00-05:00,269.781,263.86,49.68,long: close 268.52 > upper 268.41,flatten
2022-10-20,1,6,2022-10-20 09:30:00-05:00,274.469,2022-10-20 11:21:00-05:00,271.481,271.5,-179.28,long: close 274.42 > upper 273.05,stop
2022-10-21,1,5,2022-10-21 12:00:00-05:00,272.649,2022-10-21 14:52:00-05:00,275.501,268.74,142.6,long: close 272.58 > upper 272.42,flatten
2022-10-25,1,8,2022-10-25 09:00:00-05:00,282.749,2022-10-25 14:52:00-05:00,284.166,280.51,113.36,long: close 282.71 > upper 281.22,flatten
2022-10-27,-1,7,2022-10-27 09:00:00-05:00,274.061,2022-10-27 09:13:00-05:00,276.569,276.55,-175.56,short: close 274.10 < lower 274.86,stop
2022-10-28,1,8,2022-10-28 09:00:00-05:00,274.849,2022-10-28 14:52:00-05:00,281.401,272.66,524.16,long: close 274.80 > upper 274.72,flatten
2022-11-03,-1,6,2022-11-03 09:00:00-05:00,260.551,2022-11-03 09:45:00-05:00,263.67900000000003,263.66,-187.68,short: close 260.55 < lower 261.24,stop
2022-11-08,1,6,2022-11-08 10:30:00-06:00,271.819,2022-11-08 12:56:00-06:00,268.541,268.56,-196.68,long: close 271.80 > upper 271.61,stop
2022-11-09,-1,5,2022-11-09 13:00:00-06:00,264.381,2022-11-09 14:52:00-06:00,263.469,267.99,45.6,short: close 264.40 < lower 265.05,flatten
2022-11-10,1,3,2022-11-10 09:00:00-06:00,278.359,2022-11-10 14:52:00-06:00,282.07099999999997,272.36,111.36,long: close 278.32 > upper 277.71,flatten
2022-11-11,1,10,2022-11-11 09:30:00-06:00,285.729,2022-11-11 10:26:00-06:00,283.841,283.86,-188.8,long: close 285.67 > upper 284.48,stop
2022-11-11,1,6,2022-11-11 12:00:00-06:00,285.9273,2022-11-11 14:52:00-06:00,288.091,282.99,129.82,long: close 285.90 > upper 285.55,flatten
2022-11-16,-1,7,2022-11-16 09:30:00-06:00,285.631,2022-11-16 14:52:00-06:00,285.854,288.18,-15.61,short: close 285.67 < lower 285.86,flatten
2022-11-23,1,15,2022-11-23 09:00:00-06:00,288.009,2022-11-23 10:55:00-06:00,286.741,286.76,-190.2,long: close 287.94 > upper 287.20,stop
2022-11-29,-1,12,2022-11-29 10:30:00-06:00,279.731,2022-11-29 13:03:00-06:00,281.319,281.3,-190.56,short: close 279.78 < lower 281.22,stop
2022-11-30,1,6,2022-11-30 13:00:00-06:00,286.169,2022-11-30 14:52:00-06:00,292.001,283.17,349.92,long: close 286.16 > upper 283.69,flatten
2022-12-01,1,16,2022-12-01 09:00:00-06:00,294.979,2022-12-01 09:07:00-06:00,293.771,293.79,-193.28,long: close 294.94 > upper 294.74,stop
2022-12-01,-1,13,2022-12-01 09:30:00-06:00,291.341,2022-12-01 09:49:00-06:00,292.809,292.79,-190.84,short: close 291.37 < lower 292.09,stop
2022-12-05,-1,7,2022-12-05 11:00:00-06:00,288.581,2022-12-05 14:52:00-06:00,286.969,291.14,112.84,short: close 288.64 < lower 288.94,flatten
2022-12-06,-1,19,2022-12-06 09:00:00-06:00,284.171,2022-12-06 14:52:00-06:00,281.939,285.17,424.08,short: close 284.21 < lower 286.50,flatten
2022-12-08,1,9,2022-12-08 09:30:00-06:00,283.969,2022-12-08 14:52:00-06:00,283.311,281.87,-59.22,long: close 283.95 > upper 283.28,flatten
2022-12-09,1,10,2022-12-09 10:00:00-06:00,285.339,2022-12-09 14:37:00-06:00,283.361,283.38,-197.8,long: close 285.31 > upper 285.31,stop
2022-12-14,1,14,2022-12-14 09:00:00-06:00,289.98900000000003,2022-12-14 13:00:00-06:00,288.621,288.64,-191.52,long: close 289.98 > upper 289.75,stop
2022-12-15,-1,6,2022-12-15 09:00:00-06:00,279.681,2022-12-15 14:52:00-06:00,276.699,282.74,178.92,short: close 279.68 < lower 281.33,flatten
2022-12-16,-1,10,2022-12-16 09:30:00-06:00,274.076,2022-12-16 14:52:00-06:00,274.229,275.97,-15.3,short: close 274.09 < lower 274.67,flatten
2022-12-19,-1,15,2022-12-19 09:00:00-06:00,271.771,2022-12-19 14:52:00-06:00,269.269,273.05,375.3,short: close 271.79 < lower 272.76,flatten
2022-12-21,1,8,2022-12-21 09:30:00-06:00,272.449,2022-12-21 14:52:00-06:00,272.971,270.11,41.76,long: close 272.43 > upper 272.42,flatten
2022-12-22,-1,7,2022-12-22 09:00:00-06:00,268.51099999999997,2022-12-22 14:52:00-06:00,266.499,271.19,140.84,short: close 268.53 < lower 269.27,flatten
2022-12-23,-1,10,2022-12-23 09:00:00-06:00,264.051,2022-12-23 09:17:00-06:00,265.919,265.9,-186.8,short: close 264.07 < lower 264.28,stop
2022-12-27,-1,12,2022-12-27 09:00:00-06:00,263.801,2022-12-27 09:21:00-06:00,265.439,265.42,-196.56,short: close 263.85 < lower 265.48,stop
2022-12-27,-1,5,2022-12-27 13:30:00-06:00,263.381,2022-12-27 14:52:00-06:00,263.724,266.84000000000003,-17.15,short: close 263.39 < lower 263.64,flatten
2022-12-28,-1,7,2022-12-28 11:00:00-06:00,260.521,2022-12-28 14:52:00-06:00,260.209,263.25,21.84,short: close 260.58 < lower 260.61,flatten
2022-12-29,1,7,2022-12-29 09:00:00-06:00,264.819,2022-12-29 14:52:00-06:00,267.051,262.1,156.24,long: close 264.79 > upper 264.22,flatten
2023-01-03,-1,5,2023-01-03 10:30:00-06:00,263.771,2023-01-03 14:52:00-06:00,264.569,267.24,-39.9,short: close 263.79 < lower 264.02,flatten
2023-01-06,1,6,2023-01-06 10:00:00-06:00,265.669,2023-01-06 14:52:00-06:00,268.801,262.53000000000003,187.92,long: close 265.62 > upper 265.61,flatten
2023-01-09,1,7,2023-01-09 09:00:00-06:00,273.549,2023-01-09 14:14:00-06:00,271.031,271.05,-176.26,long: close 273.52 > upper 272.30,stop
2023-01-12,-1,10,2023-01-12 09:00:00-06:00,274.871,2023-01-12 09:11:00-06:00,276.749,276.73,-187.8,short: close 274.86 < lower 275.99,stop
2023-01-18,-1,6,2023-01-18 11:30:00-06:00,278.936,2023-01-18 14:52:00-06:00,278.309,282.09000000000003,37.62,short: close 278.98 < lower 279.15,flatten
2023-01-20,1,6,2023-01-20 10:30:00-06:00,279.449,2023-01-20 14:52:00-06:00,282.531,276.61,184.92,long: close 279.43 > upper 278.77,flatten
2023-01-23,1,11,2023-01-23 09:00:00-06:00,285.889,2023-01-23 14:52:00-06:00,289.006,284.19,342.87,long: close 285.85 > upper 284.84,flatten
2023-01-25,-1,5,2023-01-25 09:00:00-06:00,281.631,2023-01-25 10:52:00-06:00,285.289,285.27,-182.9,short: close 281.65 < lower 282.46,stop
2023-01-27,1,9,2023-01-27 09:30:00-06:00,294.919,2023-01-27 14:52:00-06:00,296.721,292.83,162.18,long: close 294.89 > upper 294.79,flatten
2023-01-31,1,12,2023-01-31 09:30:00-06:00,292.42900000000003,2023-01-31 14:52:00-06:00,293.641,290.88,145.44,long: close 292.34 > upper 291.77,flatten
2023-02-02,1,3,2023-02-02 10:00:00-06:00,310.539,2023-02-02 14:52:00-06:00,310.5485,305.45,0.29,long: close 310.51 > upper 309.40,flatten
2023-02-07,1,7,2023-02-07 12:00:00-06:00,309.189,2023-02-07 12:15:00-06:00,306.591,306.61,-181.86,long: close 309.15 > upper 306.12,stop
2023-02-07,1,7,2023-02-07 13:30:00-06:00,306.559,2023-02-07 14:52:00-06:00,310.461,303.78000000000003,273.14,long: close 306.53 > upper 306.31,flatten
2023-02-08,-1,6,2023-02-08 10:00:00-06:00,305.996,2023-02-08 14:52:00-06:00,304.829,308.85,70.02,short: close 306.04 < lower 306.40,flatten
2023-02-13,1,11,2023-02-13 09:00:00-06:00,302.599,2023-02-13 14:52:00-06:00,303.931,300.90000000000003,146.52,long: close 302.57 > upper 302.14,flatten
2023-02-17,-1,9,2023-02-17 09:00:00-06:00,299.641,2023-02-17 14:52:00-06:00,301.139,301.72,-134.82,short: close 299.67 < lower 300.10,flatten
2023-02-21,-1,4,2023-02-21 13:30:00-06:00,294.591,2023-02-21 14:52:00-06:00,294.219,299.14,14.88,short: close 294.60 < lower 294.68,flatten
2023-03-01,-1,13,2023-03-01 09:30:00-06:00,291.291,2023-03-01 09:41:00-06:00,292.709,292.69,-184.34,short: close 291.32 < lower 291.96,stop
2023-03-01,-1,9,2023-03-01 10:30:00-06:00,290.881,2023-03-01 11:11:00-06:00,292.879,292.86,-179.82,short: close 290.91 < lower 291.38,stop
2023-03-03,1,12,2023-03-03 09:00:00-06:00,296.73900000000003,2023-03-03 14:52:00-06:00,299.236,295.17,299.64,long: close 296.75 > upper 296.11,flatten
2023-03-06,1,9,2023-03-06 09:30:00-06:00,302.779,2023-03-06 13:21:00-06:00,300.751,300.77,-182.52,long: close 302.72 > upper 302.33,stop
2023-03-07,-1,13,2023-03-07 09:30:00-06:00,298.001,2023-03-07 09:33:00-06:00,299.449,299.43,-188.24,short: close 298.02 < lower 298.62,stop
2023-03-07,-1,14,2023-03-07 10:00:00-06:00,297.451,2023-03-07 11:20:00-06:00,298.849,298.83,-195.72,short: close 297.45 < lower 298.67,stop
2023-03-09,1,23,2023-03-09 09:00:00-06:00,300.339,2023-03-09 09:17:00-06:00,299.521,299.54,-188.14,long: close 300.31 > upper 298.91,stop
2023-03-09,1,12,2023-03-09 09:30:00-06:00,299.959,2023-03-09 11:02:00-06:00,298.401,298.42,-186.96,long: close 299.91 > upper 299.65,stop
2023-03-10,-1,23,2023-03-10 09:00:00-06:00,290.181,2023-03-10 09:00:00-06:00,290.999,290.98,-188.14,short: close 290.20 < lower 291.86,stop
2023-03-10,-1,13,2023-03-10 09:30:00-06:00,290.481,2023-03-10 09:40:00-06:00,291.909,291.89,-185.64,short: close 290.49 < lower 291.25,stop
2023-03-13,1,12,2023-03-13 09:00:00-05:00,289.659,2023-03-13 14:52:00-05:00,291.531,288.06,224.64,long: close 289.68 > upper 289.21,flatten
2023-03-14,1,7,2023-03-14 09:00:00-05:00,295.669,2023-03-14 14:52:00-05:00,296.0048,292.94,23.51,long: close 295.65 > upper 295.25,flatten
2023-03-16,1,10,2023-03-16 10:00:00-05:00,302.119,2023-03-16 14:52:00-05:00,306.551,300.2,443.2,long: close 302.10 > upper 300.37,flatten
2023-03-17,-1,8,2023-03-17 10:30:00-05:00,304.26099999999997,2023-03-17 14:52:00-05:00,305.154,306.53000000000003,-71.44,short: close 304.27 < lower 304.49,flatten
2023-03-20,-1,11,2023-03-20 09:00:00-05:00,302.801,2023-03-20 09:49:00-05:00,304.519,304.5,-188.98,short: close 302.81 < lower 303.10,stop
2023-03-23,1,5,2023-03-23 09:30:00-05:00,311.834,2023-03-23 13:38:00-05:00,308.401,308.42,-171.65,long: close 311.80 > upper 311.37,stop
2023-03-27,-1,7,2023-03-27 11:00:00-05:00,308.241,2023-03-27 14:52:00-05:00,308.949,310.95,-49.56,short: close 308.26 < lower 308.57,flatten
2023-03-28,-1,13,2023-03-28 09:00:00-05:00,306.151,2023-03-28 14:52:00-05:00,306.884,307.58,-95.29,short: close 306.19 < lower 307.01,flatten
2023-03-31,1,16,2023-03-31 09:00:00-05:00,317.129,2023-03-31 14:52:00-05:00,319.846,315.98,434.72,long: close 317.11 > upper 316.95,flatten
2023-04-05,-1,14,2023-04-05 09:00:00-05:00,317.251,2023-04-05 14:52:00-05:00,315.979,318.59000000000003,178.08,short: close 317.24 < lower 317.27,flatten
2023-04-06,1,8,2023-04-06 12:30:00-05:00,317.559,2023-04-06 14:52:00-05:00,318.041,315.32,38.56,long: close 317.53 > upper 317.29,flatten
2023-04-10,-1,8,2023-04-10 09:00:00-05:00,313.671,2023-04-10 10:39:00-05:00,315.939,315.92,-181.44,short: close 313.71 < lower 314.34,stop
2023-04-11,-1,25,2023-04-11 09:00:00-05:00,316.581,2023-04-11 14:52:00-05:00,315.659,317.34000000000003,230.5,short: close 316.60 < lower 317.11,flatten
2023-04-12,-1,8,2023-04-12 10:00:00-05:00,314.276,2023-04-12 14:52:00-05:00,313.259,316.73,81.36,short: close 314.30 < lower 314.38,flatten
2023-04-13,1,11,2023-04-13 09:00:00-05:00,315.799,2023-04-13 14:52:00-05:00,319.116,314.04,364.87,long: close 315.79 > upper 315.69,flatten
2023-04-21,-1,16,2023-04-21 09:00:00-05:00,314.391,2023-04-21 09:17:00-05:00,315.579,315.56,-190.08,short: close 314.41 < lower 314.94,stop
2023-04-24,-1,11,2023-04-24 10:30:00-05:00,314.441,2023-04-24 13:17:00-05:00,316.089,316.07,-181.28,short: close 314.47 < lower 314.86,stop
2023-04-25,-1,7,2023-04-25 11:30:00-05:00,312.371,2023-04-25 14:52:00-05:00,310.689,315.07,117.74,short: close 312.40 < lower 312.42,flatten
2023-04-27,1,5,2023-04-27 10:30:00-05:00,318.059,2023-04-27 14:52:00-05:00,320.471,314.71,120.6,long: close 318.04 > upper 317.10,flatten
2023-04-28,1,16,2023-04-28 09:30:00-05:00,321.849,2023-04-28 09:37:00-05:00,320.651,320.67,-191.68,long: close 321.84 > upper 321.44,stop
2023-05-02,-1,18,2023-05-02 09:30:00-05:00,319.97159999999997,2023-05-02 14:52:00-05:00,319.529,321.01,79.67,short: close 320.00 < lower 321.11,flatten
2023-05-03,1,22,2023-05-03 09:00:00-05:00,320.579,2023-05-03 09:11:00-05:00,319.691,319.71,-195.36,long: close 320.55 > upper 320.43,stop
2023-05-04,-1,23,2023-05-04 09:00:00-05:00,316.056,2023-05-04 10:07:00-05:00,316.879,316.86,-189.29,short: close 316.07 < lower 316.40,stop
2023-05-05,1,11,2023-05-05 09:00:00-05:00,319.729,2023-05-05 14:52:00-05:00,323.056,318.05,365.97,long: close 319.71 > upper 319.03,flatten
2023-05-08,-1,21,2023-05-08 09:00:00-05:00,321.681,2023-05-08 10:12:00-05:00,322.60900000000004,322.59000000000003,-194.88,short: close 321.69 < lower 321.75,stop
2023-05-12,-1,15,2023-05-12 10:00:00-05:00,325.031,2023-05-12 14:52:00-05:00,324.839,326.29,28.8,short: close 325.04 < lower 325.18,flatten
2023-05-16,1,13,2023-05-16 10:00:00-05:00,328.079,2023-05-16 14:52:00-05:00,327.406,326.66,-87.49,long: close 328.05 > upper 327.88,flatten
2023-05-17,1,9,2023-05-17 12:00:00-05:00,330.209,2023-05-17 14:52:00-05:00,331.351,328.06,102.78,long: close 330.18 > upper 329.84,flatten
2023-05-18,1,20,2023-05-18 09:00:00-05:00,332.999,2023-05-18 14:52:00-05:00,337.32099999999997,332.07,864.4,long: close 332.97 > upper 332.28,flatten
2023-05-22,1,20,2023-05-22 09:00:00-05:00,338.249,2023-05-22 09:08:00-05:00,337.291,337.31,-191.6,long: close 338.22 > upper 337.30,stop
2023-05-22,1,13,2023-05-22 10:30:00-05:00,337.859,2023-05-22 14:52:00-05:00,337.161,336.38,-90.74,long: close 337.85 > upper 337.84,flatten
2023-05-23,-1,7,2023-05-23 13:30:00-05:00,333.491,2023-05-23 14:52:00-05:00,334.009,336.17,-36.26,short: close 333.52 < lower 334.10,flatten
2023-05-24,-1,9,2023-05-24 09:30:00-05:00,330.111,2023-05-24 14:20:00-05:00,332.229,332.21,-190.62,short: close 330.15 < lower 330.25,stop
2023-05-26,1,13,2023-05-26 09:00:00-05:00,343.159,2023-05-26 14:52:00-05:00,348.316,341.72,670.41,long: close 343.12 > upper 341.69,flatten
2023-06-01,1,12,2023-06-01 10:00:00-05:00,349.249,2023-06-01 14:52:00-05:00,351.671,347.74,290.64,long: close 349.22 > upper 349.20,flatten
2023-06-05,1,11,2023-06-05 10:00:00-05:00,356.809,2023-06-05 13:31:00-05:00,355.141,355.16,-183.48,long: close 356.76 > upper 356.19,stop
2023-06-07,-1,11,2023-06-07 10:00:00-05:00,352.246,2023-06-07 14:52:00-05:00,348.889,353.94,369.27,short: close 352.25 < lower 353.30,flatten
2023-06-08,1,13,2023-06-08 09:30:00-05:00,350.984,2023-06-08 14:52:00-05:00,353.021,349.53000000000003,264.81,long: close 350.95 > upper 350.42,flatten
2023-06-09,1,10,2023-06-09 09:00:00-05:00,356.889,2023-06-09 09:50:00-05:00,355.021,355.04,-186.8,long: close 356.84 > upper 355.70,stop
2023-06-14,1,11,2023-06-14 10:30:00-05:00,365.769,2023-06-14 12:16:00-05:00,364.111,364.13,-182.38,long: close 365.74 > upper 364.90,stop
2023-06-15,1,9,2023-06-15 09:30:00-05:00,367.649,2023-06-15 14:52:00-05:00,371.171,365.53000000000003,316.98,long: close 367.62 > upper 367.38,flatten
2023-06-20,-1,8,2023-06-20 09:30:00-05:00,364.231,2023-06-20 11:27:00-05:00,366.539,366.52,-184.64,short: close 364.25 < lower 364.65,stop
2023-06-21,-1,11,2023-06-21 09:00:00-05:00,363.956,2023-06-21 14:52:00-05:00,362.769,365.66,130.57,short: close 363.98 < lower 364.64,flatten
2023-06-22,1,9,2023-06-22 09:30:00-05:00,364.369,2023-06-22 14:52:00-05:00,365.751,362.27,124.38,long: close 364.36 > upper 363.42,flatten
2023-06-26,1,13,2023-06-26 09:00:00-05:00,364.509,2023-06-26 09:33:00-05:00,363.001,363.02,-196.04,long: close 364.49 > upper 363.77,stop
2023-06-26,-1,7,2023-06-26 11:30:00-05:00,359.131,2023-06-26 14:52:00-05:00,358.459,361.73,47.04,short: close 359.14 < lower 359.68,flatten
2023-06-27,1,6,2023-06-27 11:30:00-05:00,361.909,2023-06-27 14:52:00-05:00,363.941,358.84000000000003,121.92,long: close 361.88 > upper 361.56,flatten
2023-06-30,1,6,2023-06-30 09:00:00-05:00,369.109,2023-06-30 14:52:00-05:00,369.956,365.86,50.82,long: close 369.05 > upper 368.96,flatten
2023-07-07,1,9,2023-07-07 12:00:00-05:00,369.869,2023-07-07 14:40:00-05:00,367.681,367.7,-196.92,long: close 369.84 > upper 369.52,stop
2023-07-13,1,6,2023-07-13 11:30:00-05:00,377.714,2023-07-13 14:52:00-05:00,379.361,374.52,98.82,long: close 377.69 > upper 377.67,flatten
2023-07-14,1,14,2023-07-14 09:00:00-05:00,381.649,2023-07-14 12:01:00-05:00,380.271,380.29,-192.92,long: close 381.67 > upper 380.74,stop
2023-07-17,1,13,2023-07-17 10:30:00-05:00,381.059,2023-07-17 14:52:00-05:00,382.631,379.56,204.36,long: close 381.04 > upper 380.95,flatten
2023-07-18,1,11,2023-07-18 11:30:00-05:00,384.209,2023-07-18 14:52:00-05:00,386.44599999999997,382.55,246.07,long: close 384.20 > upper 383.93,flatten
2023-07-20,-1,7,2023-07-20 09:30:00-05:00,380.676,2023-07-20 14:52:00-05:00,377.229,383.15000000000003,241.29,short: close 380.70 < lower 381.53,flatten
2023-07-25,1,13,2023-07-25 09:00:00-05:00,378.779,2023-07-25 09:52:00-05:00,377.321,377.34000000000003,-189.54,long: close 378.71 > upper 378.04,stop
2023-07-25,1,14,2023-07-25 10:30:00-05:00,378.409,2023-07-25 14:52:00-05:00,379.246,377.04,117.18,long: close 378.39 > upper 377.97,flatten
2023-07-26,-1,13,2023-07-26 10:00:00-05:00,375.711,2023-07-26 13:10:00-05:00,377.229,377.21,-197.34,short: close 375.73 < lower 376.76,stop
2023-07-28,1,6,2023-07-28 09:00:00-05:00,382.049,2023-07-28 14:52:00-05:00,383.466,378.96,85.02,long: close 382.02 > upper 381.74,flatten
2023-08-02,-1,7,2023-08-02 09:00:00-05:00,377.671,2023-08-02 14:52:00-05:00,374.549,380.41,218.54,short: close 377.70 < lower 378.29,flatten
2023-08-04,1,6,2023-08-04 11:30:00-05:00,377.659,2023-08-04 13:04:00-05:00,374.791,374.81,-172.08,long: close 377.63 > upper 377.62,stop
2023-08-08,-1,8,2023-08-08 09:00:00-05:00,370.57099999999997,2023-08-08 14:52:00-05:00,372.23900000000003,372.95,-133.44,short: close 370.61 < lower 371.55,flatten
2023-08-09,-1,13,2023-08-09 09:00:00-05:00,370.32099999999997,2023-08-09 14:52:00-05:00,368.159,371.72,281.06,short: close 370.31 < lower 370.72,flatten
2023-08-10,1,6,2023-08-10 09:00:00-05:00,373.949,2023-08-10 10:01:00-05:00,371.071,371.09000000000003,-172.68,long: close 373.91 > upper 372.28,stop
2023-08-14,1,10,2023-08-14 10:00:00-05:00,369.409,2023-08-14 14:52:00-05:00,369.556,367.51,14.7,long: close 369.37 > upper 367.72,flatten
2023-08-15,-1,10,2023-08-15 09:30:00-05:00,367.181,2023-08-15 14:52:00-05:00,366.299,368.98,88.2,short: close 367.20 < lower 368.11,flatten
2023-08-17,-1,7,2023-08-17 13:30:00-05:00,360.681,2023-08-17 14:52:00-05:00,358.769,363.17,133.84,short: close 360.69 < lower 360.73,flatten
2023-08-21,1,9,2023-08-21 09:00:00-05:00,362.189,2023-08-21 09:27:00-05:00,360.171,360.19,-181.62,long: close 362.16 > upper 360.87,stop
2023-08-21,1,6,2023-08-21 12:00:00-05:00,361.8889,2023-08-21 14:52:00-05:00,364.201,359.07,138.73,long: close 361.86 > upper 361.69,flatten
2023-08-23,1,9,2023-08-23 09:00:00-05:00,366.619,2023-08-23 14:52:00-05:00,369.301,364.52,241.38,long: close 366.60 > upper 366.08,flatten
2023-08-24,-1,5,2023-08-24 09:30:00-05:00,366.291,2023-08-24 14:52:00-05:00,361.954,369.6,216.85,short: close 366.31 < lower 367.61,flatten
2023-08-25,-1,7,2023-08-25 10:00:00-05:00,358.731,2023-08-25 10:36:00-05:00,361.559,361.54,-197.96,short: close 358.73 < lower 358.77,stop
2023-08-29,1,11,2023-08-29 09:00:00-05:00,368.539,2023-08-29 14:52:00-05:00,374.56,366.85,662.31,long: close 368.50 > upper 368.40,flatten
2023-08-31,1,13,2023-08-31 09:00:00-05:00,378.789,2023-08-31 11:46:00-05:00,377.311,377.33,-192.14,long: close 378.75 > upper 378.40,stop
2023-09-06,-1,8,2023-09-06 09:30:00-05:00,374.51099999999997,2023-09-06 14:52:00-05:00,374.159,376.7,28.16,short: close 374.53 < lower 375.48,flatten
2023-09-08,1,11,2023-09-08 09:30:00-05:00,374.529,2023-09-08 09:59:00-05:00,372.751,372.77,-195.58,long: close 374.48 > upper 373.78,stop
2023-09-15,-1,10,2023-09-15 09:00:00-05:00,373.631,2023-09-15 14:52:00-05:00,370.569,375.47,306.2,short: close 373.61 < lower 374.75,flatten
2023-09-19,-1,7,2023-09-19 10:00:00-05:00,366.901,2023-09-19 12:45:00-05:00,369.579,369.56,-187.46,short: close 366.93 < lower 367.34,stop
2023-09-21,-1,6,2023-09-21 09:00:00-05:00,359.451,2023-09-21 14:52:00-05:00,358.2873,362.39,69.82,short: close 359.50 < lower 359.73,flatten
2023-09-22,1,7,2023-09-22 10:00:00-05:00,361.409,2023-09-22 13:09:00-05:00,358.851,358.87,-179.06,long: close 361.38 > upper 361.24,stop
2023-09-26,-1,8,2023-09-26 09:00:00-05:00,355.701,2023-09-26 14:52:00-05:00,353.949,358.02,140.16,short: close 355.75 < lower 356.01,flatten
2023-09-27,-1,9,2023-09-27 12:30:00-05:00,352.0809,2023-09-27 13:31:00-05:00,354.079,354.06,-179.83,short: close 352.11 < lower 352.82,stop
2023-09-28,1,9,2023-09-28 10:30:00-05:00,357.339,2023-09-28 14:52:00-05:00,358.041,355.19,63.18,long: close 357.31 > upper 356.77,flatten
2023-10-02,1,17,2023-10-02 09:00:00-05:00,359.669,2023-10-02 12:11:00-05:00,358.551,358.57,-190.06,long: close 359.66 > upper 359.54,stop
2023-10-03,-1,9,2023-10-03 09:30:00-05:00,356.281,2023-10-03 14:52:00-05:00,354.67900000000003,358.45,144.18,short: close 356.29 < lower 357.88,flatten
2023-10-04,1,13,2023-10-04 09:00:00-05:00,356.949,2023-10-04 09:08:00-05:00,355.461,355.48,-193.44,long: close 356.95 > upper 356.80,stop
2023-10-04,1,7,2023-10-04 10:30:00-05:00,357.839,2023-10-04 14:52:00-05:00,360.141,355.35,161.14,long: close 357.83 > upper 357.82,flatten
2023-10-05,-1,17,2023-10-05 09:00:00-05:00,357.991,2023-10-05 13:32:00-05:00,359.089,359.07,-186.66,short: close 358.01 < lower 358.67,stop
2023-10-06,1,5,2023-10-06 11:00:00-05:00,363.169,2023-10-06 14:52:00-05:00,365.151,359.5,99.1,long: close 363.15 > upper 360.83,flatten
2023-10-10,1,15,2023-10-10 09:30:00-05:00,369.069,2023-10-10 14:52:00-05:00,368.891,367.81,-26.7,long: close 369.02 > upper 368.00,flatten
2023-10-13,-1,9,2023-10-13 10:00:00-05:00,367.151,2023-10-13 14:52:00-05:00,365.069,369.21,187.38,short: close 367.18 < lower 368.15,flatten
2023-10-16,1,12,2023-10-16 09:00:00-05:00,367.899,2023-10-16 14:52:00-05:00,369.76099999999997,366.34000000000003,223.44,long: close 367.87 > upper 367.51,flatten
2023-10-17,-1,7,2023-10-17 09:00:00-05:00,364.381,2023-10-17 09:23:00-05:00,367.10900000000004,367.09000000000003,-190.96,short: close 364.38 < lower 364.94,stop
2023-10-20,-1,11,2023-10-20 09:30:00-05:00,357.081,2023-10-20 14:52:00-05:00,354.539,358.8,279.62,short: close 357.12 < lower 357.99,flatten
2023-10-23,1,5,2023-10-23 11:30:00-05:00,357.619,2023-10-23 14:52:00-05:00,356.041,354.23,-78.9,long: close 357.57 > upper 357.33,flatten
2023-10-24,1,11,2023-10-24 09:00:00-05:00,358.699,2023-10-24 11:24:00-05:00,356.961,356.98,-191.18,long: close 358.70 > upper 358.32,stop
2023-10-25,-1,9,2023-10-25 09:00:00-05:00,354.51099999999997,2023-10-25 14:52:00-05:00,350.374,356.57,372.33,short: close 354.53 < lower 355.89,flatten
2023-10-26,-1,13,2023-10-26 09:00:00-05:00,346.9409,2023-10-26 14:52:00-05:00,343.92900000000003,348.35,391.55,short: close 346.95 < lower 348.30,flatten
2023-10-30,1,9,2023-10-30 09:00:00-05:00,349.934,2023-10-30 09:18:00-05:00,347.811,347.83,-191.07,long: close 349.91 > upper 348.72,stop
2023-10-31,-1,18,2023-10-31 09:00:00-05:00,347.291,2023-10-31 09:10:00-05:00,348.329,348.31,-186.84,short: close 347.33 < lower 348.17,stop
2023-11-01,1,10,2023-11-01 09:30:00-05:00,354.409,2023-11-01 14:52:00-05:00,356.961,352.5,255.2,long: close 354.40 > upper 353.23,flatten
2023-11-03,1,10,2023-11-03 09:00:00-05:00,366.569,2023-11-03 14:52:00-05:00,367.811,364.72,124.2,long: close 366.54 > upper 365.95,flatten
2023-11-07,1,10,2023-11-07 09:30:00-06:00,371.809,2023-11-07 14:52:00-06:00,372.76099999999997,369.87,95.2,long: close 371.80 > upper 371.69,flatten
2023-11-10,1,10,2023-11-10 09:00:00-06:00,373.039,2023-11-10 14:52:00-06:00,378.421,371.08,538.2,long: close 373.03 > upper 372.92,flatten
2023-11-14,1,4,2023-11-14 09:00:00-06:00,384.909,2023-11-14 14:52:00-06:00,385.3909,380.56,19.28,long: close 384.89 > upper 384.85,flatten
2023-11-20,1,22,2023-11-20 09:00:00-06:00,388.519,2023-11-20 09:22:00-06:00,387.661,387.68,-188.76,long: close 388.48 > upper 386.90,stop
2023-11-20,1,23,2023-11-20 09:30:00-06:00,387.659,2023-11-20 14:52:00-06:00,390.751,386.83,711.16,long: close 387.64 > upper 386.88,flatten
2023-11-21,-1,11,2023-11-21 09:30:00-06:00,386.931,2023-11-21 14:02:00-06:00,388.709,388.69,-195.58,short: close 386.94 < lower 388.11,stop
2023-11-27,1,15,2023-11-27 11:30:00-06:00,390.474,2023-11-27 13:43:00-06:00,389.181,389.2,-193.95,long: close 390.45 > upper 390.42,stop
2023-11-29,1,10,2023-11-29 09:00:00-06:00,393.849,2023-11-29 09:10:00-06:00,391.901,391.92,-194.8,long: close 393.82 > upper 393.38,stop
2023-11-30,-1,20,2023-11-30 09:00:00-06:00,388.731,2023-11-30 14:52:00-06:00,388.129,389.67,120.4,short: close 388.75 < lower 388.98,flatten
2023-12-01,-1,14,2023-12-01 09:30:00-06:00,386.441,2023-12-01 10:03:00-06:00,387.839,387.82,-195.72,short: close 386.46 < lower 386.90,stop
2023-12-04,-1,6,2023-12-04 09:30:00-06:00,383.401,2023-12-04 14:50:00-06:00,386.259,386.24,-171.48,short: close 383.42 < lower 385.19,stop
2023-12-05,1,9,2023-12-05 10:00:00-06:00,388.299,2023-12-05 10:19:00-06:00,386.201,386.22,-188.82,long: close 388.28 > upper 387.41,stop
2023-12-07,1,6,2023-12-07 09:30:00-06:00,389.499,2023-12-07 14:52:00-06:00,390.791,386.65000000000003,77.52,long: close 389.48 > upper 389.40,flatten
2023-12-08,1,8,2023-12-08 09:30:00-06:00,392.189,2023-12-08 11:14:00-06:00,389.821,389.84000000000003,-189.44,long: close 392.15 > upper 391.97,stop
2023-12-11,1,17,2023-12-11 09:00:00-06:00,393.749,2023-12-11 14:52:00-06:00,395.331,392.66,268.94,long: close 393.73 > upper 393.03,flatten
2023-12-12,1,10,2023-12-12 13:00:00-06:00,397.649,2023-12-12 14:52:00-06:00,398.401,395.69,75.2,long: close 397.64 > upper 397.50,flatten
2023-12-14,-1,7,2023-12-14 12:30:00-06:00,401.681,2023-12-14 14:52:00-06:00,403.289,404.33,-112.56,short: close 401.70 < lower 401.73,flatten
2023-12-15,1,9,2023-12-15 09:30:00-06:00,406.009,2023-12-15 12:41:00-06:00,403.991,404.01,-181.62,long: close 405.99 > upper 405.77,stop
2023-12-18,1,10,2023-12-18 12:00:00-06:00,406.999,2023-12-18 14:52:00-06:00,407.546,405.05,54.7,long: close 406.97 > upper 406.89,flatten
2023-12-29,-1,16,2023-12-29 10:00:00-06:00,409.501,2023-12-29 14:52:00-06:00,409.744,410.7,-38.88,short: close 409.51 < lower 410.05,flatten
2024-01-02,-1,7,2024-01-02 09:00:00-06:00,403.556,2024-01-02 14:52:00-06:00,401.969,406.05,111.09,short: close 403.58 < lower 405.16,flatten
2024-01-03,-1,8,2024-01-03 11:00:00-06:00,398.831,2024-01-03 14:52:00-06:00,398.359,401.22,37.76,short: close 398.84 < lower 398.86,flatten
2024-01-05,1,17,2024-01-05 09:30:00-06:00,398.619,2024-01-05 11:07:00-06:00,397.471,397.49,-195.16,long: close 398.59 > upper 397.47,stop
2024-01-08,1,15,2024-01-08 09:00:00-06:00,400.834,2024-01-08 14:52:00-06:00,404.971,399.57,620.55,long: close 400.81 > upper 398.64,flatten
2024-01-10,1,10,2024-01-10 12:00:00-06:00,407.819,2024-01-10 14:52:00-06:00,407.741,406.0,-7.8,long: close 407.79 > upper 407.75,flatten
2024-01-11,-1,9,2024-01-11 10:00:00-06:00,406.681,2024-01-11 13:00:00-06:00,408.839,408.82,-194.22,short: close 406.70 < lower 407.02,stop
2024-01-17,-1,8,2024-01-17 09:00:00-06:00,403.331,2024-01-17 10:05:00-06:00,405.749,405.73,-193.44,short: close 403.36 < lower 405.45,stop
2024-01-18,1,5,2024-01-18 10:30:00-06:00,412.619,2024-01-18 14:52:00-06:00,413.496,409.11,43.85,long: close 412.59 > upper 412.38,flatten
2024-01-19,1,6,2024-01-19 11:30:00-06:00,417.539,2024-01-19 14:52:00-06:00,420.971,414.62,205.92,long: close 417.51 > upper 417.13,flatten
2024-01-24,1,5,2024-01-24 12:00:00-06:00,429.689,2024-01-24 14:16:00-06:00,425.94100000000003,425.96000000000004,-187.4,long: close 429.66 > upper 429.16,stop
2024-01-30,-1,9,2024-01-30 11:30:00-06:00,425.301,2024-01-30 14:52:00-06:00,425.469,427.44,-15.12,short: close 425.32 < lower 425.49,flatten
2024-01-31,-1,7,2024-01-31 09:00:00-06:00,420.131,2024-01-31 14:52:00-06:00,417.189,422.91,205.94,short: close 420.15 < lower 420.25,flatten
2024-02-01,1,10,2024-02-01 09:30:00-06:00,420.339,2024-02-01 09:54:00-06:00,418.431,418.45,-190.8,long: close 420.31 > upper 419.73,stop
2024-02-01,1,8,2024-02-01 12:00:00-06:00,420.719,2024-02-01 14:52:00-06:00,421.51099999999997,418.44,63.36,long: close 420.69 > upper 420.12,flatten
2024-02-02,1,13,2024-02-02 09:00:00-06:00,425.819,2024-02-02 14:52:00-06:00,430.021,424.36,546.26,long: close 425.84 > upper 424.40,flatten
2024-02-05,-1,19,2024-02-05 09:30:00-06:00,426.721,2024-02-05 11:05:00-06:00,427.749,427.73,-195.32,short: close 426.74 < lower 428.10,stop
2024-02-06,-1,14,2024-02-06 09:00:00-06:00,427.471,2024-02-06 14:52:00-06:00,426.899,428.78000000000003,80.08,short: close 427.47 < lower 427.70,flatten
2024-02-07,1,8,2024-02-07 09:30:00-06:00,432.629,2024-02-07 14:52:00-06:00,432.041,430.18,-47.04,long: close 432.61 > upper 431.49,flatten
2024-02-09,1,15,2024-02-09 09:00:00-06:00,434.744,2024-02-09 14:52:00-06:00,437.041,433.49,344.55,long: close 434.71 > upper 434.62,flatten
2024-02-12,1,14,2024-02-12 10:30:00-06:00,438.509,2024-02-12 12:34:00-06:00,437.111,437.13,-195.72,long: close 438.48 > upper 438.40,stop
2024-02-15,-1,19,2024-02-15 09:00:00-06:00,432.161,2024-02-15 09:13:00-06:00,433.17900000000003,433.16,-193.42,short: close 432.18 < lower 432.58,stop
2024-02-16,-1,19,2024-02-16 09:00:00-06:00,431.161,2024-02-16 09:40:00-06:00,432.149,432.13,-187.72,short: close 431.25 < lower 433.76,stop
2024-02-16,-1,10,2024-02-16 10:00:00-06:00,432.021,2024-02-16 10:57:00-06:00,433.91900000000004,433.90000000000003,-189.8,short: close 432.04 < lower 432.85,stop
2024-02-20,-1,9,2024-02-20 09:00:00-06:00,426.121,2024-02-20 14:52:00-06:00,426.649,428.15000000000003,-47.52,short: close 426.16 < lower 427.54,flatten
2024-02-21,-1,6,2024-02-21 13:30:00-06:00,422.521,2024-02-21 14:52:00-06:00,424.939,425.66,-145.08,short: close 422.55 < lower 422.80,flatten
2024-02-22,1,3,2024-02-22 11:30:00-06:00,436.759,2024-02-22 14:52:00-06:00,438.441,430.76,50.46,long: close 436.74 > upper 436.38,flatten
2024-03-01,1,10,2024-03-01 09:30:00-06:00,441.939,2024-03-01 14:52:00-06:00,445.631,440.14,369.2,long: close 441.90 > upper 441.30,flatten
2024-03-05,-1,7,2024-03-05 09:00:00-06:00,438.721,2024-03-05 14:52:00-06:00,435.259,441.3,242.34,short: close 438.72 < lower 439.85,flatten
2024-03-07,1,6,2024-03-07 10:00:00-06:00,444.074,2024-03-07 14:52:00-06:00,445.671,441.02,95.82,long: close 444.05 > upper 443.68,flatten
2024-03-08,1,14,2024-03-08 09:00:00-06:00,447.48900000000003,2024-03-08 10:02:00-06:00,446.151,446.17,-187.32,long: close 447.46 > upper 446.98,stop
2024-03-08,-1,11,2024-03-08 10:30:00-06:00,442.841,2024-03-08 14:52:00-06:00,439.549,444.56,362.12,short: close 442.86 < lower 443.94,flatten
2024-03-11,-1,11,2024-03-11 09:00:00-05:00,435.671,2024-03-11 09:32:00-05:00,437.439,437.42,-194.48,short: close 435.69 < lower 436.51,stop
2024-03-12,1,8,2024-03-12 10:00:00-05:00,442.379,2024-03-12 11:45:00-05:00,440.051,440.07,-186.24,long: close 442.32 > upper 440.86,stop
2024-03-12,1,5,2024-03-12 13:30:00-05:00,442.92900000000003,2024-03-12 14:52:00-05:00,443.82099999999997,439.37,44.6,long: close 442.91 > upper 442.11,flatten
2024-03-13,-1,13,2024-03-13 09:00:00-05:00,440.501,2024-03-13 14:52:00-05:00,440.119,441.99,49.66,short: close 440.51 < lower 441.68,flatten
2024-03-14,-1,11,2024-03-14 09:00:00-05:00,438.221,2024-03-14 09:14:00-05:00,439.939,439.92,-188.98,short: close 438.29 < lower 439.17,stop
2024-03-15,-1,5,2024-03-15 11:00:00-05:00,434.081,2024-03-15 14:52:00-05:00,433.749,437.46000000000004,16.6,short: close 434.11 < lower 434.26,flatten
2024-03-18,1,5,2024-03-18 09:30:00-05:00,440.849,2024-03-18 14:52:00-05:00,437.971,436.94,-143.9,long: close 440.82 > upper 440.23,flatten
2024-04-01,1,11,2024-04-01 09:00:00-05:00,447.049,2024-04-01 09:20:00-05:00,445.331,445.35,-188.98,long: close 447.04 > upper 446.17,stop
2024-04-02,-1,5,2024-04-02 10:00:00-05:00,438.371,2024-04-02 14:52:00-05:00,441.389,442.11,-150.9,short: close 438.39 < lower 438.81,flatten
2024-04-03,1,8,2024-04-03 09:30:00-05:00,443.029,2024-04-03 14:15:00-05:00,440.751,440.77,-182.24,long: close 443.00 > upper 442.28,stop
2024-04-05,1,11,2024-04-05 09:00:00-05:00,438.48900000000003,2024-04-05 14:52:00-05:00,440.76099999999997,436.79,249.92,long: close 438.47 > upper 437.71,flatten
2024-04-09,-1,7,2024-04-09 10:00:00-05:00,438.76099999999997,2024-04-09 14:29:00-05:00,441.459,441.44,-188.86,short: close 438.80 < lower 439.11,stop
2024-04-11,1,7,2024-04-11 12:30:00-05:00,443.769,2024-04-11 14:52:00-05:00,445.851,441.08,145.74,long: close 443.74 > upper 441.95,flatten
2024-04-12,-1,5,2024-04-12 10:00:00-05:00,438.771,2024-04-12 14:52:00-05:00,438.129,442.64,32.1,short: close 438.77 < lower 439.42,flatten
2024-04-15,-1,5,2024-04-15 12:30:00-05:00,432.791,2024-04-15 14:52:00-05:00,431.359,436.75,71.6,short: close 432.79 < lower 436.22,flatten
2024-04-17,-1,7,2024-04-17 10:30:00-05:00,428.501,2024-04-17 14:52:00-05:00,426.449,431.27,143.64,short: close 428.53 < lower 429.33,flatten
2024-04-19,-1,10,2024-04-19 09:30:00-05:00,419.341,2024-04-19 14:52:00-05:00,413.949,421.28000000000003,539.2,short: close 419.38 < lower 420.86,flatten
2024-04-23,1,10,2024-04-23 09:00:00-05:00,422.559,2024-04-23 14:52:00-05:00,425.251,420.74,269.2,long: close 422.52 > upper 421.62,flatten
2024-04-26,1,8,2024-04-26 09:00:00-05:00,429.839,2024-04-26 14:52:00-05:00,431.651,427.41,144.96,long: close 429.82 > upper 428.43,flatten
2024-04-30,-1,5,2024-04-30 12:00:00-05:00,427.971,2024-04-30 14:52:00-05:00,426.98900000000003,431.76,49.1,short: close 427.98 < lower 428.16,flatten
2024-05-10,1,11,2024-05-10 09:00:00-05:00,443.819,2024-05-10 09:19:00-05:00,442.021,442.04,-197.78,long: close 443.80 > upper 443.57,stop
2024-05-14,1,14,2024-05-14 09:30:00-05:00,444.839,2024-05-14 09:37:00-05:00,443.501,443.52,-187.32,long: close 444.81 > upper 444.20,stop
2024-05-14,1,11,2024-05-14 10:30:00-05:00,444.714,2024-05-14 14:52:00-05:00,446.251,443.08,169.07,long: close 444.69 > upper 444.50,flatten
2024-05-15,1,8,2024-05-15 10:00:00-05:00,449.92900000000003,2024-05-15 14:52:00-05:00,452.651,447.5,217.76,long: close 449.91 > upper 449.63,flatten
2024-05-16,1,14,2024-05-16 10:00:00-05:00,454.4285,2024-05-16 12:22:00-05:00,453.021,453.04,-197.05,long: close 454.39 > upper 454.16,stop
2024-05-17,-1,11,2024-05-17 13:30:00-05:00,450.131,2024-05-17 14:52:00-05:00,451.619,451.86,-163.68,short: close 450.17 < lower 450.31,flatten
2024-05-20,1,18,2024-05-20 09:00:00-05:00,454.539,2024-05-20 13:08:00-05:00,453.471,453.49,-192.24,long: close 454.51 > upper 452.93,stop
2024-05-20,1,10,2024-05-20 13:30:00-05:00,454.529,2024-05-20 14:52:00-05:00,454.371,452.7,-15.8,long: close 454.52 > upper 453.71,flatten
2024-05-22,-1,10,2024-05-22 13:30:00-05:00,453.231,2024-05-22 14:32:00-05:00,455.059,455.04,-182.8,short: close 453.30 < lower 454.12,stop
2024-05-23,-1,5,2024-05-23 13:00:00-05:00,454.081,2024-05-23 14:52:00-05:00,453.574,457.96000000000004,25.35,short: close 454.14 < lower 454.26,flatten
2024-05-24,1,9,2024-05-24 09:30:00-05:00,457.0569,2024-05-24 14:52:00-05:00,457.611,455.05,49.87,long: close 457.00 > upper 456.47,flatten
2024-05-30,-1,9,2024-05-30 10:00:00-05:00,452.901,2024-05-30 14:52:00-05:00,450.92900000000003,454.96000000000004,177.48,short: close 452.94 < lower 453.96,flatten
2024-05-31,-1,16,2024-05-31 09:00:00-05:00,450.331,2024-05-31 14:52:00-05:00,450.019,451.52,49.92,short: close 450.36 < lower 450.48,flatten
2024-06-03,-1,5,2024-06-03 11:30:00-05:00,449.501,2024-06-03 14:52:00-05:00,451.764,452.89,-113.15,short: close 449.52 < lower 449.76,flatten
2024-06-05,1,5,2024-06-05 10:30:00-05:00,460.789,2024-06-05 14:52:00-05:00,462.811,456.96000000000004,101.1,long: close 460.77 > upper 460.00,flatten
2024-06-06,-1,13,2024-06-06 09:00:00-05:00,462.491,2024-06-06 09:32:00-05:00,463.909,463.89,-184.34,short: close 462.50 < lower 462.50,stop
2024-06-12,1,6,2024-06-12 09:00:00-05:00,474.159,2024-06-12 14:52:00-05:00,474.291,471.21000000000004,7.92,long: close 474.13 > upper 472.98,flatten
2024-06-14,1,19,2024-06-14 09:00:00-05:00,478.039,2024-06-14 09:09:00-05:00,477.031,477.05,-191.52,long: close 478.04 > upper 477.60,stop
2024-06-17,1,7,2024-06-17 11:30:00-05:00,482.469,2024-06-17 14:52:00-05:00,485.601,479.78000000000003,219.24,long: close 482.44 > upper 482.01,flatten
2024-06-20,-1,6,2024-06-20 11:30:00-05:00,482.056,2024-06-20 14:52:00-05:00,482.079,485.3,-1.38,short: close 482.11 < lower 482.58,flatten
2024-06-21,-1,22,2024-06-21 09:00:00-05:00,479.601,2024-06-21 09:13:00-05:00,480.47900000000004,480.46000000000004,-193.16,short: close 479.62 < lower 480.42,stop
2024-06-21,-1,14,2024-06-21 09:30:00-05:00,479.891,2024-06-21 10:02:00-05:00,481.259,481.24,-191.52,short: close 479.92 < lower 479.93,stop
2024-06-24,-1,6,2024-06-24 12:30:00-05:00,475.691,2024-06-24 14:52:00-05:00,474.789,478.97,54.12,short: close 475.71 < lower 475.85,flatten
2024-06-25,1,9,2024-06-25 09:30:00-05:00,477.279,2024-06-25 14:52:00-05:00,478.851,475.18,141.48,long: close 477.26 > upper 477.10,flatten
2024-06-27,1,22,2024-06-27 09:00:00-05:00,481.769,2024-06-27 09:50:00-05:00,480.88100000000003,480.90000000000003,-195.36,long: close 481.77 > upper 481.13,stop
2024-06-28,1,16,2024-06-28 09:00:00-05:00,484.259,2024-06-28 10:01:00-05:00,483.091,483.11,-186.88,long: close 484.24 > upper 483.14,stop
2024-07-01,-1,14,2024-07-01 09:00:00-05:00,478.101,2024-07-01 09:36:00-05:00,479.48900000000003,479.47,-194.32,short: close 478.09 < lower 478.14,stop
2024-07-02,1,10,2024-07-02 10:00:00-05:00,483.48900000000003,2024-07-02 14:52:00-05:00,486.061,481.57,257.2,long: close 483.46 > upper 483.10,flatten
2024-07-03,1,11,2024-07-03 10:00:00-05:00,488.589,2024-07-03 14:53:00-05:00,490.911,486.94,255.42,long: close 488.56 > upper 488.26,flatten
2024-07-05,1,11,2024-07-05 09:00:00-05:00,493.67900000000003,2024-07-05 14:52:00-05:00,496.411,491.92,300.52,long: close 493.61 > upper 492.94,flatten
2024-07-10,1,7,2024-07-10 12:00:00-05:00,501.849,2024-07-10 14:52:00-05:00,503.276,499.09000000000003,99.89,long: close 501.85 > upper 501.50,flatten
2024-07-11,-1,14,2024-07-11 09:30:00-05:00,498.156,2024-07-11 14:52:00-05:00,492.819,499.54,747.18,short: close 498.20 < lower 501.64,flatten
2024-07-12,1,13,2024-07-12 09:00:00-05:00,494.92900000000003,2024-07-12 14:52:00-05:00,494.421,493.53000000000003,-66.04,long: close 494.89 > upper 493.61,flatten
2024-07-15,1,7,2024-07-15 09:30:00-05:00,498.339,2024-07-15 12:33:00-05:00,495.841,495.86,-174.86,long: close 498.31 > upper 498.21,stop
2024-07-16,-1,6,2024-07-16 11:30:00-05:00,493.65999999999997,2024-07-16 14:52:00-05:00,496.249,496.83,-155.34,short: close 493.68 < lower 493.74,flatten
2024-07-17,-1,3,2024-07-17 09:30:00-05:00,485.121,2024-07-17 14:52:00-05:00,483.639,490.97,44.46,short: close 485.15 < lower 486.49,flatten
2024-07-18,-1,4,2024-07-18 10:30:00-05:00,477.721,2024-07-18 14:52:00-05:00,479.669,481.98,-77.92,short: close 477.74 < lower 479.41,flatten
2024-07-19,-1,6,2024-07-19 10:30:00-05:00,476.221,2024-07-19 14:52:00-05:00,475.009,479.32,72.72,short: close 476.20 < lower 476.25,flatten
2024-07-24,-1,4,2024-07-24 09:00:00-05:00,470.791,2024-07-24 14:52:00-05:00,464.219,475.17,262.88,short: close 470.82 < lower 472.85,flatten
2024-07-25,-1,15,2024-07-25 09:00:00-05:00,459.171,2024-07-25 09:29:00-05:00,460.439,460.42,-190.2,short: close 459.20 < lower 462.27,stop
2024-07-25,-1,9,2024-07-25 09:30:00-05:00,460.351,2024-07-25 09:46:00-05:00,462.409,462.39,-185.22,short: close 460.36 < lower 461.49,stop
2024-07-29,1,7,2024-07-29 09:00:00-05:00,467.469,2024-07-29 09:14:00-05:00,464.791,464.81,-187.46,long: close 467.47 > upper 467.02,stop
2024-07-30,-1,6,2024-07-30 10:00:00-05:00,461.401,2024-07-30 14:52:00-05:00,458.869,464.66,151.92,short: close 461.46 < lower 461.59,flatten
2024-08-01,1,10,2024-08-01 09:00:00-05:00,474.639,2024-08-01 09:06:00-05:00,472.751,472.77,-188.8,long: close 474.71 > upper 473.27,stop
2024-08-01,-1,7,2024-08-01 10:00:00-05:00,467.341,2024-08-01 14:52:00-05:00,460.17900000000003,469.93,501.34,short: close 467.37 < lower 468.81,flatten
2024-08-02,-1,3,2024-08-02 09:00:00-05:00,449.07099999999997,2024-08-02 14:52:00-05:00,446.549,454.97,75.66,short: close 449.10 < lower 449.40,flatten
2024-08-06,1,5,2024-08-06 10:00:00-05:00,442.719,2024-08-06 14:52:00-05:00,441.461,439.17,-62.9,long: close 442.71 > upper 440.08,flatten
2024-08-08,1,3,2024-08-08 09:30:00-05:00,444.809,2024-08-08 14:52:00-05:00,447.221,439.53000000000003,72.36,long: close 444.75 > upper 443.24,flatten
2024-08-13,1,3,2024-08-13 12:00:00-05:00,461.899,2024-08-13 14:52:00-05:00,462.401,455.90000000000003,15.06,long: close 461.85 > upper 460.93,flatten
2024-08-15,1,3,2024-08-15 09:00:00-05:00,471.389,2024-08-15 14:52:00-05:00,473.651,466.34000000000003,67.86,long: close 471.38 > upper 470.85,flatten
2024-08-22,-1,4,2024-08-22 11:00:00-05:00,477.931,2024-08-22 14:52:00-05:00,474.549,482.39,135.28,short: close 477.96 < lower 479.25,flatten
2024-08-23,1,4,2024-08-23 09:30:00-05:00,482.279,2024-08-23 09:48:00-05:00,477.901,477.92,-175.12,long: close 482.19 > upper 481.40,stop
2024-08-26,-1,9,2024-08-26 09:30:00-05:00,475.891,2024-08-26 14:52:00-05:00,475.089,477.98,72.18,short: close 475.95 < lower 477.64,flatten
2024-08-28,-1,13,2024-08-28 09:00:00-05:00,474.641,2024-08-28 14:52:00-05:00,472.539,476.11,273.26,short: close 474.62 < lower 475.09,flatten
2024-08-29,1,8,2024-08-29 09:00:00-05:00,476.839,2024-08-29 09:18:00-05:00,474.551,474.57,-183.04,long: close 476.82 > upper 474.56,stop
2024-08-29,1,7,2024-08-29 09:30:00-05:00,475.729,2024-08-29 13:30:00-05:00,472.901,472.92,-197.96,long: close 475.70 > upper 475.09,stop
2024-09-03,-1,6,2024-09-03 09:00:00-05:00,470.581,2024-09-03 14:52:00-05:00,460.819,473.56,585.72,short: close 470.62 < lower 471.82,flatten
2024-09-05,1,9,2024-09-05 09:00:00-05:00,463.059,2024-09-05 10:00:00-05:00,460.861,460.88,-197.82,long: close 463.05 > upper 461.98,stop
2024-09-06,-1,10,2024-09-06 09:00:00-05:00,455.861,2024-09-06 14:52:00-05:00,449.329,457.74,653.2,short: close 455.85 < lower 458.85,flatten
2024-09-11,-1,6,2024-09-11 09:30:00-05:00,453.871,2024-09-11 10:42:00-05:00,456.949,456.93,-184.68,short: close 453.89 < lower 456.21,stop
2024-09-11,1,4,2024-09-11 13:30:00-05:00,465.1689,2024-09-11 14:52:00-05:00,467.301,460.53000000000003,85.28,long: close 465.13 > upper 463.91,flatten
2024-09-12,1,4,2024-09-12 13:00:00-05:00,473.659,2024-09-12 14:52:00-05:00,472.871,469.03000000000003,-31.52,long: close 473.63 > upper 473.18,flatten
2024-09-20,-1,5,2024-09-20 10:30:00-05:00,479.401,2024-09-20 14:21:00-05:00,482.749,482.73,-167.4,short: close 479.43 < lower 479.63,stop
2024-09-25,1,11,2024-09-25 09:00:00-05:00,486.909,2024-09-25 12:00:00-05:00,485.181,485.2,-190.08,long: close 486.92 > upper 486.76,stop
2024-09-27,-1,8,2024-09-27 11:00:00-05:00,487.041,2024-09-27 14:52:00-05:00,487.119,489.42,-6.24,short: close 487.08 < lower 487.59,flatten
2024-10-01,-1,15,2024-10-01 09:00:00-05:00,482.721,2024-10-01 14:52:00-05:00,481.399,483.96000000000004,198.3,short: close 482.74 < lower 486.63,flatten
2024-10-08,1,5,2024-10-08 10:00:00-05:00,487.889,2024-10-08 14:52:00-05:00,489.471,484.54,79.1,long: close 487.83 > upper 486.72,flatten
2024-10-09,1,7,2024-10-09 11:00:00-05:00,492.859,2024-10-09 14:52:00-05:00,493.501,490.23,44.94,long: close 492.86 > upper 491.79,flatten
2024-10-14,1,7,2024-10-14 09:00:00-05:00,498.649,2024-10-14 09:59:00-05:00,495.861,495.88,-195.16,long: close 498.62 > upper 497.32,stop
2024-10-15,-1,7,2024-10-15 09:30:00-05:00,494.921,2024-10-15 14:52:00-05:00,490.159,497.51,333.34,short: close 495.00 < lower 495.08,flatten
2024-10-16,-1,11,2024-10-16 09:00:00-05:00,487.951,2024-10-16 09:12:00-05:00,489.689,489.67,-191.18,short: close 488.00 < lower 489.26,stop
2024-10-23,-1,5,2024-10-23 10:30:00-05:00,490.531,2024-10-23 14:52:00-05:00,488.109,493.91,121.1,short: close 490.58 < lower 491.43,flatten
2024-10-25,1,7,2024-10-25 09:00:00-05:00,498.949,2024-10-25 12:34:00-05:00,496.361,496.38,-181.16,long: close 498.95 > upper 496.31,stop
2024-10-29,1,9,2024-10-29 10:00:00-05:00,497.869,2024-10-29 14:52:00-05:00,500.691,495.8,253.98,long: close 497.79 > upper 497.63,flatten
2024-10-31,-1,5,2024-10-31 09:00:00-05:00,487.581,2024-10-31 14:52:00-05:00,486.069,491.04,75.6,short: close 487.61 < lower 490.93,flatten
2024-11-01,1,7,2024-11-01 09:00:00-05:00,487.909,2024-11-01 14:52:00-05:00,486.831,485.38,-75.46,long: close 487.87 > upper 487.25,flatten
2024-11-05,1,7,2024-11-05 09:00:00-06:00,490.899,2024-11-05 14:52:00-06:00,491.531,488.36,44.24,long: close 490.95 > upper 489.33,flatten
2024-11-06,1,3,2024-11-06 09:30:00-06:00,503.219,2024-11-06 14:52:00-06:00,505.301,497.22,62.46,long: close 503.19 > upper 502.82,flatten
2024-11-07,1,6,2024-11-07 09:00:00-06:00,510.899,2024-11-07 14:52:00-06:00,513.501,507.94,156.12,long: close 510.89 > upper 509.98,flatten
2024-11-12,-1,6,2024-11-12 12:00:00-06:00,510.061,2024-11-12 12:56:00-06:00,513.129,513.11,-184.08,short: close 510.10 < lower 510.75,stop
2024-11-15,-1,4,2024-11-15 09:00:00-06:00,501.32099999999997,2024-11-15 14:52:00-06:00,495.839,505.74,219.28,short: close 501.31 < lower 501.40,flatten
2024-11-18,1,6,2024-11-18 09:30:00-06:00,500.42900000000003,2024-11-18 14:52:00-06:00,499.871,497.46000000000004,-33.48,long: close 500.41 > upper 500.27,flatten
2024-11-19,1,4,2024-11-19 13:00:00-06:00,503.789,2024-11-19 14:52:00-06:00,503.57099999999997,499.28000000000003,-8.72,long: close 503.76 > upper 503.24,flatten
2024-11-20,-1,11,2024-11-20 09:00:00-06:00,499.881,2024-11-20 10:51:00-06:00,501.629,501.61,-192.28,short: close 499.83 < lower 501.52,stop
2024-11-20,-1,5,2024-11-20 12:00:00-06:00,499.671,2024-11-20 14:50:00-06:00,503.159,503.14,-174.4,short: close 499.68 < lower 499.78,stop
2024-11-21,-1,6,2024-11-21 09:00:00-06:00,501.291,2024-11-21 11:29:00-06:00,504.319,504.3,-181.68,short: close 501.31 < lower 501.71,stop
2024-11-27,-1,8,2024-11-27 09:00:00-06:00,506.361,2024-11-27 14:52:00-06:00,505.17900000000003,508.59000000000003,94.56,short: close 506.38 < lower 506.50,flatten
2024-11-29,1,10,2024-11-29 09:00:00-06:00,507.969,2024-11-29 12:16:00-06:00,506.021,506.04,-194.8,long: close 507.94 > upper 507.54,stop
2024-11-29,1,6,2024-11-29 12:30:00-06:00,509.694,2024-11-29 14:53:00-06:00,509.781,506.76,5.22,long: close 509.64 > upper 508.54,flatten
2024-12-02,1,8,2024-12-02 09:00:00-06:00,513.699,2024-12-02 14:52:00-06:00,515.231,511.40000000000003,122.56,long: close 513.67 > upper 512.74,flatten
2024-12-06,1,9,2024-12-06 09:00:00-06:00,525.299,2024-12-06 14:52:00-06:00,526.281,523.23,88.38,long: close 525.24 > upper 524.20,flatten
2024-12-09,-1,6,2024-12-09 10:00:00-06:00,522.911,2024-12-09 14:52:00-06:00,521.979,525.91,55.92,short: close 522.91 < lower 523.03,flatten
2024-12-11,1,5,2024-12-11 09:00:00-06:00,527.579,2024-12-11 14:52:00-06:00,530.106,523.62,126.35,long: close 527.56 > upper 526.73,flatten
2024-12-13,1,5,2024-12-13 09:00:00-06:00,532.539,2024-12-13 09:41:00-06:00,529.191,529.21,-167.4,long: close 532.52 > upper 531.82,stop
2024-12-16,1,7,2024-12-16 09:00:00-06:00,534.869,2024-12-16 14:52:00-06:00,537.911,532.19,212.94,long: close 534.83 > upper 534.48,flatten
2024-12-17,-1,7,2024-12-17 09:30:00-06:00,534.191,2024-12-17 10:34:00-06:00,536.839,536.82,-185.36,short: close 534.22 < lower 534.65,stop
2024-12-18,-1,6,2024-12-18 13:30:00-06:00,530.382,2024-12-18 14:52:00-06:00,519.779,533.39,636.18,short: close 530.43 < lower 532.49,flatten
2024-12-20,1,5,2024-12-20 09:30:00-06:00,516.479,2024-12-20 14:52:00-06:00,518.931,512.99,122.6,long: close 516.47 > upper 515.80,flatten
2024-12-23,1,6,2024-12-23 13:00:00-06:00,522.499,2024-12-23 14:52:00-06:00,522.841,519.51,20.52,long: close 522.53 > upper 522.18,flatten
2024-12-24,1,9,2024-12-24 09:00:00-06:00,526.689,2024-12-24 14:52:00-06:00,529.921,524.7,290.88,long: close 526.66 > upper 525.87,flatten
2024-12-27,-1,6,2024-12-27 09:00:00-06:00,522.611,2024-12-27 14:52:00-06:00,522.589,525.51,1.32,short: close 522.60 < lower 524.88,flatten
2024-12-30,-1,4,2024-12-30 09:00:00-06:00,512.601,2024-12-30 11:01:00-06:00,517.299,517.28,-187.92,short: close 512.64 < lower 514.36,stop
2024-12-31,-1,4,2024-12-31 12:30:00-06:00,511.151,2024-12-31 14:52:00-06:00,511.98900000000003,515.1800000000001,-33.52,short: close 511.19 < lower 512.21,flatten
2025-01-02,-1,4,2025-01-02 13:00:00-06:00,507.236,2025-01-02 14:52:00-06:00,509.85970000000003,512.13,-104.95,short: close 507.28 < lower 507.88,flatten
2025-01-03,1,6,2025-01-03 09:00:00-06:00,515.419,2025-01-03 09:21:00-06:00,512.571,512.59,-170.88,long: close 515.48 > upper 514.59,stop
2025-01-03,1,4,2025-01-03 10:30:00-06:00,516.4590000000001,2025-01-03 14:52:00-06:00,517.951,512.44,59.68,long: close 516.44 > upper 515.79,flatten
2025-01-06,1,4,2025-01-06 09:00:00-06:00,526.099,2025-01-06 14:52:00-06:00,523.981,521.97,-84.72,long: close 526.04 > upper 525.42,flatten
2025-01-07,-1,6,2025-01-07 09:30:00-06:00,520.3911,2025-01-07 14:52:00-06:00,514.819,523.59,334.33,short: close 520.41 < lower 521.86,flatten
2025-01-10,-1,6,2025-01-10 09:00:00-06:00,508.241,2025-01-10 14:52:00-06:00,507.099,511.52000000000004,68.52,short: close 508.35 < lower 510.12,flatten
2025-01-15,1,3,2025-01-15 09:00:00-06:00,514.889,2025-01-15 14:52:00-06:00,516.811,509.33,57.66,long: close 514.82 > upper 514.64,flatten
2025-01-22,1,4,2025-01-22 09:00:00-06:00,531.939,2025-01-22 14:52:00-06:00,531.231,527.52,-28.32,long: close 531.89 > upper 531.54,flatten
2025-01-24,-1,6,2025-01-24 13:00:00-06:00,528.701,2025-01-24 14:52:00-06:00,528.979,531.86,-16.68,short: close 528.69 < lower 529.71,flatten
2025-01-28,1,6,2025-01-28 09:30:00-06:00,519.239,2025-01-28 14:52:00-06:00,521.971,516.0600000000001,163.92,long: close 519.21 > upper 517.81,flatten
2025-01-29,-1,5,2025-01-29 13:30:00-06:00,517.641,2025-01-29 13:40:00-06:00,521.059,521.04,-170.9,short: close 517.66 < lower 518.76,stop
2025-01-31,1,5,2025-01-31 09:00:00-06:00,529.169,2025-01-31 13:06:00-06:00,525.311,525.33,-192.9,long: close 529.14 > upper 528.87,stop
2025-02-04,1,9,2025-02-04 09:00:00-06:00,521.989,2025-02-04 14:52:00-06:00,524.101,519.96,190.08,long: close 521.94 > upper 520.42,flatten
2025-02-07,-1,6,2025-02-07 09:30:00-06:00,526.751,2025-02-07 14:52:00-06:00,523.359,529.63,203.52,short: close 526.80 < lower 526.98,flatten
2025-02-13,1,4,2025-02-13 10:00:00-06:00,534.0965,2025-02-13 14:52:00-06:00,535.211,529.99,44.58,long: close 534.09 > upper 533.27,flatten
2025-02-20,-1,11,2025-02-20 09:00:00-06:00,533.831,2025-02-20 09:17:00-06:00,535.479,535.46,-181.28,short: close 533.89 < lower 537.52,stop
2025-02-20,-1,6,2025-02-20 09:30:00-06:00,535.731,2025-02-20 14:52:00-06:00,536.939,538.73,-72.48,short: close 535.76 < lower 536.15,flatten
2025-02-21,-1,6,2025-02-21 09:30:00-06:00,534.001,2025-02-21 14:52:00-06:00,526.429,537.1800000000001,454.32,short: close 534.02 < lower 534.61,flatten
2025-02-24,-1,8,2025-02-24 09:00:00-06:00,523.321,2025-02-24 14:52:00-06:00,521.279,525.69,163.36,short: close 523.34 < lower 524.63,flatten
2025-02-25,-1,9,2025-02-25 09:00:00-06:00,515.981,2025-02-25 14:52:00-06:00,513.639,518.05,210.78,short: close 516.00 < lower 517.47,flatten
2025-02-26,1,4,2025-02-26 10:30:00-06:00,518.659,2025-02-26 12:28:00-06:00,514.611,514.63,-161.92,long: close 518.65 > upper 518.44,stop
2025-02-27,-1,5,2025-02-27 09:00:00-06:00,510.01099999999997,2025-02-27 09:23:00-06:00,513.6990000000001,513.6800000000001,-184.4,short: close 510.03 < lower 512.65,stop
2025-02-27,-1,3,2025-02-27 10:00:00-06:00,510.341,2025-02-27 14:52:00-06:00,502.624,515.51,231.51,short: close 510.31 < lower 511.15,flatten
2025-02-28,1,5,2025-02-28 09:30:00-06:00,504.209,2025-02-28 11:43:00-06:00,500.851,500.87,-167.9,long: close 504.16 > upper 503.58,stop
2025-03-03,-1,4,2025-03-03 12:30:00-06:00,502.481,2025-03-03 14:52:00-06:00,495.359,507.24,284.88,short: close 502.48 < lower 505.12,flatten
2025-03-04,-1,4,2025-03-04 09:00:00-06:00,491.531,2025-03-04 11:27:00-06:00,495.709,495.69,-167.12,short: close 491.56 < lower 491.59,stop
2025-03-05,1,5,2025-03-05 12:00:00-06:00,499.869,2025-03-05 14:52:00-06:00,501.521,496.40000000000003,82.6,long: close 499.89 > upper 499.33,flatten
2025-03-06,-1,3,2025-03-06 11:30:00-06:00,489.961,2025-03-06 14:52:00-06:00,488.529,495.96000000000004,42.96,short: close 489.93 < lower 490.95,flatten
2025-03-07,-1,5,2025-03-07 10:30:00-06:00,483.161,2025-03-07 11:45:00-06:00,487.009,486.99,-192.4,short: close 483.15 < lower 483.92,stop
2025-03-10,-1,3,2025-03-10 09:30:00-05:00,478.291,2025-03-10 14:52:00-05:00,473.229,484.29,151.86,short: close 478.30 < lower 480.17,flatten
2025-03-11,-1,4,2025-03-11 12:30:00-05:00,467.141,2025-03-11 13:01:00-05:00,471.29900000000004,471.28000000000003,-166.32,short: close 467.21 < lower 468.69,stop
2025-03-13,-1,6,2025-03-13 09:00:00-05:00,471.111,2025-03-13 09:15:00-05:00,474.17900000000003,474.16,-184.08,short: close 471.22 < lower 473.61,stop
2025-03-13,-1,4,2025-03-13 10:30:00-05:00,470.911,2025-03-13 14:52:00-05:00,467.129,475.15000000000003,151.28,short: close 470.94 < lower 472.42,flatten
2025-03-14,1,3,2025-03-14 10:30:00-05:00,478.169,2025-03-14 14:52:00-05:00,479.406,472.17,37.11,long: close 478.13 > upper 477.62,flatten
2025-03-18,-1,4,2025-03-18 09:00:00-05:00,474.001,2025-03-18 14:52:00-05:00,474.689,478.32,-27.52,short: close 474.02 < lower 476.76,flatten
2025-03-20,1,4,2025-03-20 09:30:00-05:00,483.359,2025-03-20 11:44:00-05:00,478.901,478.92,-178.32,long: close 483.37 > upper 483.29,stop
2025-03-26,-1,6,2025-03-26 09:00:00-05:00,489.361,2025-03-26 14:52:00-05:00,484.849,492.23,270.72,short: close 489.35 < lower 490.01,flatten
2025-03-28,-1,5,2025-03-28 09:30:00-05:00,473.211,2025-03-28 14:52:00-05:00,468.73900000000003,476.68,223.6,short: close 473.21 < lower 477.23,flatten
2025-04-01,1,4,2025-04-01 11:00:00-05:00,472.419,2025-04-01 13:11:00-05:00,468.171,468.19,-169.92,long: close 472.39 > upper 472.36,stop
2025-04-02,1,3,2025-04-02 11:30:00-05:00,476.669,2025-04-02 14:52:00-05:00,476.901,470.67,6.96,long: close 476.58 > upper 476.21,flatten
2025-04-03,-1,3,2025-04-03 10:00:00-05:00,452.621,2025-04-03 14:52:00-05:00,451.019,458.62,48.06,short: close 452.66 < lower 453.11,flatten
2025-04-04,-1,3,2025-04-04 09:30:00-05:00,432.351,2025-04-04 14:52:00-05:00,425.659,438.35,200.76,short: close 432.39 < lower 435.45,flatten
2025-04-07,1,3,2025-04-07 13:00:00-05:00,429.279,2025-04-07 13:55:00-05:00,423.261,423.28000000000003,-180.54,long: close 429.18 > upper 426.84,stop
2025-04-08,1,3,2025-04-08 09:00:00-05:00,440.549,2025-04-08 10:18:00-05:00,434.531,434.55,-180.54,long: close 440.57 > upper 440.24,stop
2025-04-09,1,7,2025-04-09 09:00:00-05:00,421.329,2025-04-09 09:14:00-05:00,418.801,418.82,-176.96,long: close 421.29 > upper 418.38,stop
2025-04-09,1,5,2025-04-09 09:30:00-05:00,421.329,2025-04-09 09:52:00-05:00,417.411,417.43,-195.9,long: close 421.28 > upper 419.76,stop
2025-04-10,-1,3,2025-04-10 09:00:00-05:00,450.491,2025-04-10 14:52:00-05:00,445.319,456.49,155.16,short: close 450.52 < lower 451.10,flatten
2025-04-11,1,3,2025-04-11 12:00:00-05:00,452.459,2025-04-11 14:52:00-05:00,454.561,446.46000000000004,63.06,long: close 452.42 > upper 452.41,flatten
2025-04-21,-1,3,2025-04-21 09:00:00-05:00,434.941,2025-04-21 14:52:00-05:00,431.92900000000003,440.84000000000003,90.36,short: close 434.99 < lower 435.26,flatten
2025-04-22,1,3,2025-04-22 10:00:00-05:00,443.4354,2025-04-22 14:52:00-05:00,443.101,437.44,-10.03,long: close 443.42 > upper 443.06,flatten
2025-04-24,1,4,2025-04-24 09:00:00-05:00,460.789,2025-04-24 14:52:00-05:00,466.581,456.53000000000003,231.68,long: close 460.75 > upper 459.69,flatten
2025-04-28,-1,4,2025-04-28 10:30:00-05:00,467.435,2025-04-28 14:22:00-05:00,472.059,472.04,-184.96,short: close 467.45 < lower 468.18,stop
2025-04-30,-1,3,2025-04-30 09:00:00-05:00,462.651,2025-04-30 10:00:00-05:00,468.66900000000004,468.65000000000003,-180.54,short: close 462.80 < lower 464.24,stop
2025-05-08,1,3,2025-05-08 12:00:00-05:00,492.559,2025-05-08 14:52:00-05:00,489.181,486.56,-101.34,long: close 492.55 > upper 492.32,flatten
2025-05-13,1,6,2025-05-13 09:00:00-05:00,512.139,2025-05-13 14:52:00-05:00,516.2909999999999,509.31,249.12,long: close 512.12 > upper 511.32,flatten
2025-05-22,1,11,2025-05-22 09:00:00-05:00,516.539,2025-05-22 09:23:00-05:00,514.781,514.8,-193.38,long: close 516.50 > upper 515.10,stop
2025-05-22,1,7,2025-05-22 13:00:00-05:00,516.649,2025-05-22 14:52:00-05:00,515.521,513.84,-78.96,long: close 516.62 > upper 516.17,flatten
2025-05-27,1,3,2025-05-27 09:30:00-05:00,518.879,2025-05-27 14:52:00-05:00,520.231,513.17,40.56,long: close 518.85 > upper 518.45,flatten
2025-05-30,-1,9,2025-05-30 09:00:00-05:00,516.441,2025-05-30 09:05:00-05:00,518.429,518.41,-178.92,short: close 516.47 < lower 517.73,stop
2025-05-30,-1,5,2025-05-30 11:30:00-05:00,514.411,2025-05-30 14:03:00-05:00,518.089,518.07,-183.9,short: close 514.44 < lower 516.04,stop
2025-06-02,1,4,2025-06-02 13:30:00-05:00,522.609,2025-06-02 14:52:00-05:00,522.981,518.58,14.88,long: close 522.59 > upper 522.24,flatten
2025-06-03,1,7,2025-06-03 10:00:00-05:00,526.369,2025-06-03 14:52:00-05:00,526.951,523.82,40.74,long: close 526.36 > upper 525.95,flatten
2025-06-05,1,6,2025-06-05 10:30:00-05:00,532.799,2025-06-05 11:45:00-05:00,529.6610000000001,529.6800000000001,-188.28,long: close 532.79 > upper 532.60,stop
2025-06-16,1,6,2025-06-16 09:00:00-05:00,533.759,2025-06-16 14:52:00-05:00,533.691,530.74,-4.08,long: close 533.73 > upper 531.75,flatten
2025-06-17,-1,4,2025-06-17 13:30:00-05:00,528.531,2025-06-17 14:52:00-05:00,529.589,532.59,-42.32,short: close 528.53 < lower 528.94,flatten
2025-06-18,1,9,2025-06-18 09:30:00-05:00,532.004,2025-06-18 12:27:00-05:00,529.871,529.89,-191.97,long: close 531.98 > upper 531.66,stop
2025-06-20,-1,6,2025-06-20 10:00:00-05:00,526.091,2025-06-20 14:52:00-05:00,525.999,529.26,5.52,short: close 526.13 < lower 527.44,flatten
2025-06-23,1,18,2025-06-23 09:00:00-05:00,528.189,2025-06-23 11:25:00-05:00,527.101,527.12,-195.84,long: close 528.15 > upper 527.83,stop
2025-06-23,1,8,2025-06-23 12:30:00-05:00,530.379,2025-06-23 14:52:00-05:00,531.441,528.08,84.96,long: close 530.36 > upper 529.06,flatten
2025-06-24,1,4,2025-06-24 10:30:00-05:00,538.989,2025-06-24 14:52:00-05:00,539.941,534.55,38.08,long: close 538.96 > upper 538.75,flatten
2025-06-26,1,5,2025-06-26 13:30:00-05:00,546.249,2025-06-26 14:52:00-05:00,546.461,542.73,10.6,long: close 546.22 > upper 545.79,flatten
2025-06-27,1,13,2025-06-27 09:00:00-05:00,548.619,2025-06-27 12:46:00-05:00,547.191,547.21,-185.64,long: close 548.60 > upper 548.15,stop
2025-07-01,-1,7,2025-07-01 10:00:00-05:00,546.891,2025-07-01 14:52:00-05:00,547.619,549.58,-50.96,short: close 546.92 < lower 548.00,flatten
2025-07-02,1,9,2025-07-02 09:30:00-05:00,549.469,2025-07-02 14:52:00-05:00,550.311,547.47,75.78,long: close 549.47 > upper 548.57,flatten
2025-07-03,1,9,2025-07-03 09:00:00-05:00,554.759,2025-07-03 14:52:00-05:00,555.871,552.59,100.08,long: close 554.75 > upper 554.16,flatten
2025-07-07,-1,5,2025-07-07 13:30:00-05:00,549.691,2025-07-07 14:52:00-05:00,551.719,553.42,-101.4,short: close 549.71 < lower 550.95,flatten
2025-07-09,1,10,2025-07-09 09:00:00-05:00,557.049,2025-07-09 09:31:00-05:00,555.131,555.15,-191.8,long: close 557.04 > upper 555.29,stop
2025-07-10,-1,15,2025-07-10 09:00:00-05:00,554.141,2025-07-10 10:49:00-05:00,555.439,555.42,-194.7,short: close 554.16 < lower 555.30,stop
2025-07-14,1,10,2025-07-14 12:00:00-05:00,556.189,2025-07-14 14:52:00-05:00,555.931,554.25,-25.8,long: close 556.16 > upper 556.04,flatten
2025-07-16,-1,13,2025-07-16 09:00:00-05:00,554.761,2025-07-16 09:30:00-05:00,556.239,556.22,-192.14,short: close 554.77 < lower 555.53,stop
2025-07-16,-1,10,2025-07-16 10:30:00-05:00,555.021,2025-07-16 12:08:00-05:00,556.889,556.87,-186.8,short: close 555.04 < lower 555.14,stop
2025-07-17,1,9,2025-07-17 10:00:00-05:00,560.289,2025-07-17 14:52:00-05:00,561.801,558.19,136.08,long: close 560.26 > upper 559.76,flatten
2025-07-21,1,11,2025-07-21 09:00:00-05:00,564.949,2025-07-21 14:52:00-05:00,564.401,563.17,-60.28,long: close 564.91 > upper 563.46,flatten
2025-07-22,-1,12,2025-07-22 09:00:00-05:00,559.321,2025-07-22 09:35:00-05:00,560.909,560.89,-190.56,short: close 559.34 < lower 562.67,stop
2025-07-22,-1,8,2025-07-22 10:00:00-05:00,561.341,2025-07-22 14:52:00-05:00,561.759,563.57,-33.44,short: close 561.35 < lower 562.00,flatten
2025-07-25,1,10,2025-07-25 11:30:00-05:00,567.419,2025-07-25 14:52:00-05:00,566.481,565.51,-93.8,long: close 567.41 > upper 566.92,flatten
2025-07-31,-1,3,2025-07-31 13:00:00-05:00,565.871,2025-07-31 14:52:00-05:00,564.689,570.98,35.46,short: close 565.90 < lower 566.22,flatten
2025-08-01,-1,4,2025-08-01 09:00:00-05:00,553.711,2025-08-01 14:52:00-05:00,554.329,558.3100000000001,-24.72,short: close 553.80 < lower 557.33,flatten
2025-08-04,1,4,2025-08-04 09:00:00-05:00,562.789,2025-08-04 14:52:00-05:00,563.631,558.37,33.68,long: close 562.75 > upper 560.87,flatten
2025-08-05,-1,7,2025-08-05 10:00:00-05:00,561.331,2025-08-05 14:52:00-05:00,560.629,564.13,49.14,short: close 561.36 < lower 561.95,flatten
2025-08-06,1,7,2025-08-06 10:00:00-05:00,563.859,2025-08-06 14:52:00-05:00,567.081,561.12,225.54,long: close 563.84 > upper 563.39,flatten
2025-08-08,1,8,2025-08-08 09:00:00-05:00,572.869,2025-08-08 14:52:00-05:00,574.241,570.41,109.76,long: close 572.84 > upper 572.30,flatten
2025-08-12,1,5,2025-08-12 10:30:00-05:00,577.579,2025-08-12 14:52:00-05:00,580.001,574.04,121.1,long: close 577.56 > upper 577.51,flatten
2025-08-15,-1,11,2025-08-15 09:00:00-05:00,577.181,2025-08-15 09:14:00-05:00,578.859,578.84,-184.58,short: close 577.29 < lower 578.17,stop
2025-08-15,-1,8,2025-08-15 10:00:00-05:00,577.111,2025-08-15 14:52:00-05:00,577.279,579.41,-13.44,short: close 577.14 < lower 577.53,flatten
2025-08-19,-1,9,2025-08-19 09:00:00-05:00,574.311,2025-08-19 14:52:00-05:00,568.909,576.41,486.18,short: close 574.32 < lower 574.65,flatten
2025-08-20,-1,8,2025-08-20 09:00:00-05:00,562.161,2025-08-20 11:20:00-05:00,564.519,564.5,-188.64,short: close 562.18 < lower 566.47,stop
2025-08-20,-1,5,2025-08-20 11:30:00-05:00,565.181,2025-08-20 14:52:00-05:00,565.979,568.64,-39.9,short: close 565.20 < lower 565.34,flatten
2025-08-22,1,7,2025-08-22 09:30:00-05:00,571.729,2025-08-22 14:52:00-05:00,571.991,568.92,18.34,long: close 571.68 > upper 566.80,flatten
2025-08-28,1,6,2025-08-28 11:30:00-05:00,576.829,2025-08-28 14:52:00-05:00,577.551,573.84,43.32,long: close 576.82 > upper 576.82,flatten
2025-08-29,-1,7,2025-08-29 09:00:00-05:00,571.441,2025-08-29 14:52:00-05:00,569.779,574.09,116.34,short: close 571.44 < lower 573.22,flatten
2025-09-15,1,10,2025-09-15 09:00:00-05:00,590.4590000000001,2025-09-15 14:52:00-05:00,590.661,588.54,20.2,long: close 590.43 > upper 589.47,flatten
2025-09-17,-1,11,2025-09-17 09:30:00-05:00,589.071,2025-09-17 13:03:00-05:00,590.759,590.74,-185.68,short: close 589.08 < lower 589.46,stop
2025-09-18,1,4,2025-09-18 09:30:00-05:00,597.4590000000001,2025-09-18 14:52:00-05:00,595.761,593.29,-67.92,long: close 597.45 > upper 596.60,flatten
2025-09-22,1,7,2025-09-22 11:30:00-05:00,601.597,2025-09-22 14:52:00-05:00,602.3729,599.01,54.31,long: close 601.57 > upper 601.19,flatten
2025-09-23,-1,20,2025-09-23 09:00:00-05:00,600.871,2025-09-23 14:52:00-05:00,598.2090000000001,601.83,532.4,short: close 600.87 < lower 601.35,flatten
2025-09-24,-1,7,2025-09-24 11:00:00-05:00,594.581,2025-09-24 14:52:00-05:00,595.819,597.25,-86.66,short: close 594.60 < lower 596.19,flatten
2025-09-25,-1,6,2025-09-25 09:00:00-05:00,589.211,2025-09-25 09:10:00-05:00,592.169,592.15,-177.48,short: close 589.23 < lower 591.19,stop
2025-09-26,-1,11,2025-09-26 09:30:00-05:00,592.231,2025-09-26 09:42:00-05:00,593.969,593.95,-191.18,short: close 592.23 < lower 592.24,stop
2025-09-29,1,7,2025-09-29 09:00:00-05:00,601.279,2025-09-29 11:03:00-05:00,598.561,598.58,-190.26,long: close 601.26 > upper 600.28,stop
2025-10-01,1,5,2025-10-01 12:30:00-05:00,602.569,2025-10-01 14:52:00-05:00,603.451,599.12,44.1,long: close 602.54 > upper 602.21,flatten
2025-10-03,-1,7,2025-10-03 13:00:00-05:00,602.591,2025-10-03 14:52:00-05:00,603.349,605.27,-53.06,short: close 602.62 < lower 603.43,flatten
2025-10-07,-1,8,2025-10-07 10:30:00-05:00,605.161,2025-10-07 14:52:00-05:00,604.9590000000001,607.4,16.16,short: close 605.21 < lower 606.13,flatten
2025-10-08,1,11,2025-10-08 09:00:00-05:00,607.609,2025-10-08 14:52:00-05:00,611.201,605.88,395.12,long: close 607.58 > upper 606.67,flatten
2025-10-09,-1,11,2025-10-09 09:30:00-05:00,609.641,2025-10-09 14:52:00-05:00,610.4590000000001,611.36,-89.98,short: close 609.64 < lower 609.74,flatten
2025-10-10,-1,8,2025-10-10 10:00:00-05:00,608.451,2025-10-10 14:52:00-05:00,591.699,610.73,1340.16,short: close 608.52 < lower 608.77,flatten
2025-10-13,1,3,2025-10-13 09:00:00-05:00,601.159,2025-10-13 14:52:00-05:00,602.131,595.16,29.16,long: close 601.16 > upper 601.10,flatten
2025-10-14,-1,4,2025-10-14 09:00:00-05:00,593.751,2025-10-14 10:44:00-05:00,598.529,598.51,-191.12,short: close 593.80 < lower 593.92,stop
2025-10-15,1,4,2025-10-15 09:30:00-05:00,606.419,2025-10-15 10:50:00-05:00,601.811,601.83,-184.32,long: close 606.39 > upper 605.63,stop
2025-10-16,-1,3,2025-10-16 13:30:00-05:00,596.781,2025-10-16 14:52:00-05:00,599.419,601.97,-79.14,short: close 596.80 < lower 598.45,flatten
2025-10-17,1,7,2025-10-17 09:30:00-05:00,602.089,2025-10-17 09:40:00-05:00,599.451,599.47,-184.66,long: close 602.08 > upper 601.58,stop
2025-10-17,1,3,2025-10-17 13:30:00-05:00,604.629,2025-10-17 14:52:00-05:00,604.0409999999999,599.44,-17.64,long: close 604.60 > upper 604.15,flatten
2025-10-20,1,7,2025-10-20 09:00:00-05:00,609.669,2025-10-20 14:52:00-05:00,612.231,606.9,179.34,long: close 609.63 > upper 608.29,flatten
2025-10-21,-1,14,2025-10-21 09:00:00-05:00,610.021,2025-10-21 09:55:00-05:00,611.359,611.34,-187.32,short: close 610.03 < lower 610.27,stop
2025-10-22,-1,8,2025-10-22 09:30:00-05:00,607.411,2025-10-22 09:55:00-05:00,609.619,609.6,-176.64,short: close 607.42 < lower 608.92,stop
2025-10-22,-1,9,2025-10-22 10:00:00-05:00,608.581,2025-10-22 14:52:00-05:00,605.289,610.75,296.28,short: close 608.60 < lower 608.95,flatten
2025-10-23,1,13,2025-10-23 09:00:00-05:00,608.399,2025-10-23 09:11:00-05:00,606.961,606.98,-186.94,long: close 608.34 > upper 606.57,stop
2025-10-23,1,8,2025-10-23 09:30:00-05:00,608.069,2025-10-23 14:52:00-05:00,610.221,605.87,172.16,long: close 608.03 > upper 607.35,flatten
2025-10-30,-1,5,2025-10-30 09:30:00-05:00,629.601,2025-10-30 14:52:00-05:00,627.489,633.35,105.6,short: close 629.63 < lower 630.27,flatten
2025-11-05,1,10,2025-11-05 09:00:00-06:00,621.9590000000001,2025-11-05 14:52:00-06:00,624.601,620.0600000000001,264.2,long: close 621.98 > upper 620.77,flatten
2025-11-06,-1,7,2025-11-06 09:00:00-06:00,617.871,2025-11-06 14:52:00-06:00,612.069,620.38,406.14,short: close 617.90 < lower 620.03,flatten
2025-11-07,-1,5,2025-11-07 09:00:00-06:00,605.891,2025-11-07 14:52:00-06:00,608.419,609.4300000000001,-126.4,short: close 606.08 < lower 606.47,flatten
2025-11-10,1,3,2025-11-10 09:00:00-06:00,621.299,2025-11-10 14:52:00-06:00,623.741,615.3000000000001,73.26,long: close 621.29 > upper 620.77,flatten
2025-11-13,-1,5,2025-11-13 09:00:00-06:00,615.251,2025-11-13 14:52:00-06:00,609.009,619.0,312.1,short: close 615.25 < lower 615.55,flatten
2025-11-14,1,3,2025-11-14 10:30:00-06:00,612.139,2025-11-14 14:52:00-06:00,608.821,606.14,-99.54,long: close 612.08 > upper 611.62,flatten
2025-11-18,-1,4,2025-11-18 09:00:00-06:00,594.811,2025-11-18 11:43:00-06:00,599.559,599.54,-189.92,short: close 594.86 < lower 596.92,stop
2025-11-19,1,5,2025-11-19 09:00:00-06:00,603.909,2025-11-19 09:57:00-06:00,600.581,600.6,-166.4,long: close 603.90 > upper 600.01,stop
2025-11-20,-1,3,2025-11-20 11:30:00-06:00,593.181,2025-11-20 14:52:00-06:00,586.089,599.1800000000001,212.76,short: close 593.25 < lower 595.16,flatten
2025-11-21,1,3,2025-11-21 13:00:00-06:00,594.099,2025-11-21 14:52:00-06:00,591.606,588.1,-74.79,long: close 594.05 > upper 593.03,flatten
2025-11-24,1,3,2025-11-24 09:00:00-06:00,599.2090000000001,2025-11-24 14:52:00-06:00,605.311,593.41,183.06,long: close 599.19 > upper 598.53,flatten
2025-12-05,1,5,2025-12-05 09:30:00-06:00,628.199,2025-12-05 10:31:00-06:00,624.221,624.24,-198.9,long: close 628.18 > upper 627.59,stop
2025-12-11,-1,5,2025-12-11 09:00:00-06:00,618.2909999999999,2025-12-11 09:12:00-06:00,621.779,621.76,-174.4,short: close 618.29 < lower 622.22,stop
2025-12-11,-1,4,2025-12-11 10:00:00-06:00,621.1154,2025-12-11 13:45:00-06:00,625.629,625.61,-180.54,short: close 621.14 < lower 621.21,stop
2025-12-12,-1,5,2025-12-12 09:30:00-06:00,616.241,2025-12-12 14:52:00-06:00,613.389,620.02,142.6,short: close 616.27 < lower 620.08,flatten
2025-12-15,-1,4,2025-12-15 09:30:00-06:00,610.121,2025-12-15 10:25:00-06:00,614.649,614.63,-181.12,short: close 610.17 < lower 611.47,stop
2025-12-17,-1,5,2025-12-17 10:00:00-06:00,604.461,2025-12-17 14:52:00-06:00,601.159,608.0500000000001,165.1,short: close 604.51 < lower 608.84,flatten
2025-12-19,1,5,2025-12-19 09:00:00-06:00,616.669,2025-12-19 14:52:00-06:00,616.991,613.19,16.1,long: close 616.65 > upper 614.04,flatten
2026-01-02,-1,3,2026-01-02 13:00:00-06:00,610.8187,2026-01-02 14:52:00-06:00,612.9590000000001,616.67,-64.21,short: close 610.84 < lower 611.34,flatten
2026-01-06,1,8,2026-01-06 09:00:00-06:00,621.979,2026-01-06 10:06:00-06:00,619.621,619.64,-188.64,long: close 621.98 > upper 620.93,stop
2026-01-06,1,5,2026-01-06 13:00:00-06:00,623.239,2026-01-06 14:52:00-06:00,623.7909999999999,619.4300000000001,27.6,long: close 623.22 > upper 622.41,flatten
2026-01-07,1,6,2026-01-07 11:00:00-06:00,627.329,2026-01-07 14:31:00-06:00,624.421,624.44,-174.48,long: close 627.31 > upper 626.15,stop
2026-01-08,-1,10,2026-01-08 09:00:00-06:00,618.581,2026-01-08 09:16:00-06:00,620.529,620.51,-194.8,short: close 618.62 < lower 621.61,stop
2026-01-08,-1,8,2026-01-08 09:30:00-06:00,620.841,2026-01-08 14:52:00-06:00,620.279,623.07,44.96,short: close 620.87 < lower 621.32,flatten
2026-01-09,1,9,2026-01-09 09:30:00-06:00,624.769,2026-01-09 09:45:00-06:00,622.571,622.59,-197.82,long: close 624.74 > upper 623.10,stop
2026-01-09,1,7,2026-01-09 10:00:00-06:00,623.819,2026-01-09 14:52:00-06:00,627.121,621.27,231.14,long: close 623.76 > upper 623.48,flatten
2026-01-13,-1,10,2026-01-13 09:30:00-06:00,624.601,2026-01-13 10:16:00-06:00,626.5690000000001,626.5500000000001,-196.8,short: close 624.66 < lower 625.28,stop
2026-01-14,-1,5,2026-01-14 09:00:00-06:00,618.521,2026-01-14 14:52:00-06:00,618.399,621.96,6.1,short: close 618.52 < lower 620.75,flatten
2026-01-21,1,7,2026-01-21 09:00:00-06:00,612.619,2026-01-21 11:05:00-06:00,609.861,609.88,-193.06,long: close 612.60 > upper 611.50,stop
2026-01-21,1,4,2026-01-21 13:30:00-06:00,615.099,2026-01-21 14:52:00-06:00,615.681,610.85,23.28,long: close 615.08 > upper 613.01,flatten
2026-01-23,1,5,2026-01-23 10:00:00-06:00,624.969,2026-01-23 14:52:00-06:00,622.421,621.16,-127.4,long: close 624.95 > upper 624.06,flatten
2026-01-26,1,6,2026-01-26 10:30:00-06:00,626.939,2026-01-26 14:52:00-06:00,625.951,623.74,-59.28,long: close 626.90 > upper 626.20,flatten
2026-01-29,-1,8,2026-01-29 09:00:00-06:00,626.181,2026-01-29 14:51:00-06:00,628.599,628.58,-193.44,short: close 626.19 < lower 630.42,stop
2026-01-30,-1,3,2026-01-30 12:00:00-06:00,621.941,2026-01-30 14:52:00-06:00,622.389,627.1800000000001,-13.44,short: close 621.99 < lower 622.30,flatten
2026-02-02,1,4,2026-02-02 09:30:00-06:00,626.529,2026-02-02 14:52:00-06:00,625.831,621.77,-27.92,long: close 626.48 > upper 625.02,flatten
2026-02-03,-1,5,2026-02-03 09:00:00-06:00,620.961,2026-02-03 14:52:00-06:00,615.559,624.4300000000001,270.1,short: close 620.96 < lower 623.79,flatten
2026-02-04,-1,5,2026-02-04 09:00:00-06:00,610.311,2026-02-04 14:52:00-06:00,606.679,613.92,181.6,short: close 610.42 < lower 612.14,flatten
2026-02-05,-1,3,2026-02-05 09:30:00-06:00,595.561,2026-02-05 10:51:00-06:00,601.5790000000001,601.5600000000001,-180.54,short: close 595.59 < lower 596.38,stop
2026-02-06,1,3,2026-02-06 10:30:00-06:00,606.139,2026-02-06 14:52:00-06:00,611.281,600.14,154.26,long: close 606.13 > upper 604.68,flatten
2026-02-09,1,3,2026-02-09 10:30:00-06:00,614.719,2026-02-09 14:52:00-06:00,615.421,608.99,21.06,long: close 614.71 > upper 614.32,flatten
2026-02-12,-1,3,2026-02-12 10:00:00-06:00,606.611,2026-02-12 14:52:00-06:00,599.679,611.97,207.96,short: close 606.61 < lower 608.50,flatten
2026-02-17,-1,4,2026-02-17 09:00:00-06:00,594.141,2026-02-17 10:02:00-06:00,598.359,598.34,-168.72,short: close 594.16 < lower 595.89,stop
2026-02-18,1,6,2026-02-18 09:00:00-06:00,605.269,2026-02-18 14:52:00-06:00,605.931,602.1,39.72,long: close 605.26 > upper 604.82,flatten
2026-02-20,1,3,2026-02-20 10:00:00-06:00,609.879,2026-02-20 11:25:00-06:00,604.131,604.15,-172.44,long: close 609.86 > upper 607.55,stop
2026-02-23,-1,3,2026-02-23 10:00:00-06:00,600.841,2026-02-23 14:52:00-06:00,600.849,606.69,-0.24,short: close 600.85 < lower 601.87,flatten
2026-02-24,1,4,2026-02-24 09:30:00-06:00,607.379,2026-02-24 14:52:00-06:00,608.611,602.96,49.28,long: close 607.38 > upper 606.32,flatten
2026-02-25,1,5,2026-02-25 09:00:00-06:00,615.489,2026-02-25 14:52:00-06:00,616.601,611.53,55.6,long: close 615.48 > upper 613.43,flatten
2026-02-26,-1,7,2026-02-26 09:00:00-06:00,611.961,2026-02-26 14:52:00-06:00,608.599,614.74,235.34,short: close 611.98 < lower 613.27,flatten
2026-03-04,1,3,2026-03-04 09:30:00-06:00,610.999,2026-03-04 14:52:00-06:00,610.521,605.13,-14.34,long: close 610.99 > upper 608.80,flatten
2026-03-10,1,3,2026-03-10 12:30:00-05:00,613.179,2026-03-10 13:21:00-05:00,607.811,607.83,-161.04,long: close 613.17 > upper 613.12,stop
2026-03-12,-1,4,2026-03-12 09:00:00-05:00,599.891,2026-03-12 14:52:00-05:00,597.729,604.82,86.48,short: close 599.87 < lower 600.31,flatten
2026-03-20,-1,6,2026-03-20 09:00:00-05:00,586.281,2026-03-20 14:52:00-05:00,580.289,589.2,359.52,short: close 586.30 < lower 589.12,flatten
2026-03-23,1,3,2026-03-23 09:00:00-05:00,592.999,2026-03-23 11:25:00-05:00,586.981,587.0,-180.54,long: close 592.98 > upper 592.47,stop
2026-03-26,-1,3,2026-03-26 11:30:00-05:00,579.051,2026-03-26 14:52:00-05:00,574.219,584.2,144.96,short: close 579.04 < lower 580.03,flatten
2026-03-27,-1,6,2026-03-27 09:00:00-05:00,566.691,2026-03-27 14:52:00-05:00,561.774,569.95,295.02,short: close 566.71 < lower 568.99,flatten
2026-03-30,-1,3,2026-03-30 13:30:00-05:00,558.731,2026-03-30 14:52:00-05:00,558.079,564.03,19.56,short: close 558.74 < lower 559.65,flatten
2026-03-31,1,3,2026-03-31 09:00:00-05:00,568.759,2026-03-31 14:52:00-05:00,577.321,563.48,256.86,long: close 568.75 > upper 566.58,flatten
2026-04-01,1,4,2026-04-01 10:00:00-05:00,585.589,2026-04-01 14:52:00-05:00,584.481,581.24,-44.32,long: close 585.57 > upper 583.67,flatten
2026-04-06,1,6,2026-04-06 09:00:00-05:00,589.579,2026-04-06 09:06:00-05:00,586.401,586.42,-190.68,long: close 589.55 > upper 588.77,stop
2026-04-07,-1,4,2026-04-07 09:00:00-05:00,582.661,2026-04-07 12:36:00-05:00,586.789,586.77,-165.12,short: close 582.71 < lower 582.97,stop
2026-04-14,1,4,2026-04-14 09:30:00-05:00,623.789,2026-04-14 14:52:00-05:00,627.511,619.57,148.88,long: close 623.71 > upper 623.00,flatten
2026-04-15,1,5,2026-04-15 10:00:00-05:00,632.519,2026-04-15 14:52:00-05:00,637.071,628.9,227.6,long: close 632.47 > upper 632.44,flatten
2026-04-17,1,3,2026-04-17 10:30:00-05:00,649.099,2026-04-17 14:52:00-05:00,648.191,643.1,-27.24,long: close 649.07 > upper 649.03,flatten
2026-04-20,-1,5,2026-04-20 10:00:00-05:00,644.141,2026-04-20 14:52:00-05:00,646.099,648.02,-97.9,short: close 644.15 < lower 644.50,flatten
2026-04-22,1,3,2026-04-22 09:30:00-05:00,652.769,2026-04-22 14:52:00-05:00,654.781,647.38,60.36,long: close 652.76 > upper 652.63,flatten
2026-04-24,1,3,2026-04-24 10:30:00-05:00,661.249,2026-04-24 14:52:00-05:00,663.371,655.25,63.66,long: close 661.20 > upper 661.15,flatten
2026-04-28,-1,3,2026-04-28 10:30:00-05:00,654.511,2026-04-28 14:52:00-05:00,657.909,660.5,-101.94,short: close 654.68 < lower 654.89,flatten
2026-04-29,1,7,2026-04-29 10:00:00-05:00,660.939,2026-04-29 11:30:00-05:00,658.141,658.16,-195.86,long: close 660.91 > upper 660.87,stop
2026-04-30,-1,7,2026-04-30 09:00:00-05:00,659.581,2026-04-30 09:57:00-05:00,662.409,662.39,-197.96,short: close 659.58 < lower 660.70,stop
2026-05-01,1,9,2026-05-01 09:00:00-05:00,674.999,2026-05-01 09:36:00-05:00,672.871,672.89,-191.52,long: close 674.96 > upper 670.48,stop
2026-05-01,1,5,2026-05-01 10:00:00-05:00,673.589,2026-05-01 14:52:00-05:00,674.561,670.29,48.6,long: close 673.53 > upper 671.67,flatten
2026-05-04,-1,6,2026-05-04 12:00:00-05:00,671.071,2026-05-04 14:52:00-05:00,672.669,674.21,-95.88,short: close 671.14 < lower 671.27,flatten
2026-05-05,1,4,2026-05-05 09:00:00-05:00,680.249,2026-05-05 14:52:00-05:00,681.411,676.16,46.48,long: close 680.22 > upper 679.52,flatten
2026-05-06,1,4,2026-05-06 09:00:00-05:00,689.649,2026-05-06 14:52:00-05:00,694.811,684.9,206.48,long: close 689.63 > upper 689.40,flatten
2026-05-07,1,8,2026-05-07 09:30:00-05:00,699.559,2026-05-07 10:59:00-05:00,697.131,697.15,-194.24,long: close 699.52 > upper 698.49,stop
2026-05-08,1,4,2026-05-08 09:00:00-05:00,705.339,2026-05-08 14:52:00-05:00,710.201,701.28,194.48,long: close 705.33 > upper 701.49,flatten
2026-05-11,1,5,2026-05-11 11:30:00-05:00,714.2090000000001,2026-05-11 14:52:00-05:00,712.941,710.75,-63.4,long: close 714.19 > upper 714.19,flatten
2026-05-12,-1,4,2026-05-12 09:00:00-05:00,706.0485,2026-05-12 14:52:00-05:00,707.199,710.5500000000001,-46.02,short: close 706.10 < lower 706.30,flatten
2026-05-13,1,3,2026-05-13 11:30:00-05:00,713.609,2026-05-13 14:52:00-05:00,714.2909999999999,708.62,20.46,long: close 713.60 > upper 713.59,flatten
2026-05-14,1,7,2026-05-14 09:30:00-05:00,718.189,2026-05-14 14:52:00-05:00,719.886,715.67,118.79,long: close 718.19 > upper 717.06,flatten
2026-05-15,-1,3,2026-05-15 09:00:00-05:00,706.881,2026-05-15 12:23:00-05:00,712.899,712.88,-180.54,short: close 706.88 < lower 707.85,stop
2026-05-18,-1,4,2026-05-18 10:00:00-05:00,705.351,2026-05-18 14:52:00-05:00,705.329,709.74,0.88,short: close 705.30 < lower 705.84,flatten
2026-05-19,-1,3,2026-05-19 09:30:00-05:00,696.421,2026-05-19 11:32:00-05:00,702.229,702.21,-174.24,short: close 696.43 < lower 697.00,stop
2026-05-20,1,4,2026-05-20 09:30:00-05:00,708.619,2026-05-20 14:52:00-05:00,712.071,703.75,138.08,long: close 708.61 > upper 708.29,flatten
2026-05-26,1,3,2026-05-26 09:00:00-05:00,728.469,2026-05-26 14:52:00-05:00,730.356,722.47,56.61,long: close 728.44 > upper 728.05,flatten
2026-05-27,-1,5,2026-05-27 09:30:00-05:00,726.301,2026-05-27 14:52:00-05:00,729.679,730.19,-168.9,short: close 726.36 < lower 727.70,flatten
2026-05-28,1,4,2026-05-28 10:30:00-05:00,734.7090000000001,2026-05-28 14:52:00-05:00,735.221,730.37,20.48,long: close 734.67 > upper 733.95,flatten
2026-05-29,1,5,2026-05-29 09:00:00-05:00,741.189,2026-05-29 09:25:00-05:00,737.751,737.77,-171.9,long: close 741.17 > upper 740.11,stop
2026-06-01,1,4,2026-06-01 12:00:00-05:00,742.9590000000001,2026-06-01 14:52:00-05:00,742.711,738.04,-9.92,long: close 742.95 > upper 742.57,flatten
2026-06-03,-1,7,2026-06-03 09:00:00-05:00,742.651,2026-06-03 09:12:00-05:00,745.359,745.34,-189.56,short: close 742.66 < lower 744.02,stop
2026-06-05,-1,3,2026-06-05 09:00:00-05:00,723.721,2026-06-05 14:52:00-05:00,709.305,729.72,432.48,short: close 723.72 < lower 728.00,flatten
2026-06-08,1,3,2026-06-08 10:00:00-05:00,721.4590000000001,2026-06-08 14:14:00-05:00,715.441,715.46,-180.54,long: close 721.43 > upper 720.66,stop
2026-06-09,-1,3,2026-06-09 10:00:00-05:00,710.971,2026-06-09 14:52:00-05:00,705.329,716.97,169.26,short: close 710.94 < lower 713.36,flatten
2026-06-11,1,3,2026-06-11 09:00:00-05:00,702.849,2026-06-11 09:56:00-05:00,697.541,697.5600000000001,-159.24,long: close 702.80 > upper 701.80,stop
2026-06-11,1,3,2026-06-11 12:30:00-05:00,707.279,2026-06-11 14:52:00-05:00,715.731,701.28,253.56,long: close 707.26 > upper 705.14,flatten
2026-06-12,1,5,2026-06-12 10:00:00-05:00,721.0989,2026-06-12 10:50:00-05:00,717.1610000000001,717.1800000000001,-196.89,long: close 720.97 > upper 720.95,stop
2026-06-15,1,3,2026-06-15 10:30:00-05:00,743.179,2026-06-15 14:52:00-05:00,742.681,737.1800000000001,-14.94,long: close 743.12 > upper 742.79,flatten
2026-06-16,-1,5,2026-06-16 09:30:00-05:00,739.091,2026-06-16 14:52:00-05:00,731.619,742.77,373.6,short: close 739.11 < lower 739.37,flatten
2026-06-24,1,4,2026-06-24 10:00:00-05:00,719.589,2026-06-24 10:25:00-05:00,715.081,715.1,-180.32,long: close 719.55 > upper 719.04,stop
2026-06-24,-1,3,2026-06-24 13:00:00-05:00,707.451,2026-06-24 14:52:00-05:00,709.189,713.45,-52.14,short: close 707.46 < lower 707.65,flatten
2026-06-25,-1,3,2026-06-25 09:00:00-05:00,705.821,2026-06-25 09:07:00-05:00,711.839,711.82,-180.54,short: close 705.76 < lower 707.71,stop
2026-06-29,1,3,2026-06-29 11:30:00-05:00,719.659,2026-06-29 14:52:00-05:00,722.391,713.66,81.96,long: close 719.61 > upper 719.55,flatten
2026-06-30,1,5,2026-06-30 09:00:00-05:00,731.909,2026-06-30 14:52:00-05:00,736.491,728.0500000000001,229.1,long: close 731.87 > upper 727.93,flatten
2026-07-02,1,4,2026-07-02 09:00:00-05:00,729.9590000000001,2026-07-02 09:22:00-05:00,725.771,725.79,-167.52,long: close 729.90 > upper 729.53,stop
2026-07-02,-1,4,2026-07-02 10:00:00-05:00,719.826,2026-07-02 14:52:00-05:00,711.779,724.02,321.88,short: close 719.82 < lower 721.17,flatten
2026-07-06,1,3,2026-07-06 09:30:00-05:00,724.169,2026-07-06 14:52:00-05:00,723.561,718.17,-18.24,long: close 724.10 > upper 723.48,flatten
2026-07-07,-1,3,2026-07-07 09:30:00-05:00,707.191,2026-07-07 11:30:00-05:00,713.2090000000001,713.19,-180.54,short: close 707.21 < lower 710.29,stop
2026-07-09,1,3,2026-07-09 13:00:00-05:00,723.789,2026-07-09 14:52:00-05:00,722.606,717.79,-35.49,long: close 723.78 > upper 723.70,flatten
2026-07-13,-1,3,2026-07-13 13:30:00-05:00,711.971,2026-07-13 14:52:00-05:00,712.589,717.97,-18.54,short: close 711.98 < lower 712.47,flatten
2026-07-15,-1,3,2026-07-15 10:00:00-05:00,715.981,2026-07-15 14:52:00-05:00,717.059,721.61,-32.34,short: close 715.96 < lower 716.13,flatten
2026-07-23,-1,3,2026-07-23 10:00:00-05:00,691.781,2026-07-23 14:52:00-05:00,690.219,697.78,46.86,short: close 691.75 < lower 691.95,flatten
2026-07-24,-1,6,2026-07-24 09:00:00-05:00,685.151,2026-07-24 09:14:00-05:00,688.259,688.24,-186.48,short: close 685.22 < lower 688.12,stop
2026-07-24,-1,6,2026-07-24 09:30:00-05:00,686.8874,2026-07-24 10:15:00-05:00,690.089,690.07,-192.1,short: close 686.88 < lower 688.04,stop
2026-07-27,-1,3,2026-07-27 09:30:00-05:00,679.431,2026-07-27 14:52:00-05:00,681.6258,685.4300000000001,-65.84,short: close 679.46 < lower 681.88,flatten
2026-07-28,-1,3,2026-07-28 09:00:00-05:00,669.311,2026-07-28 10:18:00-05:00,674.909,674.89,-167.94,short: close 669.38 < lower 673.61,stop
2026-07-29,-1,6,2026-07-29 09:00:00-05:00,671.171,2026-07-29 13:00:00-05:00,674.089,674.07,-175.08,short: close 671.19 < lower 672.60,stop
2026-07-30,1,3,2026-07-30 09:00:00-05:00,681.509,2026-07-30 14:52:00-05:00,683.2909999999999,675.51,53.46,long: close 681.51 > upper 677.70,flatten
2026-08-03,1,5,2026-08-03 09:00:00-05:00,693.309,2026-08-03 14:52:00-05:00,700.711,689.52,370.1,long: close 693.30 > upper 691.90,flatten
2026-08-04,1,3,2026-08-04 09:00:00-05:00,713.659,2026-08-04 14:52:00-05:00,724.191,707.66,315.96,long: close 713.65 > upper 712.22,flatten
2026-08-13,1,3,2026-08-13 09:00:00-05:00,731.579,2026-08-13 14:52:00-05:00,731.951,726.59,11.16,long: close 731.57 > upper 729.40,flatten
2026-08-24,-1,4,2026-08-24 09:00:00-05:00,704.446,2026-08-24 10:47:00-05:00,708.799,708.78,-174.12,short: close 704.48 < lower 707.22,stop
2026-08-27,1,4,2026-08-27 11:30:00-05:00,718.9053,2026-08-27 14:52:00-05:00,719.7909999999999,714.29,35.43,long: close 718.89 > upper 718.74,flatten
2026-08-28,1,6,2026-08-28 10:00:00-05:00,723.789,2026-08-28 10:41:00-05:00,720.681,720.7,-186.48,long: close 723.80 > upper 723.51,stop
2026-08-28,-1,7,2026-08-28 11:30:00-05:00,716.301,2026-08-28 14:52:00-05:00,716.469,718.9,-11.76,short: close 716.31 < lower 717.82,flatten
2026-09-03,1,8,2026-09-03 09:00:00-05:00,712.859,2026-09-03 14:52:00-05:00,717.301,710.47,355.36,long: close 712.88 > upper 712.44,flatten
2026-09-04,1,7,2026-09-04 09:00:00-05:00,721.839,2026-09-04 09:20:00-05:00,719.221,719.24,-183.26,long: close 721.81 > upper 721.08,stop
