day,side,qty,entry_ts,entry_px,exit_ts,exit_px,stop_px,pnl,reason_in,reason_out
2016-01-07,-1,11,2016-01-07 13:00:00-06:00,105.181,2016-01-07 14:52:00-06:00,105.349,106.83,-18.48,short: close 105.21 < lower 105.47,flatten
2016-01-08,1,22,2016-01-08 09:00:00-06:00,106.289,2016-01-08 09:30:00-06:00,105.75099999999999,105.42,-118.36,long: close 106.28 > upper 106.14,exit long: close 105.76 < upper 106.45
2016-01-11,-1,19,2016-01-11 12:30:00-06:00,103.231,2016-01-11 13:30:00-06:00,103.799,104.2,-107.92,short: close 103.25 < lower 103.44,exit short: close 103.78 > lower 103.37
2016-01-13,-1,23,2016-01-13 11:00:00-06:00,104.5911,2016-01-13 14:52:00-06:00,101.85900000000001,105.41,628.38,short: close 104.61 < lower 104.97,flatten
2016-01-14,-1,27,2016-01-14 09:00:00-06:00,100.89099999999999,2016-01-14 09:16:00-06:00,101.58900000000001,101.57000000000001,-188.46,short: close 100.91 < lower 101.43,stop
2016-01-14,1,22,2016-01-14 11:00:00-06:00,103.23400000000001,2016-01-14 14:52:00-06:00,104.241,102.36,221.54,long: close 103.21 > upper 102.98,flatten
2016-01-20,-1,14,2016-01-20 09:00:00-06:00,98.711,2016-01-20 13:00:00-06:00,99.80900000000001,100.06,-153.72,short: close 98.74 < lower 98.93,exit short: close 99.80 > lower 98.47
2016-01-21,-1,24,2016-01-21 09:00:00-06:00,100.08099999999999,2016-01-21 09:04:00-06:00,100.88900000000001,100.87,-193.92,short: close 100.09 < lower 100.20,stop
2016-01-21,1,21,2016-01-21 11:00:00-06:00,101.979,2016-01-21 12:00:00-06:00,101.87719999999999,101.07000000000001,-21.38,long: close 101.95 > upper 101.89,exit long: close 101.90 < upper 101.99
2016-01-27,-1,25,2016-01-27 09:30:00-06:00,101.40599999999999,2016-01-27 10:30:00-06:00,102.009,102.15,-150.75,short: close 101.43 < lower 102.12,exit short: close 101.99 > lower 101.94
2016-01-29,1,30,2016-01-29 09:00:00-06:00,102.899,2016-01-29 14:52:00-06:00,104.106,102.29,362.1,long: close 102.89 > upper 102.60,flatten
2016-02-02,-1,26,2016-02-02 10:00:00-06:00,103.381,2016-02-02 10:30:00-06:00,103.52900000000001,104.11,-38.48,short: close 103.40 < lower 103.45,exit short: close 103.53 > lower 103.45
2016-02-02,-1,23,2016-02-02 11:00:00-06:00,103.161,2016-02-02 14:52:00-06:00,102.27900000000001,103.99000000000001,202.86,short: close 103.18 < lower 103.34,flatten
2016-02-03,-1,22,2016-02-03 09:30:00-06:00,100.451,2016-02-03 10:40:00-06:00,101.33900000000001,101.32000000000001,-195.36,short: close 100.47 < lower 101.61,stop
2016-02-03,-1,19,2016-02-03 11:00:00-06:00,101.06099999999999,2016-02-03 13:30:00-06:00,101.479,102.04,-79.42,short: close 101.08 < lower 101.50,exit short: close 101.47 > lower 101.21
2016-02-05,-1,26,2016-02-05 09:00:00-06:00,100.14099999999999,2016-02-05 14:52:00-06:00,97.909,100.85000000000001,580.32,short: close 100.15 < lower 100.76,flatten
2016-02-08,-1,11,2016-02-08 12:30:00-06:00,95.39099999999999,2016-02-08 14:30:00-06:00,95.819,97.17,-47.08,short: close 95.41 < lower 95.45,exit short: close 95.79 > lower 95.20
2016-02-10,1,14,2016-02-10 12:00:00-06:00,98.259,2016-02-10 12:30:00-06:00,97.83099999999999,96.94,-59.92,long: close 98.23 > upper 98.23,exit long: close 97.85 < upper 98.30
2016-02-17,1,16,2016-02-17 10:00:00-06:00,101.90400000000001,2016-02-17 14:52:00-06:00,102.431,100.71000000000001,84.32,long: close 101.89 > upper 101.76,flatten
2016-02-29,1,34,2016-02-29 11:00:00-06:00,103.99900000000001,2016-02-29 11:30:00-06:00,103.86099999999999,103.45,-46.92,long: close 103.99 > upper 103.90,exit long: close 103.88 < upper 103.95
2016-03-01,1,18,2016-03-01 09:30:00-06:00,104.30900000000001,2016-03-01 14:52:00-06:00,105.491,103.29,212.76,long: close 104.29 > upper 104.02,flatten
2016-03-03,-1,29,2016-03-03 10:30:00-06:00,104.951,2016-03-03 11:00:00-06:00,105.13900000000001,105.58,-54.52,short: close 104.96 < lower 105.13,exit short: close 105.12 > lower 105.11
2016-03-03,-1,27,2016-03-03 11:30:00-06:00,105.011,2016-03-03 12:00:00-06:00,105.159,105.71000000000001,-39.96,short: close 105.03 < lower 105.06,exit short: close 105.14 > lower 105.00
2016-03-04,-1,45,2016-03-04 09:00:00-06:00,105.14099999999999,2016-03-04 09:30:00-06:00,105.289,105.54,-66.6,short: close 105.15 < lower 105.28,exit short: close 105.27 > lower 105.16
2016-03-07,-1,31,2016-03-07 09:00:00-06:00,104.75099999999999,2016-03-07 09:30:00-06:00,104.774,105.34,-7.13,short: close 104.79 < lower 104.80,exit short: close 104.75 > lower 104.67
2016-03-10,1,32,2016-03-10 09:00:00-06:00,105.7891,2016-03-10 09:30:00-06:00,105.371,105.21000000000001,-133.79,long: close 105.78 > upper 105.64,exit long: close 105.37 < upper 105.69
2016-03-10,-1,25,2016-03-10 10:30:00-06:00,104.181,2016-03-10 11:00:00-06:00,104.349,104.92,-42.0,short: close 104.18 < lower 104.33,exit short: close 104.33 > lower 104.26
2016-03-16,1,29,2016-03-16 13:30:00-05:00,107.32900000000001,2016-03-16 14:52:00-05:00,107.571,106.68,70.18,long: close 107.31 > upper 107.15,flatten
2016-03-18,-1,60,2016-03-18 09:00:00-05:00,106.92099999999999,2016-03-18 09:32:00-05:00,107.22900000000001,107.21000000000001,-184.8,short: close 106.94 < lower 107.18,stop
2016-03-22,1,26,2016-03-22 12:00:00-05:00,108.239,2016-03-22 13:00:00-05:00,108.211,107.52,-7.28,long: close 108.23 > upper 108.21,exit long: close 108.22 < upper 108.28
2016-03-23,-1,47,2016-03-23 10:00:00-05:00,107.50099999999999,2016-03-23 11:30:00-05:00,107.52900000000001,107.88,-13.16,short: close 107.52 < lower 107.62,exit short: close 107.51 > lower 107.45
2016-03-29,1,37,2016-03-29 10:30:00-05:00,107.57900000000001,2016-03-29 14:52:00-05:00,108.771,107.09,441.04,long: close 107.57 > upper 107.52,flatten
2016-03-30,1,29,2016-03-30 09:00:00-05:00,109.93900000000001,2016-03-30 10:30:00-05:00,109.366,109.3,-166.17,long: close 109.91 > upper 109.79,exit long: close 109.38 < upper 109.90
2016-04-01,1,29,2016-04-01 10:00:00-05:00,109.71900000000001,2016-04-01 11:30:00-05:00,109.592,109.08,-36.83,long: close 109.71 > upper 109.52,exit long: close 109.61 < upper 109.62
2016-04-01,1,26,2016-04-01 12:00:00-05:00,109.789,2016-04-01 14:52:00-05:00,110.306,109.08,134.42,long: close 109.78 > upper 109.59,flatten
2016-04-04,-1,42,2016-04-04 10:00:00-05:00,109.83099999999999,2016-04-04 11:00:00-05:00,109.979,110.26,-62.16,short: close 109.84 < lower 109.89,exit short: close 109.96 > lower 109.88
2016-04-06,1,54,2016-04-06 09:00:00-05:00,109.32900000000001,2016-04-06 09:30:00-05:00,109.11099999999999,109.0,-117.72,long: close 109.31 > upper 109.28,exit long: close 109.12 < upper 109.29
2016-04-06,1,40,2016-04-06 10:00:00-05:00,109.674,2016-04-06 14:52:00-05:00,110.541,109.22,346.8,long: close 109.66 > upper 109.40,flatten
2016-04-07,-1,31,2016-04-07 09:30:00-05:00,109.50099999999999,2016-04-07 12:30:00-05:00,109.509,110.09,-2.48,short: close 109.52 < lower 109.77,exit short: close 109.50 > lower 109.49
2016-04-07,-1,22,2016-04-07 13:00:00-05:00,109.03099999999999,2016-04-07 14:52:00-05:00,108.899,109.9,29.04,short: close 109.05 < lower 109.48,flatten
2016-04-11,1,36,2016-04-11 09:30:00-05:00,109.88900000000001,2016-04-11 10:00:00-05:00,109.42099999999999,109.38,-168.48,long: close 109.86 > upper 109.75,exit long: close 109.45 < upper 109.95
2016-04-12,-1,57,2016-04-12 09:30:00-05:00,108.131,2016-04-12 09:31:00-05:00,108.459,108.44,-186.96,short: close 108.15 < lower 108.32,stop
2016-04-12,1,30,2016-04-12 13:00:00-05:00,109.30900000000001,2016-04-12 14:52:00-05:00,109.401,108.7,27.6,long: close 109.28 > upper 109.24,flatten
2016-04-13,1,30,2016-04-13 09:00:00-05:00,110.744,2016-04-13 10:00:00-05:00,110.491,110.13,-75.9,long: close 110.72 > upper 110.53,exit long: close 110.52 < upper 110.76
2016-05-11,-1,35,2016-05-11 13:00:00-05:00,106.681,2016-05-11 14:52:00-05:00,106.38900000000001,107.2,102.2,short: close 106.71 < lower 106.72,flatten
2016-05-12,-1,46,2016-05-12 09:00:00-05:00,106.021,2016-05-12 13:30:00-05:00,106.159,106.41,-63.48,short: close 106.03 < lower 106.13,exit short: close 106.15 > lower 105.93
2016-05-18,1,49,2016-05-18 09:30:00-05:00,106.21900000000001,2016-05-18 09:58:00-05:00,105.831,105.85000000000001,-190.12,long: close 106.21 > upper 105.76,stop
2016-05-18,1,41,2016-05-18 10:00:00-05:00,105.88900000000001,2016-05-18 11:30:00-05:00,105.86099999999999,105.45,-11.48,long: close 105.86 > upper 105.83,exit long: close 105.88 < upper 105.90
2016-05-20,1,36,2016-05-20 09:00:00-05:00,106.44900000000001,2016-05-20 14:52:00-05:00,106.39099999999999,105.94,-20.88,long: close 106.43 > upper 106.04,flatten
2016-05-24,1,29,2016-05-24 09:00:00-05:00,107.46900000000001,2016-05-24 14:52:00-05:00,108.511,106.82000000000001,302.18,long: close 107.44 > upper 107.26,flatten
2016-06-27,-1,27,2016-06-27 09:00:00-05:00,102.92099999999999,2016-06-27 14:52:00-05:00,102.30900000000001,103.62,165.24,short: close 102.94 < lower 103.27,flatten
2016-06-28,1,21,2016-06-28 09:00:00-05:00,104.049,2016-06-28 10:30:00-05:00,103.431,103.16,-129.78,long: close 104.03 > upper 103.70,exit long: close 103.45 < upper 103.77
2016-06-28,1,21,2016-06-28 11:00:00-05:00,103.82900000000001,2016-06-28 14:52:00-05:00,104.335,102.94,106.26,long: close 103.79 > upper 103.70,flatten
2016-06-29,1,23,2016-06-29 09:30:00-05:00,105.77900000000001,2016-06-29 10:00:00-05:00,105.64099999999999,104.97,-31.74,long: close 105.77 > upper 105.67,exit long: close 105.66 < upper 105.73
2016-06-29,1,22,2016-06-29 10:30:00-05:00,106.02900000000001,2016-06-29 14:52:00-05:00,106.25099999999999,105.19,48.84,long: close 106.01 > upper 105.70,flatten
2016-06-30,1,39,2016-06-30 11:30:00-05:00,107.289,2016-06-30 14:52:00-05:00,107.291,106.82000000000001,0.78,long: close 107.27 > upper 106.87,flatten
2016-07-01,1,37,2016-07-01 09:00:00-05:00,108.129,2016-07-01 12:30:00-05:00,107.94099999999999,107.63,-69.56,long: close 108.11 > upper 108.05,exit long: close 107.96 < upper 107.97
2016-07-01,1,40,2016-07-01 13:00:00-05:00,108.05900000000001,2016-07-01 13:30:00-05:00,107.97099999999999,107.61,-35.2,long: close 108.04 > upper 108.00,exit long: close 107.99 < upper 108.01
2016-07-05,-1,29,2016-07-05 12:30:00-05:00,107.071,2016-07-05 14:00:00-05:00,107.05900000000001,107.7,3.48,short: close 107.09 < lower 107.18,exit short: close 107.05 > lower 107.02
2016-07-06,1,27,2016-07-06 11:30:00-05:00,108.16900000000001,2016-07-06 14:30:00-05:00,108.011,107.47,-42.66,long: close 108.14 > upper 107.88,exit long: close 108.03 < upper 108.12
2016-07-08,1,25,2016-07-08 09:30:00-05:00,109.72890000000001,2016-07-08 14:52:00-05:00,110.261,108.97,133.02,long: close 109.71 > upper 109.66,flatten
2016-07-11,1,26,2016-07-11 12:00:00-05:00,111.30900000000001,2016-07-11 13:00:00-05:00,111.11099999999999,110.58,-51.48,long: close 111.29 > upper 111.22,exit long: close 111.13 < upper 111.21
2016-09-13,-1,37,2016-09-13 09:00:00-05:00,115.451,2016-09-13 12:30:00-05:00,115.41900000000001,115.94,11.84,short: close 115.47 < lower 115.53,exit short: close 115.40 > lower 115.28
2016-09-13,-1,24,2016-09-13 13:00:00-05:00,115.14099999999999,2016-09-13 14:30:00-05:00,115.319,115.93,-42.72,short: close 115.16 < lower 115.23,exit short: close 115.30 > lower 115.26
2016-09-14,1,60,2016-09-14 09:00:00-05:00,115.85900000000001,2016-09-14 13:00:00-05:00,115.911,115.57000000000001,31.2,long: close 115.84 > upper 115.65,exit long: close 115.93 < upper 115.97
2016-09-15,1,60,2016-09-15 09:00:00-05:00,116.30900000000001,2016-09-15 14:52:00-05:00,117.651,116.05,805.2,long: close 116.29 > upper 116.13,flatten
2016-09-19,1,45,2016-09-19 09:00:00-05:00,117.93900000000001,2016-09-19 09:30:00-05:00,117.591,117.54,-156.6,long: close 117.92 > upper 117.83,exit long: close 117.61 < upper 117.94
2016-09-27,1,60,2016-09-27 09:00:00-05:00,117.979,2016-09-27 14:52:00-05:00,118.461,117.69,289.2,long: close 117.95 > upper 117.61,flatten
2016-09-29,-1,25,2016-09-29 12:00:00-05:00,117.58099999999999,2016-09-29 12:30:00-05:00,117.94900000000001,118.33,-92.0,short: close 117.61 < lower 117.86,exit short: close 117.94 > lower 117.86
2016-09-29,-1,22,2016-09-29 13:00:00-05:00,117.57,2016-09-29 13:30:00-05:00,118.10900000000001,118.42,-118.58,short: close 117.59 < lower 117.76,exit short: close 118.10 > lower 117.80
2016-09-30,1,27,2016-09-30 10:30:00-05:00,118.789,2016-09-30 12:30:00-05:00,118.73599999999999,118.09,-14.31,long: close 118.77 > upper 118.69,exit long: close 118.75 < upper 118.76
2016-09-30,1,21,2016-09-30 13:00:00-05:00,118.929,2016-09-30 14:52:00-05:00,118.976,118.05,9.87,long: close 118.91 > upper 118.87,flatten
2016-10-03,-1,57,2016-10-03 09:00:00-05:00,118.22099999999999,2016-10-03 09:30:00-05:00,118.319,118.53,-55.86,short: close 118.24 < lower 118.30,exit short: close 118.30 > lower 118.24
2016-10-04,1,47,2016-10-04 09:00:00-05:00,119.119,2016-10-04 09:11:00-05:00,118.721,118.74000000000001,-187.06,long: close 119.11 > upper 119.09,stop
2016-10-05,1,49,2016-10-05 09:30:00-05:00,119.069,2016-10-05 10:00:00-05:00,118.83099999999999,118.7,-116.62,long: close 119.05 > upper 118.91,exit long: close 118.86 < upper 118.97
2016-11-03,-1,46,2016-11-03 11:30:00-05:00,114.511,2016-11-03 14:52:00-05:00,113.96900000000001,114.9,249.32,short: close 114.54 < lower 114.70,flatten
2016-11-04,1,44,2016-11-04 10:30:00-05:00,114.43900000000001,2016-11-04 11:00:00-05:00,114.231,114.03,-91.52,long: close 114.42 > upper 114.29,exit long: close 114.26 < upper 114.31
2016-11-04,1,37,2016-11-04 11:30:00-05:00,114.4115,2016-11-04 12:30:00-05:00,114.33099999999999,113.92,-29.79,long: close 114.39 > upper 114.38,exit long: close 114.35 < upper 114.44
2016-11-07,1,16,2016-11-07 09:30:00-06:00,115.74900000000001,2016-11-07 14:52:00-06:00,116.39099999999999,114.61,102.72,long: close 115.74 > upper 115.70,flatten
2016-11-08,-1,60,2016-11-08 09:00:00-06:00,116.03099999999999,2016-11-08 09:30:00-06:00,116.21900000000001,116.24000000000001,-112.8,short: close 116.06 < lower 116.08,exit short: close 116.21 > lower 115.99
2016-11-08,1,44,2016-11-08 10:30:00-06:00,116.769,2016-11-08 14:52:00-06:00,117.306,116.36,236.28,long: close 116.74 > upper 116.70,flatten
2016-11-10,-1,35,2016-11-10 09:30:00-06:00,115.241,2016-11-10 10:27:00-06:00,115.789,115.77,-191.8,short: close 115.25 < lower 117.36,stop
2016-11-10,-1,25,2016-11-10 10:30:00-06:00,115.541,2016-11-10 12:42:00-06:00,116.30900000000001,116.29,-192.0,short: close 115.52 < lower 117.15,stop
2016-11-11,-1,37,2016-11-11 09:00:00-06:00,114.901,2016-11-11 09:05:00-06:00,115.41900000000001,115.4,-191.66,short: close 114.92 < lower 114.98,stop
2016-11-14,-1,60,2016-11-14 09:00:00-06:00,114.92099999999999,2016-11-14 09:07:00-06:00,115.22900000000001,115.21000000000001,-184.8,short: close 114.95 < lower 115.54,stop
2016-11-14,-1,41,2016-11-14 09:30:00-06:00,114.961,2016-11-14 14:00:00-06:00,115.099,115.4,-56.58,short: close 114.97 < lower 115.38,exit short: close 115.09 > lower 115.07
2016-11-15,1,25,2016-11-15 09:00:00-06:00,115.989,2016-11-15 10:00:00-06:00,116.101,115.24000000000001,28.0,long: close 115.97 > upper 115.81,exit long: close 116.13 < upper 116.17
2016-11-21,1,36,2016-11-21 09:00:00-06:00,118.32900000000001,2016-11-21 09:27:00-06:00,117.801,117.82000000000001,-190.08,long: close 118.30 > upper 117.97,stop
2016-11-29,1,21,2016-11-29 11:00:00-06:00,119.52900000000001,2016-11-29 11:30:00-06:00,119.341,118.63,-39.48,long: close 119.51 > upper 119.49,exit long: close 119.36 < upper 119.54
2016-11-29,1,24,2016-11-29 13:00:00-06:00,119.429,2016-11-29 13:30:00-06:00,119.35459999999999,118.64,-17.86,long: close 119.41 > upper 119.38,exit long: close 119.38 < upper 119.38
2016-11-30,-1,32,2016-11-30 09:30:00-06:00,118.231,2016-11-30 10:00:00-06:00,118.30900000000001,118.81,-24.96,short: close 118.27 < lower 118.43,exit short: close 118.30 > lower 118.28
2016-11-30,-1,23,2016-11-30 10:30:00-06:00,118.17099999999999,2016-11-30 14:52:00-06:00,117.65400000000001,118.97,118.91,short: close 118.18 < lower 118.21,flatten
2016-12-01,-1,50,2016-12-01 09:00:00-06:00,116.771,2016-12-01 09:06:00-06:00,117.149,117.13,-189.0,short: close 116.78 < lower 117.09,stop
2016-12-01,-1,34,2016-12-01 09:30:00-06:00,116.39099999999999,2016-12-01 14:52:00-06:00,115.459,116.93,316.88,short: close 116.42 < lower 116.91,flatten
2016-12-05,1,26,2016-12-05 09:30:00-06:00,116.78800000000001,2016-12-05 10:30:00-06:00,116.731,116.08,-14.82,long: close 116.77 > upper 116.71,exit long: close 116.76 < upper 116.94
2016-12-07,-1,49,2016-12-07 09:00:00-06:00,116.28099999999999,2016-12-07 09:11:00-06:00,116.66900000000001,116.65,-190.12,short: close 116.30 < lower 116.37,stop
2016-12-07,1,27,2016-12-07 12:30:00-06:00,117.59400000000001,2016-12-07 14:52:00-06:00,118.271,116.9,182.79,long: close 117.58 > upper 117.43,flatten
2016-12-09,1,39,2016-12-09 09:00:00-06:00,119.429,2016-12-09 09:30:00-06:00,119.2645,118.96000000000001,-64.16,long: close 119.40 > upper 119.28,exit long: close 119.29 < upper 119.32
2016-12-13,1,42,2016-12-13 09:00:00-06:00,120.46900000000001,2016-12-13 14:52:00-06:00,120.62599999999999,120.04,65.94,long: close 120.44 > upper 119.59,flatten
2016-12-15,1,46,2016-12-15 09:00:00-06:00,120.74900000000001,2016-12-15 09:30:00-06:00,120.56099999999999,120.36,-86.48,long: close 120.73 > upper 120.66,exit long: close 120.59 < upper 120.77
2016-12-15,1,33,2016-12-15 10:30:00-06:00,120.96900000000001,2016-12-15 11:00:00-06:00,120.7611,120.41,-68.61,long: close 120.96 > upper 120.82,exit long: close 120.78 < upper 120.92
2016-12-19,1,47,2016-12-19 09:00:00-06:00,120.19900000000001,2016-12-19 09:30:00-06:00,120.131,119.82000000000001,-31.96,long: close 120.17 > upper 120.06,exit long: close 120.15 < upper 120.18
2016-12-19,1,34,2016-12-19 10:00:00-06:00,120.55900000000001,2016-12-19 11:00:00-06:00,120.30099999999999,120.01,-87.72,long: close 120.55 > upper 120.23,exit long: close 120.34 < upper 120.34
2017-01-10,1,35,2017-01-10 11:30:00-06:00,122.899,2017-01-10 12:00:00-06:00,122.77489999999999,122.37,-43.44,long: close 122.88 > upper 122.88,exit long: close 122.80 < upper 122.92
2017-01-12,-1,31,2017-01-12 09:30:00-06:00,121.886,2017-01-12 11:30:00-06:00,122.24900000000001,122.48,-112.53,short: close 121.92 < lower 122.12,exit short: close 122.22 > lower 122.00
2017-04-25,1,40,2017-04-25 09:30:00-05:00,134.869,2017-04-25 10:00:00-05:00,134.766,134.41,-41.2,long: close 134.84 > upper 134.83,exit long: close 134.79 < upper 134.88
2017-04-25,1,33,2017-04-25 10:30:00-05:00,134.949,2017-04-25 14:52:00-05:00,135.11169999999998,134.39000000000001,53.69,long: close 134.92 > upper 134.92,flatten
2017-04-27,1,42,2017-04-27 12:00:00-05:00,135.6797,2017-04-27 13:30:00-05:00,135.501,135.25,-75.05,long: close 135.67 > upper 135.54,exit long: close 135.53 < upper 135.56
2017-05-01,1,35,2017-05-01 10:00:00-05:00,136.87900000000002,2017-05-01 14:52:00-05:00,137.221,136.35,119.7,long: close 136.85 > upper 136.75,flatten
2017-05-03,-1,51,2017-05-03 09:30:00-05:00,136.881,2017-05-03 10:30:00-05:00,136.899,137.23,-9.18,short: close 136.90 < lower 136.94,exit short: close 136.88 > lower 136.86
2017-05-03,-1,41,2017-05-03 11:00:00-05:00,136.831,2017-05-03 11:30:00-05:00,136.964,137.27,-54.53,short: close 136.85 < lower 136.85,exit short: close 136.94 > lower 136.87
2017-05-04,-1,60,2017-05-04 09:00:00-05:00,136.641,2017-05-04 09:10:00-05:00,136.899,136.88,-154.8,short: close 136.66 < lower 136.75,stop
2017-05-18,1,60,2017-05-18 09:00:00-05:00,136.549,2017-05-18 14:52:00-05:00,137.411,136.29,517.2,long: close 136.52 > upper 136.33,flatten
2017-05-19,1,38,2017-05-19 09:00:00-05:00,138.049,2017-05-19 14:30:00-05:00,137.90099999999998,137.57,-56.24,long: close 138.03 > upper 137.97,exit long: close 137.92 < upper 138.11
2017-05-22,1,43,2017-05-22 09:00:00-05:00,138.594,2017-05-22 10:00:00-05:00,138.531,138.17000000000002,-27.09,long: close 138.58 > upper 138.41,exit long: close 138.56 < upper 138.57
2017-05-22,1,36,2017-05-22 10:30:00-05:00,138.709,2017-05-22 14:52:00-05:00,139.021,138.20000000000002,112.32,long: close 138.69 > upper 138.51,flatten
2017-05-25,1,27,2017-05-25 10:30:00-05:00,140.899,2017-05-25 14:52:00-05:00,141.011,140.22,30.24,long: close 140.88 > upper 140.73,flatten
2017-05-31,-1,37,2017-05-31 09:00:00-05:00,140.891,2017-05-31 10:00:00-05:00,141.169,141.39000000000001,-102.86,short: close 140.91 < lower 141.06,exit short: close 141.16 > lower 140.88
2017-06-12,-1,23,2017-06-12 09:00:00-05:00,137.921,2017-06-12 09:23:00-05:00,138.769,138.75,-195.04,short: close 137.94 < lower 138.58,stop
2017-06-12,-1,21,2017-06-12 09:30:00-05:00,138.21099999999998,2017-06-12 10:00:00-05:00,138.779,139.11,-119.28,short: close 138.23 < lower 138.52,exit short: close 138.76 > lower 138.56
2017-06-15,-1,18,2017-06-15 09:30:00-05:00,137.71099999999998,2017-06-15 10:00:00-05:00,138.249,138.74,-96.84,short: close 137.74 < lower 138.02,exit short: close 138.23 > lower 138.07
2017-06-16,-1,33,2017-06-16 09:30:00-05:00,137.971,2017-06-16 13:00:00-05:00,138.389,138.53,-137.94,short: close 137.99 < lower 138.36,exit short: close 138.38 > lower 138.23
2017-06-19,1,21,2017-06-19 09:00:00-05:00,139.839,2017-06-19 14:00:00-05:00,140.101,138.94,55.02,long: close 139.82 > upper 139.74,exit long: close 140.12 < upper 140.15
2017-06-20,-1,42,2017-06-20 10:30:00-05:00,139.861,2017-06-20 12:00:00-05:00,139.84900000000002,140.29,5.04,short: close 139.88 < lower 139.96,exit short: close 139.84 > lower 139.83
2017-06-20,-1,28,2017-06-20 13:30:00-05:00,139.68099999999998,2017-06-20 14:00:00-05:00,139.839,140.34,-44.24,short: close 139.71 < lower 139.73,exit short: close 139.81 > lower 139.58
2017-06-21,1,39,2017-06-21 10:00:00-05:00,140.25400000000002,2017-06-21 14:52:00-05:00,140.68099999999998,139.78,166.53,long: close 140.24 > upper 139.98,flatten
2017-06-23,1,49,2017-06-23 11:00:00-05:00,141.059,2017-06-23 13:30:00-05:00,141.21099999999998,140.69,74.48,long: close 141.05 > upper 140.98,exit long: close 141.24 < upper 141.25
2017-06-26,-1,25,2017-06-26 10:30:00-05:00,140.62099999999998,2017-06-26 11:30:00-05:00,140.839,141.37,-54.5,short: close 140.64 < lower 140.88,exit short: close 140.82 > lower 140.79
2017-06-27,-1,35,2017-06-27 09:00:00-05:00,139.721,2017-06-27 09:30:00-05:00,139.769,140.24,-16.8,short: close 139.74 < lower 139.81,exit short: close 139.74 > lower 139.68
2017-06-27,-1,23,2017-06-27 12:00:00-05:00,139.261,2017-06-27 14:52:00-05:00,138.179,140.07,248.86,short: close 139.29 < lower 139.52,flatten
2017-06-28,1,29,2017-06-28 10:00:00-05:00,139.189,2017-06-28 14:52:00-05:00,140.0701,138.54,255.52,long: close 139.18 > upper 138.93,flatten
2017-06-29,-1,31,2017-06-29 09:00:00-05:00,138.591,2017-06-29 14:52:00-05:00,137.779,139.18,251.72,short: close 138.60 < lower 139.11,flatten
2017-07-03,-1,22,2017-07-03 10:00:00-05:00,136.90099999999998,2017-07-03 12:54:00-05:00,137.78900000000002,137.77,-195.36,short: close 136.93 < lower 136.99,stop
2017-07-03,-1,17,2017-07-03 13:00:00-05:00,135.93099999999998,2017-07-03 14:54:00-05:00,136.049,137.06,-20.06,short: close 135.96 < lower 136.73,flatten
2017-07-05,1,21,2017-07-05 10:30:00-05:00,137.339,2017-07-05 11:00:00-05:00,137.141,136.44,-41.58,long: close 137.32 > upper 137.19,exit long: close 137.16 < upper 137.18
2017-07-05,1,20,2017-07-05 11:30:00-05:00,137.354,2017-07-05 13:00:00-05:00,137.43099999999998,136.39000000000001,15.4,long: close 137.34 > upper 137.24,exit long: close 137.45 < upper 137.46
2017-07-06,-1,20,2017-07-06 09:30:00-05:00,135.981,2017-07-06 10:00:00-05:00,136.199,136.94,-43.6,short: close 136.00 < lower 136.03,exit short: close 136.18 > lower 135.91
2017-07-07,1,37,2017-07-07 09:00:00-05:00,137.359,2017-07-07 10:00:00-05:00,137.201,136.87,-58.46,long: close 137.35 > upper 137.01,exit long: close 137.21 < upper 137.29
2017-07-07,1,22,2017-07-07 10:30:00-05:00,137.559,2017-07-07 14:52:00-05:00,137.811,136.70000000000002,55.44,long: close 137.53 > upper 137.38,flatten
2017-07-11,1,39,2017-07-11 09:30:00-05:00,139.06900000000002,2017-07-11 10:00:00-05:00,138.921,138.6,-57.72,long: close 139.04 > upper 139.01,exit long: close 138.94 < upper 139.17
2017-07-13,1,50,2017-07-13 09:00:00-05:00,141.299,2017-07-13 09:19:00-05:00,140.921,140.94,-189.0,long: close 141.28 > upper 141.12,stop
2017-08-11,1,45,2017-08-11 09:00:00-05:00,141.589,2017-08-11 10:30:00-05:00,141.4825,141.19,-47.93,long: close 141.57 > upper 141.53,exit long: close 141.51 < upper 141.69
2017-08-11,1,27,2017-08-11 11:30:00-05:00,142.00900000000001,2017-08-11 14:00:00-05:00,141.881,141.31,-34.56,long: close 141.99 > upper 141.83,exit long: close 141.89 < upper 141.90
2017-08-14,1,19,2017-08-14 09:30:00-05:00,143.689,2017-08-14 11:00:00-05:00,143.74099999999999,142.72,9.88,long: close 143.68 > upper 143.63,exit long: close 143.75 < upper 143.80
2017-08-17,-1,26,2017-08-17 09:30:00-05:00,142.791,2017-08-17 14:52:00-05:00,141.439,143.5,351.52,short: close 142.81 < lower 143.29,flatten
2017-08-18,-1,51,2017-08-18 09:00:00-05:00,140.661,2017-08-18 09:04:00-05:00,141.029,141.01,-187.68,short: close 140.67 < lower 141.02,stop
2017-08-21,-1,42,2017-08-21 09:30:00-05:00,140.361,2017-08-21 10:16:00-05:00,140.809,140.79,-188.16,short: close 140.39 < lower 140.79,stop
2017-08-22,1,27,2017-08-22 09:00:00-05:00,142.31900000000002,2017-08-22 14:52:00-05:00,143.296,141.63,263.79,long: close 142.30 > upper 142.13,flatten
2017-08-24,-1,39,2017-08-24 09:00:00-05:00,142.24099999999999,2017-08-24 09:30:00-05:00,142.389,142.71,-57.72,short: close 142.26 < lower 142.39,exit short: close 142.36 > lower 142.30
2017-08-24,-1,29,2017-08-24 10:30:00-05:00,141.761,2017-08-24 12:00:00-05:00,142.064,142.39000000000001,-87.87,short: close 141.78 < lower 142.23,exit short: close 142.06 > lower 142.05
2017-08-30,1,40,2017-08-30 09:00:00-05:00,143.679,2017-08-30 14:52:00-05:00,144.62099999999998,143.23,376.8,long: close 143.67 > upper 143.50,flatten
2017-08-31,1,31,2017-08-31 09:00:00-05:00,145.50900000000001,2017-08-31 10:00:00-05:00,145.46099999999998,144.92000000000002,-14.88,long: close 145.49 > upper 145.43,exit long: close 145.48 < upper 145.60
2017-08-31,1,22,2017-08-31 11:30:00-05:00,145.929,2017-08-31 14:52:00-05:00,145.966,145.06,8.14,long: close 145.91 > upper 145.72,flatten
2017-09-05,-1,21,2017-09-05 11:30:00-05:00,144.141,2017-09-05 14:52:00-05:00,144.56900000000002,145.05,-89.88,short: close 144.15 < lower 144.85,flatten
2017-09-08,-1,26,2017-09-08 13:00:00-05:00,144.49099999999999,2017-09-08 14:52:00-05:00,144.229,145.21,68.12,short: close 144.50 < lower 144.65,flatten
2017-09-11,1,21,2017-09-11 09:00:00-05:00,145.919,2017-09-11 10:00:00-05:00,145.53709999999998,145.02,-80.2,long: close 145.90 > upper 145.67,exit long: close 145.56 < upper 145.82
2017-09-15,1,42,2017-09-15 10:00:00-05:00,146.449,2017-09-15 11:40:00-05:00,146.001,146.02,-188.16,long: close 146.44 > upper 145.99,stop
2017-10-30,1,60,2017-10-30 09:00:00-05:00,151.749,2017-10-30 10:30:00-05:00,151.516,151.47,-139.8,long: close 151.74 > upper 151.44,exit long: close 151.53 < upper 151.58
2017-11-02,-1,45,2017-11-02 09:30:00-05:00,151.391,2017-11-02 11:30:00-05:00,151.59900000000002,151.79,-93.6,short: close 151.41 < lower 151.60,exit short: close 151.57 > lower 151.56
2017-11-02,-1,42,2017-11-02 12:00:00-05:00,151.541,2017-11-02 13:30:00-05:00,151.834,151.97,-123.06,short: close 151.56 < lower 151.58,exit short: close 151.82 > lower 151.53
2017-11-03,1,28,2017-11-03 12:30:00-05:00,152.904,2017-11-03 14:52:00-05:00,153.171,152.23,74.76,long: close 152.88 > upper 152.78,flatten
2017-11-06,1,51,2017-11-06 09:00:00-06:00,153.62900000000002,2017-11-06 10:30:00-06:00,153.541,153.28,-44.88,long: close 153.61 > upper 153.54,exit long: close 153.56 < upper 153.65
2017-11-06,1,37,2017-11-06 13:00:00-06:00,153.739,2017-11-06 14:52:00-06:00,153.74599999999998,153.24,2.59,long: close 153.71 > upper 153.69,flatten
2017-11-08,1,39,2017-11-08 12:30:00-06:00,154.34900000000002,2017-11-08 14:52:00-06:00,154.341,153.88,-3.12,long: close 154.33 > upper 154.31,flatten
2017-11-09,-1,18,2017-11-09 11:30:00-06:00,152.43099999999998,2017-11-09 12:30:00-06:00,152.909,153.48,-86.04,short: close 152.45 < lower 152.83,exit short: close 152.88 > lower 152.79
2017-11-24,1,45,2017-11-24 10:30:00-06:00,156.229,2017-11-24 11:00:00-06:00,156.18099999999998,155.83,-21.6,long: close 156.21 > upper 156.17,exit long: close 156.20 < upper 156.22
2017-11-30,1,23,2017-11-30 11:30:00-06:00,155.34900000000002,2017-11-30 14:52:00-06:00,155.281,154.52,-15.64,long: close 155.33 > upper 155.01,flatten
2017-12-01,-1,19,2017-12-01 10:30:00-06:00,152.9775,2017-12-01 11:00:00-06:00,153.699,153.98,-137.09,short: close 153.00 < lower 153.67,exit short: close 153.68 > lower 153.63
2017-12-04,-1,19,2017-12-04 10:00:00-06:00,153.226,2017-12-04 12:00:00-06:00,154.03900000000002,154.22,-154.47,short: close 153.25 < lower 154.00,exit short: close 154.02 > lower 153.96
2017-12-04,-1,17,2017-12-04 13:30:00-06:00,153.521,2017-12-04 14:52:00-06:00,152.81900000000002,154.6,119.34,short: close 153.54 < lower 153.92,flatten
2017-12-05,1,47,2017-12-05 09:00:00-06:00,153.704,2017-12-05 13:20:00-06:00,153.301,153.32,-189.41,long: close 153.68 > upper 153.07,stop
2017-12-06,1,20,2017-12-06 13:30:00-06:00,153.524,2017-12-06 14:52:00-06:00,153.351,152.56,-34.6,long: close 153.50 > upper 153.48,flatten
2017-12-07,1,24,2017-12-07 10:00:00-06:00,154.329,2017-12-07 10:30:00-06:00,154.191,153.54,-33.12,long: close 154.31 > upper 154.27,exit long: close 154.20 < upper 154.32
2017-12-07,1,23,2017-12-07 11:00:00-06:00,154.429,2017-12-07 11:30:00-06:00,154.1909,153.63,-54.76,long: close 154.41 > upper 154.28,exit long: close 154.21 < upper 154.26
2017-12-11,1,25,2017-12-11 11:30:00-06:00,155.739,2017-12-11 14:52:00-06:00,155.761,154.99,5.5,long: close 155.72 > upper 155.49,flatten
2017-12-20,-1,32,2017-12-20 09:00:00-06:00,157.271,2017-12-20 09:30:00-06:00,157.28900000000002,157.85,-5.76,short: close 157.29 < lower 157.40,exit short: close 157.28 > lower 157.24
2017-12-20,-1,21,2017-12-20 10:00:00-06:00,157.031,2017-12-20 10:30:00-06:00,157.239,157.92000000000002,-43.68,short: close 157.05 < lower 157.09,exit short: close 157.22 > lower 157.07
2018-01-08,1,43,2018-01-08 09:30:00-06:00,162.369,2018-01-08 10:00:00-06:00,162.326,161.95000000000002,-18.49,long: close 162.34 > upper 162.31,exit long: close 162.35 < upper 162.41
2018-01-08,1,34,2018-01-08 10:30:00-06:00,162.499,2018-01-08 11:30:00-06:00,162.4477,161.96,-17.44,long: close 162.48 > upper 162.43,exit long: close 162.46 < upper 162.48
2018-01-11,1,29,2018-01-11 12:00:00-06:00,163.12900000000002,2018-01-11 13:30:00-06:00,162.96,162.49,-49.01,long: close 163.11 > upper 162.97,exit long: close 162.98 < upper 163.00
2018-01-12,1,37,2018-01-12 09:30:00-06:00,163.864,2018-01-12 14:52:00-06:00,164.6,163.37,272.32,long: close 163.84 > upper 163.65,flatten
2018-01-16,1,21,2018-01-16 09:00:00-06:00,166.249,2018-01-16 10:00:00-06:00,165.601,165.34,-136.08,long: close 166.23 > upper 165.93,exit long: close 165.63 < upper 166.06
2018-01-17,1,19,2018-01-17 12:30:00-06:00,165.489,2018-01-17 13:00:00-06:00,165.301,164.49,-35.72,long: close 165.47 > upper 165.38,exit long: close 165.32 < upper 165.42
2018-01-17,1,17,2018-01-17 13:30:00-06:00,165.589,2018-01-17 14:52:00-06:00,165.761,164.48,29.24,long: close 165.56 > upper 165.49,flatten
2018-01-22,1,37,2018-01-22 09:30:00-06:00,167.189,2018-01-22 14:52:00-06:00,167.93099999999998,166.69,274.54,long: close 167.16 > upper 166.79,flatten
2018-01-23,1,24,2018-01-23 09:30:00-06:00,169.28900000000002,2018-01-23 11:00:00-06:00,169.21099999999998,168.52,-18.72,long: close 169.26 > upper 169.15,exit long: close 169.23 < upper 169.24
2018-01-23,1,21,2018-01-23 11:30:00-06:00,169.369,2018-01-23 12:00:00-06:00,169.221,168.47,-31.08,long: close 169.35 > upper 169.28,exit long: close 169.23 < upper 169.36
2018-01-24,-1,30,2018-01-24 10:30:00-06:00,168.891,2018-01-24 13:30:00-06:00,168.949,169.51,-17.4,short: close 168.91 < lower 169.03,exit short: close 168.93 > lower 168.74
2018-01-26,1,21,2018-01-26 10:00:00-06:00,169.769,2018-01-26 11:00:00-06:00,169.611,168.87,-33.18,long: close 169.74 > upper 169.71,exit long: close 169.64 < upper 169.78
2018-01-26,1,16,2018-01-26 13:00:00-06:00,170.139,2018-01-26 13:30:00-06:00,169.981,168.95000000000002,-25.28,long: close 170.12 > upper 170.00,exit long: close 170.00 < upper 170.00
2018-01-30,-1,17,2018-01-30 09:00:00-06:00,168.18099999999998,2018-01-30 09:30:00-06:00,168.679,169.31,-84.66,short: close 168.21 < lower 168.21,exit short: close 168.66 > lower 168.17
2018-02-02,-1,26,2018-02-02 09:00:00-06:00,166.571,2018-02-02 11:30:00-06:00,166.81900000000002,167.28,-64.48,short: close 166.59 < lower 166.95,exit short: close 166.80 > lower 166.74
2018-02-02,-1,19,2018-02-02 12:00:00-06:00,166.381,2018-02-02 14:52:00-06:00,164.78900000000002,167.39000000000001,302.48,short: close 166.41 < lower 166.65,flatten
2018-02-05,1,17,2018-02-05 09:30:00-06:00,165.534,2018-02-05 10:00:00-06:00,165.021,164.4,-87.21,long: close 165.49 > upper 164.99,exit long: close 165.04 < upper 165.05
2018-02-06,1,12,2018-02-06 09:00:00-06:00,159.3989,2018-02-06 09:17:00-06:00,157.871,157.89000000000001,-183.35,long: close 159.35 > upper 158.57,stop
2018-02-06,1,11,2018-02-06 11:30:00-06:00,159.7409,2018-02-06 13:00:00-06:00,158.3344,158.1,-154.72,long: close 159.74 > upper 158.71,exit long: close 158.35 < upper 158.82
2018-02-07,1,19,2018-02-07 10:30:00-06:00,163.09900000000002,2018-02-07 11:00:00-06:00,162.911,162.1,-35.72,long: close 163.08 > upper 163.05,exit long: close 162.93 < upper 163.11
2018-02-08,-1,21,2018-02-08 09:30:00-06:00,159.421,2018-02-08 14:52:00-06:00,154.81900000000002,160.32,966.42,short: close 159.44 < lower 159.56,flatten
2018-02-09,-1,9,2018-02-09 11:30:00-06:00,151.421,2018-02-09 12:00:00-06:00,152.419,153.53,-89.82,short: close 151.44 < lower 152.44,exit short: close 152.45 > lower 152.36
2018-02-09,-1,8,2018-02-09 12:30:00-06:00,150.791,2018-02-09 13:01:00-06:00,153.059,153.04,-181.44,short: close 150.85 < lower 152.30,stop
2018-02-12,1,10,2018-02-12 11:00:00-06:00,158.959,2018-02-12 12:00:00-06:00,158.701,157.11,-25.8,long: close 158.94 > upper 158.75,exit long: close 158.72 < upper 158.94
2018-02-12,1,10,2018-02-12 13:00:00-06:00,159.309,2018-02-12 14:52:00-06:00,158.891,157.46,-41.8,long: close 159.29 > upper 158.75,flatten
2018-02-14,1,16,2018-02-14 09:30:00-06:00,160.969,2018-02-14 14:52:00-06:00,162.891,159.82,307.52,long: close 160.94 > upper 160.36,flatten
2018-02-20,1,12,2018-02-20 10:30:00-06:00,166.359,2018-02-20 11:30:00-06:00,166.46099999999998,164.79,12.24,long: close 166.34 > upper 166.27,exit long: close 166.49 < upper 166.57
2018-02-20,1,10,2018-02-20 12:00:00-06:00,166.609,2018-02-20 12:30:00-06:00,166.111,164.73,-49.8,long: close 166.60 > upper 166.59,exit long: close 166.13 < upper 166.74
2018-03-01,-1,36,2018-03-01 09:00:00-06:00,165.87099999999998,2018-03-01 09:03:00-06:00,166.399,166.38,-190.08,short: close 165.88 < lower 166.69,stop
2018-03-01,-1,11,2018-03-01 12:30:00-06:00,165.201,2018-03-01 14:52:00-06:00,164.769,166.83,47.52,short: close 165.24 < lower 165.57,flatten
2018-03-05,1,13,2018-03-05 11:00:00-06:00,167.389,2018-03-05 13:30:00-06:00,167.381,165.97,-1.04,long: close 167.38 > upper 167.04,exit long: close 167.39 < upper 167.40
2018-03-09,1,15,2018-03-09 10:00:00-06:00,171.809,2018-03-09 10:30:00-06:00,171.96099999999998,170.53,22.8,long: close 171.78 > upper 171.75,exit long: close 171.98 < upper 172.02
2018-03-09,1,12,2018-03-09 11:00:00-06:00,172.109,2018-03-09 14:52:00-06:00,172.881,170.52,92.64,long: close 172.09 > upper 172.06,flatten
2018-03-12,1,27,2018-03-12 09:30:00-05:00,174.109,2018-03-12 10:00:00-05:00,173.68099999999998,173.43,-115.56,long: close 174.10 > upper 174.06,exit long: close 173.69 < upper 174.30
2018-03-13,-1,15,2018-03-13 10:30:00-05:00,172.971,2018-03-13 12:30:00-05:00,173.09900000000002,174.24,-19.2,short: close 172.98 < lower 173.07,exit short: close 173.08 > lower 172.91
2018-03-13,-1,12,2018-03-13 13:00:00-05:00,172.591,2018-03-13 14:52:00-05:00,171.6959,174.21,107.41,short: close 172.60 < lower 172.72,flatten
2018-03-19,-1,16,2018-03-19 09:30:00-05:00,168.7209,2018-03-19 14:52:00-05:00,166.859,169.92000000000002,297.9,short: close 168.74 < lower 168.92,flatten
2018-03-20,1,54,2018-03-20 09:30:00-05:00,167.639,2018-03-20 10:00:00-05:00,167.74099999999999,167.31,55.08,long: close 167.62 > upper 167.44,exit long: close 167.75 < upper 167.76
2018-03-22,-1,10,2018-03-22 10:30:00-05:00,163.8209,2018-03-22 11:30:00-05:00,164.549,165.73,-72.81,short: close 163.82 < lower 163.87,exit short: close 164.53 > lower 163.70
2018-03-23,-1,20,2018-03-23 11:00:00-05:00,160.951,2018-03-23 12:11:00-05:00,161.919,161.9,-193.6,short: close 160.97 < lower 161.68,stop
2018-03-23,-1,19,2018-03-23 13:30:00-05:00,161.40099999999998,2018-03-23 14:52:00-05:00,158.689,162.39000000000001,515.28,short: close 161.42 < lower 161.65,flatten
2018-03-26,1,10,2018-03-26 09:00:00-05:00,161.929,2018-03-26 09:30:00-05:00,161.161,160.08,-76.8,long: close 161.93 > upper 161.91,exit long: close 161.20 < upper 162.02
2018-03-26,1,7,2018-03-26 13:30:00-05:00,162.969,2018-03-26 14:52:00-05:00,164.311,160.48,93.94,long: close 162.94 > upper 162.56,flatten
2018-03-27,-1,13,2018-03-27 12:30:00-05:00,163.381,2018-03-27 14:52:00-05:00,158.859,164.78,587.86,short: close 163.39 < lower 163.61,flatten
2018-03-28,-1,25,2018-03-28 09:30:00-05:00,157.821,2018-03-28 11:00:00-05:00,157.709,158.56,28.0,short: close 157.85 < lower 157.86,exit short: close 157.70 > lower 157.27
2018-03-29,-1,27,2018-03-29 09:00:00-05:00,156.951,2018-03-29 09:12:00-05:00,157.65900000000002,157.64000000000001,-191.16,short: close 156.95 < lower 157.02,stop
2018-03-29,1,18,2018-03-29 10:00:00-05:00,159.579,2018-03-29 11:09:00-05:00,158.541,158.56,-186.84,long: close 159.57 > upper 158.73,stop
2018-04-02,-1,20,2018-04-02 09:00:00-05:00,158.171,2018-04-02 14:52:00-05:00,155.53990000000002,159.1,526.22,short: close 158.20 < lower 158.65,flatten
2018-04-06,-1,8,2018-04-06 13:00:00-05:00,157.251,2018-04-06 14:52:00-05:00,157.409,159.47,-12.64,short: close 157.28 < lower 157.56,flatten
2018-04-09,1,15,2018-04-09 09:00:00-05:00,159.00900000000001,2018-04-09 13:30:00-05:00,159.761,157.78,112.8,long: close 158.99 > upper 158.57,exit long: close 159.81 < upper 159.94
2018-04-12,1,16,2018-04-12 09:00:00-05:00,162.324,2018-04-12 10:00:00-05:00,162.12099999999998,161.14000000000001,-32.48,long: close 162.31 > upper 161.99,exit long: close 162.16 < upper 162.26
2018-04-17,1,10,2018-04-17 10:30:00-05:00,165.679,2018-04-17 13:30:00-05:00,165.8458,163.79,16.68,long: close 165.65 > upper 165.26,exit long: close 165.86 < upper 166.11
2018-04-20,-1,20,2018-04-20 09:00:00-05:00,163.751,2018-04-20 09:30:00-05:00,163.939,164.69,-37.6,short: close 163.76 < lower 163.79,exit short: close 163.91 > lower 163.63
2018-04-20,-1,17,2018-04-20 10:00:00-05:00,163.24099999999999,2018-04-20 14:52:00-05:00,162.09900000000002,164.36,194.14,short: close 163.26 < lower 163.61,flatten
2018-04-24,-1,18,2018-04-24 09:30:00-05:00,161.131,2018-04-24 14:52:00-05:00,158.53900000000002,162.16,466.56,short: close 161.16 < lower 161.22,flatten
2018-04-25,-1,26,2018-04-25 09:00:00-05:00,156.791,2018-04-25 09:25:00-05:00,157.529,157.51,-191.88,short: close 156.80 < lower 157.92,stop
2018-04-25,-1,22,2018-04-25 09:30:00-05:00,157.591,2018-04-25 09:44:00-05:00,158.449,158.43,-188.76,short: close 157.58 < lower 157.81,stop
2018-04-26,1,11,2018-04-26 09:30:00-05:00,161.489,2018-04-26 10:30:00-05:00,161.481,159.77,-0.88,long: close 161.46 > upper 161.44,exit long: close 161.52 < upper 161.62
2018-04-26,1,9,2018-04-26 12:30:00-05:00,162.019,2018-04-26 13:30:00-05:00,162.101,159.94,7.38,long: close 161.99 > upper 161.81,exit long: close 162.10 < upper 162.12
2018-05-04,1,26,2018-05-04 09:00:00-05:00,162.209,2018-05-04 14:52:00-05:00,164.716,161.5,651.82,long: close 162.19 > upper 161.77,flatten
2018-05-07,1,18,2018-05-07 09:00:00-05:00,166.429,2018-05-07 09:30:00-05:00,166.441,165.39000000000001,2.16,long: close 166.41 > upper 166.28,exit long: close 166.47 < upper 166.49
2018-05-15,-1,14,2018-05-15 09:00:00-05:00,167.161,2018-05-15 09:30:00-05:00,167.769,168.5,-85.12,short: close 167.19 < lower 167.73,exit short: close 167.76 > lower 167.51
2018-05-15,-1,12,2018-05-15 10:30:00-05:00,167.441,2018-05-15 11:00:00-05:00,167.479,168.99,-4.56,short: close 167.45 < lower 167.53,exit short: close 167.45 > lower 167.43
2018-05-24,-1,37,2018-05-24 09:00:00-05:00,168.671,2018-05-24 11:00:00-05:00,169.059,169.16,-143.56,short: close 168.70 < lower 169.09,exit short: close 169.04 > lower 168.80
2018-05-30,1,22,2018-05-30 11:00:00-05:00,170.309,2018-05-30 12:00:00-05:00,170.022,169.44,-63.14,long: close 170.28 > upper 170.15,exit long: close 170.04 < upper 170.17
2018-05-30,1,22,2018-05-30 12:30:00-05:00,170.269,2018-05-30 13:00:00-05:00,170.131,169.43,-30.36,long: close 170.25 > upper 170.12,exit long: close 170.15 < upper 170.17
2018-06-04,1,21,2018-06-04 11:30:00-05:00,174.199,2018-06-04 14:52:00-05:00,174.261,173.32,13.02,long: close 174.18 > upper 173.84,flatten
2018-06-07,-1,33,2018-06-07 09:30:00-05:00,174.721,2018-06-07 14:52:00-05:00,174.579,175.28,46.86,short: close 174.73 < lower 175.33,flatten
2018-06-11,1,25,2018-06-11 11:30:00-05:00,175.309,2018-06-11 13:30:00-05:00,175.036,174.55,-68.25,long: close 175.29 > upper 175.13,exit long: close 175.05 < upper 175.18
2018-06-12,1,23,2018-06-12 13:00:00-05:00,175.979,2018-06-12 13:30:00-05:00,175.271,175.17000000000002,-162.84,long: close 175.97 > upper 175.83,exit long: close 175.30 < upper 175.90
2018-06-13,1,26,2018-06-13 10:30:00-05:00,176.999,2018-06-13 11:30:00-05:00,176.781,176.27,-56.68,long: close 176.98 > upper 176.70,exit long: close 176.80 < upper 176.84
2018-06-14,1,20,2018-06-14 09:30:00-05:00,177.56900000000002,2018-06-14 10:00:00-05:00,176.9594,176.65,-121.92,long: close 177.54 > upper 177.11,exit long: close 176.97 < upper 177.25
2018-06-14,1,18,2018-06-14 10:30:00-05:00,177.31900000000002,2018-06-14 14:00:00-05:00,177.1411,176.3,-32.02,long: close 177.28 > upper 177.21,exit long: close 177.16 < upper 177.25
2018-06-27,1,26,2018-06-27 09:00:00-05:00,173.309,2018-06-27 09:30:00-05:00,173.011,172.59,-77.48,long: close 173.29 > upper 173.14,exit long: close 173.03 < upper 173.35
2018-06-27,-1,14,2018-06-27 12:30:00-05:00,171.001,2018-06-27 14:52:00-05:00,170.089,172.38,127.68,short: close 171.02 < lower 171.04,flatten
2018-06-28,1,40,2018-06-28 09:00:00-05:00,170.25900000000001,2018-06-28 09:04:00-05:00,169.791,169.81,-187.2,long: close 170.17 > upper 170.04,stop
2018-06-28,1,29,2018-06-28 10:00:00-05:00,170.549,2018-06-28 11:25:00-05:00,169.901,169.92000000000002,-187.92,long: close 170.53 > upper 170.22,stop
2018-06-29,1,23,2018-06-29 09:00:00-05:00,172.529,2018-06-29 09:30:00-05:00,172.281,171.72,-57.04,long: close 172.52 > upper 172.41,exit long: close 172.29 < upper 172.53
2018-06-29,1,18,2018-06-29 10:00:00-05:00,172.719,2018-06-29 10:30:00-05:00,172.46099999999998,171.69,-46.44,long: close 172.71 > upper 172.64,exit long: close 172.48 < upper 172.81
2018-07-03,-1,16,2018-07-03 11:30:00-05:00,171.661,2018-07-03 14:55:00-05:00,170.589,172.8,171.52,short: close 171.69 < lower 171.97,flatten
2018-07-06,1,27,2018-07-06 09:00:00-05:00,173.939,2018-07-06 14:52:00-05:00,175.34,173.25,378.27,long: close 173.92 > upper 173.79,flatten
2018-07-12,1,20,2018-07-12 09:00:00-05:00,177.78900000000002,2018-07-12 14:52:00-05:00,179.201,176.84,282.4,long: close 177.78 > upper 177.76,flatten
2018-07-17,1,11,2018-07-17 11:30:00-05:00,180.31900000000002,2018-07-17 14:00:00-05:00,180.096,178.66,-24.53,long: close 180.30 > upper 179.90,exit long: close 180.12 < upper 180.37
2018-07-27,-1,19,2018-07-27 10:00:00-05:00,179.411,2018-07-27 14:52:00-05:00,177.749,180.42000000000002,315.78,short: close 179.45 < lower 179.70,flatten
2018-07-30,-1,46,2018-07-30 09:00:00-05:00,175.631,2018-07-30 09:07:00-05:00,176.03900000000002,176.02,-187.68,short: close 175.65 < lower 177.27,stop
2018-07-30,-1,38,2018-07-30 09:30:00-05:00,176.091,2018-07-30 14:52:00-05:00,175.169,176.57,350.36,short: close 176.11 < lower 177.18,flatten
2018-07-31,1,16,2018-07-31 11:00:00-05:00,176.719,2018-07-31 12:00:00-05:00,176.656,175.56,-10.08,long: close 176.70 > upper 176.63,exit long: close 176.68 < upper 176.93
2018-08-01,1,21,2018-08-01 09:30:00-05:00,177.5341,2018-08-01 10:00:00-05:00,177.261,176.63,-57.35,long: close 177.52 > upper 177.42,exit long: close 177.27 < upper 177.53
2018-08-02,1,14,2018-08-02 10:30:00-05:00,177.949,2018-08-02 14:52:00-05:00,179.581,176.61,228.48,long: close 177.92 > upper 177.84,flatten
2018-08-13,1,30,2018-08-13 09:00:00-05:00,181.53900000000002,2018-08-13 10:25:00-05:00,180.901,180.92000000000002,-191.4,long: close 181.52 > upper 181.30,stop
2018-09-05,-1,31,2018-09-05 09:00:00-05:00,184.131,2018-09-05 14:52:00-05:00,183.209,184.73,285.82,short: close 184.15 < lower 185.12,flatten
2018-09-06,-1,26,2018-09-06 09:30:00-05:00,182.341,2018-09-06 14:52:00-05:00,181.859,183.06,125.32,short: close 182.36 < lower 182.78,flatten
2018-09-11,1,14,2018-09-11 11:00:00-05:00,183.239,2018-09-11 12:30:00-05:00,182.591,181.93,-90.72,long: close 183.22 > upper 182.66,exit long: close 182.61 < upper 182.63
2018-09-11,1,15,2018-09-11 13:00:00-05:00,182.829,2018-09-11 14:52:00-05:00,182.99599999999998,181.59,25.05,long: close 182.82 > upper 182.58,flatten
2018-09-12,-1,27,2018-09-12 09:00:00-05:00,181.98409999999998,2018-09-12 10:30:00-05:00,182.529,182.68,-147.12,short: close 182.01 < lower 182.29,exit short: close 182.51 > lower 181.92
2018-09-12,-1,16,2018-09-12 11:00:00-05:00,181.541,2018-09-12 11:30:00-05:00,182.329,182.71,-126.08,short: close 181.57 < lower 181.82,exit short: close 182.31 > lower 181.85
2018-09-17,-1,24,2018-09-17 09:00:00-05:00,182.93099999999998,2018-09-17 11:30:00-05:00,182.639,183.70000000000002,70.08,short: close 182.95 < lower 183.04,exit short: close 182.61 > lower 182.61
2018-09-17,-1,17,2018-09-17 12:30:00-05:00,182.21009999999998,2018-09-17 14:52:00-05:00,181.329,183.32,149.79,short: close 182.23 < lower 182.71,flatten
2018-09-18,1,26,2018-09-18 09:00:00-05:00,182.769,2018-09-18 14:52:00-05:00,182.821,182.06,13.52,long: close 182.73 > upper 182.13,flatten
2018-09-19,-1,19,2018-09-19 09:30:00-05:00,181.771,2018-09-19 10:00:00-05:00,181.75900000000001,182.75,2.28,short: close 181.80 < lower 181.86,exit short: close 181.74 > lower 181.69
2018-09-26,1,18,2018-09-26 10:30:00-05:00,185.369,2018-09-26 11:00:00-05:00,185.221,184.32,-26.64,long: close 185.35 > upper 185.24,exit long: close 185.24 < upper 185.36
2018-09-26,1,16,2018-09-26 13:30:00-05:00,185.799,2018-09-26 14:45:00-05:00,184.601,184.62,-191.68,long: close 185.78 > upper 185.37,stop
2018-09-27,1,15,2018-09-27 09:30:00-05:00,186.059,2018-09-27 14:00:00-05:00,185.951,184.79,-16.2,long: close 186.04 > upper 185.90,exit long: close 185.97 < upper 186.12
2018-10-09,1,37,2018-10-09 09:00:00-05:00,179.959,2018-10-09 09:06:00-05:00,179.441,179.46,-191.66,long: close 179.94 > upper 179.64,stop
2018-10-09,1,26,2018-10-09 09:30:00-05:00,180.559,2018-10-09 10:09:00-05:00,179.821,179.84,-191.88,long: close 180.52 > upper 179.87,stop
2018-10-10,-1,20,2018-10-10 09:00:00-05:00,176.21099999999998,2018-10-10 14:52:00-05:00,172.799,177.16,682.4,short: close 176.22 < lower 178.11,flatten
2018-10-11,1,21,2018-10-11 09:00:00-05:00,173.34900000000002,2018-10-11 09:04:00-05:00,172.421,172.44,-194.88,long: close 173.33 > upper 172.30,stop
2018-10-15,-1,18,2018-10-15 09:00:00-05:00,172.65099999999998,2018-10-15 10:26:00-05:00,173.68900000000002,173.67000000000002,-186.84,short: close 172.70 < lower 172.99,stop
2018-10-16,1,10,2018-10-16 10:00:00-05:00,174.924,2018-10-16 14:52:00-05:00,177.291,173.13,236.7,long: close 174.91 > upper 174.87,flatten
2018-10-17,-1,14,2018-10-17 10:00:00-05:00,175.981,2018-10-17 10:30:00-05:00,176.719,177.37,-103.32,short: close 176.01 < lower 176.25,exit short: close 176.69 > lower 176.12
2018-10-18,-1,15,2018-10-18 09:30:00-05:00,175.6235,2018-10-18 10:00:00-05:00,176.119,176.9,-74.32,short: close 175.66 < lower 175.67,exit short: close 176.08 > lower 175.66
2018-10-18,-1,14,2018-10-18 10:30:00-05:00,174.611,2018-10-18 14:52:00-05:00,173.28900000000002,176.0,185.08,short: close 174.64 < lower 175.56,flatten
2018-10-19,1,13,2018-10-19 09:00:00-05:00,175.429,2018-10-19 10:30:00-05:00,174.601,173.99,-107.64,long: close 175.41 > upper 175.31,exit long: close 174.61 < upper 175.51
2018-10-23,-1,7,2018-10-23 09:30:00-05:00,169.751,2018-10-23 10:00:00-05:00,169.959,172.36,-14.56,short: close 169.76 < lower 169.76,exit short: close 169.95 > lower 169.83
2018-10-24,-1,15,2018-10-24 09:30:00-05:00,171.791,2018-10-24 14:52:00-05:00,166.269,173.04,828.3,short: close 171.85 < lower 172.01,flatten
2018-10-25,1,8,2018-10-25 09:00:00-05:00,169.09900000000002,2018-10-25 14:52:00-05:00,170.951,166.8,148.16,long: close 169.08 > upper 168.98,flatten
2018-10-29,-1,6,2018-10-29 13:30:00-05:00,164.561,2018-10-29 14:52:00-05:00,162.22910000000002,167.6,139.91,short: close 164.57 < lower 164.95,flatten
2018-10-30,1,13,2018-10-30 09:00:00-05:00,165.159,2018-10-30 09:30:00-05:00,164.551,163.69,-79.04,long: close 165.13 > upper 164.75,exit long: close 164.57 < upper 164.69
2018-10-31,1,8,2018-10-31 09:00:00-05:00,169.899,2018-10-31 11:00:00-05:00,169.341,167.49,-44.64,long: close 169.87 > upper 169.61,exit long: close 169.37 < upper 169.90
2018-10-31,1,6,2018-10-31 12:00:00-05:00,170.25900000000001,2018-10-31 14:30:00-05:00,170.721,167.33,27.72,long: close 170.23 > upper 170.14,exit long: close 170.78 < upper 170.81
2018-11-01,1,9,2018-11-01 12:30:00-05:00,171.989,2018-11-01 13:00:00-05:00,171.701,170.0,-25.92,long: close 171.97 > upper 171.88,exit long: close 171.72 < upper 171.98
2018-11-02,-1,14,2018-11-02 09:30:00-05:00,169.951,2018-11-02 13:30:00-05:00,169.869,171.27,11.48,short: close 169.98 < lower 170.50,exit short: close 169.84 > lower 169.33
2018-11-05,-1,19,2018-11-05 09:00:00-06:00,168.041,2018-11-05 12:00:00-06:00,167.829,169.05,40.28,short: close 168.04 < lower 168.56,exit short: close 167.81 > lower 167.72
2018-11-06,1,18,2018-11-06 09:00:00-06:00,170.859,2018-11-06 09:58:00-06:00,169.791,169.81,-192.24,long: close 170.86 > upper 169.99,stop
2018-11-07,1,9,2018-11-07 10:00:00-06:00,174.00900000000001,2018-11-07 14:52:00-06:00,175.101,172.02,98.28,long: close 173.99 > upper 173.26,flatten
2018-11-09,-1,8,2018-11-09 11:00:00-06:00,171.0008,2018-11-09 12:00:00-06:00,171.089,173.22,-7.06,short: close 171.02 < lower 171.45,exit short: close 171.06 > lower 171.02
2018-11-09,-1,7,2018-11-09 12:30:00-06:00,170.851,2018-11-09 14:00:00-06:00,171.299,173.54,-31.36,short: close 170.87 < lower 170.98,exit short: close 171.27 > lower 170.70
2018-11-12,-1,12,2018-11-12 09:00:00-06:00,168.701,2018-11-12 14:52:00-06:00,166.549,170.28,258.24,short: close 168.72 < lower 169.35,flatten
2018-11-15,1,9,2018-11-15 12:30:00-06:00,167.06900000000002,2018-11-15 14:30:00-06:00,167.101,165.08,2.88,long: close 167.03 > upper 166.98,exit long: close 167.11 < upper 167.13
2018-11-19,-1,15,2018-11-19 09:00:00-06:00,165.46099999999998,2018-11-19 14:52:00-06:00,161.739,166.69,558.3,short: close 165.49 < lower 165.90,flatten
2018-11-26,1,10,2018-11-26 09:00:00-06:00,162.299,2018-11-26 09:30:00-06:00,161.751,160.36,-54.8,long: close 162.29 > upper 162.14,exit long: close 161.77 < upper 162.46
2018-11-28,1,10,2018-11-28 11:30:00-06:00,166.929,2018-11-28 14:52:00-06:00,168.58599999999998,165.03,165.7,long: close 166.92 > upper 165.95,flatten
2018-12-04,-1,12,2018-12-04 11:30:00-06:00,168.12099999999998,2018-12-04 14:52:00-06:00,165.699,169.74,290.64,short: close 168.13 < lower 170.21,flatten
2018-12-07,-1,18,2018-12-07 09:30:00-06:00,165.061,2018-12-07 14:52:00-06:00,161.719,166.13,601.56,short: close 165.07 < lower 165.44,flatten
2018-12-12,1,9,2018-12-12 10:30:00-06:00,167.12900000000002,2018-12-12 11:30:00-06:00,167.21099999999998,164.99,7.38,long: close 167.11 > upper 166.96,exit long: close 167.22 < upper 167.45
2018-12-12,1,7,2018-12-12 12:00:00-06:00,167.449,2018-12-12 13:00:00-06:00,167.021,164.88,-29.96,long: close 167.43 > upper 167.39,exit long: close 167.04 < upper 167.75
2018-12-14,-1,10,2018-12-14 11:00:00-06:00,162.171,2018-12-14 11:30:00-06:00,162.60750000000002,164.13,-43.65,short: close 162.20 < lower 162.20,exit short: close 162.59 > lower 161.80
2018-12-17,-1,31,2018-12-17 09:00:00-06:00,159.391,2018-12-17 09:12:00-06:00,159.999,159.98,-188.48,short: close 159.42 < lower 160.08,stop
2018-12-17,-1,9,2018-12-17 13:00:00-06:00,158.361,2018-12-17 14:52:00-06:00,156.749,160.44,145.08,short: close 158.39 < lower 158.59,flatten
2018-12-18,1,21,2018-12-18 09:00:00-06:00,159.139,2018-12-18 09:30:00-06:00,158.981,158.23,-33.18,long: close 159.11 > upper 159.01,exit long: close 158.99 < upper 159.08
2018-12-19,1,41,2018-12-19 09:00:00-06:00,159.949,2018-12-19 10:11:00-06:00,159.49099999999999,159.51,-187.78,long: close 159.92 > upper 158.78,stop
2018-12-19,1,22,2018-12-19 10:30:00-06:00,159.479,2018-12-19 12:00:00-06:00,159.591,158.63,24.64,long: close 159.46 > upper 159.19,exit long: close 159.62 < upper 159.90
2018-12-20,-1,17,2018-12-20 10:30:00-06:00,152.921,2018-12-20 11:30:00-06:00,153.06900000000002,154.0,-25.16,short: close 152.93 < lower 153.40,exit short: close 153.05 > lower 152.85
2018-12-20,-1,12,2018-12-20 12:30:00-06:00,152.37099999999998,2018-12-20 14:00:00-06:00,152.899,153.99,-63.36,short: close 152.40 < lower 152.85,exit short: close 152.88 > lower 152.37
2018-12-21,-1,13,2018-12-21 11:00:00-06:00,150.46099999999998,2018-12-21 14:52:00-06:00,147.329,151.91,407.16,short: close 150.48 < lower 151.31,flatten
2018-12-24,-1,16,2018-12-24 09:00:00-06:00,144.94979999999998,2018-12-24 09:30:00-06:00,145.889,146.16,-150.27,short: close 144.97 < lower 145.65,exit short: close 145.86 > lower 145.70
2018-12-24,-1,8,2018-12-24 12:00:00-06:00,143.521,2018-12-24 14:53:00-06:00,142.8893,145.86,50.54,short: close 143.52 < lower 144.53,flatten
2018-12-26,1,9,2018-12-26 10:30:00-06:00,145.989,2018-12-26 14:52:00-06:00,151.331,144.0,480.78,long: close 145.97 > upper 145.92,flatten
2018-12-27,-1,13,2018-12-27 09:00:00-06:00,149.93099999999998,2018-12-27 10:30:00-06:00,149.869,151.43,8.06,short: close 149.95 < lower 150.02,exit short: close 149.84 > lower 149.67
2018-12-27,-1,7,2018-12-27 11:30:00-06:00,148.43099999999998,2018-12-27 12:00:00-06:00,148.929,151.05,-34.86,short: close 148.44 < lower 148.91,exit short: close 148.92 > lower 148.72
2018-12-28,-1,20,2018-12-28 09:30:00-06:00,152.261,2018-12-28 09:51:00-06:00,153.209,153.19,-189.6,short: close 152.28 < lower 152.66,stop
2019-01-03,-1,10,2019-01-03 09:30:00-06:00,151.291,2019-01-03 11:00:00-06:00,152.059,153.15,-76.8,short: close 151.32 < lower 151.89,exit short: close 152.03 > lower 151.25
2019-01-03,-1,5,2019-01-03 13:00:00-06:00,150.37099999999998,2019-01-03 13:30:00-06:00,151.269,153.71,-44.9,short: close 150.41 < lower 150.42,exit short: close 151.22 > lower 150.60
2019-01-04,1,10,2019-01-04 09:00:00-06:00,153.34900000000002,2019-01-04 14:52:00-06:00,156.15099999999998,151.45000000000002,280.2,long: close 153.33 > upper 152.85,flatten
2019-01-07,1,12,2019-01-07 11:00:00-06:00,158.469,2019-01-07 12:30:00-06:00,158.591,156.89000000000001,14.64,long: close 158.45 > upper 158.05,exit long: close 158.62 < upper 158.68
2019-01-15,1,21,2019-01-15 09:00:00-06:00,161.589,2019-01-15 13:30:00-06:00,161.471,160.68,-24.78,long: close 161.56 > upper 160.53,exit long: close 161.50 < upper 161.84
2019-01-16,1,26,2019-01-16 09:00:00-06:00,163.459,2019-01-16 09:30:00-06:00,163.091,162.74,-95.68,long: close 163.43 > upper 163.25,exit long: close 163.10 < upper 163.72
2019-01-22,-1,10,2019-01-22 11:00:00-06:00,162.49099999999999,2019-01-22 14:52:00-06:00,161.419,164.32,107.2,short: close 162.52 < lower 162.80,flatten
2019-01-28,-1,11,2019-01-28 09:00:00-06:00,162.321,2019-01-28 09:30:00-06:00,162.799,163.96,-52.58,short: close 162.35 < lower 162.51,exit short: close 162.81 > lower 162.46
2019-01-28,-1,9,2019-01-28 11:00:00-06:00,161.90099999999998,2019-01-28 11:30:00-06:00,162.409,164.04,-45.72,short: close 161.93 < lower 162.01,exit short: close 162.38 > lower 162.01
2019-01-29,-1,26,2019-01-29 10:00:00-06:00,161.191,2019-01-29 11:17:00-06:00,161.929,161.91,-191.88,short: close 161.21 < lower 162.43,stop
2019-01-29,-1,19,2019-01-29 11:30:00-06:00,161.87099999999998,2019-01-29 14:52:00-06:00,161.329,162.84,102.98,short: close 161.89 < lower 162.18,flatten
2019-01-30,1,11,2019-01-30 13:30:00-06:00,165.489,2019-01-30 14:52:00-06:00,165.601,163.77,12.32,long: close 165.47 > upper 164.17,flatten
2019-01-31,1,19,2019-01-31 09:00:00-06:00,167.34900000000002,2019-01-31 14:52:00-06:00,168.05599999999998,166.38,134.33,long: close 167.32 > upper 167.20,flatten
2019-02-04,1,32,2019-02-04 09:00:00-06:00,168.119,2019-02-04 14:52:00-06:00,169.111,167.54,317.44,long: close 168.10 > upper 168.05,flatten
2019-02-05,1,27,2019-02-05 09:00:00-06:00,170.549,2019-02-05 10:30:00-06:00,170.561,169.87,3.24,long: close 170.53 > upper 170.31,exit long: close 170.57 < upper 170.65
2019-02-06,-1,29,2019-02-06 09:30:00-06:00,170.101,2019-02-06 09:43:00-06:00,170.749,170.73,-187.92,short: close 170.12 < lower 170.41,stop
2019-02-07,-1,13,2019-02-07 10:00:00-06:00,168.251,2019-02-07 14:52:00-06:00,168.03900000000002,169.73,27.56,short: close 168.28 < lower 168.28,flatten
2019-02-12,1,20,2019-02-12 09:00:00-06:00,170.049,2019-02-12 14:52:00-06:00,170.876,169.11,165.4,long: close 170.02 > upper 169.92,flatten
2019-03-13,1,16,2019-03-13 10:30:00-05:00,177.619,2019-03-13 11:30:00-05:00,177.341,176.42000000000002,-44.48,long: close 177.59 > upper 177.36,exit long: close 177.36 < upper 177.44
2019-03-13,1,15,2019-03-13 12:00:00-05:00,177.429,2019-03-13 14:00:00-05:00,177.421,176.19,-1.2,long: close 177.41 > upper 177.39,exit long: close 177.44 < upper 177.53
2019-03-15,1,27,2019-03-15 09:00:00-05:00,178.079,2019-03-15 10:00:00-05:00,177.96099999999998,177.38,-31.86,long: close 178.06 > upper 177.77,exit long: close 177.97 < upper 177.99
2019-03-15,1,17,2019-03-15 10:30:00-05:00,178.241,2019-03-15 14:52:00-05:00,178.166,177.15,-12.75,long: close 178.22 > upper 178.16,flatten
2019-03-18,1,33,2019-03-18 09:00:00-05:00,178.75900000000001,2019-03-18 09:30:00-05:00,178.701,178.20000000000002,-19.14,long: close 178.74 > upper 178.67,exit long: close 178.71 < upper 178.85
2019-03-20,1,21,2019-03-20 13:30:00-05:00,180.659,2019-03-20 14:32:00-05:00,179.761,179.78,-188.58,long: close 180.68 > upper 179.93,stop
2019-03-21,1,25,2019-03-21 09:00:00-05:00,180.399,2019-03-21 14:52:00-05:00,182.481,179.66,520.5,long: close 180.38 > upper 180.23,flatten
2019-03-22,-1,20,2019-03-22 09:00:00-05:00,180.71099999999998,2019-03-22 09:21:00-05:00,181.65900000000002,181.64000000000001,-189.6,short: close 180.72 < lower 181.23,stop
2019-03-22,-1,16,2019-03-22 10:00:00-05:00,180.522,2019-03-22 14:52:00-05:00,178.799,181.67000000000002,275.68,short: close 180.55 < lower 181.01,flatten
2019-03-25,-1,22,2019-03-25 09:00:00-05:00,177.281,2019-03-25 09:30:00-05:00,177.479,178.13,-43.56,short: close 177.30 < lower 177.36,exit short: close 177.46 > lower 177.31
2019-03-26,1,15,2019-03-26 09:00:00-05:00,180.56900000000002,2019-03-26 09:30:00-05:00,180.001,179.32,-85.2,long: close 180.55 > upper 180.16,exit long: close 180.00 < upper 180.22
2019-03-27,-1,20,2019-03-27 10:30:00-05:00,177.321,2019-03-27 13:00:00-05:00,178.029,178.26,-141.6,short: close 177.37 < lower 178.22,exit short: close 178.00 > lower 177.92
2019-04-03,1,17,2019-04-03 10:00:00-05:00,184.399,2019-04-03 12:30:00-05:00,184.411,183.3,2.04,long: close 184.37 > upper 184.33,exit long: close 184.43 < upper 184.48
2019-05-07,-1,11,2019-05-07 10:00:00-05:00,186.501,2019-05-07 14:52:00-05:00,185.779,188.17000000000002,79.42,short: close 186.52 < lower 187.26,flatten
2019-05-09,-1,13,2019-05-09 09:00:00-05:00,183.15099999999998,2019-05-09 11:00:00-05:00,183.329,184.55,-23.14,short: close 183.16 < lower 183.30,exit short: close 183.35 > lower 182.97
2019-05-10,-1,19,2019-05-10 09:30:00-05:00,182.791,2019-05-10 12:00:00-05:00,183.25400000000002,183.77,-87.97,short: close 182.84 < lower 183.46,exit short: close 183.24 > lower 183.20
2019-05-13,-1,6,2019-05-13 09:30:00-05:00,179.351,2019-05-13 10:00:00-05:00,179.649,182.34,-17.88,short: close 179.38 < lower 179.68,exit short: close 179.62 > lower 179.44
2019-05-13,-1,6,2019-05-13 10:30:00-05:00,179.011,2019-05-13 14:00:00-05:00,179.529,182.29,-31.08,short: close 179.03 < lower 179.38,exit short: close 179.51 > lower 179.39
2019-05-14,1,17,2019-05-14 09:30:00-05:00,180.339,2019-05-14 10:00:00-05:00,180.251,179.26,-14.96,long: close 180.33 > upper 180.12,exit long: close 180.27 < upper 180.34
2019-05-14,1,14,2019-05-14 10:30:00-05:00,180.859,2019-05-14 14:52:00-05:00,180.701,179.49,-22.12,long: close 180.84 > upper 180.41,flatten
2019-05-15,1,15,2019-05-15 09:30:00-05:00,181.939,2019-05-15 14:52:00-05:00,183.18099999999998,180.71,186.3,long: close 181.92 > upper 181.17,flatten
2019-05-16,1,36,2019-05-16 09:00:00-05:00,184.62900000000002,2019-05-16 14:52:00-05:00,184.506,184.12,-44.28,long: close 184.60 > upper 183.59,flatten
2019-05-23,-1,12,2019-05-23 09:00:00-05:00,178.426,2019-05-23 09:30:00-05:00,178.50900000000001,180.0,-9.96,short: close 178.45 < lower 178.46,exit short: close 178.50 > lower 178.04
2019-05-23,-1,9,2019-05-23 11:30:00-05:00,177.611,2019-05-23 12:30:00-05:00,177.719,179.76,-9.72,short: close 177.63 < lower 177.89,exit short: close 177.71 > lower 177.67
2019-05-28,1,24,2019-05-28 09:00:00-05:00,179.369,2019-05-28 09:18:00-05:00,178.581,178.6,-189.12,long: close 179.32 > upper 179.17,stop
2019-05-30,1,25,2019-05-30 09:00:00-05:00,177.049,2019-05-30 09:30:00-05:00,176.93099999999998,176.31,-29.5,long: close 177.05 > upper 177.05,exit long: close 176.95 < upper 177.44
2019-06-03,-1,27,2019-06-03 09:00:00-05:00,171.951,2019-06-03 09:28:00-05:00,172.65900000000002,172.64000000000001,-191.16,short: close 171.97 < lower 173.02,stop
2019-06-03,-1,20,2019-06-03 09:30:00-05:00,172.65099999999998,2019-06-03 10:00:00-05:00,172.889,173.59,-47.6,short: close 172.66 < lower 172.77,exit short: close 172.88 > lower 172.69
2019-06-04,1,12,2019-06-04 09:30:00-05:00,172.81900000000002,2019-06-04 14:52:00-05:00,174.541,171.20000000000002,206.64,long: close 172.80 > upper 172.72,flatten
2019-06-07,1,19,2019-06-07 09:00:00-05:00,179.84900000000002,2019-06-07 14:52:00-05:00,180.956,178.87,210.33,long: close 179.82 > upper 179.04,flatten
2019-06-10,1,16,2019-06-10 09:00:00-05:00,183.264,2019-06-10 14:30:00-05:00,183.271,182.06,1.12,long: close 183.25 > upper 182.83,exit long: close 183.29 < upper 183.41
2019-06-17,1,22,2019-06-17 09:00:00-05:00,183.989,2019-06-17 10:30:00-05:00,183.801,183.13,-41.36,long: close 183.96 > upper 183.65,exit long: close 183.83 < upper 183.87
2019-06-17,1,16,2019-06-17 13:00:00-05:00,184.036,2019-06-17 13:30:00-05:00,183.861,182.83,-28.0,long: close 184.02 > upper 184.01,exit long: close 183.88 < upper 184.02
2019-06-18,1,11,2019-06-18 09:00:00-05:00,187.079,2019-06-18 11:00:00-05:00,186.641,185.35,-48.18,long: close 187.06 > upper 186.52,exit long: close 186.67 < upper 186.88
2019-06-25,-1,21,2019-06-25 09:30:00-05:00,187.171,2019-06-25 14:52:00-05:00,184.794,188.05,499.17,short: close 187.20 < lower 187.21,flatten
2019-06-26,1,16,2019-06-26 09:00:00-05:00,187.029,2019-06-26 09:30:00-05:00,186.571,185.82,-73.28,long: close 187.00 > upper 186.74,exit long: close 186.58 < upper 186.91
2019-07-03,1,26,2019-07-03 11:00:00-05:00,191.13400000000001,2019-07-03 14:51:00-05:00,191.521,190.4,100.62,long: close 191.12 > upper 190.96,session end
2019-07-05,-1,16,2019-07-05 09:00:00-05:00,189.641,2019-07-05 09:30:00-05:00,189.639,190.82,0.32,short: close 189.65 < lower 189.67,exit short: close 189.64 > lower 189.58
2019-07-08,-1,17,2019-07-08 09:00:00-05:00,188.971,2019-07-08 09:30:00-05:00,189.359,190.09,-65.96,short: close 188.98 < lower 189.36,exit short: close 189.34 > lower 189.26
2019-07-08,-1,16,2019-07-08 11:00:00-05:00,189.251,2019-07-08 12:00:00-05:00,189.454,190.42000000000002,-32.48,short: close 189.28 < lower 189.31,exit short: close 189.44 > lower 189.13
2019-07-09,1,18,2019-07-09 11:30:00-05:00,190.369,2019-07-09 12:00:00-05:00,190.341,189.32,-5.04,long: close 190.35 > upper 190.31,exit long: close 190.36 < upper 190.42
2019-07-09,1,16,2019-07-09 13:00:00-05:00,190.5689,2019-07-09 14:30:00-05:00,190.301,189.36,-42.86,long: close 190.54 > upper 190.47,exit long: close 190.32 < upper 190.52
2019-07-10,1,19,2019-07-10 09:00:00-05:00,192.989,2019-07-10 09:30:00-05:00,192.156,191.99,-158.27,long: close 192.98 > upper 192.24,exit long: close 192.16 < upper 192.33
2019-07-12,1,24,2019-07-12 12:00:00-05:00,193.329,2019-07-12 12:30:00-05:00,193.231,192.56,-23.52,long: close 193.32 > upper 193.29,exit long: close 193.25 < upper 193.34
2019-07-16,-1,26,2019-07-16 11:30:00-05:00,192.881,2019-07-16 12:00:00-05:00,193.229,193.59,-90.48,short: close 192.89 < lower 193.27,exit short: close 193.22 > lower 193.14
2019-07-16,-1,21,2019-07-16 13:00:00-05:00,192.851,2019-07-16 14:00:00-05:00,193.159,193.76,-64.68,short: close 192.87 < lower 193.07,exit short: close 193.14 > lower 192.96
2019-07-26,1,16,2019-07-26 09:00:00-05:00,195.209,2019-07-26 09:30:00-05:00,194.841,194.02,-58.88,long: close 195.20 > upper 195.10,exit long: close 194.86 < upper 195.06
2019-07-26,1,14,2019-07-26 11:00:00-05:00,195.359,2019-07-26 12:00:00-05:00,195.206,194.03,-21.42,long: close 195.33 > upper 195.23,exit long: close 195.23 < upper 195.25
2019-07-29,-1,30,2019-07-29 09:00:00-05:00,193.821,2019-07-29 11:59:00-05:00,194.449,194.43,-188.4,short: close 193.84 < lower 194.60,stop
2019-08-01,1,27,2019-08-01 09:00:00-05:00,192.929,2019-08-01 12:34:00-05:00,192.211,192.23000000000002,-193.86,long: close 192.92 > upper 192.06,stop
2019-08-01,-1,19,2019-08-01 13:30:00-05:00,190.21099999999998,2019-08-01 14:00:00-05:00,190.299,191.18,-16.72,short: close 190.23 < lower 190.38,exit short: close 190.28 > lower 190.18
2019-08-02,-1,15,2019-08-02 09:00:00-05:00,188.081,2019-08-02 14:52:00-05:00,187.269,189.35,121.8,short: close 188.08 < lower 188.20,flatten
2019-08-05,-1,7,2019-08-05 09:00:00-05:00,182.851,2019-08-05 14:52:00-05:00,180.774,185.45000000000002,145.39,short: close 182.87 < lower 182.88,flatten
2019-08-06,1,9,2019-08-06 13:30:00-05:00,183.579,2019-08-06 14:00:00-05:00,183.12099999999998,181.59,-41.22,long: close 183.54 > upper 183.53,exit long: close 183.13 < upper 183.74
2019-08-08,1,13,2019-08-08 09:30:00-05:00,186.0355,2019-08-08 14:52:00-05:00,187.93099999999998,184.64000000000001,246.41,long: close 186.02 > upper 186.01,flatten
2019-08-09,-1,14,2019-08-09 09:30:00-05:00,186.18099999999998,2019-08-09 10:00:00-05:00,186.499,187.54,-44.52,short: close 186.20 < lower 186.45,exit short: close 186.49 > lower 186.26
2019-08-09,-1,12,2019-08-09 10:30:00-05:00,185.21099999999998,2019-08-09 12:00:00-05:00,186.219,186.75,-120.96,short: close 185.23 < lower 186.26,exit short: close 186.23 > lower 186.01
2019-08-13,1,28,2019-08-13 09:00:00-05:00,189.049,2019-08-13 09:03:00-05:00,188.371,188.39000000000001,-189.84,long: close 189.07 > upper 184.98,stop
2019-08-13,1,21,2019-08-13 09:30:00-05:00,189.399,2019-08-13 09:42:00-05:00,188.49099999999999,188.51,-190.68,long: close 189.39 > upper 185.21,stop
2019-08-14,-1,6,2019-08-14 10:30:00-05:00,183.891,2019-08-14 14:52:00-05:00,183.00900000000001,186.78,52.92,short: close 183.91 < lower 183.99,flatten
2019-08-16,1,9,2019-08-16 10:00:00-05:00,185.84900000000002,2019-08-16 10:30:00-05:00,185.291,183.78,-50.22,long: close 185.83 > upper 185.43,exit long: close 185.32 < upper 185.47
2019-08-16,1,9,2019-08-16 12:30:00-05:00,185.769,2019-08-16 13:30:00-05:00,185.451,183.72,-28.62,long: close 185.74 > upper 185.41,exit long: close 185.45 < upper 185.80
2019-08-22,-1,14,2019-08-22 10:00:00-05:00,186.691,2019-08-22 11:30:00-05:00,187.699,188.03,-141.12,short: close 186.68 < lower 187.47,exit short: close 187.67 > lower 187.34
2019-08-23,-1,10,2019-08-23 10:30:00-05:00,184.601,2019-08-23 14:52:00-05:00,181.959,186.41,264.2,short: close 184.61 < lower 185.60,flatten
2019-08-29,1,11,2019-08-29 09:00:00-05:00,188.119,2019-08-29 09:30:00-05:00,187.881,186.41,-26.18,long: close 188.11 > upper 187.95,exit long: close 187.92 < upper 188.17
2019-08-30,-1,12,2019-08-30 10:30:00-05:00,186.761,2019-08-30 11:00:00-05:00,187.169,188.36,-48.96,short: close 186.79 < lower 186.83,exit short: close 187.14 > lower 186.68
2019-09-05,1,14,2019-09-05 09:00:00-05:00,191.419,2019-09-05 13:00:00-05:00,191.46099999999998,190.09,5.88,long: close 191.27 > upper 190.70,exit long: close 191.47 < upper 191.52
2019-09-05,1,9,2019-09-05 13:30:00-05:00,191.534,2019-09-05 14:52:00-05:00,191.691,189.41,14.13,long: close 191.52 > upper 191.49,flatten
2019-09-09,-1,14,2019-09-09 13:30:00-05:00,190.271,2019-09-09 14:30:00-05:00,190.869,191.59,-83.72,short: close 190.30 < lower 190.57,exit short: close 190.85 > lower 190.55
2019-09-10,-1,21,2019-09-10 09:00:00-05:00,189.311,2019-09-10 09:30:00-05:00,189.834,190.22,-109.83,short: close 189.34 < lower 189.75,exit short: close 189.82 > lower 189.63
2019-09-10,-1,17,2019-09-10 10:00:00-05:00,189.321,2019-09-10 11:00:00-05:00,189.839,190.43,-88.06,short: close 189.35 < lower 189.56,exit short: close 189.83 > lower 189.24
2019-09-11,1,32,2019-09-11 09:00:00-05:00,191.439,2019-09-11 10:30:00-05:00,191.816,190.87,120.64,long: close 191.42 > upper 191.41,exit long: close 191.83 < upper 191.88
2019-09-11,1,17,2019-09-11 11:00:00-05:00,192.199,2019-09-11 13:30:00-05:00,191.851,191.12,-59.16,long: close 192.18 > upper 191.92,exit long: close 191.87 < upper 192.08
2019-09-12,1,16,2019-09-12 09:30:00-05:00,194.4606,2019-09-12 09:51:00-05:00,193.231,193.25,-196.74,long: close 194.45 > upper 194.26,stop
2019-09-18,-1,22,2019-09-18 12:30:00-05:00,191.311,2019-09-18 13:00:00-05:00,191.719,192.18,-89.76,short: close 191.32 < lower 191.49,exit short: close 191.72 > lower 191.42
2019-09-18,-1,20,2019-09-18 13:30:00-05:00,190.531,2019-09-18 14:17:00-05:00,191.46900000000002,191.45000000000002,-187.6,short: close 190.54 < lower 191.44,stop
2019-09-26,-1,37,2019-09-26 09:00:00-05:00,188.89759999999998,2019-09-26 09:49:00-05:00,189.40900000000002,189.39000000000001,-189.22,short: close 188.91 < lower 189.48,stop
2019-09-26,-1,38,2019-09-26 10:00:00-05:00,188.851,2019-09-26 13:00:00-05:00,189.089,189.33,-90.44,short: close 188.88 < lower 189.49,exit short: close 189.06 > lower 188.98
2019-09-27,-1,32,2019-09-27 09:00:00-05:00,188.601,2019-09-27 09:48:00-05:00,189.18900000000002,189.17000000000002,-188.16,short: close 188.63 < lower 188.95,stop
2019-09-27,-1,24,2019-09-27 11:00:00-05:00,188.541,2019-09-27 14:52:00-05:00,187.09900000000002,189.31,346.08,short: close 188.57 < lower 188.76,flatten
2019-09-30,1,21,2019-09-30 10:30:00-05:00,188.50900000000001,2019-09-30 14:00:00-05:00,188.661,187.63,31.92,long: close 188.48 > upper 188.33,exit long: close 188.69 < upper 188.90
2019-10-01,1,24,2019-10-01 09:00:00-05:00,190.419,2019-10-01 09:03:00-05:00,189.621,189.64000000000001,-191.52,long: close 190.41 > upper 189.94,stop
2019-10-01,-1,23,2019-10-01 10:00:00-05:00,188.281,2019-10-01 10:30:00-05:00,188.594,189.09,-71.99,short: close 188.30 < lower 188.35,exit short: close 188.57 > lower 188.21
2019-10-02,-1,19,2019-10-02 09:00:00-05:00,184.911,2019-10-02 14:52:00-05:00,184.00900000000001,185.92000000000002,171.38,short: close 184.93 < lower 185.61,flatten
2019-10-03,-1,40,2019-10-03 09:30:00-05:00,183.4032,2019-10-03 09:36:00-05:00,183.87900000000002,183.86,-190.32,short: close 183.42 < lower 183.57,stop
2019-10-03,1,26,2019-10-03 10:30:00-05:00,184.899,2019-10-03 11:00:00-05:00,184.551,184.17000000000002,-90.48,long: close 184.89 > upper 184.77,exit long: close 184.54 < upper 184.89
2019-10-04,1,20,2019-10-04 09:00:00-05:00,187.749,2019-10-04 09:30:00-05:00,187.341,186.82,-81.6,long: close 187.73 > upper 187.49,exit long: close 187.38 < upper 187.47
2019-10-04,1,16,2019-10-04 10:30:00-05:00,187.844,2019-10-04 12:00:00-05:00,188.111,186.65,42.72,long: close 187.82 > upper 187.75,exit long: close 188.13 < upper 188.26
2019-10-08,-1,17,2019-10-08 09:00:00-05:00,186.011,2019-10-08 10:00:00-05:00,186.499,187.12,-82.96,short: close 186.01 < lower 186.50,exit short: close 186.51 > lower 186.34
2019-10-08,-1,13,2019-10-08 10:30:00-05:00,186.061,2019-10-08 11:00:00-05:00,186.229,187.5,-21.84,short: close 186.08 < lower 186.17,exit short: close 186.21 > lower 186.00
2019-10-10,1,32,2019-10-10 09:00:00-05:00,188.749,2019-10-10 11:30:00-05:00,188.49099999999999,188.18,-82.56,long: close 188.72 > upper 187.87,exit long: close 188.52 < upper 188.56
2019-10-11,1,11,2019-10-11 09:00:00-05:00,191.56900000000002,2019-10-11 11:00:00-05:00,191.821,189.87,27.72,long: close 191.53 > upper 191.43,exit long: close 191.83 < upper 191.93
2019-10-11,1,7,2019-10-11 13:30:00-05:00,192.309,2019-10-11 14:52:00-05:00,191.671,189.81,-44.66,long: close 192.29 > upper 192.24,flatten
2019-10-15,1,20,2019-10-15 09:30:00-05:00,192.81900000000002,2019-10-15 14:52:00-05:00,193.601,191.86,156.4,long: close 192.78 > upper 192.34,flatten
2019-10-18,-1,16,2019-10-18 11:00:00-05:00,191.40099999999998,2019-10-18 13:00:00-05:00,192.089,192.59,-110.08,short: close 191.43 < lower 192.25,exit short: close 192.05 > lower 192.03
2019-10-25,1,15,2019-10-25 10:00:00-05:00,194.909,2019-10-25 14:52:00-05:00,195.361,193.64000000000001,67.8,long: close 194.89 > upper 194.85,flatten
2019-10-28,1,17,2019-10-28 09:30:00-05:00,197.25900000000001,2019-10-28 10:00:00-05:00,197.186,196.16,-12.41,long: close 197.24 > upper 197.19,exit long: close 197.20 < upper 197.42
2019-10-28,1,14,2019-10-28 11:30:00-05:00,197.59900000000002,2019-10-28 12:00:00-05:00,197.40099999999998,196.21,-27.72,long: close 197.58 > upper 197.47,exit long: close 197.42 < upper 197.47
2019-11-01,1,19,2019-11-01 09:30:00-05:00,198.549,2019-11-01 10:00:00-05:00,198.43099999999998,197.55,-22.42,long: close 198.53 > upper 198.49,exit long: close 198.45 < upper 198.65
2019-11-06,-1,32,2019-11-06 09:30:00-06:00,199.37099999999998,2019-11-06 10:30:00-06:00,199.429,199.95000000000002,-18.56,short: close 199.39 < lower 199.46,exit short: close 199.41 > lower 199.26
2019-11-06,-1,20,2019-11-06 11:00:00-06:00,199.051,2019-11-06 12:30:00-06:00,199.529,199.97,-95.6,short: close 199.04 < lower 199.12,exit short: close 199.51 > lower 199.24
2019-11-07,1,18,2019-11-07 10:00:00-06:00,201.429,2019-11-07 10:30:00-06:00,201.301,200.37,-23.04,long: close 201.40 > upper 201.32,exit long: close 201.32 < upper 201.46
2019-11-07,1,14,2019-11-07 11:00:00-06:00,201.644,2019-11-07 11:30:00-06:00,201.416,200.28,-31.92,long: close 201.62 > upper 201.62,exit long: close 201.44 < upper 201.54
2019-12-09,1,32,2019-12-09 09:00:00-06:00,205.41400000000002,2019-12-09 09:30:00-06:00,205.271,204.83,-45.76,long: close 205.39 > upper 205.36,exit long: close 205.31 < upper 205.50
2019-12-12,1,32,2019-12-12 09:00:00-06:00,206.549,2019-12-12 10:27:00-06:00,205.961,205.98000000000002,-188.16,long: close 206.51 > upper 205.48,stop
2019-12-12,1,24,2019-12-12 10:30:00-06:00,205.869,2019-12-12 11:23:00-06:00,205.061,205.08,-193.92,long: close 205.85 > upper 205.69,stop
2019-12-13,1,23,2019-12-13 09:30:00-06:00,207.419,2019-12-13 09:38:00-06:00,206.571,206.59,-195.04,long: close 207.41 > upper 207.31,stop
2019-12-13,1,27,2019-12-13 11:30:00-06:00,207.309,2019-12-13 14:30:00-06:00,207.161,206.62,-39.96,long: close 207.28 > upper 207.17,exit long: close 207.18 < upper 207.31
2019-12-16,1,13,2019-12-16 09:30:00-06:00,209.47400000000002,2019-12-16 14:52:00-06:00,209.301,208.07,-22.49,long: close 209.45 > upper 209.24,flatten
2020-01-06,1,12,2020-01-06 13:30:00-06:00,214.979,2020-01-06 14:52:00-06:00,215.391,213.44,49.44,long: close 214.96 > upper 214.88,flatten
2020-01-13,1,17,2020-01-13 11:00:00-06:00,220.309,2020-01-13 14:52:00-06:00,220.67749999999998,219.20000000000002,62.64,long: close 220.29 > upper 219.99,flatten
2020-01-14,-1,23,2020-01-14 09:00:00-06:00,219.87099999999998,2020-01-14 09:30:00-06:00,220.574,220.67000000000002,-161.69,short: close 219.88 < lower 220.06,exit short: close 220.54 > lower 220.17
2020-01-15,1,29,2020-01-15 09:30:00-06:00,220.859,2020-01-15 10:30:00-06:00,220.71099999999998,220.23000000000002,-42.92,long: close 220.82 > upper 220.76,exit long: close 220.74 < upper 220.83
2020-01-28,1,16,2020-01-28 09:30:00-06:00,220.28900000000002,2020-01-28 14:52:00-06:00,221.49099999999999,219.11,192.32,long: close 220.26 > upper 220.01,flatten
2020-01-30,-1,16,2020-01-30 10:00:00-06:00,219.731,2020-01-30 10:30:00-06:00,220.714,220.89000000000001,-157.28,short: close 219.75 < lower 219.89,exit short: close 220.69 > lower 219.82
2020-01-31,-1,19,2020-01-31 09:30:00-06:00,220.781,2020-01-31 14:52:00-06:00,218.97400000000002,221.79,343.33,short: close 220.81 < lower 222.04,flatten
2020-02-03,1,17,2020-02-03 09:00:00-06:00,222.209,2020-02-03 14:52:00-06:00,222.011,221.09,-33.66,long: close 222.16 > upper 220.69,flatten
2020-02-04,1,7,2020-02-04 10:30:00-06:00,226.56900000000002,2020-02-04 14:52:00-06:00,227.49099999999999,224.09,64.54,long: close 226.53 > upper 226.33,flatten
2020-02-06,1,12,2020-02-06 12:00:00-06:00,230.109,2020-02-06 12:30:00-06:00,229.771,228.55,-40.56,long: close 230.09 > upper 230.07,exit long: close 229.80 < upper 230.01
2020-02-10,1,18,2020-02-10 09:00:00-06:00,230.09300000000002,2020-02-10 11:30:00-06:00,230.43099999999998,229.03,60.84,long: close 230.08 > upper 229.87,exit long: close 230.46 < upper 230.54
2020-02-10,1,11,2020-02-10 12:30:00-06:00,230.689,2020-02-10 14:52:00-06:00,231.411,228.99,79.42,long: close 230.68 > upper 230.51,flatten
2020-02-21,-1,15,2020-02-21 09:00:00-06:00,231.761,2020-02-21 14:52:00-06:00,230.479,233.05,192.3,short: close 231.79 < lower 232.91,flatten
2020-02-25,-1,12,2020-02-25 09:30:00-06:00,220.591,2020-02-25 14:52:00-06:00,215.419,222.21,620.64,short: close 220.61 < lower 220.68,flatten
2020-02-26,1,14,2020-02-26 09:00:00-06:00,218.25900000000001,2020-02-26 11:07:00-06:00,216.881,216.9,-192.92,long: close 218.26 > upper 217.42,stop
2020-02-27,-1,5,2020-02-27 09:30:00-06:00,209.231,2020-02-27 10:00:00-06:00,211.299,212.76,-103.4,short: close 209.26 < lower 210.22,exit short: close 211.29 > lower 209.96
2020-03-02,1,7,2020-03-02 10:30:00-06:00,211.179,2020-03-02 14:00:00-06:00,210.021,208.53,-81.06,long: close 211.17 > upper 210.43,exit long: close 210.03 < upper 210.82
2020-03-03,-1,17,2020-03-03 09:00:00-06:00,214.12099999999998,2020-03-03 09:00:00-06:00,215.229,215.21,-188.36,short: close 214.13 < lower 215.72,stop
2020-03-03,-1,10,2020-03-03 10:30:00-06:00,212.661,2020-03-03 10:40:00-06:00,214.639,214.62,-197.8,short: close 212.69 < lower 214.84,stop
2020-03-04,1,5,2020-03-04 12:30:00-06:00,215.699,2020-03-04 13:00:00-06:00,215.49099999999999,211.8,-10.4,long: close 215.68 > upper 215.39,exit long: close 215.51 < upper 215.56
2020-03-04,1,4,2020-03-04 13:30:00-06:00,216.06900000000002,2020-03-04 14:00:00-06:00,215.451,211.99,-24.72,long: close 216.04 > upper 215.57,exit long: close 215.48 < upper 215.63
2020-03-11,-1,3,2020-03-11 12:00:00-05:00,196.671,2020-03-11 14:52:00-05:00,195.00900000000001,201.77,49.86,short: close 196.70 < lower 196.73,flatten
2020-03-17,1,3,2020-03-17 10:30:00-05:00,178.999,2020-03-17 14:52:00-05:00,181.281,173.0,68.46,long: close 178.99 > upper 178.61,flatten
2020-03-18,-1,3,2020-03-18 13:00:00-05:00,168.761,2020-03-18 14:00:00-05:00,172.179,174.76,-102.54,short: close 168.78 < lower 169.17,exit short: close 172.16 > lower 168.97
2020-03-19,1,8,2020-03-19 09:30:00-05:00,179.62900000000002,2020-03-19 09:40:00-05:00,177.411,177.43,-177.44,long: close 179.64 > upper 178.28,stop
2020-03-19,1,5,2020-03-19 10:30:00-05:00,181.734,2020-03-19 11:00:00-05:00,179.131,177.92000000000002,-130.15,long: close 181.70 > upper 179.90,exit long: close 179.17 < upper 180.04
2020-03-23,-1,5,2020-03-23 10:30:00-05:00,166.46099999999998,2020-03-23 11:30:00-05:00,168.679,170.1,-110.9,short: close 166.48 < lower 167.21,exit short: close 168.64 > lower 167.59
2020-03-25,1,6,2020-03-25 12:30:00-05:00,187.529,2020-03-25 13:30:00-05:00,187.291,184.65,-14.28,long: close 187.53 > upper 186.98,exit long: close 187.33 < upper 187.52
2020-03-26,1,6,2020-03-26 09:00:00-05:00,186.299,2020-03-26 14:52:00-05:00,190.881,183.19,274.92,long: close 186.29 > upper 186.09,flatten
2020-03-30,1,4,2020-03-30 10:30:00-05:00,191.019,2020-03-30 11:00:00-05:00,190.571,186.21,-17.92,long: close 190.98 > upper 190.86,exit long: close 190.59 < upper 191.08
2020-03-30,1,4,2020-03-30 11:30:00-05:00,191.049,2020-03-30 14:52:00-05:00,191.701,186.28,26.08,long: close 191.02 > upper 190.81,flatten
2020-04-02,1,6,2020-04-02 12:00:00-05:00,185.389,2020-04-02 12:30:00-05:00,183.281,182.21,-126.48,long: close 185.36 > upper 185.16,exit long: close 183.31 < upper 184.84
2020-04-03,-1,7,2020-04-03 12:30:00-05:00,182.451,2020-04-03 13:30:00-05:00,182.544,185.17000000000002,-6.51,short: close 182.48 < lower 183.03,exit short: close 182.53 > lower 182.34
2020-04-06,1,3,2020-04-06 12:00:00-05:00,193.669,2020-04-06 13:30:00-05:00,193.43099999999998,187.70000000000002,-7.14,long: close 193.65 > upper 192.96,exit long: close 193.44 < upper 193.53
2020-04-14,1,6,2020-04-14 09:00:00-05:00,209.709,2020-04-14 10:30:00-05:00,209.001,206.63,-42.48,long: close 209.69 > upper 208.19,exit long: close 209.02 < upper 209.37
2020-04-14,1,4,2020-04-14 11:30:00-05:00,210.699,2020-04-14 14:52:00-05:00,211.61329999999998,206.42000000000002,36.57,long: close 210.69 > upper 209.40,flatten
2020-04-16,1,5,2020-04-16 11:00:00-05:00,214.094,2020-04-16 11:30:00-05:00,211.641,210.66,-122.65,long: close 214.08 > upper 214.05,exit long: close 211.65 < upper 214.00
2020-04-21,-1,10,2020-04-21 09:00:00-05:00,209.531,2020-04-21 14:52:00-05:00,205.189,211.37,434.2,short: close 209.54 < lower 209.80,flatten
2020-04-23,1,16,2020-04-23 09:00:00-05:00,212.929,2020-04-23 11:00:00-05:00,213.016,211.72,13.92,long: close 212.92 > upper 212.64,exit long: close 213.04 < upper 213.96
2020-04-24,-1,18,2020-04-24 09:00:00-05:00,209.591,2020-04-24 09:14:00-05:00,210.65900000000002,210.64000000000001,-192.24,short: close 209.61 < lower 209.69,stop
2020-04-28,-1,7,2020-04-28 10:00:00-05:00,212.301,2020-04-28 13:30:00-05:00,213.6389,214.98000000000002,-93.65,short: close 212.30 < lower 213.64,exit short: close 213.61 > lower 213.32
2020-04-29,1,5,2020-04-29 09:30:00-05:00,217.939,2020-04-29 10:00:00-05:00,217.65099999999998,214.41,-14.4,long: close 217.91 > upper 217.43,exit long: close 217.67 < upper 217.97
2020-04-29,1,4,2020-04-29 11:30:00-05:00,218.439,2020-04-29 14:52:00-05:00,219.0813,214.14000000000001,25.69,long: close 218.41 > upper 218.20,flatten
2020-05-01,-1,4,2020-05-01 12:00:00-05:00,212.321,2020-05-01 13:30:00-05:00,213.114,216.57,-31.72,short: close 212.34 < lower 212.63,exit short: close 213.10 > lower 212.55
2020-05-05,1,10,2020-05-05 09:00:00-05:00,218.649,2020-05-05 09:30:00-05:00,218.3296,216.74,-31.94,long: close 218.63 > upper 218.22,exit long: close 218.32 < upper 218.54
2020-05-05,1,6,2020-05-05 12:30:00-05:00,219.3632,2020-05-05 14:30:00-05:00,218.37099999999998,216.44,-59.53,long: close 219.32 > upper 219.23,exit long: close 218.41 < upper 219.55
2020-05-11,1,8,2020-05-11 12:30:00-05:00,227.179,2020-05-11 14:52:00-05:00,227.201,224.72,1.76,long: close 227.16 > upper 226.60,flatten
2020-05-13,1,14,2020-05-13 09:30:00-05:00,224.049,2020-05-13 09:58:00-05:00,222.691,222.71,-190.12,long: close 224.00 > upper 223.74,stop
2020-05-13,-1,11,2020-05-13 11:00:00-05:00,219.551,2020-05-13 14:52:00-05:00,219.239,221.25,34.32,short: close 219.56 < lower 220.70,flatten
2020-05-14,-1,13,2020-05-14 09:00:00-05:00,216.581,2020-05-14 10:00:00-05:00,217.369,218.04,-102.44,short: close 216.54 < lower 217.31,exit short: close 217.32 > lower 216.88
2020-05-18,1,7,2020-05-18 10:00:00-05:00,227.779,2020-05-18 11:00:00-05:00,227.65099999999998,225.04,-8.96,long: close 227.78 > upper 227.53,exit long: close 227.67 < upper 227.96
2020-05-19,1,21,2020-05-19 09:00:00-05:00,228.7391,2020-05-19 11:30:00-05:00,228.941,227.86,42.4,long: close 228.72 > upper 228.46,exit long: close 228.96 < upper 229.39
2020-05-20,1,9,2020-05-20 09:00:00-05:00,230.939,2020-05-20 11:30:00-05:00,230.946,228.76,0.63,long: close 230.91 > upper 230.30,exit long: close 230.96 < upper 231.16
2020-05-21,-1,17,2020-05-21 10:00:00-05:00,229.93099999999998,2020-05-21 11:30:00-05:00,229.899,231.01,5.44,short: close 229.97 < lower 230.33,exit short: close 229.88 > lower 229.73
2020-05-21,-1,11,2020-05-21 12:00:00-05:00,229.441,2020-05-21 12:30:00-05:00,229.68890000000002,231.19,-27.27,short: close 229.46 < lower 229.67,exit short: close 229.67 > lower 229.36
2020-05-27,-1,17,2020-05-27 09:00:00-05:00,226.661,2020-05-27 11:53:00-05:00,227.799,227.78,-193.46,short: close 226.69 < lower 227.70,stop
2020-05-28,1,11,2020-05-28 10:00:00-05:00,231.689,2020-05-28 10:30:00-05:00,231.561,229.93,-14.08,long: close 231.67 > upper 231.42,exit long: close 231.57 < upper 231.59
2020-05-28,1,9,2020-05-28 11:00:00-05:00,232.288,2020-05-28 14:30:00-05:00,231.02599999999998,230.15,-113.58,long: close 232.26 > upper 231.80,exit long: close 231.04 < upper 232.49
2020-06-02,-1,13,2020-06-02 10:30:00-05:00,232.571,2020-06-02 11:00:00-05:00,232.78900000000002,234.06,-28.34,short: close 232.58 < lower 232.81,exit short: close 232.79 > lower 232.61
2020-06-05,1,13,2020-06-05 09:00:00-05:00,238.149,2020-06-05 14:52:00-05:00,239.341,236.69,154.96,long: close 238.12 > upper 236.99,flatten
2020-06-09,1,10,2020-06-09 10:00:00-05:00,243.1978,2020-06-09 10:30:00-05:00,243.141,241.31,-5.68,long: close 243.18 > upper 242.99,exit long: close 243.16 < upper 243.19
2020-06-09,1,10,2020-06-09 11:30:00-05:00,243.279,2020-06-09 14:52:00-05:00,243.061,241.35,-21.8,long: close 243.27 > upper 243.03,flatten
2020-06-10,1,7,2020-06-10 13:30:00-05:00,247.544,2020-06-10 14:00:00-05:00,246.381,245.03,-81.41,long: close 247.52 > upper 246.63,exit long: close 246.41 < upper 246.99
2020-06-11,-1,5,2020-06-11 11:30:00-05:00,238.571,2020-06-11 14:52:00-05:00,234.25900000000001,242.05,215.6,short: close 238.63 < lower 240.79,flatten
2020-06-12,-1,4,2020-06-12 13:00:00-05:00,231.951,2020-06-12 13:30:00-05:00,233.59900000000002,236.07,-65.92,short: close 231.94 < lower 232.50,exit short: close 233.57 > lower 232.24
2020-06-15,1,5,2020-06-15 13:30:00-05:00,239.179,2020-06-15 14:30:00-05:00,238.051,235.33,-56.4,long: close 239.15 > upper 237.97,exit long: close 238.07 < upper 238.39
2020-06-22,1,21,2020-06-22 09:30:00-05:00,245.12900000000002,2020-06-22 10:00:00-05:00,244.481,244.25,-136.08,long: close 245.08 > upper 244.85,exit long: close 244.51 < upper 245.54
2020-06-22,1,14,2020-06-22 11:00:00-05:00,245.389,2020-06-22 12:30:00-05:00,246.08599999999998,244.0,97.58,long: close 245.37 > upper 245.35,exit long: close 246.10 < upper 246.20
2020-06-23,1,12,2020-06-23 09:30:00-05:00,249.25900000000001,2020-06-23 10:00:00-05:00,249.111,247.66,-17.76,long: close 249.24 > upper 249.18,exit long: close 249.15 < upper 249.75
2020-06-23,1,8,2020-06-23 10:30:00-05:00,250.149,2020-06-23 12:00:00-05:00,250.321,247.92000000000002,13.76,long: close 250.14 > upper 249.82,exit long: close 250.34 < upper 250.46
2020-06-24,-1,18,2020-06-24 09:00:00-05:00,246.221,2020-06-24 14:52:00-05:00,243.489,247.27,491.76,short: close 246.27 < lower 247.31,flatten
2020-06-25,-1,24,2020-06-25 09:00:00-05:00,242.62099999999998,2020-06-25 09:20:00-05:00,243.419,243.4,-191.52,short: close 242.65 < lower 243.06,stop
2020-06-26,-1,23,2020-06-26 09:00:00-05:00,244.411,2020-06-26 14:52:00-05:00,240.709,245.23000000000002,851.46,short: close 244.47 < lower 245.09,flatten
2020-06-29,-1,25,2020-06-29 09:00:00-05:00,238.90099999999998,2020-06-29 09:02:00-05:00,239.65900000000002,239.64000000000001,-189.5,short: close 238.89 < lower 239.29,stop
2020-06-30,1,26,2020-06-30 09:00:00-05:00,244.559,2020-06-30 14:52:00-05:00,247.65099999999998,243.83,803.92,long: close 244.55 > upper 243.48,flatten
2020-07-01,1,17,2020-07-01 09:30:00-05:00,249.054,2020-07-01 10:30:00-05:00,248.971,247.95000000000002,-14.11,long: close 249.03 > upper 248.54,exit long: close 248.97 < upper 249.42
2020-07-01,1,10,2020-07-01 11:00:00-05:00,249.619,2020-07-01 12:30:00-05:00,250.041,247.74,42.2,long: close 249.60 > upper 249.33,exit long: close 250.06 < upper 250.18
2020-07-02,1,9,2020-07-02 09:00:00-05:00,254.094,2020-07-02 09:30:00-05:00,252.841,251.99,-112.77,long: close 254.08 > upper 253.80,exit long: close 252.85 < upper 254.02
2020-07-06,1,7,2020-07-06 09:00:00-05:00,256.629,2020-07-06 13:00:00-05:00,257.681,254.09,73.64,long: close 256.60 > upper 256.31,exit long: close 257.70 < upper 257.83
2020-07-07,1,17,2020-07-07 09:30:00-05:00,260.029,2020-07-07 11:00:00-05:00,259.951,258.9,-13.26,long: close 260.00 > upper 259.37,exit long: close 259.95 < upper 260.12
2020-07-08,1,12,2020-07-08 09:00:00-05:00,259.318,2020-07-08 09:30:00-05:00,258.671,257.72,-77.64,long: close 259.30 > upper 258.89,exit long: close 258.68 < upper 259.10
2020-07-10,-1,18,2020-07-10 09:00:00-05:00,260.391,2020-07-10 09:26:00-05:00,261.42900000000003,261.41,-186.84,short: close 260.47 < lower 260.97,stop
2020-07-13,1,7,2020-07-13 09:30:00-05:00,268.3689,2020-07-13 12:00:00-05:00,267.521,265.78000000000003,-59.35,long: close 268.35 > upper 268.04,exit long: close 267.52 < upper 268.90
2020-07-15,-1,7,2020-07-15 11:00:00-05:00,257.981,2020-07-15 11:30:00-05:00,259.039,260.53000000000003,-74.06,short: close 258.02 < lower 258.49,exit short: close 259.03 > lower 258.37
2020-07-17,-1,13,2020-07-17 09:30:00-05:00,257.51099999999997,2020-07-17 10:00:00-05:00,258.499,259.0,-128.44,short: close 257.51 < lower 257.87,exit short: close 258.49 > lower 257.25
2020-07-20,1,14,2020-07-20 09:30:00-05:00,262.6914,2020-07-20 14:52:00-05:00,267.241,261.31,636.94,long: close 262.65 > upper 261.13,flatten
2020-07-21,-1,7,2020-07-21 11:00:00-05:00,264.6524,2020-07-21 12:30:00-05:00,265.299,267.39,-45.26,short: close 264.67 < lower 264.87,exit short: close 265.28 > lower 265.14
2020-07-22,1,20,2020-07-22 09:00:00-05:00,265.349,2020-07-22 09:30:00-05:00,264.591,264.39,-151.6,long: close 265.33 > upper 265.21,exit long: close 264.62 < upper 265.67
2020-07-23,-1,10,2020-07-23 11:30:00-05:00,261.421,2020-07-23 14:52:00-05:00,257.119,263.24,430.2,short: close 261.45 < lower 262.92,flatten
2020-07-24,-1,7,2020-07-24 09:00:00-05:00,253.301,2020-07-24 09:30:00-05:00,254.929,255.93,-113.96,short: close 253.33 < lower 253.41,exit short: close 254.89 > lower 253.00
2020-07-27,1,11,2020-07-27 09:00:00-05:00,259.099,2020-07-27 09:30:00-05:00,258.171,257.46,-102.08,long: close 259.05 > upper 258.01,exit long: close 258.19 < upper 258.40
2020-07-27,1,8,2020-07-27 12:30:00-05:00,258.939,2020-07-27 13:00:00-05:00,258.831,256.48,-8.64,long: close 258.93 > upper 258.84,exit long: close 258.85 < upper 259.01
2020-07-28,-1,16,2020-07-28 09:00:00-05:00,258.271,2020-07-28 09:30:00-05:00,258.979,259.42,-113.28,short: close 258.27 < lower 258.58,exit short: close 258.97 > lower 258.34
2020-08-03,1,10,2020-08-03 09:00:00-05:00,269.17900000000003,2020-08-03 09:30:00-05:00,268.921,267.25,-25.8,long: close 269.15 > upper 268.88,exit long: close 268.90 < upper 269.26
2020-08-06,1,8,2020-08-06 13:30:00-05:00,273.969,2020-08-06 14:52:00-05:00,274.451,271.6,38.56,long: close 273.95 > upper 273.32,flatten
2020-08-07,-1,9,2020-08-07 12:00:00-05:00,271.691,2020-08-07 14:52:00-05:00,271.229,273.8,41.58,short: close 271.72 < lower 272.21,flatten
2020-08-10,-1,19,2020-08-10 09:00:00-05:00,270.361,2020-08-10 12:00:00-05:00,270.189,271.34000000000003,32.68,short: close 270.35 < lower 270.64,exit short: close 270.18 > lower 269.83
2020-08-12,1,10,2020-08-12 09:00:00-05:00,269.899,2020-08-12 14:52:00-05:00,271.981,268.0,208.2,long: close 269.87 > upper 268.19,flatten
2020-08-13,1,13,2020-08-13 09:30:00-05:00,273.889,2020-08-13 11:00:00-05:00,274.021,272.39,17.16,long: close 273.85 > upper 273.78,exit long: close 274.05 < upper 274.10
2020-08-13,1,10,2020-08-13 11:30:00-05:00,274.359,2020-08-13 12:30:00-05:00,273.341,272.42,-101.8,long: close 274.35 > upper 274.22,exit long: close 273.39 < upper 274.28
2020-08-14,-1,13,2020-08-14 09:30:00-05:00,270.921,2020-08-14 10:00:00-05:00,271.209,272.38,-37.44,short: close 270.95 < lower 271.29,exit short: close 271.19 > lower 271.11
2020-08-19,-1,20,2020-08-19 09:00:00-05:00,276.931,2020-08-19 09:19:00-05:00,277.879,277.86,-189.6,short: close 276.96 < lower 277.02,stop
2020-08-20,1,14,2020-08-20 09:00:00-05:00,277.359,2020-08-20 09:30:00-05:00,277.231,275.99,-17.92,long: close 277.34 > upper 277.08,exit long: close 277.26 < upper 277.47
2020-08-20,1,11,2020-08-20 10:00:00-05:00,277.979,2020-08-20 14:52:00-05:00,279.971,276.2,219.12,long: close 277.95 > upper 277.50,flatten
2020-08-21,1,13,2020-08-21 10:00:00-05:00,281.689,2020-08-21 10:59:00-05:00,280.211,280.23,-192.14,long: close 281.68 > upper 281.43,stop
2020-08-26,1,8,2020-08-26 10:30:00-05:00,289.324,2020-08-26 14:52:00-05:00,291.931,287.02,208.56,long: close 289.31 > upper 288.77,flatten
2020-08-27,-1,7,2020-08-27 12:00:00-05:00,289.501,2020-08-27 12:30:00-05:00,290.879,292.0,-96.46,short: close 289.57 < lower 289.96,exit short: close 290.85 > lower 289.97
2020-08-31,1,10,2020-08-31 10:00:00-05:00,294.839,2020-08-31 10:30:00-05:00,293.891,292.99,-94.8,long: close 294.80 > upper 294.68,exit long: close 293.90 < upper 294.73
2020-08-31,1,9,2020-08-31 11:30:00-05:00,295.0267,2020-08-31 14:52:00-05:00,296.531,292.89,135.39,long: close 295.01 > upper 294.97,flatten
2020-09-01,1,7,2020-09-01 09:30:00-05:00,299.329,2020-09-01 10:00:00-05:00,298.121,296.78000000000003,-84.56,long: close 299.31 > upper 298.85,exit long: close 298.14 < upper 299.22
2020-09-02,-1,8,2020-09-02 09:00:00-05:00,298.801,2020-09-02 09:30:00-05:00,301.199,301.24,-191.84,short: close 298.78 < lower 299.14,exit short: close 301.14 > lower 298.77
2020-09-03,-1,6,2020-09-03 09:00:00-05:00,297.041,2020-09-03 14:52:00-05:00,285.924,300.3,667.02,short: close 297.08 < lower 297.22,flatten
2020-09-04,-1,11,2020-09-04 09:00:00-05:00,281.501,2020-09-04 09:04:00-05:00,283.229,283.21,-190.08,short: close 281.58 < lower 284.77,stop
2020-09-04,-1,9,2020-09-04 09:30:00-05:00,277.061,2020-09-04 10:52:00-05:00,279.04900000000004,279.03000000000003,-178.92,short: close 277.07 < lower 284.52,stop
2020-09-09,1,3,2020-09-09 11:30:00-05:00,278.279,2020-09-09 13:00:00-05:00,277.791,273.13,-14.64,long: close 278.24 > upper 277.95,exit long: close 277.79 < upper 278.31
2020-09-10,-1,4,2020-09-10 13:30:00-05:00,271.885,2020-09-10 14:52:00-05:00,272.769,276.26,-35.36,short: close 271.91 < lower 275.02,flatten
2020-09-11,-1,4,2020-09-11 12:00:00-05:00,268.851,2020-09-11 14:00:00-05:00,269.48900000000003,272.88,-25.52,short: close 268.90 < lower 269.25,exit short: close 269.47 > lower 269.36
2020-09-14,1,5,2020-09-14 09:30:00-05:00,277.089,2020-09-14 10:30:00-05:00,276.781,273.23,-15.4,long: close 277.07 > upper 276.25,exit long: close 276.79 < upper 277.00
2020-09-18,-1,6,2020-09-18 10:00:00-05:00,267.781,2020-09-18 14:52:00-05:00,266.549,270.93,73.92,short: close 267.80 < lower 267.86,flatten
2020-09-23,-1,6,2020-09-23 11:00:00-05:00,268.121,2020-09-23 12:00:00-05:00,269.48900000000003,271.0,-82.08,short: close 268.16 < lower 269.41,exit short: close 269.48 > lower 268.83
2020-09-23,-1,5,2020-09-23 12:30:00-05:00,268.591,2020-09-23 14:52:00-05:00,263.48900000000003,272.16,255.1,short: close 268.59 < lower 268.73,flatten
2020-09-24,1,5,2020-09-24 11:00:00-05:00,267.299,2020-09-24 12:00:00-05:00,267.171,263.39,-6.4,long: close 267.24 > upper 266.75,exit long: close 267.21 < upper 267.33
2020-09-24,1,4,2020-09-24 12:30:00-05:00,268.009,2020-09-24 13:00:00-05:00,267.461,263.28000000000003,-21.92,long: close 267.96 > upper 267.58,exit long: close 267.47 < upper 267.55
2020-09-25,1,6,2020-09-25 10:30:00-05:00,268.749,2020-09-25 11:00:00-05:00,267.541,265.85,-72.48,long: close 268.71 > upper 268.53,exit long: close 267.57 < upper 268.37
2020-09-25,1,5,2020-09-25 13:00:00-05:00,269.92900000000003,2020-09-25 14:52:00-05:00,271.476,266.49,77.35,long: close 269.93 > upper 269.06,flatten
2020-09-30,1,12,2020-09-30 09:00:00-05:00,278.539,2020-09-30 14:19:00-05:00,277.011,277.03000000000003,-183.36,long: close 278.52 > upper 277.48,stop
2020-10-05,1,7,2020-10-05 09:30:00-05:00,278.349,2020-10-05 10:00:00-05:00,278.401,275.71,3.64,long: close 278.31 > upper 277.98,exit long: close 278.42 < upper 278.58
2020-10-05,1,6,2020-10-05 10:30:00-05:00,278.899,2020-10-05 13:00:00-05:00,278.301,275.82,-35.88,long: close 278.88 > upper 278.43,exit long: close 278.35 < upper 278.83
2020-10-07,1,5,2020-10-07 13:30:00-05:00,280.509,2020-10-07 14:30:00-05:00,280.301,276.8,-10.4,long: close 280.49 > upper 280.21,exit long: close 280.31 < upper 280.48
2020-10-09,1,7,2020-10-09 12:00:00-05:00,285.149,2020-10-09 12:30:00-05:00,284.991,282.57,-11.06,long: close 285.12 > upper 284.85,exit long: close 285.01 < upper 285.01
2020-10-09,1,6,2020-10-09 13:00:00-05:00,285.254,2020-10-09 13:30:00-05:00,284.881,282.3,-22.38,long: close 285.24 > upper 285.21,exit long: close 284.91 < upper 285.24
2020-10-12,1,4,2020-10-12 10:30:00-05:00,292.859,2020-10-12 14:52:00-05:00,294.32099999999997,288.48,58.48,long: close 292.84 > upper 292.54,flatten
2020-10-14,-1,7,2020-10-14 11:00:00-05:00,291.981,2020-10-14 14:30:00-05:00,292.73900000000003,294.45,-53.06,short: close 291.95 < lower 292.42,exit short: close 292.71 > lower 292.17
2020-10-20,1,8,2020-10-20 12:30:00-05:00,286.969,2020-10-20 13:00:00-05:00,286.601,284.69,-29.44,long: close 286.93 > upper 286.41,exit long: close 286.61 < upper 286.78
2020-10-21,1,19,2020-10-21 09:00:00-05:00,287.209,2020-10-21 09:28:00-05:00,286.181,286.2,-195.32,long: close 287.19 > upper 285.58,stop
2020-10-21,1,15,2020-10-21 09:30:00-05:00,286.499,2020-10-21 09:59:00-05:00,285.221,285.24,-191.7,long: close 286.49 > upper 285.83,stop
2020-10-22,-1,11,2020-10-22 09:30:00-05:00,282.711,2020-10-22 10:30:00-05:00,283.129,284.34000000000003,-45.98,short: close 282.72 < lower 282.99,exit short: close 283.09 > lower 282.92
2020-10-22,-1,10,2020-10-22 11:00:00-05:00,282.541,2020-10-22 12:00:00-05:00,283.119,284.46,-57.8,short: close 282.52 < lower 282.71,exit short: close 283.12 > lower 282.54
2020-10-23,-1,16,2020-10-23 09:00:00-05:00,283.291,2020-10-23 09:30:00-05:00,283.199,284.47,14.72,short: close 283.34 < lower 283.38,exit short: close 283.19 > lower 283.17
2020-10-23,-1,13,2020-10-23 10:00:00-05:00,283.001,2020-10-23 11:30:00-05:00,282.5718,284.43,55.8,short: close 283.05 < lower 283.14,exit short: close 282.57 > lower 282.53
2020-10-26,-1,7,2020-10-26 10:30:00-05:00,280.301,2020-10-26 14:52:00-05:00,279.069,282.8,86.24,short: close 280.31 < lower 281.16,flatten
2020-10-28,-1,6,2020-10-28 09:00:00-05:00,275.76099999999997,2020-10-28 14:52:00-05:00,272.789,279.05,178.32,short: close 275.78 < lower 277.07,flatten
2020-10-29,1,10,2020-10-29 09:00:00-05:00,274.759,2020-10-29 14:52:00-05:00,278.221,272.97,346.2,long: close 274.71 > upper 274.17,flatten
2020-10-30,-1,9,2020-10-30 09:00:00-05:00,272.381,2020-10-30 14:52:00-05:00,268.194,274.52,376.83,short: close 272.44 < lower 273.17,flatten
2020-11-02,-1,5,2020-11-02 13:00:00-06:00,267.101,2020-11-02 13:30:00-06:00,268.409,270.66,-65.4,short: close 267.11 < lower 267.17,exit short: close 268.38 > lower 267.10
2020-11-03,1,9,2020-11-03 09:00:00-06:00,273.269,2020-11-03 13:00:00-06:00,273.801,271.11,47.88,long: close 273.21 > upper 273.12,exit long: close 273.83 < upper 274.56
2020-11-04,1,3,2020-11-04 09:30:00-06:00,286.92900000000003,2020-11-04 14:30:00-06:00,286.381,280.93,-16.44,long: close 286.90 > upper 285.49,exit long: close 286.39 < upper 286.56
2020-11-06,-1,11,2020-11-06 09:00:00-06:00,290.201,2020-11-06 09:15:00-06:00,291.959,291.94,-193.38,short: close 290.20 < lower 292.19,stop
2020-11-10,-1,5,2020-11-10 09:30:00-06:00,282.041,2020-11-10 10:30:00-06:00,284.349,285.76,-115.4,short: close 282.07 < lower 283.15,exit short: close 284.34 > lower 283.10
2020-11-11,1,7,2020-11-11 09:00:00-06:00,287.549,2020-11-11 10:00:00-06:00,287.981,284.87,30.24,long: close 287.50 > upper 287.37,exit long: close 288.01 < upper 288.37
2020-11-11,1,5,2020-11-11 10:30:00-06:00,288.389,2020-11-11 14:52:00-06:00,289.911,284.93,76.1,long: close 288.36 > upper 288.16,flatten
2020-11-23,-1,10,2020-11-23 10:30:00-06:00,288.592,2020-11-23 11:00:00-06:00,288.979,290.43,-38.7,short: close 288.64 < lower 289.05,exit short: close 289.00 > lower 288.81
2020-11-24,1,11,2020-11-24 10:30:00-06:00,293.109,2020-11-24 14:52:00-06:00,294.3092,291.34000000000003,132.02,long: close 293.10 > upper 292.71,flatten
2020-11-27,1,9,2020-11-27 09:30:00-06:00,299.6889,2020-11-27 11:00:00-06:00,298.811,297.67,-79.01,long: close 299.68 > upper 299.35,exit long: close 298.83 < upper 299.51
2020-11-30,-1,16,2020-11-30 09:30:00-06:00,297.681,2020-11-30 12:30:00-06:00,298.089,298.84000000000003,-65.28,short: close 297.75 < lower 298.13,exit short: close 298.06 > lower 297.91
2020-12-01,1,7,2020-12-01 11:00:00-06:00,303.619,2020-12-01 14:52:00-06:00,303.481,301.05,-9.66,long: close 303.59 > upper 303.19,flatten
2020-12-03,1,25,2020-12-03 09:00:00-06:00,304.809,2020-12-03 10:00:00-06:00,304.412,304.05,-99.25,long: close 304.75 > upper 304.72,exit long: close 304.43 < upper 305.09
2020-12-04,1,26,2020-12-04 09:00:00-06:00,305.039,2020-12-04 09:29:00-06:00,304.291,304.31,-194.48,long: close 305.02 > upper 304.96,stop
2020-12-04,1,17,2020-12-04 12:00:00-06:00,305.599,2020-12-04 12:30:00-06:00,305.2691,304.51,-56.08,long: close 305.58 > upper 305.32,exit long: close 305.28 < upper 305.34
2020-12-09,-1,15,2020-12-09 11:30:00-06:00,306.121,2020-12-09 14:52:00-06:00,301.389,307.36,709.8,short: close 306.14 < lower 306.92,flatten
2020-12-10,1,10,2020-12-10 10:00:00-06:00,303.204,2020-12-10 11:00:00-06:00,302.01099999999997,301.24,-119.3,long: close 303.20 > upper 302.27,exit long: close 302.03 < upper 302.62
2020-12-11,-1,9,2020-12-11 11:30:00-06:00,299.006,2020-12-11 12:30:00-06:00,299.899,301.11,-80.37,short: close 299.02 < lower 299.52,exit short: close 299.88 > lower 299.22
2020-12-18,-1,11,2020-12-18 13:30:00-06:00,309.211,2020-12-18 14:52:00-06:00,308.759,310.94,49.72,short: close 309.20 < lower 309.60,flatten
2020-12-21,-1,7,2020-12-21 09:30:00-06:00,304.651,2020-12-21 10:30:00-06:00,305.649,307.34000000000003,-69.86,short: close 304.68 < lower 305.48,exit short: close 305.63 > lower 305.13
2021-01-07,1,9,2021-01-07 09:00:00-06:00,313.019,2021-01-07 14:52:00-06:00,315.611,310.88,233.28,long: close 312.93 > upper 311.07,flatten
2021-01-12,-1,10,2021-01-12 11:30:00-06:00,312.32099999999997,2021-01-12 12:00:00-06:00,313.121,314.21,-80.0,short: close 312.35 < lower 312.50,exit short: close 313.10 > lower 312.43
2021-01-13,1,14,2021-01-13 10:00:00-06:00,316.1691,2021-01-13 11:30:00-06:00,315.901,314.81,-37.53,long: close 316.16 > upper 315.44,exit long: close 315.92 < upper 316.07
2021-01-13,1,10,2021-01-13 12:00:00-06:00,316.149,2021-01-13 14:30:00-06:00,315.881,314.19,-26.8,long: close 316.15 > upper 316.05,exit long: close 315.91 < upper 315.97
2021-01-15,-1,14,2021-01-15 09:30:00-06:00,311.741,2021-01-15 10:28:00-06:00,313.099,313.08,-190.12,short: close 311.73 < lower 312.85,stop
2021-01-19,1,6,2021-01-19 12:30:00-06:00,316.029,2021-01-19 14:52:00-06:00,316.471,313.15000000000003,26.52,long: close 316.00 > upper 315.95,flatten
2021-01-20,1,6,2021-01-20 09:30:00-06:00,322.42900000000003,2021-01-20 14:52:00-06:00,324.241,319.27,108.72,long: close 322.42 > upper 321.45,flatten
2021-01-25,1,7,2021-01-25 09:00:00-06:00,329.979,2021-01-25 09:30:00-06:00,329.381,327.42,-41.86,long: close 329.96 > upper 329.75,exit long: close 329.39 < upper 330.32
2021-01-27,-1,10,2021-01-27 09:00:00-06:00,323.651,2021-01-27 09:20:00-06:00,325.48900000000003,325.47,-183.8,short: close 323.67 < lower 325.61,stop
2021-01-27,-1,7,2021-01-27 10:30:00-06:00,323.791,2021-01-27 14:52:00-06:00,319.279,326.47,315.84,short: close 323.81 < lower 324.75,flatten
2021-01-28,1,16,2021-01-28 09:00:00-06:00,321.469,2021-01-28 14:52:00-06:00,322.411,320.26,150.72,long: close 321.44 > upper 321.42,flatten
2021-01-29,-1,12,2021-01-29 09:00:00-06:00,318.911,2021-01-29 09:24:00-06:00,320.459,320.44,-185.76,short: close 318.90 < lower 318.93,stop
2021-01-29,-1,9,2021-01-29 10:30:00-06:00,316.701,2021-01-29 14:52:00-06:00,315.834,318.86,78.03,short: close 316.73 < lower 318.30,flatten
2021-02-01,1,6,2021-02-01 10:30:00-06:00,320.654,2021-02-01 14:52:00-06:00,323.101,317.53000000000003,146.82,long: close 320.63 > upper 319.56,flatten
2021-02-02,1,7,2021-02-02 10:00:00-06:00,327.009,2021-02-02 14:52:00-06:00,328.4912,324.28000000000003,103.75,long: close 327.00 > upper 326.70,flatten
2021-02-03,-1,9,2021-02-03 09:30:00-06:00,326.501,2021-02-03 10:00:00-06:00,327.309,328.47,-72.72,short: close 326.52 < lower 326.81,exit short: close 327.22 > lower 326.42
2021-02-10,-1,11,2021-02-10 09:30:00-06:00,331.7711,2021-02-10 11:00:00-06:00,331.909,333.51,-15.17,short: close 331.76 < lower 332.49,exit short: close 331.88 > lower 331.73
2021-02-23,-1,6,2021-02-23 09:00:00-06:00,314.181,2021-02-23 09:25:00-06:00,317.469,317.45,-197.28,short: close 314.21 < lower 316.46,stop
2021-02-23,-1,5,2021-02-23 12:00:00-06:00,314.561,2021-02-23 12:30:00-06:00,318.049,318.51,-174.4,short: close 314.55 < lower 315.78,exit short: close 318.01 > lower 315.82
2021-02-25,-1,8,2021-02-25 10:00:00-06:00,320.1487,2021-02-25 14:52:00-06:00,313.48900000000003,322.41,532.78,short: close 320.18 < lower 320.50,flatten
2021-02-26,-1,8,2021-02-26 09:30:00-06:00,311.061,2021-02-26 09:39:00-06:00,313.509,313.49,-195.84,short: close 311.12 < lower 311.85,stop
2021-02-26,1,6,2021-02-26 11:00:00-06:00,317.309,2021-02-26 12:00:00-06:00,316.861,314.33,-26.88,long: close 317.29 > upper 317.26,exit long: close 316.86 < upper 317.70
2021-03-01,1,5,2021-03-01 10:00:00-06:00,321.329,2021-03-01 14:52:00-06:00,322.931,317.92,80.1,long: close 321.30 > upper 320.27,flatten
2021-03-02,-1,16,2021-03-02 09:00:00-06:00,322.291,2021-03-02 14:52:00-06:00,318.879,323.46,545.92,short: close 322.31 < lower 322.73,flatten
2021-03-03,-1,13,2021-03-03 09:00:00-06:00,314.671,2021-03-03 10:30:00-06:00,316.059,316.11,-180.44,short: close 314.69 < lower 316.38,exit short: close 316.07 > lower 315.87
2021-03-03,-1,8,2021-03-03 11:00:00-06:00,314.371,2021-03-03 14:52:00-06:00,310.199,316.76,333.76,short: close 314.38 < lower 315.43,flatten
2021-03-04,-1,15,2021-03-04 09:00:00-06:00,306.971,2021-03-04 09:35:00-06:00,308.219,308.2,-187.2,short: close 307.01 < lower 307.74,stop
2021-03-04,-1,8,2021-03-04 12:00:00-06:00,304.431,2021-03-04 14:52:00-06:00,304.329,306.86,8.16,short: close 304.45 < lower 306.54,flatten
2021-03-05,-1,8,2021-03-05 09:00:00-06:00,302.921,2021-03-05 11:30:00-06:00,303.639,305.37,-57.44,short: close 302.94 < lower 302.99,exit short: close 303.60 > lower 302.01
2021-03-08,-1,7,2021-03-08 11:00:00-06:00,305.001,2021-03-08 11:30:00-06:00,306.344,307.53000000000003,-94.01,short: close 305.01 < lower 305.90,exit short: close 306.33 > lower 305.86
2021-03-08,-1,6,2021-03-08 12:00:00-06:00,305.391,2021-03-08 12:30:00-06:00,306.23900000000003,308.21,-50.88,short: close 305.40 < lower 305.60,exit short: close 306.23 > lower 305.81
2021-03-09,1,3,2021-03-09 09:00:00-06:00,309.7989,2021-03-09 14:52:00-06:00,311.691,304.6,56.76,long: close 309.77 > upper 308.90,flatten
2021-03-11,1,4,2021-03-11 10:30:00-06:00,318.249,2021-03-11 12:00:00-06:00,318.76099999999997,313.71,20.48,long: close 318.24 > upper 317.90,exit long: close 318.77 < upper 318.98
2021-03-11,1,3,2021-03-11 12:30:00-06:00,319.149,2021-03-11 13:00:00-06:00,318.751,313.79,-11.94,long: close 319.10 > upper 318.72,exit long: close 318.78 < upper 319.44
2021-03-16,1,7,2021-03-16 09:00:00-05:00,322.67900000000003,2021-03-16 11:00:00-05:00,323.161,320.1,33.74,long: close 322.66 > upper 322.57,exit long: close 323.14 < upper 323.94
2021-03-19,1,8,2021-03-19 12:00:00-05:00,314.479,2021-03-19 13:00:00-05:00,314.191,312.03000000000003,-23.04,long: close 314.44 > upper 314.42,exit long: close 314.20 < upper 314.94
2021-03-22,1,8,2021-03-22 09:00:00-05:00,317.209,2021-03-22 14:52:00-05:00,318.991,314.95,142.56,long: close 317.15 > upper 316.58,flatten
2021-03-24,-1,6,2021-03-24 12:30:00-05:00,314.891,2021-03-24 13:00:00-05:00,315.629,317.79,-44.28,short: close 314.93 < lower 314.93,exit short: close 315.62 > lower 314.24
2021-03-26,1,9,2021-03-26 12:30:00-05:00,313.529,2021-03-26 13:00:00-05:00,311.991,311.39,-138.42,long: close 313.49 > upper 313.35,exit long: close 312.02 < upper 313.65
2021-03-29,-1,13,2021-03-29 09:00:00-05:00,313.371,2021-03-29 10:30:00-05:00,314.059,314.77,-89.44,short: close 313.38 < lower 314.36,exit short: close 314.01 > lower 313.99
2021-03-31,1,9,2021-03-31 09:00:00-05:00,318.209,2021-03-31 14:52:00-05:00,320.101,316.22,170.28,long: close 318.20 > upper 317.28,flatten
2021-04-05,1,7,2021-04-05 09:00:00-05:00,328.559,2021-04-05 14:52:00-05:00,331.181,325.99,183.54,long: close 328.52 > upper 328.40,flatten
2021-04-06,1,10,2021-04-06 11:00:00-05:00,332.784,2021-04-06 11:30:00-05:00,331.841,330.95,-94.3,long: close 332.76 > upper 332.73,exit long: close 331.87 < upper 332.84
2021-04-13,1,9,2021-04-13 09:00:00-05:00,339.839,2021-04-13 09:30:00-05:00,339.406,337.78000000000003,-38.97,long: close 339.80 > upper 339.53,exit long: close 339.42 < upper 339.67
2021-04-13,1,9,2021-04-13 13:00:00-05:00,339.689,2021-04-13 14:52:00-05:00,340.431,337.51,66.78,long: close 339.65 > upper 339.65,flatten
2021-04-14,-1,13,2021-04-14 10:00:00-05:00,339.171,2021-04-14 12:00:00-05:00,339.119,340.6,6.76,short: close 339.20 < lower 339.31,exit short: close 339.08 > lower 339.05
2021-04-14,-1,11,2021-04-14 12:30:00-05:00,338.521,2021-04-14 14:52:00-05:00,336.309,340.18,243.32,short: close 338.54 < lower 339.08,flatten
2021-04-15,1,6,2021-04-15 09:30:00-05:00,340.939,2021-04-15 10:00:00-05:00,340.801,338.07,-8.28,long: close 340.93 > upper 340.87,exit long: close 340.76 < upper 340.79
2021-04-15,1,6,2021-04-15 12:00:00-05:00,341.439,2021-04-15 14:00:00-05:00,341.181,338.51,-15.48,long: close 341.39 > upper 340.93,exit long: close 341.21 < upper 341.28
2021-04-16,-1,14,2021-04-16 09:00:00-05:00,340.32099999999997,2021-04-16 09:10:00-05:00,341.67900000000003,341.66,-190.12,short: close 340.34 < lower 340.53,stop
2021-04-19,-1,9,2021-04-19 11:00:00-05:00,338.271,2021-04-19 14:52:00-05:00,338.089,340.40000000000003,16.38,short: close 338.32 < lower 339.07,flatten
2021-04-20,-1,12,2021-04-20 10:00:00-05:00,336.44599999999997,2021-04-20 14:52:00-05:00,336.539,337.97,-11.16,short: close 336.48 < lower 337.02,flatten
2021-04-21,1,9,2021-04-21 11:00:00-05:00,338.189,2021-04-21 11:30:00-05:00,337.641,336.04,-49.32,long: close 338.15 > upper 337.86,exit long: close 337.66 < upper 337.86
2021-04-22,-1,10,2021-04-22 13:00:00-05:00,334.751,2021-04-22 14:52:00-05:00,335.1272,336.69,-37.62,short: close 334.78 < lower 337.15,flatten
2021-04-23,1,16,2021-04-23 09:00:00-05:00,337.149,2021-04-23 14:52:00-05:00,339.831,335.98,429.12,long: close 337.10 > upper 336.70,flatten
2021-04-27,-1,20,2021-04-27 09:00:00-05:00,340.161,2021-04-27 11:00:00-05:00,340.4589,341.12,-59.58,short: close 340.16 < lower 340.82,exit short: close 340.44 > lower 340.21
2021-05-03,-1,8,2021-05-03 10:30:00-05:00,335.941,2021-05-03 11:00:00-05:00,336.749,338.17,-64.64,short: close 335.98 < lower 336.34,exit short: close 336.74 > lower 336.12
2021-05-03,-1,7,2021-05-03 12:30:00-05:00,335.917,2021-05-03 13:00:00-05:00,336.299,338.52,-26.74,short: close 335.93 < lower 335.97,exit short: close 336.28 > lower 335.72
2021-05-04,-1,8,2021-05-04 09:00:00-05:00,330.141,2021-05-04 14:52:00-05:00,329.184,332.41,76.56,short: close 330.15 < lower 332.58,flatten
2021-05-06,-1,14,2021-05-06 09:00:00-05:00,327.371,2021-05-06 09:41:00-05:00,328.699,328.68,-185.92,short: close 327.41 < lower 327.55,stop
2021-05-06,1,9,2021-05-06 11:30:00-05:00,331.1392,2021-05-06 12:00:00-05:00,330.631,328.96,-45.74,long: close 331.13 > upper 331.04,exit long: close 330.67 < upper 331.19
2021-05-07,1,7,2021-05-07 09:30:00-05:00,335.909,2021-05-07 10:00:00-05:00,335.691,333.23,-15.26,long: close 335.88 > upper 335.64,exit long: close 335.72 < upper 335.86
2021-05-10,-1,10,2021-05-10 09:00:00-05:00,329.971,2021-05-10 14:52:00-05:00,326.23900000000003,331.82,373.2,short: close 329.97 < lower 331.63,flatten
2021-05-12,-1,4,2021-05-12 10:00:00-05:00,318.441,2021-05-12 10:30:00-05:00,318.73900000000003,322.71,-11.92,short: close 318.47 < lower 318.52,exit short: close 318.72 > lower 318.15
2021-05-12,-1,4,2021-05-12 11:00:00-05:00,317.311,2021-05-12 12:00:00-05:00,318.189,322.17,-35.12,short: close 317.32 < lower 317.93,exit short: close 318.17 > lower 317.89
2021-05-13,1,5,2021-05-13 10:00:00-05:00,321.849,2021-05-13 10:30:00-05:00,319.302,318.54,-127.35,long: close 321.83 > upper 321.74,exit long: close 319.33 < upper 322.12
2021-05-14,1,5,2021-05-14 10:00:00-05:00,324.969,2021-05-14 14:52:00-05:00,326.911,321.54,97.1,long: close 324.93 > upper 324.42,flatten
2021-05-17,-1,5,2021-05-17 13:00:00-05:00,322.031,2021-05-17 13:30:00-05:00,322.589,325.36,-27.9,short: close 322.08 < lower 322.16,exit short: close 322.57 > lower 322.22
2021-05-20,1,9,2021-05-20 09:00:00-05:00,326.399,2021-05-20 14:52:00-05:00,328.82099999999997,324.26,217.98,long: close 326.37 > upper 325.51,flatten
2021-05-24,1,7,2021-05-24 09:00:00-05:00,331.099,2021-05-24 14:52:00-05:00,332.921,328.48,127.54,long: close 331.08 > upper 330.80,flatten
2021-06-01,-1,8,2021-06-01 10:00:00-05:00,331.951,2021-06-01 10:30:00-05:00,332.809,334.36,-68.64,short: close 331.99 < lower 332.15,exit short: close 332.79 > lower 331.75
2021-06-04,1,10,2021-06-04 09:00:00-05:00,334.029,2021-06-04 14:52:00-05:00,335.861,332.13,183.2,long: close 334.00 > upper 332.77,flatten
2021-06-16,-1,12,2021-06-16 13:30:00-05:00,339.631,2021-06-16 14:11:00-05:00,341.16900000000004,341.15000000000003,-184.56,short: close 339.66 < lower 340.95,stop
2021-06-17,1,14,2021-06-17 09:00:00-05:00,342.199,2021-06-17 14:52:00-05:00,345.971,340.89,528.08,long: close 342.16 > upper 341.76,flatten
2021-06-18,-1,8,2021-06-18 10:30:00-05:00,341.931,2021-06-18 11:00:00-05:00,342.899,344.31,-77.44,short: close 341.96 < lower 342.11,exit short: close 342.88 > lower 342.12
2021-06-23,1,20,2021-06-23 09:00:00-05:00,348.709,2021-06-23 09:30:00-05:00,348.551,347.79,-31.6,long: close 348.69 > upper 348.43,exit long: close 348.56 < upper 348.72
2021-06-24,1,8,2021-06-24 09:30:00-05:00,351.059,2021-06-24 10:00:00-05:00,350.651,348.82,-32.64,long: close 351.03 > upper 350.95,exit long: close 350.67 < upper 350.87
2021-06-28,1,13,2021-06-28 09:00:00-05:00,352.199,2021-06-28 14:52:00-05:00,353.816,350.72,210.21,long: close 352.17 > upper 351.61,flatten
2021-07-27,-1,22,2021-07-27 09:00:00-05:00,366.631,2021-07-27 14:52:00-05:00,363.749,367.5,634.04,short: close 366.65 < lower 367.46,flatten
2021-07-28,1,11,2021-07-28 09:30:00-05:00,366.939,2021-07-28 10:00:00-05:00,366.541,365.17,-43.78,long: close 366.92 > upper 366.79,exit long: close 366.57 < upper 367.09
2021-07-29,1,19,2021-07-29 09:00:00-05:00,366.98900000000003,2021-07-29 10:30:00-05:00,367.331,365.99,64.98,long: close 366.96 > upper 366.52,exit long: close 367.31 < upper 367.68
2021-08-27,1,12,2021-08-27 09:30:00-05:00,375.219,2021-08-27 14:52:00-05:00,376.161,373.62,113.04,long: close 375.19 > upper 374.34,flatten
2021-08-30,1,17,2021-08-30 09:00:00-05:00,378.669,2021-08-30 14:52:00-05:00,380.501,377.58,311.44,long: close 378.61 > upper 377.56,flatten
2021-08-31,-1,20,2021-08-31 09:00:00-05:00,378.506,2021-08-31 09:30:00-05:00,379.1191,379.45,-122.62,short: close 378.52 < lower 379.47,exit short: close 379.09 > lower 378.77
2021-09-01,1,13,2021-09-01 09:00:00-05:00,382.059,2021-09-01 09:30:00-05:00,382.041,380.57,-2.34,long: close 382.04 > upper 381.97,exit long: close 382.07 < upper 382.60
2021-09-22,1,10,2021-09-22 09:30:00-05:00,368.479,2021-09-22 13:00:00-05:00,368.841,366.65000000000003,36.2,long: close 368.46 > upper 368.38,exit long: close 368.89 < upper 369.07
2021-09-22,1,7,2021-09-22 13:30:00-05:00,370.4991,2021-09-22 14:00:00-05:00,368.591,367.69,-133.57,long: close 370.47 > upper 369.37,exit long: close 368.60 < upper 369.18
2021-09-23,1,12,2021-09-23 09:00:00-05:00,372.3757,2021-09-23 14:52:00-05:00,373.101,370.8,87.04,long: close 372.32 > upper 371.74,flatten
2021-09-27,-1,7,2021-09-27 09:00:00-05:00,368.661,2021-09-27 09:30:00-05:00,370.3291,371.22,-116.77,short: close 368.66 < lower 369.21,exit short: close 370.32 > lower 368.80
2021-09-28,-1,5,2021-09-28 09:00:00-05:00,364.441,2021-09-28 14:52:00-05:00,360.119,367.85,216.1,short: close 364.49 < lower 364.61,flatten
2021-09-29,1,11,2021-09-29 09:00:00-05:00,362.819,2021-09-29 09:30:00-05:00,362.181,361.08,-70.18,long: close 362.80 > upper 362.25,exit long: close 362.20 < upper 362.67
2021-10-01,-1,10,2021-10-01 09:30:00-05:00,354.666,2021-10-01 10:00:00-05:00,356.419,356.6,-175.3,short: close 354.69 < lower 356.24,exit short: close 356.41 > lower 355.96
2021-10-04,-1,10,2021-10-04 09:00:00-05:00,355.831,2021-10-04 14:52:00-05:00,351.199,357.77,463.2,short: close 355.83 < lower 357.38,flatten
2021-10-05,1,11,2021-10-05 09:00:00-05:00,355.529,2021-10-05 14:52:00-05:00,357.941,353.81,265.32,long: close 355.52 > upper 354.93,flatten
2021-10-07,1,6,2021-10-07 09:00:00-05:00,364.629,2021-10-07 10:00:00-05:00,365.221,361.79,35.52,long: close 364.60 > upper 364.08,exit long: close 365.23 < upper 365.27
2021-10-07,1,4,2021-10-07 11:00:00-05:00,365.659,2021-10-07 11:30:00-05:00,365.051,361.53000000000003,-24.32,long: close 365.63 > upper 365.37,exit long: close 365.05 < upper 365.51
2021-10-14,1,4,2021-10-14 11:00:00-05:00,366.129,2021-10-14 12:30:00-05:00,366.156,361.87,1.08,long: close 366.12 > upper 366.12,exit long: close 366.16 < upper 366.27
2021-10-14,1,4,2021-10-14 13:00:00-05:00,366.539,2021-10-14 14:52:00-05:00,366.401,362.18,-5.52,long: close 366.52 > upper 366.22,flatten
2021-10-18,1,5,2021-10-18 12:30:00-05:00,371.629,2021-10-18 14:52:00-05:00,372.476,368.3,42.35,long: close 371.63 > upper 371.63,flatten
2021-10-22,-1,6,2021-10-22 11:00:00-05:00,373.366,2021-10-22 11:30:00-05:00,373.73900000000003,376.53000000000003,-22.38,short: close 373.40 < lower 373.47,exit short: close 373.72 > lower 373.51
2021-10-25,1,6,2021-10-25 13:30:00-05:00,378.419,2021-10-25 14:52:00-05:00,377.851,375.41,-34.08,long: close 378.41 > upper 377.81,flatten
2021-10-26,1,7,2021-10-26 09:30:00-05:00,382.289,2021-10-26 10:30:00-05:00,381.851,379.54,-30.66,long: close 382.27 > upper 381.83,exit long: close 381.86 < upper 381.90
2021-10-27,1,13,2021-10-27 09:00:00-05:00,381.339,2021-10-27 09:04:00-05:00,379.88100000000003,379.90000000000003,-189.54,long: close 381.32 > upper 380.69,stop
2021-10-27,1,9,2021-10-27 10:30:00-05:00,381.529,2021-10-27 14:30:00-05:00,381.271,379.55,-23.22,long: close 381.52 > upper 381.23,exit long: close 381.30 < upper 381.49
2021-10-28,1,7,2021-10-28 10:30:00-05:00,383.689,2021-10-28 11:00:00-05:00,383.271,381.05,-29.26,long: close 383.67 > upper 383.59,exit long: close 383.27 < upper 383.58
2021-10-28,1,7,2021-10-28 11:30:00-05:00,383.789,2021-10-28 12:00:00-05:00,382.731,381.05,-74.06,long: close 383.77 > upper 383.70,exit long: close 382.75 < upper 383.96
2021-11-04,1,13,2021-11-04 09:00:00-05:00,396.109,2021-11-04 14:52:00-05:00,397.961,394.66,240.76,long: close 396.06 > upper 395.30,flatten
2021-11-12,1,10,2021-11-12 10:30:00-06:00,394.499,2021-11-12 14:52:00-06:00,394.766,392.6,26.7,long: close 394.48 > upper 393.10,flatten
2021-11-15,-1,9,2021-11-15 11:00:00-06:00,393.1312,2021-11-15 12:00:00-06:00,393.389,395.18,-23.2,short: close 393.17 < lower 393.26,exit short: close 393.39 > lower 393.03
2021-11-16,1,10,2021-11-16 10:30:00-06:00,397.339,2021-11-16 14:52:00-06:00,397.631,395.46000000000004,29.2,long: close 397.31 > upper 396.13,flatten
2021-11-17,1,10,2021-11-17 11:00:00-06:00,399.5609,2021-11-17 11:28:00-06:00,397.701,397.72,-185.99,long: close 399.55 > upper 399.47,stop
2021-11-23,-1,10,2021-11-23 09:30:00-06:00,395.901,2021-11-23 14:00:00-06:00,396.069,397.77,-16.8,short: close 395.93 < lower 396.86,exit short: close 396.04 > lower 396.00
2021-11-29,1,5,2021-11-29 09:00:00-06:00,397.349,2021-11-29 09:30:00-06:00,396.44599999999997,393.63,-45.15,long: close 397.33 > upper 396.98,exit long: close 396.49 < upper 397.22
2021-11-29,1,4,2021-11-29 11:00:00-06:00,398.719,2021-11-29 14:52:00-06:00,399.651,393.85,37.28,long: close 398.66 > upper 398.15,flatten
2021-11-30,-1,9,2021-11-30 10:00:00-06:00,393.57099999999997,2021-11-30 14:52:00-06:00,393.219,395.6,31.68,short: close 393.58 < lower 397.15,flatten
2021-12-02,1,12,2021-12-02 09:00:00-06:00,389.949,2021-12-02 09:09:00-06:00,388.411,388.43,-184.56,long: close 389.88 > upper 387.95,stop
2021-12-02,1,7,2021-12-02 10:30:00-06:00,389.169,2021-12-02 11:00:00-06:00,389.081,386.55,-6.16,long: close 389.12 > upper 389.05,exit long: close 389.12 < upper 389.52
2021-12-03,-1,10,2021-12-03 09:00:00-06:00,386.381,2021-12-03 14:52:00-06:00,380.749,388.26,563.2,short: close 386.33 < lower 388.72,flatten
2021-12-06,1,5,2021-12-06 12:30:00-06:00,386.959,2021-12-06 13:00:00-06:00,386.9911,383.55,1.61,long: close 386.91 > upper 386.83,exit long: close 386.98 < upper 387.07
2021-12-06,1,5,2021-12-06 13:30:00-06:00,387.329,2021-12-06 14:00:00-06:00,386.121,383.75,-60.4,long: close 387.29 > upper 387.00,exit long: close 386.15 < upper 387.09
2021-12-07,1,4,2021-12-07 09:00:00-06:00,395.67900000000003,2021-12-07 14:30:00-06:00,396.531,390.78000000000003,34.08,long: close 395.65 > upper 394.55,exit long: close 396.53 < upper 396.98
2021-12-13,-1,10,2021-12-13 09:30:00-06:00,395.32099999999997,2021-12-13 13:30:00-06:00,394.299,397.18,102.2,short: close 395.34 < lower 396.17,exit short: close 394.31 > lower 394.25
2021-12-15,-1,11,2021-12-15 09:00:00-06:00,386.301,2021-12-15 09:30:00-06:00,386.709,388.04,-44.88,short: close 386.32 < lower 386.43,exit short: close 386.70 > lower 386.28
2021-12-15,-1,6,2021-12-15 11:00:00-06:00,384.641,2021-12-15 11:30:00-06:00,385.189,387.87,-32.88,short: close 384.68 < lower 384.95,exit short: close 385.17 > lower 384.84
2021-12-16,-1,9,2021-12-16 09:00:00-06:00,394.26099999999997,2021-12-16 14:52:00-06:00,387.6391,396.43,595.97,short: close 394.28 < lower 395.38,flatten
2021-12-21,1,3,2021-12-21 13:30:00-06:00,388.329,2021-12-21 14:30:00-06:00,388.371,383.11,1.26,long: close 388.29 > upper 387.58,exit long: close 388.40 < upper 388.41
2021-12-22,1,7,2021-12-22 10:00:00-06:00,392.159,2021-12-22 11:30:00-06:00,392.486,389.43,22.89,long: close 392.13 > upper 391.79,exit long: close 392.50 < upper 392.56
2021-12-23,1,9,2021-12-23 09:30:00-06:00,396.279,2021-12-23 10:00:00-06:00,396.931,394.18,58.68,long: close 396.25 > upper 396.23,exit long: close 396.93 < upper 397.06
2021-12-23,1,5,2021-12-23 11:00:00-06:00,397.599,2021-12-23 11:30:00-06:00,397.1965,394.28000000000003,-20.12,long: close 397.57 > upper 397.45,exit long: close 397.20 < upper 397.57
2021-12-27,1,8,2021-12-27 09:00:00-06:00,400.439,2021-12-27 14:52:00-06:00,403.26099999999997,398.21000000000004,225.76,long: close 400.37 > upper 399.86,flatten
2022-01-04,-1,10,2022-01-04 09:30:00-06:00,399.661,2022-01-04 14:52:00-06:00,397.339,401.51,232.2,short: close 399.70 < lower 400.16,flatten
2022-01-05,-1,4,2022-01-05 12:00:00-06:00,391.13599999999997,2022-01-05 12:30:00-06:00,391.724,395.28000000000003,-23.52,short: close 391.16 < lower 391.48,exit short: close 391.69 > lower 391.53
2022-01-05,-1,4,2022-01-05 13:30:00-06:00,389.221,2022-01-05 14:52:00-06:00,385.419,393.34000000000003,152.08,short: close 389.23 < lower 391.50,flatten
2022-01-07,-1,13,2022-01-07 09:30:00-06:00,381.621,2022-01-07 14:00:00-06:00,381.159,383.06,60.06,short: close 381.65 < lower 382.59,exit short: close 381.16 > lower 380.85
2022-01-10,-1,5,2022-01-10 09:00:00-06:00,371.861,2022-01-10 10:30:00-06:00,373.499,375.35,-81.9,short: close 371.90 < lower 373.83,exit short: close 373.47 > lower 372.54
2022-01-10,-1,3,2022-01-10 11:30:00-06:00,370.871,2022-01-10 12:00:00-06:00,372.369,375.85,-44.94,short: close 370.89 < lower 372.35,exit short: close 372.37 > lower 372.11
2022-01-11,1,7,2022-01-11 10:30:00-06:00,383.8874,2022-01-11 14:52:00-06:00,384.871,381.1,68.85,long: close 383.87 > upper 382.65,flatten
2022-01-13,-1,6,2022-01-13 10:00:00-06:00,384.161,2022-01-13 10:30:00-06:00,385.329,387.27,-70.08,short: close 384.19 < lower 384.98,exit short: close 385.32 > lower 384.95
2022-01-13,-1,5,2022-01-13 11:30:00-06:00,380.951,2022-01-13 14:52:00-06:00,377.659,384.43,164.6,short: close 380.98 < lower 384.61,flatten
2022-01-14,1,9,2022-01-14 09:00:00-06:00,379.719,2022-01-14 09:03:00-06:00,377.531,377.55,-196.92,long: close 379.73 > upper 378.54,stop
2022-01-19,1,11,2022-01-19 09:00:00-06:00,374.439,2022-01-19 09:22:00-06:00,372.731,372.75,-187.88,long: close 374.44 > upper 373.13,stop
2022-01-20,1,7,2022-01-20 09:00:00-06:00,372.399,2022-01-20 12:00:00-06:00,371.531,369.59000000000003,-60.76,long: close 372.31 > upper 370.97,exit long: close 371.59 < upper 372.55
2022-01-21,-1,8,2022-01-21 09:00:00-06:00,357.111,2022-01-21 09:35:00-06:00,359.519,359.5,-192.64,short: close 357.14 < lower 358.14,stop
2022-01-21,-1,5,2022-01-21 12:30:00-06:00,355.791,2022-01-21 14:52:00-06:00,352.629,359.28000000000003,158.1,short: close 355.81 < lower 357.04,flatten
2022-01-24,-1,4,2022-01-24 09:00:00-06:00,343.57099999999997,2022-01-24 13:00:00-06:00,345.599,347.74,-81.12,short: close 343.58 < lower 344.50,exit short: close 345.60 > lower 343.04
2022-01-25,-1,4,2022-01-25 09:00:00-06:00,343.721,2022-01-25 09:30:00-06:00,346.439,348.67,-108.72,short: close 343.76 < lower 345.17,exit short: close 346.43 > lower 344.83
2022-01-25,-1,3,2022-01-25 11:00:00-06:00,342.041,2022-01-25 11:30:00-06:00,344.23900000000003,348.04,-65.94,short: close 342.09 < lower 343.78,exit short: close 344.27 > lower 343.15
2022-01-27,-1,4,2022-01-27 12:30:00-06:00,341.07099999999997,2022-01-27 13:00:00-06:00,343.069,345.55,-79.92,short: close 341.06 < lower 342.72,exit short: close 343.07 > lower 342.89
2022-01-27,-1,4,2022-01-27 13:30:00-06:00,341.631,2022-01-27 14:30:00-06:00,341.3154,346.59000000000003,12.62,short: close 341.62 < lower 342.24,exit short: close 341.29 > lower 341.25
2022-01-28,-1,7,2022-01-28 09:00:00-06:00,338.931,2022-01-28 09:18:00-06:00,341.529,341.51,-181.86,short: close 338.92 < lower 339.45,stop
2022-01-28,1,5,2022-01-28 10:30:00-06:00,346.729,2022-01-28 13:24:00-06:00,343.371,343.39,-167.9,long: close 346.66 > upper 345.37,stop
2022-01-31,1,7,2022-01-31 09:00:00-06:00,356.769,2022-01-31 14:52:00-06:00,362.541,354.25,404.04,long: close 356.74 > upper 355.12,flatten
2022-02-04,1,6,2022-02-04 12:00:00-06:00,357.329,2022-02-04 14:52:00-06:00,358.721,354.42,83.52,long: close 357.30 > upper 356.75,flatten
2022-02-08,1,6,2022-02-08 10:30:00-06:00,357.5978,2022-02-08 13:30:00-06:00,356.861,354.69,-44.21,long: close 357.56 > upper 357.50,exit long: close 356.88 < upper 358.19
2022-02-11,-1,8,2022-02-11 10:30:00-06:00,355.391,2022-02-11 11:30:00-06:00,355.349,357.77,3.36,short: close 355.40 < lower 356.08,exit short: close 355.33 > lower 355.05
2022-02-11,-1,6,2022-02-11 12:00:00-06:00,353.771,2022-02-11 14:52:00-06:00,348.139,357.0,337.92,short: close 353.80 < lower 355.23,flatten
2022-02-14,1,7,2022-02-14 10:30:00-06:00,350.159,2022-02-14 11:00:00-06:00,349.671,347.59000000000003,-34.16,long: close 350.13 > upper 349.38,exit long: close 349.66 < upper 349.96
2022-02-14,1,6,2022-02-14 11:30:00-06:00,350.439,2022-02-14 12:00:00-06:00,349.846,347.28000000000003,-35.58,long: close 350.43 > upper 349.98,exit long: close 349.87 < upper 350.14
2022-02-16,-1,6,2022-02-16 09:00:00-06:00,351.311,2022-02-16 09:30:00-06:00,351.959,354.24,-38.88,short: close 351.37 < lower 352.14,exit short: close 351.94 > lower 351.94
2022-02-17,-1,5,2022-02-17 09:30:00-06:00,349.731,2022-02-17 10:30:00-06:00,351.119,353.38,-69.4,short: close 349.77 < lower 350.71,exit short: close 351.07 > lower 350.36
2022-02-17,-1,4,2022-02-17 11:30:00-06:00,349.771,2022-02-17 12:00:00-06:00,349.939,354.22,-6.72,short: close 349.80 < lower 349.91,exit short: close 349.92 > lower 349.88
2022-02-18,-1,8,2022-02-18 10:00:00-06:00,342.611,2022-02-18 13:30:00-06:00,343.48900000000003,345.03000000000003,-70.24,short: close 342.65 < lower 343.51,exit short: close 343.46 > lower 342.46
2022-02-22,1,5,2022-02-22 09:30:00-06:00,344.0154,2022-02-22 09:50:00-06:00,340.63100000000003,340.65000000000003,-169.22,long: close 343.99 > upper 343.43,stop
2022-02-23,-1,5,2022-02-23 10:00:00-06:00,336.021,2022-02-23 11:00:00-06:00,336.829,339.39,-40.4,short: close 336.04 < lower 336.35,exit short: close 336.81 > lower 335.65
2022-02-23,-1,4,2022-02-23 12:30:00-06:00,333.451,2022-02-23 14:52:00-06:00,329.359,337.71,163.68,short: close 333.47 < lower 335.46,flatten
2022-02-24,1,3,2022-02-24 13:30:00-06:00,333.319,2022-02-24 14:52:00-06:00,339.911,327.32,197.76,long: close 333.30 > upper 332.35,flatten
2022-02-25,-1,8,2022-02-25 09:00:00-06:00,338.281,2022-02-25 09:23:00-06:00,340.689,340.67,-192.64,short: close 338.28 < lower 338.59,stop
2022-02-25,1,6,2022-02-25 10:30:00-06:00,344.449,2022-02-25 12:00:00-06:00,343.381,341.17,-64.08,long: close 344.39 > upper 344.27,exit long: close 343.39 < upper 344.96
2022-03-01,-1,4,2022-03-01 12:30:00-06:00,340.76099999999997,2022-03-01 13:00:00-06:00,341.699,345.2,-37.52,short: close 340.82 < lower 342.02,exit short: close 341.69 > lower 341.43
2022-03-02,1,4,2022-03-02 12:30:00-06:00,347.279,2022-03-02 13:00:00-06:00,347.121,342.76,-6.32,long: close 347.26 > upper 346.85,exit long: close 347.13 < upper 347.36
2022-03-02,1,4,2022-03-02 13:30:00-06:00,347.189,2022-03-02 14:00:00-06:00,347.211,342.41,0.88,long: close 347.16 > upper 347.11,exit long: close 347.25 < upper 347.48
2022-03-03,-1,4,2022-03-03 10:00:00-06:00,342.681,2022-03-03 10:30:00-06:00,343.939,346.98,-50.32,short: close 342.70 < lower 344.28,exit short: close 343.92 > lower 343.71
2022-03-03,-1,4,2022-03-03 11:30:00-06:00,342.791,2022-03-03 12:00:00-06:00,344.899,347.6,-84.32,short: close 342.79 < lower 343.76,exit short: close 344.92 > lower 343.71
2022-03-04,-1,4,2022-03-04 10:00:00-06:00,336.061,2022-03-04 11:00:00-06:00,336.23900000000003,340.34000000000003,-7.12,short: close 336.07 < lower 336.78,exit short: close 336.21 > lower 335.92
2022-03-07,-1,9,2022-03-07 09:00:00-06:00,333.421,2022-03-07 14:52:00-06:00,325.609,335.45,703.08,short: close 333.43 < lower 335.29,flatten
2022-03-08,1,5,2022-03-08 11:30:00-06:00,329.539,2022-03-08 12:58:00-06:00,325.651,325.67,-194.4,long: close 329.55 > upper 328.32,stop
2022-03-10,-1,3,2022-03-10 10:30:00-06:00,327.061,2022-03-10 11:00:00-06:00,328.339,332.83,-38.34,short: close 327.07 < lower 327.19,exit short: close 328.33 > lower 326.72
2022-03-11,-1,3,2022-03-11 11:30:00-06:00,327.291,2022-03-11 12:00:00-06:00,327.999,332.65000000000003,-21.24,short: close 327.30 < lower 327.53,exit short: close 327.97 > lower 327.24
2022-03-14,-1,4,2022-03-14 12:00:00-05:00,318.931,2022-03-14 13:00:00-05:00,318.729,323.63,8.08,short: close 318.96 < lower 319.04,exit short: close 318.74 > lower 318.65
2022-03-14,-1,3,2022-03-14 13:30:00-05:00,317.941,2022-03-14 14:00:00-05:00,319.039,323.03000000000003,-32.94,short: close 317.96 < lower 318.65,exit short: close 319.02 > lower 317.87
2022-03-15,1,3,2022-03-15 10:30:00-05:00,325.749,2022-03-15 11:00:00-05:00,324.841,320.64,-27.24,long: close 325.74 > upper 324.67,exit long: close 324.89 < upper 325.00
2022-03-15,1,3,2022-03-15 11:30:00-05:00,326.249,2022-03-15 12:30:00-05:00,324.111,320.89,-64.14,long: close 326.22 > upper 324.92,exit long: close 324.14 < upper 325.49
2022-03-16,1,5,2022-03-16 09:00:00-05:00,334.659,2022-03-16 11:30:00-05:00,336.411,330.87,87.6,long: close 334.63 > upper 333.98,exit long: close 336.43 < upper 336.50
2022-03-18,1,4,2022-03-18 12:00:00-05:00,348.764,2022-03-18 14:52:00-05:00,350.861,343.91,83.88,long: close 348.72 > upper 348.41,flatten
2022-03-21,-1,8,2022-03-21 09:00:00-05:00,348.51099999999997,2022-03-21 10:00:00-05:00,349.519,350.7,-80.64,short: close 348.45 < lower 348.66,exit short: close 349.49 > lower 347.06
2022-03-22,1,10,2022-03-22 09:00:00-05:00,352.479,2022-03-22 14:52:00-05:00,357.07099999999997,350.63,459.2,long: close 352.42 > upper 352.19,flatten
2022-03-25,-1,5,2022-03-25 10:30:00-05:00,355.521,2022-03-25 11:30:00-05:00,356.939,359.02,-70.9,short: close 355.53 < lower 356.11,exit short: close 356.93 > lower 355.54
2022-03-28,1,12,2022-03-28 09:00:00-05:00,362.599,2022-03-28 09:04:00-05:00,361.041,361.06,-186.96,long: close 362.57 > upper 360.89,stop
2022-03-28,1,8,2022-03-28 10:00:00-05:00,362.299,2022-03-28 10:30:00-05:00,361.151,359.88,-91.84,long: close 362.28 > upper 361.77,exit long: close 361.16 < upper 362.72
2022-04-04,1,9,2022-04-04 09:00:00-05:00,366.419,2022-04-04 14:52:00-05:00,368.981,364.42,230.58,long: close 366.44 > upper 364.30,flatten
2022-04-05,-1,6,2022-04-05 09:30:00-05:00,364.381,2022-04-05 14:52:00-05:00,360.809,367.58,214.32,short: close 364.45 < lower 365.34,flatten
2022-04-06,-1,4,2022-04-06 09:00:00-05:00,353.241,2022-04-06 11:00:00-05:00,352.999,357.63,9.68,short: close 353.23 < lower 354.02,exit short: close 353.01 > lower 352.96
2022-04-06,-1,3,2022-04-06 11:30:00-05:00,351.481,2022-04-06 12:30:00-05:00,352.789,356.93,-39.24,short: close 351.49 < lower 352.96,exit short: close 352.78 > lower 352.50
2022-04-08,-1,7,2022-04-08 09:00:00-05:00,348.801,2022-04-08 09:30:00-05:00,350.899,351.29,-146.86,short: close 348.84 < lower 350.74,exit short: close 350.84 > lower 350.19
2022-04-08,-1,5,2022-04-08 13:30:00-05:00,349.651,2022-04-08 14:00:00-05:00,350.259,353.02,-30.4,short: close 349.65 < lower 349.86,exit short: close 350.22 > lower 349.55
2022-04-11,-1,5,2022-04-11 10:00:00-05:00,342.111,2022-04-11 10:30:00-05:00,342.409,345.77,-14.9,short: close 342.15 < lower 343.31,exit short: close 342.39 > lower 342.35
2022-04-11,-1,4,2022-04-11 11:30:00-05:00,342.151,2022-04-11 12:00:00-05:00,343.139,346.78000000000003,-39.52,short: close 342.16 < lower 342.34,exit short: close 343.16 > lower 342.25
2022-04-13,1,10,2022-04-13 09:30:00-05:00,342.789,2022-04-13 14:52:00-05:00,346.741,340.98,395.2,long: close 342.75 > upper 341.48,flatten
2022-04-14,-1,11,2022-04-14 09:00:00-05:00,343.751,2022-04-14 14:52:00-05:00,338.5691,345.45,570.01,short: close 343.77 < lower 344.70,flatten
2022-04-18,1,7,2022-04-18 09:30:00-05:00,340.509,2022-04-18 10:00:00-05:00,339.51099999999997,338.0,-69.86,long: close 340.51 > upper 340.39,exit long: close 339.53 < upper 340.20
2022-04-19,1,9,2022-04-19 09:00:00-05:00,341.409,2022-04-19 14:52:00-05:00,346.801,339.40000000000003,485.28,long: close 341.41 > upper 340.51,flatten
2022-04-20,-1,8,2022-04-20 09:00:00-05:00,343.051,2022-04-20 10:00:00-05:00,344.129,345.35,-86.24,short: close 343.09 < lower 344.31,exit short: close 344.12 > lower 343.90
2022-04-20,-1,6,2022-04-20 10:30:00-05:00,342.061,2022-04-20 13:00:00-05:00,342.919,345.17,-51.48,short: close 342.03 < lower 343.50,exit short: close 342.94 > lower 342.81
2022-04-21,-1,3,2022-04-21 13:30:00-05:00,336.26099999999997,2022-04-21 14:52:00-05:00,334.409,342.21,55.56,short: close 336.29 < lower 337.18,flatten
2022-04-22,-1,8,2022-04-22 09:30:00-05:00,330.991,2022-04-22 10:30:00-05:00,331.689,333.45,-55.84,short: close 331.01 < lower 331.81,exit short: close 331.65 > lower 331.33
2022-04-22,-1,5,2022-04-22 11:00:00-05:00,329.121,2022-04-22 14:52:00-05:00,325.539,332.56,179.1,short: close 329.15 < lower 330.83,flatten
2022-04-26,-1,6,2022-04-26 09:00:00-05:00,323.191,2022-04-26 14:52:00-05:00,318.319,326.04,292.32,short: close 323.25 < lower 325.70,flatten
2022-04-27,1,9,2022-04-27 09:00:00-05:00,320.949,2022-04-27 09:08:00-05:00,318.811,318.83,-192.42,long: close 320.94 > upper 319.20,stop
2022-04-27,1,5,2022-04-27 11:30:00-05:00,321.869,2022-04-27 12:30:00-05:00,320.701,318.04,-58.4,long: close 321.80 > upper 320.90,exit long: close 320.73 < upper 320.76
2022-04-28,1,3,2022-04-28 12:30:00-05:00,326.629,2022-04-28 14:52:00-05:00,327.531,320.63,27.06,long: close 326.60 > upper 325.49,flatten
2022-04-29,-1,3,2022-04-29 11:30:00-05:00,319.541,2022-04-29 14:52:00-05:00,313.529,325.42,180.36,short: close 319.56 < lower 319.96,flatten
2022-05-02,1,7,2022-05-02 09:30:00-05:00,316.339,2022-05-02 10:00:00-05:00,314.421,313.57,-134.26,long: close 316.31 > upper 315.81,exit long: close 314.45 < upper 315.97
2022-05-04,-1,6,2022-05-04 09:30:00-05:00,315.831,2022-05-04 11:00:00-05:00,315.799,318.76,1.92,short: close 315.81 < lower 316.18,exit short: close 315.79 > lower 315.50
2022-05-05,-1,4,2022-05-05 09:00:00-05:00,321.041,2022-05-05 14:52:00-05:00,312.619,325.59000000000003,336.88,short: close 321.02 < lower 322.92,flatten
2022-05-06,-1,5,2022-05-06 09:00:00-05:00,305.831,2022-05-06 09:14:00-05:00,309.339,309.32,-175.4,short: close 305.84 < lower 308.69,stop
2022-05-09,-1,3,2022-05-09 10:00:00-05:00,299.811,2022-05-09 11:00:00-05:00,300.389,305.77,-17.34,short: close 299.83 < lower 300.49,exit short: close 300.38 > lower 299.74
2022-05-09,-1,3,2022-05-09 12:00:00-05:00,299.411,2022-05-09 12:30:00-05:00,300.199,305.41,-23.64,short: close 299.49 < lower 299.70,exit short: close 300.19 > lower 299.56
2022-05-11,-1,4,2022-05-11 12:30:00-05:00,294.681,2022-05-11 13:30:00-05:00,294.509,299.56,6.88,short: close 294.69 < lower 294.77,exit short: close 294.45 > lower 294.00
2022-05-13,1,4,2022-05-13 09:00:00-05:00,298.459,2022-05-13 13:30:00-05:00,298.551,294.06,3.68,long: close 298.45 > upper 297.90,exit long: close 298.58 < upper 299.48
2022-05-18,-1,3,2022-05-18 10:30:00-05:00,296.131,2022-05-18 14:52:00-05:00,290.849,302.0,158.46,short: close 296.15 < lower 298.05,flatten
2022-05-20,-1,4,2022-05-20 11:00:00-05:00,286.07099999999997,2022-05-20 14:52:00-05:00,287.789,290.99,-68.72,short: close 286.12 < lower 286.46,flatten
2022-05-24,-1,4,2022-05-24 09:00:00-05:00,284.741,2022-05-24 10:30:00-05:00,284.329,289.08,16.48,short: close 284.75 < lower 286.46,exit short: close 284.30 > lower 284.01
2022-05-25,1,5,2022-05-25 09:30:00-05:00,289.869,2022-05-25 10:00:00-05:00,289.641,286.5,-11.4,long: close 289.86 > upper 289.85,exit long: close 289.62 < upper 290.83
2022-05-26,1,9,2022-05-26 09:00:00-05:00,295.419,2022-05-26 14:52:00-05:00,299.781,293.29,392.58,long: close 295.38 > upper 293.03,flatten
2022-05-27,1,5,2022-05-27 09:00:00-05:00,305.279,2022-05-27 10:00:00-05:00,305.561,301.93,14.1,long: close 305.27 > upper 304.28,exit long: close 305.55 < upper 306.38
2022-05-27,1,3,2022-05-27 11:00:00-05:00,307.069,2022-05-27 12:00:00-05:00,306.831,301.76,-7.14,long: close 307.03 > upper 306.25,exit long: close 306.87 < upper 306.98
2022-05-31,-1,9,2022-05-31 09:00:00-05:00,306.031,2022-05-31 09:30:00-05:00,306.449,308.1,-37.62,short: close 306.08 < lower 307.09,exit short: close 306.43 > lower 306.03
2022-06-02,1,4,2022-06-02 11:30:00-05:00,311.379,2022-06-02 14:52:00-05:00,313.681,306.49,92.08,long: close 311.35 > upper 310.32,flatten
2022-06-10,-1,4,2022-06-10 09:00:00-05:00,291.661,2022-06-10 12:30:00-05:00,289.839,296.37,72.88,short: close 291.73 < lower 291.76,exit short: close 289.80 > lower 289.51
2022-06-13,-1,3,2022-06-13 10:00:00-05:00,277.051,2022-06-13 10:30:00-05:00,277.829,283.05,-23.34,short: close 277.04 < lower 277.10,exit short: close 277.81 > lower 276.59
2022-06-16,-1,3,2022-06-16 09:00:00-05:00,274.041,2022-06-16 09:30:00-05:00,273.439,279.22,18.06,short: close 274.06 < lower 274.08,exit short: close 273.41 > lower 273.31
2022-06-16,-1,3,2022-06-16 10:00:00-05:00,271.091,2022-06-16 10:30:00-05:00,272.889,277.09000000000003,-53.94,short: close 271.10 < lower 273.25,exit short: close 272.88 > lower 272.80
2022-06-17,1,12,2022-06-17 09:00:00-05:00,275.259,2022-06-17 09:09:00-05:00,273.711,273.73,-185.76,long: close 275.18 > upper 273.42,stop
2022-06-17,1,7,2022-06-17 10:30:00-05:00,274.719,2022-06-17 11:00:00-05:00,273.271,272.0,-101.36,long: close 274.70 > upper 274.62,exit long: close 273.30 < upper 274.55
2022-06-21,1,5,2022-06-21 09:00:00-05:00,282.309,2022-06-21 13:30:00-05:00,281.581,278.95,-36.4,long: close 282.30 > upper 280.09,exit long: close 281.60 < upper 281.64
2022-06-22,1,6,2022-06-22 09:30:00-05:00,284.289,2022-06-22 10:30:00-05:00,283.491,281.02,-47.88,long: close 284.26 > upper 283.13,exit long: close 283.50 < upper 283.83
2022-06-24,1,6,2022-06-24 09:00:00-05:00,290.359,2022-06-24 14:52:00-05:00,293.621,287.41,195.72,long: close 290.32 > upper 289.29,flatten
2022-06-27,-1,8,2022-06-27 09:00:00-05:00,292.981,2022-06-27 10:00:00-05:00,294.769,295.2,-143.04,short: close 292.99 < lower 293.28,exit short: close 294.76 > lower 292.25
2022-06-28,-1,6,2022-06-28 10:30:00-05:00,288.051,2022-06-28 14:52:00-05:00,283.669,290.91,262.92,short: close 288.05 < lower 289.88,flatten
2022-06-30,-1,6,2022-06-30 09:00:00-05:00,276.911,2022-06-30 10:00:00-05:00,279.1389,280.16,-133.67,short: close 276.92 < lower 279.07,exit short: close 279.10 > lower 278.32
2022-07-07,1,8,2022-07-07 09:00:00-05:00,292.469,2022-07-07 14:52:00-05:00,294.971,290.14,200.16,long: close 292.44 > upper 291.54,flatten
2022-07-11,-1,6,2022-07-11 09:00:00-05:00,288.891,2022-07-11 12:30:00-05:00,291.0989,292.12,-132.47,short: close 288.91 < lower 290.89,exit short: close 291.07 > lower 289.76
2022-07-14,-1,6,2022-07-14 09:00:00-05:00,281.081,2022-07-14 09:30:00-05:00,280.859,284.25,13.32,short: close 281.14 < lower 281.14,exit short: close 280.85 > lower 280.84
2022-07-19,1,5,2022-07-19 10:30:00-05:00,295.719,2022-07-19 14:52:00-05:00,298.041,292.08,116.1,long: close 295.71 > upper 294.92,flatten
2022-07-20,1,9,2022-07-20 09:30:00-05:00,301.209,2022-07-20 13:00:00-05:00,300.846,299.13,-32.67,long: close 301.20 > upper 300.56,exit long: close 300.84 < upper 301.55
2022-07-20,1,5,2022-07-20 13:30:00-05:00,302.524,2022-07-20 14:52:00-05:00,303.496,299.02,48.6,long: close 302.52 > upper 301.98,flatten
2022-07-21,1,7,2022-07-21 11:30:00-05:00,306.459,2022-07-21 12:30:00-05:00,305.82099999999997,303.79,-44.66,long: close 306.44 > upper 305.93,exit long: close 305.81 < upper 305.96
2022-07-22,-1,7,2022-07-22 10:30:00-05:00,303.531,2022-07-22 14:30:00-05:00,302.109,306.03000000000003,99.54,short: close 303.55 < lower 304.43,exit short: close 302.08 > lower 301.86
2022-07-25,-1,10,2022-07-25 09:30:00-05:00,299.711,2022-07-25 10:00:00-05:00,300.3482,301.53000000000003,-63.72,short: close 299.78 < lower 300.19,exit short: close 300.32 > lower 299.81
2022-07-26,-1,7,2022-07-26 09:30:00-05:00,296.221,2022-07-26 10:00:00-05:00,296.5089,299.0,-20.15,short: close 296.25 < lower 296.67,exit short: close 296.48 > lower 296.38
2022-07-26,-1,6,2022-07-26 10:30:00-05:00,295.26099999999997,2022-07-26 14:52:00-05:00,294.119,298.36,68.52,short: close 295.29 < lower 296.35,flatten
2022-07-27,1,5,2022-07-27 09:00:00-05:00,301.129,2022-07-27 13:30:00-05:00,302.851,297.41,86.1,long: close 301.11 > upper 300.43,exit long: close 302.82 < upper 302.84
2022-07-28,-1,13,2022-07-28 09:00:00-05:00,303.731,2022-07-28 09:52:00-05:00,305.189,305.17,-189.54,short: close 303.71 < lower 305.23,stop
2022-07-29,1,6,2022-07-29 09:30:00-05:00,314.139,2022-07-29 10:00:00-05:00,312.7711,311.22,-82.07,long: close 314.13 > upper 313.50,exit long: close 312.82 < upper 313.53
2022-08-01,1,6,2022-08-01 10:00:00-05:00,318.389,2022-08-01 11:30:00-05:00,316.981,315.48,-84.48,long: close 318.35 > upper 317.47,exit long: close 317.00 < upper 318.14
2022-08-03,1,9,2022-08-03 09:00:00-05:00,319.049,2022-08-03 14:52:00-05:00,323.221,316.96,375.48,long: close 319.07 > upper 317.27,flatten
2022-08-08,1,10,2022-08-08 09:00:00-05:00,325.839,2022-08-08 09:48:00-05:00,324.011,324.03000000000003,-182.8,long: close 325.81 > upper 324.06,stop
2022-08-09,-1,7,2022-08-09 09:00:00-05:00,316.311,2022-08-09 09:30:00-05:00,316.9605,318.85,-45.47,short: close 316.37 < lower 317.20,exit short: close 316.91 > lower 316.45
2022-08-09,-1,4,2022-08-09 11:30:00-05:00,315.481,2022-08-09 12:00:00-05:00,315.92900000000003,319.55,-17.92,short: close 315.50 < lower 315.67,exit short: close 315.92 > lower 315.78
2022-08-12,1,5,2022-08-12 12:30:00-05:00,328.609,2022-08-12 13:00:00-05:00,328.611,325.19,0.1,long: close 328.59 > upper 328.56,exit long: close 328.63 < upper 328.68
2022-08-16,-1,8,2022-08-16 10:00:00-05:00,329.951,2022-08-16 10:30:00-05:00,331.719,332.3,-141.44,short: close 329.99 < lower 330.23,exit short: close 331.71 > lower 330.21
2022-08-17,-1,5,2022-08-17 10:00:00-05:00,326.901,2022-08-17 10:30:00-05:00,327.734,330.24,-41.65,short: close 326.94 < lower 327.36,exit short: close 327.71 > lower 327.44
2022-08-17,-1,5,2022-08-17 11:00:00-05:00,326.781,2022-08-17 11:30:00-05:00,327.809,330.37,-51.4,short: close 326.79 < lower 327.11,exit short: close 327.79 > lower 326.74
2022-08-19,-1,6,2022-08-19 09:00:00-05:00,324.01099999999997,2022-08-19 14:52:00-05:00,323.199,327.01,48.72,short: close 324.03 < lower 324.75,flatten
2022-08-22,-1,5,2022-08-22 09:30:00-05:00,316.031,2022-08-22 14:52:00-05:00,314.349,319.8,84.1,short: close 316.06 < lower 316.93,flatten
2022-08-24,1,12,2022-08-24 10:30:00-05:00,316.349,2022-08-24 12:00:00-05:00,315.26099999999997,314.79,-130.56,long: close 316.30 > upper 315.38,exit long: close 315.25 < upper 315.57
2022-08-25,1,7,2022-08-25 09:30:00-05:00,319.019,2022-08-25 10:30:00-05:00,317.231,316.53000000000003,-125.16,long: close 318.95 > upper 318.43,exit long: close 317.25 < upper 318.26
2022-08-26,-1,12,2022-08-26 09:30:00-05:00,316.311,2022-08-26 14:52:00-05:00,308.109,317.91,984.24,short: close 316.39 < lower 318.81,flatten
2022-08-30,-1,8,2022-08-30 09:30:00-05:00,302.221,2022-08-30 14:52:00-05:00,300.279,304.56,155.36,short: close 302.25 < lower 302.92,flatten
2022-09-01,-1,5,2022-09-01 10:00:00-05:00,293.771,2022-09-01 12:30:00-05:00,295.379,297.09000000000003,-80.4,short: close 293.79 < lower 294.67,exit short: close 295.36 > lower 294.12
2022-09-02,-1,4,2022-09-02 12:30:00-05:00,295.911,2022-09-02 14:52:00-05:00,294.409,299.94,60.08,short: close 295.96 < lower 296.87,flatten
2022-09-06,-1,16,2022-09-06 09:00:00-05:00,293.641,2022-09-06 09:52:00-05:00,294.849,294.83,-193.28,short: close 293.69 < lower 294.25,stop
2022-09-06,-1,6,2022-09-06 12:30:00-05:00,292.081,2022-09-06 13:00:00-05:00,292.754,295.07,-40.38,short: close 292.13 < lower 292.44,exit short: close 292.74 > lower 292.13
2022-09-07,1,8,2022-09-07 11:00:00-05:00,296.0889,2022-09-07 11:30:00-05:00,295.401,293.67,-55.03,long: close 296.07 > upper 295.73,exit long: close 295.44 < upper 295.93
2022-09-07,1,7,2022-09-07 12:00:00-05:00,296.399,2022-09-07 12:30:00-05:00,296.26099999999997,293.63,-9.66,long: close 296.39 > upper 296.07,exit long: close 296.28 < upper 296.50
2022-09-09,1,8,2022-09-09 09:00:00-05:00,304.92900000000003,2022-09-09 14:52:00-05:00,306.921,302.58,159.36,long: close 304.86 > upper 304.02,flatten
2022-09-12,1,10,2022-09-12 09:00:00-05:00,310.639,2022-09-12 10:00:00-05:00,309.741,308.69,-89.8,long: close 310.60 > upper 309.72,exit long: close 309.76 < upper 310.90
2022-09-13,-1,3,2022-09-13 09:00:00-05:00,300.181,2022-09-13 12:30:00-05:00,298.849,305.93,39.96,short: close 300.19 < lower 300.55,exit short: close 298.85 > lower 298.52
2022-09-13,-1,3,2022-09-13 13:00:00-05:00,297.811,2022-09-13 14:52:00-05:00,293.879,303.81,117.96,short: close 297.82 < lower 298.21,flatten
2022-09-15,-1,5,2022-09-15 10:00:00-05:00,291.181,2022-09-15 10:30:00-05:00,292.089,294.59000000000003,-45.4,short: close 291.20 < lower 291.67,exit short: close 292.10 > lower 291.31
2022-09-15,-1,5,2022-09-15 11:00:00-05:00,291.471,2022-09-15 12:00:00-05:00,292.649,294.91,-58.9,short: close 291.50 < lower 291.64,exit short: close 292.62 > lower 291.08
2022-09-16,-1,6,2022-09-16 09:00:00-05:00,285.971,2022-09-16 09:30:00-05:00,287.309,288.91,-80.28,short: close 285.99 < lower 286.43,exit short: close 287.20 > lower 285.94
2022-09-22,-1,7,2022-09-22 10:00:00-05:00,279.601,2022-09-22 11:30:00-05:00,280.3863,282.1,-54.97,short: close 279.62 < lower 280.22,exit short: close 280.36 > lower 280.25
2022-09-22,-1,6,2022-09-22 13:30:00-05:00,279.501,2022-09-22 14:00:00-05:00,280.579,282.53000000000003,-64.68,short: close 279.53 < lower 279.69,exit short: close 280.56 > lower 279.35
2022-09-23,-1,7,2022-09-23 09:00:00-05:00,275.001,2022-09-23 09:30:00-05:00,276.3189,277.64,-92.25,short: close 275.04 < lower 276.17,exit short: close 276.30 > lower 276.22
2022-09-23,-1,6,2022-09-23 10:00:00-05:00,275.581,2022-09-23 14:52:00-05:00,275.169,278.57,24.72,short: close 275.60 < lower 275.82,flatten
2022-09-26,1,11,2022-09-26 09:00:00-05:00,278.399,2022-09-26 10:06:00-05:00,276.711,276.73,-185.68,long: close 278.36 > upper 276.92,stop
2022-09-28,1,12,2022-09-28 09:30:00-05:00,276.329,2022-09-28 10:00:00-05:00,276.07099999999997,274.81,-30.96,long: close 276.31 > upper 276.02,exit long: close 276.07 < upper 276.49
2022-09-28,1,9,2022-09-28 10:30:00-05:00,276.859,2022-09-28 14:52:00-05:00,280.831,274.89,357.48,long: close 276.84 > upper 276.46,flatten
2022-09-29,-1,5,2022-09-29 09:00:00-05:00,272.791,2022-09-29 14:52:00-05:00,272.119,276.18,33.6,short: close 272.80 < lower 274.50,flatten
2022-09-30,1,8,2022-09-30 10:30:00-05:00,274.549,2022-09-30 11:00:00-05:00,272.481,272.19,-165.44,long: close 274.52 > upper 273.89,exit long: close 272.49 < upper 273.92
2022-10-03,1,7,2022-10-03 09:30:00-05:00,271.549,2022-10-03 11:00:00-05:00,270.771,269.01,-54.46,long: close 271.51 > upper 270.67,exit long: close 270.81 < upper 271.02
2022-10-03,1,6,2022-10-03 12:00:00-05:00,271.539,2022-10-03 14:52:00-05:00,273.721,268.59000000000003,130.92,long: close 271.51 > upper 271.08,flatten
2022-10-04,1,4,2022-10-04 09:00:00-05:00,281.48900000000003,2022-10-04 12:30:00-05:00,280.251,277.41,-49.52,long: close 281.46 > upper 280.35,exit long: close 280.28 < upper 281.20
2022-10-05,-1,5,2022-10-05 09:30:00-05:00,275.931,2022-10-05 10:30:00-05:00,277.019,279.67,-54.4,short: close 275.98 < lower 276.50,exit short: close 276.99 > lower 276.14
2022-10-07,-1,5,2022-10-07 09:00:00-05:00,272.161,2022-10-07 14:52:00-05:00,269.284,275.92,143.85,short: close 272.18 < lower 273.66,flatten
2022-10-10,-1,12,2022-10-10 09:00:00-05:00,266.981,2022-10-10 09:30:00-05:00,267.609,268.5,-75.36,short: close 266.98 < lower 267.65,exit short: close 267.62 > lower 267.09
2022-10-10,-1,9,2022-10-10 10:00:00-05:00,265.451,2022-10-10 12:49:00-05:00,267.639,267.62,-196.92,short: close 265.48 < lower 266.99,stop
2022-10-11,-1,8,2022-10-11 09:00:00-05:00,262.351,2022-10-11 10:00:00-05:00,262.954,264.57,-48.24,short: close 262.36 < lower 263.24,exit short: close 262.94 > lower 262.54
2022-10-13,1,3,2022-10-13 10:30:00-05:00,264.899,2022-10-13 11:30:00-05:00,264.971,259.02,2.16,long: close 264.90 > upper 264.87,exit long: close 264.98 < upper 265.07
2022-10-13,1,3,2022-10-13 12:00:00-05:00,266.099,2022-10-13 14:52:00-05:00,269.221,260.1,93.66,long: close 266.06 > upper 265.14,flatten
2022-10-14,-1,5,2022-10-14 09:30:00-05:00,264.791,2022-10-14 14:52:00-05:00,261.259,268.16,176.6,short: close 264.84 < lower 266.61,flatten
2022-10-17,1,4,2022-10-17 09:00:00-05:00,268.539,2022-10-17 09:30:00-05:00,268.906,263.86,14.68,long: close 268.52 > upper 268.41,exit long: close 268.92 < upper 269.08
2022-10-20,1,6,2022-10-20 09:30:00-05:00,274.469,2022-10-20 10:30:00-05:00,273.271,271.5,-71.88,long: close 274.42 > upper 273.05,exit long: close 273.28 < upper 273.92
2022-10-21,1,5,2022-10-21 12:00:00-05:00,272.649,2022-10-21 14:52:00-05:00,275.501,268.74,142.6,long: close 272.58 > upper 272.42,flatten
2022-10-25,1,8,2022-10-25 09:00:00-05:00,282.749,2022-10-25 12:00:00-05:00,282.76099999999997,280.51,0.96,long: close 282.71 > upper 281.22,exit long: close 282.76 < upper 283.07
2022-10-25,1,4,2022-10-25 13:30:00-05:00,283.564,2022-10-25 14:00:00-05:00,283.201,279.34000000000003,-14.52,long: close 283.55 > upper 283.20,exit long: close 283.23 < upper 283.77
2022-10-27,-1,7,2022-10-27 09:00:00-05:00,274.061,2022-10-27 09:13:00-05:00,276.569,276.55,-175.56,short: close 274.10 < lower 274.86,stop
2022-10-28,1,8,2022-10-28 09:00:00-05:00,274.849,2022-10-28 14:52:00-05:00,281.401,272.66,524.16,long: close 274.80 > upper 274.72,flatten
2022-11-03,-1,6,2022-11-03 09:00:00-05:00,260.551,2022-11-03 09:30:00-05:00,263.424,263.66,-172.38,short: close 260.55 < lower 261.24,exit short: close 263.40 > lower 260.09
2022-11-08,1,6,2022-11-08 10:30:00-06:00,271.819,2022-11-08 11:00:00-06:00,272.051,268.56,13.92,long: close 271.80 > upper 271.61,exit long: close 272.06 < upper 272.31
2022-11-08,1,5,2022-11-08 11:30:00-06:00,272.039,2022-11-08 12:30:00-06:00,269.661,268.4,-118.9,long: close 272.03 > upper 271.99,exit long: close 269.70 < upper 271.66
2022-11-09,-1,5,2022-11-09 13:00:00-06:00,264.381,2022-11-09 13:30:00-06:00,264.939,267.99,-27.9,short: close 264.40 < lower 265.05,exit short: close 264.91 > lower 264.73
2022-11-10,1,3,2022-11-10 09:00:00-06:00,278.359,2022-11-10 09:30:00-06:00,277.641,272.36,-21.54,long: close 278.32 > upper 277.71,exit long: close 277.66 < upper 277.79
2022-11-10,1,3,2022-11-10 10:00:00-06:00,278.249,2022-11-10 10:30:00-06:00,278.3987,272.25,4.49,long: close 278.21 > upper 278.11,exit long: close 278.40 < upper 278.46
2022-11-11,1,10,2022-11-11 09:30:00-06:00,285.729,2022-11-11 10:26:00-06:00,283.841,283.86,-188.8,long: close 285.67 > upper 284.48,stop
2022-11-11,1,6,2022-11-11 12:00:00-06:00,285.9273,2022-11-11 14:52:00-06:00,288.091,282.99,129.82,long: close 285.90 > upper 285.55,flatten
2022-11-16,-1,7,2022-11-16 09:30:00-06:00,285.631,2022-11-16 10:30:00-06:00,286.049,288.18,-29.26,short: close 285.67 < lower 285.86,exit short: close 286.02 > lower 285.32
2022-11-23,1,15,2022-11-23 09:00:00-06:00,288.009,2022-11-23 10:55:00-06:00,286.741,286.76,-190.2,long: close 287.94 > upper 287.20,stop
2022-11-29,-1,12,2022-11-29 10:30:00-06:00,279.731,2022-11-29 12:00:00-06:00,280.919,281.3,-142.56,short: close 279.78 < lower 281.22,exit short: close 280.89 > lower 280.70
2022-11-29,-1,8,2022-11-29 12:30:00-06:00,279.51099999999997,2022-11-29 13:00:00-06:00,280.484,281.96,-77.84,short: close 279.51 < lower 280.34,exit short: close 280.47 > lower 279.87
2022-11-30,1,6,2022-11-30 13:00:00-06:00,286.169,2022-11-30 14:52:00-06:00,292.001,283.17,349.92,long: close 286.16 > upper 283.69,flatten
2022-12-01,1,16,2022-12-01 09:00:00-06:00,294.979,2022-12-01 09:07:00-06:00,293.771,293.79,-193.28,long: close 294.94 > upper 294.74,stop
2022-12-01,-1,13,2022-12-01 09:30:00-06:00,291.341,2022-12-01 09:49:00-06:00,292.809,292.79,-190.84,short: close 291.37 < lower 292.09,stop
2022-12-05,-1,7,2022-12-05 11:00:00-06:00,288.581,2022-12-05 11:30:00-06:00,288.92900000000003,291.14,-24.36,short: close 288.64 < lower 288.94,exit short: close 288.92 > lower 288.78
2022-12-05,-1,7,2022-12-05 12:00:00-06:00,287.941,2022-12-05 14:52:00-06:00,286.969,290.64,68.04,short: close 287.96 < lower 288.80,flatten
2022-12-06,-1,19,2022-12-06 09:00:00-06:00,284.171,2022-12-06 14:52:00-06:00,281.939,285.17,424.08,short: close 284.21 < lower 286.50,flatten
2022-12-08,1,9,2022-12-08 09:30:00-06:00,283.969,2022-12-08 10:30:00-06:00,283.356,281.87,-55.17,long: close 283.95 > upper 283.28,exit long: close 283.36 < upper 283.50
2022-12-08,1,8,2022-12-08 11:00:00-06:00,283.619,2022-12-08 11:30:00-06:00,282.911,281.25,-56.64,long: close 283.60 > upper 283.55,exit long: close 282.92 < upper 283.72
2022-12-09,1,10,2022-12-09 10:00:00-06:00,285.339,2022-12-09 10:30:00-06:00,284.891,283.38,-44.8,long: close 285.31 > upper 285.31,exit long: close 284.93 < upper 285.45
2022-12-14,1,14,2022-12-14 09:00:00-06:00,289.98900000000003,2022-12-14 11:30:00-06:00,289.801,288.64,-26.32,long: close 289.98 > upper 289.75,exit long: close 289.84 < upper 290.68
2022-12-15,-1,6,2022-12-15 09:00:00-06:00,279.681,2022-12-15 14:52:00-06:00,276.699,282.74,178.92,short: close 279.68 < lower 281.33,flatten
2022-12-16,-1,10,2022-12-16 09:30:00-06:00,274.076,2022-12-16 13:30:00-06:00,273.129,275.97,94.7,short: close 274.09 < lower 274.67,exit short: close 273.14 > lower 273.04
2022-12-19,-1,15,2022-12-19 09:00:00-06:00,271.771,2022-12-19 09:30:00-06:00,272.599,273.05,-124.2,short: close 271.79 < lower 272.76,exit short: close 272.58 > lower 272.21
2022-12-19,-1,10,2022-12-19 10:00:00-06:00,270.966,2022-12-19 14:52:00-06:00,269.269,272.91,169.7,short: close 270.99 < lower 272.11,flatten
2022-12-21,1,8,2022-12-21 09:30:00-06:00,272.449,2022-12-21 11:30:00-06:00,273.006,270.11,44.56,long: close 272.43 > upper 272.42,exit long: close 273.03 < upper 273.07
2022-12-21,1,6,2022-12-21 12:00:00-06:00,273.959,2022-12-21 14:30:00-06:00,273.206,270.86,-45.18,long: close 273.92 > upper 273.19,exit long: close 273.21 < upper 273.58
2022-12-22,-1,7,2022-12-22 09:00:00-06:00,268.51099999999997,2022-12-22 14:52:00-06:00,266.499,271.19,140.84,short: close 268.53 < lower 269.27,flatten
2022-12-23,-1,10,2022-12-23 09:00:00-06:00,264.051,2022-12-23 09:17:00-06:00,265.919,265.9,-186.8,short: close 264.07 < lower 264.28,stop
2022-12-27,-1,12,2022-12-27 09:00:00-06:00,263.801,2022-12-27 09:21:00-06:00,265.439,265.42,-196.56,short: close 263.85 < lower 265.48,stop
2022-12-27,-1,5,2022-12-27 13:30:00-06:00,263.381,2022-12-27 14:00:00-06:00,263.749,266.84000000000003,-18.4,short: close 263.39 < lower 263.64,exit short: close 263.72 > lower 263.72
2022-12-28,-1,7,2022-12-28 11:00:00-06:00,260.521,2022-12-28 11:30:00-06:00,260.719,263.25,-13.86,short: close 260.58 < lower 260.61,exit short: close 260.69 > lower 260.43
2022-12-29,1,7,2022-12-29 09:00:00-06:00,264.819,2022-12-29 14:52:00-06:00,267.051,262.1,156.24,long: close 264.79 > upper 264.22,flatten
2023-01-03,-1,5,2023-01-03 10:30:00-06:00,263.771,2023-01-03 12:30:00-06:00,263.48900000000003,267.24,14.1,short: close 263.79 < lower 264.02,exit short: close 263.44 > lower 263.33
2023-01-06,1,6,2023-01-06 10:00:00-06:00,265.669,2023-01-06 10:30:00-06:00,265.621,262.53000000000003,-2.88,long: close 265.62 > upper 265.61,exit long: close 265.62 < upper 265.64
2023-01-06,1,5,2023-01-06 11:00:00-06:00,266.539,2023-01-06 14:52:00-06:00,268.801,262.98,113.1,long: close 266.51 > upper 266.04,flatten
2023-01-09,1,7,2023-01-09 09:00:00-06:00,273.549,2023-01-09 13:00:00-06:00,272.82099999999997,271.05,-50.96,long: close 273.52 > upper 272.30,exit long: close 272.85 < upper 273.66
2023-01-12,-1,10,2023-01-12 09:00:00-06:00,274.871,2023-01-12 09:11:00-06:00,276.749,276.73,-187.8,short: close 274.86 < lower 275.99,stop
2023-01-18,-1,6,2023-01-18 11:30:00-06:00,278.936,2023-01-18 13:30:00-06:00,279.42900000000003,282.09000000000003,-29.58,short: close 278.98 < lower 279.15,exit short: close 279.42 > lower 278.73
2023-01-20,1,6,2023-01-20 10:30:00-06:00,279.449,2023-01-20 14:52:00-06:00,282.531,276.61,184.92,long: close 279.43 > upper 278.77,flatten
2023-01-23,1,11,2023-01-23 09:00:00-06:00,285.889,2023-01-23 14:52:00-06:00,289.006,284.19,342.87,long: close 285.85 > upper 284.84,flatten
2023-01-25,-1,5,2023-01-25 09:00:00-06:00,281.631,2023-01-25 10:00:00-06:00,282.689,285.27,-52.9,short: close 281.65 < lower 282.46,exit short: close 282.68 > lower 281.93
2023-01-27,1,9,2023-01-27 09:30:00-06:00,294.919,2023-01-27 10:00:00-06:00,293.611,292.83,-117.72,long: close 294.89 > upper 294.79,exit long: close 293.65 < upper 295.25
2023-01-27,1,6,2023-01-27 11:00:00-06:00,295.609,2023-01-27 14:52:00-06:00,296.721,292.74,66.72,long: close 295.58 > upper 295.56,flatten
2023-01-31,1,12,2023-01-31 09:30:00-06:00,292.42900000000003,2023-01-31 14:30:00-06:00,292.751,290.88,38.64,long: close 292.34 > upper 291.77,exit long: close 292.77 < upper 293.28
2023-02-02,1,3,2023-02-02 10:00:00-06:00,310.539,2023-02-02 14:00:00-06:00,308.461,305.45,-62.34,long: close 310.51 > upper 309.40,exit long: close 308.47 < upper 310.64
2023-02-07,1,7,2023-02-07 12:00:00-06:00,309.189,2023-02-07 12:15:00-06:00,306.591,306.61,-181.86,long: close 309.15 > upper 306.12,stop
2023-02-07,1,7,2023-02-07 13:30:00-06:00,306.559,2023-02-07 14:52:00-06:00,310.461,303.78000000000003,273.14,long: close 306.53 > upper 306.31,flatten
2023-02-08,-1,6,2023-02-08 10:00:00-06:00,305.996,2023-02-08 14:52:00-06:00,304.829,308.85,70.02,short: close 306.04 < lower 306.40,flatten
2023-02-13,1,11,2023-02-13 09:00:00-06:00,302.599,2023-02-13 09:30:00-06:00,302.526,300.90000000000003,-8.03,long: close 302.57 > upper 302.14,exit long: close 302.55 < upper 302.58
2023-02-13,1,7,2023-02-13 10:00:00-06:00,303.354,2023-02-13 14:00:00-06:00,303.721,300.78000000000003,25.69,long: close 303.28 > upper 303.01,exit long: close 303.73 < upper 303.92
2023-02-17,-1,9,2023-02-17 09:00:00-06:00,299.641,2023-02-17 09:30:00-06:00,300.199,301.72,-50.22,short: close 299.67 < lower 300.10,exit short: close 300.22 > lower 299.53
2023-02-17,-1,5,2023-02-17 10:30:00-06:00,298.791,2023-02-17 11:00:00-06:00,299.019,302.18,-11.4,short: close 298.79 < lower 298.79,exit short: close 299.01 > lower 298.99
2023-02-21,-1,4,2023-02-21 13:30:00-06:00,294.591,2023-02-21 14:00:00-06:00,294.73900000000003,299.14,-5.92,short: close 294.60 < lower 294.68,exit short: close 294.71 > lower 294.65
2023-03-01,-1,13,2023-03-01 09:30:00-06:00,291.291,2023-03-01 09:41:00-06:00,292.709,292.69,-184.34,short: close 291.32 < lower 291.96,stop
2023-03-01,-1,9,2023-03-01 10:30:00-06:00,290.881,2023-03-01 11:00:00-06:00,292.23900000000003,292.86,-122.22,short: close 290.91 < lower 291.38,exit short: close 292.19 > lower 291.35
2023-03-03,1,12,2023-03-03 09:00:00-06:00,296.73900000000003,2023-03-03 14:52:00-06:00,299.236,295.17,299.64,long: close 296.75 > upper 296.11,flatten
2023-03-06,1,9,2023-03-06 09:30:00-06:00,302.779,2023-03-06 12:00:00-06:00,301.801,300.77,-88.02,long: close 302.72 > upper 302.33,exit long: close 301.83 < upper 302.91
2023-03-07,-1,13,2023-03-07 09:30:00-06:00,298.001,2023-03-07 09:33:00-06:00,299.449,299.43,-188.24,short: close 298.02 < lower 298.62,stop
2023-03-07,-1,14,2023-03-07 10:00:00-06:00,297.451,2023-03-07 11:20:00-06:00,298.849,298.83,-195.72,short: close 297.45 < lower 298.67,stop
2023-03-09,1,23,2023-03-09 09:00:00-06:00,300.339,2023-03-09 09:17:00-06:00,299.521,299.54,-188.14,long: close 300.31 > upper 298.91,stop
2023-03-09,1,12,2023-03-09 09:30:00-06:00,299.959,2023-03-09 10:00:00-06:00,299.671,298.42,-34.56,long: close 299.91 > upper 299.65,exit long: close 299.68 < upper 299.84
2023-03-10,-1,23,2023-03-10 09:00:00-06:00,290.181,2023-03-10 09:00:00-06:00,290.999,290.98,-188.14,short: close 290.20 < lower 291.86,stop
2023-03-10,-1,13,2023-03-10 09:30:00-06:00,290.481,2023-03-10 09:40:00-06:00,291.909,291.89,-185.64,short: close 290.49 < lower 291.25,stop
2023-03-13,1,12,2023-03-13 09:00:00-05:00,289.659,2023-03-13 09:30:00-05:00,289.041,288.06,-74.16,long: close 289.68 > upper 289.21,exit long: close 289.03 < upper 289.83
2023-03-13,1,9,2023-03-13 10:00:00-05:00,291.1191,2023-03-13 14:52:00-05:00,291.531,289.01,37.07,long: close 291.10 > upper 289.73,flatten
2023-03-14,1,7,2023-03-14 09:00:00-05:00,295.669,2023-03-14 12:30:00-05:00,295.961,292.94,20.44,long: close 295.65 > upper 295.25,exit long: close 296.00 < upper 296.44
2023-03-16,1,10,2023-03-16 10:00:00-05:00,302.119,2023-03-16 14:52:00-05:00,306.551,300.2,443.2,long: close 302.10 > upper 300.37,flatten
2023-03-17,-1,8,2023-03-17 10:30:00-05:00,304.26099999999997,2023-03-17 11:00:00-05:00,304.48900000000003,306.53000000000003,-18.24,short: close 304.27 < lower 304.49,exit short: close 304.45 > lower 304.34
2023-03-20,-1,11,2023-03-20 09:00:00-05:00,302.801,2023-03-20 09:30:00-05:00,303.849,304.5,-115.28,short: close 302.81 < lower 303.10,exit short: close 303.85 > lower 302.73
2023-03-23,1,5,2023-03-23 09:30:00-05:00,311.834,2023-03-23 12:30:00-05:00,311.463,308.42,-18.55,long: close 311.80 > upper 311.37,exit long: close 311.46 < upper 312.28
2023-03-27,-1,7,2023-03-27 11:00:00-05:00,308.241,2023-03-27 11:30:00-05:00,309.119,310.95,-61.46,short: close 308.26 < lower 308.57,exit short: close 309.11 > lower 308.97
2023-03-27,-1,8,2023-03-27 12:00:00-05:00,308.491,2023-03-27 12:30:00-05:00,308.849,310.8,-28.64,short: close 308.52 < lower 308.97,exit short: close 308.84 > lower 308.75
2023-03-28,-1,13,2023-03-28 09:00:00-05:00,306.151,2023-03-28 10:30:00-05:00,306.48900000000003,307.58,-43.94,short: close 306.19 < lower 307.01,exit short: close 306.47 > lower 305.92
2023-03-28,-1,8,2023-03-28 11:30:00-05:00,305.801,2023-03-28 12:30:00-05:00,306.009,308.14,-16.64,short: close 305.82 < lower 306.10,exit short: close 305.99 > lower 305.96
2023-03-31,1,16,2023-03-31 09:00:00-05:00,317.129,2023-03-31 10:30:00-05:00,318.131,315.98,160.32,long: close 317.11 > upper 316.95,exit long: close 318.15 < upper 318.24
2023-03-31,1,7,2023-03-31 11:00:00-05:00,318.789,2023-03-31 14:52:00-05:00,319.846,316.29,73.99,long: close 318.77 > upper 318.30,flatten
2023-04-05,-1,14,2023-04-05 09:00:00-05:00,317.251,2023-04-05 14:52:00-05:00,315.979,318.59000000000003,178.08,short: close 317.24 < lower 317.27,flatten
2023-04-06,1,8,2023-04-06 12:30:00-05:00,317.559,2023-04-06 14:52:00-05:00,318.041,315.32,38.56,long: close 317.53 > upper 317.29,flatten
2023-04-10,-1,8,2023-04-10 09:00:00-05:00,313.671,2023-04-10 10:00:00-05:00,314.499,315.92,-66.24,short: close 313.71 < lower 314.34,exit short: close 314.46 > lower 313.70
2023-04-11,-1,25,2023-04-11 09:00:00-05:00,316.581,2023-04-11 12:00:00-05:00,316.389,317.34000000000003,48.0,short: close 316.60 < lower 317.11,exit short: close 316.36 > lower 316.15
2023-04-12,-1,8,2023-04-12 10:00:00-05:00,314.276,2023-04-12 10:30:00-05:00,314.719,316.73,-35.44,short: close 314.30 < lower 314.38,exit short: close 314.70 > lower 314.32
2023-04-13,1,11,2023-04-13 09:00:00-05:00,315.799,2023-04-13 14:52:00-05:00,319.116,314.04,364.87,long: close 315.79 > upper 315.69,flatten
2023-05-02,-1,18,2023-05-02 09:30:00-05:00,319.97159999999997,2023-05-02 14:52:00-05:00,319.529,321.01,79.67,short: close 320.00 < lower 321.11,flatten
2023-05-03,1,22,2023-05-03 09:00:00-05:00,320.579,2023-05-03 09:11:00-05:00,319.691,319.71,-195.36,long: close 320.55 > upper 320.43,stop
2023-05-04,-1,23,2023-05-04 09:00:00-05:00,316.056,2023-05-04 10:00:00-05:00,316.159,316.86,-23.69,short: close 316.07 < lower 316.40,exit short: close 316.14 > lower 316.02
2023-05-05,1,11,2023-05-05 09:00:00-05:00,319.729,2023-05-05 14:52:00-05:00,323.056,318.05,365.97,long: close 319.71 > upper 319.03,flatten
2023-05-08,-1,21,2023-05-08 09:00:00-05:00,321.681,2023-05-08 09:30:00-05:00,321.73900000000003,322.59000000000003,-12.18,short: close 321.69 < lower 321.75,exit short: close 321.71 > lower 321.22
2023-05-12,-1,15,2023-05-12 10:00:00-05:00,325.031,2023-05-12 11:00:00-05:00,325.219,326.29,-28.2,short: close 325.04 < lower 325.18,exit short: close 325.21 > lower 324.90
2023-05-12,-1,13,2023-05-12 11:30:00-05:00,323.981,2023-05-12 14:52:00-05:00,324.839,325.46,-111.54,short: close 323.99 < lower 324.96,flatten
2023-05-16,1,13,2023-05-16 10:00:00-05:00,328.079,2023-05-16 12:30:00-05:00,328.281,326.66,26.26,long: close 328.05 > upper 327.88,exit long: close 328.28 < upper 328.34
2023-05-16,1,9,2023-05-16 13:00:00-05:00,328.699,2023-05-16 13:30:00-05:00,328.151,326.73,-49.32,long: close 328.67 > upper 328.43,exit long: close 328.16 < upper 328.49
2023-05-18,1,20,2023-05-18 09:00:00-05:00,332.999,2023-05-18 14:52:00-05:00,337.32099999999997,332.07,864.4,long: close 332.97 > upper 332.28,flatten
2023-05-24,-1,9,2023-05-24 09:30:00-05:00,330.111,2023-05-24 10:30:00-05:00,330.749,332.21,-57.42,short: close 330.15 < lower 330.25,exit short: close 330.73 > lower 330.14
2023-05-24,-1,9,2023-05-24 11:30:00-05:00,329.931,2023-05-24 12:00:00-05:00,330.439,332.06,-45.72,short: close 329.94 < lower 330.22,exit short: close 330.42 > lower 329.86
2023-05-26,1,13,2023-05-26 09:00:00-05:00,343.159,2023-05-26 14:52:00-05:00,348.316,341.72,670.41,long: close 343.12 > upper 341.69,flatten
2023-06-01,1,12,2023-06-01 10:00:00-05:00,349.249,2023-06-01 14:52:00-05:00,351.671,347.74,290.64,long: close 349.22 > upper 349.20,flatten
2023-06-05,1,11,2023-06-05 10:00:00-05:00,356.809,2023-06-05 12:30:00-05:00,356.471,355.16,-37.18,long: close 356.76 > upper 356.19,exit long: close 356.48 < upper 356.88
2023-06-07,-1,11,2023-06-07 10:00:00-05:00,352.246,2023-06-07 14:52:00-05:00,348.889,353.94,369.27,short: close 352.25 < lower 353.30,flatten
2023-06-08,1,13,2023-06-08 09:30:00-05:00,350.984,2023-06-08 14:52:00-05:00,353.021,349.53000000000003,264.81,long: close 350.95 > upper 350.42,flatten
2023-06-09,1,10,2023-06-09 09:00:00-05:00,356.889,2023-06-09 09:50:00-05:00,355.021,355.04,-186.8,long: close 356.84 > upper 355.70,stop
2023-06-14,1,11,2023-06-14 10:30:00-05:00,365.769,2023-06-14 11:00:00-05:00,365.161,364.13,-66.88,long: close 365.74 > upper 364.90,exit long: close 365.19 < upper 365.39
2023-06-15,1,9,2023-06-15 09:30:00-05:00,367.649,2023-06-15 10:00:00-05:00,367.371,365.53000000000003,-25.02,long: close 367.62 > upper 367.38,exit long: close 367.39 < upper 367.61
2023-06-15,1,8,2023-06-15 10:30:00-05:00,368.309,2023-06-15 11:30:00-05:00,368.4082,365.90000000000003,7.94,long: close 368.30 > upper 367.67,exit long: close 368.42 < upper 368.43
2023-06-20,-1,8,2023-06-20 09:30:00-05:00,364.231,2023-06-20 10:00:00-05:00,364.454,366.52,-17.84,short: close 364.25 < lower 364.65,exit short: close 364.42 > lower 364.39
2023-06-21,-1,11,2023-06-21 09:00:00-05:00,363.956,2023-06-21 13:30:00-05:00,364.139,365.66,-20.13,short: close 363.98 < lower 364.64,exit short: close 364.13 > lower 363.49
2023-06-22,1,9,2023-06-22 09:30:00-05:00,364.369,2023-06-22 10:00:00-05:00,363.031,362.27,-120.42,long: close 364.36 > upper 363.42,exit long: close 363.06 < upper 363.82
2023-06-22,1,6,2023-06-22 11:00:00-05:00,364.92900000000003,2023-06-22 11:30:00-05:00,364.101,361.93,-49.68,long: close 364.90 > upper 364.33,exit long: close 364.09 < upper 364.32
2023-06-26,1,13,2023-06-26 09:00:00-05:00,364.509,2023-06-26 09:33:00-05:00,363.001,363.02,-196.04,long: close 364.49 > upper 363.77,stop
2023-06-26,-1,7,2023-06-26 11:30:00-05:00,359.131,2023-06-26 14:52:00-05:00,358.459,361.73,47.04,short: close 359.14 < lower 359.68,flatten
2023-06-27,1,6,2023-06-27 11:30:00-05:00,361.909,2023-06-27 14:52:00-05:00,363.941,358.84000000000003,121.92,long: close 361.88 > upper 361.56,flatten
2023-06-30,1,6,2023-06-30 09:00:00-05:00,369.109,2023-06-30 11:00:00-05:00,368.961,365.86,-8.88,long: close 369.05 > upper 368.96,exit long: close 368.97 < upper 369.54
2023-06-30,1,5,2023-06-30 12:00:00-05:00,370.0354,2023-06-30 14:00:00-05:00,369.791,366.25,-12.22,long: close 370.01 > upper 369.50,exit long: close 369.81 < upper 370.00
2023-07-07,1,9,2023-07-07 12:00:00-05:00,369.869,2023-07-07 13:00:00-05:00,369.7285,367.7,-12.65,long: close 369.84 > upper 369.52,exit long: close 369.74 < upper 369.87
2023-07-25,1,13,2023-07-25 09:00:00-05:00,378.779,2023-07-25 09:30:00-05:00,377.871,377.34000000000003,-118.04,long: close 378.71 > upper 378.04,exit long: close 377.88 < upper 378.11
2023-07-25,1,14,2023-07-25 10:30:00-05:00,378.409,2023-07-25 14:52:00-05:00,379.246,377.04,117.18,long: close 378.39 > upper 377.97,flatten
2023-07-26,-1,13,2023-07-26 10:00:00-05:00,375.711,2023-07-26 11:00:00-05:00,376.92900000000003,377.21,-158.34,short: close 375.73 < lower 376.76,exit short: close 376.90 > lower 376.31
2023-07-26,-1,10,2023-07-26 11:30:00-05:00,376.191,2023-07-26 12:30:00-05:00,376.339,378.14,-14.8,short: close 376.21 < lower 376.31,exit short: close 376.33 > lower 376.24
2023-08-08,-1,8,2023-08-08 09:00:00-05:00,370.57099999999997,2023-08-08 13:30:00-05:00,371.069,372.95,-39.84,short: close 370.61 < lower 371.55,exit short: close 371.01 > lower 370.35
2023-08-09,-1,13,2023-08-09 09:00:00-05:00,370.32099999999997,2023-08-09 13:30:00-05:00,370.629,371.72,-40.04,short: close 370.31 < lower 370.72,exit short: close 370.61 > lower 369.68
2023-08-10,1,6,2023-08-10 09:00:00-05:00,373.949,2023-08-10 10:00:00-05:00,371.741,371.09000000000003,-132.48,long: close 373.91 > upper 372.28,exit long: close 371.75 < upper 372.64
2023-08-14,1,10,2023-08-14 10:00:00-05:00,369.409,2023-08-14 14:52:00-05:00,369.556,367.51,14.7,long: close 369.37 > upper 367.72,flatten
2023-08-15,-1,10,2023-08-15 09:30:00-05:00,367.181,2023-08-15 10:30:00-05:00,368.079,368.98,-89.8,short: close 367.20 < lower 368.11,exit short: close 368.06 > lower 367.47
2023-08-17,-1,7,2023-08-17 13:30:00-05:00,360.681,2023-08-17 14:52:00-05:00,358.769,363.17,133.84,short: close 360.69 < lower 360.73,flatten
2023-08-21,1,9,2023-08-21 09:00:00-05:00,362.189,2023-08-21 09:27:00-05:00,360.171,360.19,-181.62,long: close 362.16 > upper 360.87,stop
2023-08-21,1,6,2023-08-21 12:00:00-05:00,361.8889,2023-08-21 14:52:00-05:00,364.201,359.07,138.73,long: close 361.86 > upper 361.69,flatten
2023-08-23,1,9,2023-08-23 09:00:00-05:00,366.619,2023-08-23 14:52:00-05:00,369.301,364.52,241.38,long: close 366.60 > upper 366.08,flatten
2023-08-24,-1,5,2023-08-24 09:30:00-05:00,366.291,2023-08-24 14:52:00-05:00,361.954,369.6,216.85,short: close 366.31 < lower 367.61,flatten
2023-08-25,-1,7,2023-08-25 10:00:00-05:00,358.731,2023-08-25 10:30:00-05:00,361.21,361.54,-173.53,short: close 358.73 < lower 358.77,exit short: close 361.20 > lower 358.75
2023-08-29,1,11,2023-08-29 09:00:00-05:00,368.539,2023-08-29 14:52:00-05:00,374.56,366.85,662.31,long: close 368.50 > upper 368.40,flatten
2023-08-31,1,13,2023-08-31 09:00:00-05:00,378.789,2023-08-31 10:00:00-05:00,379.11199999999997,377.33,41.99,long: close 378.75 > upper 378.40,exit long: close 379.13 < upper 379.56
2023-09-06,-1,8,2023-09-06 09:30:00-05:00,374.51099999999997,2023-09-06 13:30:00-05:00,374.159,376.7,28.16,short: close 374.53 < lower 375.48,exit short: close 374.15 > lower 373.84
2023-09-08,1,11,2023-09-08 09:30:00-05:00,374.529,2023-09-08 09:59:00-05:00,372.751,372.77,-195.58,long: close 374.48 > upper 373.78,stop
2023-09-19,-1,7,2023-09-19 10:00:00-05:00,366.901,2023-09-19 10:30:00-05:00,367.609,369.56,-49.56,short: close 366.93 < lower 367.34,exit short: close 367.59 > lower 367.21
2023-09-21,-1,6,2023-09-21 09:00:00-05:00,359.451,2023-09-21 09:30:00-05:00,360.339,362.39,-53.28,short: close 359.50 < lower 359.73,exit short: close 360.31 > lower 359.54
2023-09-22,1,7,2023-09-22 10:00:00-05:00,361.409,2023-09-22 11:00:00-05:00,360.581,358.87,-57.96,long: close 361.38 > upper 361.24,exit long: close 360.60 < upper 361.38
2023-09-26,-1,8,2023-09-26 09:00:00-05:00,355.701,2023-09-26 10:00:00-05:00,355.709,358.02,-0.64,short: close 355.75 < lower 356.01,exit short: close 355.69 > lower 355.54
2023-09-26,-1,6,2023-09-26 10:30:00-05:00,354.701,2023-09-26 11:30:00-05:00,355.6495,357.72,-56.91,short: close 354.72 < lower 355.30,exit short: close 355.64 > lower 355.20
2023-09-27,-1,9,2023-09-27 12:30:00-05:00,352.0809,2023-09-27 13:30:00-05:00,353.48900000000003,354.06,-126.73,short: close 352.11 < lower 352.82,exit short: close 353.46 > lower 352.54
2023-09-28,1,9,2023-09-28 10:30:00-05:00,357.339,2023-09-28 14:52:00-05:00,358.041,355.19,63.18,long: close 357.31 > upper 356.77,flatten
2023-10-03,-1,9,2023-10-03 09:30:00-05:00,356.281,2023-10-03 14:52:00-05:00,354.67900000000003,358.45,144.18,short: close 356.29 < lower 357.88,flatten
2023-10-04,1,13,2023-10-04 09:00:00-05:00,356.949,2023-10-04 09:08:00-05:00,355.461,355.48,-193.44,long: close 356.95 > upper 356.80,stop
2023-10-04,1,7,2023-10-04 10:30:00-05:00,357.839,2023-10-04 12:30:00-05:00,357.691,355.35,-10.36,long: close 357.83 > upper 357.82,exit long: close 357.71 < upper 357.89
2023-10-05,-1,17,2023-10-05 09:00:00-05:00,357.991,2023-10-05 11:30:00-05:00,357.659,359.07,56.44,short: close 358.01 < lower 358.67,exit short: close 357.64 > lower 357.48
2023-10-05,-1,9,2023-10-05 12:00:00-05:00,357.2111,2023-10-05 13:00:00-05:00,358.48900000000003,359.26,-115.01,short: close 357.22 < lower 357.70,exit short: close 358.46 > lower 357.50
2023-10-06,1,5,2023-10-06 11:00:00-05:00,363.169,2023-10-06 14:52:00-05:00,365.151,359.5,99.1,long: close 363.15 > upper 360.83,flatten
2023-10-10,1,15,2023-10-10 09:30:00-05:00,369.069,2023-10-10 12:30:00-05:00,369.01099999999997,367.81,-8.7,long: close 369.02 > upper 368.00,exit long: close 369.03 < upper 369.50
2023-10-13,-1,9,2023-10-13 10:00:00-05:00,367.151,2023-10-13 14:52:00-05:00,365.069,369.21,187.38,short: close 367.18 < lower 368.15,flatten
2023-10-16,1,12,2023-10-16 09:00:00-05:00,367.899,2023-10-16 11:00:00-05:00,368.881,366.34000000000003,117.84,long: close 367.87 > upper 367.51,exit long: close 368.90 < upper 369.63
2023-10-17,-1,7,2023-10-17 09:00:00-05:00,364.381,2023-10-17 09:23:00-05:00,367.10900000000004,367.09000000000003,-190.96,short: close 364.38 < lower 364.94,stop
2023-10-20,-1,11,2023-10-20 09:30:00-05:00,357.081,2023-10-20 12:00:00-05:00,357.349,358.8,-29.48,short: close 357.12 < lower 357.99,exit short: close 357.33 > lower 357.03
2023-10-20,-1,6,2023-10-20 13:30:00-05:00,355.721,2023-10-20 14:52:00-05:00,354.539,358.83,70.92,short: close 355.77 < lower 356.60,flatten
2023-10-23,1,5,2023-10-23 11:30:00-05:00,357.619,2023-10-23 13:30:00-05:00,357.551,354.23,-3.4,long: close 357.57 > upper 357.33,exit long: close 357.53 < upper 357.71
2023-10-24,1,11,2023-10-24 09:00:00-05:00,358.699,2023-10-24 10:00:00-05:00,359.131,356.98,47.52,long: close 358.70 > upper 358.32,exit long: close 359.15 < upper 359.66
2023-10-25,-1,9,2023-10-25 09:00:00-05:00,354.51099999999997,2023-10-25 14:52:00-05:00,350.374,356.57,372.33,short: close 354.53 < lower 355.89,flatten
2023-10-26,-1,13,2023-10-26 09:00:00-05:00,346.9409,2023-10-26 10:00:00-05:00,347.509,348.35,-73.85,short: close 346.95 < lower 348.30,exit short: close 347.49 > lower 347.04
2023-10-26,-1,7,2023-10-26 10:30:00-05:00,345.171,2023-10-26 14:00:00-05:00,346.669,347.95,-104.86,short: close 345.18 < lower 346.93,exit short: close 346.66 > lower 345.66
2023-10-30,1,9,2023-10-30 09:00:00-05:00,349.934,2023-10-30 09:18:00-05:00,347.811,347.83,-191.07,long: close 349.91 > upper 348.72,stop
2023-10-31,-1,18,2023-10-31 09:00:00-05:00,347.291,2023-10-31 09:10:00-05:00,348.329,348.31,-186.84,short: close 347.33 < lower 348.17,stop
2023-11-01,1,10,2023-11-01 09:30:00-05:00,354.409,2023-11-01 10:30:00-05:00,353.371,352.5,-103.8,long: close 354.40 > upper 353.23,exit long: close 353.42 < upper 353.84
2023-11-03,1,10,2023-11-03 09:00:00-05:00,366.569,2023-11-03 09:30:00-05:00,365.341,364.72,-122.8,long: close 366.54 > upper 365.95,exit long: close 365.35 < upper 366.37
2023-11-03,1,7,2023-11-03 11:00:00-05:00,366.999,2023-11-03 14:52:00-05:00,367.811,364.34000000000003,56.84,long: close 366.97 > upper 366.76,flatten
2023-11-07,1,10,2023-11-07 09:30:00-06:00,371.809,2023-11-07 11:30:00-06:00,371.981,369.87,17.2,long: close 371.80 > upper 371.69,exit long: close 371.99 < upper 372.28
2023-11-07,1,7,2023-11-07 12:00:00-06:00,372.649,2023-11-07 14:00:00-06:00,372.941,369.95,20.44,long: close 372.62 > upper 372.44,exit long: close 372.95 < upper 373.14
2023-11-10,1,10,2023-11-10 09:00:00-06:00,373.039,2023-11-10 09:30:00-06:00,371.961,371.08,-107.8,long: close 373.03 > upper 372.92,exit long: close 371.98 < upper 373.12
2023-11-10,1,8,2023-11-10 10:30:00-06:00,374.469,2023-11-10 14:52:00-06:00,378.421,372.01,316.16,long: close 374.45 > upper 373.42,flatten
2023-11-14,1,4,2023-11-14 09:00:00-06:00,384.909,2023-11-14 10:30:00-06:00,385.07099999999997,380.56,6.48,long: close 384.89 > upper 384.85,exit long: close 385.09 < upper 385.32
2023-11-20,1,22,2023-11-20 09:00:00-06:00,388.519,2023-11-20 09:22:00-06:00,387.661,387.68,-188.76,long: close 388.48 > upper 386.90,stop
2023-11-20,1,23,2023-11-20 09:30:00-06:00,387.659,2023-11-20 14:52:00-06:00,390.751,386.83,711.16,long: close 387.64 > upper 386.88,flatten
2023-11-21,-1,11,2023-11-21 09:30:00-06:00,386.931,2023-11-21 11:00:00-06:00,387.799,388.69,-95.48,short: close 386.94 < lower 388.11,exit short: close 387.77 > lower 387.55
2023-11-27,1,15,2023-11-27 11:30:00-06:00,390.474,2023-11-27 12:30:00-06:00,390.591,389.2,17.55,long: close 390.45 > upper 390.42,exit long: close 390.61 < upper 390.93
2023-12-14,-1,7,2023-12-14 12:30:00-06:00,401.681,2023-12-14 13:30:00-06:00,402.67900000000003,404.33,-69.86,short: close 401.70 < lower 401.73,exit short: close 402.67 > lower 401.44
2023-12-15,1,9,2023-12-15 09:30:00-06:00,406.009,2023-12-15 10:00:00-06:00,405.861,404.01,-13.32,long: close 405.99 > upper 405.77,exit long: close 405.87 < upper 406.00
2023-12-15,1,9,2023-12-15 10:30:00-06:00,406.309,2023-12-15 11:00:00-06:00,405.961,404.15000000000003,-31.32,long: close 406.29 > upper 405.94,exit long: close 405.97 < upper 405.99
2023-12-18,1,10,2023-12-18 12:00:00-06:00,406.999,2023-12-18 14:52:00-06:00,407.546,405.05,54.7,long: close 406.97 > upper 406.89,flatten
2024-01-05,1,17,2024-01-05 09:30:00-06:00,398.619,2024-01-05 11:07:00-06:00,397.471,397.49,-195.16,long: close 398.59 > upper 397.47,stop
2024-01-10,1,10,2024-01-10 12:00:00-06:00,407.819,2024-01-10 12:30:00-06:00,407.621,406.0,-19.8,long: close 407.79 > upper 407.75,exit long: close 407.63 < upper 407.73
2024-01-10,1,10,2024-01-10 13:00:00-06:00,408.144,2024-01-10 14:52:00-06:00,407.741,406.34000000000003,-40.3,long: close 408.12 > upper 407.73,flatten
2024-01-11,-1,9,2024-01-11 10:00:00-06:00,406.681,2024-01-11 12:30:00-06:00,407.469,408.82,-70.92,short: close 406.70 < lower 407.02,exit short: close 407.43 > lower 406.81
2024-01-31,-1,7,2024-01-31 09:00:00-06:00,420.131,2024-01-31 11:30:00-06:00,419.874,422.91,17.99,short: close 420.15 < lower 420.25,exit short: close 419.86 > lower 419.42
2024-02-01,1,10,2024-02-01 09:30:00-06:00,420.339,2024-02-01 09:54:00-06:00,418.431,418.45,-190.8,long: close 420.31 > upper 419.73,stop
2024-02-01,1,8,2024-02-01 12:00:00-06:00,420.719,2024-02-01 14:52:00-06:00,421.51099999999997,418.44,63.36,long: close 420.69 > upper 420.12,flatten
2024-02-02,1,13,2024-02-02 09:00:00-06:00,425.819,2024-02-02 14:52:00-06:00,430.021,424.36,546.26,long: close 425.84 > upper 424.40,flatten
2024-02-05,-1,19,2024-02-05 09:30:00-06:00,426.721,2024-02-05 11:05:00-06:00,427.749,427.73,-195.32,short: close 426.74 < lower 428.10,stop
2024-02-06,-1,14,2024-02-06 09:00:00-06:00,427.471,2024-02-06 10:00:00-06:00,427.089,428.78000000000003,53.48,short: close 427.47 < lower 427.70,exit short: close 427.08 > lower 427.02
2024-02-06,-1,10,2024-02-06 11:00:00-06:00,425.82099999999997,2024-02-06 13:00:00-06:00,426.919,427.62,-109.8,short: close 425.82 < lower 427.22,exit short: close 426.90 > lower 426.70
2024-02-07,1,8,2024-02-07 09:30:00-06:00,432.629,2024-02-07 10:00:00-06:00,431.811,430.18,-65.44,long: close 432.61 > upper 431.49,exit long: close 431.84 < upper 431.92
2024-02-07,1,6,2024-02-07 11:00:00-06:00,432.1111,2024-02-07 11:30:00-06:00,431.451,429.26,-39.61,long: close 432.08 > upper 431.89,exit long: close 431.44 < upper 432.10
2024-02-09,1,15,2024-02-09 09:00:00-06:00,434.744,2024-02-09 14:52:00-06:00,437.041,433.49,344.55,long: close 434.71 > upper 434.62,flatten
2024-02-12,1,14,2024-02-12 10:30:00-06:00,438.509,2024-02-12 11:30:00-06:00,438.07099999999997,437.13,-61.32,long: close 438.48 > upper 438.40,exit long: close 438.07 < upper 438.83
2024-02-15,-1,19,2024-02-15 09:00:00-06:00,432.161,2024-02-15 09:13:00-06:00,433.17900000000003,433.16,-193.42,short: close 432.18 < lower 432.58,stop
2024-02-16,-1,19,2024-02-16 09:00:00-06:00,431.161,2024-02-16 09:40:00-06:00,432.149,432.13,-187.72,short: close 431.25 < lower 433.76,stop
2024-02-16,-1,10,2024-02-16 10:00:00-06:00,432.021,2024-02-16 10:30:00-06:00,433.389,433.90000000000003,-136.8,short: close 432.04 < lower 432.85,exit short: close 433.36 > lower 432.94
2024-02-21,-1,6,2024-02-21 13:30:00-06:00,422.521,2024-02-21 14:30:00-06:00,422.799,425.66,-16.68,short: close 422.55 < lower 422.80,exit short: close 422.76 > lower 422.43
2024-02-22,1,3,2024-02-22 11:30:00-06:00,436.759,2024-02-22 14:52:00-06:00,438.441,430.76,50.46,long: close 436.74 > upper 436.38,flatten
2024-03-01,1,10,2024-03-01 09:30:00-06:00,441.939,2024-03-01 14:52:00-06:00,445.631,440.14,369.2,long: close 441.90 > upper 441.30,flatten
2024-03-05,-1,7,2024-03-05 09:00:00-06:00,438.721,2024-03-05 14:52:00-06:00,435.259,441.3,242.34,short: close 438.72 < lower 439.85,flatten
2024-03-07,1,6,2024-03-07 10:00:00-06:00,444.074,2024-03-07 14:52:00-06:00,445.671,441.02,95.82,long: close 444.05 > upper 443.68,flatten
2024-03-08,1,14,2024-03-08 09:00:00-06:00,447.48900000000003,2024-03-08 10:02:00-06:00,446.151,446.17,-187.32,long: close 447.46 > upper 446.98,stop
2024-03-08,-1,11,2024-03-08 10:30:00-06:00,442.841,2024-03-08 14:52:00-06:00,439.549,444.56,362.12,short: close 442.86 < lower 443.94,flatten
2024-03-11,-1,11,2024-03-11 09:00:00-05:00,435.671,2024-03-11 09:30:00-05:00,436.419,437.42,-82.28,short: close 435.69 < lower 436.51,exit short: close 436.39 > lower 435.99
2024-03-12,1,8,2024-03-12 10:00:00-05:00,442.379,2024-03-12 11:30:00-05:00,441.466,440.07,-73.04,long: close 442.32 > upper 440.86,exit long: close 441.48 < upper 441.49
2024-03-12,1,5,2024-03-12 13:30:00-05:00,442.92900000000003,2024-03-12 14:52:00-05:00,443.82099999999997,439.37,44.6,long: close 442.91 > upper 442.11,flatten
2024-03-13,-1,13,2024-03-13 09:00:00-05:00,440.501,2024-03-13 12:00:00-05:00,440.779,441.99,-36.14,short: close 440.51 < lower 441.68,exit short: close 440.75 > lower 440.62
2024-03-14,-1,11,2024-03-14 09:00:00-05:00,438.221,2024-03-14 09:14:00-05:00,439.939,439.92,-188.98,short: close 438.29 < lower 439.17,stop
2024-03-15,-1,5,2024-03-15 11:00:00-05:00,434.081,2024-03-15 13:00:00-05:00,434.549,437.46000000000004,-23.4,short: close 434.11 < lower 434.26,exit short: close 434.52 > lower 433.85
2024-03-15,-1,5,2024-03-15 13:30:00-05:00,433.901,2024-03-15 14:00:00-05:00,434.579,437.6,-33.9,short: close 433.93 < lower 433.95,exit short: close 434.57 > lower 433.83
2024-03-18,1,5,2024-03-18 09:30:00-05:00,440.849,2024-03-18 10:30:00-05:00,439.591,436.94,-62.9,long: close 440.82 > upper 440.23,exit long: close 439.61 < upper 440.67
2024-04-12,-1,5,2024-04-12 10:00:00-05:00,438.771,2024-04-12 10:30:00-05:00,440.399,442.64,-81.4,short: close 438.77 < lower 439.42,exit short: close 440.34 > lower 439.53
2024-04-12,-1,5,2024-04-12 11:30:00-05:00,438.841,2024-04-12 14:52:00-05:00,438.129,442.57,35.6,short: close 438.85 < lower 439.55,flatten
2024-04-15,-1,5,2024-04-15 12:30:00-05:00,432.791,2024-04-15 14:52:00-05:00,431.359,436.75,71.6,short: close 432.79 < lower 436.22,flatten
2024-04-17,-1,7,2024-04-17 10:30:00-05:00,428.501,2024-04-17 14:52:00-05:00,426.449,431.27,143.64,short: close 428.53 < lower 429.33,flatten
2024-04-19,-1,10,2024-04-19 09:30:00-05:00,419.341,2024-04-19 14:52:00-05:00,413.949,421.28000000000003,539.2,short: close 419.38 < lower 420.86,flatten
2024-04-23,1,10,2024-04-23 09:00:00-05:00,422.559,2024-04-23 14:52:00-05:00,425.251,420.74,269.2,long: close 422.52 > upper 421.62,flatten
2024-04-26,1,8,2024-04-26 09:00:00-05:00,429.839,2024-04-26 13:30:00-05:00,431.301,427.41,116.96,long: close 429.82 > upper 428.43,exit long: close 431.31 < upper 431.40
2024-04-30,-1,5,2024-04-30 12:00:00-05:00,427.971,2024-04-30 12:30:00-05:00,427.819,431.76,7.6,short: close 427.98 < lower 428.16,exit short: close 427.81 > lower 427.77
2024-05-10,1,11,2024-05-10 09:00:00-05:00,443.819,2024-05-10 09:19:00-05:00,442.021,442.04,-197.78,long: close 443.80 > upper 443.57,stop
2024-05-14,1,14,2024-05-14 09:30:00-05:00,444.839,2024-05-14 09:37:00-05:00,443.501,443.52,-187.32,long: close 444.81 > upper 444.20,stop
2024-05-14,1,11,2024-05-14 10:30:00-05:00,444.714,2024-05-14 11:00:00-05:00,443.746,443.08,-106.48,long: close 444.69 > upper 444.50,exit long: close 443.77 < upper 444.56
2024-05-16,1,14,2024-05-16 10:00:00-05:00,454.4285,2024-05-16 10:30:00-05:00,454.311,453.04,-16.45,long: close 454.39 > upper 454.16,exit long: close 454.33 < upper 454.33
2024-05-16,1,13,2024-05-16 11:00:00-05:00,454.23900000000003,2024-05-16 11:30:00-05:00,453.801,452.8,-56.94,long: close 454.23 > upper 454.22,exit long: close 453.83 < upper 454.12
2024-06-25,1,9,2024-06-25 09:30:00-05:00,477.279,2024-06-25 10:00:00-05:00,476.911,475.18,-33.12,long: close 477.26 > upper 477.10,exit long: close 476.92 < upper 477.22
2024-06-25,1,8,2024-06-25 10:30:00-05:00,478.519,2024-06-25 12:00:00-05:00,477.081,476.09000000000003,-115.04,long: close 478.50 > upper 477.42,exit long: close 477.12 < upper 478.02
2024-06-27,1,22,2024-06-27 09:00:00-05:00,481.769,2024-06-27 09:50:00-05:00,480.88100000000003,480.90000000000003,-195.36,long: close 481.77 > upper 481.13,stop
2024-07-12,1,13,2024-07-12 09:00:00-05:00,494.92900000000003,2024-07-12 14:52:00-05:00,494.421,493.53000000000003,-66.04,long: close 494.89 > upper 493.61,flatten
2024-07-15,1,7,2024-07-15 09:30:00-05:00,498.339,2024-07-15 11:00:00-05:00,498.701,495.86,25.34,long: close 498.31 > upper 498.21,exit long: close 498.75 < upper 498.90
2024-07-16,-1,6,2024-07-16 11:30:00-05:00,493.65999999999997,2024-07-16 12:00:00-05:00,495.099,496.83,-86.34,short: close 493.68 < lower 493.74,exit short: close 495.09 > lower 493.58
2024-07-17,-1,3,2024-07-17 09:30:00-05:00,485.121,2024-07-17 14:52:00-05:00,483.639,490.97,44.46,short: close 485.15 < lower 486.49,flatten
2024-07-18,-1,4,2024-07-18 10:30:00-05:00,477.721,2024-07-18 12:00:00-05:00,479.969,481.98,-89.92,short: close 477.74 < lower 479.41,exit short: close 479.96 > lower 478.91
2024-07-18,-1,3,2024-07-18 13:30:00-05:00,478.401,2024-07-18 14:52:00-05:00,479.669,483.59000000000003,-38.04,short: close 478.48 < lower 478.48,flatten
2024-07-19,-1,6,2024-07-19 10:30:00-05:00,476.221,2024-07-19 11:00:00-05:00,477.849,479.32,-97.68,short: close 476.20 < lower 476.25,exit short: close 477.87 > lower 476.15
2024-07-19,-1,5,2024-07-19 12:00:00-05:00,475.741,2024-07-19 13:00:00-05:00,475.589,479.12,7.6,short: close 475.75 < lower 475.98,exit short: close 475.58 > lower 475.33
2024-07-24,-1,4,2024-07-24 09:00:00-05:00,470.791,2024-07-24 14:52:00-05:00,464.219,475.17,262.88,short: close 470.82 < lower 472.85,flatten
2024-07-25,-1,15,2024-07-25 09:00:00-05:00,459.171,2024-07-25 09:29:00-05:00,460.439,460.42,-190.2,short: close 459.20 < lower 462.27,stop
2024-07-25,-1,9,2024-07-25 09:30:00-05:00,460.351,2024-07-25 09:46:00-05:00,462.409,462.39,-185.22,short: close 460.36 < lower 461.49,stop
2024-07-29,1,7,2024-07-29 09:00:00-05:00,467.469,2024-07-29 09:14:00-05:00,464.791,464.81,-187.46,long: close 467.47 > upper 467.02,stop
2024-07-30,-1,6,2024-07-30 10:00:00-05:00,461.401,2024-07-30 14:52:00-05:00,458.869,464.66,151.92,short: close 461.46 < lower 461.59,flatten
2024-08-01,1,10,2024-08-01 09:00:00-05:00,474.639,2024-08-01 09:06:00-05:00,472.751,472.77,-188.8,long: close 474.71 > upper 473.27,stop
2024-08-01,-1,7,2024-08-01 10:00:00-05:00,467.341,2024-08-01 14:52:00-05:00,460.17900000000003,469.93,501.34,short: close 467.37 < lower 468.81,flatten
2024-08-02,-1,3,2024-08-02 09:00:00-05:00,449.07099999999997,2024-08-02 11:00:00-05:00,449.579,454.97,-15.24,short: close 449.10 < lower 449.40,exit short: close 449.58 > lower 447.49
2024-08-02,-1,3,2024-08-02 12:30:00-05:00,446.851,2024-08-02 13:30:00-05:00,448.559,452.85,-51.24,short: close 446.89 < lower 447.19,exit short: close 448.56 > lower 447.10
2024-08-06,1,5,2024-08-06 10:00:00-05:00,442.719,2024-08-06 10:30:00-05:00,439.901,439.17,-140.9,long: close 442.71 > upper 440.08,exit long: close 439.89 < upper 441.47
2024-08-06,1,4,2024-08-06 11:00:00-05:00,443.709,2024-08-06 14:52:00-05:00,441.461,438.87,-89.92,long: close 443.68 > upper 441.37,flatten
2024-08-08,1,3,2024-08-08 09:30:00-05:00,444.809,2024-08-08 12:00:00-05:00,445.401,439.53000000000003,17.76,long: close 444.75 > upper 443.24,exit long: close 445.37 < upper 445.80
2024-08-08,1,3,2024-08-08 12:30:00-05:00,447.589,2024-08-08 14:52:00-05:00,447.221,441.59000000000003,-11.04,long: close 447.54 > upper 446.03,flatten
2024-08-13,1,3,2024-08-13 12:00:00-05:00,461.899,2024-08-13 14:52:00-05:00,462.401,455.90000000000003,15.06,long: close 461.85 > upper 460.93,flatten
2024-08-15,1,3,2024-08-15 09:00:00-05:00,471.389,2024-08-15 10:00:00-05:00,471.811,466.34000000000003,12.66,long: close 471.38 > upper 470.85,exit long: close 471.87 < upper 472.31
2024-08-15,1,3,2024-08-15 11:00:00-05:00,472.969,2024-08-15 12:00:00-05:00,473.211,466.97,7.26,long: close 472.94 > upper 472.87,exit long: close 473.23 < upper 473.84
2024-08-22,-1,4,2024-08-22 11:00:00-05:00,477.931,2024-08-22 11:30:00-05:00,480.469,482.39,-101.52,short: close 477.96 < lower 479.25,exit short: close 480.43 > lower 478.68
2024-08-22,-1,3,2024-08-22 12:00:00-05:00,477.846,2024-08-22 12:30:00-05:00,477.909,483.18,-1.89,short: close 477.85 < lower 478.38,exit short: close 477.92 > lower 477.80
2024-08-23,1,4,2024-08-23 09:30:00-05:00,482.279,2024-08-23 09:48:00-05:00,477.901,477.92,-175.12,long: close 482.19 > upper 481.40,stop
2024-08-26,-1,9,2024-08-26 09:30:00-05:00,475.891,2024-08-26 12:00:00-05:00,475.98900000000003,477.98,-8.82,short: close 475.95 < lower 477.64,exit short: close 475.97 > lower 475.89
2024-08-26,-1,4,2024-08-26 12:30:00-05:00,475.381,2024-08-26 14:00:00-05:00,475.909,479.57,-21.12,short: close 475.37 < lower 475.54,exit short: close 475.91 > lower 475.02
2024-08-28,-1,13,2024-08-28 09:00:00-05:00,474.641,2024-08-28 09:30:00-05:00,475.17900000000003,476.11,-69.94,short: close 474.62 < lower 475.09,exit short: close 475.17 > lower 474.26
2024-08-28,-1,8,2024-08-28 10:00:00-05:00,472.1309,2024-08-28 14:52:00-05:00,472.539,474.58,-32.65,short: close 472.16 < lower 474.11,flatten
2024-08-29,1,8,2024-08-29 09:00:00-05:00,476.839,2024-08-29 09:18:00-05:00,474.551,474.57,-183.04,long: close 476.82 > upper 474.56,stop
2024-08-29,1,7,2024-08-29 09:30:00-05:00,475.729,2024-08-29 12:30:00-05:00,476.121,472.92,27.44,long: close 475.70 > upper 475.09,exit long: close 476.13 < upper 476.40
2024-09-03,-1,6,2024-09-03 09:00:00-05:00,470.581,2024-09-03 14:52:00-05:00,460.819,473.56,585.72,short: close 470.62 < lower 471.82,flatten
2024-09-05,1,9,2024-09-05 09:00:00-05:00,463.059,2024-09-05 10:00:00-05:00,461.343,460.88,-154.44,long: close 463.05 > upper 461.98,exit long: close 461.33 < upper 463.37
2024-09-06,-1,10,2024-09-06 09:00:00-05:00,455.861,2024-09-06 14:52:00-05:00,449.329,457.74,653.2,short: close 455.85 < lower 458.85,flatten
2024-09-11,-1,6,2024-09-11 09:30:00-05:00,453.871,2024-09-11 10:42:00-05:00,456.949,456.93,-184.68,short: close 453.89 < lower 456.21,stop
2024-09-11,1,4,2024-09-11 13:30:00-05:00,465.1689,2024-09-11 14:52:00-05:00,467.301,460.53000000000003,85.28,long: close 465.13 > upper 463.91,flatten
2024-09-12,1,4,2024-09-12 13:00:00-05:00,473.659,2024-09-12 14:52:00-05:00,472.871,469.03000000000003,-31.52,long: close 473.63 > upper 473.18,flatten
2024-09-20,-1,5,2024-09-20 10:30:00-05:00,479.401,2024-09-20 11:00:00-05:00,481.069,482.73,-83.4,short: close 479.43 < lower 479.63,exit short: close 481.04 > lower 479.46
2024-09-25,1,11,2024-09-25 09:00:00-05:00,486.909,2024-09-25 09:30:00-05:00,486.691,485.2,-23.98,long: close 486.92 > upper 486.76,exit long: close 486.70 < upper 487.65
2024-10-09,1,7,2024-10-09 11:00:00-05:00,492.859,2024-10-09 14:52:00-05:00,493.501,490.23,44.94,long: close 492.86 > upper 491.79,flatten
2024-10-15,-1,7,2024-10-15 09:30:00-05:00,494.921,2024-10-15 14:52:00-05:00,490.159,497.51,333.34,short: close 495.00 < lower 495.08,flatten
2024-10-16,-1,11,2024-10-16 09:00:00-05:00,487.951,2024-10-16 09:12:00-05:00,489.689,489.67,-191.18,short: close 488.00 < lower 489.26,stop
2024-11-01,1,7,2024-11-01 09:00:00-05:00,487.909,2024-11-01 13:00:00-05:00,487.631,485.38,-19.46,long: close 487.87 > upper 487.25,exit long: close 487.66 < upper 488.39
2024-11-05,1,7,2024-11-05 09:00:00-06:00,490.899,2024-11-05 14:52:00-06:00,491.531,488.36,44.24,long: close 490.95 > upper 489.33,flatten
2024-11-06,1,3,2024-11-06 09:30:00-06:00,503.219,2024-11-06 10:00:00-06:00,501.411,497.22,-54.24,long: close 503.19 > upper 502.82,exit long: close 501.46 < upper 502.82
2024-11-06,1,3,2024-11-06 11:00:00-06:00,503.199,2024-11-06 14:52:00-06:00,505.301,497.2,63.06,long: close 503.17 > upper 502.86,flatten
2024-11-07,1,6,2024-11-07 09:00:00-06:00,510.899,2024-11-07 14:52:00-06:00,513.501,507.94,156.12,long: close 510.89 > upper 509.98,flatten
2024-11-12,-1,6,2024-11-12 12:00:00-06:00,510.061,2024-11-12 12:30:00-06:00,511.399,513.11,-80.28,short: close 510.10 < lower 510.75,exit short: close 511.43 > lower 510.55
2024-11-15,-1,4,2024-11-15 09:00:00-06:00,501.32099999999997,2024-11-15 14:52:00-06:00,495.839,505.74,219.28,short: close 501.31 < lower 501.40,flatten
2024-11-18,1,6,2024-11-18 09:30:00-06:00,500.42900000000003,2024-11-18 11:00:00-06:00,500.6961,497.46000000000004,16.03,long: close 500.41 > upper 500.27,exit long: close 500.71 < upper 500.84
2024-11-19,1,4,2024-11-19 13:00:00-06:00,503.789,2024-11-19 13:30:00-06:00,502.85089999999997,499.28000000000003,-37.52,long: close 503.76 > upper 503.24,exit long: close 502.86 < upper 503.03
2024-11-20,-1,11,2024-11-20 09:00:00-06:00,499.881,2024-11-20 10:51:00-06:00,501.629,501.61,-192.28,short: close 499.83 < lower 501.52,stop
2024-11-20,-1,5,2024-11-20 12:00:00-06:00,499.671,2024-11-20 12:30:00-06:00,500.139,503.14,-23.4,short: close 499.68 < lower 499.78,exit short: close 500.15 > lower 499.70
2024-12-11,1,5,2024-12-11 09:00:00-06:00,527.579,2024-12-11 09:30:00-06:00,527.436,523.62,-7.15,long: close 527.56 > upper 526.73,exit long: close 527.40 < upper 527.54
2024-12-11,1,4,2024-12-11 10:00:00-06:00,527.639,2024-12-11 14:52:00-06:00,530.106,523.12,98.68,long: close 527.60 > upper 527.30,flatten
2024-12-13,1,5,2024-12-13 09:00:00-06:00,532.539,2024-12-13 09:30:00-06:00,530.611,529.21,-96.4,long: close 532.52 > upper 531.82,exit long: close 530.63 < upper 532.21
2024-12-16,1,7,2024-12-16 09:00:00-06:00,534.869,2024-12-16 14:52:00-06:00,537.911,532.19,212.94,long: close 534.83 > upper 534.48,flatten
2024-12-17,-1,7,2024-12-17 09:30:00-06:00,534.191,2024-12-17 10:00:00-06:00,535.629,536.82,-100.66,short: close 534.22 < lower 534.65,exit short: close 535.65 > lower 534.24
2024-12-18,-1,6,2024-12-18 13:30:00-06:00,530.382,2024-12-18 14:52:00-06:00,519.779,533.39,636.18,short: close 530.43 < lower 532.49,flatten
2024-12-20,1,5,2024-12-20 09:30:00-06:00,516.479,2024-12-20 14:52:00-06:00,518.931,512.99,122.6,long: close 516.47 > upper 515.80,flatten
2024-12-23,1,6,2024-12-23 13:00:00-06:00,522.499,2024-12-23 13:30:00-06:00,522.841,519.51,20.52,long: close 522.53 > upper 522.18,exit long: close 522.83 < upper 522.86
2024-12-24,1,9,2024-12-24 09:00:00-06:00,526.689,2024-12-24 14:52:00-06:00,529.921,524.7,290.88,long: close 526.66 > upper 525.87,flatten
2024-12-27,-1,6,2024-12-27 09:00:00-06:00,522.611,2024-12-27 14:00:00-06:00,522.629,525.51,-1.08,short: close 522.60 < lower 524.88,exit short: close 522.62 > lower 521.95
2024-12-30,-1,4,2024-12-30 09:00:00-06:00,512.601,2024-12-30 10:00:00-06:00,514.7090000000001,517.28,-84.32,short: close 512.64 < lower 514.36,exit short: close 514.74 > lower 513.03
2024-12-31,-1,4,2024-12-31 12:30:00-06:00,511.151,2024-12-31 14:00:00-06:00,512.349,515.1800000000001,-47.92,short: close 511.19 < lower 512.21,exit short: close 512.34 > lower 511.63
2025-01-02,-1,4,2025-01-02 13:00:00-06:00,507.236,2025-01-02 13:30:00-06:00,508.67900000000003,512.13,-57.72,short: close 507.28 < lower 507.88,exit short: close 508.76 > lower 507.25
2025-01-03,1,6,2025-01-03 09:00:00-06:00,515.419,2025-01-03 09:21:00-06:00,512.571,512.59,-170.88,long: close 515.48 > upper 514.59,stop
2025-01-03,1,4,2025-01-03 10:30:00-06:00,516.4590000000001,2025-01-03 11:30:00-06:00,517.001,512.44,21.68,long: close 516.44 > upper 515.79,exit long: close 516.98 < upper 517.10
2025-01-06,1,4,2025-01-06 09:00:00-06:00,526.099,2025-01-06 11:00:00-06:00,526.881,521.97,31.28,long: close 526.04 > upper 525.42,exit long: close 526.96 < upper 527.30
2025-01-07,-1,6,2025-01-07 09:30:00-06:00,520.3911,2025-01-07 14:52:00-06:00,514.819,523.59,334.33,short: close 520.41 < lower 521.86,flatten
2025-01-10,-1,6,2025-01-10 09:00:00-06:00,508.241,2025-01-10 12:00:00-06:00,507.729,511.52000000000004,30.72,short: close 508.35 < lower 510.12,exit short: close 507.73 > lower 507.16
2025-01-15,1,3,2025-01-15 09:00:00-06:00,514.889,2025-01-15 10:00:00-06:00,514.701,509.33,-5.64,long: close 514.82 > upper 514.64,exit long: close 514.65 < upper 515.56
2025-01-15,1,3,2025-01-15 13:30:00-06:00,517.009,2025-01-15 14:52:00-06:00,516.811,511.01,-5.94,long: close 516.99 > upper 516.73,flatten
2025-01-22,1,4,2025-01-22 09:00:00-06:00,531.939,2025-01-22 09:30:00-06:00,531.851,527.52,-3.52,long: close 531.89 > upper 531.54,exit long: close 531.85 < upper 532.01
2025-01-22,1,3,2025-01-22 10:30:00-06:00,532.819,2025-01-22 12:00:00-06:00,532.931,527.85,3.36,long: close 532.80 > upper 532.10,exit long: close 532.96 < upper 532.98
2025-01-24,-1,6,2025-01-24 13:00:00-06:00,528.701,2025-01-24 14:52:00-06:00,528.979,531.86,-16.68,short: close 528.69 < lower 529.71,flatten
2025-01-28,1,6,2025-01-28 09:30:00-06:00,519.239,2025-01-28 14:52:00-06:00,521.971,516.0600000000001,163.92,long: close 519.21 > upper 517.81,flatten
2025-01-29,-1,5,2025-01-29 13:30:00-06:00,517.641,2025-01-29 13:40:00-06:00,521.059,521.04,-170.9,short: close 517.66 < lower 518.76,stop
2025-01-31,1,5,2025-01-31 09:00:00-06:00,529.169,2025-01-31 12:30:00-06:00,527.9009,525.33,-63.41,long: close 529.14 > upper 528.87,exit long: close 527.91 < upper 529.42
2025-02-04,1,9,2025-02-04 09:00:00-06:00,521.989,2025-02-04 14:52:00-06:00,524.101,519.96,190.08,long: close 521.94 > upper 520.42,flatten
2025-02-07,-1,6,2025-02-07 09:30:00-06:00,526.751,2025-02-07 14:52:00-06:00,523.359,529.63,203.52,short: close 526.80 < lower 526.98,flatten
2025-02-24,-1,8,2025-02-24 09:00:00-06:00,523.321,2025-02-24 10:30:00-06:00,524.069,525.69,-59.84,short: close 523.34 < lower 524.63,exit short: close 524.02 > lower 523.23
2025-02-25,-1,9,2025-02-25 09:00:00-06:00,515.981,2025-02-25 14:52:00-06:00,513.639,518.05,210.78,short: close 516.00 < lower 517.47,flatten
2025-02-26,1,4,2025-02-26 10:30:00-06:00,518.659,2025-02-26 11:00:00-06:00,518.251,514.63,-16.32,long: close 518.65 > upper 518.44,exit long: close 518.26 < upper 518.65
2025-02-26,1,4,2025-02-26 11:30:00-06:00,519.014,2025-02-26 12:00:00-06:00,515.811,515.02,-128.12,long: close 518.97 > upper 518.41,exit long: close 515.84 < upper 518.75
2025-02-27,-1,5,2025-02-27 09:00:00-06:00,510.01099999999997,2025-02-27 09:23:00-06:00,513.6990000000001,513.6800000000001,-184.4,short: close 510.03 < lower 512.65,stop
2025-02-27,-1,3,2025-02-27 10:00:00-06:00,510.341,2025-02-27 12:30:00-06:00,512.284,515.51,-58.29,short: close 510.31 < lower 511.15,exit short: close 512.11 > lower 511.40
2025-02-28,1,5,2025-02-28 09:30:00-06:00,504.209,2025-02-28 10:30:00-06:00,501.251,500.87,-147.9,long: close 504.16 > upper 503.58,exit long: close 501.27 < upper 503.69
2025-03-03,-1,4,2025-03-03 12:30:00-06:00,502.481,2025-03-03 14:52:00-06:00,495.359,507.24,284.88,short: close 502.48 < lower 505.12,flatten
2025-03-04,-1,4,2025-03-04 09:00:00-06:00,491.531,2025-03-04 10:00:00-06:00,490.709,495.69,32.88,short: close 491.56 < lower 491.59,exit short: close 490.69 > lower 490.25
2025-03-04,-1,4,2025-03-04 10:30:00-06:00,489.361,2025-03-04 11:00:00-06:00,493.177,494.1,-152.64,short: close 489.38 < lower 491.02,exit short: close 493.15 > lower 490.90
2025-03-05,1,5,2025-03-05 12:00:00-06:00,499.869,2025-03-05 12:30:00-06:00,498.246,496.40000000000003,-81.15,long: close 499.89 > upper 499.33,exit long: close 498.24 < upper 499.64
2025-03-05,1,4,2025-03-05 13:00:00-06:00,500.389,2025-03-05 14:52:00-06:00,501.521,496.1,45.28,long: close 500.43 > upper 500.15,flatten
2025-03-06,-1,3,2025-03-06 11:30:00-06:00,489.961,2025-03-06 14:30:00-06:00,488.719,495.96000000000004,37.26,short: close 489.93 < lower 490.95,exit short: close 488.68 > lower 487.78
2025-03-07,-1,5,2025-03-07 10:30:00-06:00,483.161,2025-03-07 11:45:00-06:00,487.009,486.99,-192.4,short: close 483.15 < lower 483.92,stop
2025-03-10,-1,3,2025-03-10 09:30:00-05:00,478.291,2025-03-10 14:52:00-05:00,473.229,484.29,151.86,short: close 478.30 < lower 480.17,flatten
2025-03-11,-1,4,2025-03-11 12:30:00-05:00,467.141,2025-03-11 13:00:00-05:00,470.029,471.28000000000003,-115.52,short: close 467.21 < lower 468.69,exit short: close 469.99 > lower 467.85
2025-03-13,-1,6,2025-03-13 09:00:00-05:00,471.111,2025-03-13 09:15:00-05:00,474.17900000000003,474.16,-184.08,short: close 471.22 < lower 473.61,stop
2025-03-13,-1,4,2025-03-13 10:30:00-05:00,470.911,2025-03-13 14:00:00-05:00,471.119,475.15000000000003,-8.32,short: close 470.94 < lower 472.42,exit short: close 471.13 > lower 469.99
2025-03-14,1,3,2025-03-14 10:30:00-05:00,478.169,2025-03-14 13:00:00-05:00,477.781,472.17,-11.64,long: close 478.13 > upper 477.62,exit long: close 477.75 < upper 478.47
2025-03-18,-1,4,2025-03-18 09:00:00-05:00,474.001,2025-03-18 13:00:00-05:00,474.974,478.32,-38.92,short: close 474.02 < lower 476.76,exit short: close 474.94 > lower 474.67
2025-03-20,1,4,2025-03-20 09:30:00-05:00,483.359,2025-03-20 10:00:00-05:00,483.0331,478.92,-13.04,long: close 483.37 > upper 483.29,exit long: close 483.07 < upper 484.00
2025-03-26,-1,6,2025-03-26 09:00:00-05:00,489.361,2025-03-26 14:52:00-05:00,484.849,492.23,270.72,short: close 489.35 < lower 490.01,flatten
2025-03-28,-1,5,2025-03-28 09:30:00-05:00,473.211,2025-03-28 14:52:00-05:00,468.73900000000003,476.68,223.6,short: close 473.21 < lower 477.23,flatten
2025-04-01,1,4,2025-04-01 11:00:00-05:00,472.419,2025-04-01 11:30:00-05:00,471.581,468.19,-33.52,long: close 472.39 > upper 472.36,exit long: close 471.49 < upper 472.21
2025-04-02,1,3,2025-04-02 11:30:00-05:00,476.669,2025-04-02 13:00:00-05:00,476.021,470.67,-19.44,long: close 476.58 > upper 476.21,exit long: close 476.08 < upper 476.38
2025-04-03,-1,3,2025-04-03 10:00:00-05:00,452.621,2025-04-03 10:30:00-05:00,454.009,458.62,-41.64,short: close 452.66 < lower 453.11,exit short: close 454.00 > lower 452.91
2025-04-04,-1,3,2025-04-04 09:30:00-05:00,432.351,2025-04-04 14:52:00-05:00,425.659,438.35,200.76,short: close 432.39 < lower 435.45,flatten
2025-04-07,1,3,2025-04-07 13:00:00-05:00,429.279,2025-04-07 13:30:00-05:00,424.881,423.28000000000003,-131.94,long: close 429.18 > upper 426.84,exit long: close 424.89 < upper 427.10
2025-04-08,1,3,2025-04-08 09:00:00-05:00,440.549,2025-04-08 09:30:00-05:00,441.371,434.55,24.66,long: close 440.57 > upper 440.24,exit long: close 441.38 < upper 441.68
2025-04-09,1,7,2025-04-09 09:00:00-05:00,421.329,2025-04-09 09:14:00-05:00,418.801,418.82,-176.96,long: close 421.29 > upper 418.38,stop
2025-04-09,1,5,2025-04-09 09:30:00-05:00,421.329,2025-04-09 09:52:00-05:00,417.411,417.43,-195.9,long: close 421.28 > upper 419.76,stop
2025-04-10,-1,3,2025-04-10 09:00:00-05:00,450.491,2025-04-10 09:30:00-05:00,450.17900000000003,456.49,9.36,short: close 450.52 < lower 451.10,exit short: close 450.14 > lower 449.79
2025-04-10,-1,3,2025-04-10 10:00:00-05:00,448.681,2025-04-10 13:00:00-05:00,445.699,454.68,89.46,short: close 448.69 < lower 449.11,exit short: close 445.75 > lower 444.57
2025-04-11,1,3,2025-04-11 12:00:00-05:00,452.459,2025-04-11 12:30:00-05:00,450.231,446.46000000000004,-66.84,long: close 452.42 > upper 452.41,exit long: close 450.22 < upper 455.19
2025-04-21,-1,3,2025-04-21 09:00:00-05:00,434.941,2025-04-21 13:30:00-05:00,429.214,440.84000000000003,171.81,short: close 434.99 < lower 435.26,exit short: close 429.20 > lower 428.86
2025-04-22,1,3,2025-04-22 10:00:00-05:00,443.4354,2025-04-22 12:30:00-05:00,441.421,437.44,-60.43,long: close 443.42 > upper 443.06,exit long: close 441.42 < upper 448.15
2025-04-24,1,4,2025-04-24 09:00:00-05:00,460.789,2025-04-24 13:00:00-05:00,465.861,456.53000000000003,202.88,long: close 460.75 > upper 459.69,exit long: close 465.93 < upper 466.19
2025-04-28,-1,4,2025-04-28 10:30:00-05:00,467.435,2025-04-28 11:00:00-05:00,468.109,472.04,-26.96,short: close 467.45 < lower 468.18,exit short: close 468.17 > lower 467.11
2025-04-30,-1,3,2025-04-30 09:00:00-05:00,462.651,2025-04-30 09:30:00-05:00,467.399,468.65000000000003,-142.44,short: close 462.80 < lower 464.24,exit short: close 467.38 > lower 464.01
2025-05-08,1,3,2025-05-08 12:00:00-05:00,492.559,2025-05-08 12:30:00-05:00,491.791,486.56,-23.04,long: close 492.55 > upper 492.32,exit long: close 491.81 < upper 492.54
2025-05-13,1,6,2025-05-13 09:00:00-05:00,512.139,2025-05-13 14:52:00-05:00,516.2909999999999,509.31,249.12,long: close 512.12 > upper 511.32,flatten
2025-05-22,1,11,2025-05-22 09:00:00-05:00,516.539,2025-05-22 09:23:00-05:00,514.781,514.8,-193.38,long: close 516.50 > upper 515.10,stop
2025-05-22,1,7,2025-05-22 13:00:00-05:00,516.649,2025-05-22 14:52:00-05:00,515.521,513.84,-78.96,long: close 516.62 > upper 516.17,flatten
2025-05-27,1,3,2025-05-27 09:30:00-05:00,518.879,2025-05-27 10:00:00-05:00,518.471,513.17,-12.24,long: close 518.85 > upper 518.45,exit long: close 518.50 < upper 518.66
2025-05-27,1,3,2025-05-27 10:30:00-05:00,519.339,2025-05-27 14:52:00-05:00,520.231,513.34,26.76,long: close 519.34 > upper 518.90,flatten
2025-06-05,1,6,2025-06-05 10:30:00-05:00,532.799,2025-06-05 11:00:00-05:00,532.761,529.6800000000001,-2.28,long: close 532.79 > upper 532.60,exit long: close 532.79 < upper 533.29
2025-06-26,1,5,2025-06-26 13:30:00-05:00,546.249,2025-06-26 14:00:00-05:00,546.036,542.73,-10.65,long: close 546.22 > upper 545.79,exit long: close 546.05 < upper 546.13
2025-06-27,1,13,2025-06-27 09:00:00-05:00,548.619,2025-06-27 10:00:00-05:00,548.441,547.21,-23.14,long: close 548.60 > upper 548.15,exit long: close 548.45 < upper 548.93
2025-06-27,1,9,2025-06-27 10:30:00-05:00,549.279,2025-06-27 12:30:00-05:00,548.741,547.1,-48.42,long: close 549.26 > upper 548.91,exit long: close 548.76 < upper 549.44
2025-07-01,-1,7,2025-07-01 10:00:00-05:00,546.891,2025-07-01 12:30:00-05:00,547.829,549.58,-65.66,short: close 546.92 < lower 548.00,exit short: close 547.81 > lower 547.49
2025-07-07,-1,5,2025-07-07 13:30:00-05:00,549.691,2025-07-07 14:00:00-05:00,551.889,553.42,-109.9,short: close 549.71 < lower 550.95,exit short: close 551.87 > lower 550.71
2025-08-08,1,8,2025-08-08 09:00:00-05:00,572.869,2025-08-08 12:30:00-05:00,573.256,570.41,30.96,long: close 572.84 > upper 572.30,exit long: close 573.27 < upper 573.54
2025-08-08,1,5,2025-08-08 13:00:00-05:00,574.249,2025-08-08 14:52:00-05:00,574.241,570.52,-0.4,long: close 574.20 > upper 573.58,flatten
2025-08-12,1,5,2025-08-12 10:30:00-05:00,577.579,2025-08-12 14:52:00-05:00,580.001,574.04,121.1,long: close 577.56 > upper 577.51,flatten
2025-08-15,-1,11,2025-08-15 09:00:00-05:00,577.181,2025-08-15 09:14:00-05:00,578.859,578.84,-184.58,short: close 577.29 < lower 578.17,stop
2025-08-15,-1,8,2025-08-15 10:00:00-05:00,577.111,2025-08-15 10:30:00-05:00,577.219,579.41,-8.64,short: close 577.14 < lower 577.53,exit short: close 577.21 > lower 577.21
2025-10-13,1,3,2025-10-13 09:00:00-05:00,601.159,2025-10-13 09:30:00-05:00,599.631,595.16,-45.84,long: close 601.16 > upper 601.10,exit long: close 599.63 < upper 601.36
2025-10-14,-1,4,2025-10-14 09:00:00-05:00,593.751,2025-10-14 09:30:00-05:00,597.309,598.51,-142.32,short: close 593.80 < lower 593.92,exit short: close 597.30 > lower 593.73
2025-10-15,1,4,2025-10-15 09:30:00-05:00,606.419,2025-10-15 10:30:00-05:00,605.201,601.83,-48.72,long: close 606.39 > upper 605.63,exit long: close 605.22 < upper 606.45
2025-10-16,-1,3,2025-10-16 13:30:00-05:00,596.781,2025-10-16 14:00:00-05:00,599.239,601.97,-73.74,short: close 596.80 < lower 598.45,exit short: close 599.21 > lower 598.53
2025-10-17,1,7,2025-10-17 09:30:00-05:00,602.089,2025-10-17 09:40:00-05:00,599.451,599.47,-184.66,long: close 602.08 > upper 601.58,stop
2025-10-17,1,3,2025-10-17 13:30:00-05:00,604.629,2025-10-17 14:52:00-05:00,604.0409999999999,599.44,-17.64,long: close 604.60 > upper 604.15,flatten
2025-10-20,1,7,2025-10-20 09:00:00-05:00,609.669,2025-10-20 14:52:00-05:00,612.231,606.9,179.34,long: close 609.63 > upper 608.29,flatten
2025-10-21,-1,14,2025-10-21 09:00:00-05:00,610.021,2025-10-21 09:30:00-05:00,609.739,611.34,39.48,short: close 610.03 < lower 610.27,exit short: close 609.73 > lower 609.57
2025-10-22,-1,8,2025-10-22 09:30:00-05:00,607.411,2025-10-22 09:55:00-05:00,609.619,609.6,-176.64,short: close 607.42 < lower 608.92,stop
2025-10-22,-1,9,2025-10-22 10:00:00-05:00,608.581,2025-10-22 14:52:00-05:00,605.289,610.75,296.28,short: close 608.60 < lower 608.95,flatten
2025-10-23,1,13,2025-10-23 09:00:00-05:00,608.399,2025-10-23 09:11:00-05:00,606.961,606.98,-186.94,long: close 608.34 > upper 606.57,stop
2025-10-23,1,8,2025-10-23 09:30:00-05:00,608.069,2025-10-23 12:30:00-05:00,609.451,605.87,110.56,long: close 608.03 > upper 607.35,exit long: close 609.48 < upper 609.96
2025-10-30,-1,5,2025-10-30 09:30:00-05:00,629.601,2025-10-30 10:30:00-05:00,630.589,633.35,-49.4,short: close 629.63 < lower 630.27,exit short: close 630.56 > lower 629.54
2025-10-30,-1,4,2025-10-30 11:00:00-05:00,628.961,2025-10-30 11:30:00-05:00,631.2090000000001,633.86,-89.92,short: close 628.96 < lower 629.12,exit short: close 631.16 > lower 628.36
2025-11-05,1,10,2025-11-05 09:00:00-06:00,621.9590000000001,2025-11-05 14:52:00-06:00,624.601,620.0600000000001,264.2,long: close 621.98 > upper 620.77,flatten
2025-11-06,-1,7,2025-11-06 09:00:00-06:00,617.871,2025-11-06 14:52:00-06:00,612.069,620.38,406.14,short: close 617.90 < lower 620.03,flatten
2025-11-07,-1,5,2025-11-07 09:00:00-06:00,605.891,2025-11-07 13:30:00-06:00,604.609,609.4300000000001,64.1,short: close 606.08 < lower 606.47,exit short: close 604.59 > lower 604.46
2025-11-10,1,3,2025-11-10 09:00:00-06:00,621.299,2025-11-10 10:00:00-06:00,618.571,615.3000000000001,-81.84,long: close 621.29 > upper 620.77,exit long: close 618.57 < upper 621.52
2025-11-13,-1,5,2025-11-13 09:00:00-06:00,615.251,2025-11-13 09:30:00-06:00,615.339,619.0,-4.4,short: close 615.25 < lower 615.55,exit short: close 615.31 > lower 615.12
2025-11-13,-1,4,2025-11-13 10:00:00-06:00,612.281,2025-11-13 14:52:00-06:00,609.009,616.73,130.88,short: close 612.29 < lower 614.85,flatten
2025-11-14,1,3,2025-11-14 10:30:00-06:00,612.139,2025-11-14 12:00:00-06:00,611.131,606.14,-30.24,long: close 612.08 > upper 611.62,exit long: close 611.17 < upper 611.96
2025-11-18,-1,4,2025-11-18 09:00:00-06:00,594.811,2025-11-18 10:30:00-06:00,597.889,599.54,-123.12,short: close 594.86 < lower 596.92,exit short: close 597.87 > lower 595.59
2025-11-18,-1,3,2025-11-18 11:30:00-06:00,595.061,2025-11-18 11:58:00-06:00,601.0790000000001,601.0600000000001,-180.54,short: close 595.13 < lower 595.28,stop
2025-11-19,1,5,2025-11-19 09:00:00-06:00,603.909,2025-11-19 09:57:00-06:00,600.581,600.6,-166.4,long: close 603.90 > upper 600.01,stop
2025-11-20,-1,3,2025-11-20 11:30:00-06:00,593.181,2025-11-20 14:52:00-06:00,586.089,599.1800000000001,212.76,short: close 593.25 < lower 595.16,flatten
2025-11-21,1,3,2025-11-21 13:00:00-06:00,594.099,2025-11-21 14:30:00-06:00,591.911,588.1,-65.64,long: close 594.05 > upper 593.03,exit long: close 591.97 < upper 593.19
2025-11-24,1,3,2025-11-24 09:00:00-06:00,599.2090000000001,2025-11-24 14:52:00-06:00,605.311,593.41,183.06,long: close 599.19 > upper 598.53,flatten
2025-12-05,1,5,2025-12-05 09:30:00-06:00,628.199,2025-12-05 10:00:00-06:00,625.911,624.24,-114.4,long: close 628.18 > upper 627.59,exit long: close 625.94 < upper 628.07
2025-12-19,1,5,2025-12-19 09:00:00-06:00,616.669,2025-12-19 10:00:00-06:00,614.781,613.19,-94.4,long: close 616.65 > upper 614.04,exit long: close 614.82 < upper 615.51
2025-12-19,1,4,2025-12-19 10:30:00-06:00,616.229,2025-12-19 11:00:00-06:00,615.341,611.99,-35.52,long: close 616.20 > upper 614.80,exit long: close 615.34 < upper 615.35
2026-01-02,-1,3,2026-01-02 13:00:00-06:00,610.8187,2026-01-02 13:30:00-06:00,613.609,616.67,-83.71,short: close 610.84 < lower 611.34,exit short: close 613.59 > lower 611.13
2026-01-23,1,5,2026-01-23 10:00:00-06:00,624.969,2026-01-23 12:00:00-06:00,621.761,621.16,-160.4,long: close 624.95 > upper 624.06,exit long: close 621.78 < upper 624.16
2026-01-26,1,6,2026-01-26 10:30:00-06:00,626.939,2026-01-26 14:00:00-06:00,626.311,623.74,-37.68,long: close 626.90 > upper 626.20,exit long: close 626.32 < upper 627.35
2026-01-29,-1,8,2026-01-29 09:00:00-06:00,626.181,2026-01-29 14:51:00-06:00,628.599,628.58,-193.44,short: close 626.19 < lower 630.42,stop
2026-01-30,-1,3,2026-01-30 12:00:00-06:00,621.941,2026-01-30 13:00:00-06:00,623.469,627.1800000000001,-45.84,short: close 621.99 < lower 622.30,exit short: close 623.45 > lower 622.37
2026-02-02,1,4,2026-02-02 09:30:00-06:00,626.529,2026-02-02 14:52:00-06:00,625.831,621.77,-27.92,long: close 626.48 > upper 625.02,flatten
2026-02-03,-1,5,2026-02-03 09:00:00-06:00,620.961,2026-02-03 14:52:00-06:00,615.559,624.4300000000001,270.1,short: close 620.96 < lower 623.79,flatten
2026-02-04,-1,5,2026-02-04 09:00:00-06:00,610.311,2026-02-04 09:30:00-06:00,611.749,613.92,-71.9,short: close 610.42 < lower 612.14,exit short: close 611.72 > lower 611.15
2026-02-04,-1,3,2026-02-04 10:00:00-06:00,609.391,2026-02-04 14:52:00-06:00,606.679,614.6800000000001,81.36,short: close 609.39 < lower 610.47,flatten
2026-02-05,-1,3,2026-02-05 09:30:00-06:00,595.561,2026-02-05 10:00:00-06:00,596.979,601.5600000000001,-42.54,short: close 595.59 < lower 596.38,exit short: close 596.95 > lower 595.75
2026-02-06,1,3,2026-02-06 10:30:00-06:00,606.139,2026-02-06 14:52:00-06:00,611.281,600.14,154.26,long: close 606.13 > upper 604.68,flatten
2026-02-09,1,3,2026-02-09 10:30:00-06:00,614.719,2026-02-09 14:30:00-06:00,614.901,608.99,5.46,long: close 614.71 > upper 614.32,exit long: close 614.93 < upper 615.06
2026-02-12,-1,3,2026-02-12 10:00:00-06:00,606.611,2026-02-12 14:52:00-06:00,599.679,611.97,207.96,short: close 606.61 < lower 608.50,flatten
2026-02-17,-1,4,2026-02-17 09:00:00-06:00,594.141,2026-02-17 09:30:00-06:00,595.189,598.34,-41.92,short: close 594.16 < lower 595.89,exit short: close 595.20 > lower 594.37
2026-02-18,1,6,2026-02-18 09:00:00-06:00,605.269,2026-02-18 12:30:00-06:00,608.211,602.1,176.52,long: close 605.26 > upper 604.82,exit long: close 608.22 < upper 608.27
2026-02-20,1,3,2026-02-20 10:00:00-06:00,609.879,2026-02-20 10:30:00-06:00,606.451,604.15,-102.84,long: close 609.86 > upper 607.55,exit long: close 606.47 < upper 608.44
2026-02-20,1,3,2026-02-20 11:00:00-06:00,609.379,2026-02-20 11:30:00-06:00,605.241,603.38,-124.14,long: close 609.36 > upper 608.80,exit long: close 605.24 < upper 609.22
2026-02-23,-1,3,2026-02-23 10:00:00-06:00,600.841,2026-02-23 10:30:00-06:00,601.679,606.69,-25.14,short: close 600.85 < lower 601.87,exit short: close 601.68 > lower 601.27
2026-02-23,-1,3,2026-02-23 11:00:00-06:00,600.641,2026-02-23 11:30:00-06:00,600.859,606.64,-6.54,short: close 600.65 < lower 600.77,exit short: close 600.84 > lower 600.60
2026-02-25,1,5,2026-02-25 09:00:00-06:00,615.489,2026-02-25 10:00:00-06:00,614.321,611.53,-58.4,long: close 615.48 > upper 613.43,exit long: close 614.34 < upper 615.58
2026-02-26,-1,7,2026-02-26 09:00:00-06:00,611.961,2026-02-26 14:52:00-06:00,608.599,614.74,235.34,short: close 611.98 < lower 613.27,flatten
2026-03-04,1,3,2026-03-04 09:30:00-06:00,610.999,2026-03-04 14:52:00-06:00,610.521,605.13,-14.34,long: close 610.99 > upper 608.80,flatten
2026-03-10,1,3,2026-03-10 12:30:00-05:00,613.179,2026-03-10 13:00:00-05:00,612.131,607.83,-31.44,long: close 613.17 > upper 613.12,exit long: close 612.16 < upper 613.16
2026-03-12,-1,4,2026-03-12 09:00:00-05:00,599.891,2026-03-12 10:00:00-05:00,598.989,604.82,36.08,short: close 599.87 < lower 600.31,exit short: close 598.95 > lower 598.11
2026-03-20,-1,6,2026-03-20 09:00:00-05:00,586.281,2026-03-20 14:52:00-05:00,580.289,589.2,359.52,short: close 586.30 < lower 589.12,flatten
2026-03-23,1,3,2026-03-23 09:00:00-05:00,592.999,2026-03-23 10:00:00-05:00,593.221,587.0,6.66,long: close 592.98 > upper 592.47,exit long: close 593.21 < upper 593.38
2026-03-26,-1,3,2026-03-26 11:30:00-05:00,579.051,2026-03-26 14:52:00-05:00,574.219,584.2,144.96,short: close 579.04 < lower 580.03,flatten
2026-03-27,-1,6,2026-03-27 09:00:00-05:00,566.691,2026-03-27 10:30:00-05:00,568.479,569.95,-107.28,short: close 566.71 < lower 568.99,exit short: close 568.45 > lower 568.43
2026-03-27,-1,5,2026-03-27 11:00:00-05:00,568.281,2026-03-27 14:52:00-05:00,561.774,571.99,325.35,short: close 568.29 < lower 568.54,flatten
2026-03-30,-1,3,2026-03-30 13:30:00-05:00,558.731,2026-03-30 14:52:00-05:00,558.079,564.03,19.56,short: close 558.74 < lower 559.65,flatten
2026-03-31,1,3,2026-03-31 09:00:00-05:00,568.759,2026-03-31 10:00:00-05:00,564.961,563.48,-113.94,long: close 568.75 > upper 566.58,exit long: close 564.97 < upper 566.40
2026-03-31,1,3,2026-03-31 10:30:00-05:00,566.9590000000001,2026-03-31 11:00:00-05:00,565.811,561.74,-34.44,long: close 566.95 > upper 566.52,exit long: close 565.86 < upper 566.34
2026-04-01,1,4,2026-04-01 10:00:00-05:00,585.589,2026-04-01 13:30:00-05:00,583.011,581.24,-103.12,long: close 585.57 > upper 583.67,exit long: close 583.02 < upper 585.59
2026-04-06,1,6,2026-04-06 09:00:00-05:00,589.579,2026-04-06 09:06:00-05:00,586.401,586.42,-190.68,long: close 589.55 > upper 588.77,stop
2026-04-07,-1,4,2026-04-07 09:00:00-05:00,582.661,2026-04-07 11:30:00-05:00,584.399,586.77,-69.52,short: close 582.71 < lower 582.97,exit short: close 584.40 > lower 582.40
2026-04-14,1,4,2026-04-14 09:30:00-05:00,623.789,2026-04-14 14:52:00-05:00,627.511,619.57,148.88,long: close 623.71 > upper 623.00,flatten
2026-04-15,1,5,2026-04-15 10:00:00-05:00,632.519,2026-04-15 12:00:00-05:00,631.9506,628.9,-28.42,long: close 632.47 > upper 632.44,exit long: close 631.96 < upper 633.35
2026-04-15,1,3,2026-04-15 13:30:00-05:00,634.509,2026-04-15 14:52:00-05:00,637.071,629.32,76.86,long: close 634.48 > upper 634.02,flatten
2026-04-17,1,3,2026-04-17 10:30:00-05:00,649.099,2026-04-17 11:00:00-05:00,648.131,643.1,-29.04,long: close 649.07 > upper 649.03,exit long: close 648.15 < upper 649.17
2026-04-20,-1,5,2026-04-20 10:00:00-05:00,644.141,2026-04-20 10:30:00-05:00,645.689,648.02,-77.4,short: close 644.15 < lower 644.50,exit short: close 645.65 > lower 644.47
2026-04-22,1,3,2026-04-22 09:30:00-05:00,652.769,2026-04-22 10:00:00-05:00,652.321,647.38,-13.44,long: close 652.76 > upper 652.63,exit long: close 652.35 < upper 653.78
2026-04-22,1,3,2026-04-22 13:00:00-05:00,653.809,2026-04-22 13:30:00-05:00,653.036,647.8100000000001,-23.19,long: close 653.78 > upper 653.46,exit long: close 653.05 < upper 653.47
2026-04-24,1,3,2026-04-24 10:30:00-05:00,661.249,2026-04-24 14:52:00-05:00,663.371,655.25,63.66,long: close 661.20 > upper 661.15,flatten
2026-04-28,-1,3,2026-04-28 10:30:00-05:00,654.511,2026-04-28 11:00:00-05:00,654.899,660.5,-11.64,short: close 654.68 < lower 654.89,exit short: close 654.86 > lower 654.61
2026-04-29,1,7,2026-04-29 10:00:00-05:00,660.939,2026-04-29 10:30:00-05:00,660.2309,658.16,-49.57,long: close 660.91 > upper 660.87,exit long: close 660.24 < upper 661.04
2026-04-30,-1,7,2026-04-30 09:00:00-05:00,659.581,2026-04-30 09:57:00-05:00,662.409,662.39,-197.96,short: close 659.58 < lower 660.70,stop
2026-05-01,1,9,2026-05-01 09:00:00-05:00,674.999,2026-05-01 09:36:00-05:00,672.871,672.89,-191.52,long: close 674.96 > upper 670.48,stop
2026-05-01,1,5,2026-05-01 10:00:00-05:00,673.589,2026-05-01 14:52:00-05:00,674.561,670.29,48.6,long: close 673.53 > upper 671.67,flatten
2026-05-04,-1,6,2026-05-04 12:00:00-05:00,671.071,2026-05-04 12:30:00-05:00,673.249,674.21,-130.68,short: close 671.14 < lower 671.27,exit short: close 673.22 > lower 671.18
2026-05-05,1,4,2026-05-05 09:00:00-05:00,680.249,2026-05-05 14:52:00-05:00,681.411,676.16,46.48,long: close 680.22 > upper 679.52,flatten
2026-05-06,1,4,2026-05-06 09:00:00-05:00,689.649,2026-05-06 09:30:00-05:00,688.421,684.9,-49.12,long: close 689.63 > upper 689.40,exit long: close 688.40 < upper 689.75
2026-05-06,1,3,2026-05-06 10:00:00-05:00,691.299,2026-05-06 14:52:00-05:00,694.811,685.85,105.36,long: close 691.28 > upper 690.10,flatten
2026-05-07,1,8,2026-05-07 09:30:00-05:00,699.559,2026-05-07 10:30:00-05:00,699.081,697.15,-38.24,long: close 699.52 > upper 698.49,exit long: close 699.08 < upper 699.55
2026-05-08,1,4,2026-05-08 09:00:00-05:00,705.339,2026-05-08 14:52:00-05:00,710.201,701.28,194.48,long: close 705.33 > upper 701.49,flatten
2026-05-11,1,5,2026-05-11 11:30:00-05:00,714.2090000000001,2026-05-11 12:00:00-05:00,712.7311,710.75,-73.9,long: close 714.19 > upper 714.19,exit long: close 712.76 < upper 714.33
2026-05-12,-1,4,2026-05-12 09:00:00-05:00,706.0485,2026-05-12 14:52:00-05:00,707.199,710.5500000000001,-46.02,short: close 706.10 < lower 706.30,flatten
2026-05-13,1,3,2026-05-13 11:30:00-05:00,713.609,2026-05-13 14:52:00-05:00,714.2909999999999,708.62,20.46,long: close 713.60 > upper 713.59,flatten
2026-05-14,1,7,2026-05-14 09:30:00-05:00,718.189,2026-05-14 14:52:00-05:00,719.886,715.67,118.79,long: close 718.19 > upper 717.06,flatten
2026-05-15,-1,3,2026-05-15 09:00:00-05:00,706.881,2026-05-15 09:30:00-05:00,710.479,712.88,-107.94,short: close 706.88 < lower 707.85,exit short: close 710.43 > lower 707.49
2026-05-18,-1,4,2026-05-18 10:00:00-05:00,705.351,2026-05-18 14:52:00-05:00,705.329,709.74,0.88,short: close 705.30 < lower 705.84,flatten
2026-05-19,-1,3,2026-05-19 09:30:00-05:00,696.421,2026-05-19 10:00:00-05:00,698.669,702.21,-67.44,short: close 696.43 < lower 697.00,exit short: close 698.67 > lower 696.51
2026-05-20,1,4,2026-05-20 09:30:00-05:00,708.619,2026-05-20 11:30:00-05:00,709.301,703.75,27.28,long: close 708.61 > upper 708.29,exit long: close 709.27 < upper 709.82
2026-05-20,1,3,2026-05-20 12:30:00-05:00,710.7090000000001,2026-05-20 14:52:00-05:00,712.071,704.71,40.86,long: close 710.68 > upper 710.15,flatten
2026-05-26,1,3,2026-05-26 09:00:00-05:00,728.469,2026-05-26 10:30:00-05:00,728.331,722.47,-4.14,long: close 728.44 > upper 728.05,exit long: close 728.31 < upper 730.19
2026-05-27,-1,5,2026-05-27 09:30:00-05:00,726.301,2026-05-27 10:00:00-05:00,726.9590000000001,730.19,-32.9,short: close 726.36 < lower 727.70,exit short: close 726.92 > lower 726.91
2026-05-28,1,4,2026-05-28 10:30:00-05:00,734.7090000000001,2026-05-28 14:52:00-05:00,735.221,730.37,20.48,long: close 734.67 > upper 733.95,flatten
2026-05-29,1,5,2026-05-29 09:00:00-05:00,741.189,2026-05-29 09:25:00-05:00,737.751,737.77,-171.9,long: close 741.17 > upper 740.11,stop
2026-06-01,1,4,2026-06-01 12:00:00-05:00,742.9590000000001,2026-06-01 14:52:00-05:00,742.711,738.04,-9.92,long: close 742.95 > upper 742.57,flatten
2026-06-08,1,3,2026-06-08 10:00:00-05:00,721.4590000000001,2026-06-08 10:30:00-05:00,720.261,715.46,-35.94,long: close 721.43 > upper 720.66,exit long: close 720.25 < upper 721.59
2026-06-09,-1,3,2026-06-09 10:00:00-05:00,710.971,2026-06-09 14:52:00-05:00,705.329,716.97,169.26,short: close 710.94 < lower 713.36,flatten
2026-06-11,1,3,2026-06-11 09:00:00-05:00,702.849,2026-06-11 09:56:00-05:00,697.541,697.5600000000001,-159.24,long: close 702.80 > upper 701.80,stop
2026-06-11,1,3,2026-06-11 12:30:00-05:00,707.279,2026-06-11 14:52:00-05:00,715.731,701.28,253.56,long: close 707.26 > upper 705.14,flatten
2026-06-12,1,5,2026-06-12 10:00:00-05:00,721.0989,2026-06-12 10:50:00-05:00,717.1610000000001,717.1800000000001,-196.89,long: close 720.97 > upper 720.95,stop
2026-06-15,1,3,2026-06-15 10:30:00-05:00,743.179,2026-06-15 12:00:00-05:00,743.661,737.1800000000001,14.46,long: close 743.12 > upper 742.79,exit long: close 743.67 < upper 744.20
2026-06-16,-1,5,2026-06-16 09:30:00-05:00,739.091,2026-06-16 14:52:00-05:00,731.619,742.77,373.6,short: close 739.11 < lower 739.37,flatten
2026-06-24,1,4,2026-06-24 10:00:00-05:00,719.589,2026-06-24 10:25:00-05:00,715.081,715.1,-180.32,long: close 719.55 > upper 719.04,stop
2026-06-24,-1,3,2026-06-24 13:00:00-05:00,707.451,2026-06-24 13:30:00-05:00,711.159,713.45,-111.24,short: close 707.46 < lower 707.65,exit short: close 711.09 > lower 707.10
2026-06-25,-1,3,2026-06-25 09:00:00-05:00,705.821,2026-06-25 09:07:00-05:00,711.839,711.82,-180.54,short: close 705.76 < lower 707.71,stop
2026-06-29,1,3,2026-06-29 11:30:00-05:00,719.659,2026-06-29 14:52:00-05:00,722.391,713.66,81.96,long: close 719.61 > upper 719.55,flatten
2026-06-30,1,5,2026-06-30 09:00:00-05:00,731.909,2026-06-30 14:52:00-05:00,736.491,728.0500000000001,229.1,long: close 731.87 > upper 727.93,flatten
2026-07-02,1,4,2026-07-02 09:00:00-05:00,729.9590000000001,2026-07-02 09:22:00-05:00,725.771,725.79,-167.52,long: close 729.90 > upper 729.53,stop
2026-07-02,-1,4,2026-07-02 10:00:00-05:00,719.826,2026-07-02 14:52:00-05:00,711.779,724.02,321.88,short: close 719.82 < lower 721.17,flatten
2026-07-06,1,3,2026-07-06 09:30:00-05:00,724.169,2026-07-06 11:30:00-05:00,724.621,718.17,13.56,long: close 724.10 > upper 723.48,exit long: close 724.60 < upper 724.94
2026-07-07,-1,3,2026-07-07 09:30:00-05:00,707.191,2026-07-07 11:00:00-05:00,709.229,713.19,-61.14,short: close 707.21 < lower 710.29,exit short: close 709.20 > lower 708.92
2026-07-09,1,3,2026-07-09 13:00:00-05:00,723.789,2026-07-09 13:30:00-05:00,723.381,717.79,-12.24,long: close 723.78 > upper 723.70,exit long: close 723.43 < upper 723.49
2026-07-13,-1,3,2026-07-13 13:30:00-05:00,711.971,2026-07-13 14:00:00-05:00,712.479,717.97,-15.24,short: close 711.98 < lower 712.47,exit short: close 712.42 > lower 711.34
2026-07-15,-1,3,2026-07-15 10:00:00-05:00,715.981,2026-07-15 10:30:00-05:00,716.189,721.61,-6.24,short: close 715.96 < lower 716.13,exit short: close 716.21 > lower 714.75
2026-07-15,-1,3,2026-07-15 11:00:00-05:00,714.691,2026-07-15 12:30:00-05:00,715.299,720.69,-18.24,short: close 714.74 < lower 714.94,exit short: close 715.26 > lower 713.47
2026-07-23,-1,3,2026-07-23 10:00:00-05:00,691.781,2026-07-23 11:00:00-05:00,691.609,697.78,5.16,short: close 691.75 < lower 691.95,exit short: close 691.56 > lower 690.67
2026-07-24,-1,6,2026-07-24 09:00:00-05:00,685.151,2026-07-24 09:14:00-05:00,688.259,688.24,-186.48,short: close 685.22 < lower 688.12,stop
2026-07-24,-1,6,2026-07-24 09:30:00-05:00,686.8874,2026-07-24 10:00:00-05:00,688.319,690.07,-85.9,short: close 686.88 < lower 688.04,exit short: close 688.28 > lower 687.92
2026-07-27,-1,3,2026-07-27 09:30:00-05:00,679.431,2026-07-27 11:30:00-05:00,681.129,685.4300000000001,-50.94,short: close 679.46 < lower 681.88,exit short: close 681.12 > lower 680.90
2026-07-27,-1,3,2026-07-27 12:00:00-05:00,678.581,2026-07-27 14:00:00-05:00,681.949,684.58,-101.04,short: close 678.54 < lower 680.52,exit short: close 681.93 > lower 679.66
2026-07-28,-1,3,2026-07-28 09:00:00-05:00,669.311,2026-07-28 10:18:00-05:00,674.909,674.89,-167.94,short: close 669.38 < lower 673.61,stop
2026-07-29,-1,6,2026-07-29 09:00:00-05:00,671.171,2026-07-29 13:00:00-05:00,674.089,674.07,-175.08,short: close 671.19 < lower 672.60,stop
2026-07-30,1,3,2026-07-30 09:00:00-05:00,681.509,2026-07-30 10:30:00-05:00,678.141,675.51,-101.04,long: close 681.51 > upper 677.70,exit long: close 678.13 < upper 678.52
2026-07-30,1,3,2026-07-30 11:00:00-05:00,679.789,2026-07-30 14:52:00-05:00,683.2909999999999,673.79,105.06,long: close 679.79 > upper 678.89,flatten
2026-08-03,1,5,2026-08-03 09:00:00-05:00,693.309,2026-08-03 14:52:00-05:00,700.711,689.52,370.1,long: close 693.30 > upper 691.90,flatten
2026-08-04,1,3,2026-08-04 09:00:00-05:00,713.659,2026-08-04 14:52:00-05:00,724.191,707.66,315.96,long: close 713.65 > upper 712.22,flatten
2026-08-13,1,3,2026-08-13 09:00:00-05:00,731.579,2026-08-13 11:00:00-05:00,730.131,726.59,-43.44,long: close 731.57 > upper 729.40,exit long: close 730.14 < upper 731.03
2026-08-13,1,3,2026-08-13 11:30:00-05:00,731.859,2026-08-13 14:52:00-05:00,731.951,725.99,2.76,long: close 731.83 > upper 730.28,flatten
