,S1,ONA,ONB,combined
2016-01-05,0.0,34.89,45.65,80.53999999999999
2016-01-06,0.0,-173.05,-340.78,-513.8299999999999
2016-01-07,-18.48,-217.05,-417.81,-653.34
2016-01-08,-118.36,19.3,126.83,27.769999999999996
2016-01-11,-107.92,0.0,0.0,-107.92
2016-01-12,0.0,80.0,182.47,262.47
2016-01-13,628.38,10.41,64.1,702.89
2016-01-14,33.08,47.8,82.65,163.53
2016-01-15,0.0,-321.89,-613.0,-934.89
2016-01-19,0.0,0.0,0.0,0.0
2016-01-20,-153.72,-176.05,-401.04,-730.81
2016-01-21,-215.3,10.89,24.81,-179.60000000000002
2016-01-22,0.0,196.37,315.94,512.31
2016-01-25,0.0,0.0,0.0,0.0
2016-01-26,0.0,37.51,97.04,134.55
2016-01-27,-150.75,-68.82,-150.87,-370.44
2016-01-28,0.0,96.88,193.44,290.32
2016-01-29,362.1,34.9,144.67,541.67
2016-02-01,0.0,0.0,0.0,0.0
2016-02-02,164.38,-145.12,-232.34,-213.08
2016-02-03,-274.78,83.74,132.48,-58.559999999999974
2016-02-04,0.0,-56.16,-67.62,-123.78
2016-02-05,580.32,-63.07,-42.04,475.21
2016-02-08,-47.08,0.0,0.0,-47.08
2016-02-09,0.0,-166.73,-266.76,-433.49
2016-02-10,-59.92,68.85,94.7,103.63
2016-02-11,0.0,-222.91,-388.0,-610.91
2016-02-12,0.0,99.96,180.31,280.27
2016-02-16,0.0,0.0,0.0,0.0
2016-02-17,84.32,71.56,164.42,320.29999999999995
2016-02-18,0.0,0.0,48.8,48.8
2016-02-19,0.0,-51.62,-192.91,-244.53
2016-02-22,0.0,0.0,0.0,0.0
2016-02-23,0.0,-50.78,-56.81,-107.59
2016-02-24,0.0,-129.92,-221.38,-351.29999999999995
2016-02-25,0.0,12.99,44.69,57.68
2016-02-26,0.0,53.82,130.95,184.76999999999998
2016-02-29,-46.92,0.0,0.0,-46.92
2016-03-01,212.76,93.39,128.2,434.34999999999997
2016-03-02,0.0,-21.73,-70.97,-92.7
2016-03-03,-94.48,-6.79,-28.6,-129.87
2016-03-04,-66.6,-7.84,12.22,-62.22
2016-03-07,-7.13,0.0,0.0,-7.13
2016-03-08,0.0,-77.1,-117.26,-194.36
2016-03-09,0.0,35.0,90.8,125.8
2016-03-10,-175.79,24.71,75.73,-75.34999999999998
2016-03-11,0.0,88.32,181.19,269.51
2016-03-14,0.0,0.0,0.0,0.0
2016-03-15,0.0,-78.93,-114.71,-193.64
2016-03-16,70.18,-69.98,-66.6,-66.39999999999999
2016-03-17,0.0,-34.76,-7.95,-42.71
2016-03-18,-184.8,8.84,35.49,-140.47
2016-03-21,0.0,0.0,0.0,0.0
2016-03-22,-7.28,-69.12,-98.0,-174.4
2016-03-23,-13.16,-84.56,-62.85,-160.57
2016-03-24,0.0,-76.35,-135.49,-211.84
2016-03-28,0.0,19.03,21.04,40.07
2016-03-29,441.04,-38.01,-90.61,312.42
2016-03-30,-166.17,55.46,125.36,14.65000000000002
2016-03-31,0.0,8.7,-7.8,0.8999999999999995
2016-04-01,97.59,-114.93,-127.59,-144.93
2016-04-04,-62.16,0.0,0.0,-62.16
2016-04-05,0.0,-97.97,-146.69,-244.66
2016-04-06,229.08,-11.01,-2.62,215.45000000000002
2016-04-07,26.56,-94.73,-166.28,-234.45
2016-04-08,0.0,94.93,120.68,215.61
2016-04-11,-168.48,0.0,0.0,-168.48
2016-04-12,-159.36,-3.31,28.84,-133.83
2016-04-13,-75.9,61.09,115.6,100.78999999999999
2016-04-14,0.0,-13.88,9.0,-4.880000000000001
2016-04-15,0.0,-39.56,-24.39,-63.95
2016-04-18,-115.2,0.0,0.0,-115.2
2016-04-19,-162.02,14.82,37.09,-110.11000000000001
2016-04-20,-56.24,-5.29,-44.64,-106.17
2016-04-21,-148.8,-22.17,-22.9,-193.87000000000003
2016-04-22,-41.42,-4.25,-15.36,-61.03
2016-04-25,0.0,0.0,0.0,0.0
2016-04-26,22.2,37.07,25.61,84.88
2016-04-27,-89.88,-5.24,-78.07,-173.19
2016-04-28,-172.65,-65.82,-159.47,-397.94
2016-04-29,-366.9,-56.03,-109.7,-532.63
2016-05-02,90.78,0.0,0.0,90.78
2016-05-03,0.0,-107.69,-173.73,-281.41999999999996
2016-05-04,0.0,-75.23,-124.53,-199.76
2016-05-05,0.0,41.18,57.38,98.56
2016-05-06,0.0,-54.4,-106.87,-161.27
2016-05-09,-219.31,0.0,0.0,-219.31
2016-05-10,177.48,42.07,83.14,302.69
2016-05-11,102.2,-28.84,-70.58,2.780000000000001
2016-05-12,-63.48,21.63,57.07,15.220000000000006
2016-05-13,-298.22,-41.3,-72.59,-412.11
2016-05-16,188.0,0.0,0.0,188.0
2016-05-17,199.06,-27.0,-44.11,127.95
2016-05-18,-201.6,-60.37,-69.43,-331.4
2016-05-19,-23.31,-95.03,-92.98,-211.32
2016-05-20,-20.88,30.28,-6.58,2.820000000000002
2016-05-23,0.0,0.0,0.0,0.0
2016-05-24,302.18,66.15,119.72,488.05000000000007
2016-05-25,0.0,29.74,85.83,115.57
2016-05-26,0.0,16.9,21.93,38.83
2016-05-27,0.0,1.06,10.33,11.39
2016-05-31,0.0,0.0,0.0,0.0
2016-06-01,0.0,-44.88,-100.94,-145.82
2016-06-02,-154.56,-38.33,-65.98,-258.87
2016-06-03,-119.54,-34.97,-61.91,-216.42
2016-06-06,0.0,0.0,0.0,0.0
2016-06-07,0.0,-1.02,30.81,29.79
2016-06-08,0.0,4.08,28.2,32.28
2016-06-09,0.0,-58.74,-93.24,-151.98
2016-06-10,-13.34,-117.25,-154.71,-285.3
2016-06-13,0.0,0.0,0.0,0.0
2016-06-14,-377.34,-48.08,-60.92,-486.34
2016-06-15,0.0,37.73,48.12,85.85
2016-06-16,-273.99,-96.33,-117.21,-487.53
2016-06-17,164.58,-23.04,-55.72,85.82000000000002
2016-06-20,-32.92,0.0,0.0,-32.92
2016-06-21,-184.8,-6.24,33.63,-157.41000000000003
2016-06-22,-187.06,17.72,18.08,-151.26
2016-06-23,-38.48,119.34,182.62,263.48
2016-06-24,0.0,-513.24,-684.14,-1197.38
2016-06-27,165.24,0.0,0.0,165.24
2016-06-28,-23.52,101.55,212.22,290.25
2016-06-29,17.1,133.65,170.67,321.41999999999996
2016-06-30,0.78,15.94,46.86,63.58
2016-07-01,-104.76,-1.04,-41.1,-146.9
2016-07-05,3.48,0.0,0.0,3.48
2016-07-06,-42.66,-130.83,-83.88,-257.37
2016-07-07,0.0,20.0,6.42,26.42
2016-07-08,133.02,102.95,146.61,382.58000000000004
2016-07-11,-51.48,0.0,0.0,-51.48
2016-07-12,0.0,78.18,104.8,182.98000000000002
2016-07-13,0.0,54.11,30.1,84.21000000000001
2016-07-14,0.0,98.59,177.88,276.47
2016-07-15,0.0,45.22,46.01,91.22999999999999
2016-07-18,56.8,0.0,0.0,56.8
2016-07-19,0.0,-21.01,-19.88,-40.89
2016-07-20,117.6,24.14,54.58,196.32
2016-07-21,0.0,-16.98,-39.61,-56.59
2016-07-22,-49.68,-1.0,-6.22,-56.9
2016-07-25,0.0,0.0,0.0,0.0
2016-07-26,-275.16,-6.99,-28.62,-310.77000000000004
2016-07-27,0.0,10.92,61.04,71.96
2016-07-28,0.0,-28.73,-46.09,-74.82000000000001
2016-07-29,0.0,-18.86,-74.83,-93.69
2016-08-01,109.3,0.0,0.0,109.3
2016-08-02,220.2,-5.94,-30.01,184.25
2016-08-03,0.0,-16.07,-23.88,-39.95
2016-08-04,-95.88,-10.95,10.03,-96.8
2016-08-05,-15.2,72.65,111.57,169.01999999999998
2016-08-08,-145.38,0.0,0.0,-145.38
2016-08-09,19.2,-2.94,4.96,21.22
2016-08-10,-181.47,-6.86,2.48,-185.85000000000002
2016-08-11,0.0,45.42,62.11,107.53
2016-08-12,0.0,-32.42,-28.39,-60.81
2016-08-15,37.2,0.0,0.0,37.2
2016-08-16,-96.77,-38.88,-53.01,-188.66
2016-08-17,-180.48,-1.96,-9.9,-192.34
2016-08-18,0.0,-2.95,-22.24,-25.189999999999998
2016-08-19,0.0,-27.32,-138.2,-165.51999999999998
2016-08-22,0.0,0.0,0.0,0.0
2016-08-23,0.0,33.11,67.09,100.2
2016-08-24,223.2,-22.23,-35.99,164.98
2016-08-25,0.0,-48.75,-53.55,-102.3
2016-08-26,-309.6,3.89,28.69,-277.02000000000004
2016-08-29,-171.16,0.0,0.0,-171.16
2016-08-30,-59.42,6.79,2.49,-50.14
2016-08-31,-102.96,-21.3,-38.64,-162.89999999999998
2016-09-01,-207.6,1.95,-36.25,-241.9
2016-09-02,0.0,61.29,93.67,154.96
2016-09-06,-115.7,0.0,0.0,-115.7
2016-09-07,-75.9,-17.32,-4.96,-98.17999999999999
2016-09-08,-228.29,-15.31,-84.39,-327.99
2016-09-09,374.49,-102.54,-161.76,110.19
2016-09-12,628.8,0.0,0.0,628.8
2016-09-13,-30.88,-90.76,-165.64,-287.28
2016-09-14,31.2,9.95,0.0,41.15
2016-09-15,805.2,1.99,-17.84,789.35
2016-09-16,0.0,-65.84,-100.95,-166.79000000000002
2016-09-19,-156.6,0.0,0.0,-156.6
2016-09-20,0.0,44.0,100.39,144.39
2016-09-21,0.0,32.4,71.13,103.53
2016-09-22,0.0,68.73,117.08,185.81
2016-09-23,0.0,-22.9,-36.32,-59.22
2016-09-26,0.0,0.0,0.0,0.0
2016-09-27,289.2,-14.6,-31.8,242.79999999999995
2016-09-28,0.0,9.69,34.11,43.8
2016-09-29,-210.58,-13.47,-42.7,-266.75
2016-09-30,-4.44,45.89,111.69,153.14
2016-10-03,-55.86,0.0,0.0,-55.86
2016-10-04,-187.06,13.56,31.53,-141.97
2016-10-05,-116.62,37.0,77.29,-2.3299999999999983
2016-10-06,0.0,-28.06,-44.07,-72.13
2016-10-07,-225.6,13.56,22.67,-189.37
2016-10-10,-32.56,0.0,0.0,-32.56
2016-10-11,619.2,-28.96,-42.69,547.55
2016-10-12,0.0,0.98,-31.73,-30.75
2016-10-13,-140.22,-97.42,-157.27,-394.90999999999997
2016-10-14,-152.29,37.71,141.14,26.560000000000002
2016-10-17,-186.96,0.0,0.0,-186.96
2016-10-18,0.0,115.69,162.89,278.58
2016-10-19,0.0,17.86,45.63,63.49
2016-10-20,-179.0,-36.54,-36.65,-252.19
2016-10-21,-90.78,-95.07,-139.31,-325.15999999999997
2016-10-24,71.14,0.0,0.0,71.14
2016-10-25,-61.36,-10.83,-22.75,-94.94
2016-10-26,0.0,-85.34,-124.17,-209.51
2016-10-27,0.0,28.05,62.0,90.05
2016-10-28,-95.4,-13.18,32.94,-75.64000000000001
2016-10-31,0.0,0.0,0.0,0.0
2016-11-01,239.1,10.12,29.19,278.41
2016-11-02,301.2,-27.67,-65.12,208.40999999999997
2016-11-03,249.32,25.95,32.05,307.32
2016-11-04,-121.31,22.95,-10.27,-108.63
2016-11-07,102.72,0.0,0.0,102.72
2016-11-08,123.48,-31.37,-29.0,63.11
2016-11-09,0.0,-84.79,-196.85,-281.64
2016-11-10,-383.8,160.54,103.9,-119.36000000000001
2016-11-11,-191.66,46.27,-26.89,-172.27999999999997
2016-11-14,-241.38,0.0,0.0,-241.38
2016-11-15,28.0,-33.44,-6.09,-11.529999999999998
2016-11-16,0.0,-31.49,-72.87,-104.36
2016-11-17,0.0,26.85,-9.74,17.11
2016-11-18,0.0,31.31,-55.88,-24.570000000000004
2016-11-21,-190.08,0.0,0.0,-190.08
2016-11-22,0.0,40.11,59.51,99.62
2016-11-23,0.0,-37.03,-19.36,-56.39
2016-11-25,0.0,4.49,53.09,57.580000000000005
2016-11-28,0.0,0.0,0.0,0.0
2016-11-29,-57.34,5.44,-3.62,-55.52
2016-11-30,93.95,51.69,64.94,210.57999999999998
2016-12-01,127.88,51.96,51.68,231.52
2016-12-02,0.0,-6.41,-5.99,-12.4
2016-12-05,-14.82,0.0,0.0,-14.82
2016-12-06,0.0,22.52,0.0,22.52
2016-12-07,-7.33,-8.91,-4.78,-21.020000000000003
2016-12-08,0.0,27.37,32.94,60.31
2016-12-09,-64.16,23.46,12.89,-27.809999999999995
2016-12-12,0.0,0.0,0.0,0.0
2016-12-13,65.94,56.99,92.87,215.8
2016-12-14,0.0,-43.83,-38.09,-81.92
2016-12-15,-155.09,15.98,44.11,-95.00000000000001
2016-12-16,-135.6,8.81,-4.63,-131.42
2016-12-19,-119.68,0.0,0.0,-119.68
2016-12-20,0.0,35.09,53.27,88.36000000000001
2016-12-21,0.0,-13.05,-11.53,-24.58
2016-12-22,1.16,-48.15,-11.55,-58.540000000000006
2016-12-23,0.0,6.21,-12.72,-6.510000000000001
2016-12-27,-248.23,0.0,0.0,-248.23
2016-12-28,79.11,14.04,18.47,111.62
2016-12-29,-77.22,0.89,-10.45,-86.78
2016-12-30,252.33,13.29,26.72,292.34000000000003
2017-01-03,-130.64,0.0,0.0,-130.64
2017-01-04,-82.5,38.94,23.17,-20.39
2017-01-05,-31.6,-36.55,-35.79,-103.94
2017-01-06,182.04,21.15,-12.73,190.46
2017-01-09,0.0,0.0,0.0,0.0
2017-01-10,-43.44,15.13,-18.51,-46.81999999999999
2017-01-11,0.0,6.17,13.91,20.08
2017-01-12,-112.53,-22.0,-61.14,-195.67000000000002
2017-01-13,-94.28,27.49,12.73,-54.06
2017-01-17,0.0,0.0,0.0,0.0
2017-01-18,0.0,29.46,-11.61,17.85
2017-01-19,-189.55,21.35,1.16,-167.04000000000002
2017-01-20,0.0,38.58,24.48,63.06
2017-01-23,0.0,0.0,0.0,0.0
2017-01-24,50.8,34.05,-5.81,79.03999999999999
2017-01-25,-35.65,96.24,127.21,187.79999999999998
2017-01-26,0.0,-4.37,11.47,7.1000000000000005
2017-01-27,0.0,-0.88,-17.18,-18.06
2017-01-30,-160.08,0.0,0.0,-160.08
2017-01-31,-172.6,-49.12,-81.89,-303.61
2017-02-01,0.0,86.97,79.99,166.95999999999998
2017-02-02,0.0,1.77,-60.2,-58.43
2017-02-03,0.0,101.49,107.69,209.18
2017-02-06,0.0,0.0,0.0,0.0
2017-02-07,-37.4,-4.42,63.15,21.33
2017-02-08,23.1,-64.75,-18.34,-59.989999999999995
2017-02-09,-46.8,15.1,27.52,-4.179999999999996
2017-02-10,0.0,70.1,57.0,127.1
2017-02-13,37.72,0.0,0.0,37.72
2017-02-14,-69.48,-41.63,-19.15,-130.26000000000002
2017-02-15,136.24,-59.64,17.93,94.53
2017-02-16,0.0,-17.19,10.03,-7.160000000000002
2017-02-17,0.0,-69.83,-168.18,-238.01
2017-02-21,-91.8,0.0,0.0,-91.8
2017-02-22,0.0,-21.4,-43.31,-64.71000000000001
2017-02-23,35.58,24.92,60.97,121.47
2017-02-24,0.0,-112.44,-89.63,-202.07
2017-02-27,0.0,0.0,0.0,0.0
2017-02-28,-241.9,-56.57,-20.98,-319.45000000000005
2017-03-01,111.24,150.56,199.02,460.82000000000005
2017-03-02,241.2,-11.96,10.9,240.14
2017-03-03,-34.2,-5.19,13.15,-26.240000000000002
2017-03-06,-97.98,0.0,0.0,-97.98
2017-03-07,0.0,-32.23,-34.04,-66.27
2017-03-08,-303.6,40.36,38.48,-224.76000000000002
2017-03-09,-118.56,-9.71,6.61,-121.66000000000001
2017-03-10,0.0,78.01,103.58,181.59
2017-03-13,0.0,0.0,0.0,0.0
2017-03-14,5.34,-57.2,-50.62,-102.47999999999999
2017-03-15,109.98,57.51,28.68,196.17000000000002
2017-03-16,-65.28,40.95,55.96,31.630000000000003
2017-03-17,0.0,10.44,2.2,12.64
2017-03-20,-212.94,0.0,0.0,-212.94
2017-03-21,526.32,53.97,55.07,635.3600000000001
2017-03-22,188.24,-32.23,-54.6,101.41000000000003
2017-03-23,-9.18,-5.37,-43.46,-58.010000000000005
2017-03-24,-103.18,11.57,24.52,-67.09000000000002
2017-03-27,0.0,0.0,0.0,0.0
2017-03-28,45.6,-47.19,-22.41,-23.999999999999996
2017-03-29,-16.56,-12.37,-30.03,-58.96
2017-03-30,-14.28,-2.64,-8.92,-25.839999999999996
2017-03-31,0.0,5.24,-35.55,-30.309999999999995
2017-04-03,-53.82,0.0,0.0,-53.82
2017-04-04,0.0,-19.4,-31.22,-50.62
2017-04-05,-83.72,76.81,97.93,91.02000000000001
2017-04-06,0.0,11.61,17.84,29.45
2017-04-07,-130.8,-37.17,-36.76,-204.73000000000002
2017-04-10,-112.8,0.0,0.0,-112.8
2017-04-11,-180.12,-53.88,-25.63,-259.63
2017-04-12,-200.96,-28.04,-12.26,-241.26
2017-04-13,-53.9,-24.87,-46.95,-125.72
2017-04-17,-8.97,28.72,55.13,74.88
2017-04-18,0.0,-54.1,-99.26,-153.36
2017-04-19,-116.53,30.14,17.95,-68.44
2017-04-20,130.82,37.09,46.25,214.16
2017-04-21,0.0,-29.66,-29.07,-58.730000000000004
2017-04-24,0.0,0.0,0.0,0.0
2017-04-25,12.49,107.08,167.45,287.02
2017-04-26,0.0,-11.98,7.68,-4.300000000000001
2017-04-27,-75.05,26.38,18.66,-30.01
2017-04-28,0.0,-2.55,-10.97,-13.52
2017-05-01,119.7,0.0,0.0,119.7
2017-05-02,0.0,5.15,13.21,18.36
2017-05-03,-63.71,-62.08,-38.48,-164.26999999999998
2017-05-04,-154.8,10.41,37.37,-107.02000000000001
2017-05-05,0.0,46.05,-21.98,24.069999999999997
2017-05-08,0.0,0.0,0.0,0.0
2017-05-09,-152.76,11.27,16.43,-125.05999999999997
2017-05-10,-112.8,-33.82,-50.47,-197.09
2017-05-11,-104.88,-52.57,-40.62,-198.07
2017-05-12,0.0,-51.19,-45.04,-96.22999999999999
2017-05-15,-171.6,0.0,0.0,-171.6
2017-05-16,0.0,29.44,36.15,65.59
2017-05-17,430.08,-207.65,-204.85,17.579999999999984
2017-05-18,517.2,-35.57,-53.47,428.1600000000001
2017-05-19,-56.24,20.39,-32.22,-68.07
2017-05-22,85.23,0.0,0.0,85.23
2017-05-23,0.0,21.9,40.19,62.089999999999996
2017-05-24,0.0,2.62,17.6,20.220000000000002
2017-05-25,30.24,50.61,71.24,152.08999999999997
2017-05-26,0.0,-25.28,-12.01,-37.29
2017-05-30,0.0,0.0,0.0,0.0
2017-05-31,-102.86,25.5,17.51,-59.849999999999994
2017-06-01,0.0,25.52,26.29,51.81
2017-06-02,126.17,34.53,3.26,163.95999999999998
2017-06-05,0.0,0.0,0.0,0.0
2017-06-06,0.0,-82.86,-60.79,-143.65
2017-06-07,0.0,-4.32,27.2,22.88
2017-06-08,-114.92,-7.77,-18.46,-141.15
2017-06-09,1587.92,43.44,24.97,1656.3300000000002
2017-06-12,-314.32,0.0,0.0,-314.32
2017-06-13,0.0,30.55,37.9,68.45
2017-06-14,0.0,-11.82,37.72,25.9
2017-06-15,-96.84,-138.43,-105.41,-340.68
2017-06-16,-137.94,-50.36,-47.35,-235.65
2017-06-19,55.02,0.0,0.0,55.02
2017-06-20,-39.2,-34.83,-12.84,-86.87
2017-06-21,166.53,17.17,20.38,204.07999999999998
2017-06-22,0.0,-11.19,15.05,3.860000000000001
2017-06-23,74.48,8.57,-36.58,46.47000000000001
2017-06-26,-54.5,0.0,0.0,-54.5
2017-06-27,232.06,-3.4,-21.51,207.15
2017-06-28,255.52,65.2,65.89,386.61
2017-06-29,251.72,12.67,23.62,288.01
2017-06-30,0.0,2.55,71.39,73.94
2017-07-03,-215.42,0.0,0.0,-215.42
2017-07-05,-26.18,-29.57,39.7,-16.049999999999997
2017-07-06,-43.6,-148.26,-61.08,-252.94
2017-07-07,-3.02,19.83,39.93,56.739999999999995
2017-07-10,0.0,0.0,0.0,0.0
2017-07-11,-57.72,-14.58,-18.27,-90.57
2017-07-12,0.0,59.01,98.86,157.87
2017-07-13,-189.0,-17.82,0.0,-206.82
2017-07-14,0.0,-39.85,-23.48,-63.33
2017-07-17,0.0,0.0,0.0,0.0
2017-07-18,0.0,-51.51,-63.82,-115.33
2017-07-19,0.0,11.01,12.79,23.799999999999997
2017-07-20,0.0,-7.54,20.2,12.66
2017-07-21,0.0,-20.95,-109.58,-130.53
2017-07-24,0.0,0.0,0.0,0.0
2017-07-25,0.0,65.55,128.3,193.85000000000002
2017-07-26,0.0,2.5,92.68,95.18
2017-07-27,66.44,12.56,43.49,122.49000000000001
2017-07-28,0.0,-32.87,-28.52,-61.39
2017-07-31,-115.52,0.0,0.0,-115.52
2017-08-01,0.0,50.87,104.11,154.98
2017-08-02,-6.21,-24.54,44.03,13.280000000000001
2017-08-03,-237.36,7.7,-6.27,-235.93000000000004
2017-08-04,0.0,24.93,58.53,83.46000000000001
2017-08-07,-28.08,0.0,0.0,-28.08
2017-08-08,-132.24,-11.1,-20.82,-164.16
2017-08-09,0.0,-83.11,-46.89,-130.0
2017-08-10,508.76,-51.86,-75.1,381.79999999999995
2017-08-11,-82.49,-14.96,3.16,-94.28999999999999
2017-08-14,9.88,0.0,0.0,9.88
2017-08-15,0.0,17.32,55.4,72.72
2017-08-16,0.0,16.59,49.09,65.68
2017-08-17,351.52,-47.13,-60.49,243.89999999999998
2017-08-18,-187.68,-47.12,-88.69,-323.49
2017-08-21,-188.16,0.0,0.0,-188.16
2017-08-22,263.79,30.25,62.6,356.64000000000004
2017-08-23,0.0,-73.06,-82.01,-155.07
2017-08-24,-145.59,45.85,60.15,-39.59000000000001
2017-08-25,0.0,27.25,61.29,88.53999999999999
2017-08-28,0.0,0.0,0.0,0.0
2017-08-29,0.0,-92.5,-135.26,-227.76
2017-08-30,376.8,-19.19,6.31,363.92
2017-08-31,-6.74,42.49,54.62,90.37
2017-09-01,0.0,13.74,53.42,67.16
2017-09-05,-89.88,0.0,0.0,-89.88
2017-09-06,0.0,42.24,85.58,127.82
2017-09-07,0.0,6.02,16.86,22.88
2017-09-08,68.12,-20.7,-57.99,-10.57
2017-09-11,-80.2,0.0,0.0,-80.2
2017-09-12,0.0,23.88,51.04,74.92
2017-09-13,0.0,-16.95,-10.39,-27.34
2017-09-14,0.0,-21.97,-19.7,-41.67
2017-09-15,-188.16,-22.84,-31.03,-242.03
2017-09-18,0.0,0.0,0.0,0.0
2017-09-19,0.0,7.53,14.43,21.96
2017-09-20,-278.04,8.37,-5.14,-274.81
2017-09-21,-318.16,7.51,-9.24,-319.89000000000004
2017-09-22,0.0,-9.6,-29.85,-39.45
2017-09-25,231.88,0.0,0.0,231.88
2017-09-26,0.0,-26.57,21.68,-4.890000000000001
2017-09-27,0.46,78.81,64.02,143.29
2017-09-28,0.0,-22.78,-31.94,-54.72
2017-09-29,88.2,-0.81,-27.77,59.620000000000005
2017-10-02,-59.0,0.0,0.0,-59.0
2017-10-03,0.0,4.8,31.63,36.43
2017-10-04,0.0,-25.54,10.17,-15.37
2017-10-05,71.96,29.62,13.2,114.78
2017-10-06,0.0,-47.12,-37.38,-84.5
2017-10-09,0.0,0.0,0.0,0.0
2017-10-10,0.0,35.33,63.68,99.00999999999999
2017-10-11,0.0,1.6,-1.01,0.5900000000000001
2017-10-12,0.0,-26.44,-20.12,-46.56
2017-10-13,0.0,17.64,31.22,48.86
2017-10-16,0.0,0.0,0.0,0.0
2017-10-17,-130.8,-4.02,20.05,-114.77000000000002
2017-10-18,-34.8,51.6,104.03,120.83000000000001
2017-10-19,-160.58,-67.4,-72.51,-300.49
2017-10-20,0.0,76.34,74.45,150.79000000000002
2017-10-23,227.21,0.0,0.0,227.21
2017-10-24,-187.62,37.88,137.39,-12.350000000000023
2017-10-25,-374.74,-24.13,8.83,-390.04
2017-10-26,0.0,35.56,68.06,103.62
2017-10-27,218.68,1.61,3.93,224.22000000000003
2017-10-30,-139.8,0.0,0.0,-139.8
2017-10-31,0.0,42.91,22.67,65.58
2017-11-01,0.0,92.42,92.54,184.96
2017-11-02,-216.66,-12.13,7.86,-220.92999999999998
2017-11-03,74.76,-26.62,30.34,78.48
2017-11-06,-42.29,0.0,0.0,-42.29
2017-11-07,0.0,-6.45,25.4,18.95
2017-11-08,-3.12,-35.9,-9.77,-48.78999999999999
2017-11-09,-86.04,-82.31,-97.66,-266.01
2017-11-10,0.0,-1.64,-31.35,-32.99
2017-11-13,0.0,0.0,0.0,0.0
2017-11-14,-16.32,-53.19,-70.57,-140.07999999999998
2017-11-15,-191.58,-77.94,-115.83,-385.34999999999997
2017-11-16,222.82,42.01,117.47,382.29999999999995
2017-11-17,0.0,-49.52,-121.37,-170.89000000000001
2017-11-20,0.0,0.0,0.0,0.0
2017-11-21,31.62,48.14,96.26,176.02
2017-11-22,0.0,9.53,27.32,36.85
2017-11-24,-21.6,20.67,34.23,33.3
2017-11-27,0.0,0.0,0.0,0.0
2017-11-28,0.0,39.07,52.68,91.75
2017-11-29,892.08,29.82,73.34,995.2400000000001
2017-11-30,-15.64,50.84,114.3,149.5
2017-12-01,-137.09,-0.78,28.42,-109.45
2017-12-04,-35.13,0.0,0.0,-35.13
2017-12-05,-189.41,34.63,59.6,-95.18
2017-12-06,-34.6,-14.31,-31.36,-80.27000000000001
2017-12-07,-87.88,1.6,-46.63,-132.91
2017-12-08,0.0,43.62,73.06,116.68
2017-12-11,5.5,0.0,0.0,5.5
2017-12-12,0.0,23.78,64.04,87.82000000000001
2017-12-13,0.0,-11.93,19.68,7.75
2017-12-14,0.0,0.79,51.36,52.15
2017-12-15,49.64,73.54,55.25,178.43
2017-12-18,0.0,0.0,0.0,0.0
2017-12-19,-51.11,30.33,41.76,20.979999999999997
2017-12-20,-49.44,46.24,81.81,78.61000000000001
2017-12-21,0.0,-16.43,53.05,36.62
2017-12-22,0.0,-11.73,-11.14,-22.87
2017-12-26,0.0,0.0,0.0,0.0
2017-12-27,-31.9,-10.96,-13.02,-55.879999999999995
2017-12-28,0.0,4.7,32.52,37.220000000000006
2017-12-29,83.44,26.53,36.15,146.12
2018-01-02,297.6,0.0,0.0,297.6
2018-01-03,312.13,-12.47,23.18,322.84
2018-01-04,0.0,65.41,78.5,143.91
2018-01-05,70.84,27.96,67.91,166.71
2018-01-08,-35.93,0.0,0.0,-35.93
2018-01-09,0.0,12.38,47.34,59.720000000000006
2018-01-10,0.0,-34.09,-59.81,-93.9
2018-01-11,-49.01,13.95,31.74,-3.320000000000004
2018-01-12,272.32,9.14,90.86,372.32
2018-01-16,-136.08,0.0,0.0,-136.08
2018-01-17,-6.48,46.11,122.2,161.82999999999998
2018-01-18,0.0,-35.77,11.45,-24.320000000000004
2018-01-19,0.0,9.2,-15.03,-5.83
2018-01-22,274.54,0.0,0.0,274.54
2018-01-23,-49.8,-19.57,-17.56,-86.93
2018-01-24,-17.4,27.0,87.8,97.4
2018-01-25,0.0,46.8,81.45,128.25
2018-01-26,-58.46,32.44,44.47,18.449999999999996
2018-01-29,0.0,0.0,0.0,0.0
2018-01-30,-84.66,-83.91,-239.4,-407.97
2018-01-31,0.0,36.64,205.61,242.25
2018-02-01,0.0,-54.47,-131.1,-185.57
2018-02-02,238.0,-62.71,-187.19,-11.900000000000006
2018-02-05,-87.21,0.0,0.0,-87.21
2018-02-06,-338.06,-205.09,-467.13,-1010.28
2018-02-07,-35.72,-12.82,-80.34,-128.88
2018-02-08,966.42,8.81,14.79,990.0199999999999
2018-02-09,-271.26,102.28,262.13,93.15
2018-02-12,-67.6,0.0,0.0,-67.6
2018-02-13,0.0,-70.45,-142.92,-213.37
2018-02-14,307.52,-75.14,-140.81,91.57
2018-02-15,0.0,80.17,221.52,301.69
2018-02-16,0.0,-14.13,-112.95,-127.08
2018-02-20,-37.56,0.0,0.0,-37.56
2018-02-21,0.0,23.67,17.52,41.19
2018-02-22,0.0,39.01,79.84,118.85
2018-02-23,0.0,72.62,120.79,193.41000000000003
2018-02-26,0.0,0.0,0.0,0.0
2018-02-27,0.0,11.61,20.59,32.2
2018-02-28,0.0,25.13,104.14,129.27
2018-03-01,-142.56,-32.71,-6.43,-181.70000000000002
2018-03-02,0.0,-104.81,-231.87,-336.68
2018-03-05,-1.04,0.0,0.0,-1.04
2018-03-06,0.0,55.43,114.59,170.02
2018-03-07,0.0,-74.91,-281.86,-356.77
2018-03-08,0.0,8.42,88.05,96.47
2018-03-09,115.44,62.89,160.61,338.94
2018-03-12,-115.56,0.0,0.0,-115.56
2018-03-13,88.21,54.26,95.83,238.3
2018-03-14,0.0,53.77,105.69,159.46
2018-03-15,0.0,25.11,84.43,109.54
2018-03-16,0.0,0.0,-47.1,-47.1
2018-03-19,297.9,0.0,0.0,297.9
2018-03-20,55.08,23.03,39.28,117.39
2018-03-21,0.0,0.0,-3.72,-3.72
2018-03-22,-72.81,-118.72,-238.75,-430.28
2018-03-23,321.68,10.17,64.37,396.22
2018-03-26,17.14,0.0,0.0,17.14
2018-03-27,587.86,19.56,108.4,715.8199999999999
2018-03-28,28.0,24.73,58.85,111.58000000000001
2018-03-29,-378.0,54.27,117.74,-205.99
2018-04-02,526.22,-31.41,-101.96,392.85
2018-04-03,0.0,59.09,110.04,169.13
2018-04-04,0.0,-142.95,-489.44,-632.39
2018-04-05,0.0,64.66,120.45,185.11
2018-04-06,-12.64,-82.92,-247.93,-343.49
2018-04-09,112.8,0.0,0.0,112.8
2018-04-10,0.0,123.54,339.56,463.1
2018-04-11,0.0,-49.29,-179.1,-228.39
2018-04-12,-32.48,52.29,171.19,191.0
2018-04-13,0.0,37.22,151.28,188.5
2018-04-16,0.0,0.0,0.0,0.0
2018-04-17,16.68,60.23,221.86,298.77
2018-04-18,0.0,33.62,2.78,36.4
2018-04-19,0.0,-27.43,-47.41,-74.84
2018-04-20,156.54,-32.98,-13.06,110.5
2018-04-23,0.0,0.0,0.0,0.0
2018-04-24,466.56,40.17,96.95,603.6800000000001
2018-04-25,-380.64,-11.65,16.29,-375.99999999999994
2018-04-26,6.5,12.45,63.06,82.01
2018-04-27,0.0,-9.29,-18.92,-28.21
2018-04-30,0.0,0.0,0.0,0.0
2018-05-01,0.0,-28.95,-82.83,-111.78
2018-05-02,0.0,-25.7,-23.88,-49.58
2018-05-03,0.0,-46.55,-119.27,-165.82
2018-05-04,651.82,-48.36,-106.74,496.72
2018-05-07,2.16,0.0,0.0,2.16
2018-05-08,0.0,-14.52,-27.4,-41.92
2018-05-09,0.0,6.84,68.01,74.85000000000001
2018-05-10,0.0,10.58,50.61,61.19
2018-05-11,0.0,-0.75,13.01,12.26
2018-05-14,0.0,0.0,0.0,0.0
2018-05-15,-89.68,-42.94,-116.25,-248.87
2018-05-16,0.0,8.29,-14.88,-6.590000000000002
2018-05-17,0.0,1.49,-13.91,-12.42
2018-05-18,0.0,16.33,-67.79,-51.46000000000001
2018-05-21,0.0,0.0,0.0,0.0
2018-05-22,0.0,17.67,36.81,54.480000000000004
2018-05-23,0.0,-33.38,-128.81,-162.19
2018-05-24,-143.56,-9.63,-53.64,-206.82999999999998
2018-05-25,-71.31,-25.92,-51.02,-148.25
2018-05-29,0.0,0.0,0.0,0.0
2018-05-30,-93.5,55.7,158.7,120.89999999999999
2018-05-31,-204.27,-0.73,-70.85,-275.85
2018-06-01,264.44,84.1,175.18,523.72
2018-06-04,13.02,0.0,0.0,13.02
2018-06-05,0.0,-15.3,-8.34,-23.64
2018-06-06,0.0,-5.07,96.39,91.32
2018-06-07,46.86,7.91,58.52,113.28999999999999
2018-06-08,0.0,-0.72,-55.56,-56.28
2018-06-11,-68.25,0.0,0.0,-68.25
2018-06-12,-162.84,5.04,26.32,-131.48000000000002
2018-06-13,-56.68,13.61,5.45,-37.62
2018-06-14,-153.94,37.38,84.81,-31.75
2018-06-15,0.0,-45.77,-161.54,-207.31
2018-06-18,0.0,0.0,0.0,0.0
2018-06-19,0.0,-78.99,-296.52,-375.51
2018-06-20,-111.92,51.93,95.95,35.96
2018-06-21,-131.54,-5.65,-66.24,-203.43
2018-06-22,-16.96,42.76,125.1,150.89999999999998
2018-06-25,263.53,0.0,0.0,263.53
2018-06-26,0.0,5.09,40.79,45.879999999999995
2018-06-27,50.2,3.61,51.17,104.98
2018-06-28,-375.12,-16.16,-65.82,-457.1
2018-06-29,-103.48,27.82,130.16,54.5
2018-07-02,0.0,0.0,0.0,0.0
2018-07-03,171.52,-18.19,105.1,258.43
2018-07-05,0.0,60.37,150.94,211.31
2018-07-06,378.27,5.75,-27.38,356.64
2018-07-09,0.0,0.0,0.0,0.0
2018-07-10,0.0,15.59,58.46,74.05
2018-07-11,0.0,-66.23,-183.65,-249.88
2018-07-12,282.4,60.29,177.76,520.45
2018-07-13,0.0,-6.43,-9.23,-15.66
2018-07-16,0.0,0.0,0.0,0.0
2018-07-17,-24.53,-5.76,-15.6,-45.89
2018-07-18,0.0,-15.76,7.32,-8.44
2018-07-19,0.0,-20.0,-78.47,-98.47
2018-07-20,0.0,-28.37,-96.28,-124.65
2018-07-23,0.0,0.0,0.0,0.0
2018-07-24,0.0,48.36,86.38,134.74
2018-07-25,363.36,-0.72,-63.83,298.81
2018-07-26,0.0,10.75,45.28,56.03
2018-07-27,315.78,4.99,-4.51,316.26
2018-07-30,162.68,0.0,0.0,162.68
2018-07-31,-10.08,19.0,68.21,77.13
2018-08-01,-57.35,-19.53,-11.77,-88.64999999999999
2018-08-02,228.48,-63.69,-156.28,8.509999999999991
2018-08-03,0.0,5.75,-10.9,-5.15
2018-08-06,0.0,0.0,0.0,0.0
2018-08-07,0.0,34.41,94.75,129.16
2018-08-08,0.0,-4.29,-19.75,-24.04
2018-08-09,0.0,0.0,4.5,4.5
2018-08-10,0.0,-72.84,-137.9,-210.74
2018-08-13,-191.4,0.0,0.0,-191.4
2018-08-14,0.0,18.73,58.39,77.12
2018-08-15,51.52,-42.08,-128.08,-118.64000000000001
2018-08-16,0.0,50.56,223.71,274.27
2018-08-17,-140.28,-12.17,-70.99,-223.44
2018-08-20,-93.8,0.0,0.0,-93.8
2018-08-21,-56.7,19.9,39.31,2.509999999999998
2018-08-22,-63.88,-14.76,-16.93,-95.57
2018-08-23,-101.84,-11.21,-37.56,-150.61
2018-08-24,28.4,28.82,58.28,115.5
2018-08-27,-1.36,0.0,0.0,-1.36
2018-08-28,0.0,16.06,67.1,83.16
2018-08-29,218.96,2.44,13.23,234.63
2018-08-30,-54.72,-27.82,-58.96,-141.5
2018-08-31,0.0,-32.02,-37.15,-69.17
2018-09-04,-248.88,0.0,0.0,-248.88
2018-09-05,285.82,-13.93,-51.35,220.54
2018-09-06,125.32,17.45,11.5,154.26999999999998
2018-09-07,0.0,-34.45,-85.7,-120.15
2018-09-10,0.0,0.0,0.0,0.0
2018-09-11,-65.67,-21.77,-79.93,-167.37
2018-09-12,-273.2,-21.05,6.19,-288.06
2018-09-13,0.0,41.49,97.64,139.13
2018-09-14,0.0,7.03,14.93,21.96
2018-09-17,219.87,0.0,0.0,219.87
2018-09-18,13.52,17.7,18.51,49.730000000000004
2018-09-19,2.28,-1.41,14.87,15.739999999999998
2018-09-20,0.0,46.68,132.2,178.88
2018-09-21,0.0,32.23,43.93,76.16
2018-09-24,0.0,0.0,0.0,0.0
2018-09-25,0.0,17.67,47.65,65.32
2018-09-26,-218.32,-10.58,1.74,-227.16
2018-09-27,-16.2,22.86,39.24,45.900000000000006
2018-09-28,0.0,-42.85,-62.67,-105.52000000000001
2018-10-01,0.0,0.0,0.0,0.0
2018-10-02,-43.32,-10.1,-36.25,-89.67
2018-10-03,0.0,40.83,97.98,138.81
2018-10-04,428.26,-44.81,-39.46,343.99
2018-10-05,-39.88,0.0,11.23,-28.650000000000002
2018-10-08,-55.64,0.0,0.0,-55.64
2018-10-09,-383.54,-22.98,-44.29,-450.81000000000006
2018-10-10,682.4,-32.75,-21.76,627.89
2018-10-11,-194.88,-70.46,-130.19,-395.53
2018-10-12,0.0,148.97,356.82,505.78999999999996
2018-10-15,-186.84,0.0,0.0,-186.84
2018-10-16,236.7,75.45,199.56,511.71
2018-10-17,-103.32,-34.0,-86.52,-223.83999999999997
2018-10-18,110.75,-52.38,-83.23,-24.860000000000007
2018-10-19,-107.64,25.53,35.34,-46.769999999999996
2018-10-22,0.0,0.0,0.0,0.0
2018-10-23,-14.56,-168.58,-369.88,-553.02
2018-10-24,828.3,-26.89,51.15,852.56
2018-10-25,148.16,60.85,146.01,355.02
2018-10-26,0.0,-127.97,-225.58,-353.55
2018-10-29,139.91,0.0,0.0,139.91
2018-10-30,-79.04,3.27,-0.94,-76.71000000000001
2018-10-31,-16.92,124.27,209.05,316.4
2018-11-01,-25.92,47.92,95.27,117.27
2018-11-02,11.48,43.0,151.41,205.89
2018-11-05,40.28,0.0,0.0,40.28
2018-11-06,-192.24,-23.39,-0.9,-216.53
2018-11-07,98.28,51.21,188.5,337.99
2018-11-08,0.0,-58.72,-16.22,-74.94
2018-11-09,-38.42,-81.01,-88.62,-208.05
2018-11-12,258.24,0.0,0.0,258.24
2018-11-13,0.0,36.53,-41.61,-5.079999999999998
2018-11-14,0.0,96.43,163.51,259.94
2018-11-15,2.88,-81.89,-92.48,-171.49
2018-11-16,0.0,-84.67,-149.76,-234.43
2018-11-19,558.3,0.0,0.0,558.3
2018-11-20,0.0,-135.4,-343.98,-479.38
2018-11-21,0.0,53.39,119.45,172.84
2018-11-23,0.0,-98.91,-137.24,-236.15
2018-11-26,-54.8,0.0,0.0,-54.8
2018-11-27,0.0,-55.26,-117.61,-172.87
2018-11-28,165.7,43.6,146.82,356.12
2018-11-29,0.0,-57.52,-19.03,-76.55000000000001
2018-11-30,0.0,-33.98,-49.88,-83.86
2018-12-03,0.0,0.0,0.0,0.0
2018-12-04,290.64,-34.25,-91.59,164.79999999999998
2018-12-06,0.0,-177.24,-416.23,-593.47
2018-12-07,601.56,-3.26,-19.33,578.9699999999999
2018-12-10,0.0,0.0,0.0,0.0
2018-12-11,0.0,163.7,349.1,512.8
2018-12-12,-22.58,117.95,291.9,387.27
2018-12-13,0.0,29.82,49.58,79.4
2018-12-14,-43.65,-93.27,-220.3,-357.22
2018-12-17,-43.4,0.0,0.0,-43.4
2018-12-18,-33.18,105.97,174.97,247.76
2018-12-19,-163.14,-4.39,17.44,-150.08999999999997
2018-12-20,-88.52,-42.07,-117.09,-247.68
2018-12-21,407.16,47.34,-5.02,449.48
2018-12-24,-99.74,0.0,0.0,-99.74
2018-12-26,480.78,81.34,225.73,787.85
2018-12-27,-26.8,-157.31,-322.8,-506.91
2018-12-28,-189.6,3.63,129.22,-56.75
2018-12-31,0.0,0.0,0.0,0.0
2019-01-02,0.0,-163.04,-386.57,-549.61
2019-01-03,-121.7,-76.59,-213.85,-412.14
2019-01-04,280.2,147.9,313.25,741.35
2019-01-07,14.64,0.0,0.0,14.64
2019-01-08,0.0,95.38,252.16,347.53999999999996
2019-01-09,0.0,38.94,97.83,136.76999999999998
2019-01-10,0.0,-77.24,-120.36,-197.6
2019-01-11,0.0,-56.8,-114.98,-171.78
2019-01-14,0.0,0.0,0.0,0.0
2019-01-15,-24.78,25.3,-12.51,-11.99
2019-01-16,-95.68,6.69,64.03,-24.960000000000008
2019-01-17,0.0,-47.32,-91.22,-138.54
2019-01-18,0.0,55.11,176.45,231.56
2019-01-22,107.2,0.0,0.0,107.2
2019-01-23,0.0,25.66,188.43,214.09
2019-01-24,0.0,-17.42,-29.01,-46.43000000000001
2019-01-25,0.0,86.58,180.81,267.39
2019-01-28,-98.3,0.0,0.0,-98.3
2019-01-29,-88.9,9.01,9.38,-70.51
2019-01-30,12.32,58.26,245.21,315.79
2019-01-31,134.33,-20.29,-111.26,2.7800000000000153
2019-02-01,0.0,24.16,54.27,78.43
2019-02-04,317.44,0.0,0.0,317.44
2019-02-05,3.24,-0.79,92.07,94.52
2019-02-06,-187.92,-12.7,-35.32,-235.93999999999997
2019-02-07,27.56,-85.06,-138.6,-196.1
2019-02-08,0.0,-59.3,-133.29,-192.58999999999997
2019-02-11,0.0,0.0,0.0,0.0
2019-02-12,165.4,59.55,171.46,396.40999999999997
2019-02-13,0.0,29.8,84.93,114.73
2019-02-14,0.0,-71.94,-108.83,-180.76999999999998
2019-02-15,0.0,73.34,102.82,176.16
2019-02-19,0.0,0.0,0.0,0.0
2019-02-20,0.0,-5.36,-4.44,-9.8
2019-02-21,-10.64,-25.92,-54.06,-90.62
2019-02-22,-47.89,31.37,67.63,51.11
2019-02-25,0.0,0.0,0.0,0.0
2019-02-26,0.0,-18.96,-87.27,-106.22999999999999
2019-02-27,-153.95,-46.61,-65.32,-265.88
2019-02-28,0.0,-23.64,-5.31,-28.95
2019-03-01,0.0,88.8,164.11,252.91000000000003
2019-03-04,-144.16,0.0,0.0,-144.16
2019-03-05,-188.34,3.06,-15.13,-200.41
2019-03-06,90.68,-10.76,3.56,83.48
2019-03-07,93.72,-5.49,-48.34,39.89
2019-03-08,0.0,-71.98,-179.6,-251.57999999999998
2019-03-11,423.02,0.0,0.0,423.02
2019-03-12,-117.32,7.78,-45.69,-155.23
2019-03-13,-45.68,38.86,82.69,75.87
2019-03-14,0.0,-11.61,-7.15,-18.759999999999998
2019-03-15,-44.61,10.11,-0.89,-35.39
2019-03-18,-19.14,0.0,0.0,-19.14
2019-03-19,0.0,50.07,97.68,147.75
2019-03-20,-188.58,-37.16,-42.64,-268.38
2019-03-21,520.5,-49.31,-88.48,382.71
2019-03-22,86.08,-88.85,-149.74,-152.51
2019-03-25,-43.56,0.0,0.0,-43.56
2019-03-26,-85.2,90.22,174.02,179.04000000000002
2019-03-27,-141.6,-16.59,11.66,-146.53
2019-03-28,0.0,35.69,67.35,103.03999999999999
2019-03-29,0.0,78.61,133.32,211.93
2019-04-01,0.0,0.0,0.0,0.0
2019-04-02,0.0,3.1,-39.44,-36.339999999999996
2019-04-03,2.04,101.82,77.35,181.20999999999998
2019-04-04,0.0,3.87,14.92,18.79
2019-04-05,0.0,24.62,64.51,89.13000000000001
2019-04-08,0.0,0.0,0.0,0.0
2019-04-09,0.0,-54.98,-110.04,-165.02
2019-04-10,0.0,15.46,21.1,36.56
2019-04-11,-38.61,10.68,33.41,5.479999999999997
2019-04-12,0.0,72.54,211.48,284.02
2019-04-15,-253.72,0.0,0.0,-253.72
2019-04-16,0.0,39.71,123.79,163.5
2019-04-17,0.0,39.61,46.08,85.69
2019-04-18,-190.92,0.77,34.78,-155.36999999999998
2019-04-22,-24.48,-31.6,-89.2,-145.28
2019-04-23,361.23,6.96,30.37,398.56
2019-04-24,0.0,-1.52,-10.36,-11.879999999999999
2019-04-25,0.0,-60.72,-166.9,-227.62
2019-04-26,-347.13,10.72,-17.39,-353.79999999999995
2019-04-29,-60.52,0.0,0.0,-60.52
2019-04-30,-12.45,1.51,45.92,34.980000000000004
2019-05-01,0.0,28.05,59.72,87.77
2019-05-02,-15.36,-13.01,-41.78,-70.15
2019-05-03,75.3,55.6,114.57,245.47
2019-05-06,0.0,0.0,0.0,0.0
2019-05-07,79.42,-110.48,-207.95,-239.01
2019-05-08,0.0,-25.13,-21.26,-46.39
2019-05-09,-23.14,-99.12,-175.36,-297.62
2019-05-10,-87.97,-51.46,-85.42,-224.85000000000002
2019-05-13,-48.96,0.0,0.0,-48.96
2019-05-14,-37.08,19.78,67.11,49.81
2019-05-15,186.3,-97.65,-144.79,-56.139999999999986
2019-05-16,-44.28,29.59,85.93,71.24000000000001
2019-05-17,0.0,-101.36,-253.79,-355.15
2019-05-20,0.0,0.0,0.0,0.0
2019-05-21,0.0,61.26,131.73,192.98999999999998
2019-05-22,0.0,-56.91,-73.79,-130.7
2019-05-23,-19.68,-117.23,-212.43,-349.34000000000003
2019-05-24,0.0,68.23,111.87,180.10000000000002
2019-05-28,-189.12,0.0,0.0,-189.12
2019-05-29,0.0,-68.95,-132.46,-201.41000000000003
2019-05-30,-29.5,29.12,34.77,34.39
2019-05-31,0.0,-149.21,-231.01,-380.22
2019-06-03,-238.76,0.0,0.0,-238.76
2019-06-04,206.64,124.62,209.23,540.49
2019-06-05,0.0,43.15,145.12,188.27
2019-06-06,0.0,-7.19,29.68,22.49
2019-06-07,210.33,36.84,66.94,314.11
2019-06-10,1.12,0.0,0.0,1.12
2019-06-11,0.0,84.59,143.64,228.23
2019-06-12,0.0,-13.48,-13.49,-26.97
2019-06-13,0.0,65.77,73.29,139.06
2019-06-14,0.0,-18.03,-34.29,-52.32
2019-06-17,-69.36,0.0,0.0,-69.36
2019-06-18,-48.18,74.07,133.6,159.48999999999998
2019-06-19,0.0,13.25,11.27,24.52
2019-06-20,0.0,113.36,213.06,326.42
2019-06-21,0.0,-18.54,-68.64,-87.18
2019-06-24,0.0,0.0,0.0,0.0
2019-06-25,499.17,17.36,12.91,529.4399999999999
2019-06-26,-73.28,38.1,61.53,26.35
2019-06-27,0.0,26.25,10.4,36.65
2019-06-28,0.0,14.05,70.28,84.33
2019-07-01,0.0,0.0,0.0,0.0
2019-07-02,0.0,-12.3,-23.25,-35.55
2019-07-03,100.62,27.06,48.1,175.78
2019-07-05,0.32,-69.07,-66.66,-135.41
2019-07-08,-98.44,0.0,0.0,-98.44
2019-07-09,-47.9,-58.74,-123.52,-230.16
2019-07-10,-158.27,58.69,76.4,-23.180000000000007
2019-07-11,0.0,11.56,81.32,92.88
2019-07-12,-23.52,14.72,60.27,51.470000000000006
2019-07-15,0.0,0.0,0.0,0.0
2019-07-16,-155.16,-14.68,-4.2,-174.04
2019-07-17,0.0,-7.73,-8.41,-16.14
2019-07-18,-85.6,-12.45,-49.01,-147.06
2019-07-19,58.76,13.18,71.8,143.74
2019-07-22,10.92,0.0,0.0,10.92
2019-07-23,0.0,42.94,89.73,132.67000000000002
2019-07-24,0.0,-36.45,-102.2,-138.65
2019-07-25,34.02,-11.44,-16.03,6.550000000000004
2019-07-26,-80.3,13.9,13.98,-52.41999999999999
2019-07-29,-188.4,0.0,0.0,-188.4
2019-07-30,0.0,-88.36,-89.59,-177.95
2019-07-31,0.0,-8.36,28.76,20.400000000000002
2019-08-01,-210.58,20.69,23.13,-166.76000000000002
2019-08-02,121.8,-79.32,-53.65,-11.169999999999995
2019-08-05,145.39,0.0,0.0,145.39
2019-08-06,-41.22,68.92,120.74,148.44
2019-08-07,0.0,-121.29,-283.61,-404.90000000000003
2019-08-08,246.41,60.26,112.31,418.98
2019-08-09,-165.48,-40.9,-60.96,-267.34
2019-08-12,0.0,0.0,0.0,0.0
2019-08-13,-380.52,-31.47,-6.64,-418.63
2019-08-14,52.92,-193.18,-360.92,-501.18
2019-08-15,0.0,38.6,90.12,128.72
2019-08-16,-78.84,42.04,82.53,45.73
2019-08-19,0.0,0.0,0.0,0.0
2019-08-20,0.0,-24.77,-32.56,-57.33
2019-08-21,0.0,114.24,191.34,305.58
2019-08-22,-141.12,19.15,55.29,-66.68
2019-08-23,264.2,-67.19,-120.01,76.99999999999999
2019-08-26,0.0,0.0,0.0,0.0
2019-08-27,0.0,70.17,121.61,191.78
2019-08-28,0.0,-28.16,-70.49,-98.64999999999999
2019-08-29,-26.18,125.27,219.02,318.11
2019-08-30,-48.96,57.13,126.43,134.60000000000002
2019-09-03,0.0,0.0,0.0,0.0
2019-09-04,0.0,105.53,179.43,284.96000000000004
2019-09-05,20.01,155.77,242.27,418.05
2019-09-06,0.0,6.38,30.07,36.45
2019-09-09,-83.72,0.0,0.0,-83.72
2019-09-10,-197.89,-22.12,-33.37,-253.38
2019-09-11,61.48,49.14,22.2,132.82
2019-09-12,-196.74,11.47,76.19,-109.08000000000001
2019-09-13,0.0,60.37,59.13,119.5
2019-09-16,0.0,0.0,0.0,0.0
2019-09-17,0.0,-44.83,-56.82,-101.65
2019-09-18,-277.36,-2.29,-31.34,-310.99
2019-09-19,-193.72,21.47,32.13,-140.12
2019-09-20,356.16,-11.56,-2.54,342.06
2019-09-23,0.0,0.0,0.0,0.0
2019-09-24,270.4,-17.77,84.52,337.15
2019-09-25,-218.47,-16.53,29.18,-205.82
2019-09-26,-279.66,-14.8,29.86,-264.6
2019-09-27,157.92,27.55,55.6,241.07
2019-09-30,31.92,0.0,0.0,31.92
2019-10-01,-263.51,53.91,55.56,-154.04
2019-10-02,171.38,-70.33,-135.1,-34.05
2019-10-03,-280.8,-48.89,-39.69,-369.38
2019-10-04,-38.88,12.99,71.1,45.209999999999994
2019-10-07,0.0,0.0,0.0,0.0
2019-10-08,-104.8,-124.89,-190.24,-419.93
2019-10-09,0.0,84.37,158.58,242.95000000000002
2019-10-10,-82.56,12.23,-23.57,-93.9
2019-10-11,-16.94,160.8,230.8,374.66
2019-10-14,0.0,0.0,0.0,0.0
2019-10-15,156.4,32.86,104.19,293.45
2019-10-16,0.0,-26.94,-42.55,-69.49
2019-10-17,0.0,52.24,45.98,98.22
2019-10-18,-110.08,-36.78,-74.85,-221.71
2019-10-21,0.0,0.0,0.0,0.0
2019-10-22,0.0,3.11,11.15,14.26
2019-10-23,0.0,8.56,20.61,29.17
2019-10-24,0.0,37.3,61.73,99.03
2019-10-25,67.8,-25.68,-27.46,14.659999999999997
2019-10-28,-40.13,0.0,0.0,-40.13
2019-10-29,0.0,-29.16,-33.97,-63.129999999999995
2019-10-30,0.0,-10.71,-5.09,-15.8
2019-10-31,0.0,-23.79,-23.69,-47.480000000000004
2019-11-01,-22.42,71.02,118.21,166.81
2019-11-04,0.0,0.0,0.0,0.0
2019-11-05,0.0,33.22,41.05,74.27
2019-11-06,-114.16,-14.33,11.72,-116.77000000000001
2019-11-07,-54.96,110.71,142.84,198.59
2019-11-08,0.0,-34.78,3.32,-31.46
2019-11-11,0.0,0.0,0.0,0.0
2019-11-12,-35.61,9.83,16.59,-9.190000000000001
2019-11-13,0.0,-83.87,-79.63,-163.5
2019-11-14,0.0,-25.79,-19.85,-45.64
2019-11-15,0.0,78.14,47.11,125.25
2019-11-18,-277.54,0.0,0.0,-277.54
2019-11-19,0.0,43.15,41.03,84.18
2019-11-20,-18.98,-49.01,-60.11,-128.1
2019-11-21,-156.88,12.1,5.79,-138.99
2019-11-22,-32.4,38.03,48.86,54.49
2019-11-25,95.42,0.0,0.0,95.42
2019-11-26,0.0,7.43,13.1,20.53
2019-11-27,40.71,43.78,15.53,100.02000000000001
2019-11-29,0.0,-33.9,-53.84,-87.74000000000001
2019-12-02,171.12,0.0,0.0,171.12
2019-12-03,0.0,-104.88,-242.12,-347.0
2019-12-04,0.0,52.59,125.23,177.82
2019-12-05,0.0,43.27,63.92,107.19
2019-12-06,6.3,118.54,169.99,294.83000000000004
2019-12-09,-45.76,0.0,0.0,-45.76
2019-12-10,0.0,-11.08,-15.62,-26.7
2019-12-11,0.0,15.49,-32.92,-17.43
2019-12-12,-382.08,8.12,-20.55,-394.51
2019-12-13,-235.0,-26.34,-6.53,-267.86999999999995
2019-12-16,-22.49,0.0,0.0,-22.49
2019-12-17,0.0,15.38,3.25,18.630000000000003
2019-12-18,0.0,26.23,28.4,54.629999999999995
2019-12-19,54.6,10.9,30.86,96.36
2019-12-20,0.0,30.42,20.21,50.63
2019-12-23,0.0,0.0,0.0,0.0
2019-12-24,0.0,5.05,17.73,22.78
2019-12-26,116.64,11.52,7.26,135.42
2019-12-27,0.0,25.19,53.86,79.05
2019-12-30,-379.54,0.0,0.0,-379.54
2019-12-31,0.0,-35.52,-55.77,-91.29
2020-01-02,-111.19,68.06,101.63,58.5
2020-01-03,0.0,-151.28,-267.73,-419.01
2020-01-06,49.44,0.0,0.0,49.44
2020-01-07,0.0,-45.71,-59.3,-105.00999999999999
2020-01-08,243.6,-4.37,-37.83,201.39999999999998
2020-01-09,0.0,46.42,117.62,164.04000000000002
2020-01-10,0.0,-5.07,26.21,21.14
2020-01-13,62.64,0.0,0.0,62.64
2020-01-14,-161.69,-63.62,-23.07,-248.38
2020-01-15,-42.92,-36.37,-26.23,-105.52
2020-01-16,0.0,83.16,97.43,180.59
2020-01-17,0.0,46.7,40.04,86.74000000000001
2020-01-21,0.0,0.0,0.0,0.0
2020-01-22,-35.72,35.07,42.55,41.9
2020-01-23,0.0,-35.09,-89.05,-124.14
2020-01-24,-0.14,30.08,73.36,103.3
2020-01-27,0.0,0.0,0.0,0.0
2020-01-28,192.32,68.24,74.18,334.74
2020-01-29,0.0,10.91,140.12,151.03
2020-01-30,-157.28,-87.82,-134.47,-379.57
2020-01-31,343.33,-51.95,-130.71,160.67
2020-02-03,-33.66,0.0,0.0,-33.66
2020-02-04,64.54,142.65,297.24,504.43
2020-02-05,0.0,122.35,211.57,333.91999999999996
2020-02-06,-40.56,40.17,85.59,85.2
2020-02-07,0.0,-51.03,-82.98,-134.01
2020-02-10,140.26,0.0,0.0,140.26
2020-02-11,0.0,62.21,105.98,168.19
2020-02-12,0.0,70.42,125.61,196.03
2020-02-13,0.0,-66.38,-108.88,-175.26
2020-02-14,0.0,7.12,13.26,20.38
2020-02-18,0.0,0.0,0.0,0.0
2020-02-19,0.0,40.1,58.88,98.98
2020-02-20,-56.98,-38.48,-46.14,-141.6
2020-02-21,192.3,-51.88,-157.9,-17.47999999999999
2020-02-24,0.0,0.0,0.0,0.0
2020-02-25,620.64,35.56,98.72,754.9200000000001
2020-02-26,-192.92,44.49,98.52,-49.90999999999998
2020-02-27,-103.4,-256.9,-407.77,-768.0699999999999
2020-02-28,0.0,-344.48,-622.66,-967.14
2020-03-02,-81.06,0.0,0.0,-81.06
2020-03-03,-386.16,-9.53,48.2,-347.49
2020-03-04,-35.12,179.97,538.31,683.16
2020-03-05,0.0,-271.89,-578.69,-850.58
2020-03-06,0.0,-377.18,-699.53,-1076.71
2020-03-09,0.0,0.0,0.0,0.0
2020-03-10,0.0,382.81,836.75,1219.56
2020-03-11,49.86,-319.49,-635.55,-905.18
2020-03-12,0.0,-878.41,-1572.15,-2450.56
2020-03-13,0.0,694.73,1380.37,2075.1
2020-03-16,0.0,0.0,0.0,0.0
2020-03-17,68.46,184.64,513.48,766.5799999999999
2020-03-18,-102.54,-646.92,-1565.29,-2314.75
2020-03-19,-307.59,-147.54,-194.32,-649.45
2020-03-20,0.0,252.95,220.48,473.42999999999995
2020-03-23,-110.9,0.0,0.0,-110.9
2020-03-24,0.0,664.5,1279.29,1943.79
2020-03-25,-14.28,27.47,394.46,407.65
2020-03-26,274.92,159.21,275.75,709.88
2020-03-27,0.0,-481.42,-757.5,-1238.92
2020-03-30,8.16,0.0,0.0,8.16
2020-03-31,0.0,-58.36,-146.25,-204.61
2020-04-01,0.0,-609.04,-904.31,-1513.35
2020-04-02,-126.48,-106.86,-119.74,-353.08
2020-04-03,-6.51,-138.07,-137.58,-282.15999999999997
2020-04-06,-7.14,0.0,0.0,-7.14
2020-04-07,0.0,447.42,915.57,1362.99
2020-04-08,0.0,187.99,252.71,440.70000000000005
2020-04-09,0.0,373.59,342.57,716.16
2020-04-13,0.0,-90.19,-82.4,-172.59
2020-04-14,-5.91,330.53,446.11,770.73
2020-04-15,0.0,-499.74,-497.18,-996.9200000000001
2020-04-16,-122.65,23.42,51.84,-47.39
2020-04-17,0.0,500.58,609.87,1110.45
2020-04-20,0.0,0.0,0.0,0.0
2020-04-21,434.2,-321.35,-495.01,-382.16
2020-04-22,0.0,258.93,411.55,670.48
2020-04-23,13.92,75.42,75.45,164.79000000000002
2020-04-24,-192.24,95.63,136.92,40.309999999999974
2020-04-27,0.0,0.0,0.0,0.0
2020-04-28,-93.65,344.67,350.77,601.79
2020-04-29,11.29,388.97,417.89,818.1500000000001
2020-04-30,0.0,-312.0,-205.39,-517.39
2020-05-01,-31.72,-298.26,-358.22,-688.2
2020-05-04,0.0,0.0,0.0,0.0
2020-05-05,-91.47,222.43,234.29,365.25
2020-05-06,0.0,78.66,141.55,220.21
2020-05-07,0.0,164.29,236.04,400.33
2020-05-08,0.0,243.7,307.9,551.5999999999999
2020-05-11,1.76,0.0,0.0,1.76
2020-05-12,0.0,52.87,117.59,170.46
2020-05-13,-155.8,-120.06,-102.43,-378.29
2020-05-14,-102.44,-268.98,-279.5,-650.9200000000001
2020-05-15,0.0,-129.49,-249.73,-379.22
2020-05-18,-8.96,0.0,0.0,-8.96
2020-05-19,42.4,-53.32,-36.49,-47.410000000000004
2020-05-20,0.63,231.43,307.77,539.8299999999999
2020-05-21,-21.83,1.79,-26.2,-46.239999999999995
2020-05-22,0.0,25.91,-10.33,15.58
2020-05-26,0.0,0.0,0.0,0.0
2020-05-27,-193.46,241.31,310.57,358.41999999999996
2020-05-28,-127.66,135.02,187.06,194.42000000000002
2020-05-29,0.0,-133.07,-105.77,-238.83999999999997
2020-06-01,0.0,0.0,0.0,0.0
2020-06-02,-28.34,67.6,114.44,153.7
2020-06-03,0.0,188.41,213.12,401.53
2020-06-04,0.0,-79.58,-79.51,-159.09
2020-06-05,154.96,520.13,611.31,1286.4
2020-06-08,0.0,0.0,0.0,0.0
2020-06-09,-27.48,-178.7,-254.71,-460.89
2020-06-10,-81.41,-27.14,-23.55,-132.1
2020-06-11,215.6,-496.7,-715.83,-996.9300000000001
2020-06-12,-65.92,449.92,627.74,1011.74
2020-06-15,-56.4,0.0,0.0,-56.4
2020-06-16,0.0,466.04,764.53,1230.57
2020-06-17,0.0,9.14,69.76,78.9
2020-06-18,0.0,-119.37,-165.98,-285.35
2020-06-19,0.0,216.6,241.05,457.65
2020-06-22,-38.5,0.0,0.0,-38.5
2020-06-23,-4.0,145.68,223.58,365.26
2020-06-24,491.76,-166.93,-207.53,117.29999999999998
2020-06-25,-191.52,-63.31,-121.92,-376.75
2020-06-26,851.46,-85.44,-158.16,607.86
2020-06-29,-189.5,0.0,0.0,-189.5
2020-06-30,803.92,-67.06,-90.72,646.1399999999999
2020-07-01,28.09,39.4,92.79,160.28
2020-07-02,-112.77,226.73,334.23,448.19
2020-07-06,73.64,240.97,322.98,637.59
2020-07-07,-13.26,-109.58,-168.8,-291.64
2020-07-08,-77.64,-10.22,46.15,-41.71
2020-07-09,0.0,-0.85,0.88,0.030000000000000027
2020-07-10,-186.84,0.0,-8.94,-195.78
2020-07-13,-59.35,0.0,0.0,-59.35
2020-07-14,0.0,-13.76,-48.44,-62.199999999999996
2020-07-15,-74.06,289.17,332.21,547.3199999999999
2020-07-16,0.0,-79.97,-152.24,-232.21
2020-07-17,-128.44,41.88,36.97,-49.59
2020-07-20,636.94,0.0,0.0,636.94
2020-07-21,-45.26,119.19,170.68,244.61
2020-07-22,-151.6,-79.44,-54.84,-285.88
2020-07-23,430.2,-21.05,-38.32,370.83
2020-07-24,-113.96,-87.62,-133.69,-335.27
2020-07-27,-110.72,0.0,0.0,-110.72
2020-07-28,-113.28,-51.2,-91.67,-256.15000000000003
2020-07-29,0.0,64.85,13.94,78.78999999999999
2020-07-30,0.0,-179.99,-263.36,-443.35
2020-07-31,0.0,-58.05,40.19,-17.86
2020-08-03,-25.8,0.0,0.0,-25.8
2020-08-04,0.0,-39.24,-38.81,-78.05000000000001
2020-08-05,0.0,115.35,135.39,250.73999999999998
2020-08-06,38.56,-3.12,-38.89,-3.4499999999999957
2020-08-07,41.58,-28.09,-65.49,-52.0
2020-08-10,32.68,0.0,0.0,32.68
2020-08-11,0.0,106.06,219.06,325.12
2020-08-12,208.2,134.63,216.56,559.39
2020-08-13,-84.64,-48.74,-78.02,-211.39999999999998
2020-08-14,-37.44,-77.07,-93.03,-207.54
2020-08-17,0.0,0.0,0.0,0.0
2020-08-18,0.0,-12.16,9.07,-3.09
2020-08-19,-189.6,36.06,29.75,-123.78999999999999
2020-08-20,201.2,-125.81,-122.67,-47.280000000000015
2020-08-21,-192.14,-50.84,-76.96,-319.94
2020-08-24,0.0,0.0,0.0,0.0
2020-08-25,0.0,38.39,68.21,106.6
2020-08-26,208.56,2.3,-1.63,209.23000000000002
2020-08-27,-96.46,50.96,82.78,37.28000000000001
2020-08-28,0.0,53.13,91.17,144.3
2020-08-31,40.59,0.0,0.0,40.59
2020-09-01,-84.56,-15.45,-47.73,-147.74
2020-09-02,-191.84,51.13,95.41,-45.30000000000001
2020-09-03,667.02,-28.02,-23.69,615.31
2020-09-04,-369.0,143.52,125.83,-99.64999999999999
2020-09-08,0.0,0.0,0.0,0.0
2020-09-09,-14.64,118.47,207.85,311.68
2020-09-10,-35.36,48.9,104.38,117.91999999999999
2020-09-11,-25.52,51.13,85.87,111.48
2020-09-14,-15.4,0.0,0.0,-15.4
2020-09-15,0.0,98.77,155.79,254.56
2020-09-16,0.0,50.84,77.06,127.9
2020-09-17,0.0,-175.13,-273.31,-448.44
2020-09-18,73.92,16.39,-52.64,37.67
2020-09-21,0.0,0.0,0.0,0.0
2020-09-22,0.0,46.2,19.49,65.69
2020-09-23,173.02,-57.15,111.28,227.15
2020-09-24,-28.32,-12.49,-67.04,-107.85000000000001
2020-09-25,4.87,-57.46,-116.68,-169.27
2020-09-28,0.0,0.0,0.0,0.0
2020-09-29,0.0,-24.78,-28.34,-53.120000000000005
2020-09-30,-183.36,40.98,46.94,-95.44000000000003
2020-10-01,0.0,73.67,145.01,218.68
2020-10-02,0.0,-222.35,-331.58,-553.93
2020-10-05,-32.24,0.0,0.0,-32.24
2020-10-06,0.0,106.19,88.26,194.45
2020-10-07,-10.4,146.3,211.2,347.1
2020-10-08,0.0,120.69,127.63,248.32
2020-10-09,-33.44,108.23,101.93,176.72000000000003
2020-10-12,58.48,0.0,0.0,58.48
2020-10-13,0.0,-99.61,-64.59,-164.2
2020-10-14,-53.06,19.91,30.47,-2.680000000000007
2020-10-15,0.0,-142.95,-259.66,-402.61
2020-10-16,0.0,27.27,93.6,120.86999999999999
2020-10-19,0.0,0.0,0.0,0.0
2020-10-20,-29.44,80.02,82.34,132.92000000000002
2020-10-21,-387.02,4.48,-39.82,-422.35999999999996
2020-10-22,-103.78,56.48,3.26,-44.040000000000006
2020-10-23,70.52,65.85,55.12,191.49
2020-10-26,86.24,0.0,0.0,86.24
2020-10-27,0.0,-14.29,-9.13,-23.42
2020-10-28,178.32,-272.29,-483.04,-577.01
2020-10-29,346.2,-48.51,-32.06,265.63
2020-10-30,376.83,-68.84,-133.75,174.24
2020-11-02,-65.4,0.0,0.0,-65.4
2020-11-03,47.88,197.9,291.32,537.1
2020-11-04,-16.44,-193.14,97.96,-111.61999999999999
2020-11-05,0.0,110.66,308.01,418.66999999999996
2020-11-06,-193.38,44.36,3.24,-145.77999999999997
2020-11-09,0.0,0.0,0.0,0.0
2020-11-10,-115.4,103.92,109.57,98.08999999999999
2020-11-11,106.34,40.31,121.06,267.71000000000004
2020-11-12,0.0,-92.42,-156.36,-248.78000000000003
2020-11-13,0.0,91.06,145.38,236.44
2020-11-16,0.0,0.0,0.0,0.0
2020-11-17,0.0,-109.44,-206.23,-315.66999999999996
2020-11-18,0.0,29.25,63.99,93.24000000000001
2020-11-19,0.0,-22.51,-63.96,-86.47
2020-11-20,0.0,-50.07,-89.55,-139.62
2020-11-23,-38.7,0.0,0.0,-38.7
2020-11-24,132.02,165.22,233.18,530.4200000000001
2020-11-25,0.0,-53.08,-39.81,-92.89
2020-11-27,-79.01,6.54,53.9,-18.57
2020-11-30,-65.28,0.0,0.0,-65.28
2020-12-01,-9.66,162.35,238.04,390.73
2020-12-02,0.0,-50.58,-107.12,-157.7
2020-12-03,-99.25,24.93,12.3,-62.019999999999996
2020-12-04,-250.56,67.19,51.36,-132.01
2020-12-07,-87.89,0.0,0.0,-87.89
2020-12-08,-196.58,-82.82,-88.6,-368.0
2020-12-09,709.8,74.21,73.06,857.0699999999999
2020-12-10,-119.3,-105.18,-74.15,-298.63
2020-12-11,-80.37,-84.07,-86.48,-250.92000000000002
2020-12-14,-262.64,0.0,0.0,-262.64
2020-12-15,0.0,113.07,136.87,249.94
2020-12-16,0.0,24.04,-7.6,16.439999999999998
2020-12-17,0.0,42.05,77.37,119.42
2020-12-18,49.72,11.0,-37.13,23.589999999999996
2020-12-21,-69.86,0.0,0.0,-69.86
2020-12-22,0.0,36.86,-21.32,15.54
2020-12-23,0.0,66.25,80.47,146.72
2020-12-24,-118.37,43.98,25.19,-49.20000000000002
2020-12-28,0.0,120.52,129.49,250.01
2020-12-29,0.0,19.97,103.64,123.61
2020-12-30,0.0,37.65,48.51,86.16
2020-12-31,0.0,4.89,-12.86,-7.97
2021-01-04,185.04,78.91,59.42,323.37
2021-01-05,-60.31,-26.67,-31.19,-118.17
2021-01-06,0.0,177.68,-13.62,164.06
2021-01-07,233.28,65.7,102.95,401.93
2021-01-08,0.0,62.25,54.08,116.33
2021-01-11,0.0,0.0,0.0,0.0
2021-01-12,-80.0,52.62,-4.45,-31.830000000000002
2021-01-13,-64.33,5.68,-10.36,-69.00999999999999
2021-01-14,0.0,82.95,66.63,149.57999999999998
2021-01-15,-190.12,-178.36,-153.54,-522.02
2021-01-19,26.52,0.0,0.0,26.52
2021-01-20,108.72,48.35,78.82,235.89
2021-01-21,0.0,15.95,13.28,29.229999999999997
2021-01-22,0.0,-120.23,-151.92,-272.15
2021-01-25,-41.86,0.0,0.0,-41.86
2021-01-26,0.0,83.25,60.9,144.15
2021-01-27,132.04,-217.15,-217.03,-302.14
2021-01-28,150.72,77.34,121.31,349.37
2021-01-29,-107.73,55.2,-169.04,-221.57
2021-02-01,146.82,0.0,0.0,146.82
2021-02-02,103.75,138.41,186.54,428.7
2021-02-03,-72.72,1.12,-60.71,-132.31
2021-02-04,0.0,43.68,41.92,85.6
2021-02-05,0.0,121.82,122.16,243.98
2021-02-08,0.0,0.0,0.0,0.0
2021-02-09,0.0,-11.09,-45.44,-56.53
2021-02-10,-15.17,75.11,87.18,147.12
2021-02-11,0.0,62.93,35.09,98.02000000000001
2021-02-12,0.0,-40.24,-32.89,-73.13
2021-02-16,0.0,0.0,0.0,0.0
2021-02-17,0.0,-115.32,-72.14,-187.45999999999998
2021-02-18,0.0,-97.98,-139.46,-237.44
2021-02-19,-66.24,101.74,0.73,36.23
2021-02-22,-59.88,0.0,0.0,-59.88
2021-02-23,-371.68,-151.77,-37.94,-561.3900000000001
2021-02-24,-144.88,41.12,-54.69,-158.45
2021-02-25,532.78,-17.44,12.55,527.8899999999999
2021-02-26,-222.72,51.61,25.63,-145.48000000000002
2021-03-01,80.1,0.0,0.0,80.1
2021-03-02,545.92,-21.22,6.56,531.2599999999999
2021-03-03,153.32,40.05,-22.69,170.68
2021-03-04,-179.04,-45.97,11.76,-213.25
2021-03-05,-57.44,200.28,207.95,350.78999999999996
2021-03-08,-144.89,0.0,0.0,-144.89
2021-03-09,56.76,196.31,79.49,332.56
2021-03-10,0.0,122.53,135.71,258.24
2021-03-11,8.54,119.33,93.18,221.05
2021-03-12,0.0,-11.89,23.33,11.439999999999998
2021-03-15,0.0,0.0,0.0,0.0
2021-03-16,33.74,-25.09,-16.72,-8.069999999999997
2021-03-17,0.0,-82.77,21.68,-61.089999999999996
2021-03-18,0.0,-85.71,-35.46,-121.16999999999999
2021-03-19,-23.04,-43.14,-92.87,-159.05
2021-03-22,142.56,0.0,0.0,142.56
2021-03-23,0.0,-115.06,-69.58,-184.64
2021-03-24,-44.28,148.66,80.19,184.57
2021-03-25,0.0,-161.25,-107.15,-268.4
2021-03-26,-138.42,121.81,94.48,77.87000000000002
2021-03-29,-89.44,0.0,0.0,-89.44
2021-03-30,0.0,-7.83,-46.46,-54.29
2021-03-31,170.28,58.33,-16.69,211.92000000000002
2021-04-01,0.0,77.67,39.71,117.38
2021-04-05,183.54,135.09,170.01,488.64
2021-04-06,-94.3,0.0,-39.11,-133.41
2021-04-07,0.0,-8.83,-15.13,-23.96
2021-04-08,0.0,63.1,-8.94,54.160000000000004
2021-04-09,0.0,-11.32,36.37,25.049999999999997
2021-04-12,0.0,0.0,0.0,0.0
2021-04-13,27.81,-16.78,-65.41,-54.379999999999995
2021-04-14,250.08,35.26,-3.41,281.93
2021-04-15,-23.76,90.79,86.54,153.57
2021-04-16,-190.12,57.78,87.16,-45.18000000000001
2021-04-19,16.38,0.0,0.0,16.38
2021-04-20,-11.16,-56.81,-96.51,-164.48000000000002
2021-04-21,-49.32,-21.53,-38.09,-108.94
2021-04-22,-37.62,35.58,-16.17,-18.21
2021-04-23,429.12,61.18,-28.57,461.73
2021-04-26,0.0,0.0,0.0,0.0
2021-04-27,-59.58,31.04,-23.68,-52.22
2021-04-28,0.0,-24.68,-44.67,-69.35
2021-04-29,0.0,100.66,95.15,195.81
2021-04-30,0.0,-126.27,-120.85,-247.12
2021-05-03,-91.38,0.0,0.0,-91.38
2021-05-04,76.56,-80.15,-79.56,-83.15
2021-05-05,0.0,49.43,47.82,97.25
2021-05-06,-231.66,9.17,34.26,-188.23000000000002
2021-05-07,-15.26,-9.16,-24.63,-49.05
2021-05-10,373.2,0.0,0.0,373.2
2021-05-11,0.0,-261.12,-185.19,-446.31
2021-05-12,-47.04,-110.65,-94.57,-252.26
2021-05-13,-127.35,78.15,15.06,-34.139999999999986
2021-05-14,97.1,117.9,125.67,340.67
2021-05-17,-27.9,0.0,0.0,-27.9
2021-05-18,0.0,-0.54,8.03,7.489999999999999
2021-05-19,0.0,-202.67,-238.02,-440.69
2021-05-20,217.98,13.21,12.87,244.06
2021-05-21,0.0,99.53,47.82,147.35
2021-05-24,127.54,0.0,0.0,127.54
2021-05-25,0.0,41.18,45.47,86.65
2021-05-26,0.0,43.78,22.79,66.57
2021-05-27,0.0,84.3,136.01,220.31
2021-05-28,0.0,70.71,120.83,191.54
2021-06-01,-68.64,0.0,0.0,-68.64
2021-06-02,0.0,35.23,49.19,84.41999999999999
2021-06-03,-35.84,-84.59,-117.68,-238.11
2021-06-04,183.2,54.05,65.8,303.05
2021-06-07,0.0,0.0,0.0,0.0
2021-06-08,0.0,34.88,3.98,38.86
2021-06-09,0.0,29.88,11.79,41.67
2021-06-10,-67.26,12.45,111.38,56.56999999999999
2021-06-11,0.0,49.19,62.66,111.85
2021-06-14,0.0,0.0,0.0,0.0
2021-06-15,131.24,1.04,2.0,134.28
2021-06-16,-184.56,-40.1,-6.03,-230.69
2021-06-17,528.08,-37.06,-16.88,474.14000000000004
2021-06-18,-77.44,-192.16,-296.09,-565.69
2021-06-21,-51.26,0.0,0.0,-51.26
2021-06-22,322.72,-34.91,-4.07,283.74000000000007
2021-06-23,-31.6,-6.31,0.0,-37.910000000000004
2021-06-24,-32.64,64.5,126.96,158.82
2021-06-25,0.0,16.56,106.92,123.48
2021-06-28,210.21,0.0,0.0,210.21
2021-06-29,0.0,38.53,73.79,112.32000000000001
2021-06-30,0.0,-40.81,-36.89,-77.7
2021-07-01,0.0,71.14,51.34,122.48
2021-07-02,-22.57,26.96,41.83,46.22
2021-07-06,0.0,0.0,0.0,0.0
2021-07-07,0.0,-21.25,-14.63,-35.88
2021-07-08,0.0,-242.9,-292.31,-535.21
2021-07-09,167.76,123.88,140.23,431.87
2021-07-12,0.0,0.0,0.0,0.0
2021-07-13,-49.84,-77.82,-38.11,-165.76999999999998
2021-07-14,0.0,70.14,71.16,141.3
2021-07-15,-385.56,-60.85,-108.58,-554.99
2021-07-16,-207.62,114.65,46.66,-46.31
2021-07-19,-59.84,0.0,0.0,-59.84
2021-07-20,307.06,18.13,27.75,352.94
2021-07-21,0.86,63.23,122.63,186.72
2021-07-22,77.34,-38.35,-18.5,20.490000000000002
2021-07-23,102.16,72.49,113.59,288.24
2021-07-26,0.0,0.0,0.0,0.0
2021-07-27,634.04,-68.65,-95.55,469.84
2021-07-28,-43.78,65.05,19.68,40.949999999999996
2021-07-29,64.98,99.4,102.7,267.08
2021-07-30,0.0,-49.59,-66.86,-116.45
2021-08-02,0.0,0.0,0.0,0.0
2021-08-03,-109.2,34.37,44.89,-29.940000000000012
2021-08-04,0.0,-101.57,-102.18,-203.75
2021-08-05,0.0,51.72,56.85,108.57
2021-08-06,0.0,84.81,61.66,146.47
2021-08-09,0.0,0.0,0.0,0.0
2021-08-10,-115.84,22.68,14.41,-78.75
2021-08-11,-36.72,18.86,74.33,56.47
2021-08-12,0.0,1.07,11.01,12.08
2021-08-13,0.0,-10.76,37.55,26.79
2021-08-16,19.76,0.0,0.0,19.76
2021-08-17,-135.1,-135.28,-174.14,-444.52
2021-08-18,0.0,-19.96,-81.25,-101.21000000000001
2021-08-19,-71.84,-120.81,-188.51,-381.15999999999997
2021-08-20,-7.48,5.66,-34.88,-36.7
2021-08-23,429.3,0.0,0.0,429.3
2021-08-24,0.0,33.87,36.44,70.31
2021-08-25,0.0,-3.79,-0.65,-4.44
2021-08-26,0.0,-28.03,22.73,-5.300000000000001
2021-08-27,113.04,15.8,26.77,155.61
2021-08-30,311.44,0.0,0.0,311.44
2021-08-31,-122.62,-16.5,-25.33,-164.45
2021-09-01,-2.34,44.61,22.1,64.37
2021-09-02,0.0,42.73,74.15,116.88
2021-09-03,0.0,-44.01,-86.19,-130.2
2021-09-07,0.0,0.0,0.0,0.0
2021-09-08,-202.58,-46.11,-45.15,-293.84
2021-09-09,0.0,-23.58,-15.74,-39.32
2021-09-10,0.0,64.31,121.79,186.10000000000002
2021-09-13,-124.39,0.0,0.0,-124.39
2021-09-14,0.0,41.99,68.47,110.46000000000001
2021-09-15,0.0,-9.81,-8.63,-18.44
2021-09-16,0.0,-12.96,-1.32,-14.280000000000001
2021-09-17,326.48,-34.02,-92.48,199.98000000000002
2021-09-20,-55.84,0.0,0.0,-55.84
2021-09-21,0.0,86.2,126.68,212.88
2021-09-22,-97.37,68.38,134.28,105.28999999999999
2021-09-23,87.04,69.54,151.08,307.66
2021-09-24,0.0,-104.07,-72.79,-176.86
2021-09-27,-116.77,0.0,0.0,-116.77
2021-09-28,216.1,-54.05,-87.74,74.31000000000002
2021-09-29,-70.18,50.43,59.68,39.92999999999999
2021-09-30,0.0,65.74,79.6,145.33999999999997
2021-10-01,-175.3,68.57,112.86,6.129999999999981
2021-10-04,463.2,0.0,0.0,463.2
2021-10-05,265.32,35.96,73.73,375.01
2021-10-06,0.0,-127.02,-182.3,-309.32
2021-10-07,11.2,87.31,176.41,274.92
2021-10-08,0.0,-1.07,14.55,13.48
2021-10-11,0.0,0.0,0.0,0.0
2021-10-12,0.0,25.6,31.33,56.93
2021-10-13,0.0,15.16,7.35,22.509999999999998
2021-10-14,-4.44,114.29,220.0,329.85
2021-10-15,0.0,112.13,162.71,274.84000000000003
2021-10-18,42.35,0.0,0.0,42.35
2021-10-19,0.0,44.25,75.04,119.29
2021-10-20,0.0,2.12,-3.89,-1.77
2021-10-21,0.0,-11.61,-46.51,-58.12
2021-10-22,-22.38,-11.05,-1.29,-34.72
2021-10-25,-34.08,0.0,0.0,-34.08
2021-10-26,-30.66,18.81,61.11,49.26
2021-10-27,-212.76,-41.59,32.81,-221.54
2021-10-28,-103.32,62.25,45.35,4.280000000000008
2021-10-29,0.0,-16.84,-45.06,-61.900000000000006
2021-11-01,0.0,0.0,0.0,0.0
2021-11-02,-238.08,18.46,14.73,-204.89000000000001
2021-11-03,0.0,-20.47,-45.92,-66.39
2021-11-04,240.76,39.72,-17.82,262.66
2021-11-05,0.0,130.29,98.01,228.3
2021-11-08,0.0,0.0,0.0,0.0
2021-11-09,-70.4,-33.63,-15.78,-119.81
2021-11-10,-60.9,-57.22,-53.81,-171.93
2021-11-11,0.0,43.98,4.46,48.44
2021-11-12,26.7,30.09,74.21,131.0
2021-11-15,-23.2,0.0,0.0,-23.2
2021-11-16,29.2,-42.75,32.47,18.919999999999998
2021-11-17,-185.99,-49.71,-32.41,-268.11
2021-11-18,-73.68,48.84,5.11,-19.730000000000004
2021-11-19,-160.8,-85.31,-102.39,-348.5
2021-11-22,-193.8,0.0,0.0,-193.8
2021-11-23,-16.8,-21.23,-1.29,-39.32
2021-11-24,0.0,-104.76,-131.67,-236.43
2021-11-26,269.65,-346.11,-497.85,-574.3100000000001
2021-11-29,-7.87,0.0,0.0,-7.87
2021-11-30,31.68,-113.68,-173.49,-255.49
2021-12-01,0.0,268.31,207.43,475.74
2021-12-02,-190.72,57.38,88.5,-44.84
2021-12-03,563.2,52.53,56.35,672.08
2021-12-06,-58.8,0.0,0.0,-58.8
2021-12-07,34.08,166.53,198.81,399.42
2021-12-08,0.0,25.7,23.79,49.489999999999995
2021-12-09,0.0,-93.59,-83.51,-177.10000000000002
2021-12-10,0.0,87.05,91.2,178.25
2021-12-13,102.2,0.0,0.0,102.2
2021-12-14,0.0,-89.94,-88.24,-178.18
2021-12-15,-77.76,-5.04,-21.31,-104.11000000000001
2021-12-16,595.97,86.25,88.2,770.4200000000001
2021-12-17,0.0,-58.54,-200.91,-259.45
2021-12-20,0.0,0.0,0.0,0.0
2021-12-21,1.26,115.4,189.65,306.31
2021-12-22,22.89,-18.7,0.0,4.190000000000001
2021-12-23,38.56,35.4,59.2,133.16000000000003
2021-12-27,225.76,11.35,40.96,278.07
2021-12-28,0.0,-24.62,5.7,-18.92
2021-12-29,0.0,-7.0,-7.58,-14.58
2021-12-30,0.0,-6.46,50.43,43.97
2021-12-31,0.0,-25.3,-33.49,-58.790000000000006
2022-01-03,0.0,0.0,0.0,0.0
2022-01-04,232.2,31.41,94.32,357.93
2022-01-05,128.56,-10.13,-15.63,102.80000000000001
2022-01-06,0.0,19.32,-3.16,16.16
2022-01-07,60.06,-4.66,-34.27,21.130000000000003
2022-01-10,-126.84,0.0,0.0,-126.84
2022-01-11,68.85,6.13,-8.92,66.05999999999999
2022-01-12,0.0,47.97,69.14,117.11
2022-01-13,94.52,45.57,75.4,215.49
2022-01-14,-196.92,-117.73,-193.57,-508.21999999999997
2022-01-18,0.0,0.0,0.0,0.0
2022-01-19,-187.88,54.85,61.74,-71.28999999999999
2022-01-20,-60.76,45.76,68.26,53.260000000000005
2022-01-21,-34.54,-63.35,-17.88,-115.77
2022-01-24,-81.12,0.0,0.0,-81.12
2022-01-25,-174.66,-204.47,-234.86,-613.99
2022-01-26,0.0,171.34,201.84,373.18
2022-01-27,-67.3,99.78,191.94,224.42000000000002
2022-01-28,-349.76,11.91,20.2,-317.65
2022-01-31,404.04,0.0,0.0,404.04
2022-02-01,0.0,29.23,41.28,70.51
2022-02-02,0.0,15.94,-13.0,2.9399999999999995
2022-02-03,0.0,-150.78,-80.75,-231.53
2022-02-04,83.52,-29.77,-43.25,10.5
2022-02-07,0.0,0.0,0.0,0.0
2022-02-08,-44.21,-4.81,45.88,-3.1400000000000006
2022-02-09,0.0,104.15,179.69,283.84000000000003
2022-02-10,0.0,-220.65,-189.05,-409.70000000000005
2022-02-11,341.28,5.31,-5.22,341.36999999999995
2022-02-14,-69.74,0.0,0.0,-69.74
2022-02-15,0.0,120.76,202.17,322.93
2022-02-16,-38.88,-48.33,-94.58,-181.79000000000002
2022-02-17,-76.12,-109.86,-155.19,-341.17
2022-02-18,-70.24,-17.29,-42.18,-129.71
2022-02-22,-169.22,0.0,0.0,-169.22
2022-02-23,123.28,92.12,152.0,367.4
2022-02-24,197.76,-295.39,-595.35,-692.98
2022-02-25,-256.72,27.24,89.27,-140.21000000000004
2022-02-28,0.0,0.0,0.0,0.0
2022-03-01,-37.52,-28.36,-129.53,-195.41
2022-03-02,-5.44,80.62,136.65,211.83
2022-03-03,-134.64,37.58,105.13,8.070000000000007
2022-03-04,-7.12,-128.43,-244.84,-380.39
2022-03-07,703.08,0.0,0.0,703.08
2022-03-08,-194.4,25.38,4.9,-164.12
2022-03-09,0.0,201.99,461.37,663.36
2022-03-10,-38.34,-173.76,-281.49,-493.59000000000003
2022-03-11,-21.24,48.62,127.38,154.76
2022-03-14,-24.86,0.0,0.0,-24.86
2022-03-15,-91.38,29.23,127.49,65.34
2022-03-16,87.6,110.96,198.38,396.94
2022-03-17,0.0,-70.72,-109.14,-179.86
2022-03-18,83.88,-60.81,-129.79,-106.72
2022-03-21,-80.64,0.0,0.0,-80.64
2022-03-22,459.2,43.22,107.85,610.27
2022-03-23,0.0,-75.21,-138.07,-213.27999999999997
2022-03-24,0.0,25.3,69.65,94.95
2022-03-25,-70.9,9.33,49.04,-12.530000000000008
2022-03-28,-278.8,0.0,0.0,-278.8
2022-03-29,0.0,101.25,205.97,307.22
2022-03-30,0.0,-24.37,-55.39,-79.76
2022-03-31,0.0,-28.33,-73.15,-101.48
2022-04-01,0.0,52.04,87.54,139.58
2022-04-04,230.58,0.0,0.0,230.58
2022-04-05,214.32,-8.65,-94.84,110.82999999999998
2022-04-06,-29.56,-108.72,-188.56,-326.84000000000003
2022-04-07,0.0,-8.39,-76.03,-84.42
2022-04-08,-177.26,-15.64,-18.61,-211.51
2022-04-11,-54.42,0.0,0.0,-54.42
2022-04-12,0.0,130.05,77.73,207.78000000000003
2022-04-13,395.2,29.21,-38.98,385.42999999999995
2022-04-14,570.01,5.37,52.53,627.91
2022-04-18,-69.86,-32.27,-39.4,-141.53
2022-04-19,485.28,10.32,7.35,502.95
2022-04-20,-137.72,79.73,122.52,64.53
2022-04-21,55.56,107.92,151.1,314.58000000000004
2022-04-22,123.26,-54.61,-97.88,-29.22999999999999
2022-04-25,0.0,0.0,0.0,0.0
2022-04-26,292.32,-102.71,-178.92,10.690000000000026
2022-04-27,-250.82,-1.92,106.59,-146.14999999999998
2022-04-28,27.06,139.93,144.99,311.98
2022-04-29,180.36,-55.45,-113.85,11.060000000000016
2022-05-02,-134.26,0.0,0.0,-134.26
2022-05-03,0.0,-1.28,23.64,22.36
2022-05-04,1.92,30.55,29.15,61.62
2022-05-05,336.88,-134.46,-193.1,9.319999999999993
2022-05-06,-175.4,-53.62,-180.35,-409.37
2022-05-09,-40.98,0.0,0.0,-40.98
2022-05-10,0.0,175.58,275.89,451.47
2022-05-11,6.88,6.86,-7.15,6.59
2022-05-12,0.0,-62.57,-143.67,-206.23999999999998
2022-05-13,3.68,150.66,172.3,326.64
2022-05-16,0.0,0.0,0.0,0.0
2022-05-17,0.0,210.53,279.96,490.49
2022-05-18,158.46,-158.81,-203.93,-204.28
2022-05-19,0.0,-95.99,-260.13,-356.12
2022-05-20,-68.72,128.44,113.08,172.8
2022-05-23,0.0,0.0,0.0,0.0
2022-05-24,16.48,-113.1,-165.91,-262.53
2022-05-25,-11.4,-51.25,-118.07,-180.72
2022-05-26,392.58,64.41,111.65,568.64
2022-05-27,6.96,65.03,39.45,111.44
2022-05-31,-37.62,0.0,0.0,-37.62
2022-06-01,0.0,60.88,147.63,208.51
2022-06-02,92.08,14.32,9.11,115.51
2022-06-03,0.0,-93.47,-205.25,-298.72
2022-06-06,0.0,0.0,0.0,0.0
2022-06-07,0.0,-104.1,-189.17,-293.27
2022-06-08,0.0,-62.23,-114.93,-177.16
2022-06-09,0.0,-96.37,-94.25,-190.62
2022-06-10,72.88,-205.81,-340.31,-473.24
2022-06-13,-23.34,0.0,0.0,-23.34
2022-06-14,0.0,30.32,63.19,93.50999999999999
2022-06-15,0.0,114.65,152.64,267.28999999999996
2022-06-16,-35.88,-284.16,-448.28,-768.3199999999999
2022-06-17,-287.12,36.6,-138.74,-389.26
2022-06-21,-36.4,0.0,0.0,-36.4
2022-06-22,-47.88,-159.84,-287.0,-494.72
2022-06-23,0.0,22.16,82.32,104.47999999999999
2022-06-24,195.72,91.83,183.72,471.27
2022-06-27,-143.04,0.0,0.0,-143.04
2022-06-28,262.92,73.03,115.59,451.5400000000001
2022-06-29,0.0,-3.48,71.36,67.88
2022-06-30,-133.67,-179.94,-249.23,-562.84
2022-07-01,0.0,-36.09,-44.82,-80.91
2022-07-05,0.0,0.0,0.0,0.0
2022-07-06,0.0,-32.62,16.33,-16.29
2022-07-07,200.16,86.72,151.13,438.01
2022-07-08,0.0,-43.72,-32.97,-76.69
2022-07-11,-132.47,0.0,0.0,-132.47
2022-07-12,0.0,-38.36,-92.21,-130.57
2022-07-13,0.0,-169.98,-287.1,-457.08000000000004
2022-07-14,13.32,-187.67,-381.18,-555.53
2022-07-15,0.0,130.14,328.02,458.15999999999997
2022-07-18,0.0,0.0,0.0,0.0
2022-07-19,116.1,145.29,174.71,436.1
2022-07-20,15.93,-6.71,1.45,10.669999999999998
2022-07-21,-44.66,-74.69,-85.86,-205.20999999999998
2022-07-22,99.54,22.36,89.71,211.61
2022-07-25,-63.72,0.0,0.0,-63.72
2022-07-26,48.37,-48.54,-79.07,-79.24
2022-07-27,86.1,74.27,91.98,252.35000000000002
2022-07-28,-189.54,58.89,27.85,-102.79999999999998
2022-07-29,-82.07,0.65,17.69,-63.72999999999999
2022-08-01,-84.48,0.0,0.0,-84.48
2022-08-02,0.0,-49.36,-77.12,-126.48
2022-08-03,375.48,80.84,114.96,571.2800000000001
2022-08-04,0.0,1.9,-35.74,-33.84
2022-08-05,0.0,-125.41,-165.09,-290.5
2022-08-08,-182.8,0.0,0.0,-182.8
2022-08-09,-63.39,-53.51,-13.31,-130.21
2022-08-10,0.0,211.95,324.01,535.96
2022-08-11,0.0,104.25,176.0,280.25
2022-08-12,0.1,53.15,67.53,120.78
2022-08-15,0.0,0.0,0.0,0.0
2022-08-16,-141.44,-38.19,-44.04,-223.67
2022-08-17,-93.05,-138.49,-145.35,-376.89
2022-08-18,0.0,12.75,-5.41,7.34
2022-08-19,48.72,-127.25,-158.66,-237.19
2022-08-22,84.1,0.0,0.0,84.1
2022-08-23,0.0,14.47,-37.54,-23.07
2022-08-24,-130.56,-11.31,-18.87,-160.74
2022-08-25,-125.16,54.87,11.15,-59.13999999999999
2022-08-26,984.24,-8.6,21.4,997.04
2022-08-29,0.0,0.0,0.0,0.0
2022-08-30,155.36,32.68,68.05,256.09000000000003
2022-08-31,0.0,18.2,23.14,41.34
2022-09-01,-80.4,-115.09,-102.01,-297.5
2022-09-02,60.08,133.53,191.48,385.09000000000003
2022-09-06,-233.66,0.0,0.0,-233.66
2022-09-07,-64.69,-32.28,-45.67,-142.64
2022-09-08,0.0,-103.39,-126.49,-229.88
2022-09-09,159.36,99.91,127.91,387.17999999999995
2022-09-12,-89.8,0.0,0.0,-89.8
2022-09-13,157.92,-311.77,-412.4,-566.25
2022-09-14,0.0,19.09,43.53,62.620000000000005
2022-09-15,-104.3,-79.95,-42.75,-227.0
2022-09-16,-80.28,-172.4,-331.22,-583.9000000000001
2022-09-19,0.0,0.0,0.0,0.0
2022-09-20,0.0,-121.62,-190.57,-312.19
2022-09-21,0.0,82.19,106.36,188.55
2022-09-22,-119.65,-28.05,-22.1,-169.8
2022-09-23,-67.53,-173.58,-209.68,-450.79
2022-09-26,-185.68,0.0,0.0,-185.68
2022-09-27,0.0,154.98,157.13,312.11
2022-09-28,326.52,70.65,75.78,472.94999999999993
2022-09-29,33.6,-158.13,-156.56,-281.09000000000003
2022-09-30,-165.44,-28.17,-84.21,-277.82
2022-10-03,76.46,0.0,0.0,76.46
2022-10-04,-49.52,216.68,293.32,460.48
2022-10-05,-54.4,-185.35,-263.25,-503.0
2022-10-06,0.0,-65.91,-104.81,-170.72
2022-10-07,143.85,-128.46,-200.57,-185.18
2022-10-10,-272.28,0.0,0.0,-272.28
2022-10-11,-48.24,-55.1,-69.31,-172.65
2022-10-12,0.0,7.87,2.36,10.23
2022-10-13,95.82,-243.16,-396.01,-543.35
2022-10-14,176.6,89.6,148.45,414.65
2022-10-17,14.68,0.0,0.0,14.68
2022-10-18,0.0,253.68,467.49,721.1700000000001
2022-10-19,0.0,-121.91,-91.09,-213.0
2022-10-20,-71.88,10.51,30.22,-31.15
2022-10-21,142.6,22.0,-21.99,142.60999999999999
2022-10-24,0.0,0.0,0.0,0.0
2022-10-25,-13.56,2.77,-62.03,-72.82000000000001
2022-10-26,0.0,63.31,-40.44,22.870000000000005
2022-10-27,-175.56,98.5,223.17,146.10999999999999
2022-10-28,524.16,46.91,83.96,655.03
2022-10-31,0.0,0.0,0.0,0.0
2022-11-01,0.0,119.77,134.16,253.93
2022-11-02,0.0,-56.19,-71.16,-127.35
2022-11-03,-172.38,-153.44,-150.98,-476.79999999999995
2022-11-04,0.0,163.19,263.86,427.05
2022-11-07,0.0,0.0,0.0,0.0
2022-11-08,-104.98,36.07,70.83,1.9200000000000017
2022-11-09,-27.9,-108.92,-142.82,-279.64
2022-11-10,-17.05,491.83,624.93,1099.71
2022-11-11,-58.98,22.66,58.65,22.330000000000005
2022-11-14,0.0,0.0,0.0,0.0
2022-11-15,0.0,184.25,183.57,367.82
2022-11-16,-29.26,-70.97,-41.72,-141.95
2022-11-17,0.0,-173.89,-233.35,-407.24
2022-11-18,0.0,125.49,91.0,216.49
2022-11-21,0.0,0.0,0.0,0.0
2022-11-22,0.0,61.72,122.83,184.55
2022-11-23,-190.2,-36.36,-22.26,-248.82
2022-11-25,0.0,-10.37,1.34,-9.03
2022-11-28,0.0,0.0,0.0,0.0
2022-11-29,-220.4,5.28,-40.77,-255.89000000000001
2022-11-30,349.92,14.47,6.12,370.51000000000005
2022-12-01,-384.12,45.53,37.21,-301.38000000000005
2022-12-02,0.0,-171.33,-236.42,-407.75
2022-12-05,43.68,0.0,0.0,43.68
2022-12-06,424.08,-1.97,-16.91,405.19999999999993
2022-12-07,0.0,-26.65,-25.29,-51.94
2022-12-08,-111.81,71.46,87.51,47.16
2022-12-09,-44.8,-74.31,-55.72,-174.82999999999998
2022-12-12,0.0,0.0,0.0,0.0
2022-12-13,0.0,322.5,505.0,827.5
2022-12-14,-26.32,-9.92,-6.73,-42.97
2022-12-15,178.92,-145.19,-250.11,-216.38000000000002
2022-12-16,94.7,-122.21,-245.34,-272.85
2022-12-19,45.5,0.0,0.0,45.5
2022-12-20,0.0,-29.99,9.83,-20.159999999999997
2022-12-21,-0.62,99.22,217.88,316.48
2022-12-22,140.84,-106.45,-148.9,-114.51
2022-12-23,-186.8,-13.82,-49.44,-250.06
2022-12-27,-214.96,0.0,0.0,-214.96
2022-12-28,-13.86,-9.0,20.07,-2.789999999999999
2022-12-29,156.24,78.8,130.17,365.21000000000004
2022-12-30,0.0,-109.09,-109.4,-218.49
2023-01-03,14.1,0.0,0.0,14.1
2023-01-04,0.0,83.05,94.09,177.14
2023-01-05,0.0,-71.75,-114.1,-185.85
2023-01-06,110.22,107.77,200.47,418.46000000000004
2023-01-09,-50.96,0.0,0.0,-50.96
2023-01-10,0.0,-20.91,-26.75,-47.66
2023-01-11,0.0,42.53,78.44,120.97
2023-01-12,-187.8,50.88,63.63,-73.29000000000002
2023-01-13,0.0,-91.03,-193.01,-284.03999999999996
2023-01-17,0.0,0.0,0.0,0.0
2023-01-18,-29.58,35.96,22.38,28.76
2023-01-19,0.0,-74.41,-133.99,-208.4
2023-01-20,184.92,40.21,5.56,230.69
2023-01-23,342.87,0.0,0.0,342.87
2023-01-24,0.0,-55.06,-85.52,-140.57999999999998
2023-01-25,-52.9,-99.51,-198.53,-350.94
2023-01-26,0.0,92.81,72.27,165.07999999999998
2023-01-27,-51.0,-41.36,-2.03,-94.39
2023-01-30,0.0,0.0,0.0,0.0
2023-01-31,38.64,23.1,36.84,98.58000000000001
2023-02-01,0.0,-23.81,-120.1,-143.91
2023-02-02,-62.34,88.83,26.98,53.47
2023-02-03,0.0,-141.52,-115.52,-257.04
2023-02-06,0.0,0.0,0.0,0.0
2023-02-07,91.28,-50.06,-124.25,-83.03
2023-02-08,70.02,-78.53,-84.18,-92.69000000000001
2023-02-09,0.0,92.16,158.54,250.7
2023-02-10,0.0,-47.37,-29.68,-77.05
2023-02-13,17.66,0.0,0.0,17.66
2023-02-14,0.0,-87.21,-74.52,-161.73
2023-02-15,0.0,-100.33,-116.63,-216.95999999999998
2023-02-16,0.0,-171.48,-214.75,-386.23
2023-02-17,-61.62,-51.08,-118.6,-231.29999999999998
2023-02-21,-5.92,0.0,0.0,-5.92
2023-02-22,0.0,18.56,27.77,46.33
2023-02-23,0.0,81.69,89.76,171.45
2023-02-24,0.0,-174.91,-269.74,-444.65
2023-02-27,0.0,0.0,0.0,0.0
2023-02-28,0.0,-10.2,-20.97,-31.169999999999998
2023-03-01,-306.56,1.28,-40.14,-345.42
2023-03-02,0.0,-106.32,33.05,-73.27
2023-03-03,299.64,43.18,70.99,413.81
2023-03-06,-88.02,0.0,0.0,-88.02
2023-03-07,-383.96,-7.63,-4.81,-396.4
2023-03-08,0.0,11.58,-4.2,7.38
2023-03-09,-222.7,3.21,80.51,-138.97999999999996
2023-03-10,-373.78,-72.09,-46.27,-492.14
2023-03-13,-37.09,0.0,0.0,-37.09
2023-03-14,20.44,364.93,235.11,620.48
2023-03-15,0.0,-321.36,-382.6,-703.96
2023-03-16,443.2,-160.23,-142.49,140.48000000000002
2023-03-17,-18.24,-141.76,-188.5,-348.5
2023-03-20,-115.28,0.0,0.0,-115.28
2023-03-21,0.0,205.36,216.91,422.27
2023-03-22,0.0,-20.36,-0.71,-21.07
2023-03-23,-18.55,46.86,89.09,117.4
2023-03-24,0.0,-107.15,-94.62,-201.77
2023-03-27,-90.1,0.0,0.0,-90.1
2023-03-28,-60.58,-51.78,-29.07,-141.43
2023-03-29,0.0,122.42,194.58,317.0
2023-03-30,0.0,93.69,122.34,216.03
2023-03-31,234.31,80.14,72.11,386.56
2023-04-03,0.0,0.0,0.0,0.0
2023-04-04,0.0,24.2,-1.37,22.83
2023-04-05,178.08,-76.65,-2.07,99.36000000000001
2023-04-06,38.56,2.07,-37.78,2.8500000000000014
2023-04-10,-66.24,-65.53,-65.92,-197.69
2023-04-11,48.0,47.09,25.33,120.42
2023-04-12,-35.44,111.75,107.17,183.48000000000002
2023-04-13,364.87,42.3,29.38,436.55
2023-04-14,0.0,6.73,-33.11,-26.38
2023-04-17,0.0,0.0,0.0,0.0
2023-04-18,0.0,50.33,-4.06,46.269999999999996
2023-04-19,0.0,-65.39,-47.38,-112.77000000000001
2023-04-20,0.0,-84.1,-109.22,-193.32
2023-04-21,-190.08,27.06,25.86,-137.16000000000003
2023-04-24,-45.98,0.0,0.0,-45.98
2023-04-25,64.56,-126.45,-44.13,-106.02000000000001
2023-04-26,0.0,-63.08,6.86,-56.22
2023-04-27,120.6,36.39,80.12,237.11
2023-04-28,-191.68,-30.4,-73.44,-295.52
2023-05-01,0.0,0.0,0.0,0.0
2023-05-02,79.67,-69.11,-35.13,-24.57
2023-05-03,-195.36,32.15,15.7,-147.51000000000002
2023-05-04,-23.69,-78.99,-61.26,-163.94
2023-05-05,365.97,194.98,198.86,759.8100000000001
2023-05-08,-12.18,0.0,0.0,-12.18
2023-05-09,0.0,-78.58,-58.83,-137.41
2023-05-10,0.0,164.57,108.23,272.8
2023-05-11,0.0,-87.36,-121.35,-208.70999999999998
2023-05-12,-139.74,36.74,73.14,-29.86
2023-05-15,0.0,0.0,0.0,0.0
2023-05-16,-23.06,-91.25,-75.1,-189.41
2023-05-17,102.78,73.13,122.53,298.44
2023-05-18,864.4,-49.02,-55.67,759.71
2023-05-19,0.0,81.91,-11.63,70.28
2023-05-22,-256.34,0.0,0.0,-256.34
2023-05-23,-36.26,-27.6,-83.59,-147.45
2023-05-24,-103.14,-65.58,-45.91,-214.63
2023-05-25,0.0,-25.29,2.8,-22.49
2023-05-26,670.41,2.07,28.07,700.5500000000001
2023-05-30,0.0,0.0,0.0,0.0
2023-05-31,0.0,-58.8,-72.38,-131.18
2023-06-01,290.64,9.67,-48.15,252.16
2023-06-02,0.0,157.11,154.26,311.37
2023-06-05,-37.18,0.0,0.0,-37.18
2023-06-06,0.0,-45.44,-13.68,-59.12
2023-06-07,369.27,37.76,21.21,428.23999999999995
2023-06-08,264.81,-37.17,-4.77,222.86999999999998
2023-06-09,-186.8,-14.16,-19.01,-219.97
2023-06-12,0.0,0.0,0.0,0.0
2023-06-13,0.0,33.57,33.03,66.6
2023-06-14,-66.88,19.79,-86.59,-133.68
2023-06-15,-17.08,-60.01,-8.11,-85.2
2023-06-16,0.0,24.32,29.34,53.66
2023-06-20,-17.84,0.0,0.0,-17.84
2023-06-21,-20.13,-49.9,-63.49,-133.52
2023-06-22,-170.1,-35.07,-37.27,-242.44
2023-06-23,0.0,-170.83,-155.87,-326.70000000000005
2023-06-26,-149.0,0.0,0.0,-149.0
2023-06-27,121.92,23.56,-6.14,139.34
2023-06-28,0.0,-28.79,-32.55,-61.339999999999996
2023-06-29,0.0,22.78,-19.02,3.7600000000000016
2023-06-30,-21.1,99.64,136.17,214.70999999999998
2023-07-03,0.0,0.0,0.0,0.0
2023-07-05,0.0,-66.34,-108.99,-175.32999999999998
2023-07-06,0.0,-143.37,-178.43,-321.8
2023-07-07,-12.65,8.86,-91.51,-95.30000000000001
2023-07-10,0.0,0.0,0.0,0.0
2023-07-11,0.0,24.25,75.18,99.43
2023-07-12,0.0,185.25,148.34,333.59000000000003
2023-07-13,98.82,36.27,43.5,178.59
2023-07-14,-114.52,-11.79,109.65,-16.659999999999997
2023-07-17,-44.84,0.0,0.0,-44.84
2023-07-18,246.07,1.86,-16.62,231.31
2023-07-19,0.0,35.49,50.0,85.49000000000001
2023-07-20,241.29,6.1,45.25,292.64
2023-07-21,0.0,74.41,22.19,96.6
2023-07-24,0.0,0.0,0.0,0.0
2023-07-25,-0.86,-25.85,-21.43,-48.14
2023-07-26,-173.14,-16.61,-79.19,-268.94
2023-07-27,0.0,65.95,38.85,104.80000000000001
2023-07-28,85.02,125.6,110.18,320.8
2023-07-31,0.0,0.0,0.0,0.0
2023-08-01,0.0,-80.91,-23.93,-104.84
2023-08-02,218.54,-137.7,-111.71,-30.86999999999999
2023-08-03,0.0,-53.5,-73.69,-127.19
2023-08-04,3.72,11.72,68.6,84.03999999999999
2023-08-07,0.0,0.0,0.0,0.0
2023-08-08,-39.84,-142.61,-149.14,-331.59000000000003
2023-08-09,-40.04,-21.12,-12.38,-73.53999999999999
2023-08-10,-132.48,41.02,119.82,28.360000000000014
2023-08-11,0.0,-55.36,-54.24,-109.6
2023-08-14,14.7,0.0,0.0,14.7
2023-08-15,-89.8,-77.39,-105.47,-272.65999999999997
2023-08-16,0.0,-16.58,-25.65,-42.23
2023-08-17,133.84,27.76,71.41,233.01
2023-08-18,0.0,-99.93,-138.63,-238.56
2023-08-21,-42.89,0.0,0.0,-42.89
2023-08-22,0.0,40.35,2.0,42.35
2023-08-23,241.38,4.57,34.87,280.82
2023-08-24,216.85,-36.17,-38.02,142.66
2023-08-25,-173.53,48.45,93.75,-31.33
2023-08-28,0.0,0.0,0.0,0.0
2023-08-29,662.31,-9.05,-13.31,639.95
2023-08-30,0.0,-31.57,23.09,-8.48
2023-08-31,41.99,10.16,95.44,147.59
2023-09-01,0.0,91.62,137.54,229.16
2023-09-05,0.0,0.0,0.0,0.0
2023-09-06,28.16,9.63,-40.43,-2.6400000000000006
2023-09-07,0.0,-70.89,-40.0,-110.89
2023-09-08,-195.58,7.81,2.66,-185.11
2023-09-11,0.0,0.0,0.0,0.0
2023-09-12,0.0,-26.68,-54.28,-80.96000000000001
2023-09-13,0.0,13.68,16.56,30.24
2023-09-14,0.0,97.04,135.38,232.42000000000002
2023-09-15,306.2,-55.6,-119.59,131.01
2023-09-18,0.0,0.0,0.0,0.0
2023-09-19,-49.56,2.63,-47.18,-94.11
2023-09-20,0.0,42.92,57.98,100.9
2023-09-21,-53.28,-96.05,-80.82,-230.14999999999998
2023-09-22,-57.96,25.74,3.38,-28.84
2023-09-25,0.0,0.0,0.0,0.0
2023-09-26,-57.55,-139.25,-149.48,-346.28
2023-09-27,-126.73,67.42,48.58,-10.730000000000004
2023-09-28,63.18,-2.73,-13.71,46.74
2023-09-29,0.0,83.74,146.91,230.64999999999998
2023-10-02,-8.16,0.0,0.0,-8.16
2023-10-03,144.18,-79.28,-95.66,-30.75999999999999
2023-10-04,-203.8,-14.02,4.88,-212.94000000000003
2023-10-05,-58.57,-30.84,-19.45,-108.86
2023-10-06,99.1,-77.0,-63.88,-41.78000000000001
2023-10-09,0.0,0.0,0.0,0.0
2023-10-10,-8.7,15.86,69.1,76.25999999999999
2023-10-11,0.0,6.82,44.3,51.12
2023-10-12,0.0,9.56,47.63,57.190000000000005
2023-10-13,187.38,35.62,74.53,297.53
2023-10-16,117.84,0.0,0.0,117.84
2023-10-17,-190.96,-76.99,-106.92,-374.87
2023-10-18,0.0,-96.68,-20.29,-116.97
2023-10-19,0.0,-35.02,-4.78,-39.800000000000004
2023-10-20,41.44,-4.98,-53.69,-17.230000000000004
2023-10-23,-3.4,0.0,0.0,-3.4
2023-10-24,47.52,93.75,114.54,255.81
2023-10-25,372.33,-107.41,50.65,315.56999999999994
2023-10-26,-178.71,31.51,-22.27,-169.47000000000003
2023-10-27,0.0,21.93,-4.21,17.72
2023-10-30,-191.07,0.0,0.0,-191.07
2023-10-31,-186.84,13.97,-12.57,-185.44
2023-11-01,-103.8,-15.31,27.84,-91.27
2023-11-02,0.0,163.18,138.24,301.42
2023-11-03,-65.96,201.28,109.41,244.73
2023-11-06,0.0,0.0,0.0,0.0
2023-11-07,37.64,-60.56,-24.28,-47.2
2023-11-08,0.0,-16.06,32.32,16.26
2023-11-09,0.0,76.27,56.63,132.9
2023-11-10,208.36,60.23,109.18,377.77000000000004
2023-11-13,0.0,0.0,0.0,0.0
2023-11-14,6.48,354.62,255.05,616.1500000000001
2023-11-15,0.0,-10.09,43.56,33.47
2023-11-16,0.0,-47.65,-48.59,-96.24000000000001
2023-11-17,0.0,94.07,-21.68,72.38999999999999
2023-11-20,522.4,0.0,0.0,522.4
2023-11-21,-95.48,-76.94,-34.02,-206.44000000000003
2023-11-22,0.0,73.19,63.58,136.76999999999998
2023-11-24,0.0,-10.1,29.35,19.25
2023-11-27,17.55,0.0,0.0,17.55
2023-11-28,0.0,-17.45,6.51,-10.94
2023-11-29,-194.8,99.08,50.66,-45.06000000000002
2023-11-30,120.4,69.06,129.69,319.15
2023-12-01,-124.0,-30.07,7.03,-147.04
2023-12-04,-109.08,0.0,0.0,-109.08
2023-12-05,-188.82,-57.46,-53.9,-300.18
2023-12-06,0.0,81.33,54.01,135.34
2023-12-07,-6.96,18.91,44.57,56.519999999999996
2023-12-08,-91.04,-25.23,-8.9,-125.17000000000002
2023-12-11,-122.48,0.0,0.0,-122.48
2023-12-12,75.2,-16.03,39.09,98.26
2023-12-13,0.0,3.21,5.65,8.86
2023-12-14,-69.86,198.31,65.6,194.04999999999998
2023-12-15,-44.64,9.06,-102.87,-138.45
2023-12-18,54.7,0.0,0.0,54.7
2023-12-19,0.0,80.97,13.57,94.53999999999999
2023-12-20,0.0,-71.04,-54.51,-125.55000000000001
2023-12-21,0.0,131.43,126.53,257.96000000000004
2023-12-22,0.0,63.67,-21.22,42.45
2023-12-26,0.0,0.0,0.0,0.0
2023-12-27,0.0,22.94,-20.83,2.110000000000003
2023-12-28,0.0,-59.19,-9.78,-68.97
2023-12-29,-90.08,-33.53,-12.2,-135.81
2024-01-02,111.09,0.0,0.0,111.09
2024-01-03,-35.04,-134.07,-98.79,-267.9
2024-01-04,0.0,-9.89,31.95,22.06
2024-01-05,-195.16,-77.36,-11.05,-283.57
2024-01-08,620.55,0.0,0.0,620.55
2024-01-09,0.0,-161.45,-127.55,-289.0
2024-01-10,-60.1,-18.46,15.32,-63.24
2024-01-11,-70.92,-39.37,48.2,-62.08999999999999
2024-01-12,0.0,136.94,16.46,153.4
2024-01-16,0.0,0.0,0.0,0.0
2024-01-17,-123.84,-178.48,-117.57,-419.89
2024-01-18,24.45,74.72,-34.55,64.62
2024-01-19,205.92,36.5,57.68,300.09999999999997
2024-01-22,0.0,0.0,0.0,0.0
2024-01-23,0.0,95.81,-47.2,48.61
2024-01-24,-32.4,146.3,69.77,183.67000000000002
2024-01-25,0.0,168.57,53.52,222.09
2024-01-26,0.0,56.95,-36.87,20.080000000000005
2024-01-29,0.0,0.0,0.0,0.0
2024-01-30,-56.34,-63.19,-33.6,-153.13
2024-01-31,17.99,-33.38,35.88,20.49
2024-02-01,-127.44,89.61,-1.21,-39.04
2024-02-02,546.26,-149.05,-69.87,327.34
2024-02-05,-195.32,0.0,0.0,-195.32
2024-02-06,-56.32,-16.26,15.65,-56.93
2024-02-07,-105.05,23.55,72.26,-9.239999999999995
2024-02-08,0.0,4.35,39.84,44.190000000000005
2024-02-09,344.55,39.13,-17.22,366.46000000000004
2024-02-12,-61.32,0.0,0.0,-61.32
2024-02-13,0.0,-400.86,-186.04,-586.9
2024-02-14,0.0,180.57,66.08,246.64999999999998
2024-02-15,-193.42,104.8,49.07,-39.54999999999999
2024-02-16,-324.52,-136.78,-68.71,-530.01
2024-02-20,-55.62,0.0,0.0,-55.62
2024-02-21,-16.68,-77.22,-50.08,-143.98000000000002
2024-02-22,50.46,36.97,134.64,222.07
2024-02-23,0.0,2.41,67.13,69.53999999999999
2024-02-26,0.0,0.0,0.0,0.0
2024-02-27,0.0,108.53,-21.19,87.34
2024-02-28,0.0,-92.36,-107.41,-199.76999999999998
2024-02-29,0.0,160.94,57.25,218.19
2024-03-01,369.2,48.9,-4.13,413.96999999999997
2024-03-04,0.0,0.0,0.0,0.0
2024-03-05,242.34,-84.58,-78.96,78.8
2024-03-06,0.0,130.16,133.4,263.56
2024-03-07,95.82,84.2,108.7,288.71999999999997
2024-03-08,174.8,106.13,-14.21,266.72
2024-03-11,-82.28,0.0,0.0,-82.28
2024-03-12,-28.44,-7.6,43.22,7.18
2024-03-13,-36.14,-9.95,52.38,6.289999999999999
2024-03-14,-188.98,-43.74,51.73,-180.99
2024-03-15,-57.3,-46.34,-141.49,-245.13
2024-03-18,-62.9,0.0,0.0,-62.9
2024-03-19,0.0,-88.85,23.13,-65.72
2024-03-20,0.0,-40.96,-52.94,-93.9
2024-03-21,0.0,52.41,73.95,126.36
2024-03-22,0.0,-8.08,1.16,-6.92
2024-03-25,0.0,0.0,0.0,0.0
2024-03-26,0.0,85.82,39.21,125.03
2024-03-27,0.0,92.99,120.59,213.57999999999998
2024-03-28,0.0,22.32,25.45,47.769999999999996
2024-04-01,-188.98,23.39,1.73,-163.85999999999999
2024-04-02,-62.9,-150.34,-197.23,-410.47
2024-04-03,-182.24,-72.15,1.76,-252.63000000000002
2024-04-04,0.0,127.69,159.29,286.98
2024-04-05,249.92,-37.69,14.3,226.53
2024-04-08,0.0,0.0,0.0,0.0
2024-04-09,-76.16,32.1,30.74,-13.319999999999997
2024-04-10,0.0,-306.37,-240.09,-546.46
2024-04-11,145.74,59.12,50.84,255.70000000000002
2024-04-12,-45.8,-69.38,-134.57,-249.75
2024-04-15,71.6,0.0,0.0,71.6
2024-04-16,0.0,-89.46,143.85,54.39
2024-04-17,143.64,80.56,70.58,294.78
2024-04-18,0.0,36.67,94.44,131.11
2024-04-19,539.2,-57.26,49.31,531.25
2024-04-22,0.0,0.0,0.0,0.0
2024-04-23,269.2,-2.46,72.16,338.9
2024-04-24,0.0,-25.38,-17.32,-42.7
2024-04-25,0.0,-140.2,-284.72,-424.92
2024-04-26,116.96,26.87,-12.68,131.14999999999998
2024-04-29,0.0,0.0,0.0,0.0
2024-04-30,7.6,-114.02,-82.1,-188.51999999999998
2024-05-01,0.0,-2.45,4.87,2.42
2024-05-02,0.0,149.47,134.76,284.23
2024-05-03,0.0,201.58,288.16,489.74
2024-05-06,0.0,0.0,0.0,0.0
2024-05-07,0.0,15.26,39.67,54.93
2024-05-08,0.0,-131.74,-26.03,-157.77
2024-05-09,0.0,7.65,-22.97,-15.319999999999999
2024-05-10,-197.78,27.98,67.71,-102.09000000000002
2024-05-13,0.0,0.0,0.0,0.0
2024-05-14,-293.8,136.55,4.66,-152.59
2024-05-15,217.76,131.65,91.27,440.67999999999995
2024-05-16,-73.39,-29.23,21.31,-81.31
2024-05-17,-130.13,-3.46,-8.07,-141.66
2024-05-20,-208.04,0.0,0.0,-208.04
2024-05-21,0.0,-48.89,6.35,-42.54
2024-05-22,-94.8,-46.65,-52.48,-193.92999999999998
2024-05-23,25.35,47.62,15.07,88.03999999999999
2024-05-24,49.87,86.77,25.9,162.54
2024-05-28,0.0,0.0,0.0,0.0
2024-05-29,0.0,-160.22,-195.88,-356.1
2024-05-30,-131.22,75.96,-198.51,-253.76999999999998
2024-05-31,49.92,48.8,29.54,128.26
2024-06-03,-35.4,0.0,0.0,-35.4
2024-06-04,0.0,-89.11,-78.59,-167.7
2024-06-05,101.1,76.06,60.53,237.69
2024-06-06,-157.56,-53.26,13.02,-197.79999999999998
2024-06-07,0.0,-124.37,-33.08,-157.45
2024-06-10,0.0,0.0,0.0,0.0
2024-06-11,0.0,-140.81,-100.43,-241.24
2024-06-12,28.4,311.03,218.71,558.14
2024-06-13,0.0,-34.74,-50.43,-85.17
2024-06-14,-191.52,-143.21,-136.73,-471.46000000000004
2024-06-17,219.24,0.0,0.0,219.24
2024-06-18,0.0,-4.19,13.02,8.829999999999998
2024-06-20,-1.38,-33.46,-30.14,-64.98
2024-06-21,-352.48,-1.2,-27.57,-381.25
2024-06-24,-5.58,0.0,0.0,-5.58
2024-06-25,-148.16,-8.95,-28.6,-185.70999999999998
2024-06-26,0.0,-75.39,-58.81,-134.2
2024-06-27,-195.36,29.98,-38.21,-203.59000000000003
2024-06-28,-186.88,101.52,-15.86,-101.22
2024-07-01,-162.12,0.0,0.0,-162.12
2024-07-02,124.5,13.12,-44.06,93.56
2024-07-03,255.42,23.78,24.56,303.76
2024-07-05,300.52,-48.12,36.81,289.21
2024-07-08,0.0,0.0,0.0,0.0
2024-07-09,0.0,-22.54,-16.95,-39.489999999999995
2024-07-10,49.49,51.24,-4.1,96.63000000000001
2024-07-11,747.18,261.91,13.9,1022.9899999999999
2024-07-12,-66.04,120.13,69.41,123.49999999999999
2024-07-15,25.34,0.0,0.0,25.34
2024-07-16,-86.34,107.2,82.88,103.74
2024-07-17,44.46,-120.75,-62.32,-138.60999999999999
2024-07-18,-127.96,-52.89,-74.81,-255.66
2024-07-19,-90.08,-22.02,-79.17,-191.26999999999998
2024-07-22,0.0,0.0,0.0,0.0
2024-07-23,0.0,-61.01,5.69,-55.32
2024-07-24,262.88,-85.71,-106.57,70.60000000000002
2024-07-25,-375.42,26.98,-4.04,-352.48
2024-07-26,0.0,181.2,127.8,309.0
2024-07-29,-187.46,0.0,0.0,-187.46
2024-07-30,151.92,47.07,17.58,216.57
2024-07-31,0.0,59.85,1.69,61.54
2024-08-01,312.54,-12.32,65.31,365.53000000000003
2024-08-02,-66.48,-435.31,-195.03,-696.82
2024-08-05,0.0,0.0,0.0,0.0
2024-08-06,-230.82,37.36,19.61,-173.84999999999997
2024-08-07,0.0,195.42,154.54,349.96
2024-08-08,6.72,136.58,99.64,242.94
2024-08-09,0.0,6.96,-26.23,-19.27
2024-08-12,0.0,0.0,0.0,0.0
2024-08-13,15.06,82.09,70.67,167.82
2024-08-14,0.0,38.09,-7.52,30.570000000000004
2024-08-15,19.92,263.0,265.59,548.51
2024-08-16,0.0,-41.87,-54.39,-96.25999999999999
2024-08-19,0.0,0.0,0.0,0.0
2024-08-20,0.0,-20.63,-31.48,-52.11
2024-08-21,0.0,82.34,41.66,124.0
2024-08-22,-103.41,1.67,34.86,-66.88
2024-08-23,-175.12,85.38,94.23,4.489999999999995
2024-08-26,-29.94,0.0,0.0,-29.94
2024-08-27,0.0,-86.0,-31.2,-117.2
2024-08-28,-102.59,-52.65,-19.49,-174.73000000000002
2024-08-29,-155.6,77.3,164.93,86.63000000000001
2024-08-30,0.0,49.37,30.56,79.92999999999999
2024-09-03,585.72,0.0,0.0,585.72
2024-09-04,0.0,-39.36,-19.06,-58.42
2024-09-05,-154.44,28.73,48.75,-76.96
2024-09-06,653.2,-0.57,24.21,676.84
2024-09-09,0.0,0.0,0.0,0.0
2024-09-10,0.0,9.78,54.53,64.31
2024-09-11,-99.4,-55.86,-64.22,-219.48
2024-09-12,-31.52,54.57,22.48,45.53
2024-09-13,0.0,132.1,30.14,162.24
2024-09-16,0.0,0.0,0.0,0.0
2024-09-17,0.0,101.98,47.94,149.92000000000002
2024-09-18,0.0,-10.39,7.16,-3.2300000000000004
2024-09-19,0.0,283.82,318.86,602.6800000000001
2024-09-20,-83.4,-31.61,-114.61,-229.62
2024-09-23,0.0,0.0,0.0,0.0
2024-09-24,0.0,42.93,27.31,70.24
2024-09-25,-23.98,-47.21,13.62,-57.57
2024-09-26,0.0,148.23,114.69,262.91999999999996
2024-09-27,-135.41,108.02,52.37,24.979999999999997
2024-09-30,0.0,0.0,0.0,0.0
2024-10-01,198.3,-46.16,-38.6,113.54000000000002
2024-10-02,0.0,-52.32,13.09,-39.230000000000004
2024-10-03,0.0,-77.76,-86.68,-164.44
2024-10-04,0.0,172.66,129.24,301.9
2024-10-07,0.0,0.0,0.0,0.0
2024-10-08,79.1,6.07,49.88,135.04999999999998
2024-10-09,44.94,-8.27,2.73,39.4
2024-10-10,0.0,-124.88,-5.68,-130.56
2024-10-11,0.0,-5.53,33.04,27.509999999999998
2024-10-14,-49.21,0.0,0.0,-49.21
2024-10-15,333.34,-24.22,-86.47,222.65
2024-10-16,-191.18,94.13,-22.06,-119.11000000000001
2024-10-17,0.0,6.35,93.44,99.78999999999999
2024-10-18,0.0,27.07,-5.85,21.22
2024-10-21,0.0,0.0,0.0,0.0
2024-10-22,0.0,-37.28,-99.08,-136.36
2024-10-23,1.19,-68.88,-122.69,-190.38
2024-10-24,0.0,59.09,-47.6,11.490000000000002
2024-10-25,-141.96,81.35,85.2,24.58999999999999
2024-10-28,0.0,0.0,0.0,0.0
2024-10-29,174.54,-98.15,-104.13,-27.74000000000001
2024-10-30,0.0,-43.28,-29.94,-73.22
2024-10-31,75.6,-18.42,-142.86,-85.68000000000002
2024-11-01,-19.46,94.79,106.27,181.60000000000002
2024-11-04,0.0,0.0,0.0,0.0
2024-11-05,44.24,-44.7,7.15,6.6899999999999995
2024-11-06,8.82,656.99,669.86,1335.67
2024-11-07,156.12,-20.74,12.1,147.48
2024-11-08,0.0,-22.85,45.22,22.369999999999997
2024-11-11,0.0,0.0,0.0,0.0
2024-11-12,-80.28,-88.86,27.0,-142.14
2024-11-13,0.0,73.78,25.65,99.43
2024-11-14,0.0,34.19,38.7,72.89
2024-11-15,219.28,9.83,-101.41,127.70000000000002
2024-11-18,16.03,0.0,0.0,16.03
2024-11-19,-37.52,-127.34,-185.92,-350.78
2024-11-20,-215.68,-24.97,30.81,-209.84
2024-11-21,-56.88,63.4,75.19,81.71
2024-11-22,0.0,54.23,33.01,87.24
2024-11-25,0.0,0.0,0.0,0.0
2024-11-26,0.0,-61.88,-53.96,-115.84
2024-11-27,94.56,66.82,15.37,176.75
2024-11-29,-189.58,67.22,25.68,-96.68
2024-12-02,122.56,0.0,0.0,122.56
2024-12-03,0.0,-17.12,18.96,1.8399999999999999
2024-12-04,0.0,6.0,98.59,104.59
2024-12-05,0.0,-23.41,-25.5,-48.91
2024-12-06,5.7,84.17,39.47,129.34
2024-12-09,-31.56,0.0,0.0,-31.56
2024-12-10,0.0,-10.6,-32.04,-42.64
2024-12-11,91.53,94.76,21.77,208.06000000000003
2024-12-12,0.0,-36.33,-4.16,-40.489999999999995
2024-12-13,-96.4,-17.9,29.25,-85.05000000000001
2024-12-16,212.94,0.0,0.0,212.94
2024-12-17,-100.66,-96.71,-117.0,-314.37
2024-12-18,636.18,57.64,19.01,712.8299999999999
2024-12-19,0.0,122.68,172.92,295.6
2024-12-20,122.6,-75.83,-138.67,-91.89999999999999
2024-12-23,20.52,0.0,0.0,20.52
2024-12-24,290.88,31.44,-1.61,320.71
2024-12-26,0.0,-45.69,-73.95,-119.64
2024-12-27,-1.08,-81.86,-142.28,-225.22
2024-12-30,-84.32,0.0,0.0,-84.32
2024-12-31,-47.92,75.03,57.8,84.91
2025-01-02,-57.72,103.72,150.26,196.26
2025-01-03,-149.2,47.2,106.36,4.360000000000014
2025-01-06,31.28,0.0,0.0,31.28
2025-01-07,334.33,50.23,94.77,479.33
2025-01-08,0.0,-102.88,0.54,-102.33999999999999
2025-01-10,30.72,-188.32,-103.62,-261.22
2025-01-13,0.0,0.0,0.0,0.0
2025-01-14,0.0,99.94,100.05,199.99
2025-01-15,-11.58,306.29,340.76,635.47
2025-01-16,0.0,1.61,-9.05,-7.44
2025-01-17,0.0,127.75,155.61,283.36
2025-01-21,0.0,0.0,0.0,0.0
2025-01-22,-0.16,-29.23,65.31,35.92
2025-01-23,0.0,-73.59,4.69,-68.9
2025-01-24,-16.68,-29.31,-34.08,-80.07
2025-01-27,0.0,0.0,0.0,0.0
2025-01-28,163.92,7.41,0.51,171.83999999999997
2025-01-29,-170.9,-8.47,-12.31,-191.68
2025-01-30,0.0,116.67,-38.57,78.1
2025-01-31,-63.41,8.4,60.98,5.969999999999999
2025-02-03,0.0,0.0,0.0,0.0
2025-02-04,190.08,-17.15,-3.62,169.31
2025-02-05,0.0,57.64,7.23,64.87
2025-02-06,0.0,52.29,32.81,85.1
2025-02-07,203.52,5.77,16.96,226.25000000000003
2025-02-10,0.0,0.0,0.0,0.0
2025-02-11,0.0,-108.34,-76.02,-184.36
2025-02-12,0.0,-186.85,-198.47,-385.32
2025-02-13,-74.22,69.73,82.42,77.93
2025-02-14,0.0,57.84,-9.26,48.580000000000005
2025-02-18,0.0,0.0,0.0,0.0
2025-02-19,0.0,-99.27,-62.92,-162.19
2025-02-20,-192.56,-24.91,-74.66,-292.13
2025-02-21,454.32,87.73,-173.13,368.91999999999996
2025-02-24,-59.84,0.0,0.0,-59.84
2025-02-25,210.78,4.44,48.69,263.90999999999997
2025-02-26,-144.44,31.19,14.24,-99.01
2025-02-27,-242.69,-7.23,2.12,-247.79999999999998
2025-02-28,-147.9,-46.88,32.98,-161.8
2025-03-03,284.88,0.0,0.0,284.88
2025-03-04,-119.76,-168.37,-135.17,-423.29999999999995
2025-03-05,-35.87,-2.91,-24.32,-63.1
2025-03-06,37.26,-162.25,-224.47,-349.46000000000004
2025-03-07,-192.4,-21.04,-105.81,-319.25
2025-03-10,151.86,0.0,0.0,151.86
2025-03-11,-115.52,20.32,-66.32,-161.51999999999998
2025-03-12,0.0,130.86,121.45,252.31
2025-03-13,-192.4,4.77,-35.56,-223.19
2025-03-14,-11.64,129.02,109.7,227.08
2025-03-17,0.0,0.0,0.0,0.0
2025-03-18,-38.92,-92.89,-46.63,-178.44
2025-03-19,0.0,1.77,56.32,58.09
2025-03-20,-13.04,-124.4,-142.76,-280.2
2025-03-21,0.0,-140.4,-227.17,-367.57
2025-03-24,0.0,0.0,0.0,0.0
2025-03-25,0.0,-16.66,42.16,25.499999999999996
2025-03-26,270.72,8.66,27.55,306.93000000000006
2025-03-27,0.0,-15.76,-33.07,-48.83
2025-03-28,223.6,-9.38,-53.84,160.38
2025-03-31,0.0,0.0,0.0,0.0
2025-04-01,-33.52,-37.28,-85.44,-156.24
2025-04-02,-19.44,-168.98,-182.5,-370.91999999999996
2025-04-03,-41.64,-571.78,-604.39,-1217.81
2025-04-04,200.76,-445.53,-595.16,-839.93
2025-04-07,-131.94,0.0,0.0,-131.94
2025-04-08,24.66,402.84,835.73,1263.23
2025-04-09,-372.86,-149.6,-284.55,-807.01
2025-04-10,98.82,-334.43,-357.58,-593.19
2025-04-11,-66.84,-48.83,-81.35,-197.01999999999998
2025-04-14,0.0,0.0,0.0,0.0
2025-04-15,0.0,-18.65,13.61,-5.039999999999999
2025-04-16,0.0,-71.32,-83.74,-155.06
2025-04-17,0.0,-0.65,-308.95,-309.59999999999997
2025-04-21,171.81,-105.46,-169.28,-102.92999999999999
2025-04-22,-60.43,153.63,267.0,360.2
2025-04-23,0.0,342.32,434.94,777.26
2025-04-24,202.88,32.17,-25.56,209.49
2025-04-25,0.0,-86.56,-62.53,-149.09
2025-04-28,-26.96,0.0,0.0,-26.96
2025-04-29,0.0,-33.24,6.86,-26.380000000000003
2025-04-30,-142.44,-183.58,-156.68,-482.7
2025-05-01,0.0,56.07,127.38,183.45
2025-05-02,0.0,133.7,243.3,377.0
2025-05-05,0.0,0.0,0.0,0.0
2025-05-06,0.0,-148.93,-215.88,-364.81
2025-05-07,0.0,76.21,89.01,165.22
2025-05-08,-23.04,139.79,107.99,224.74
2025-05-09,0.0,14.31,28.9,43.21
2025-05-12,0.0,0.0,0.0,0.0
2025-05-13,249.12,54.82,-85.67,218.26999999999998
2025-05-14,0.0,-40.25,28.92,-11.329999999999998
2025-05-15,0.0,-17.98,-113.74,-131.72
2025-05-16,0.0,11.53,8.69,20.22
2025-05-19,0.0,0.0,0.0,0.0
2025-05-20,0.0,-21.82,-37.61,-59.43
2025-05-21,0.0,-144.33,-212.76,-357.09000000000003
2025-05-22,-272.34,-58.45,-49.98,-380.77
2025-05-23,0.0,-207.81,-270.46,-478.27
2025-05-27,14.52,0.0,0.0,14.52
2025-05-28,0.0,-4.04,-9.22,-13.260000000000002
2025-05-29,0.0,79.39,51.84,131.23000000000002
2025-05-30,-308.32,-62.86,-19.6,-390.78000000000003
2025-06-02,14.88,0.0,0.0,14.88
2025-06-03,7.84,36.74,-41.25,3.3299999999999983
2025-06-04,0.0,2.87,18.36,21.23
2025-06-05,-2.28,10.36,49.79,57.87
2025-06-06,0.0,167.73,201.23,368.96
2025-06-09,0.0,0.0,0.0,0.0
2025-06-10,0.0,60.75,-6.71,54.04
2025-06-11,0.0,55.93,8.03,63.96
2025-06-12,0.0,-86.49,-77.63,-164.12
2025-06-13,0.0,-170.84,-238.79,-409.63
2025-06-16,-4.08,0.0,0.0,-4.08
2025-06-17,-41.92,-99.63,-101.43,-242.98000000000002
2025-06-18,-54.27,-8.06,27.18,-35.150000000000006
2025-06-20,-121.18,80.7,27.2,-13.280000000000005
2025-06-23,130.86,0.0,0.0,130.86
2025-06-24,8.96,82.72,149.12,240.8
2025-06-25,0.0,8.95,-6.94,2.009999999999999
2025-06-26,-10.65,41.31,47.08,77.74000000000001
2025-06-27,-71.56,32.86,63.07,24.369999999999997
2025-06-30,0.0,0.0,0.0,0.0
2025-07-01,-65.66,-70.05,-24.53,-160.23999999999998
2025-07-02,75.78,14.86,-14.47,76.17
2025-07-03,88.68,49.94,47.58,186.2
2025-07-07,-109.9,-85.51,-46.69,-242.10000000000002
2025-07-08,0.0,40.13,-22.27,17.860000000000003
2025-07-09,-191.8,66.7,103.47,-21.63000000000001
2025-07-10,-140.7,-17.17,-9.31,-167.18
2025-07-11,0.0,-89.67,-149.9,-239.57
2025-07-14,-25.8,0.0,0.0,-25.8
2025-07-15,0.0,42.46,-3.1,39.36
2025-07-16,-146.14,70.17,85.17,9.200000000000017
2025-07-17,136.08,-0.54,-21.31,114.23000000000002
2025-07-18,0.0,72.35,28.42,100.77
2025-07-21,-60.28,0.0,0.0,-60.28
2025-07-22,-246.4,5.39,-32.67,-273.68
2025-07-23,0.0,80.07,115.26,195.32999999999998
2025-07-24,0.0,-65.37,-168.05,-233.42000000000002
2025-07-25,-63.3,41.32,20.58,-1.3999999999999986
2025-07-28,0.0,0.0,0.0,0.0
2025-07-29,0.0,73.86,12.31,86.17
2025-07-30,0.0,49.03,10.3,59.33
2025-07-31,-21.84,-64.71,24.82,-61.73
2025-08-01,-146.26,-179.35,-188.65,-514.26
2025-08-04,33.68,0.0,0.0,33.68
2025-08-05,-76.54,43.69,-2.08,-34.93000000000001
2025-08-06,225.54,1.09,46.4,273.03
2025-08-07,0.0,114.77,118.13,232.89999999999998
2025-08-08,30.56,62.21,52.82,145.59
2025-08-11,0.0,0.0,0.0,0.0
2025-08-12,121.1,81.15,84.67,286.92
2025-08-13,0.0,74.6,90.0,164.6
2025-08-14,0.0,-149.43,-89.55,-238.98000000000002
2025-08-15,-193.22,18.93,142.87,-31.419999999999987
2025-08-18,0.0,0.0,0.0,0.0
2025-08-19,486.18,-2.11,38.41,522.48
2025-08-20,-218.04,-18.03,20.48,-215.59
2025-08-21,0.0,-58.01,-85.99,-144.0
2025-08-22,18.34,69.55,122.19,210.07999999999998
2025-08-25,0.0,0.0,0.0,0.0
2025-08-26,0.0,19.1,-19.8,-0.6999999999999993
2025-08-27,0.0,-30.73,-13.66,-44.39
2025-08-28,-9.36,48.31,23.2,62.150000000000006
2025-08-29,116.34,22.35,-38.26,100.43
2025-09-02,0.0,0.0,0.0,0.0
2025-09-03,0.0,-36.42,-40.05,-76.47
2025-09-04,0.0,24.64,10.15,34.79
2025-09-05,0.0,54.27,2.52,56.790000000000006
2025-09-08,0.0,0.0,0.0,0.0
2025-09-09,0.0,-21.65,-13.61,-35.26
2025-09-10,0.0,20.77,-18.58,2.1900000000000013
2025-09-11,0.0,18.78,45.4,64.18
2025-09-12,0.0,-31.4,-35.85,-67.25
2025-09-15,-1.36,0.0,0.0,-1.36
2025-09-16,0.0,-48.13,-1.0,-49.13
2025-09-17,-47.96,24.17,46.12,22.33
2025-09-18,-94.64,91.4,-5.48,-8.719999999999995
2025-09-19,0.0,30.88,1.99,32.87
2025-09-22,54.31,0.0,0.0,54.31
2025-09-23,8.68,27.49,25.55,61.72
2025-09-24,-104.16,-1.97,22.36,-83.77
2025-09-25,-177.48,-134.08,-57.87,-369.43
2025-09-26,-191.18,12.53,91.62,-87.03
2025-09-29,-127.26,0.0,0.0,-127.26
2025-09-30,0.0,-27.32,-24.09,-51.41
2025-10-01,44.1,-72.4,-59.51,-87.81
2025-10-02,0.0,19.79,0.5,20.29
2025-10-03,-109.76,62.94,31.15,-15.670000000000009
2025-10-06,0.0,0.0,0.0,0.0
2025-10-07,16.16,23.82,32.52,72.5
2025-10-08,395.12,52.09,63.67,510.88000000000005
2025-10-09,-60.76,-21.4,1.97,-80.19
2025-10-10,1340.16,27.41,74.92,1442.4900000000002
2025-10-13,-45.84,0.0,0.0,-45.84
2025-10-14,-142.32,-157.61,-189.2,-489.13
2025-10-15,-48.72,117.14,91.94,160.36
2025-10-16,-73.74,26.84,30.32,-16.57999999999999
2025-10-17,-202.3,-89.59,-18.01,-309.9
2025-10-20,179.34,0.0,0.0,179.34
2025-10-21,39.48,-37.23,0.98,3.23
2025-10-22,119.64,-50.52,-2.45,66.67
2025-10-23,-76.38,42.4,-15.8,-49.78
2025-10-24,0.0,163.13,133.38,296.51
2025-10-27,0.0,0.0,0.0,0.0
2025-10-28,0.0,-39.79,165.48,125.69
2025-10-29,0.0,-7.71,70.86,63.15
2025-10-30,-139.32,-81.16,-118.25,-338.73
2025-10-31,0.0,3.92,34.37,38.29
2025-11-03,0.0,0.0,0.0,0.0
2025-11-04,0.0,-180.89,-152.03,-332.91999999999996
2025-11-05,264.2,33.33,-9.28,288.25
2025-11-06,406.14,-25.5,-52.02,328.62
2025-11-07,64.1,-100.34,-52.44,-88.68
2025-11-10,-81.84,0.0,0.0,-81.84
2025-11-11,0.0,-35.16,22.33,-12.829999999999998
2025-11-12,0.0,25.54,47.97,73.50999999999999
2025-11-13,126.48,-92.58,-68.6,-34.69999999999999
2025-11-14,-30.24,-178.86,-168.58,-377.68000000000006
2025-11-17,0.0,0.0,0.0,0.0
2025-11-18,-303.66,-79.38,-206.66,-589.7
2025-11-19,-166.4,13.36,6.98,-146.06000000000003
2025-11-20,212.76,190.67,242.56,645.99
2025-11-21,-65.64,39.8,70.79,44.95
2025-11-24,183.06,0.0,0.0,183.06
2025-11-25,0.0,38.76,54.97,93.72999999999999
2025-11-26,0.0,-7.34,48.33,40.989999999999995
2025-11-28,0.0,30.08,22.79,52.87
2025-12-01,0.0,0.0,0.0,0.0
2025-12-02,0.0,80.59,36.93,117.52000000000001
2025-12-03,0.0,35.23,-23.23,11.999999999999996
2025-12-04,0.0,-35.09,10.55,-24.540000000000003
2025-12-05,-114.4,-19.3,14.88,-118.82000000000002
2025-12-08,0.0,0.0,0.0,0.0
2025-12-09,0.0,-33.95,-6.25,-40.2
2025-12-10,0.0,-26.25,-17.86,-44.11
2025-12-11,-147.34,-10.36,36.79,-120.91
2025-12-12,142.6,3.26,35.35,181.20999999999998
2025-12-15,-82.32,0.0,0.0,-82.32
2025-12-16,0.0,-79.53,-36.03,-115.56
2025-12-17,165.1,19.93,37.7,222.73000000000002
2025-12-18,0.0,141.24,110.73,251.97000000000003
2025-12-19,-129.92,23.64,4.31,-101.96999999999998
2025-12-22,0.0,0.0,0.0,0.0
2025-12-23,0.0,-58.67,-62.32,-120.99000000000001
2025-12-24,0.0,-8.09,-3.32,-11.41
2025-12-26,0.0,9.99,-7.56,2.4300000000000006
2025-12-29,0.0,0.0,0.0,0.0
2025-12-30,0.0,1.44,0.0,1.44
2025-12-31,0.0,2.9,-0.48,2.42
2026-01-02,-83.71,66.28,57.91,40.480000000000004
2026-01-05,0.0,0.0,0.0,0.0
2026-01-06,-97.84,-27.06,-24.42,-149.32
2026-01-07,-101.88,11.71,46.03,-44.139999999999986
2026-01-08,-173.04,-39.45,-103.5,-315.99
2026-01-09,33.32,57.14,14.01,104.47000000000001
2026-01-12,0.0,0.0,0.0,0.0
2026-01-13,-133.8,39.0,-18.55,-113.35000000000001
2026-01-14,6.1,-13.77,-60.31,-67.98
2026-01-15,0.0,35.33,35.09,70.42
2026-01-16,0.0,13.56,-3.26,10.3
2026-01-20,0.0,0.0,0.0,0.0
2026-01-21,-139.68,88.17,31.3,-20.210000000000004
2026-01-22,0.0,89.62,122.77,212.39
2026-01-23,-160.4,-37.35,-91.3,-289.05
2026-01-26,-37.68,0.0,0.0,-37.68
2026-01-27,0.0,0.45,-158.74,-158.29000000000002
2026-01-28,0.0,54.39,8.45,62.84
2026-01-29,-193.44,31.44,-7.98,-169.98
2026-01-30,-45.84,-107.97,-53.02,-206.83
2026-02-02,-27.92,0.0,0.0,-27.92
2026-02-03,270.1,38.45,-45.62,262.93
2026-02-04,9.46,59.35,71.47,140.28
2026-02-05,-42.54,-96.26,-111.54,-250.34000000000003
2026-02-06,154.26,180.09,161.83,496.18000000000006
2026-02-09,5.46,0.0,0.0,5.46
2026-02-10,0.0,13.49,49.56,63.050000000000004
2026-02-11,0.0,100.52,101.72,202.24
2026-02-12,207.96,90.57,80.74,379.27
2026-02-13,0.0,44.84,15.81,60.650000000000006
2026-02-17,-41.92,0.0,0.0,-41.92
2026-02-18,176.52,-3.65,38.96,211.83
2026-02-19,0.0,-68.17,-68.72,-136.89
2026-02-20,-226.98,-82.98,-88.39,-398.34999999999997
2026-02-23,-31.68,0.0,0.0,-31.68
2026-02-24,-25.86,-7.83,14.61,-19.08
2026-02-25,-58.4,84.75,85.12,111.47
2026-02-26,235.34,17.01,100.4,352.75
2026-02-27,0.0,-176.63,-248.37,-425.0
2026-03-02,0.0,0.0,0.0,0.0
2026-03-03,0.0,-322.45,-428.28,-750.73
2026-03-04,-14.34,87.01,47.37,120.03999999999999
2026-03-05,0.0,-129.27,-186.73,-316.0
2026-03-06,0.0,-251.37,-297.16,-548.53
2026-03-09,0.0,0.0,0.0,0.0
2026-03-10,-31.44,-34.06,-10.59,-76.09
2026-03-11,0.0,-52.56,-20.7,-73.26
2026-03-12,36.08,-188.86,-220.87,-373.65000000000003
2026-03-13,0.0,84.86,119.06,203.92000000000002
2026-03-16,0.0,0.0,0.0,0.0
2026-03-17,0.0,44.35,149.41,193.76
2026-03-18,0.0,-83.48,-107.44,-190.92000000000002
2026-03-19,0.0,-150.2,-156.45,-306.65
2026-03-20,359.52,-34.89,-119.71,204.92000000000002
2026-03-23,6.66,0.0,0.0,6.66
2026-03-24,0.0,-97.46,-178.24,-275.7
2026-03-25,0.0,138.89,226.93,365.82
2026-03-26,144.96,-144.35,-133.78,-133.17
2026-03-27,218.07,-71.29,-101.14,45.63999999999997
2026-03-30,19.56,0.0,0.0,19.56
2026-03-31,-148.38,168.76,241.67,262.04999999999995
2026-04-01,-103.12,91.45,138.54,126.86999999999999
2026-04-02,0.0,-224.54,-267.76,-492.29999999999995
2026-04-06,-190.68,-15.76,-45.5,-251.94
2026-04-07,-69.52,-58.48,-54.69,-182.69
2026-04-08,0.0,404.17,638.24,1042.41
2026-04-09,0.0,-79.7,-82.08,-161.78
2026-04-10,0.0,17.86,13.13,30.990000000000002
2026-04-13,0.0,0.0,0.0,0.0
2026-04-14,148.88,89.18,11.93,249.99
2026-04-15,48.44,0.89,43.1,92.43
2026-04-16,0.0,-1.34,52.67,51.33
2026-04-17,-29.04,164.89,230.58,366.43
2026-04-20,-77.4,0.0,0.0,-77.4
2026-04-21,0.0,33.31,132.13,165.44
2026-04-22,-36.63,132.66,179.71,275.74
2026-04-23,0.0,7.81,-104.13,-96.32
2026-04-24,63.66,46.16,-1.87,107.94999999999999
2026-04-27,0.0,0.0,0.0,0.0
2026-04-28,-11.64,-48.93,73.88,13.309999999999995
2026-04-29,-49.57,-3.07,-23.87,-76.51
2026-04-30,-197.96,43.66,104.47,-49.83000000000001
2026-05-01,-142.92,28.93,101.43,-12.559999999999974
2026-05-04,-130.68,0.0,0.0,-130.68
2026-05-05,46.48,92.39,104.75,243.62
2026-05-06,56.24,115.07,185.69,357.0
2026-05-07,-38.24,27.61,67.29,56.660000000000004
2026-05-08,194.48,71.19,115.94,381.60999999999996
2026-05-11,-73.9,0.0,0.0,-73.9
2026-05-12,-46.02,-59.28,-33.77,-139.07000000000002
2026-05-13,20.46,11.89,-84.99,-52.63999999999999
2026-05-14,118.79,46.27,194.77,359.83000000000004
2026-05-15,-107.94,-178.0,-164.62,-450.56
2026-05-18,0.88,0.0,0.0,0.88
2026-05-19,-67.44,-98.03,-100.89,-266.36
2026-05-20,68.14,80.43,85.67,234.24
2026-05-21,0.0,-54.02,-70.34,-124.36000000000001
2026-05-22,0.0,64.77,177.38,242.14999999999998
2026-05-26,-4.14,0.0,0.0,-4.14
2026-05-27,-32.9,24.57,27.77,19.44
2026-05-28,20.48,-32.65,-72.14,-84.31
2026-05-29,-171.9,-29.79,34.02,-167.67
2026-06-01,-9.92,0.0,0.0,-9.92
2026-06-02,0.0,-24.5,-109.27,-133.76999999999998
2026-06-03,-189.56,-70.76,-131.98,-392.29999999999995
2026-06-04,0.0,-6.67,243.92,237.25
2026-06-05,432.48,-122.05,45.41,355.84000000000003
2026-06-08,-35.94,0.0,0.0,-35.94
2026-06-09,169.26,126.27,117.96,413.48999999999995
2026-06-10,0.0,-18.95,-91.42,-110.37
2026-06-11,94.32,100.41,134.72,329.45
2026-06-12,-196.89,48.76,157.59,9.460000000000008
2026-06-15,14.46,0.0,0.0,14.46
2026-06-16,373.6,30.13,80.73,484.46000000000004
2026-06-17,0.0,11.09,-12.79,-1.6999999999999993
2026-06-18,0.0,191.66,95.33,286.99
2026-06-22,0.0,60.09,57.11,117.2
2026-06-23,0.0,-201.19,-105.87,-307.06
2026-06-24,-291.56,20.32,-21.81,-293.05
2026-06-25,-180.54,110.39,116.21,46.06
2026-06-26,0.0,-92.35,-106.73,-199.07999999999998
2026-06-29,81.96,0.0,0.0,81.96
2026-06-30,229.1,-18.46,26.89,237.52999999999997
2026-07-01,0.0,-26.76,-40.07,-66.83
2026-07-02,154.36,46.5,135.15,336.01
2026-07-06,13.56,6.05,42.26,61.87
2026-07-07,-61.14,8.83,102.84,50.53
2026-07-08,0.0,-90.74,-226.3,-317.04
2026-07-09,-12.24,70.73,38.28,96.77000000000001
2026-07-10,0.0,14.53,68.0,82.53
2026-07-13,-15.24,0.0,0.0,-15.24
2026-07-14,0.0,81.77,-49.34,32.42999999999999
2026-07-15,-24.48,28.11,50.85,54.480000000000004
2026-07-16,0.0,-48.28,32.79,-15.490000000000002
2026-07-17,0.0,-148.55,-227.45,-376.0
2026-07-20,0.0,0.0,0.0,0.0
2026-07-21,0.0,43.1,73.72,116.82
2026-07-22,0.0,-35.61,0.44,-35.17
2026-07-23,5.16,-120.08,-286.22,-401.14000000000004
2026-07-24,-272.38,50.94,44.55,-176.89
2026-07-27,-151.98,0.0,0.0,-151.98
2026-07-28,-167.94,6.96,211.31,50.33000000000001
2026-07-29,-175.08,-38.45,-199.9,-413.43000000000006
2026-07-30,4.02,103.11,151.72,258.85
2026-07-31,0.0,38.96,109.81,148.77
2026-08-03,370.1,0.0,0.0,370.1
2026-08-04,315.96,53.06,285.3,654.3199999999999
2026-08-05,0.0,27.05,118.75,145.8
2026-08-06,0.0,-9.21,40.25,31.04
2026-08-07,0.0,86.29,17.95,104.24000000000001
2026-08-10,0.0,0.0,0.0,0.0
2026-08-11,0.0,35.2,35.41,70.61
2026-08-12,0.0,77.73,69.77,147.5
2026-08-13,-40.68,50.34,66.37,76.03
2026-08-14,0.0,-11.07,-23.3,-34.370000000000005
2026-08-17,0.0,0.0,0.0,0.0
2026-08-18,0.0,-67.08,-39.18,-106.25999999999999
2026-08-19,0.0,102.3,101.41,203.70999999999998
2026-08-20,0.0,-100.21,-174.74,-274.95
2026-08-21,0.0,85.05,106.38,191.43
2026-08-24,-95.72,0.0,0.0,-95.72
2026-08-25,0.0,63.22,115.94,179.16
2026-08-26,0.0,-27.26,1.72,-25.540000000000003
2026-08-27,7.43,-8.83,-31.0,-32.4
2026-08-28,-236.74,-7.6,55.87,-188.47
2026-08-31,0.0,0.0,0.0,0.0
2026-09-01,0.0,-82.06,-128.5,-210.56
2026-09-02,0.0,36.33,74.96,111.28999999999999
2026-09-03,355.36,70.6,143.89,569.85
2026-09-04,-183.26,-63.0,-79.67,-325.93
