day,side,qty,entry_ts,entry_px,exit_ts,exit_px,stop_px,pnl,reason_in,reason_out
2016-01-07,-1,26,2016-01-07 14:30:00-06:00,193.57500000000002,2016-01-07 14:33:00-06:00,194.285,194.24,-184.6,"lasthalf short: r_first -1.31%, r_late -0.38%",stop
2016-01-11,1,23,2016-01-11 14:30:00-06:00,191.92999999999998,2016-01-11 14:58:00-06:00,192.305,191.17000000000002,86.25,"lasthalf long: r_first +0.11%, r_late +0.48%",flatten
2016-01-12,1,21,2016-01-12 14:30:00-06:00,193.385,2016-01-12 14:58:00-06:00,193.82500000000002,192.52,92.4,"lasthalf long: r_first +0.98%, r_late +0.26%",flatten
2016-01-13,1,18,2016-01-13 14:30:00-06:00,189.70499999999998,2016-01-13 14:48:00-06:00,188.685,188.73,-183.6,"lasthalf long: r_first +0.24%, r_late +0.17%",stop
2016-01-14,-1,18,2016-01-14 14:30:00-06:00,192.72500000000002,2016-01-14 14:58:00-06:00,192.0351,193.70000000000002,124.18,"lasthalf short: r_first -0.48%, r_late -0.09%",flatten
2016-01-15,-1,18,2016-01-15 14:30:00-06:00,187.87,2016-01-15 14:58:00-06:00,187.625,188.84,44.1,"lasthalf short: r_first -2.26%, r_late -0.15%",flatten
2016-01-19,1,18,2016-01-19 14:30:00-06:00,188.045,2016-01-19 14:58:00-06:00,188.16500000000002,187.06,21.6,"lasthalf long: r_first +0.68%, r_late +0.70%",flatten
2016-01-21,-1,18,2016-01-21 14:30:00-06:00,186.78500000000003,2016-01-21 14:58:00-06:00,187.18499999999997,187.79,-72.0,"lasthalf short: r_first -0.37%, r_late -0.28%",flatten
2016-01-25,-1,18,2016-01-25 14:30:00-06:00,187.99,2016-01-25 14:58:00-06:00,187.665,188.99,58.5,"lasthalf short: r_first -0.46%, r_late -0.50%",flatten
2016-01-27,-1,18,2016-01-27 14:30:00-06:00,187.66500000000002,2016-01-27 14:58:00-06:00,188.035,188.66,-66.6,"lasthalf short: r_first -0.31%, r_late -0.47%",flatten
2016-01-28,1,18,2016-01-28 14:30:00-06:00,189.24499999999998,2016-01-28 14:58:00-06:00,189.245,188.24,0.0,"lasthalf long: r_first +0.84%, r_late +0.00%",flatten
2016-01-29,1,18,2016-01-29 14:30:00-06:00,193.225,2016-01-29 14:58:00-06:00,193.47500000000002,192.22,45.0,"lasthalf long: r_first +1.06%, r_late +0.29%",flatten
2016-02-02,-1,18,2016-02-02 14:30:00-06:00,189.935,2016-02-02 14:58:00-06:00,190.24499999999998,190.9,-55.8,"lasthalf short: r_first -1.29%, r_late +0.00%",flatten
2016-02-04,-1,19,2016-02-04 14:30:00-06:00,190.995,2016-02-04 14:58:00-06:00,191.625,191.94,-119.7,"lasthalf short: r_first -0.09%, r_late -0.04%",flatten
2016-02-09,-1,20,2016-02-09 14:30:00-06:00,185.485,2016-02-09 14:58:00-06:00,185.42499999999998,186.4,12.0,"lasthalf short: r_first -0.07%, r_late -0.10%",flatten
2016-02-12,1,19,2016-02-12 14:30:00-06:00,186.64499999999998,2016-02-12 14:58:00-06:00,186.58,185.72,-12.35,"lasthalf long: r_first +0.67%, r_late +0.22%",flatten
2016-02-16,1,19,2016-02-16 14:30:00-06:00,189.725,2016-02-16 14:58:00-06:00,189.645,188.8,-15.2,"lasthalf long: r_first +0.88%, r_late +0.13%",flatten
2016-02-17,1,19,2016-02-17 14:30:00-06:00,192.83999999999997,2016-02-17 14:58:00-06:00,192.865,191.92000000000002,4.75,"lasthalf long: r_first +0.90%, r_late +0.04%",flatten
2016-02-18,-1,20,2016-02-18 14:30:00-06:00,192.1251,2016-02-18 14:58:00-06:00,192.05499999999998,193.04,14.02,"lasthalf short: r_first -0.08%, r_late -0.21%",flatten
2016-02-22,1,21,2016-02-22 14:30:00-06:00,194.545,2016-02-22 14:58:00-06:00,194.68,193.72,28.35,"lasthalf long: r_first +1.30%, r_late +0.01%",flatten
2016-02-23,-1,21,2016-02-23 14:30:00-06:00,192.25500000000002,2016-02-23 14:58:00-06:00,192.48499999999999,193.08,-48.3,"lasthalf short: r_first -0.40%, r_late -0.16%",flatten
2016-02-25,1,28,2016-02-25 14:30:00-06:00,194.795,2016-02-25 14:58:00-06:00,195.39000000000001,194.17000000000002,166.6,"lasthalf long: r_first +0.08%, r_late +0.16%",flatten
2016-02-26,1,29,2016-02-26 14:30:00-06:00,195.23,2016-02-26 14:58:00-06:00,195.215,194.64000000000001,-4.35,"lasthalf long: r_first +0.33%, r_late +0.10%",flatten
2016-03-02,-1,29,2016-03-02 14:30:00-06:00,198.425,2016-03-02 14:58:00-06:00,199.015,199.01,-171.1,"lasthalf short: r_first -0.27%, r_late +0.00%",flatten
2016-03-08,-1,30,2016-03-08 14:30:00-06:00,198.51500000000001,2016-03-08 14:58:00-06:00,198.5051,199.08,2.97,"lasthalf short: r_first -0.77%, r_late -0.28%",flatten
2016-03-10,1,30,2016-03-10 14:30:00-06:00,199.73499999999999,2016-03-10 14:40:00-06:00,199.12500000000003,199.17000000000002,-183.0,"lasthalf long: r_first +0.69%, r_late +0.37%",stop
2016-03-11,1,30,2016-03-11 14:30:00-06:00,202.635,2016-03-11 14:58:00-06:00,202.72490000000002,202.08,26.97,"lasthalf long: r_first +0.97%, r_late +0.24%",flatten
2016-03-22,-1,36,2016-03-22 14:30:00-05:00,204.485,2016-03-22 14:58:00-05:00,204.575,204.94,-32.4,"lasthalf short: r_first -0.24%, r_late -0.10%",flatten
2016-03-23,-1,37,2016-03-23 14:30:00-05:00,203.155,2016-03-23 14:58:00-05:00,203.375,203.6,-81.4,"lasthalf short: r_first -0.34%, r_late -0.01%",flatten
2016-03-30,1,40,2016-03-30 14:30:00-05:00,206.48499999999999,2016-03-30 14:55:00-05:00,206.03500000000003,206.08,-180.0,"lasthalf long: r_first +0.68%, r_late +0.11%",stop
2016-04-05,-1,41,2016-04-05 14:30:00-05:00,204.465,2016-04-05 14:58:00-05:00,204.015,204.86,184.5,"lasthalf short: r_first -0.81%, r_late -0.20%",flatten
2016-04-06,1,40,2016-04-06 14:30:00-05:00,206.125,2016-04-06 14:58:00-05:00,206.345,205.72,88.0,"lasthalf long: r_first +0.08%, r_late +0.22%",flatten
2016-04-12,1,38,2016-04-12 14:30:00-05:00,206.035,2016-04-12 14:58:00-05:00,205.875,205.6,-60.8,"lasthalf long: r_first +0.25%, r_late +0.01%",flatten
2016-04-13,1,38,2016-04-13 14:30:00-05:00,207.86999999999998,2016-04-13 14:58:00-05:00,208.025,207.44,58.9,"lasthalf long: r_first +0.65%, r_late +0.11%",flatten
2016-04-14,-1,39,2016-04-14 14:30:00-05:00,208.03500000000003,2016-04-14 14:58:00-05:00,208.015,208.46,7.8,"lasthalf short: r_first -0.14%, r_late -0.00%",flatten
2016-04-19,1,42,2016-04-19 14:30:00-05:00,209.845,2016-04-19 14:58:00-05:00,209.685,209.46,-67.2,"lasthalf long: r_first +0.33%, r_late +0.11%",flatten
2016-04-21,-1,41,2016-04-21 14:30:00-05:00,208.645,2016-04-21 14:42:00-05:00,209.08499999999998,209.04,-180.4,"lasthalf short: r_first -0.25%, r_late -0.11%",stop
2016-04-25,-1,40,2016-04-25 14:30:00-05:00,208.10500000000002,2016-04-25 14:58:00-05:00,208.475,208.51,-148.0,"lasthalf short: r_first -0.41%, r_late -0.06%",flatten
2016-04-28,-1,42,2016-04-28 14:30:00-05:00,207.025,2016-04-28 14:36:00-05:00,207.445,207.4,-176.4,"lasthalf short: r_first -0.14%, r_late -0.73%",stop
2016-05-02,1,42,2016-05-02 14:30:00-05:00,207.95,2016-05-02 14:58:00-05:00,207.91500000000002,207.57,-14.7,"lasthalf long: r_first +0.15%, r_late +0.08%",flatten
2016-05-03,-1,42,2016-05-03 14:30:00-05:00,206.04500000000002,2016-05-03 14:58:00-05:00,206.20499999999998,206.42000000000002,-67.2,"lasthalf short: r_first -0.90%, r_late -0.11%",flatten
2016-05-05,1,39,2016-05-05 14:30:00-05:00,204.92499999999998,2016-05-05 14:58:00-05:00,204.79500000000002,204.52,-50.7,"lasthalf long: r_first +0.21%, r_late +0.07%",flatten
2016-05-10,1,37,2016-05-10 14:30:00-05:00,208.27499999999998,2016-05-10 14:58:00-05:00,208.395,207.83,44.4,"lasthalf long: r_first +0.68%, r_late +0.12%",flatten
2016-05-13,-1,37,2016-05-13 14:30:00-05:00,204.705,2016-05-13 14:58:00-05:00,204.85999999999999,205.14000000000001,-57.35,"lasthalf short: r_first -0.16%, r_late -0.01%",flatten
2016-05-17,-1,37,2016-05-17 14:30:00-05:00,204.41500000000002,2016-05-17 14:40:00-05:00,204.905,204.86,-181.3,"lasthalf short: r_first -0.24%, r_late -0.19%",stop
2016-05-24,1,37,2016-05-24 14:30:00-05:00,208.155,2016-05-24 14:58:00-05:00,207.93,207.70000000000002,-83.25,"lasthalf long: r_first +0.84%, r_late +0.15%",flatten
2016-05-25,1,38,2016-05-25 14:30:00-05:00,209.80499999999998,2016-05-25 14:45:00-05:00,209.32500000000002,209.37,-182.4,"lasthalf long: r_first +0.65%, r_late +0.26%",stop
2016-05-27,1,41,2016-05-27 14:30:00-05:00,209.975,2016-05-27 14:58:00-05:00,210.115,209.58,57.4,"lasthalf long: r_first +0.17%, r_late +0.03%",flatten
2016-05-31,1,43,2016-05-31 14:30:00-05:00,209.72,2016-05-31 14:58:00-05:00,210.215,209.35,212.85,"lasthalf long: r_first +0.09%, r_late +0.18%",flatten
2016-06-15,1,46,2016-06-15 14:30:00-05:00,208.875,2016-06-15 14:36:00-05:00,208.495,208.54,-174.8,"lasthalf long: r_first +0.27%, r_late +0.02%",stop
2016-06-17,-1,45,2016-06-17 14:30:00-05:00,206.625,2016-06-17 14:58:00-05:00,206.695,206.98000000000002,-31.5,"lasthalf short: r_first -0.72%, r_late -0.09%",flatten
2016-06-21,1,44,2016-06-21 14:30:00-05:00,208.825,2016-06-21 14:42:00-05:00,208.41500000000002,208.46,-180.4,"lasthalf long: r_first +0.15%, r_late +0.10%",stop
2016-06-24,-1,41,2016-06-24 14:30:00-05:00,203.025,2016-06-24 14:34:00-05:00,203.465,203.42000000000002,-180.4,"lasthalf short: r_first -2.29%, r_late -0.43%",stop
2016-06-29,1,35,2016-06-29 14:30:00-05:00,206.91,2016-06-29 14:53:00-05:00,206.395,206.44,-180.25,"lasthalf long: r_first +0.90%, r_late +0.11%",stop
2016-07-01,1,33,2016-07-01 14:30:00-05:00,210.105,2016-07-01 14:58:00-05:00,210.055,209.6,-16.5,"lasthalf long: r_first +0.25%, r_late +0.15%",flatten
2016-07-06,-1,38,2016-07-06 14:30:00-05:00,209.185,2016-07-06 14:41:00-05:00,209.665,209.62,-182.4,"lasthalf short: r_first -0.36%, r_late -0.16%",stop
2016-07-07,1,35,2016-07-07 14:30:00-05:00,209.23499999999999,2016-07-07 14:58:00-05:00,209.38500000000002,208.76,52.5,"lasthalf long: r_first +0.39%, r_late +0.22%",flatten
2016-07-11,1,38,2016-07-11 14:30:00-05:00,213.80499999999998,2016-07-11 14:58:00-05:00,213.41500000000002,213.37,-148.2,"lasthalf long: r_first +0.38%, r_late +0.02%",flatten
2016-07-14,1,40,2016-07-14 14:30:00-05:00,216.43499999999997,2016-07-14 14:58:00-05:00,216.155,216.03,-112.0,"lasthalf long: r_first +0.62%, r_late +0.13%",flatten
2016-07-15,1,40,2016-07-15 14:30:00-05:00,216.0,2016-07-15 14:58:00-05:00,215.835,215.6,-66.0,"lasthalf long: r_first +0.10%, r_late +0.07%",flatten
2016-07-26,1,52,2016-07-26 14:30:00-05:00,216.64499999999998,2016-07-26 14:58:00-05:00,216.655,216.36,5.2,"lasthalf long: r_first +0.13%, r_late +0.12%",flatten
2016-07-27,1,52,2016-07-27 14:30:00-05:00,216.855,2016-07-27 14:47:00-05:00,216.51500000000001,216.56,-176.8,"lasthalf long: r_first +0.16%, r_late +0.10%",stop
2016-07-29,-1,52,2016-07-29 14:30:00-05:00,216.98000000000002,2016-07-29 14:44:00-05:00,217.315,217.27,-174.2,"lasthalf short: r_first -0.14%, r_late -0.08%",stop
2016-08-01,-1,51,2016-08-01 14:30:00-05:00,216.455,2016-08-01 14:42:00-05:00,216.80499999999998,216.76,-178.5,"lasthalf short: r_first -0.09%, r_late -0.18%",stop
2016-08-04,-1,51,2016-08-04 14:30:00-05:00,216.23000000000002,2016-08-04 14:58:00-05:00,216.43499999999997,216.53,-104.55,"lasthalf short: r_first -0.05%, r_late -0.01%",flatten
2016-08-05,1,51,2016-08-05 14:30:00-05:00,218.17999999999998,2016-08-05 14:58:00-05:00,218.07500000000002,217.88,-53.55,"lasthalf long: r_first +0.67%, r_late +0.07%",flatten
2016-08-09,1,51,2016-08-09 14:30:00-05:00,218.18499999999997,2016-08-09 14:58:00-05:00,218.095,217.88,-45.9,"lasthalf long: r_first +0.17%, r_late +0.05%",flatten
2016-08-11,1,50,2016-08-11 14:30:00-05:00,218.71499999999997,2016-08-11 14:58:00-05:00,218.685,218.4,-15.0,"lasthalf long: r_first +0.24%, r_late +0.00%",flatten
2016-08-16,-1,55,2016-08-16 14:30:00-05:00,218.28500000000003,2016-08-16 14:58:00-05:00,218.075,218.56,115.5,"lasthalf short: r_first -0.34%, r_late -0.02%",flatten
2016-08-23,1,60,2016-08-23 14:30:00-05:00,219.17499999999998,2016-08-23 14:58:00-05:00,218.91500000000002,218.94,-156.0,"lasthalf long: r_first +0.46%, r_late +0.00%",flatten
2016-08-24,-1,60,2016-08-24 14:30:00-05:00,217.76000000000002,2016-08-24 14:58:00-05:00,217.71499999999997,217.99,27.0,"lasthalf short: r_first -0.08%, r_late -0.19%",flatten
2016-08-26,1,60,2016-08-26 14:30:00-05:00,217.21499999999997,2016-08-26 14:58:00-05:00,217.13000000000002,216.97,-51.0,"lasthalf long: r_first +0.22%, r_late +0.24%",flatten
2016-09-01,-1,54,2016-09-01 14:30:00-05:00,216.92000000000002,2016-09-01 14:40:00-05:00,217.245,217.20000000000002,-175.5,"lasthalf short: r_first -0.07%, r_late -0.07%",stop
2016-09-02,1,52,2016-09-02 14:30:00-05:00,218.405,2016-09-02 14:58:00-05:00,218.31500000000003,218.12,-46.8,"lasthalf long: r_first +0.61%, r_late +0.04%",flatten
2016-09-08,-1,54,2016-09-08 14:30:00-05:00,218.53500000000003,2016-09-08 14:58:00-05:00,218.665,218.82,-70.2,"lasthalf short: r_first -0.33%, r_late -0.05%",flatten
2016-09-09,-1,52,2016-09-09 14:30:00-05:00,214.34,2016-09-09 14:58:00-05:00,213.565,214.63,403.0,"lasthalf short: r_first -0.92%, r_late -0.02%",flatten
2016-09-12,1,51,2016-09-12 14:30:00-05:00,216.48499999999999,2016-09-12 14:58:00-05:00,216.395,216.18,-45.9,"lasthalf long: r_first +0.08%, r_late +0.06%",flatten
2016-09-21,1,39,2016-09-21 14:30:00-05:00,215.39499999999998,2016-09-21 14:58:00-05:00,215.79500000000002,214.98000000000002,156.0,"lasthalf long: r_first +0.53%, r_late +0.20%",flatten
2016-09-30,1,37,2016-09-30 14:30:00-05:00,216.99499999999998,2016-09-30 14:56:00-05:00,216.50500000000002,216.55,-181.3,"lasthalf long: r_first +0.37%, r_late +0.04%",stop
2016-10-03,-1,39,2016-10-03 14:30:00-05:00,215.43,2016-10-03 14:41:00-05:00,215.89499999999998,215.85,-181.35,"lasthalf short: r_first -0.42%, r_late +0.00%",stop
2016-10-04,1,39,2016-10-04 14:30:00-05:00,214.70499999999998,2016-10-04 14:58:00-05:00,214.525,214.28,-70.2,"lasthalf long: r_first +0.16%, r_late +0.30%",flatten
2016-10-06,-1,41,2016-10-06 14:30:00-05:00,215.675,2016-10-06 14:58:00-05:00,215.815,216.06,-57.4,"lasthalf short: r_first -0.28%, r_late -0.03%",flatten
2016-10-07,-1,43,2016-10-07 14:30:00-05:00,215.28500000000003,2016-10-07 14:58:00-05:00,215.4125,215.66,-54.82,"lasthalf short: r_first -0.28%, r_late -0.02%",flatten
2016-10-13,-1,44,2016-10-13 14:30:00-05:00,213.19500000000002,2016-10-13 14:58:00-05:00,212.885,213.56,136.4,"lasthalf short: r_first -1.05%, r_late -0.12%",flatten
2016-10-14,1,42,2016-10-14 14:30:00-05:00,213.385,2016-10-14 14:58:00-05:00,213.215,213.0,-71.4,"lasthalf long: r_first +0.64%, r_late +0.07%",flatten
2016-10-17,-1,39,2016-10-17 14:30:00-05:00,212.41000000000003,2016-10-17 14:58:00-05:00,212.445,212.82,-13.65,"lasthalf short: r_first -0.23%, r_late -0.10%",flatten
2016-10-20,-1,44,2016-10-20 14:30:00-05:00,213.845,2016-10-20 14:58:00-05:00,214.165,214.20000000000002,-140.8,"lasthalf short: r_first -0.05%, r_late -0.10%",flatten
2016-10-21,-1,42,2016-10-21 14:30:00-05:00,213.86,2016-10-21 14:58:00-05:00,213.99499999999998,214.24,-56.7,"lasthalf short: r_first -0.34%, r_late -0.04%",flatten
2016-11-04,-1,43,2016-11-04 14:30:00-05:00,208.925,2016-11-04 14:58:00-05:00,208.655,209.3,116.1,"lasthalf short: r_first -0.16%, r_late -0.12%",flatten
2016-11-07,1,43,2016-11-07 14:30:00-06:00,212.625,2016-11-07 14:58:00-06:00,213.06500000000003,212.26,189.2,"lasthalf long: r_first +1.55%, r_late +0.00%",flatten
2016-11-09,1,41,2016-11-09 14:30:00-06:00,216.915,2016-11-09 14:33:00-06:00,216.47500000000002,216.52,-180.4,"lasthalf long: r_first +0.17%, r_late +0.19%",stop
2016-11-15,1,32,2016-11-15 14:30:00-06:00,218.125,2016-11-15 14:58:00-06:00,218.04000000000002,217.6,-27.2,"lasthalf long: r_first +0.19%, r_late +0.01%",flatten
2016-11-16,-1,32,2016-11-16 14:30:00-06:00,217.82500000000002,2016-11-16 14:58:00-06:00,217.96499999999997,218.35,-44.8,"lasthalf short: r_first -0.31%, r_late +0.00%",flatten
2016-11-17,1,32,2016-11-17 14:30:00-06:00,218.86999999999998,2016-11-17 14:58:00-06:00,218.89000000000001,218.35,6.4,"lasthalf long: r_first +0.30%, r_late +0.05%",flatten
2016-11-21,1,35,2016-11-21 14:30:00-06:00,219.905,2016-11-21 14:58:00-06:00,220.04500000000002,219.42000000000002,49.0,"lasthalf long: r_first +0.49%, r_late +0.03%",flatten
2016-11-22,1,38,2016-11-22 14:30:00-06:00,220.46499999999997,2016-11-22 14:58:00-06:00,220.675,220.03,79.8,"lasthalf long: r_first +0.18%, r_late +0.03%",flatten
2016-11-25,1,52,2016-11-25 14:30:00-06:00,221.74499999999998,2016-11-25 14:59:00-06:00,221.645,221.45000000000002,-52.0,"lasthalf long: r_first +0.25%, r_late +0.00%",flatten
2016-11-28,-1,52,2016-11-28 14:30:00-06:00,220.53500000000003,2016-11-28 14:58:00-06:00,220.535,220.82,0.0,"lasthalf short: r_first -0.21%, r_late -0.16%",flatten
2016-11-29,-1,52,2016-11-29 14:30:00-06:00,220.875,2016-11-29 14:58:00-06:00,220.89499999999998,221.16,-10.4,"lasthalf short: r_first -0.11%, r_late -0.14%",flatten
2016-11-30,1,54,2016-11-30 14:30:00-06:00,221.03,2016-11-30 14:45:00-06:00,220.705,220.75,-175.5,"lasthalf long: r_first +0.25%, r_late +0.18%",stop
2016-12-02,1,54,2016-12-02 14:30:00-06:00,219.655,2016-12-02 14:58:00-06:00,219.525,219.38,-70.2,"lasthalf long: r_first +0.18%, r_late +0.09%",flatten
2016-12-05,1,54,2016-12-05 14:30:00-06:00,220.945,2016-12-05 14:58:00-06:00,220.905,220.66,-21.6,"lasthalf long: r_first +0.66%, r_late +0.08%",flatten
2016-12-09,1,54,2016-12-09 14:30:00-06:00,226.48499999999999,2016-12-09 14:58:00-06:00,226.28500000000003,226.20000000000002,-108.0,"lasthalf long: r_first +0.27%, r_late +0.17%",flatten
2016-12-12,1,54,2016-12-12 14:30:00-06:00,226.08499999999998,2016-12-12 14:58:00-06:00,226.145,225.8,32.4,"lasthalf long: r_first +0.15%, r_late +0.03%",flatten
2016-12-13,1,52,2016-12-13 14:30:00-06:00,227.93499999999997,2016-12-13 14:57:00-06:00,227.59500000000003,227.64000000000001,-176.8,"lasthalf long: r_first +0.59%, r_late +0.05%",stop
2016-12-14,-1,51,2016-12-14 14:30:00-06:00,226.01500000000001,2016-12-14 14:31:00-06:00,226.36499999999998,226.32,-178.5,"lasthalf short: r_first -0.07%, r_late -0.12%",stop
2016-12-16,-1,46,2016-12-16 14:30:00-06:00,224.82610000000003,2016-12-16 14:58:00-06:00,224.945,225.17000000000002,-54.69,"lasthalf short: r_first -0.44%, r_late -0.09%",flatten
2016-12-20,1,45,2016-12-20 14:30:00-06:00,226.255,2016-12-20 14:58:00-06:00,226.215,225.9,-18.0,"lasthalf long: r_first +0.41%, r_late +0.07%",flatten
2016-12-21,-1,45,2016-12-21 14:30:00-06:00,225.94920000000002,2016-12-21 14:58:00-06:00,225.915,226.3,15.39,"lasthalf short: r_first -0.10%, r_late -0.08%",flatten
2016-12-22,-1,45,2016-12-22 14:30:00-06:00,225.12,2016-12-22 14:58:00-06:00,225.325,225.47,-92.25,"lasthalf short: r_first -0.18%, r_late -0.11%",flatten
2016-12-27,1,46,2016-12-27 14:30:00-06:00,226.42999999999998,2016-12-27 14:58:00-06:00,226.15,226.09,-128.8,"lasthalf long: r_first +0.41%, r_late +0.01%",flatten
2016-12-28,-1,46,2016-12-28 14:30:00-06:00,224.485,2016-12-28 14:58:00-06:00,224.48499999999999,224.82,0.0,"lasthalf short: r_first -0.31%, r_late -0.02%",flatten
2016-12-29,1,50,2016-12-29 14:30:00-06:00,224.325,2016-12-29 14:58:00-06:00,224.28,224.01,-22.5,"lasthalf long: r_first +0.06%, r_late +0.00%",flatten
2017-01-03,1,50,2017-01-03 14:30:00-06:00,224.415,2017-01-03 14:58:00-06:00,225.00500000000002,224.1,295.0,"lasthalf long: r_first +0.65%, r_late +0.02%",flatten
2017-01-04,1,50,2017-01-04 14:30:00-06:00,226.61499999999998,2017-01-04 14:58:00-06:00,226.53,226.3,-42.5,"lasthalf long: r_first +0.37%, r_late +0.04%",flatten
2017-01-11,1,55,2017-01-11 14:30:00-06:00,226.765,2017-01-11 14:58:00-06:00,226.94500000000002,226.49,99.0,"lasthalf long: r_first +0.16%, r_late +0.05%",flatten
2017-01-12,-1,54,2017-01-12 14:30:00-06:00,226.35500000000002,2017-01-12 14:39:00-06:00,226.685,226.64000000000001,-178.2,"lasthalf short: r_first -0.46%, r_late -0.09%",stop
2017-01-17,-1,52,2017-01-17 14:30:00-06:00,225.925,2017-01-17 14:39:00-06:00,226.265,226.22,-176.8,"lasthalf short: r_first -0.38%, r_late -0.03%",stop
2017-01-18,1,51,2017-01-18 14:30:00-06:00,226.545,2017-01-18 14:58:00-06:00,226.68,226.24,68.85,"lasthalf long: r_first +0.06%, r_late +0.00%",flatten
2017-01-25,1,51,2017-01-25 14:30:00-06:00,229.385,2017-01-25 14:58:00-06:00,229.495,229.08,56.1,"lasthalf long: r_first +0.58%, r_late +0.06%",flatten
2017-01-27,-1,51,2017-01-27 14:30:00-06:00,228.72500000000002,2017-01-27 14:58:00-06:00,229.045,229.03,-163.2,"lasthalf short: r_first -0.12%, r_late -0.08%",flatten
2017-01-30,-1,51,2017-01-30 14:30:00-06:00,227.07500000000002,2017-01-30 14:45:00-06:00,227.42499999999998,227.38,-178.5,"lasthalf short: r_first -0.74%, r_late -0.08%",stop
2017-02-01,1,50,2017-02-01 14:30:00-06:00,227.71499999999997,2017-02-01 14:58:00-06:00,227.60500000000002,227.4,-55.0,"lasthalf long: r_first +0.28%, r_late +0.14%",flatten
2017-02-07,1,51,2017-02-07 14:30:00-06:00,229.05499999999998,2017-02-07 14:58:00-06:00,228.86,228.75,-99.45,"lasthalf long: r_first +0.22%, r_late +0.00%",flatten
2017-02-10,1,55,2017-02-10 14:30:00-06:00,231.535,2017-02-10 14:58:00-06:00,231.45000000000002,231.26,-46.75,"lasthalf long: r_first +0.23%, r_late +0.04%",flatten
2017-02-13,1,55,2017-02-13 14:30:00-06:00,232.80499999999998,2017-02-13 14:58:00-06:00,232.60000000000002,232.53,-112.75,"lasthalf long: r_first +0.35%, r_late +0.01%",flatten
2017-02-21,1,57,2017-02-21 14:30:00-06:00,236.625,2017-02-21 14:58:00-06:00,236.50500000000002,236.36,-68.4,"lasthalf long: r_first +0.44%, r_late +0.09%",flatten
2017-02-28,-1,55,2017-02-28 14:30:00-06:00,236.375,2017-02-28 14:55:00-06:00,236.685,236.64000000000001,-170.5,"lasthalf short: r_first -0.19%, r_late -0.03%",stop
2017-03-02,-1,55,2017-03-02 14:30:00-06:00,238.585,2017-03-02 14:58:00-06:00,238.36999999999998,238.86,118.25,"lasthalf short: r_first -0.15%, r_late -0.14%",flatten
2017-03-07,-1,52,2017-03-07 14:30:00-06:00,237.175,2017-03-07 14:58:00-06:00,237.05509999999998,237.46,62.35,"lasthalf short: r_first -0.25%, r_late -0.08%",flatten
2017-03-09,1,54,2017-03-09 14:30:00-06:00,236.755,2017-03-09 14:58:00-06:00,236.715,236.48000000000002,-21.6,"lasthalf long: r_first +0.13%, r_late +0.17%",flatten
2017-03-10,1,54,2017-03-10 14:30:00-06:00,237.635,2017-03-10 14:58:00-06:00,237.435,237.36,-108.0,"lasthalf long: r_first +0.47%, r_late +0.13%",flatten
2017-03-13,-1,52,2017-03-13 14:30:00-05:00,237.59,2017-03-13 14:58:00-05:00,237.80499999999998,237.88,-111.8,"lasthalf short: r_first -0.08%, r_late -0.01%",flatten
2017-03-15,1,52,2017-03-15 14:30:00-05:00,239.16,2017-03-15 14:58:00-05:00,238.91500000000002,238.87,-127.4,"lasthalf long: r_first +0.26%, r_late +0.12%",flatten
2017-03-17,-1,51,2017-03-17 14:30:00-05:00,237.455,2017-03-17 14:58:00-05:00,237.295,237.76,81.6,"lasthalf short: r_first -0.39%, r_late -0.06%",flatten
2017-03-21,1,50,2017-03-21 14:30:00-05:00,234.505,2017-03-21 14:38:00-05:00,234.15500000000003,234.20000000000002,-175.0,"lasthalf long: r_first +0.17%, r_late +0.01%",stop
2017-03-27,-1,50,2017-03-27 14:30:00-05:00,233.50500000000002,2017-03-27 14:39:00-05:00,233.86499999999998,233.82,-180.0,"lasthalf short: r_first -0.61%, r_late -0.00%",stop
2017-03-30,1,46,2017-03-30 14:30:00-05:00,236.385,2017-03-30 14:58:00-05:00,236.155,236.04,-105.8,"lasthalf long: r_first +0.06%, r_late +0.06%",flatten
2017-04-04,-1,40,2017-04-04 14:30:00-05:00,235.125,2017-04-04 14:55:00-05:00,235.565,235.52,-176.0,"lasthalf short: r_first -0.13%, r_late -0.03%",stop
2017-04-06,1,37,2017-04-06 14:30:00-05:00,235.295,2017-04-06 14:58:00-05:00,235.31500000000003,234.86,7.4,"lasthalf long: r_first +0.23%, r_late +0.11%",flatten
2017-04-07,-1,37,2017-04-07 14:30:00-05:00,235.335,2017-04-07 14:58:00-05:00,235.355,235.78,-7.4,"lasthalf short: r_first -0.28%, r_late -0.02%",flatten
2017-04-11,-1,37,2017-04-11 14:30:00-05:00,234.495,2017-04-11 14:58:00-05:00,234.825,234.94,-122.1,"lasthalf short: r_first -0.35%, r_late -0.11%",flatten
2017-04-12,-1,37,2017-04-12 14:30:00-05:00,234.13500000000002,2017-04-12 14:58:00-05:00,234.08499999999998,234.58,18.5,"lasthalf short: r_first -0.16%, r_late -0.02%",flatten
2017-04-17,1,37,2017-04-17 14:30:00-05:00,234.415,2017-04-17 14:58:00-05:00,234.5,233.98000000000002,31.45,"lasthalf long: r_first +0.29%, r_late +0.22%",flatten
2017-04-21,-1,39,2017-04-21 14:30:00-05:00,234.655,2017-04-21 14:58:00-05:00,234.755,235.06,-39.0,"lasthalf short: r_first -0.10%, r_late -0.05%",flatten
2017-04-24,1,39,2017-04-24 14:30:00-05:00,237.30499999999998,2017-04-24 14:58:00-05:00,237.055,236.89000000000001,-97.5,"lasthalf long: r_first +1.03%, r_late +0.05%",flatten
2017-04-25,1,41,2017-04-25 14:30:00-05:00,238.875,2017-04-25 14:58:00-05:00,238.63500000000002,238.48000000000002,-98.4,"lasthalf long: r_first +0.54%, r_late +0.09%",flatten
2017-04-26,1,41,2017-04-26 14:30:00-05:00,239.11499999999998,2017-04-26 14:37:00-05:00,238.675,238.72,-180.4,"lasthalf long: r_first +0.11%, r_late +0.01%",stop
2017-05-03,-1,46,2017-05-03 14:30:00-05:00,238.375,2017-05-03 14:54:00-05:00,238.765,238.72,-179.4,"lasthalf short: r_first -0.17%, r_late -0.01%",stop
2017-05-08,-1,48,2017-05-08 14:30:00-05:00,239.525,2017-05-08 14:58:00-05:00,239.70499999999998,239.84,-86.4,"lasthalf short: r_first -0.10%, r_late -0.01%",flatten
2017-05-09,1,54,2017-05-09 14:30:00-05:00,239.68499999999997,2017-05-09 14:36:00-05:00,239.35500000000002,239.4,-178.2,"lasthalf long: r_first +0.13%, r_late +0.02%",stop
2017-05-11,-1,55,2017-05-11 14:30:00-05:00,239.235,2017-05-11 14:51:00-05:00,239.55499999999998,239.51,-176.0,"lasthalf short: r_first -0.54%, r_late -0.00%",stop
2017-05-12,-1,55,2017-05-12 14:30:00-05:00,238.79500000000002,2017-05-12 14:58:00-05:00,239.0349,239.07,-131.94,"lasthalf short: r_first -0.18%, r_late -0.06%",flatten
2017-05-15,1,57,2017-05-15 14:30:00-05:00,240.11499999999998,2017-05-15 14:58:00-05:00,240.185,239.86,39.9,"lasthalf long: r_first +0.42%, r_late +0.03%",flatten
2017-05-16,1,58,2017-05-16 14:30:00-05:00,240.125,2017-05-16 14:58:00-05:00,240.025,239.88,-58.0,"lasthalf long: r_first +0.09%, r_late +0.08%",flatten
2017-05-17,-1,60,2017-05-17 14:30:00-05:00,236.485,2017-05-17 14:33:00-05:00,236.765,236.72,-168.0,"lasthalf short: r_first -0.97%, r_late +0.00%",stop
2017-05-18,-1,60,2017-05-18 14:30:00-05:00,237.00500000000002,2017-05-18 14:48:00-05:00,237.295,237.25,-174.0,"lasthalf short: r_first -0.07%, r_late -0.06%",stop
2017-05-22,1,58,2017-05-22 14:30:00-05:00,239.54,2017-05-22 14:58:00-05:00,239.56500000000003,239.29,14.5,"lasthalf long: r_first +0.39%, r_late +0.02%",flatten
2017-05-24,1,60,2017-05-24 14:30:00-05:00,240.46499999999997,2017-05-24 14:58:00-05:00,240.58,240.23000000000002,69.0,"lasthalf long: r_first +0.07%, r_late +0.03%",flatten
2017-05-30,-1,60,2017-05-30 14:30:00-05:00,241.58,2017-05-30 14:58:00-05:00,241.655,241.81,-45.0,"lasthalf short: r_first -0.10%, r_late -0.01%",flatten
2017-06-01,1,60,2017-06-01 14:30:00-05:00,242.92499999999998,2017-06-01 14:58:00-05:00,243.09,242.70000000000002,99.0,"lasthalf long: r_first +0.22%, r_late +0.03%",flatten
2017-06-06,-1,60,2017-06-06 14:30:00-05:00,243.47500000000002,2017-06-06 14:58:00-05:00,243.3251,243.70000000000002,89.94,"lasthalf short: r_first -0.13%, r_late -0.15%",flatten
2017-06-07,1,58,2017-06-07 14:30:00-05:00,243.765,2017-06-07 14:58:00-05:00,243.53500000000003,243.51,-133.4,"lasthalf long: r_first +0.20%, r_late +0.02%",flatten
2017-06-09,1,58,2017-06-09 14:30:00-05:00,243.52499999999998,2017-06-09 14:30:00-05:00,243.22500000000002,243.27,-174.0,"lasthalf long: r_first +0.29%, r_late +0.42%",stop
2017-06-12,-1,58,2017-06-12 14:30:00-05:00,242.82500000000002,2017-06-12 14:35:00-05:00,243.125,243.08,-174.0,"lasthalf short: r_first -0.34%, r_late -0.04%",stop
2017-06-13,1,55,2017-06-13 14:30:00-05:00,244.61999999999998,2017-06-13 14:52:00-05:00,244.305,244.35,-173.25,"lasthalf long: r_first +0.30%, r_late +0.10%",stop
2017-06-16,-1,51,2017-06-16 14:30:00-05:00,242.275,2017-06-16 14:57:00-05:00,242.625,242.58,-178.5,"lasthalf short: r_first -0.65%, r_late -0.05%",stop
2017-06-19,1,51,2017-06-19 14:30:00-05:00,244.4649,2017-06-19 14:58:00-05:00,244.485,244.16,10.25,"lasthalf long: r_first +0.52%, r_late +0.07%",flatten
2017-06-27,-1,47,2017-06-27 14:30:00-05:00,241.905,2017-06-27 14:58:00-05:00,241.545,242.24,169.2,"lasthalf short: r_first -0.18%, r_late -0.09%",flatten
2017-06-28,1,44,2017-06-28 14:30:00-05:00,243.69,2017-06-28 14:58:00-05:00,243.425,243.33,-116.6,"lasthalf long: r_first +0.40%, r_late +0.06%",flatten
2017-07-05,1,46,2017-07-05 14:30:00-05:00,242.785,2017-07-05 14:58:00-05:00,242.735,242.44,-23.0,"lasthalf long: r_first +0.16%, r_late +0.05%",flatten
2017-07-06,-1,47,2017-07-06 14:30:00-05:00,240.585,2017-07-06 14:58:00-05:00,240.665,240.92000000000002,-37.6,"lasthalf short: r_first -0.61%, r_late -0.20%",flatten
2017-07-07,1,47,2017-07-07 14:30:00-05:00,242.14499999999998,2017-07-07 14:58:00-05:00,242.15,241.81,2.35,"lasthalf long: r_first +0.38%, r_late +0.03%",flatten
2017-07-12,1,47,2017-07-12 14:30:00-05:00,244.135,2017-07-12 14:58:00-05:00,243.94500000000002,243.8,-89.3,"lasthalf long: r_first +0.71%, r_late +0.01%",flatten
2017-07-14,1,50,2017-07-14 14:30:00-05:00,245.86499999999998,2017-07-14 14:55:00-05:00,245.50500000000002,245.55,-180.0,"lasthalf long: r_first +0.13%, r_late +0.12%",stop
2017-07-19,1,54,2017-07-19 14:30:00-05:00,247.005,2017-07-19 14:58:00-05:00,246.82500000000002,246.72,-97.2,"lasthalf long: r_first +0.28%, r_late +0.07%",flatten
2017-07-20,1,58,2017-07-20 14:30:00-05:00,247.355,2017-07-20 14:46:00-05:00,247.055,247.1,-174.0,"lasthalf long: r_first +0.12%, r_late +0.04%",stop
2017-07-21,-1,58,2017-07-21 14:30:00-05:00,246.51500000000001,2017-07-21 14:48:00-05:00,246.805,246.76000000000002,-168.2,"lasthalf short: r_first -0.30%, r_late -0.05%",stop
2017-07-26,1,60,2017-07-26 14:30:00-05:00,247.48999999999998,2017-07-26 14:45:00-05:00,247.22500000000002,247.27,-159.0,"lasthalf long: r_first +0.10%, r_late +0.02%",stop
2017-07-27,1,60,2017-07-27 14:30:00-05:00,246.73499999999999,2017-07-27 14:58:00-05:00,246.8349,246.52,59.94,"lasthalf long: r_first +0.06%, r_late +0.09%",flatten
2017-07-28,-1,60,2017-07-28 14:30:00-05:00,246.705,2017-07-28 14:43:00-05:00,246.965,246.92000000000002,-156.0,"lasthalf short: r_first -0.30%, r_late -0.03%",stop
2017-08-02,-1,60,2017-08-02 14:30:00-05:00,247.19500000000002,2017-08-02 14:53:00-05:00,247.45499999999998,247.41,-156.0,"lasthalf short: r_first -0.05%, r_late -0.04%",stop
2017-08-04,1,60,2017-08-04 14:30:00-05:00,247.325,2017-08-04 14:58:00-05:00,247.35500000000002,247.1,18.0,"lasthalf long: r_first +0.12%, r_late +0.02%",flatten
2017-08-07,1,60,2017-08-07 14:30:00-05:00,247.905,2017-08-07 14:58:00-05:00,247.81490000000002,247.68,-54.06,"lasthalf long: r_first +0.07%, r_late +0.06%",flatten
2017-08-08,-1,60,2017-08-08 14:30:00-05:00,247.32000000000002,2017-08-08 14:58:00-05:00,247.255,247.53,39.0,"lasthalf short: r_first -0.10%, r_late -0.17%",flatten
2017-08-10,-1,60,2017-08-10 14:30:00-05:00,244.3,2017-08-10 14:58:00-05:00,243.8449,244.52,273.06,"lasthalf short: r_first -0.55%, r_late -0.26%",flatten
2017-08-11,1,60,2017-08-11 14:30:00-05:00,244.07999999999998,2017-08-11 14:58:00-05:00,244.145,243.86,39.0,"lasthalf long: r_first +0.16%, r_late +0.04%",flatten
2017-08-14,1,58,2017-08-14 14:30:00-05:00,246.725,2017-08-14 14:45:00-05:00,246.43500000000003,246.48000000000002,-168.2,"lasthalf long: r_first +0.85%, r_late +0.13%",stop
2017-08-15,1,58,2017-08-15 14:30:00-05:00,246.77499999999998,2017-08-15 14:57:00-05:00,246.47500000000002,246.52,-174.0,"lasthalf long: r_first +0.10%, r_late +0.03%",stop
2017-08-16,1,52,2017-08-16 14:30:00-05:00,246.95499999999998,2017-08-16 14:58:00-05:00,246.77,246.66,-96.2,"lasthalf long: r_first +0.26%, r_late +0.01%",flatten
2017-08-17,-1,54,2017-08-17 14:30:00-05:00,243.615,2017-08-17 14:32:00-05:00,243.945,243.9,-178.2,"lasthalf short: r_first -0.34%, r_late -0.25%",stop
2017-08-18,-1,52,2017-08-18 14:30:00-05:00,243.085,2017-08-18 14:58:00-05:00,242.74499999999998,243.38,176.8,"lasthalf short: r_first -0.38%, r_late -0.03%",flatten
2017-08-22,1,47,2017-08-22 14:30:00-05:00,245.39499999999998,2017-08-22 14:58:00-05:00,245.35510000000002,245.06,-18.75,"lasthalf long: r_first +0.55%, r_late +0.02%",flatten
2017-08-24,-1,50,2017-08-24 14:30:00-05:00,244.27,2017-08-24 14:58:00-05:00,244.09599999999998,244.58,87.0,"lasthalf short: r_first -0.14%, r_late -0.00%",flatten
2017-08-25,1,46,2017-08-25 14:30:00-05:00,245.075,2017-08-25 14:45:00-05:00,244.68500000000003,244.73000000000002,-179.4,"lasthalf long: r_first +0.51%, r_late +0.01%",stop
2017-08-31,1,50,2017-08-31 14:30:00-05:00,247.595,2017-08-31 14:58:00-05:00,247.4,247.28,-97.5,"lasthalf long: r_first +0.38%, r_late +0.00%",flatten
2017-09-01,1,51,2017-09-01 14:30:00-05:00,248.23999999999998,2017-09-01 14:58:00-05:00,248.00500000000002,247.94,-119.85,"lasthalf long: r_first +0.17%, r_late +0.02%",flatten
2017-09-06,1,50,2017-09-06 14:30:00-05:00,247.285,2017-09-06 14:50:00-05:00,246.93500000000003,246.98000000000002,-175.0,"lasthalf long: r_first +0.27%, r_late +0.07%",stop
2017-09-08,-1,50,2017-09-08 14:30:00-05:00,246.44000000000003,2017-09-08 14:58:00-05:00,246.605,246.75,-82.5,"lasthalf short: r_first -0.07%, r_late -0.11%",flatten
2017-09-11,1,51,2017-09-11 14:30:00-05:00,249.17499999999998,2017-09-11 14:58:00-05:00,249.04500000000002,248.87,-66.3,"lasthalf long: r_first +0.80%, r_late +0.03%",flatten
2017-09-12,1,52,2017-09-12 14:30:00-05:00,249.815,2017-09-12 14:58:00-05:00,249.91000000000003,249.52,49.4,"lasthalf long: r_first +0.24%, r_late +0.00%",flatten
2017-09-14,-1,54,2017-09-14 14:30:00-05:00,250.00500000000002,2017-09-14 14:58:00-05:00,250.045,250.29,-21.6,"lasthalf short: r_first -0.09%, r_late -0.02%",flatten
2017-09-18,1,58,2017-09-18 14:30:00-05:00,249.665,2017-09-18 14:58:00-05:00,249.66490000000002,249.42000000000002,-0.06,"lasthalf long: r_first +0.30%, r_late +0.06%",flatten
2017-09-26,1,60,2017-09-26 14:30:00-05:00,249.475,2017-09-26 14:42:00-05:00,249.235,249.28,-144.0,"lasthalf long: r_first +0.25%, r_late +0.08%",stop
2017-09-27,1,60,2017-09-27 14:30:00-05:00,250.46499999999997,2017-09-27 14:45:00-05:00,250.21500000000003,250.26000000000002,-150.0,"lasthalf long: r_first +0.28%, r_late +0.08%",stop
2017-09-28,-1,60,2017-09-28 14:30:00-05:00,250.10510000000002,2017-09-28 14:55:00-05:00,250.355,250.31,-149.94,"lasthalf short: r_first -0.08%, r_late -0.04%",stop
2017-10-02,1,60,2017-10-02 14:30:00-05:00,252.155,2017-10-02 14:58:00-05:00,252.13510000000002,251.96,-11.94,"lasthalf long: r_first +0.26%, r_late +0.00%",flatten
2017-10-03,1,60,2017-10-03 14:30:00-05:00,252.765,2017-10-03 14:58:00-05:00,252.705,252.55,-36.0,"lasthalf long: r_first +0.09%, r_late +0.00%",flatten
2017-10-06,-1,60,2017-10-06 14:30:00-05:00,254.175,2017-10-06 14:58:00-05:00,254.375,254.38,-120.0,"lasthalf short: r_first -0.13%, r_late -0.03%",flatten
2017-10-09,-1,60,2017-10-09 14:30:00-05:00,253.85500000000002,2017-10-09 14:58:00-05:00,253.93499999999997,254.07,-48.0,"lasthalf short: r_first -0.06%, r_late -0.03%",flatten
2017-10-10,1,60,2017-10-10 14:30:00-05:00,254.41,2017-10-10 14:58:00-05:00,254.41500000000002,254.20000000000002,3.0,"lasthalf long: r_first +0.30%, r_late +0.02%",flatten
2017-10-13,1,60,2017-10-13 14:30:00-05:00,255.135,2017-10-13 14:45:00-05:00,254.87500000000003,254.92000000000002,-156.0,"lasthalf long: r_first +0.12%, r_late +0.01%",stop
2017-10-16,1,60,2017-10-16 14:30:00-05:00,255.20499999999998,2017-10-16 14:58:00-05:00,255.26500000000001,255.0,36.0,"lasthalf long: r_first +0.18%, r_late +0.02%",flatten
2017-10-18,1,60,2017-10-18 14:30:00-05:00,255.92499999999998,2017-10-18 14:50:00-05:00,255.675,255.72,-150.0,"lasthalf long: r_first +0.10%, r_late +0.04%",stop
2017-10-26,1,60,2017-10-26 14:30:00-05:00,255.825,2017-10-26 14:36:00-05:00,255.57500000000002,255.62,-150.0,"lasthalf long: r_first +0.29%, r_late +0.00%",stop
2017-10-27,1,60,2017-10-27 14:30:00-05:00,257.75,2017-10-27 14:40:00-05:00,257.505,257.55,-147.0,"lasthalf long: r_first +0.36%, r_late +0.02%",stop
2017-10-30,-1,60,2017-10-30 14:30:00-05:00,256.675,2017-10-30 14:40:00-05:00,256.925,256.88,-150.0,"lasthalf short: r_first -0.16%, r_late -0.06%",stop
2017-10-31,1,60,2017-10-31 14:30:00-05:00,257.375,2017-10-31 14:33:00-05:00,257.115,257.16,-156.0,"lasthalf long: r_first +0.05%, r_late +0.00%",stop
2017-11-06,1,58,2017-11-06 14:30:00-06:00,259.005,2017-11-06 14:58:00-06:00,258.815,258.76,-110.2,"lasthalf long: r_first +0.05%, r_late +0.01%",flatten
2017-11-14,-1,55,2017-11-14 14:30:00-06:00,257.52,2017-11-14 14:58:00-06:00,257.795,257.79,-151.25,"lasthalf short: r_first -0.43%, r_late -0.04%",flatten
2017-11-15,-1,55,2017-11-15 14:30:00-06:00,256.525,2017-11-15 14:36:00-06:00,256.83500000000004,256.79,-170.5,"lasthalf short: r_first -0.71%, r_late -0.08%",stop
2017-11-16,1,55,2017-11-16 14:30:00-06:00,258.825,2017-11-16 14:52:00-06:00,258.515,258.56,-170.5,"lasthalf long: r_first +0.47%, r_late +0.00%",stop
2017-11-17,-1,55,2017-11-17 14:30:00-06:00,257.955,2017-11-17 14:58:00-06:00,257.96500000000003,258.22,-5.5,"lasthalf short: r_first -0.13%, r_late -0.08%",flatten
2017-11-28,1,60,2017-11-28 14:30:00-06:00,262.665,2017-11-28 14:58:00-06:00,262.59499999999997,262.44,-42.0,"lasthalf long: r_first +0.20%, r_late +0.08%",flatten
2017-11-29,1,60,2017-11-29 14:30:00-06:00,262.65000000000003,2017-11-29 14:58:00-06:00,262.78499999999997,262.41,81.0,"lasthalf long: r_first +0.25%, r_late +0.01%",flatten
2017-12-07,1,48,2017-12-07 14:30:00-06:00,264.055,2017-12-07 14:58:00-06:00,263.995,263.74,-28.8,"lasthalf long: r_first +0.13%, r_late +0.05%",flatten
2017-12-08,1,42,2017-12-08 14:30:00-06:00,265.285,2017-12-08 14:58:00-06:00,265.215,264.91,-29.4,"lasthalf long: r_first +0.38%, r_late +0.04%",flatten
2017-12-20,1,45,2017-12-20 14:30:00-06:00,267.195,2017-12-20 14:58:00-06:00,267.10499999999996,266.84000000000003,-40.5,"lasthalf long: r_first +0.09%, r_late +0.01%",flatten
2017-12-26,-1,47,2017-12-26 14:30:00-06:00,266.91499999999996,2017-12-26 14:58:00-06:00,267.095,267.24,-84.6,"lasthalf short: r_first -0.10%, r_late -0.07%",flatten
2018-01-02,1,57,2018-01-02 14:30:00-06:00,268.5351,2018-01-02 14:58:00-06:00,268.575,268.28000000000003,22.74,"lasthalf long: r_first +0.41%, r_late +0.06%",flatten
2018-01-03,1,57,2018-01-03 14:30:00-06:00,270.40500000000003,2018-01-03 14:58:00-06:00,270.495,270.15,51.3,"lasthalf long: r_first +0.28%, r_late +0.03%",flatten
2018-01-05,1,58,2018-01-05 14:30:00-06:00,273.135,2018-01-05 14:58:00-06:00,273.41499999999996,272.88,162.4,"lasthalf long: r_first +0.25%, r_late +0.09%",flatten
2018-01-10,-1,57,2018-01-10 14:30:00-06:00,273.76,2018-01-10 14:32:00-06:00,274.065,274.02,-173.85,"lasthalf short: r_first -0.42%, r_late -0.02%",stop
2018-01-11,1,57,2018-01-11 14:30:00-06:00,275.77500000000003,2018-01-11 14:58:00-06:00,275.91499999999996,275.52,79.8,"lasthalf long: r_first +0.35%, r_late +0.05%",flatten
2018-01-16,1,55,2018-01-16 14:30:00-06:00,277.575,2018-01-16 14:31:00-06:00,277.255,277.3,-176.0,"lasthalf long: r_first +0.75%, r_late +0.28%",stop
2018-01-19,1,52,2018-01-19 14:30:00-06:00,280.355,2018-01-19 14:58:00-06:00,280.245,280.06,-57.2,"lasthalf long: r_first +0.21%, r_late +0.12%",flatten
2018-01-22,1,48,2018-01-22 14:30:00-06:00,281.95500000000004,2018-01-22 14:58:00-06:00,282.35499999999996,281.64,192.0,"lasthalf long: r_first +0.10%, r_late +0.07%",flatten
2018-01-26,1,40,2018-01-26 14:30:00-06:00,286.005,2018-01-26 14:58:00-06:00,286.18,285.6,70.0,"lasthalf long: r_first +0.41%, r_late +0.16%",flatten
2018-01-29,-1,40,2018-01-29 14:30:00-06:00,285.09499999999997,2018-01-29 14:58:00-06:00,285.075,285.49,8.0,"lasthalf short: r_first -0.10%, r_late -0.15%",flatten
2018-01-31,1,39,2018-01-31 14:30:00-06:00,281.49,2018-01-31 14:58:00-06:00,281.885,281.08,154.05,"lasthalf long: r_first +0.40%, r_late +0.06%",flatten
2018-02-01,-1,38,2018-02-01 14:30:00-06:00,281.305,2018-02-01 14:58:00-06:00,281.485,281.74,-68.4,"lasthalf short: r_first -0.09%, r_late -0.27%",flatten
2018-02-06,1,30,2018-02-06 14:30:00-06:00,268.095,2018-02-06 14:31:00-06:00,267.485,267.53000000000003,-183.0,"lasthalf long: r_first +0.61%, r_late +0.48%",stop
2018-02-07,1,28,2018-02-07 14:30:00-06:00,270.31,2018-02-07 14:45:00-06:00,269.655,269.7,-183.4,"lasthalf long: r_first +0.33%, r_late +0.46%",stop
2018-02-08,-1,27,2018-02-08 14:30:00-06:00,261.815,2018-02-08 14:58:00-06:00,259.02500000000003,262.45,753.3,"lasthalf short: r_first -0.27%, r_late -0.13%",flatten
2018-02-09,1,26,2018-02-09 14:30:00-06:00,259.235,2018-02-09 14:58:00-06:00,261.875,258.58,686.4,"lasthalf long: r_first +1.18%, r_late +0.28%",flatten
2018-02-12,1,23,2018-02-12 14:30:00-06:00,266.485,2018-02-12 14:38:00-06:00,265.695,265.74,-181.7,"lasthalf long: r_first +0.76%, r_late +0.19%",stop
2018-02-15,1,18,2018-02-15 14:30:00-06:00,272.39000000000004,2018-02-15 14:58:00-06:00,272.565,271.41,31.5,"lasthalf long: r_first +0.65%, r_late +0.07%",flatten
2018-02-20,-1,17,2018-02-20 14:30:00-06:00,271.075,2018-02-20 14:58:00-06:00,271.795,272.12,-122.4,"lasthalf short: r_first -0.31%, r_late -0.23%",flatten
2018-02-22,1,17,2018-02-22 14:30:00-06:00,270.65500000000003,2018-02-22 14:58:00-06:00,270.325,269.6,-56.1,"lasthalf long: r_first +0.46%, r_late +0.10%",flatten
2018-02-23,1,17,2018-02-23 14:30:00-06:00,274.175,2018-02-23 14:58:00-06:00,274.465,273.1,49.3,"lasthalf long: r_first +0.58%, r_late +0.22%",flatten
2018-02-26,1,17,2018-02-26 14:30:00-06:00,277.915,2018-02-26 14:58:00-06:00,277.54499999999996,276.85,-62.9,"lasthalf long: r_first +0.56%, r_late +0.23%",flatten
2018-02-27,-1,17,2018-02-27 14:30:00-06:00,275.435,2018-02-27 14:58:00-06:00,274.935,276.46,85.0,"lasthalf short: r_first -0.06%, r_late -0.20%",flatten
2018-03-05,-1,17,2018-03-05 14:30:00-06:00,272.175,2018-03-05 14:58:00-06:00,272.485,273.2,-52.7,"lasthalf short: r_first -0.40%, r_late -0.11%",flatten
2018-03-08,1,19,2018-03-08 14:30:00-06:00,273.99,2018-03-08 14:45:00-06:00,272.995,273.04,-189.05,"lasthalf long: r_first +0.19%, r_late +0.10%",stop
2018-03-09,1,19,2018-03-09 14:30:00-06:00,278.24,2018-03-09 14:58:00-06:00,278.575,277.29,63.65,"lasthalf long: r_first +0.67%, r_late +0.01%",flatten
2018-03-12,1,20,2018-03-12 14:30:00-05:00,278.805,2018-03-12 14:58:00-05:00,278.84999999999997,277.92,9.0,"lasthalf long: r_first +0.27%, r_late +0.16%",flatten
2018-03-22,-1,22,2018-03-22 14:30:00-05:00,265.09499999999997,2018-03-22 14:58:00-05:00,264.01500000000004,265.87,237.6,"lasthalf short: r_first -1.02%, r_late -0.27%",flatten
2018-03-26,1,22,2018-03-26 14:30:00-05:00,264.58500000000004,2018-03-26 14:58:00-05:00,265.375,263.81,173.8,"lasthalf long: r_first +1.79%, r_late +0.36%",flatten
2018-03-28,1,22,2018-03-28 14:30:00-05:00,260.485,2018-03-28 14:58:00-05:00,260.04499999999996,259.71,-96.8,"lasthalf long: r_first +0.27%, r_late +0.04%",flatten
2018-04-02,-1,19,2018-04-02 14:30:00-05:00,255.925,2018-04-02 14:46:00-05:00,256.925,256.88,-190.0,"lasthalf short: r_first -0.65%, r_late -0.07%",stop
2018-04-03,1,16,2018-04-03 14:30:00-05:00,261.135,2018-04-03 14:35:00-05:00,259.995,260.04,-182.4,"lasthalf long: r_first +0.33%, r_late +0.65%",stop
2018-04-10,1,14,2018-04-10 14:30:00-05:00,265.625,2018-04-10 14:58:00-05:00,264.935,264.32,-96.6,"lasthalf long: r_first +1.02%, r_late +0.03%",flatten
2018-04-11,-1,14,2018-04-11 14:30:00-05:00,263.72499999999997,2018-04-11 14:58:00-05:00,263.6,265.03000000000003,17.5,"lasthalf short: r_first -0.25%, r_late -0.26%",flatten
2018-04-12,1,14,2018-04-12 14:30:00-05:00,266.945,2018-04-12 14:58:00-05:00,265.995,265.64,-133.0,"lasthalf long: r_first +1.04%, r_late +0.16%",flatten
2018-04-17,1,16,2018-04-17 14:30:00-05:00,270.685,2018-04-17 14:58:00-05:00,270.10499999999996,269.56,-92.8,"lasthalf long: r_first +0.75%, r_late +0.19%",flatten
2018-04-19,-1,19,2018-04-19 14:30:00-05:00,268.265,2018-04-19 14:35:00-05:00,269.225,269.18,-182.4,"lasthalf short: r_first -0.38%, r_late -0.07%",stop
2018-04-20,-1,20,2018-04-20 14:30:00-05:00,265.965,2018-04-20 14:58:00-05:00,266.51500000000004,266.84000000000003,-110.0,"lasthalf short: r_first -0.16%, r_late -0.21%",flatten
2018-04-23,1,21,2018-04-23 14:30:00-05:00,266.325,2018-04-23 14:58:00-05:00,266.495,265.48,35.7,"lasthalf long: r_first +0.15%, r_late +0.25%",flatten
2018-04-24,1,22,2018-04-24 14:30:00-05:00,262.7658,2018-04-24 14:40:00-05:00,261.91499999999996,261.96,-187.18,"lasthalf long: r_first +0.26%, r_late +0.15%",stop
2018-04-25,-1,22,2018-04-25 14:30:00-05:00,263.635,2018-04-25 14:58:00-05:00,263.245,264.44,85.8,"lasthalf short: r_first -0.76%, r_late -0.14%",flatten
2018-05-01,-1,24,2018-05-01 14:30:00-05:00,263.935,2018-05-01 14:49:00-05:00,264.70500000000004,264.66,-184.8,"lasthalf short: r_first -0.20%, r_late -0.14%",stop
2018-05-02,-1,24,2018-05-02 14:30:00-05:00,263.7358,2018-05-02 14:58:00-05:00,263.105,264.47,151.39,"lasthalf short: r_first -0.32%, r_late -0.29%",flatten
2018-05-11,1,25,2018-05-11 14:30:00-05:00,272.485,2018-05-11 14:58:00-05:00,272.275,271.79,-52.5,"lasthalf long: r_first +0.27%, r_late +0.05%",flatten
2018-05-14,1,25,2018-05-14 14:30:00-05:00,273.075,2018-05-14 14:58:00-05:00,272.66499999999996,272.38,-102.5,"lasthalf long: r_first +0.41%, r_late +0.01%",flatten
2018-05-15,-1,25,2018-05-15 14:30:00-05:00,270.175,2018-05-15 14:58:00-05:00,270.77500000000003,270.86,-150.0,"lasthalf short: r_first -0.93%, r_late -0.10%",flatten
2018-05-17,-1,27,2018-05-17 14:30:00-05:00,271.755,2018-05-17 14:58:00-05:00,271.985,272.39,-62.1,"lasthalf short: r_first -0.12%, r_late -0.14%",flatten
2018-05-18,-1,29,2018-05-18 14:30:00-05:00,271.425,2018-05-18 14:58:00-05:00,271.555,272.0,-37.7,"lasthalf short: r_first -0.15%, r_late -0.07%",flatten
2018-06-04,1,33,2018-06-04 14:30:00-05:00,275.005,2018-06-04 14:58:00-05:00,274.805,274.5,-66.0,"lasthalf long: r_first +0.51%, r_late +0.00%",flatten
2018-06-06,1,34,2018-06-06 14:30:00-05:00,277.045,2018-06-06 14:58:00-05:00,277.245,276.56,68.0,"lasthalf long: r_first +0.07%, r_late +0.00%",flatten
2018-06-07,1,36,2018-06-07 14:30:00-05:00,277.39000000000004,2018-06-07 14:58:00-05:00,277.275,276.93,-41.4,"lasthalf long: r_first +0.19%, r_late +0.06%",flatten
2018-06-11,1,36,2018-06-11 14:30:00-05:00,279.245,2018-06-11 14:54:00-05:00,278.745,278.79,-180.0,"lasthalf long: r_first +0.10%, r_late +0.05%",stop
2018-06-14,1,39,2018-06-14 14:30:00-05:00,278.74,2018-06-14 14:58:00-05:00,278.63,278.33,-42.9,"lasthalf long: r_first +0.28%, r_late +0.12%",flatten
2018-06-15,-1,39,2018-06-15 14:30:00-05:00,277.075,2018-06-15 14:58:00-05:00,276.985,277.48,35.1,"lasthalf short: r_first -0.80%, r_late -0.04%",flatten
2018-06-19,-1,39,2018-06-19 14:30:00-05:00,275.03499999999997,2018-06-19 14:55:00-05:00,275.485,275.44,-175.5,"lasthalf short: r_first -0.88%, r_late -0.19%",stop
2018-06-20,1,39,2018-06-20 14:30:00-05:00,276.345,2018-06-20 14:56:00-05:00,275.895,275.94,-175.5,"lasthalf long: r_first +0.29%, r_late +0.10%",stop
2018-06-21,-1,39,2018-06-21 14:30:00-05:00,274.275,2018-06-21 14:58:00-05:00,274.29,274.68,-5.85,"lasthalf short: r_first -0.16%, r_late -0.02%",flatten
2018-06-27,1,38,2018-06-27 14:30:00-05:00,270.51500000000004,2018-06-27 14:46:00-05:00,270.045,270.09000000000003,-178.6,"lasthalf long: r_first +0.64%, r_late +0.12%",stop
2018-07-05,1,31,2018-07-05 14:30:00-05:00,272.71500000000003,2018-07-05 14:58:00-05:00,272.965,272.18,77.5,"lasthalf long: r_first +0.54%, r_late +0.04%",flatten
2018-07-06,1,30,2018-07-06 14:30:00-05:00,275.795,2018-07-06 14:44:00-05:00,275.175,275.22,-186.0,"lasthalf long: r_first +0.23%, r_late +0.08%",stop
2018-07-11,-1,31,2018-07-11 14:30:00-05:00,276.85499999999996,2018-07-11 14:58:00-05:00,277.005,277.39,-46.5,"lasthalf short: r_first -0.54%, r_late -0.09%",flatten
2018-07-12,1,30,2018-07-12 14:30:00-05:00,279.13,2018-07-12 14:58:00-05:00,279.28499999999997,278.56,46.5,"lasthalf long: r_first +0.46%, r_late +0.05%",flatten
2018-07-13,-1,31,2018-07-13 14:30:00-05:00,279.515,2018-07-13 14:58:00-05:00,279.76,280.06,-75.95,"lasthalf short: r_first -0.18%, r_late +0.00%",flatten
2018-07-19,-1,37,2018-07-19 14:30:00-05:00,280.06,2018-07-19 14:58:00-05:00,279.995,280.5,24.05,"lasthalf short: r_first -0.45%, r_late -0.06%",flatten
2018-07-23,-1,40,2018-07-23 14:30:00-05:00,280.195,2018-07-23 14:58:00-05:00,280.21500000000003,280.59000000000003,-8.0,"lasthalf short: r_first -0.09%, r_late -0.01%",flatten
2018-07-24,1,42,2018-07-24 14:30:00-05:00,281.245,2018-07-24 14:58:00-05:00,281.47499999999997,280.86,96.6,"lasthalf long: r_first +0.64%, r_late +0.03%",flatten
2018-07-26,-1,42,2018-07-26 14:30:00-05:00,283.255,2018-07-26 14:58:00-05:00,283.45500000000004,283.64,-84.0,"lasthalf short: r_first -0.25%, r_late -0.03%",flatten
2018-07-30,-1,42,2018-07-30 14:30:00-05:00,279.685,2018-07-30 14:34:00-05:00,280.105,280.06,-176.4,"lasthalf short: r_first -0.19%, r_late -0.13%",stop
2018-08-01,1,40,2018-08-01 14:30:00-05:00,281.08000000000004,2018-08-01 14:58:00-05:00,280.895,280.68,-74.0,"lasthalf long: r_first +0.14%, r_late +0.00%",flatten
2018-08-03,1,40,2018-08-03 14:30:00-05:00,283.485,2018-08-03 14:58:00-05:00,283.47499999999997,283.09000000000003,-4.0,"lasthalf long: r_first +0.07%, r_late +0.03%",flatten
2018-08-14,1,40,2018-08-14 14:30:00-05:00,284.095,2018-08-14 14:58:00-05:00,283.755,283.7,-136.0,"lasthalf long: r_first +0.33%, r_late +0.01%",flatten
2018-08-16,1,39,2018-08-16 14:30:00-05:00,284.485,2018-08-16 14:42:00-05:00,284.03499999999997,284.08,-175.5,"lasthalf long: r_first +0.63%, r_late +0.03%",stop
2018-08-17,-1,39,2018-08-17 14:30:00-05:00,285.06,2018-08-17 14:58:00-05:00,285.195,285.47,-52.65,"lasthalf short: r_first -0.07%, r_late -0.13%",flatten
2018-08-20,1,39,2018-08-20 14:30:00-05:00,285.875,2018-08-20 14:58:00-05:00,285.675,285.46,-78.0,"lasthalf long: r_first +0.12%, r_late +0.03%",flatten
2018-08-23,1,45,2018-08-23 14:30:00-05:00,286.065,2018-08-23 14:41:00-05:00,285.66499999999996,285.71,-180.0,"lasthalf long: r_first +0.09%, r_late +0.00%",stop
2018-08-24,1,42,2018-08-24 14:30:00-05:00,287.495,2018-08-24 14:58:00-05:00,287.47499999999997,287.12,-8.4,"lasthalf long: r_first +0.24%, r_late +0.01%",flatten
2018-08-29,1,41,2018-08-29 14:30:00-05:00,291.665,2018-08-29 14:58:00-05:00,291.35999999999996,291.28000000000003,-125.05,"lasthalf long: r_first +0.10%, r_late +0.09%",flatten
2018-09-04,-1,41,2018-09-04 14:30:00-05:00,289.66499999999996,2018-09-04 14:58:00-05:00,289.77500000000003,290.05,-45.1,"lasthalf short: r_first -0.37%, r_late -0.07%",flatten
2018-09-05,-1,41,2018-09-05 14:30:00-05:00,288.98499999999996,2018-09-05 14:58:00-05:00,289.055,289.37,-28.7,"lasthalf short: r_first -0.35%, r_late +0.00%",flatten
2018-09-06,1,41,2018-09-06 14:30:00-05:00,288.6,2018-09-06 14:43:00-05:00,288.16499999999996,288.21,-178.35,"lasthalf long: r_first +0.13%, r_late +0.21%",stop
2018-09-07,-1,41,2018-09-07 14:30:00-05:00,287.755,2018-09-07 14:58:00-05:00,287.805,288.14,-20.5,"lasthalf short: r_first -0.15%, r_late -0.04%",flatten
2018-09-11,-1,41,2018-09-11 14:30:00-05:00,289.175,2018-09-11 14:58:00-05:00,289.21500000000003,289.56,-16.4,"lasthalf short: r_first -0.08%, r_late -0.02%",flatten
2018-09-17,-1,39,2018-09-17 14:30:00-05:00,289.315,2018-09-17 14:58:00-05:00,289.165,289.74,58.5,"lasthalf short: r_first -0.14%, r_late -0.12%",flatten
2018-09-18,1,38,2018-09-18 14:30:00-05:00,291.35,2018-09-18 14:50:00-05:00,290.875,290.92,-180.5,"lasthalf long: r_first +0.32%, r_late +0.01%",stop
2018-09-19,1,38,2018-09-19 14:30:00-05:00,291.31,2018-09-19 14:58:00-05:00,291.245,290.88,-24.7,"lasthalf long: r_first +0.10%, r_late +0.05%",flatten
2018-09-20,1,38,2018-09-20 14:30:00-05:00,293.785,2018-09-20 14:58:00-05:00,293.445,293.36,-129.2,"lasthalf long: r_first +0.50%, r_late +0.02%",flatten
2018-09-25,1,42,2018-09-25 14:30:00-05:00,290.925,2018-09-25 14:57:00-05:00,290.495,290.54,-180.6,"lasthalf long: r_first +0.05%, r_late +0.03%",stop
2018-10-04,-1,44,2018-10-04 14:30:00-05:00,288.805,2018-10-04 14:45:00-05:00,289.20500000000004,289.16,-176.0,"lasthalf short: r_first -0.36%, r_late -0.07%",stop
2018-10-10,-1,40,2018-10-10 14:30:00-05:00,280.945,2018-10-10 14:58:00-05:00,278.475,281.34000000000003,988.0,"lasthalf short: r_first -0.94%, r_late -0.22%",flatten
2018-10-11,1,39,2018-10-11 14:30:00-05:00,274.695,2018-10-11 14:35:00-05:00,274.22499999999997,274.27,-183.3,"lasthalf long: r_first +0.22%, r_late +0.79%",stop
2018-10-12,1,37,2018-10-12 14:30:00-05:00,275.805,2018-10-12 14:38:00-05:00,275.315,275.36,-181.3,"lasthalf long: r_first +1.61%, r_late +0.48%",stop
2018-10-15,-1,29,2018-10-15 14:30:00-05:00,275.575,2018-10-15 14:58:00-05:00,275.065,276.15000000000003,147.9,"lasthalf short: r_first -0.26%, r_late -0.40%",flatten
2018-10-16,1,24,2018-10-16 14:30:00-05:00,279.605,2018-10-16 14:58:00-05:00,280.41499999999996,278.88,194.4,"lasthalf long: r_first +0.92%, r_late +0.01%",flatten
2018-10-17,-1,24,2018-10-17 14:30:00-05:00,280.47499999999997,2018-10-17 14:58:00-05:00,280.495,281.2,-4.8,"lasthalf short: r_first -0.42%, r_late -0.06%",flatten
2018-10-19,1,22,2018-10-19 14:30:00-05:00,276.975,2018-10-19 14:58:00-05:00,276.47499999999997,276.18,-110.0,"lasthalf long: r_first +0.71%, r_late +0.18%",flatten
2018-10-23,-1,18,2018-10-23 14:30:00-05:00,274.245,2018-10-23 14:58:00-05:00,273.385,275.24,154.8,"lasthalf short: r_first -1.60%, r_late -0.01%",flatten
2018-10-24,-1,16,2018-10-24 14:30:00-05:00,267.135,2018-10-24 14:58:00-05:00,265.1452,268.24,318.37,"lasthalf short: r_first -0.28%, r_late -0.75%",flatten
2018-10-25,1,16,2018-10-25 14:30:00-05:00,271.415,2018-10-25 14:44:00-05:00,270.215,270.26,-192.0,"lasthalf long: r_first +1.08%, r_late +0.03%",stop
2018-10-30,1,14,2018-10-30 14:30:00-05:00,267.15500000000003,2018-10-30 14:58:00-05:00,267.885,265.89,102.2,"lasthalf long: r_first +1.09%, r_late +0.31%",flatten
2018-11-01,1,15,2018-11-01 14:30:00-05:00,273.295,2018-11-01 14:58:00-05:00,273.455,272.09000000000003,24.0,"lasthalf long: r_first +0.22%, r_late +0.04%",flatten
2018-11-02,1,16,2018-11-02 14:30:00-05:00,271.76500000000004,2018-11-02 14:58:00-05:00,271.53,270.6,-37.6,"lasthalf long: r_first +0.33%, r_late +0.07%",flatten
2018-11-06,1,15,2018-11-06 14:30:00-06:00,274.425,2018-11-06 14:58:00-06:00,275.015,273.22,88.5,"lasthalf long: r_first +0.43%, r_late +0.15%",flatten
2018-11-07,1,16,2018-11-07 14:30:00-06:00,280.6875,2018-11-07 14:58:00-06:00,280.955,279.54,42.8,"lasthalf long: r_first +0.84%, r_late +0.20%",flatten
2018-11-14,1,17,2018-11-14 14:30:00-06:00,271.495,2018-11-14 14:52:00-06:00,270.375,270.42,-190.4,"lasthalf long: r_first +0.73%, r_late +0.03%",stop
2018-11-15,-1,16,2018-11-15 14:30:00-06:00,271.6975,2018-11-15 14:54:00-06:00,272.90500000000003,272.86,-193.2,"lasthalf short: r_first -0.57%, r_late -0.33%",stop
2018-11-28,1,19,2018-11-28 14:30:00-06:00,273.52500000000003,2018-11-28 14:58:00-06:00,274.28499999999997,272.6,144.4,"lasthalf long: r_first +0.37%, r_late +0.25%",flatten
2018-11-29,-1,19,2018-11-29 14:30:00-06:00,274.97499999999997,2018-11-29 14:58:00-06:00,273.995,275.90000000000003,186.2,"lasthalf short: r_first -0.31%, r_late -0.17%",flatten
2018-11-30,1,19,2018-11-30 14:30:00-06:00,275.93,2018-11-30 14:58:00-06:00,276.175,275.0,46.55,"lasthalf long: r_first +0.08%, r_late +0.23%",flatten
2018-12-03,1,20,2018-12-03 14:30:00-06:00,279.20500000000004,2018-12-03 14:58:00-06:00,279.0,278.33,-41.0,"lasthalf long: r_first +1.15%, r_late +0.20%",flatten
2018-12-04,-1,20,2018-12-04 14:30:00-06:00,270.695,2018-12-04 14:58:00-06:00,270.005,271.58,138.0,"lasthalf short: r_first -0.53%, r_late -0.57%",flatten
2018-12-07,1,20,2018-12-07 14:30:00-06:00,264.0125,2018-12-07 14:58:00-06:00,263.86879999999996,263.13,-28.74,"lasthalf long: r_first +0.16%, r_late +0.30%",flatten
2018-12-11,1,19,2018-12-11 14:30:00-06:00,265.46500000000003,2018-12-11 14:50:00-06:00,264.485,264.53000000000003,-186.2,"lasthalf long: r_first +1.15%, r_late +0.17%",stop
2018-12-13,1,19,2018-12-13 14:30:00-06:00,265.08500000000004,2018-12-13 14:58:00-06:00,265.465,264.15,72.2,"lasthalf long: r_first +0.09%, r_late +0.03%",flatten
2018-12-14,-1,17,2018-12-14 14:30:00-06:00,260.515,2018-12-14 14:58:00-06:00,260.695,261.58,-30.6,"lasthalf short: r_first -0.64%, r_late -0.07%",flatten
2018-12-17,-1,17,2018-12-17 14:30:00-06:00,254.63500000000002,2018-12-17 14:58:00-06:00,254.98499999999999,255.70000000000002,-59.5,"lasthalf short: r_first -0.78%, r_late -0.47%",flatten
2018-12-18,1,16,2018-12-18 14:30:00-06:00,254.285,2018-12-18 14:58:00-06:00,255.395,253.18,177.6,"lasthalf long: r_first +0.99%, r_late +0.15%",flatten
2018-12-20,-1,16,2018-12-20 14:30:00-06:00,247.75500000000002,2018-12-20 14:58:00-06:00,246.605,248.92000000000002,184.0,"lasthalf short: r_first -0.31%, r_late -0.05%",flatten
2018-12-21,-1,15,2018-12-21 14:30:00-06:00,240.715,2018-12-21 14:58:00-06:00,241.195,241.94,-72.0,"lasthalf short: r_first -0.19%, r_late -0.92%",flatten
2018-12-24,-1,14,2018-12-24 14:30:00-06:00,233.049,2018-12-24 14:58:00-06:00,233.165,234.33,-16.24,"lasthalf short: r_first -1.38%, r_late +0.00%",flatten
2018-12-26,1,13,2018-12-26 14:30:00-06:00,242.655,2018-12-26 14:58:00-06:00,245.53500000000003,241.26,374.4,"lasthalf long: r_first +1.08%, r_late +0.50%",flatten
2018-12-31,1,12,2018-12-31 14:30:00-06:00,248.875,2018-12-31 14:58:00-06:00,248.375,247.42000000000002,-60.0,"lasthalf long: r_first +0.64%, r_late +0.05%",flatten
2019-01-02,-1,14,2019-01-02 14:30:00-06:00,249.26500000000001,2019-01-02 14:58:00-06:00,250.105,250.54,-117.6,"lasthalf short: r_first -1.18%, r_late -0.21%",flatten
2019-01-03,-1,14,2019-01-03 14:30:00-06:00,244.57500000000002,2019-01-03 14:58:00-06:00,244.345,245.91,32.2,"lasthalf short: r_first -1.20%, r_late -0.11%",flatten
2019-01-04,1,12,2019-01-04 14:30:00-06:00,251.825,2019-01-04 14:58:00-06:00,252.38500000000002,250.32,67.2,"lasthalf long: r_first +2.04%, r_late +0.05%",flatten
2019-01-08,1,12,2019-01-08 14:30:00-06:00,256.74,2019-01-08 14:58:00-06:00,256.66499999999996,255.23000000000002,-9.0,"lasthalf long: r_first +0.76%, r_late +0.18%",flatten
2019-01-09,1,12,2019-01-09 14:30:00-06:00,258.42,2019-01-09 14:58:00-06:00,257.675,256.91,-89.4,"lasthalf long: r_first +0.54%, r_late +0.08%",flatten
2019-01-14,-1,14,2019-01-14 14:30:00-06:00,257.865,2019-01-14 14:58:00-06:00,257.54,259.18,45.5,"lasthalf short: r_first -0.67%, r_late -0.09%",flatten
2019-01-15,1,16,2019-01-15 14:30:00-06:00,260.035,2019-01-15 14:58:00-06:00,260.175,258.9,22.4,"lasthalf long: r_first +0.65%, r_late +0.11%",flatten
2019-01-16,1,17,2019-01-16 14:30:00-06:00,261.79,2019-01-16 14:58:00-06:00,260.98499999999996,260.76,-136.85,"lasthalf long: r_first +0.40%, r_late +0.10%",flatten
2019-01-23,1,21,2019-01-23 14:30:00-06:00,263.295,2019-01-23 14:58:00-06:00,263.025,262.48,-56.7,"lasthalf long: r_first +0.58%, r_late +0.36%",flatten
2019-01-28,-1,22,2019-01-28 14:30:00-06:00,263.48499999999996,2019-01-28 14:58:00-06:00,263.575,264.26,-19.8,"lasthalf short: r_first -1.17%, r_late +0.00%",flatten
2019-01-29,1,22,2019-01-29 14:30:00-06:00,263.45500000000004,2019-01-29 14:58:00-06:00,263.245,262.68,-46.2,"lasthalf long: r_first +0.16%, r_late +0.15%",flatten
2019-02-05,1,25,2019-02-05 14:30:00-06:00,273.3,2019-02-05 14:58:00-06:00,273.07489999999996,272.6,-56.28,"lasthalf long: r_first +0.30%, r_late +0.06%",flatten
2019-02-11,1,27,2019-02-11 14:30:00-06:00,270.725,2019-02-11 14:58:00-06:00,270.72499999999997,270.09000000000003,-0.0,"lasthalf long: r_first +0.11%, r_late +0.15%",flatten
2019-02-12,1,28,2019-02-12 14:30:00-06:00,274.445,2019-02-12 14:58:00-06:00,274.07,273.84000000000003,-105.0,"lasthalf long: r_first +0.87%, r_late +0.09%",flatten
2019-02-13,1,29,2019-02-13 14:30:00-06:00,275.605,2019-02-13 14:47:00-06:00,274.97499999999997,275.02,-182.7,"lasthalf long: r_first +0.51%, r_late +0.05%",stop
2019-02-22,1,35,2019-02-22 14:30:00-06:00,278.925,2019-02-22 14:58:00-06:00,279.075,278.45,52.5,"lasthalf long: r_first +0.36%, r_late +0.23%",flatten
2019-02-26,-1,35,2019-02-26 14:30:00-06:00,279.865,2019-02-26 14:58:00-06:00,279.46500000000003,280.34000000000003,140.0,"lasthalf short: r_first -0.11%, r_late -0.01%",flatten
2019-02-27,-1,35,2019-02-27 14:30:00-06:00,279.055,2019-02-27 14:58:00-06:00,279.225,279.53000000000003,-59.5,"lasthalf short: r_first -0.21%, r_late -0.07%",flatten
2019-03-04,1,36,2019-03-04 14:30:00-06:00,278.785,2019-03-04 14:58:00-06:00,279.065,278.33,100.8,"lasthalf long: r_first +0.40%, r_late +0.01%",flatten
2019-03-05,-1,36,2019-03-05 14:30:00-06:00,279.275,2019-03-05 14:47:00-06:00,279.77500000000003,279.73,-180.0,"lasthalf short: r_first -0.25%, r_late -0.11%",stop
2019-03-06,-1,35,2019-03-06 14:30:00-06:00,277.205,2019-03-06 14:44:00-06:00,277.725,277.68,-182.0,"lasthalf short: r_first -0.17%, r_late -0.12%",stop
2019-03-07,-1,35,2019-03-07 14:30:00-06:00,274.365,2019-03-07 14:38:00-06:00,274.89500000000004,274.85,-185.5,"lasthalf short: r_first -0.72%, r_late +0.00%",stop
2019-03-08,-1,35,2019-03-08 14:30:00-06:00,273.315,2019-03-08 14:32:00-06:00,273.845,273.8,-185.5,"lasthalf short: r_first -0.77%, r_late -0.16%",stop
2019-03-11,1,33,2019-03-11 14:30:00-05:00,278.315,2019-03-11 14:58:00-05:00,278.455,277.82,46.2,"lasthalf long: r_first +0.64%, r_late +0.05%",flatten
2019-03-15,-1,33,2019-03-15 14:30:00-05:00,281.425,2019-03-15 14:58:00-05:00,281.165,281.92,85.8,"lasthalf short: r_first -0.13%, r_late -0.03%",flatten
2019-03-20,-1,33,2019-03-20 14:30:00-05:00,282.54499999999996,2019-03-20 14:58:00-05:00,281.755,283.05,260.7,"lasthalf short: r_first -0.42%, r_late -0.19%",flatten
2019-03-22,-1,29,2019-03-22 14:30:00-05:00,280.265,2019-03-22 14:58:00-05:00,279.435,280.84000000000003,240.7,"lasthalf short: r_first -0.96%, r_late -0.31%",flatten
2019-03-28,1,28,2019-03-28 14:30:00-05:00,280.6,2019-03-28 14:58:00-05:00,280.87,279.98,75.6,"lasthalf long: r_first +0.35%, r_late +0.09%",flatten
2019-04-01,1,29,2019-04-01 14:30:00-05:00,285.815,2019-04-01 14:58:00-05:00,285.995,285.24,52.2,"lasthalf long: r_first +0.67%, r_late +0.05%",flatten
2019-04-05,1,29,2019-04-05 14:30:00-05:00,288.505,2019-04-05 14:58:00-05:00,288.4,287.92,-30.45,"lasthalf long: r_first +0.33%, r_late +0.07%",flatten
2019-04-09,-1,30,2019-04-09 14:30:00-05:00,286.91499999999996,2019-04-09 14:58:00-05:00,286.92,287.47,-1.5,"lasthalf short: r_first -0.47%, r_late -0.03%",flatten
2019-04-10,1,32,2019-04-10 14:30:00-05:00,288.195,2019-04-10 14:58:00-05:00,287.955,287.66,-76.8,"lasthalf long: r_first +0.16%, r_late +0.06%",flatten
2019-04-11,1,32,2019-04-11 14:30:00-05:00,287.90500000000003,2019-04-11 14:58:00-05:00,288.245,287.39,108.8,"lasthalf long: r_first +0.06%, r_late +0.02%",flatten
2019-04-12,1,35,2019-04-12 14:30:00-05:00,290.0,2019-04-12 14:58:00-05:00,289.96,289.53000000000003,-14.0,"lasthalf long: r_first +0.72%, r_late +0.06%",flatten
2019-04-22,-1,42,2019-04-22 14:30:00-05:00,289.97499999999997,2019-04-22 14:50:00-05:00,290.39500000000004,290.35,-176.4,"lasthalf short: r_first -0.05%, r_late -0.01%",stop
2019-04-24,-1,42,2019-04-24 14:30:00-05:00,292.685,2019-04-24 14:58:00-05:00,292.365,293.06,134.4,"lasthalf short: r_first -0.06%, r_late -0.01%",flatten
2019-04-25,-1,42,2019-04-25 14:30:00-05:00,292.525,2019-04-25 14:58:00-05:00,292.27500000000003,292.90000000000003,105.0,"lasthalf short: r_first -0.13%, r_late -0.04%",flatten
2019-04-30,-1,45,2019-04-30 14:30:00-05:00,293.625,2019-04-30 14:55:00-05:00,294.02500000000003,293.98,-180.0,"lasthalf short: r_first -0.27%, r_late -0.04%",stop
2019-05-02,1,45,2019-05-02 14:30:00-05:00,291.21500000000003,2019-05-02 14:41:00-05:00,290.815,290.86,-180.0,"lasthalf long: r_first +0.11%, r_late +0.14%",stop
2019-05-07,-1,42,2019-05-07 14:30:00-05:00,286.59499999999997,2019-05-07 14:45:00-05:00,287.01500000000004,286.97,-176.4,"lasthalf short: r_first -1.04%, r_late -0.13%",stop
2019-05-13,-1,32,2019-05-13 14:30:00-05:00,280.765,2019-05-13 14:58:00-05:00,281.1351,281.29,-118.43,"lasthalf short: r_first -2.03%, r_late -0.34%",flatten
2019-05-14,1,27,2019-05-14 14:30:00-05:00,284.425,2019-05-14 14:34:00-05:00,283.755,283.8,-180.9,"lasthalf long: r_first +0.50%, r_late +0.03%",stop
2019-05-17,-1,25,2019-05-17 14:30:00-05:00,286.435,2019-05-17 14:58:00-05:00,286.285,287.12,37.5,"lasthalf short: r_first -0.59%, r_late -0.34%",flatten
2019-05-21,1,24,2019-05-21 14:30:00-05:00,286.695,2019-05-21 14:58:00-05:00,286.46,285.95,-56.4,"lasthalf long: r_first +0.64%, r_late +0.01%",flatten
2019-05-22,-1,24,2019-05-22 14:30:00-05:00,285.995,2019-05-22 14:58:00-05:00,285.845,286.74,36.0,"lasthalf short: r_first -0.17%, r_late -0.04%",flatten
2019-05-24,1,23,2019-05-24 14:30:00-05:00,283.175,2019-05-24 14:58:00-05:00,282.75,282.42,-97.75,"lasthalf long: r_first +0.47%, r_late +0.06%",flatten
2019-05-30,1,23,2019-05-30 14:30:00-05:00,278.745,2019-05-30 14:58:00-05:00,278.895,278.0,34.5,"lasthalf long: r_first +0.50%, r_late +0.01%",flatten
2019-05-31,-1,23,2019-05-31 14:30:00-05:00,275.60499999999996,2019-05-31 14:58:00-05:00,275.595,276.35,2.3,"lasthalf short: r_first -1.14%, r_late -0.13%",flatten
2019-06-03,-1,25,2019-06-03 14:30:00-05:00,273.565,2019-06-03 14:55:00-05:00,274.305,274.26,-185.0,"lasthalf short: r_first -0.28%, r_late -0.16%",stop
2019-06-04,1,25,2019-06-04 14:30:00-05:00,279.985,2019-06-04 14:58:00-05:00,280.5319,279.29,136.72,"lasthalf long: r_first +0.91%, r_late +0.22%",flatten
2019-06-05,1,27,2019-06-05 14:30:00-05:00,282.445,2019-06-05 14:37:00-05:00,281.755,281.8,-186.3,"lasthalf long: r_first +0.46%, r_late +0.05%",stop
2019-06-07,1,24,2019-06-07 14:30:00-05:00,288.245,2019-06-07 14:54:00-05:00,287.47499999999997,287.52,-184.8,"lasthalf long: r_first +0.81%, r_late +0.16%",stop
2019-06-11,1,27,2019-06-11 14:30:00-05:00,288.795,2019-06-11 14:58:00-05:00,288.905,288.16,29.7,"lasthalf long: r_first +0.57%, r_late +0.01%",flatten
2019-06-17,1,27,2019-06-17 14:30:00-05:00,289.875,2019-06-17 14:58:00-05:00,289.245,289.24,-170.1,"lasthalf long: r_first +0.20%, r_late +0.03%",flatten
2019-06-19,1,28,2019-06-19 14:30:00-05:00,293.285,2019-06-19 14:58:00-05:00,293.215,292.66,-19.6,"lasthalf long: r_first +0.10%, r_late +0.13%",flatten
2019-06-20,1,29,2019-06-20 14:30:00-05:00,295.70500000000004,2019-06-20 14:58:00-05:00,296.22999999999996,295.12,152.25,"lasthalf long: r_first +0.95%, r_late +0.06%",flatten
2019-06-24,-1,30,2019-06-24 14:30:00-05:00,293.755,2019-06-24 14:58:00-05:00,293.535,294.32,66.0,"lasthalf short: r_first -0.05%, r_late -0.04%",flatten
2019-06-25,-1,30,2019-06-25 14:30:00-05:00,291.255,2019-06-25 14:58:00-05:00,290.985,291.82,81.0,"lasthalf short: r_first -0.19%, r_late +0.00%",flatten
2019-07-01,1,37,2019-07-01 14:30:00-05:00,295.225,2019-07-01 14:58:00-05:00,295.455,294.78000000000003,85.1,"lasthalf long: r_first +1.05%, r_late +0.27%",flatten
2019-07-03,1,35,2019-07-03 14:31:00-05:00,298.74490000000003,2019-07-03 14:59:00-05:00,298.66499999999996,298.26,-27.97,"lasthalf long: r_first +0.30%, r_late +0.04%",flatten
2019-07-05,-1,37,2019-07-05 14:30:00-05:00,298.305,2019-07-05 14:58:00-05:00,297.8851,298.76,155.36,"lasthalf short: r_first -0.68%, r_late -0.09%",flatten
2019-07-09,-1,37,2019-07-09 14:30:00-05:00,296.625,2019-07-09 14:48:00-05:00,297.125,297.08,-185.0,"lasthalf short: r_first -0.26%, r_late -0.06%",stop
2019-07-17,-1,39,2019-07-17 14:30:00-05:00,298.145,2019-07-17 14:58:00-05:00,297.985,298.56,62.4,"lasthalf short: r_first -0.07%, r_late -0.14%",flatten
2019-07-18,-1,39,2019-07-18 14:30:00-05:00,298.60999999999996,2019-07-18 14:58:00-05:00,298.89000000000004,299.03000000000003,-109.2,"lasthalf short: r_first -0.08%, r_late -0.09%",flatten
2019-07-22,1,35,2019-07-22 14:30:00-05:00,298.045,2019-07-22 14:58:00-05:00,297.8549,297.56,-66.54,"lasthalf long: r_first +0.32%, r_late +0.00%",flatten
2019-07-29,-1,37,2019-07-29 14:30:00-05:00,301.35999999999996,2019-07-29 14:58:00-05:00,301.665,301.81,-112.85,"lasthalf short: r_first -0.28%, r_late -0.04%",flatten
2019-07-30,-1,37,2019-07-30 14:30:00-05:00,300.46,2019-07-30 14:58:00-05:00,300.485,300.91,-9.25,"lasthalf short: r_first -0.36%, r_late -0.10%",flatten
2019-08-01,1,39,2019-08-01 14:30:00-05:00,295.52500000000003,2019-08-01 14:32:00-05:00,295.055,295.1,-183.3,"lasthalf long: r_first +0.43%, r_late +0.09%",stop
2019-08-06,1,34,2019-08-06 14:30:00-05:00,287.235,2019-08-06 14:58:00-05:00,287.73499999999996,286.74,170.0,"lasthalf long: r_first +0.74%, r_late +0.07%",flatten
2019-08-15,1,17,2019-08-15 14:30:00-05:00,284.475,2019-08-15 14:58:00-05:00,284.955,283.44,81.6,"lasthalf long: r_first +0.43%, r_late +0.10%",flatten
2019-08-21,1,16,2019-08-21 14:30:00-05:00,292.295,2019-08-21 14:58:00-05:00,292.39,291.21,15.2,"lasthalf long: r_first +0.86%, r_late +0.09%",flatten
2019-08-23,-1,18,2019-08-23 14:30:00-05:00,285.185,2019-08-23 14:58:00-05:00,283.865,286.16,237.6,"lasthalf short: r_first -0.47%, r_late -0.23%",flatten
2019-08-26,1,18,2019-08-26 14:30:00-05:00,287.04,2019-08-26 14:58:00-05:00,287.325,286.07,51.3,"lasthalf long: r_first +0.73%, r_late +0.02%",flatten
2019-08-30,1,24,2019-08-30 14:30:00-05:00,292.385,2019-08-30 14:58:00-05:00,292.755,291.65000000000003,88.8,"lasthalf long: r_first +0.38%, r_late +0.06%",flatten
2019-09-04,1,25,2019-09-04 14:30:00-05:00,293.795,2019-09-04 14:58:00-05:00,293.895,293.1,25.0,"lasthalf long: r_first +0.75%, r_late +0.06%",flatten
2019-09-05,1,26,2019-09-05 14:30:00-05:00,298.26500000000004,2019-09-05 14:58:00-05:00,297.745,297.6,-135.2,"lasthalf long: r_first +1.21%, r_late +0.09%",flatten
2019-09-09,1,28,2019-09-09 14:30:00-05:00,298.01500000000004,2019-09-09 14:58:00-05:00,298.135,297.41,33.6,"lasthalf long: r_first +0.08%, r_late +0.12%",flatten
2019-09-11,1,28,2019-09-11 14:30:00-05:00,299.73,2019-09-11 14:58:00-05:00,299.885,299.12,43.4,"lasthalf long: r_first +0.12%, r_late +0.08%",flatten
2019-09-16,-1,30,2019-09-16 14:30:00-05:00,300.03499999999997,2019-09-16 14:58:00-05:00,300.26500000000004,300.59000000000003,-69.0,"lasthalf short: r_first -0.18%, r_late -0.05%",flatten
2019-09-20,-1,36,2019-09-20 14:30:00-05:00,298.675,2019-09-20 14:58:00-05:00,298.7,299.14,-9.0,"lasthalf short: r_first -0.27%, r_late -0.08%",flatten
2019-10-01,1,35,2019-10-01 14:30:00-05:00,294.065,2019-10-01 14:36:00-05:00,293.545,293.59000000000003,-182.0,"lasthalf long: r_first +0.46%, r_late +0.06%",stop
2019-10-02,-1,34,2019-10-02 14:30:00-05:00,288.375,2019-10-02 14:58:00-05:00,288.045,288.86,112.2,"lasthalf short: r_first -1.17%, r_late -0.02%",flatten
2019-10-04,1,31,2019-10-04 14:30:00-05:00,293.77000000000004,2019-10-04 14:58:00-05:00,294.44,293.23,207.7,"lasthalf long: r_first +0.66%, r_late +0.05%",flatten
2019-10-08,-1,25,2019-10-08 14:30:00-05:00,290.32,2019-10-08 14:58:00-05:00,288.65500000000003,291.01,416.25,"lasthalf short: r_first -1.18%, r_late -0.03%",flatten
2019-10-09,1,23,2019-10-09 14:30:00-05:00,292.095,2019-10-09 14:44:00-05:00,291.295,291.34000000000003,-184.0,"lasthalf long: r_first +0.65%, r_late +0.04%",stop
2019-10-10,1,23,2019-10-10 14:30:00-05:00,293.35,2019-10-10 14:58:00-05:00,293.215,292.59000000000003,-31.05,"lasthalf long: r_first +0.67%, r_late +0.16%",flatten
2019-10-15,1,24,2019-10-15 14:30:00-05:00,299.45500000000004,2019-10-15 14:58:00-05:00,298.935,298.72,-124.8,"lasthalf long: r_first +0.47%, r_late +0.04%",flatten
2019-10-16,-1,24,2019-10-16 14:30:00-05:00,298.245,2019-10-16 14:58:00-05:00,298.445,298.98,-48.0,"lasthalf short: r_first -0.25%, r_late -0.09%",flatten
2019-10-22,1,27,2019-10-22 14:30:00-05:00,299.885,2019-10-22 14:45:00-05:00,299.215,299.26,-180.9,"lasthalf long: r_first +0.21%, r_late +0.05%",stop
2019-10-23,1,28,2019-10-23 14:30:00-05:00,299.375,2019-10-23 14:58:00-05:00,299.66499999999996,298.77,81.2,"lasthalf long: r_first +0.08%, r_late +0.09%",flatten
2019-10-28,1,34,2019-10-28 14:30:00-05:00,303.70500000000004,2019-10-28 14:58:00-05:00,303.375,303.22,-112.2,"lasthalf long: r_first +0.62%, r_late +0.05%",flatten
2019-11-11,-1,39,2019-11-11 14:30:00-06:00,308.32,2019-11-11 14:58:00-06:00,308.3,308.74,7.8,"lasthalf short: r_first -0.31%, r_late -0.01%",flatten
2019-11-12,1,40,2019-11-12 14:30:00-06:00,308.695,2019-11-12 14:58:00-06:00,308.78499999999997,308.3,36.0,"lasthalf long: r_first +0.34%, r_late +0.08%",flatten
2019-11-18,-1,39,2019-11-18 14:30:00-06:00,311.925,2019-11-18 14:58:00-06:00,311.89500000000004,312.35,11.7,"lasthalf short: r_first -0.12%, r_late -0.06%",flatten
2019-11-20,-1,41,2019-11-20 14:30:00-06:00,310.195,2019-11-20 14:42:00-06:00,310.625,310.58,-176.3,"lasthalf short: r_first -0.13%, r_late -0.04%",stop
2019-11-21,-1,41,2019-11-21 14:30:00-06:00,310.46,2019-11-21 14:58:00-06:00,310.27500000000003,310.85,75.85,"lasthalf short: r_first -0.16%, r_late -0.06%",flatten
2019-11-22,1,38,2019-11-22 14:30:00-06:00,311.01500000000004,2019-11-22 14:50:00-06:00,310.545,310.59000000000003,-178.6,"lasthalf long: r_first +0.25%, r_late +0.03%",stop
2019-11-25,1,38,2019-11-25 14:30:00-06:00,313.295,2019-11-25 14:58:00-06:00,313.195,312.86,-38.0,"lasthalf long: r_first +0.55%, r_late +0.10%",flatten
2019-11-27,1,41,2019-11-27 14:30:00-06:00,315.445,2019-11-27 14:58:00-06:00,315.32,315.06,-51.25,"lasthalf long: r_first +0.19%, r_late +0.02%",flatten
2019-11-29,-1,47,2019-11-29 14:30:00-06:00,314.54499999999996,2019-11-29 14:58:00-06:00,314.495,314.87,23.5,"lasthalf short: r_first -0.15%, r_late +0.00%",flatten
2019-12-02,-1,47,2019-12-02 14:30:00-06:00,311.733,2019-12-02 14:38:00-06:00,312.105,312.06,-174.84,"lasthalf short: r_first -0.44%, r_late -0.20%",stop
2019-12-10,-1,44,2019-12-10 14:30:00-06:00,313.60499999999996,2019-12-10 14:58:00-06:00,313.445,313.96,70.4,"lasthalf short: r_first -0.12%, r_late -0.08%",flatten
2019-12-12,1,44,2019-12-12 14:30:00-06:00,317.21500000000003,2019-12-12 14:35:00-06:00,316.815,316.86,-176.0,"lasthalf long: r_first +0.77%, r_late +0.14%",stop
2019-12-16,1,42,2019-12-16 14:30:00-06:00,319.74,2019-12-16 14:58:00-06:00,319.565,319.36,-73.5,"lasthalf long: r_first +0.67%, r_late +0.00%",flatten
2019-12-20,-1,42,2019-12-20 14:30:00-06:00,321.125,2019-12-20 14:58:00-06:00,321.185,321.5,-25.2,"lasthalf short: r_first -0.10%, r_late -0.06%",flatten
2019-12-27,-1,57,2019-12-27 14:30:00-06:00,322.97999999999996,2019-12-27 14:58:00-06:00,322.925,323.24,31.35,"lasthalf short: r_first -0.11%, r_late -0.07%",flatten
2019-12-31,1,57,2019-12-31 14:30:00-06:00,321.445,2019-12-31 14:58:00-06:00,321.66499999999996,321.18,125.4,"lasthalf long: r_first +0.06%, r_late +0.14%",flatten
2020-01-02,1,57,2020-01-02 14:30:00-06:00,323.93,2020-01-02 14:58:00-06:00,324.585,323.67,373.35,"lasthalf long: r_first +0.62%, r_late +0.03%",flatten
2020-01-03,-1,57,2020-01-03 14:30:00-06:00,322.79499999999996,2020-01-03 14:52:00-06:00,323.095,323.05,-171.0,"lasthalf short: r_first -0.64%, r_late -0.13%",stop
2020-01-08,1,51,2020-01-08 14:30:00-06:00,325.745,2020-01-08 14:42:00-06:00,325.395,325.44,-178.5,"lasthalf long: r_first +0.29%, r_late +0.14%",stop
2020-01-14,-1,42,2020-01-14 14:30:00-06:00,327.10999999999996,2020-01-14 14:40:00-06:00,327.535,327.49,-178.5,"lasthalf short: r_first -0.25%, r_late -0.13%",stop
2020-01-16,1,37,2020-01-16 14:30:00-06:00,330.225,2020-01-16 14:58:00-06:00,330.722,329.78000000000003,183.89,"lasthalf long: r_first +0.46%, r_late +0.06%",flatten
2020-01-24,1,36,2020-01-24 14:30:00-06:00,328.96500000000003,2020-01-24 14:31:00-06:00,328.465,328.51,-180.0,"lasthalf long: r_first +0.14%, r_late +0.09%",stop
2020-01-28,1,33,2020-01-28 14:30:00-06:00,327.71000000000004,2020-01-28 14:39:00-06:00,327.155,327.2,-183.15,"lasthalf long: r_first +0.49%, r_late +0.07%",stop
2020-01-31,-1,31,2020-01-31 14:30:00-06:00,321.455,2020-01-31 14:53:00-06:00,322.045,322.0,-182.9,"lasthalf short: r_first -0.49%, r_late -0.30%",stop
2020-02-03,1,31,2020-02-03 14:30:00-06:00,324.995,2020-02-03 14:45:00-06:00,324.395,324.44,-186.0,"lasthalf long: r_first +1.06%, r_late +0.13%",stop
2020-02-04,1,30,2020-02-04 14:30:00-06:00,329.825,2020-02-04 14:46:00-06:00,329.215,329.26,-183.0,"lasthalf long: r_first +1.42%, r_late +0.02%",stop
2020-02-05,1,30,2020-02-05 14:30:00-06:00,332.83500000000004,2020-02-05 14:53:00-06:00,332.235,332.28000000000003,-180.0,"lasthalf long: r_first +0.88%, r_late +0.04%",stop
2020-02-07,-1,30,2020-02-07 14:30:00-06:00,332.2,2020-02-07 14:58:00-06:00,332.27500000000003,332.76,-22.5,"lasthalf short: r_first -0.50%, r_late -0.03%",flatten
2020-02-10,1,29,2020-02-10 14:30:00-06:00,334.195,2020-02-10 14:58:00-06:00,334.41499999999996,333.62,63.8,"lasthalf long: r_first +0.17%, r_late +0.10%",flatten
2020-02-12,1,29,2020-02-12 14:30:00-06:00,337.245,2020-02-12 14:58:00-06:00,337.335,336.66,26.1,"lasthalf long: r_first +0.51%, r_late +0.00%",flatten
2020-02-13,-1,30,2020-02-13 14:30:00-06:00,337.365,2020-02-13 14:58:00-06:00,336.985,337.92,114.0,"lasthalf short: r_first -0.38%, r_late -0.14%",flatten
2020-02-18,-1,32,2020-02-18 14:30:00-06:00,336.815,2020-02-18 14:58:00-06:00,336.555,337.34000000000003,83.2,"lasthalf short: r_first -0.18%, r_late -0.01%",flatten
2020-02-21,-1,31,2020-02-21 14:30:00-06:00,332.945,2020-02-21 14:50:00-06:00,333.52500000000003,333.48,-179.8,"lasthalf short: r_first -0.85%, r_late -0.10%",stop
2020-02-24,-1,31,2020-02-24 14:30:00-06:00,323.995,2020-02-24 14:58:00-06:00,322.615,324.54,427.8,"lasthalf short: r_first -2.44%, r_late -0.21%",flatten
2020-02-26,1,31,2020-02-26 14:30:00-06:00,312.16,2020-02-26 14:58:00-06:00,311.835,311.62,-100.75,"lasthalf long: r_first +0.90%, r_late +0.23%",flatten
2020-02-27,-1,30,2020-02-27 14:30:00-06:00,302.205,2020-02-27 14:58:00-06:00,298.755,302.76,1035.0,"lasthalf short: r_first -2.05%, r_late -0.30%",flatten
2020-02-28,-1,27,2020-02-28 14:30:00-06:00,288.78499999999997,2020-02-28 14:30:00-06:00,289.45500000000004,289.41,-180.9,"lasthalf short: r_first -3.35%, r_late -0.97%",stop
2020-03-02,1,26,2020-03-02 14:30:00-06:00,303.39500000000004,2020-03-02 14:58:00-06:00,308.265,302.74,1266.2,"lasthalf long: r_first +0.11%, r_late +1.10%",flatten
2020-03-04,1,16,2020-03-04 14:30:00-06:00,311.195,2020-03-04 14:58:00-06:00,312.54499999999996,310.06,216.0,"lasthalf long: r_first +1.30%, r_late +0.57%",flatten
2020-03-05,-1,11,2020-03-05 14:30:00-06:00,300.59499999999997,2020-03-05 14:34:00-06:00,302.365,302.32,-194.7,"lasthalf short: r_first -2.67%, r_late -0.55%",stop
2020-03-10,1,7,2020-03-10 14:30:00-05:00,284.245,2020-03-10 14:58:00-05:00,287.47999999999996,281.8,226.45,"lasthalf long: r_first +3.00%, r_late +0.61%",flatten
2020-03-11,-1,7,2020-03-11 14:30:00-05:00,272.815,2020-03-11 14:34:00-05:00,275.40500000000003,275.36,-181.3,"lasthalf short: r_first -2.76%, r_late -0.29%",stop
2020-03-12,-1,7,2020-03-12 14:30:00-05:00,250.96,2020-03-12 14:50:00-05:00,253.725,253.68,-193.55,"lasthalf short: r_first -5.74%, r_late -0.42%",stop
2020-03-13,1,6,2020-03-13 14:30:00-05:00,259.01500000000004,2020-03-13 14:33:00-05:00,256.085,256.13,-175.8,"lasthalf long: r_first +3.41%, r_late +0.76%",stop
2020-03-16,-1,6,2020-03-16 14:30:00-05:00,245.965,2020-03-16 14:58:00-05:00,239.225,248.9,404.4,"lasthalf short: r_first -9.36%, r_late -1.24%",flatten
2020-03-17,-1,6,2020-03-17 14:30:00-05:00,247.995,2020-03-17 14:37:00-05:00,251.285,251.24,-197.4,"lasthalf short: r_first -0.52%, r_late -1.18%",stop
2020-03-18,-1,5,2020-03-18 14:30:00-05:00,231.78500000000003,2020-03-18 14:49:00-05:00,235.545,235.5,-188.0,"lasthalf short: r_first -4.57%, r_late -1.38%",stop
2020-03-19,-1,4,2020-03-19 14:30:00-05:00,244.055,2020-03-19 14:58:00-05:00,241.49499999999998,248.04,102.4,"lasthalf short: r_first -1.26%, r_late -0.14%",flatten
2020-03-23,-1,4,2020-03-23 14:30:00-05:00,219.97,2020-03-23 14:54:00-05:00,224.48499999999999,224.44,-180.6,"lasthalf short: r_first -0.67%, r_late -0.97%",stop
2020-03-24,1,4,2020-03-24 14:30:00-05:00,241.48499999999999,2020-03-24 14:58:00-05:00,243.99,236.98000000000002,100.2,"lasthalf long: r_first +5.84%, r_late +0.36%",flatten
2020-03-25,-1,4,2020-03-25 14:30:00-05:00,253.4949,2020-03-25 14:58:00-05:00,247.48,258.0,240.6,"lasthalf short: r_first -0.44%, r_late -0.36%",flatten
2020-03-26,1,4,2020-03-26 14:30:00-05:00,258.725,2020-03-26 14:58:00-05:00,262.205,254.22,139.2,"lasthalf long: r_first +2.81%, r_late +0.05%",flatten
2020-03-31,-1,4,2020-03-31 14:30:00-05:00,256.66499999999996,2020-03-31 14:58:00-05:00,257.7,261.17,-41.4,"lasthalf short: r_first -0.95%, r_late -1.19%",flatten
2020-04-01,-1,4,2020-04-01 14:30:00-05:00,244.97500000000002,2020-04-01 14:58:00-05:00,246.02499999999998,249.48000000000002,-42.0,"lasthalf short: r_first -3.42%, r_late -0.32%",flatten
2020-04-02,1,4,2020-04-02 14:30:00-05:00,249.6949,2020-04-02 14:58:00-05:00,251.76500000000001,245.70000000000002,82.8,"lasthalf long: r_first +0.15%, r_late +0.13%",flatten
2020-04-06,1,6,2020-04-06 14:30:00-05:00,263.072,2020-04-06 14:58:00-05:00,266.205,259.95,187.98,"lasthalf long: r_first +4.67%, r_late +0.23%",flatten
2020-04-08,1,7,2020-04-08 14:30:00-05:00,273.89500000000004,2020-04-08 14:58:00-05:00,274.455,271.22,39.2,"lasthalf long: r_first +0.52%, r_late +0.03%",flatten
2020-04-09,1,7,2020-04-09 14:30:00-05:00,278.255,2020-04-09 14:58:00-05:00,278.275,275.77,1.4,"lasthalf long: r_first +2.35%, r_late +0.58%",flatten
2020-04-15,-1,9,2020-04-15 14:30:00-05:00,277.995,2020-04-15 14:58:00-05:00,277.51500000000004,280.01,43.2,"lasthalf short: r_first -2.29%, r_late -0.48%",flatten
2020-04-17,1,10,2020-04-17 14:30:00-05:00,284.65500000000003,2020-04-17 14:58:00-05:00,286.215,282.86,156.0,"lasthalf long: r_first +2.24%, r_late +0.35%",flatten
2020-04-27,1,12,2020-04-27 14:30:00-05:00,287.56,2020-04-27 14:58:00-05:00,287.495,286.0,-7.8,"lasthalf long: r_first +0.88%, r_late +0.06%",flatten
2020-04-28,1,12,2020-04-28 14:30:00-05:00,287.575,2020-04-28 14:50:00-05:00,285.965,286.01,-193.2,"lasthalf long: r_first +0.83%, r_late +0.07%",stop
2020-04-29,1,13,2020-04-29 14:30:00-05:00,294.845,2020-04-29 14:50:00-05:00,293.365,293.41,-192.4,"lasthalf long: r_first +2.17%, r_late +0.28%",stop
2020-05-08,1,16,2020-05-08 14:30:00-05:00,291.985,2020-05-08 14:58:00-05:00,292.195,290.86,33.6,"lasthalf long: r_first +1.08%, r_late +0.10%",flatten
2020-05-11,-1,16,2020-05-11 14:30:00-05:00,293.365,2020-05-11 14:58:00-05:00,293.21000000000004,294.47,24.8,"lasthalf short: r_first -0.69%, r_late -0.03%",flatten
2020-05-12,-1,17,2020-05-12 14:30:00-05:00,289.59,2020-05-12 14:58:00-05:00,287.14500000000004,290.63,415.65,"lasthalf short: r_first -0.09%, r_late -0.48%",flatten
2020-05-18,1,16,2020-05-18 14:30:00-05:00,295.83000000000004,2020-05-18 14:58:00-05:00,295.135,294.73,-111.2,"lasthalf long: r_first +2.45%, r_late +0.04%",flatten
2020-05-20,1,17,2020-05-20 14:30:00-05:00,297.20500000000004,2020-05-20 14:58:00-05:00,296.98499999999996,296.15000000000003,-37.4,"lasthalf long: r_first +1.57%, r_late +0.02%",flatten
2020-05-21,1,17,2020-05-21 14:30:00-05:00,295.33500000000004,2020-05-21 14:58:00-05:00,294.60499999999996,294.31,-124.1,"lasthalf long: r_first +0.06%, r_late +0.20%",flatten
2020-05-22,-1,17,2020-05-22 14:30:00-05:00,294.53499999999997,2020-05-22 14:58:00-05:00,295.255,295.56,-122.4,"lasthalf short: r_first -0.17%, r_late -0.16%",flatten
2020-05-27,1,18,2020-05-27 14:30:00-05:00,302.06,2020-05-27 14:58:00-05:00,303.325,301.05,227.7,"lasthalf long: r_first +0.25%, r_late +0.09%",flatten
2020-06-03,1,18,2020-06-03 14:30:00-05:00,312.64500000000004,2020-06-03 14:58:00-05:00,312.075,311.63,-102.6,"lasthalf long: r_first +0.79%, r_late +0.15%",flatten
2020-06-05,1,19,2020-06-05 14:30:00-05:00,320.13,2020-06-05 14:41:00-05:00,319.145,319.19,-187.15,"lasthalf long: r_first +2.04%, r_late +0.12%",stop
2020-06-11,-1,19,2020-06-11 14:30:00-05:00,300.645,2020-06-11 14:41:00-05:00,301.625,301.58,-186.2,"lasthalf short: r_first -2.31%, r_late -0.35%",stop
2020-06-15,-1,18,2020-06-15 14:30:00-05:00,305.815,2020-06-15 14:58:00-05:00,306.45500000000004,306.83,-115.2,"lasthalf short: r_first -1.42%, r_late -0.27%",flatten
2020-06-17,-1,16,2020-06-17 14:30:00-05:00,311.79499999999996,2020-06-17 14:58:00-05:00,311.845,312.91,-8.0,"lasthalf short: r_first -0.09%, r_late -0.39%",flatten
2020-06-19,1,16,2020-06-19 14:30:00-05:00,309.95,2020-06-19 14:58:00-05:00,309.275,308.81,-108.0,"lasthalf long: r_first +0.39%, r_late +0.16%",flatten
2020-06-26,-1,11,2020-06-26 14:30:00-05:00,300.29499999999996,2020-06-26 14:58:00-05:00,300.045,301.90000000000003,27.5,"lasthalf short: r_first -0.68%, r_late -0.04%",flatten
2020-06-30,1,11,2020-06-30 14:30:00-05:00,307.725,2020-06-30 14:58:00-05:00,309.145,306.12,156.2,"lasthalf long: r_first +0.12%, r_late +0.09%",flatten
2020-07-01,1,12,2020-07-01 14:30:00-05:00,311.535,2020-07-01 14:58:00-05:00,310.575,310.08,-115.2,"lasthalf long: r_first +0.40%, r_late +0.19%",flatten
2020-07-06,1,16,2020-07-06 14:30:00-05:00,316.27500000000003,2020-07-06 14:58:00-05:00,316.945,315.13,107.2,"lasthalf long: r_first +1.45%, r_late +0.07%",flatten
2020-07-07,-1,16,2020-07-07 14:30:00-05:00,314.935,2020-07-07 14:58:00-05:00,313.855,316.08,172.8,"lasthalf short: r_first -0.32%, r_late -0.17%",flatten
2020-07-08,1,17,2020-07-08 14:30:00-05:00,315.59000000000003,2020-07-08 14:58:00-05:00,315.875,314.51,48.45,"lasthalf long: r_first +0.76%, r_late +0.31%",flatten
2020-07-14,-1,18,2020-07-14 14:30:00-05:00,317.305,2020-07-14 14:49:00-05:00,318.345,318.3,-187.2,"lasthalf short: r_first -0.29%, r_late -0.02%",stop
2020-07-15,1,18,2020-07-15 14:30:00-05:00,321.625,2020-07-15 14:58:00-05:00,321.78499999999997,320.6,28.8,"lasthalf long: r_first +0.94%, r_late +0.21%",flatten
2020-07-17,1,18,2020-07-17 14:30:00-05:00,322.33500000000004,2020-07-17 14:58:00-05:00,321.755,321.35,-104.4,"lasthalf long: r_first +0.16%, r_late +0.09%",flatten
2020-07-22,1,18,2020-07-22 14:30:00-05:00,326.065,2020-07-22 14:58:00-05:00,326.895,325.09000000000003,149.4,"lasthalf long: r_first +0.23%, r_late +0.08%",flatten
2020-07-24,-1,18,2020-07-24 14:30:00-05:00,320.065,2020-07-24 14:58:00-05:00,320.685,321.04,-111.6,"lasthalf short: r_first -0.72%, r_late -0.21%",flatten
2020-07-27,1,18,2020-07-27 14:30:00-05:00,323.21500000000003,2020-07-27 14:58:00-05:00,323.09499999999997,322.24,-21.6,"lasthalf long: r_first +0.55%, r_late +0.25%",flatten
2020-07-28,-1,18,2020-07-28 14:30:00-05:00,321.955,2020-07-28 14:58:00-05:00,321.09000000000003,322.92,155.7,"lasthalf short: r_first -0.40%, r_late -0.31%",flatten
2020-07-29,1,18,2020-07-29 14:30:00-05:00,325.245,2020-07-29 14:58:00-05:00,324.805,324.27,-79.2,"lasthalf long: r_first +0.50%, r_late +0.20%",flatten
2020-07-31,1,19,2020-07-31 14:30:00-05:00,324.675,2020-07-31 14:58:00-05:00,325.875,323.74,228.0,"lasthalf long: r_first +0.23%, r_late +0.23%",flatten
2020-08-06,1,24,2020-08-06 14:30:00-05:00,334.185,2020-08-06 14:58:00-05:00,334.09,333.46,-22.8,"lasthalf long: r_first +0.07%, r_late +0.04%",flatten
2020-08-12,1,24,2020-08-12 14:30:00-05:00,338.105,2020-08-12 14:31:00-05:00,337.335,337.38,-184.8,"lasthalf long: r_first +1.07%, r_late +0.05%",stop
2020-08-13,1,25,2020-08-13 14:30:00-05:00,337.21500000000003,2020-08-13 14:58:00-05:00,336.89,336.51,-81.25,"lasthalf long: r_first +0.15%, r_late +0.27%",flatten
2020-08-14,-1,25,2020-08-14 14:30:00-05:00,336.05,2020-08-14 14:58:00-05:00,336.64500000000004,336.76,-148.75,"lasthalf short: r_first -0.05%, r_late -0.14%",flatten
2020-08-20,-1,25,2020-08-20 14:30:00-05:00,337.98499999999996,2020-08-20 14:43:00-05:00,338.71500000000003,338.67,-182.5,"lasthalf short: r_first -0.14%, r_late -0.06%",stop
2020-08-21,1,27,2020-08-21 14:30:00-05:00,339.52660000000003,2020-08-21 14:58:00-05:00,339.53499999999997,338.89,2.27,"lasthalf long: r_first +0.11%, r_late +0.04%",flatten
2020-08-24,1,27,2020-08-24 14:30:00-05:00,341.95730000000003,2020-08-24 14:58:00-05:00,342.405,341.32,120.88,"lasthalf long: r_first +0.72%, r_late +0.12%",flatten
2020-08-25,1,28,2020-08-25 14:30:00-05:00,344.08680000000004,2020-08-25 14:58:00-05:00,344.005,343.48,-22.9,"lasthalf long: r_first +0.12%, r_late +0.09%",flatten
2020-08-26,1,28,2020-08-26 14:30:00-05:00,347.76500000000004,2020-08-26 14:58:00-05:00,347.645,347.16,-33.6,"lasthalf long: r_first +0.16%, r_late +0.34%",flatten
2020-08-27,1,28,2020-08-27 14:30:00-05:00,349.505,2020-08-27 14:47:00-05:00,348.835,348.88,-187.6,"lasthalf long: r_first +0.49%, r_late +0.09%",stop
2020-08-28,1,28,2020-08-28 14:30:00-05:00,350.435,2020-08-28 14:58:00-05:00,350.53499999999997,349.82,28.0,"lasthalf long: r_first +0.29%, r_late +0.17%",flatten
2020-08-31,-1,28,2020-08-31 14:30:00-05:00,350.425,2020-08-31 14:46:00-05:00,351.08500000000004,351.04,-184.8,"lasthalf short: r_first -0.15%, r_late -0.09%",stop
2020-09-02,1,28,2020-09-02 14:30:00-05:00,357.70500000000004,2020-09-02 14:58:00-05:00,358.03999999999996,357.1,93.8,"lasthalf long: r_first +0.34%, r_late +0.26%",flatten
2020-09-03,-1,28,2020-09-03 14:30:00-05:00,342.85999999999996,2020-09-03 14:30:00-05:00,343.51500000000004,343.47,-183.4,"lasthalf short: r_first -0.53%, r_late -0.32%",stop
2020-09-09,1,27,2020-09-09 14:30:00-05:00,342.295,2020-09-09 14:36:00-05:00,341.59499999999997,341.64,-189.0,"lasthalf long: r_first +1.47%, r_late +0.16%",stop
2020-09-11,1,21,2020-09-11 14:30:00-05:00,334.77500000000003,2020-09-11 14:46:00-05:00,333.905,333.95,-182.7,"lasthalf long: r_first +0.08%, r_late +0.33%",stop
2020-09-17,-1,17,2020-09-17 14:30:00-05:00,333.60499999999996,2020-09-17 14:33:00-05:00,334.685,334.64,-183.6,"lasthalf short: r_first -1.08%, r_late -0.11%",stop
2020-09-22,1,11,2020-09-22 14:30:00-05:00,330.285,2020-09-22 14:58:00-05:00,330.435,328.7,16.5,"lasthalf long: r_first +0.14%, r_late +0.32%",flatten
2020-09-24,-1,11,2020-09-24 14:30:00-05:00,322.23499999999996,2020-09-24 14:45:00-05:00,323.855,323.81,-178.2,"lasthalf short: r_first -0.15%, r_late -0.21%",stop
2020-09-29,-1,13,2020-09-29 14:30:00-05:00,333.085,2020-09-29 14:58:00-05:00,332.64500000000004,334.48,57.2,"lasthalf short: r_first -0.09%, r_late -0.06%",flatten
2020-10-02,-1,14,2020-10-02 14:30:00-05:00,334.91499999999996,2020-10-02 14:58:00-05:00,334.185,336.24,102.2,"lasthalf short: r_first -0.89%, r_late -0.07%",flatten
2020-10-05,1,13,2020-10-05 14:30:00-05:00,339.915,2020-10-05 14:58:00-05:00,339.715,338.54,-26.0,"lasthalf long: r_first +0.81%, r_late +0.20%",flatten
2020-10-06,-1,13,2020-10-06 14:30:00-05:00,336.075,2020-10-06 14:58:00-05:00,335.6449,337.44,55.91,"lasthalf short: r_first -0.09%, r_late -0.27%",flatten
2020-10-07,1,13,2020-10-07 14:30:00-05:00,341.355,2020-10-07 14:58:00-05:00,341.1649,339.98,-24.71,"lasthalf long: r_first +1.21%, r_late +0.02%",flatten
2020-10-08,1,14,2020-10-08 14:30:00-05:00,343.665,2020-10-08 14:58:00-05:00,343.645,342.34000000000003,-2.8,"lasthalf long: r_first +0.71%, r_late +0.04%",flatten
2020-10-09,1,14,2020-10-09 14:30:00-05:00,346.935,2020-10-09 14:58:00-05:00,346.48499999999996,345.64,-63.0,"lasthalf long: r_first +0.53%, r_late +0.16%",flatten
2020-10-14,1,17,2020-10-14 14:30:00-05:00,348.735,2020-10-14 14:58:00-05:00,348.23499999999996,347.7,-85.0,"lasthalf long: r_first +0.45%, r_late +0.16%",flatten
2020-10-22,1,17,2020-10-22 14:30:00-05:00,344.795,2020-10-22 14:58:00-05:00,344.375,343.76,-71.4,"lasthalf long: r_first +0.22%, r_late +0.08%",flatten
2020-10-23,1,18,2020-10-23 14:30:00-05:00,345.185,2020-10-23 14:58:00-05:00,345.60499999999996,344.18,75.6,"lasthalf long: r_first +0.21%, r_late +0.11%",flatten
2020-10-27,1,18,2020-10-27 14:30:00-05:00,338.945,2020-10-27 14:58:00-05:00,338.35499999999996,337.94,-106.2,"lasthalf long: r_first +0.08%, r_late +0.10%",flatten
2020-11-02,1,15,2020-11-02 14:30:00-06:00,329.985,2020-11-02 14:43:00-06:00,328.715,328.76,-190.5,"lasthalf long: r_first +1.30%, r_late +0.15%",stop
2020-11-03,1,14,2020-11-03 14:30:00-06:00,336.475,2020-11-03 14:58:00-06:00,336.755,335.16,39.2,"lasthalf long: r_first +1.57%, r_late +0.02%",flatten
2020-11-12,-1,12,2020-11-12 14:30:00-06:00,351.885,2020-11-12 14:58:00-06:00,352.865,353.42,-117.6,"lasthalf short: r_first -0.36%, r_late -0.03%",flatten
2020-11-13,1,12,2020-11-13 14:30:00-06:00,357.745,2020-11-13 14:58:00-06:00,358.15999999999997,356.2,49.8,"lasthalf long: r_first +0.78%, r_late +0.01%",flatten
2020-11-17,-1,12,2020-11-17 14:30:00-06:00,360.25,2020-11-17 14:58:00-06:00,360.70500000000004,361.75,-54.6,"lasthalf short: r_first -1.11%, r_late -0.34%",flatten
2020-11-20,-1,16,2020-11-20 14:30:00-06:00,355.94,2020-11-20 14:58:00-06:00,355.625,357.1,50.4,"lasthalf short: r_first -0.20%, r_late -0.24%",flatten
2020-11-23,1,17,2020-11-23 14:30:00-06:00,357.76500000000004,2020-11-23 14:58:00-06:00,357.22499999999997,356.74,-91.8,"lasthalf long: r_first +0.79%, r_late +0.03%",flatten
2020-11-24,1,17,2020-11-24 14:30:00-06:00,363.3,2020-11-24 14:58:00-06:00,363.32,362.27,3.4,"lasthalf long: r_first +0.80%, r_late +0.05%",flatten
2020-11-27,1,19,2020-11-27 14:32:00-06:00,363.745,2020-11-27 14:58:00-06:00,363.805,362.82,11.4,"lasthalf long: r_first +0.28%, r_late +0.02%",flatten
2020-11-30,-1,20,2020-11-30 14:30:00-06:00,361.23499999999996,2020-11-30 14:58:00-06:00,361.555,362.12,-64.0,"lasthalf short: r_first -0.42%, r_late -0.24%",flatten
2020-12-02,-1,20,2020-12-02 14:30:00-06:00,366.315,2020-12-02 14:58:00-06:00,366.6,367.18,-57.0,"lasthalf short: r_first -0.15%, r_late -0.11%",flatten
2020-12-03,1,20,2020-12-03 14:30:00-06:00,368.105,2020-12-03 14:37:00-06:00,367.195,367.24,-182.0,"lasthalf long: r_first +0.07%, r_late +0.13%",stop
2020-12-08,-1,21,2020-12-08 14:30:00-06:00,370.185,2020-12-08 14:58:00-06:00,370.255,371.0,-14.7,"lasthalf short: r_first -0.17%, r_late -0.00%",flatten
2020-12-10,1,24,2020-12-10 14:30:00-06:00,366.935,2020-12-10 14:58:00-06:00,366.935,366.22,0.0,"lasthalf long: r_first +0.08%, r_late +0.24%",flatten
2020-12-18,-1,25,2020-12-18 14:30:00-06:00,367.22499999999997,2020-12-18 14:43:00-06:00,367.975,367.93,-187.5,"lasthalf short: r_first -0.70%, r_late -0.09%",stop
2020-12-21,-1,25,2020-12-21 14:30:00-06:00,367.675,2020-12-21 14:58:00-06:00,367.39000000000004,368.38,71.25,"lasthalf short: r_first -1.16%, r_late -0.08%",flatten
2020-12-29,1,23,2020-12-29 14:30:00-06:00,371.935,2020-12-29 14:55:00-06:00,371.135,371.18,-184.0,"lasthalf long: r_first +0.10%, r_late +0.16%",stop
2020-12-30,1,23,2020-12-30 14:30:00-06:00,371.83500000000004,2020-12-30 14:58:00-06:00,371.98499999999996,371.07,34.5,"lasthalf long: r_first +0.35%, r_late +0.00%",flatten
2021-01-04,-1,25,2021-01-04 14:30:00-06:00,367.565,2021-01-04 14:34:00-06:00,368.305,368.26,-185.0,"lasthalf short: r_first -0.09%, r_late -0.10%",stop
2021-01-07,1,25,2021-01-07 14:30:00-06:00,379.51,2021-01-07 14:58:00-06:00,379.28499999999997,378.81,-56.25,"lasthalf long: r_first +1.16%, r_late +0.04%",flatten
2021-01-08,1,24,2021-01-08 14:30:00-06:00,380.52500000000003,2021-01-08 14:58:00-06:00,381.29499999999996,379.78000000000003,184.8,"lasthalf long: r_first +0.38%, r_late +0.13%",flatten
2021-01-11,-1,23,2021-01-11 14:30:00-06:00,378.22499999999997,2021-01-11 14:48:00-06:00,379.035,378.99,-186.3,"lasthalf short: r_first -0.56%, r_late -0.33%",stop
2021-01-19,1,20,2021-01-19 14:30:00-06:00,378.90090000000004,2021-01-19 14:58:00-06:00,378.805,378.01,-19.18,"lasthalf long: r_first +0.54%, r_late +0.01%",flatten
2021-01-20,1,20,2021-01-20 14:30:00-06:00,384.345,2021-01-20 14:58:00-06:00,384.28499999999997,383.46000000000004,-12.0,"lasthalf long: r_first +0.71%, r_late +0.04%",flatten
2021-01-26,1,21,2021-01-26 14:30:00-06:00,384.94,2021-01-26 14:49:00-06:00,384.045,384.09000000000003,-187.95,"lasthalf long: r_first +0.09%, r_late +0.06%",stop
2021-01-27,-1,23,2021-01-27 14:30:00-06:00,373.435,2021-01-27 14:53:00-06:00,374.225,374.18,-181.7,"lasthalf short: r_first -1.63%, r_late -0.16%",stop
2021-02-08,1,23,2021-02-08 14:30:00-06:00,389.565,2021-02-08 14:58:00-06:00,389.91499999999996,388.82,80.5,"lasthalf long: r_first +0.50%, r_late +0.05%",flatten
2021-02-09,-1,23,2021-02-09 14:30:00-06:00,390.435,2021-02-09 14:58:00-06:00,390.15500000000003,391.18,64.4,"lasthalf short: r_first -0.10%, r_late -0.08%",flatten
2021-02-11,1,22,2021-02-11 14:30:00-06:00,390.185,2021-02-11 14:58:00-06:00,390.515,389.40000000000003,72.6,"lasthalf long: r_first +0.08%, r_late +0.09%",flatten
2021-02-19,1,23,2021-02-19 14:30:00-06:00,390.70500000000004,2021-02-19 14:54:00-06:00,389.895,389.94,-186.3,"lasthalf long: r_first +0.32%, r_late +0.07%",stop
2021-02-22,-1,23,2021-02-22 14:30:00-06:00,387.635,2021-02-22 14:58:00-06:00,387.14500000000004,388.40000000000003,112.7,"lasthalf short: r_first -0.51%, r_late -0.32%",flatten
2021-02-25,-1,20,2021-02-25 14:30:00-06:00,382.215,2021-02-25 14:45:00-06:00,383.13500000000005,383.09000000000003,-184.0,"lasthalf short: r_first -0.20%, r_late -0.49%",stop
2021-02-26,-1,20,2021-02-26 14:30:00-06:00,382.47499999999997,2021-02-26 14:43:00-06:00,383.415,383.37,-188.0,"lasthalf short: r_first -0.08%, r_late -0.11%",stop
2021-03-02,-1,19,2021-03-02 14:30:00-06:00,387.815,2021-03-02 14:58:00-06:00,387.02500000000003,388.74,150.1,"lasthalf short: r_first -0.06%, r_late -0.31%",flatten
2021-03-03,-1,19,2021-03-03 14:30:00-06:00,382.94759999999997,2021-03-03 14:58:00-06:00,382.105,383.89,160.09,"lasthalf short: r_first -0.53%, r_late -0.27%",flatten
2021-03-04,-1,18,2021-03-04 14:30:00-06:00,375.825,2021-03-04 14:32:00-06:00,376.865,376.82,-187.2,"lasthalf short: r_first -0.15%, r_late -0.36%",stop
2021-03-05,1,17,2021-03-05 14:30:00-06:00,383.325,2021-03-05 14:58:00-06:00,384.065,382.28000000000003,125.8,"lasthalf long: r_first +0.16%, r_late +0.05%",flatten
2021-03-11,1,12,2021-03-11 14:30:00-06:00,394.175,2021-03-11 14:58:00-06:00,393.349,392.64,-99.12,"lasthalf long: r_first +0.88%, r_late +0.02%",flatten
2021-03-16,1,13,2021-03-16 14:30:00-05:00,396.27500000000003,2021-03-16 14:58:00-05:00,395.995,394.94,-36.4,"lasthalf long: r_first +0.25%, r_late +0.07%",flatten
2021-03-17,-1,13,2021-03-17 14:30:00-05:00,397.075,2021-03-17 14:58:00-05:00,396.935,398.41,18.2,"lasthalf short: r_first -0.35%, r_late -0.14%",flatten
2021-03-18,-1,15,2021-03-18 14:30:00-05:00,392.775,2021-03-18 14:58:00-05:00,391.55,393.96000000000004,183.75,"lasthalf short: r_first -0.50%, r_late -0.13%",flatten
2021-03-19,-1,16,2021-03-19 14:30:00-05:00,390.765,2021-03-19 14:58:00-05:00,390.355,391.88,65.6,"lasthalf short: r_first -0.74%, r_late -0.17%",flatten
2021-03-26,1,16,2021-03-26 14:30:00-05:00,392.865,2021-03-26 14:58:00-05:00,395.395,391.78000000000003,404.8,"lasthalf long: r_first +0.42%, r_late +0.15%",flatten
2021-03-30,-1,16,2021-03-30 14:30:00-05:00,395.0361,2021-03-30 14:58:00-05:00,393.625,396.13,225.78,"lasthalf short: r_first -0.42%, r_late -0.01%",flatten
2021-04-09,1,23,2021-04-09 14:30:00-05:00,410.605,2021-04-09 14:58:00-05:00,411.315,409.84000000000003,163.3,"lasthalf long: r_first +0.14%, r_late +0.21%",flatten
2021-04-14,1,28,2021-04-14 14:30:00-05:00,411.995,2021-04-14 14:36:00-05:00,411.335,411.38,-184.8,"lasthalf long: r_first +0.24%, r_late +0.14%",stop
2021-04-16,1,29,2021-04-16 14:30:00-05:00,417.555,2021-04-16 14:58:00-05:00,417.255,416.96000000000004,-87.0,"lasthalf long: r_first +0.06%, r_late +0.01%",flatten
2021-04-19,-1,30,2021-04-19 14:30:00-05:00,414.275,2021-04-19 14:43:00-05:00,414.88500000000005,414.84000000000003,-183.0,"lasthalf short: r_first -0.17%, r_late -0.18%",stop
2021-04-21,1,30,2021-04-21 14:30:00-05:00,415.18,2021-04-21 14:58:00-05:00,415.935,414.62,226.5,"lasthalf long: r_first +0.28%, r_late +0.04%",flatten
2021-04-22,-1,31,2021-04-22 14:30:00-05:00,412.125,2021-04-22 14:31:00-05:00,412.725,412.68,-186.0,"lasthalf short: r_first -0.19%, r_late -0.20%",stop
2021-04-23,1,29,2021-04-23 14:30:00-05:00,417.825,2021-04-23 14:46:00-05:00,417.195,417.24,-182.7,"lasthalf long: r_first +0.45%, r_late +0.10%",stop
2021-05-04,-1,27,2021-05-04 14:30:00-05:00,413.828,2021-05-04 14:35:00-05:00,414.51500000000004,414.47,-185.49,"lasthalf short: r_first -1.03%, r_late -0.05%",stop
2021-05-07,1,21,2021-05-07 14:30:00-05:00,422.605,2021-05-07 14:58:00-05:00,422.425,421.76,-37.8,"lasthalf long: r_first +0.45%, r_late +0.10%",flatten
2021-05-12,-1,23,2021-05-12 14:30:00-05:00,405.68489999999997,2021-05-12 14:46:00-05:00,406.495,406.45,-186.32,"lasthalf short: r_first -0.76%, r_late -0.43%",stop
2021-05-13,1,23,2021-05-13 14:30:00-05:00,411.665,2021-05-13 14:55:00-05:00,410.855,410.90000000000003,-186.3,"lasthalf long: r_first +1.13%, r_late +0.14%",stop
2021-05-17,-1,21,2021-05-17 14:30:00-05:00,414.91499999999996,2021-05-17 14:58:00-05:00,415.625,415.75,-149.1,"lasthalf short: r_first -0.39%, r_late -0.05%",flatten
2021-05-20,1,19,2021-05-20 14:30:00-05:00,416.635,2021-05-20 14:42:00-05:00,415.635,415.68,-190.0,"lasthalf long: r_first +0.54%, r_late +0.24%",stop
2021-05-21,1,19,2021-05-21 14:30:00-05:00,416.055,2021-05-21 14:45:00-05:00,415.055,415.1,-190.0,"lasthalf long: r_first +0.70%, r_late +0.06%",stop
2021-06-08,-1,28,2021-06-08 14:30:00-05:00,422.66499999999996,2021-06-08 14:58:00-05:00,422.46500000000003,423.28000000000003,56.0,"lasthalf short: r_first -0.11%, r_late -0.01%",flatten
2021-06-15,-1,31,2021-06-15 14:30:00-05:00,424.39,2021-06-15 14:49:00-05:00,424.985,424.94,-184.45,"lasthalf short: r_first -0.14%, r_late -0.08%",stop
2021-06-23,1,30,2021-06-23 14:30:00-05:00,423.745,2021-06-23 14:46:00-05:00,423.135,423.18,-183.0,"lasthalf long: r_first +0.14%, r_late +0.08%",stop
2021-06-25,1,31,2021-06-25 14:30:00-05:00,426.64000000000004,2021-06-25 14:58:00-05:00,426.59,426.1,-15.5,"lasthalf long: r_first +0.18%, r_late +0.01%",flatten
2021-06-29,1,32,2021-06-29 14:30:00-05:00,427.745,2021-06-29 14:58:00-05:00,427.675,427.22,-22.4,"lasthalf long: r_first +0.16%, r_late +0.04%",flatten
2021-07-02,1,33,2021-07-02 14:30:00-05:00,433.65000000000003,2021-07-02 14:58:00-05:00,433.72499999999997,433.15000000000003,24.75,"lasthalf long: r_first +0.31%, r_late +0.08%",flatten
2021-07-07,1,33,2021-07-07 14:30:00-05:00,434.545,2021-07-07 14:58:00-05:00,434.15999999999997,434.04,-127.05,"lasthalf long: r_first +0.19%, r_late +0.00%",flatten
2021-07-08,-1,33,2021-07-08 14:30:00-05:00,430.125,2021-07-08 14:38:00-05:00,430.665,430.62,-178.2,"lasthalf short: r_first -1.15%, r_late -0.03%",stop
2021-07-12,1,33,2021-07-12 14:30:00-05:00,437.22,2021-07-12 14:58:00-05:00,436.995,436.72,-74.25,"lasthalf long: r_first +0.10%, r_late +0.07%",flatten
2021-07-13,-1,35,2021-07-13 14:30:00-05:00,435.625,2021-07-13 14:41:00-05:00,436.14500000000004,436.1,-182.0,"lasthalf short: r_first -0.06%, r_late -0.14%",stop
2021-07-19,-1,27,2021-07-19 14:30:00-05:00,422.28499999999997,2021-07-19 14:38:00-05:00,422.96500000000003,422.92,-183.6,"lasthalf short: r_first -1.65%, r_late -0.02%",stop
2021-07-20,1,22,2021-07-20 14:30:00-05:00,432.125,2021-07-20 14:57:00-05:00,431.295,431.34000000000003,-182.6,"lasthalf long: r_first +0.77%, r_late +0.12%",stop
2021-07-27,-1,22,2021-07-27 14:30:00-05:00,437.97499999999997,2021-07-27 14:57:00-05:00,438.795,438.75,-180.4,"lasthalf short: r_first -0.39%, r_late -0.00%",stop
2021-07-28,-1,22,2021-07-28 14:30:00-05:00,439.47499999999997,2021-07-28 14:58:00-05:00,439.125,440.25,77.0,"lasthalf short: r_first -0.09%, r_late -0.04%",flatten
2021-07-30,-1,22,2021-07-30 14:30:00-05:00,438.385,2021-07-30 14:58:00-05:00,438.185,439.16,44.0,"lasthalf short: r_first -0.29%, r_late -0.02%",flatten
2021-08-05,1,23,2021-08-05 14:30:00-05:00,440.8829,2021-08-05 14:58:00-05:00,441.465,440.13,133.88,"lasthalf long: r_first +0.41%, r_late +0.02%",flatten
2021-08-06,1,25,2021-08-06 14:30:00-05:00,442.52500000000003,2021-08-06 14:58:00-05:00,442.395,441.82,-32.5,"lasthalf long: r_first +0.06%, r_late +0.10%",flatten
2021-08-09,-1,27,2021-08-09 14:30:00-05:00,442.28499999999997,2021-08-09 14:58:00-05:00,442.12,442.93,44.55,"lasthalf short: r_first -0.18%, r_late -0.04%",flatten
2021-08-11,1,27,2021-08-11 14:30:00-05:00,443.745,2021-08-11 14:58:00-05:00,443.655,443.12,-24.3,"lasthalf long: r_first +0.20%, r_late +0.07%",flatten
2021-08-13,1,32,2021-08-13 14:30:00-05:00,445.5067,2021-08-13 14:58:00-05:00,445.465,444.98,-13.34,"lasthalf long: r_first +0.10%, r_late +0.01%",flatten
2021-08-20,1,28,2021-08-20 14:30:00-05:00,443.41,2021-08-20 14:58:00-05:00,443.60499999999996,442.81,54.6,"lasthalf long: r_first +0.46%, r_late +0.12%",flatten
2021-08-26,-1,33,2021-08-26 14:30:00-05:00,446.53499999999997,2021-08-26 14:58:00-05:00,446.495,447.03000000000003,13.2,"lasthalf short: r_first -0.15%, r_late -0.04%",flatten
2021-08-27,1,33,2021-08-27 14:30:00-05:00,450.375,2021-08-27 14:58:00-05:00,450.135,449.88,-79.2,"lasthalf long: r_first +0.34%, r_late +0.03%",flatten
2021-08-31,-1,37,2021-08-31 14:30:00-05:00,451.2251,2021-08-31 14:44:00-05:00,451.725,451.68,-184.96,"lasthalf short: r_first -0.24%, r_late -0.13%",stop
2021-09-03,-1,27,2021-09-03 14:30:00-05:00,453.23499999999996,2021-09-03 14:58:00-05:00,452.97,453.87,71.55,"lasthalf short: r_first -0.17%, r_late -0.02%",flatten
2021-09-07,-1,29,2021-09-07 14:30:00-05:00,451.775,2021-09-07 14:58:00-05:00,451.535,452.35,69.6,"lasthalf short: r_first -0.29%, r_late -0.06%",flatten
2021-09-08,-1,32,2021-09-08 14:30:00-05:00,450.675,2021-09-08 14:58:00-05:00,450.795,451.2,-38.4,"lasthalf short: r_first -0.06%, r_late -0.01%",flatten
2021-09-13,1,32,2021-09-13 14:30:00-05:00,446.065,2021-09-13 14:47:00-05:00,445.495,445.54,-182.4,"lasthalf long: r_first +0.39%, r_late +0.26%",stop
2021-09-14,-1,29,2021-09-14 14:30:00-05:00,443.395,2021-09-14 14:45:00-05:00,444.01500000000004,443.97,-179.8,"lasthalf short: r_first -0.11%, r_late -0.15%",stop
2021-09-15,1,27,2021-09-15 14:30:00-05:00,447.96500000000003,2021-09-15 14:58:00-05:00,447.755,447.32,-56.7,"lasthalf long: r_first +0.20%, r_late +0.15%",flatten
2021-09-16,-1,25,2021-09-16 14:30:00-05:00,447.385,2021-09-16 14:58:00-05:00,447.075,448.06,77.5,"lasthalf short: r_first -0.38%, r_late -0.01%",flatten
2021-09-17,-1,25,2021-09-17 14:30:00-05:00,441.44,2021-09-17 14:44:00-05:00,442.185,442.14,-186.25,"lasthalf short: r_first -0.82%, r_late -0.03%",stop
2021-09-21,1,21,2021-09-21 14:30:00-05:00,435.75,2021-09-21 14:46:00-05:00,434.885,434.93,-181.65,"lasthalf long: r_first +0.54%, r_late +0.17%",stop
2021-09-22,1,21,2021-09-22 14:30:00-05:00,439.01500000000004,2021-09-22 14:49:00-05:00,438.135,438.18,-184.8,"lasthalf long: r_first +0.73%, r_late +0.31%",stop
2021-09-24,1,20,2021-09-24 14:30:00-05:00,444.115,2021-09-24 14:58:00-05:00,443.97499999999997,443.22,-28.0,"lasthalf long: r_first +0.12%, r_late +0.03%",flatten
2021-09-28,-1,19,2021-09-28 14:30:00-05:00,434.74,2021-09-28 14:58:00-05:00,434.095,435.66,122.55,"lasthalf short: r_first -1.05%, r_late -0.24%",flatten
2021-10-01,1,16,2021-10-01 14:30:00-05:00,434.89500000000004,2021-10-01 14:58:00-05:00,434.47499999999997,433.78000000000003,-67.2,"lasthalf long: r_first +0.06%, r_late +0.02%",flatten
2021-10-04,-1,16,2021-10-04 14:30:00-05:00,427.585,2021-10-04 14:43:00-05:00,428.745,428.7,-185.6,"lasthalf short: r_first -0.35%, r_late -0.14%",stop
2021-10-07,1,13,2021-10-07 14:30:00-05:00,439.635,2021-10-07 14:56:00-05:00,438.235,438.28000000000003,-182.0,"lasthalf long: r_first +1.32%, r_late +0.10%",stop
2021-10-12,-1,16,2021-10-12 14:30:00-05:00,434.115,2021-10-12 14:58:00-05:00,433.77500000000003,435.22,54.4,"lasthalf short: r_first -0.13%, r_late -0.03%",flatten
2021-10-13,-1,16,2021-10-13 14:30:00-05:00,434.405,2021-10-13 14:58:00-05:00,434.96500000000003,435.52,-89.6,"lasthalf short: r_first -0.12%, r_late -0.01%",flatten
2021-10-19,1,17,2021-10-19 14:30:00-05:00,450.445,2021-10-19 14:58:00-05:00,450.315,449.36,-22.1,"lasthalf long: r_first +0.31%, r_late +0.09%",flatten
2021-10-29,-1,26,2021-10-29 14:30:00-05:00,457.85499999999996,2021-10-29 14:41:00-05:00,458.565,458.52,-184.6,"lasthalf short: r_first -0.25%, r_late -0.06%",stop
2021-11-04,1,27,2021-11-04 14:30:00-05:00,466.035,2021-11-04 14:58:00-05:00,466.19,465.40000000000003,41.85,"lasthalf long: r_first +0.35%, r_late +0.04%",flatten
2021-11-09,-1,25,2021-11-09 14:30:00-06:00,466.765,2021-11-09 14:56:00-06:00,467.50500000000005,467.46000000000004,-185.0,"lasthalf short: r_first -0.43%, r_late -0.07%",stop
2021-11-11,1,24,2021-11-11 14:30:00-06:00,464.325,2021-11-11 14:58:00-06:00,463.925,463.58,-96.0,"lasthalf long: r_first +0.30%, r_late +0.01%",flatten
2021-11-12,1,24,2021-11-12 14:30:00-06:00,467.32,2021-11-12 14:58:00-06:00,467.16499999999996,466.6,-37.2,"lasthalf long: r_first +0.11%, r_late +0.13%",flatten
2021-11-15,1,24,2021-11-15 14:30:00-06:00,467.445,2021-11-15 14:47:00-06:00,466.675,466.72,-184.8,"lasthalf long: r_first +0.28%, r_late +0.03%",stop
2021-11-17,-1,25,2021-11-17 14:30:00-06:00,468.34499999999997,2021-11-17 14:58:00-06:00,468.225,469.02,30.0,"lasthalf short: r_first -0.35%, r_late -0.02%",flatten
2021-11-18,1,25,2021-11-18 14:30:00-06:00,469.77500000000003,2021-11-18 14:58:00-06:00,469.495,469.08,-70.0,"lasthalf long: r_first +0.08%, r_late +0.05%",flatten
2021-11-29,1,21,2021-11-29 14:30:00-06:00,465.795,2021-11-29 14:50:00-06:00,464.915,464.96000000000004,-184.8,"lasthalf long: r_first +1.44%, r_late +0.02%",stop
2021-11-30,-1,20,2021-11-30 14:30:00-06:00,456.425,2021-11-30 14:45:00-06:00,457.38500000000005,457.34000000000003,-192.0,"lasthalf short: r_first -0.47%, r_late -0.19%",stop
2021-12-06,1,16,2021-12-06 14:30:00-06:00,459.055,2021-12-06 14:58:00-06:00,458.805,457.96000000000004,-40.0,"lasthalf long: r_first +0.62%, r_late +0.03%",flatten
2021-12-09,-1,14,2021-12-09 14:30:00-06:00,466.765,2021-12-09 14:58:00-06:00,466.615,468.06,21.0,"lasthalf short: r_first -0.27%, r_late -0.14%",flatten
2021-12-10,1,14,2021-12-10 14:30:00-06:00,469.495,2021-12-10 14:58:00-06:00,470.63,468.2,158.9,"lasthalf long: r_first +0.44%, r_late +0.17%",flatten
2021-12-13,-1,14,2021-12-13 14:30:00-06:00,467.825,2021-12-13 14:58:00-06:00,466.71500000000003,469.12,155.4,"lasthalf short: r_first -0.42%, r_late -0.07%",flatten
2021-12-16,1,14,2021-12-16 14:30:00-06:00,467.21500000000003,2021-12-16 14:58:00-06:00,466.895,465.92,-44.8,"lasthalf long: r_first +0.05%, r_late +0.28%",flatten
2021-12-17,-1,14,2021-12-17 14:30:00-06:00,461.73499999999996,2021-12-17 14:58:00-06:00,460.70500000000004,463.02,144.2,"lasthalf short: r_first -1.29%, r_late -0.11%",flatten
2021-12-22,1,13,2021-12-22 14:30:00-06:00,466.535,2021-12-22 14:58:00-06:00,467.655,465.2,145.6,"lasthalf long: r_first +0.09%, r_late +0.04%",flatten
2021-12-27,1,15,2021-12-27 14:30:00-06:00,476.315,2021-12-27 14:58:00-06:00,477.12,475.12,120.75,"lasthalf long: r_first +0.55%, r_late +0.02%",flatten
2021-12-29,1,16,2021-12-29 14:30:00-06:00,477.96500000000003,2021-12-29 14:58:00-06:00,477.78999999999996,476.82,-28.0,"lasthalf long: r_first +0.14%, r_late +0.07%",flatten
2022-01-04,1,19,2022-01-04 14:30:00-06:00,478.305,2022-01-04 14:58:00-06:00,477.84499999999997,477.36,-87.4,"lasthalf long: r_first +0.40%, r_late +0.17%",flatten
2022-01-05,-1,19,2022-01-05 14:30:00-06:00,470.255,2022-01-05 14:58:00-06:00,468.845,471.2,267.9,"lasthalf short: r_first -0.06%, r_late -0.30%",flatten
2022-01-06,-1,19,2022-01-06 14:30:00-06:00,468.925,2022-01-06 14:58:00-06:00,468.08500000000004,469.88,159.6,"lasthalf short: r_first -0.28%, r_late -0.10%",flatten
2022-01-10,-1,19,2022-01-10 14:30:00-06:00,462.635,2022-01-10 14:41:00-06:00,463.625,463.58,-188.1,"lasthalf short: r_first -1.45%, r_late -0.06%",stop
2022-01-18,-1,15,2022-01-18 14:30:00-06:00,456.995,2022-01-18 14:58:00-06:00,456.20500000000004,458.18,118.5,"lasthalf short: r_first -1.41%, r_late -0.30%",flatten
2022-01-21,-1,13,2022-01-21 14:30:00-06:00,438.46,2022-01-21 14:39:00-06:00,439.90500000000003,439.86,-187.85,"lasthalf short: r_first -0.71%, r_late -0.33%",stop
2022-01-25,-1,11,2022-01-25 14:30:00-06:00,435.425,2022-01-25 14:58:00-06:00,434.45500000000004,437.02,106.7,"lasthalf short: r_first -2.44%, r_late -0.92%",flatten
2022-01-27,1,10,2022-01-27 14:30:00-06:00,431.625,2022-01-27 14:58:00-06:00,431.685,429.84000000000003,6.0,"lasthalf long: r_first +1.57%, r_late +0.11%",flatten
2022-02-02,1,9,2022-02-02 14:30:00-06:00,457.445,2022-02-02 14:58:00-06:00,457.575,455.52,11.7,"lasthalf long: r_first +0.34%, r_late +0.08%",flatten
2022-02-04,1,10,2022-02-04 14:30:00-06:00,451.925,2022-02-04 14:49:00-06:00,449.995,450.04,-193.0,"lasthalf long: r_first +0.12%, r_late +0.18%",stop
2022-02-09,1,10,2022-02-09 14:30:00-06:00,457.063,2022-02-09 14:58:00-06:00,457.255,455.31,19.2,"lasthalf long: r_first +0.99%, r_late +0.08%",flatten
2022-02-10,-1,10,2022-02-10 14:30:00-06:00,449.765,2022-02-10 14:58:00-06:00,449.305,451.52,46.0,"lasthalf short: r_first -0.51%, r_late -0.01%",flatten
2022-02-15,1,10,2022-02-15 14:30:00-06:00,445.64500000000004,2022-02-15 14:40:00-06:00,443.855,443.90000000000003,-179.0,"lasthalf long: r_first +1.13%, r_late +0.05%",stop
2022-02-17,-1,11,2022-02-17 14:30:00-06:00,437.60499999999996,2022-02-17 14:58:00-06:00,437.045,439.22,61.6,"lasthalf short: r_first -1.30%, r_late -0.17%",flatten
2022-02-23,1,11,2022-02-23 14:30:00-06:00,423.685,2022-02-23 14:45:00-06:00,421.97499999999997,422.02,-188.1,"lasthalf long: r_first +0.35%, r_late +0.01%",stop
2022-03-01,-1,8,2022-03-01 14:30:00-06:00,429.425,2022-03-01 14:58:00-06:00,429.665,431.68,-19.2,"lasthalf short: r_first -0.41%, r_late -0.06%",flatten
2022-03-02,1,8,2022-03-02 14:30:00-06:00,438.75,2022-03-02 14:58:00-06:00,437.865,436.47,-70.8,"lasthalf long: r_first +0.84%, r_late +0.16%",flatten
2022-03-03,1,8,2022-03-03 14:30:00-06:00,436.47,2022-03-03 14:45:00-06:00,434.145,434.19,-186.0,"lasthalf long: r_first +0.43%, r_late +0.04%",stop
2022-03-07,-1,8,2022-03-07 14:30:00-06:00,421.525,2022-03-07 14:58:00-06:00,420.41,423.76,89.2,"lasthalf short: r_first -1.02%, r_late -0.05%",flatten
2022-03-08,-1,8,2022-03-08 14:30:00-06:00,419.025,2022-03-08 14:58:00-06:00,416.795,421.22,178.4,"lasthalf short: r_first -0.18%, r_late -0.57%",flatten
2022-03-09,1,8,2022-03-09 14:30:00-06:00,428.815,2022-03-09 14:58:00-06:00,426.84499999999997,426.58,-157.6,"lasthalf long: r_first +1.88%, r_late +0.34%",flatten
2022-03-10,-1,8,2022-03-10 14:30:00-06:00,424.85499999999996,2022-03-10 14:58:00-06:00,425.77500000000003,427.08,-73.6,"lasthalf short: r_first -0.67%, r_late -0.17%",flatten
2022-03-14,1,8,2022-03-14 14:30:00-05:00,417.235,2022-03-14 14:58:00-05:00,417.05,415.02,-14.8,"lasthalf long: r_first +0.30%, r_late +0.01%",flatten
2022-03-15,1,8,2022-03-15 14:30:00-05:00,425.83000000000004,2022-03-15 14:58:00-05:00,425.825,423.66,-0.4,"lasthalf long: r_first +0.79%, r_late +0.27%",flatten
2022-03-16,1,8,2022-03-16 14:30:00-05:00,433.035,2022-03-16 14:58:00-05:00,434.57239999999996,430.90000000000003,122.99,"lasthalf long: r_first +1.36%, r_late +0.71%",flatten
2022-03-22,1,10,2022-03-22 14:30:00-05:00,449.08500000000004,2022-03-22 14:58:00-05:00,449.065,447.22,-2.0,"lasthalf long: r_first +0.63%, r_late +0.01%",flatten
2022-03-24,1,10,2022-03-24 14:30:00-05:00,449.64500000000004,2022-03-24 14:58:00-05:00,450.03499999999997,447.81,39.0,"lasthalf long: r_first +0.39%, r_late +0.32%",flatten
2022-03-28,1,11,2022-03-28 14:30:00-05:00,454.52500000000003,2022-03-28 14:58:00-05:00,455.425,452.8,99.0,"lasthalf long: r_first +0.19%, r_late +0.02%",flatten
2022-03-29,1,11,2022-03-29 14:30:00-05:00,461.575,2022-03-29 14:58:00-05:00,461.23499999999996,459.94,-37.4,"lasthalf long: r_first +0.75%, r_late +0.21%",flatten
2022-03-30,-1,12,2022-03-30 14:30:00-05:00,457.115,2022-03-30 14:58:00-05:00,458.065,458.68,-114.0,"lasthalf short: r_first -0.15%, r_late -0.16%",flatten
2022-03-31,-1,12,2022-03-31 14:30:00-05:00,455.47499999999997,2022-03-31 14:58:00-05:00,452.52000000000004,456.94,354.6,"lasthalf short: r_first -0.17%, r_late -0.23%",flatten
2022-04-04,1,13,2022-04-04 14:30:00-05:00,456.15500000000003,2022-04-04 14:58:00-05:00,456.0551,454.76,-12.99,"lasthalf long: r_first +0.36%, r_late +0.01%",flatten
2022-04-06,-1,13,2022-04-06 14:30:00-05:00,445.625,2022-04-06 14:46:00-05:00,447.045,447.0,-184.6,"lasthalf short: r_first -1.22%, r_late -0.51%",stop
2022-04-07,1,13,2022-04-07 14:30:00-05:00,449.345,2022-04-07 14:58:00-05:00,448.705,447.96000000000004,-83.2,"lasthalf long: r_first +0.10%, r_late +0.01%",flatten
2022-04-11,-1,13,2022-04-11 14:30:00-05:00,440.905,2022-04-11 14:58:00-05:00,439.725,442.29,153.4,"lasthalf short: r_first -0.79%, r_late -0.33%",flatten
2022-04-13,1,13,2022-04-13 14:30:00-05:00,443.535,2022-04-13 14:58:00-05:00,443.315,442.1,-28.6,"lasthalf long: r_first +0.18%, r_late +0.15%",flatten
2022-04-14,-1,13,2022-04-14 14:30:00-05:00,439.215,2022-04-14 14:58:00-05:00,437.93,440.6,167.05,"lasthalf short: r_first -0.28%, r_late -0.02%",flatten
2022-04-19,1,13,2022-04-19 14:30:00-05:00,445.175,2022-04-19 14:58:00-05:00,444.59499999999997,443.76,-75.4,"lasthalf long: r_first +0.78%, r_late +0.30%",flatten
2022-04-21,1,12,2022-04-21 14:30:00-05:00,439.51500000000004,2022-04-21 14:35:00-05:00,437.995,438.04,-182.4,"lasthalf long: r_first +1.05%, r_late +0.06%",stop
2022-04-26,-1,12,2022-04-26 14:30:00-05:00,417.905,2022-04-26 14:58:00-05:00,416.995,419.40000000000003,109.2,"lasthalf short: r_first -1.08%, r_late -0.66%",flatten
2022-04-28,1,10,2022-04-28 14:30:00-05:00,428.825,2022-04-28 14:50:00-05:00,426.985,427.03000000000003,-184.0,"lasthalf long: r_first +0.77%, r_late +0.03%",stop
2022-04-29,-1,10,2022-04-29 14:30:00-05:00,414.0225,2022-04-29 14:58:00-05:00,411.355,415.81,266.75,"lasthalf short: r_first -0.49%, r_late -0.38%",flatten
2022-05-02,1,10,2022-05-02 14:30:00-05:00,411.95500000000004,2022-05-02 14:58:00-05:00,414.305,410.08,235.0,"lasthalf long: r_first +0.05%, r_late +1.34%",flatten
2022-05-05,-1,9,2022-05-05 14:30:00-05:00,409.995,2022-05-05 14:36:00-05:00,411.985,411.94,-179.1,"lasthalf short: r_first -1.73%, r_late -0.66%",stop
2022-05-06,-1,9,2022-05-06 14:30:00-05:00,408.585,2022-05-06 14:37:00-05:00,410.64500000000004,410.6,-185.4,"lasthalf short: r_first -1.83%, r_late -0.08%",stop
2022-05-09,-1,9,2022-05-09 14:30:00-05:00,399.635,2022-05-09 14:58:00-05:00,398.745,401.72,80.1,"lasthalf short: r_first -1.50%, r_late -0.40%",flatten
2022-05-13,1,6,2022-05-13 14:30:00-05:00,402.40500000000003,2022-05-13 14:58:00-05:00,401.175,399.48,-73.8,"lasthalf long: r_first +1.59%, r_late +0.45%",flatten
2022-05-16,-1,7,2022-05-16 14:30:00-05:00,400.955,2022-05-16 14:58:00-05:00,399.675,403.7,89.6,"lasthalf short: r_first -0.74%, r_late -0.49%",flatten
2022-05-17,1,7,2022-05-17 14:30:00-05:00,408.14500000000004,2022-05-17 14:58:00-05:00,407.685,405.40000000000003,-32.2,"lasthalf long: r_first +1.24%, r_late +0.26%",flatten
2022-05-18,-1,7,2022-05-18 14:30:00-05:00,390.815,2022-05-18 14:58:00-05:00,391.51500000000004,393.56,-49.0,"lasthalf short: r_first -1.74%, r_late -0.21%",flatten
2022-05-19,-1,7,2022-05-19 14:30:00-05:00,389.805,2022-05-19 14:58:00-05:00,389.725,392.54,5.6,"lasthalf short: r_first -0.84%, r_late -0.75%",flatten
2022-05-20,1,6,2022-05-20 14:30:00-05:00,385.295,2022-05-20 14:58:00-05:00,389.4866,382.36,251.5,"lasthalf long: r_first +0.85%, r_late +0.46%",flatten
2022-05-25,1,6,2022-05-25 14:30:00-05:00,398.575,2022-05-25 14:58:00-05:00,397.255,395.64,-79.2,"lasthalf long: r_first +0.11%, r_late +0.22%",flatten
2022-05-27,1,7,2022-05-27 14:30:00-05:00,414.415,2022-05-27 14:58:00-05:00,414.8573,411.98,30.96,"lasthalf long: r_first +1.42%, r_late +0.30%",flatten
2022-06-01,1,8,2022-06-01 14:30:00-05:00,411.78000000000003,2022-06-01 14:58:00-05:00,410.015,409.64,-141.2,"lasthalf long: r_first +0.47%, r_late +0.14%",flatten
2022-06-03,-1,9,2022-06-03 14:30:00-05:00,410.91499999999996,2022-06-03 14:58:00-05:00,410.6852,412.91,20.68,"lasthalf short: r_first -1.02%, r_late -0.15%",flatten
2022-06-13,-1,10,2022-06-13 14:30:00-05:00,375.03499999999997,2022-06-13 14:58:00-05:00,375.02500000000003,376.87,1.0,"lasthalf short: r_first -2.57%, r_late -0.49%",flatten
2022-06-14,1,10,2022-06-14 14:30:00-05:00,372.46500000000003,2022-06-14 14:58:00-05:00,373.47499999999997,370.63,101.0,"lasthalf long: r_first +0.64%, r_late +0.06%",flatten
2022-06-15,1,10,2022-06-15 14:30:00-05:00,382.33500000000004,2022-06-15 14:40:00-05:00,380.455,380.5,-188.0,"lasthalf long: r_first +1.28%, r_late +1.10%",stop
2022-06-17,1,9,2022-06-17 14:30:00-05:00,368.0,2022-06-17 14:52:00-05:00,366.025,366.07,-177.75,"lasthalf long: r_first +0.40%, r_late +0.13%",stop
2022-06-22,-1,9,2022-06-22 14:30:00-05:00,375.715,2022-06-22 14:58:00-05:00,375.40500000000003,377.64,27.9,"lasthalf short: r_first -0.41%, r_late -0.39%",flatten
2022-06-23,1,10,2022-06-23 14:30:00-05:00,376.975,2022-06-23 14:58:00-05:00,378.10499999999996,375.12,113.0,"lasthalf long: r_first +0.70%, r_late +0.20%",flatten
2022-06-24,1,10,2022-06-24 14:30:00-05:00,388.125,2022-06-24 14:58:00-05:00,388.945,386.3,82.0,"lasthalf long: r_first +1.50%, r_late +0.06%",flatten
2022-06-29,1,10,2022-06-29 14:30:00-05:00,381.535,2022-06-29 14:53:00-05:00,379.615,379.66,-192.0,"lasthalf long: r_first +0.09%, r_late +0.37%",stop
2022-07-01,1,9,2022-07-01 14:30:00-05:00,380.225,2022-07-01 14:58:00-05:00,380.645,378.18,37.8,"lasthalf long: r_first +0.37%, r_late +0.07%",flatten
2022-07-07,1,10,2022-07-07 14:30:00-05:00,389.095,2022-07-07 14:58:00-05:00,389.22499999999997,387.18,13.0,"lasthalf long: r_first +1.06%, r_late +0.05%",flatten
2022-07-08,-1,10,2022-07-08 14:30:00-05:00,389.515,2022-07-08 14:58:00-05:00,389.08500000000004,391.34000000000003,43.0,"lasthalf short: r_first -0.68%, r_late -0.12%",flatten
2022-07-11,-1,10,2022-07-11 14:30:00-05:00,384.22499999999997,2022-07-11 14:58:00-05:00,383.975,385.99,25.0,"lasthalf short: r_first -1.04%, r_late -0.09%",flatten
2022-07-12,-1,10,2022-07-12 14:30:00-05:00,380.215,2022-07-12 14:58:00-05:00,380.795,381.96,-58.0,"lasthalf short: r_first -0.14%, r_late -0.59%",flatten
2022-07-13,-1,10,2022-07-13 14:30:00-05:00,380.16499999999996,2022-07-13 14:58:00-05:00,379.615,381.91,55.0,"lasthalf short: r_first -0.87%, r_late -0.30%",flatten
2022-07-19,1,11,2022-07-19 14:30:00-05:00,392.005,2022-07-19 14:58:00-05:00,392.385,390.40000000000003,41.8,"lasthalf long: r_first +1.28%, r_late +0.06%",flatten
2022-07-27,1,14,2022-07-27 14:30:00-05:00,402.845,2022-07-27 14:51:00-05:00,401.515,401.56,-186.2,"lasthalf long: r_first +1.13%, r_late +0.73%",stop
2022-07-29,1,14,2022-07-29 14:30:00-05:00,412.71500000000003,2022-07-29 14:58:00-05:00,411.89369999999997,411.42,-114.98,"lasthalf long: r_first +0.78%, r_late +0.19%",flatten
2022-08-01,-1,14,2022-08-01 14:30:00-05:00,410.6683,2022-08-01 14:58:00-05:00,410.58500000000004,411.96000000000004,11.66,"lasthalf short: r_first -0.21%, r_late -0.16%",flatten
2022-08-02,-1,14,2022-08-02 14:30:00-05:00,409.32829999999996,2022-08-02 14:58:00-05:00,408.095,410.62,172.66,"lasthalf short: r_first -0.51%, r_late -0.02%",flatten
2022-08-03,1,14,2022-08-03 14:30:00-05:00,414.885,2022-08-03 14:58:00-05:00,414.615,413.59000000000003,-37.8,"lasthalf long: r_first +0.84%, r_late +0.00%",flatten
2022-08-08,1,14,2022-08-08 14:30:00-05:00,412.8249,2022-08-08 14:58:00-05:00,412.9,411.54,10.51,"lasthalf long: r_first +0.91%, r_late +0.07%",flatten
2022-08-10,1,14,2022-08-10 14:30:00-05:00,419.39500000000004,2022-08-10 14:58:00-05:00,419.73499999999996,418.12,47.6,"lasthalf long: r_first +1.67%, r_late +0.21%",flatten
2022-08-12,1,15,2022-08-12 14:30:00-05:00,426.375,2022-08-12 14:58:00-05:00,426.79409999999996,425.16,62.86,"lasthalf long: r_first +0.62%, r_late +0.14%",flatten
2022-08-17,-1,15,2022-08-17 14:30:00-05:00,427.125,2022-08-17 14:58:00-05:00,426.5951,428.32,79.48,"lasthalf short: r_first -0.62%, r_late -0.14%",flatten
2022-08-23,1,17,2022-08-23 14:30:00-05:00,413.14500000000004,2022-08-23 14:58:00-05:00,412.575,412.08,-96.9,"lasthalf long: r_first +0.10%, r_late +0.06%",flatten
2022-08-25,1,17,2022-08-25 14:30:00-05:00,417.485,2022-08-25 14:58:00-05:00,419.10499999999996,416.44,275.4,"lasthalf long: r_first +0.67%, r_late +0.19%",flatten
2022-08-26,-1,17,2022-08-26 14:30:00-05:00,407.065,2022-08-26 14:58:00-05:00,405.755,408.1,222.7,"lasthalf short: r_first -0.08%, r_late -0.08%",flatten
2022-08-29,-1,17,2022-08-29 14:30:00-05:00,404.09499999999997,2022-08-29 14:58:00-05:00,403.27000000000004,405.14,140.25,"lasthalf short: r_first -0.62%, r_late -0.11%",flatten
2022-08-31,1,17,2022-08-31 14:30:00-05:00,396.745,2022-08-31 14:58:00-05:00,395.80539999999996,395.7,-159.73,"lasthalf long: r_first +0.36%, r_late +0.20%",flatten
2022-09-01,-1,17,2022-09-01 14:30:00-05:00,393.965,2022-09-01 14:52:00-05:00,395.045,395.0,-183.6,"lasthalf short: r_first -0.59%, r_late -0.06%",stop
2022-09-02,1,16,2022-09-02 14:30:00-05:00,392.6377,2022-09-02 14:35:00-05:00,391.455,391.5,-189.23,"lasthalf long: r_first +0.41%, r_late +0.02%",stop
2022-09-07,1,13,2022-09-07 14:30:00-05:00,398.575,2022-09-07 14:58:00-05:00,397.705,397.18,-113.1,"lasthalf long: r_first +0.24%, r_late +0.19%",flatten
2022-09-09,1,12,2022-09-09 14:30:00-05:00,407.15500000000003,2022-09-09 14:58:00-05:00,406.695,405.7,-55.2,"lasthalf long: r_first +0.97%, r_late +0.09%",flatten
2022-09-13,-1,12,2022-09-13 14:30:00-05:00,394.145,2022-09-13 14:58:00-05:00,393.915,395.6,27.6,"lasthalf short: r_first -2.45%, r_late -0.43%",flatten
2022-09-28,1,11,2022-09-28 14:30:00-05:00,370.90000000000003,2022-09-28 14:58:00-05:00,371.10499999999996,369.23,22.55,"lasthalf long: r_first +0.25%, r_late +0.37%",flatten
2022-09-30,1,11,2022-09-30 14:30:00-05:00,360.125,2022-09-30 14:50:00-05:00,358.41499999999996,358.46,-188.1,"lasthalf long: r_first +0.09%, r_late +0.21%",stop
2022-10-07,-1,10,2022-10-07 14:30:00-05:00,361.575,2022-10-07 14:58:00-05:00,363.15500000000003,363.35,-158.0,"lasthalf short: r_first -2.06%, r_late -0.32%",flatten
2022-10-11,-1,10,2022-10-11 14:30:00-05:00,357.075,2022-10-11 14:58:00-05:00,357.875,358.88,-80.0,"lasthalf short: r_first -0.97%, r_late -0.06%",flatten
2022-10-13,-1,10,2022-10-13 14:30:00-05:00,366.025,2022-10-13 14:58:00-05:00,366.305,367.82,-28.0,"lasthalf short: r_first -1.29%, r_late -0.20%",flatten
2022-10-14,1,10,2022-10-14 14:30:00-05:00,358.745,2022-10-14 14:58:00-05:00,357.205,356.94,-154.0,"lasthalf long: r_first +0.17%, r_late +0.07%",flatten
2022-10-17,1,10,2022-10-17 14:30:00-05:00,367.02500000000003,2022-10-17 14:58:00-05:00,366.405,365.22,-62.0,"lasthalf long: r_first +2.29%, r_late +0.04%",flatten
2022-10-18,1,10,2022-10-18 14:30:00-05:00,369.735,2022-10-18 14:58:00-05:00,370.28499999999997,367.96,55.0,"lasthalf long: r_first +1.72%, r_late +0.07%",flatten
2022-10-21,1,10,2022-10-21 14:30:00-05:00,374.675,2022-10-21 14:58:00-05:00,374.115,372.88,-56.0,"lasthalf long: r_first +1.00%, r_late +0.47%",flatten
2022-10-24,1,10,2022-10-24 14:30:00-05:00,379.685,2022-10-24 14:58:00-05:00,378.515,377.88,-117.0,"lasthalf long: r_first +0.91%, r_late +0.08%",flatten
2022-10-25,1,10,2022-10-25 14:30:00-05:00,384.8,2022-10-25 14:58:00-05:00,384.65999999999997,382.99,-14.0,"lasthalf long: r_first +0.93%, r_late +0.31%",flatten
2022-10-26,-1,10,2022-10-26 14:30:00-05:00,382.2649,2022-10-26 14:58:00-05:00,382.11,384.07,15.49,"lasthalf short: r_first -0.83%, r_late -0.03%",flatten
2022-10-28,1,10,2022-10-28 14:30:00-05:00,389.06,2022-10-28 14:58:00-05:00,388.695,387.25,-36.5,"lasthalf long: r_first +0.67%, r_late +0.04%",flatten
2022-10-31,-1,10,2022-10-31 14:30:00-05:00,386.615,2022-10-31 14:58:00-05:00,386.40500000000003,388.40000000000003,21.0,"lasthalf short: r_first -0.90%, r_late -0.05%",flatten
2022-11-02,-1,11,2022-11-02 14:30:00-05:00,377.029,2022-11-02 14:58:00-05:00,375.495,378.64,168.74,"lasthalf short: r_first -0.54%, r_late -0.89%",flatten
2022-11-03,-1,12,2022-11-03 14:30:00-05:00,373.16499999999996,2022-11-03 14:58:00-05:00,371.035,374.64,255.6,"lasthalf short: r_first -1.52%, r_late -0.09%",flatten
2022-11-04,1,12,2022-11-04 14:30:00-05:00,374.575,2022-11-04 14:58:00-05:00,375.445,373.09000000000003,104.4,"lasthalf long: r_first +1.10%, r_late +0.15%",flatten
2022-11-08,1,12,2022-11-08 14:30:00-06:00,382.945,2022-11-08 14:58:00-06:00,382.015,381.46,-111.6,"lasthalf long: r_first +0.12%, r_late +0.60%",flatten
2022-11-10,1,12,2022-11-10 14:30:00-06:00,393.50960000000003,2022-11-10 14:58:00-06:00,394.29499999999996,392.03000000000003,94.25,"lasthalf long: r_first +4.18%, r_late +0.30%",flatten
2022-11-14,-1,12,2022-11-14 14:30:00-06:00,397.79499999999996,2022-11-14 14:58:00-06:00,395.21500000000003,399.28000000000003,309.6,"lasthalf short: r_first -0.34%, r_late -0.23%",flatten
2022-11-15,1,12,2022-11-15 14:30:00-06:00,398.975,2022-11-15 14:58:00-06:00,398.04499999999996,397.42,-111.6,"lasthalf long: r_first +1.63%, r_late +0.05%",flatten
2022-11-16,-1,11,2022-11-16 14:30:00-06:00,395.24,2022-11-16 14:58:00-06:00,395.40500000000003,396.89,-18.15,"lasthalf short: r_first -0.55%, r_late -0.23%",flatten
2022-11-17,-1,12,2022-11-17 14:30:00-06:00,392.015,2022-11-17 14:48:00-06:00,393.625,393.58,-193.2,"lasthalf short: r_first -1.30%, r_late -0.27%",stop
2022-11-18,1,12,2022-11-18 14:30:00-06:00,395.945,2022-11-18 14:58:00-06:00,395.325,394.38,-74.4,"lasthalf long: r_first +0.38%, r_late +0.30%",flatten
2022-11-21,-1,12,2022-11-21 14:30:00-06:00,394.265,2022-11-21 14:58:00-06:00,394.47,395.82,-24.6,"lasthalf short: r_first -0.22%, r_late -0.05%",flatten
2022-11-22,1,12,2022-11-22 14:30:00-06:00,399.49,2022-11-22 14:58:00-06:00,399.9627,397.93,56.72,"lasthalf long: r_first +0.34%, r_late +0.14%",flatten
2022-11-23,1,12,2022-11-23 14:30:00-06:00,402.445,2022-11-23 14:58:00-06:00,401.91499999999996,400.88,-63.6,"lasthalf long: r_first +0.38%, r_late +0.05%",flatten
2022-11-28,-1,12,2022-11-28 14:30:00-06:00,395.195,2022-11-28 14:58:00-06:00,395.885,396.68,-82.8,"lasthalf short: r_first -0.62%, r_late -0.19%",flatten
2022-12-05,-1,14,2022-12-05 14:30:00-06:00,398.655,2022-12-05 14:57:00-06:00,399.96500000000003,399.92,-183.4,"lasthalf short: r_first -0.87%, r_late -0.06%",stop
2022-12-06,-1,14,2022-12-06 14:30:00-06:00,392.075,2022-12-06 14:40:00-06:00,393.38500000000005,393.34000000000003,-183.4,"lasthalf short: r_first -0.61%, r_late -0.09%",stop
2022-12-07,-1,14,2022-12-07 14:30:00-06:00,392.745,2022-12-07 14:58:00-06:00,393.45500000000004,394.02,-99.4,"lasthalf short: r_first -0.26%, r_late -0.03%",flatten
2022-12-08,1,14,2022-12-08 14:30:00-06:00,396.21500000000003,2022-12-08 14:58:00-06:00,396.015,394.95,-28.0,"lasthalf long: r_first +0.77%, r_late +0.16%",flatten
2022-12-09,-1,15,2022-12-09 14:30:00-06:00,395.405,2022-12-09 14:58:00-06:00,393.24,396.61,324.75,"lasthalf short: r_first -0.12%, r_late -0.10%",flatten
2022-12-12,1,15,2022-12-12 14:30:00-06:00,398.125,2022-12-12 14:58:00-06:00,398.72499999999997,396.96000000000004,90.0,"lasthalf long: r_first +0.34%, r_late +0.34%",flatten
2022-12-13,1,15,2022-12-13 14:30:00-06:00,401.77500000000003,2022-12-13 14:58:00-06:00,401.85499999999996,400.6,12.0,"lasthalf long: r_first +2.61%, r_late +0.03%",flatten
2022-12-23,-1,14,2022-12-23 14:30:00-06:00,382.005,2022-12-23 14:58:00-06:00,382.815,383.26,-113.4,"lasthalf short: r_first -0.60%, r_late -0.13%",flatten
2023-01-05,-1,15,2023-01-05 14:30:00-06:00,379.585,2023-01-05 14:58:00-06:00,379.485,380.82,15.0,"lasthalf short: r_first -0.94%, r_late -0.31%",flatten
2023-01-10,1,15,2023-01-10 14:30:00-06:00,389.545,2023-01-10 14:58:00-06:00,390.495,388.34000000000003,142.5,"lasthalf long: r_first +0.15%, r_late +0.00%",flatten
2023-01-11,1,16,2023-01-11 14:30:00-06:00,394.6265,2023-01-11 14:58:00-06:00,395.2,393.47,91.76,"lasthalf long: r_first +0.43%, r_late +0.07%",flatten
2023-01-12,-1,16,2023-01-12 14:30:00-06:00,396.64,2023-01-12 14:58:00-06:00,397.075,397.8,-69.6,"lasthalf short: r_first -0.45%, r_late -0.18%",flatten
2023-01-19,-1,16,2023-01-19 14:30:00-06:00,390.215,2023-01-19 14:58:00-06:00,388.83000000000004,391.35,221.6,"lasthalf short: r_first -0.58%, r_late -0.06%",flatten
2023-01-20,1,16,2023-01-20 14:30:00-06:00,395.21500000000003,2023-01-20 14:58:00-06:00,395.755,394.08,86.4,"lasthalf long: r_first +0.26%, r_late +0.22%",flatten
2023-01-23,1,15,2023-01-23 14:30:00-06:00,399.875,2023-01-23 14:58:00-06:00,400.655,398.68,117.0,"lasthalf long: r_first +0.51%, r_late +0.07%",flatten
2023-01-24,-1,15,2023-01-24 14:30:00-06:00,400.505,2023-01-24 14:58:00-06:00,400.4567,401.68,7.24,"lasthalf short: r_first -0.55%, r_late -0.08%",flatten
2023-01-26,1,16,2023-01-26 14:30:00-06:00,403.91,2023-01-26 14:58:00-06:00,404.4,402.77,78.4,"lasthalf long: r_first +0.28%, r_late +0.10%",flatten
2023-01-27,1,16,2023-01-27 14:30:00-06:00,407.675,2023-01-27 14:50:00-06:00,406.495,406.54,-188.8,"lasthalf long: r_first +0.07%, r_late +0.04%",stop
2023-01-30,-1,16,2023-01-30 14:30:00-06:00,400.635,2023-01-30 14:58:00-06:00,400.39500000000004,401.78000000000003,38.4,"lasthalf short: r_first -0.33%, r_late -0.16%",flatten
2023-02-02,1,15,2023-02-02 14:30:00-06:00,415.295,2023-02-02 14:58:00-06:00,416.41499999999996,414.12,168.0,"lasthalf long: r_first +0.67%, r_late +0.34%",flatten
2023-02-06,-1,15,2023-02-06 14:30:00-06:00,409.145,2023-02-06 14:58:00-06:00,409.76,410.35,-92.25,"lasthalf short: r_first -0.50%, r_late -0.26%",flatten
2023-02-08,-1,14,2023-02-08 14:30:00-06:00,410.495,2023-02-08 14:58:00-06:00,410.675,411.76,-25.2,"lasthalf short: r_first -0.26%, r_late -0.20%",flatten
2023-02-10,-1,14,2023-02-10 14:30:00-06:00,407.099,2023-02-10 14:53:00-06:00,408.435,408.39,-187.04,"lasthalf short: r_first -0.17%, r_late -0.07%",stop
2023-02-13,1,14,2023-02-13 14:30:00-06:00,412.005,2023-02-13 14:58:00-06:00,412.435,410.72,60.2,"lasthalf long: r_first +0.56%, r_late +0.05%",flatten
2023-02-16,-1,14,2023-02-16 14:30:00-06:00,409.265,2023-02-16 14:58:00-06:00,408.51,410.56,105.7,"lasthalf short: r_first -1.24%, r_late -0.70%",flatten
2023-02-17,-1,14,2023-02-17 14:30:00-06:00,406.49,2023-02-17 14:58:00-06:00,407.03000000000003,407.78000000000003,-75.6,"lasthalf short: r_first -0.88%, r_late -0.13%",flatten
2023-02-21,-1,14,2023-02-21 14:30:00-06:00,399.54499999999996,2023-02-21 14:58:00-06:00,399.1,400.82,62.3,"lasthalf short: r_first -1.16%, r_late -0.03%",flatten
2023-02-23,1,14,2023-02-23 14:30:00-06:00,401.435,2023-02-23 14:58:00-06:00,400.695,400.18,-103.6,"lasthalf long: r_first +0.81%, r_late +0.32%",flatten
2023-02-24,-1,14,2023-02-24 14:30:00-06:00,396.365,2023-02-24 14:58:00-06:00,396.51500000000004,397.62,-21.0,"lasthalf short: r_first -1.54%, r_late -0.10%",flatten
2023-02-28,-1,14,2023-02-28 14:30:00-06:00,397.03,2023-02-28 14:58:00-06:00,397.125,398.28000000000003,-13.3,"lasthalf short: r_first -0.10%, r_late -0.19%",flatten
2023-03-03,1,16,2023-03-03 14:30:00-06:00,404.055,2023-03-03 14:58:00-06:00,404.06,402.92,0.8,"lasthalf long: r_first +0.69%, r_late +0.04%",flatten
2023-03-10,-1,16,2023-03-10 14:30:00-06:00,386.655,2023-03-10 14:58:00-06:00,386.005,387.74,104.0,"lasthalf short: r_first -0.62%, r_late -0.19%",flatten
2023-03-13,-1,16,2023-03-13 14:30:00-05:00,385.905,2023-03-13 14:36:00-05:00,387.035,386.99,-180.8,"lasthalf short: r_first -0.09%, r_late -0.65%",stop
2023-03-20,1,13,2023-03-20 14:30:00-05:00,392.995,2023-03-20 14:58:00-05:00,393.525,391.62,68.9,"lasthalf long: r_first +0.40%, r_late +0.06%",flatten
2023-03-21,1,12,2023-03-21 14:30:00-05:00,398.26500000000004,2023-03-21 14:58:00-05:00,398.655,396.78000000000003,46.8,"lasthalf long: r_first +1.07%, r_late +0.14%",flatten
2023-03-28,-1,11,2023-03-28 14:30:00-05:00,394.60499999999996,2023-03-28 14:58:00-05:00,395.545,396.23,-103.4,"lasthalf short: r_first -0.24%, r_late -0.04%",flatten
2023-03-29,1,11,2023-03-29 14:30:00-05:00,401.26,2023-03-29 14:58:00-05:00,401.115,399.63,-15.95,"lasthalf long: r_first +1.06%, r_late +0.15%",flatten
2023-03-30,1,11,2023-03-30 14:30:00-05:00,403.485,2023-03-30 14:58:00-05:00,403.555,401.88,7.7,"lasthalf long: r_first +0.68%, r_late +0.08%",flatten
2023-03-31,1,12,2023-03-31 14:30:00-05:00,409.005,2023-03-31 14:58:00-05:00,409.35499999999996,407.53000000000003,42.0,"lasthalf long: r_first +0.44%, r_late +0.35%",flatten
2023-04-03,1,14,2023-04-03 14:30:00-05:00,410.88,2023-04-03 14:58:00-05:00,411.09999999999997,409.63,30.8,"lasthalf long: r_first +0.18%, r_late +0.11%",flatten
2023-04-05,-1,17,2023-04-05 14:30:00-05:00,407.175,2023-04-05 14:58:00-05:00,407.76500000000004,408.22,-100.3,"lasthalf short: r_first -0.09%, r_late -0.07%",flatten
2023-04-06,-1,18,2023-04-06 14:30:00-05:00,408.85499999999996,2023-04-06 14:58:00-05:00,409.185,409.86,-59.4,"lasthalf short: r_first -0.37%, r_late -0.01%",flatten
2023-04-10,-1,19,2023-04-10 14:30:00-05:00,408.685,2023-04-10 14:58:00-05:00,409.285,409.64,-114.0,"lasthalf short: r_first -0.73%, r_late -0.08%",flatten
2023-04-13,1,21,2023-04-13 14:30:00-05:00,413.635,2023-04-13 14:58:00-05:00,413.325,412.8,-65.1,"lasthalf long: r_first +0.26%, r_late +0.01%",flatten
2023-04-18,1,21,2023-04-18 14:30:00-05:00,414.115,2023-04-18 14:58:00-05:00,414.41499999999996,413.28000000000003,63.0,"lasthalf long: r_first +0.18%, r_late +0.06%",flatten
2023-04-19,-1,21,2023-04-19 14:30:00-05:00,414.455,2023-04-19 14:58:00-05:00,414.07,415.28000000000003,80.85,"lasthalf short: r_first -0.46%, r_late -0.01%",flatten
2023-04-20,-1,22,2023-04-20 14:30:00-05:00,410.325,2023-04-20 14:52:00-05:00,411.165,411.12,-184.8,"lasthalf short: r_first -0.62%, r_late -0.31%",stop
2023-04-21,-1,21,2023-04-21 14:30:00-05:00,411.78499999999997,2023-04-21 14:58:00-05:00,412.2348,412.62,-94.46,"lasthalf short: r_first -0.23%, r_late -0.05%",flatten
2023-04-24,1,21,2023-04-24 14:30:00-05:00,412.343,2023-04-24 14:58:00-05:00,412.4,411.49,11.97,"lasthalf long: r_first +0.12%, r_late +0.05%",flatten
2023-05-08,-1,20,2023-05-08 14:30:00-05:00,412.515,2023-05-08 14:58:00-05:00,412.7935,413.40000000000003,-55.7,"lasthalf short: r_first -0.11%, r_late -0.13%",flatten
2023-05-10,1,21,2023-05-10 14:30:00-05:00,413.225,2023-05-10 14:58:00-05:00,412.58,412.36,-135.45,"lasthalf long: r_first +0.37%, r_late +0.28%",flatten
2023-05-11,-1,20,2023-05-11 14:30:00-05:00,411.925,2023-05-11 14:58:00-05:00,412.165,412.82,-48.0,"lasthalf short: r_first -0.60%, r_late -0.06%",flatten
2023-05-12,1,20,2023-05-12 14:30:00-05:00,410.445,2023-05-12 14:58:00-05:00,411.555,409.54,222.0,"lasthalf long: r_first +0.14%, r_late +0.12%",flatten
2023-05-17,1,20,2023-05-17 14:30:00-05:00,414.695,2023-05-17 14:58:00-05:00,415.205,413.8,102.0,"lasthalf long: r_first +0.13%, r_late +0.02%",flatten
2023-05-25,1,20,2023-05-25 14:30:00-05:00,415.33500000000004,2023-05-25 14:58:00-05:00,414.675,414.46000000000004,-132.0,"lasthalf long: r_first +0.50%, r_late +0.28%",flatten
2023-05-26,1,19,2023-05-26 14:30:00-05:00,420.20500000000004,2023-05-26 14:58:00-05:00,420.24,419.26,6.65,"lasthalf long: r_first +0.58%, r_late +0.01%",flatten
2023-05-30,1,19,2023-05-30 14:30:00-05:00,420.32,2023-05-30 14:58:00-05:00,419.835,419.38,-92.15,"lasthalf long: r_first +0.32%, r_late +0.02%",flatten
2023-06-01,-1,19,2023-06-01 14:30:00-05:00,421.84999999999997,2023-06-01 14:58:00-05:00,421.495,422.79,67.45,"lasthalf short: r_first -0.15%, r_late -0.13%",flatten
2023-06-12,1,19,2023-06-12 14:30:00-05:00,433.285,2023-06-12 14:58:00-05:00,433.335,432.36,9.5,"lasthalf long: r_first +0.25%, r_late +0.17%",flatten
2023-06-13,1,19,2023-06-13 14:30:00-05:00,436.38,2023-06-13 14:58:00-05:00,436.34499999999997,435.45,-6.65,"lasthalf long: r_first +0.44%, r_late +0.06%",flatten
2023-06-14,1,20,2023-06-14 14:30:00-05:00,436.70500000000004,2023-06-14 14:49:00-05:00,435.765,435.81,-188.0,"lasthalf long: r_first +0.19%, r_late +0.06%",stop
2023-06-16,-1,20,2023-06-16 14:30:00-05:00,439.525,2023-06-16 14:58:00-05:00,439.505,440.42,4.0,"lasthalf short: r_first -0.30%, r_late -0.12%",flatten
2023-06-20,-1,20,2023-06-20 14:30:00-05:00,437.41499999999996,2023-06-20 14:58:00-05:00,437.45500000000004,438.31,-8.0,"lasthalf short: r_first -0.49%, r_late -0.03%",flatten
2023-06-21,-1,20,2023-06-21 14:30:00-05:00,435.675,2023-06-21 14:58:00-05:00,434.98490000000004,436.58,138.02,"lasthalf short: r_first -0.46%, r_late -0.18%",flatten
2023-06-27,1,20,2023-06-27 14:30:00-05:00,436.785,2023-06-27 14:58:00-05:00,436.16499999999996,435.89,-124.0,"lasthalf long: r_first +0.30%, r_late +0.14%",flatten
2023-06-28,-1,20,2023-06-28 14:30:00-05:00,435.28499999999997,2023-06-28 14:58:00-05:00,435.495,436.18,-42.0,"lasthalf short: r_first -0.22%, r_late -0.04%",flatten
2023-06-29,1,20,2023-06-29 14:30:00-05:00,437.70500000000004,2023-06-29 14:58:00-05:00,437.925,436.8,44.0,"lasthalf long: r_first +0.07%, r_late +0.06%",flatten
2023-06-30,1,20,2023-06-30 14:30:00-05:00,444.065,2023-06-30 14:58:00-05:00,443.705,443.15000000000003,-72.0,"lasthalf long: r_first +0.95%, r_late +0.03%",flatten
2023-07-06,-1,20,2023-07-06 14:30:00-05:00,439.705,2023-07-06 14:58:00-05:00,439.96500000000003,440.6,-52.0,"lasthalf short: r_first -1.05%, r_late -0.07%",flatten
2023-07-11,1,20,2023-07-11 14:30:00-05:00,441.58500000000004,2023-07-11 14:58:00-05:00,442.55,440.72,193.0,"lasthalf long: r_first +0.17%, r_late +0.04%",flatten
2023-07-13,1,21,2023-07-13 14:30:00-05:00,449.83500000000004,2023-07-13 14:58:00-05:00,449.695,449.0,-29.4,"lasthalf long: r_first +0.53%, r_late +0.11%",flatten
2023-07-17,1,24,2023-07-17 14:30:00-05:00,451.575,2023-07-17 14:58:00-05:00,450.885,450.84000000000003,-165.6,"lasthalf long: r_first +0.08%, r_late +0.14%",flatten
2023-07-18,1,24,2023-07-18 14:30:00-05:00,454.52500000000003,2023-07-18 14:58:00-05:00,454.25,453.78000000000003,-66.0,"lasthalf long: r_first +0.15%, r_late +0.07%",flatten
2023-07-19,1,24,2023-07-19 14:30:00-05:00,455.855,2023-07-19 14:58:00-05:00,455.23499999999996,455.12,-148.8,"lasthalf long: r_first +0.40%, r_late +0.10%",flatten
2023-07-20,-1,24,2023-07-20 14:30:00-05:00,451.47499999999997,2023-07-20 14:41:00-05:00,452.26500000000004,452.22,-189.6,"lasthalf short: r_first -0.07%, r_late -0.21%",stop
2023-07-25,1,23,2023-07-25 14:30:00-05:00,456.02500000000003,2023-07-25 14:58:00-05:00,455.48499999999996,455.26,-124.2,"lasthalf long: r_first +0.13%, r_late +0.03%",flatten
2023-07-26,-1,23,2023-07-26 14:30:00-05:00,454.46,2023-07-26 14:41:00-05:00,455.27500000000003,455.23,-187.45,"lasthalf short: r_first -0.13%, r_late -0.33%",stop
2023-07-27,1,23,2023-07-27 14:30:00-05:00,452.785,2023-07-27 14:45:00-05:00,451.97499999999997,452.02,-186.3,"lasthalf long: r_first +0.76%, r_late +0.00%",stop
2023-08-01,-1,23,2023-08-01 14:30:00-05:00,456.635,2023-08-01 14:58:00-05:00,456.635,457.38,-0.0,"lasthalf short: r_first -0.22%, r_late -0.00%",flatten
2023-08-02,-1,23,2023-08-02 14:30:00-05:00,449.3727,2023-08-02 14:44:00-05:00,450.165,450.12,-182.23,"lasthalf short: r_first -0.76%, r_late -0.27%",stop
2023-08-03,-1,23,2023-08-03 14:30:00-05:00,449.185,2023-08-03 14:58:00-05:00,449.65000000000003,449.96000000000004,-106.95,"lasthalf short: r_first -0.35%, r_late -0.16%",flatten
2023-08-04,1,22,2023-08-04 14:30:00-05:00,447.15500000000003,2023-08-04 14:43:00-05:00,446.335,446.38,-180.4,"lasthalf long: r_first +0.33%, r_late +0.00%",stop
2023-08-09,-1,20,2023-08-09 14:30:00-05:00,447.76,2023-08-09 14:58:00-05:00,445.83500000000004,448.65000000000003,385.0,"lasthalf short: r_first -0.09%, r_late -0.09%",flatten
2023-08-11,-1,18,2023-08-11 14:30:00-05:00,445.815,2023-08-11 14:58:00-05:00,445.305,446.78000000000003,91.8,"lasthalf short: r_first -0.40%, r_late -0.04%",flatten
2023-08-15,-1,18,2023-08-15 14:30:00-05:00,442.615,2023-08-15 14:58:00-05:00,443.165,443.62,-99.0,"lasthalf short: r_first -0.63%, r_late -0.36%",flatten
2023-08-21,1,17,2023-08-21 14:30:00-05:00,439.45,2023-08-21 14:58:00-05:00,439.385,438.37,-11.05,"lasthalf long: r_first +0.52%, r_late +0.10%",flatten
2023-08-23,1,16,2023-08-23 14:30:00-05:00,443.235,2023-08-23 14:58:00-05:00,442.72499999999997,442.14,-81.6,"lasthalf long: r_first +0.52%, r_late +0.11%",flatten
2023-08-25,1,17,2023-08-25 14:30:00-05:00,440.975,2023-08-25 14:50:00-05:00,439.855,439.90000000000003,-190.4,"lasthalf long: r_first +0.50%, r_late +0.03%",stop
2023-08-29,1,16,2023-08-29 14:30:00-05:00,449.21500000000003,2023-08-29 14:58:00-05:00,448.965,448.13,-40.0,"lasthalf long: r_first +0.26%, r_late +0.14%",flatten
2023-08-31,1,17,2023-08-31 14:30:00-05:00,451.195,2023-08-31 14:58:00-05:00,450.62,450.12,-97.75,"lasthalf long: r_first +0.32%, r_late +0.06%",flatten
2023-09-01,1,17,2023-09-01 14:30:00-05:00,451.055,2023-09-01 14:58:00-05:00,451.22499999999997,450.0,28.9,"lasthalf long: r_first +0.46%, r_late +0.10%",flatten
2023-09-05,-1,17,2023-09-05 14:30:00-05:00,449.805,2023-09-05 14:58:00-05:00,449.49,450.86,53.55,"lasthalf short: r_first -0.36%, r_late -0.17%",flatten
2023-09-06,-1,17,2023-09-06 14:30:00-05:00,445.78999999999996,2023-09-06 14:58:00-05:00,446.185,446.82,-67.15,"lasthalf short: r_first -0.29%, r_late -0.03%",flatten
2023-09-07,-1,18,2023-09-07 14:30:00-05:00,444.9,2023-09-07 14:58:00-05:00,445.02500000000003,445.91,-22.5,"lasthalf short: r_first -0.62%, r_late -0.01%",flatten
2023-09-11,1,18,2023-09-11 14:30:00-05:00,448.635,2023-09-11 14:58:00-05:00,448.23499999999996,447.64,-72.0,"lasthalf long: r_first +0.33%, r_late +0.03%",flatten
2023-09-12,-1,19,2023-09-12 14:30:00-05:00,445.585,2023-09-12 14:58:00-05:00,445.945,446.52,-68.4,"lasthalf short: r_first -0.19%, r_late -0.10%",flatten
2023-09-15,-1,20,2023-09-15 14:30:00-05:00,443.675,2023-09-15 14:58:00-05:00,443.355,444.54,64.0,"lasthalf short: r_first -0.89%, r_late -0.03%",flatten
2023-09-18,-1,20,2023-09-18 14:30:00-05:00,443.495,2023-09-18 14:58:00-05:00,443.615,444.36,-24.0,"lasthalf short: r_first -0.06%, r_late +0.00%",flatten
2023-09-21,-1,22,2023-09-21 14:30:00-05:00,432.065,2023-09-21 14:58:00-05:00,431.675,432.86,85.8,"lasthalf short: r_first -1.01%, r_late -0.22%",flatten
2023-09-22,1,22,2023-09-22 14:30:00-05:00,432.64500000000004,2023-09-22 14:40:00-05:00,431.795,431.84000000000003,-187.0,"lasthalf long: r_first +0.24%, r_late +0.35%",stop
2023-09-26,-1,22,2023-09-26 14:30:00-05:00,425.195,2023-09-26 14:58:00-05:00,425.94,426.0,-163.9,"lasthalf short: r_first -0.81%, r_late -0.14%",flatten
2023-09-27,1,22,2023-09-27 14:30:00-05:00,426.565,2023-09-27 14:40:00-05:00,425.715,425.76,-187.0,"lasthalf long: r_first +0.25%, r_late +0.15%",stop
2023-09-28,1,22,2023-09-28 14:30:00-05:00,429.74,2023-09-28 14:35:00-05:00,428.885,428.93,-188.1,"lasthalf long: r_first +0.16%, r_late +0.30%",stop
2023-10-03,-1,17,2023-10-03 14:30:00-05:00,420.565,2023-10-03 14:51:00-05:00,421.63500000000005,421.59000000000003,-181.9,"lasthalf short: r_first -0.25%, r_late -0.12%",stop
2023-10-04,1,16,2023-10-04 14:30:00-05:00,424.46500000000003,2023-10-04 14:58:00-05:00,425.185,423.36,115.2,"lasthalf long: r_first +0.20%, r_late +0.29%",flatten
2023-10-05,-1,15,2023-10-05 14:30:00-05:00,424.835,2023-10-05 14:58:00-05:00,424.635,426.0,30.0,"lasthalf short: r_first -0.14%, r_late -0.04%",flatten
2023-10-09,-1,15,2023-10-09 14:30:00-05:00,432.205,2023-10-09 14:58:00-05:00,432.15500000000003,433.38,7.5,"lasthalf short: r_first -0.16%, r_late -0.07%",flatten
2023-10-10,1,15,2023-10-10 14:30:00-05:00,434.79,2023-10-10 14:58:00-05:00,434.34499999999997,433.6,-66.75,"lasthalf long: r_first +0.32%, r_late +0.03%",flatten
2023-10-11,1,15,2023-10-11 14:30:00-05:00,435.46500000000003,2023-10-11 14:58:00-05:00,436.34,434.28000000000003,131.25,"lasthalf long: r_first +0.24%, r_late +0.08%",flatten
2023-10-16,1,15,2023-10-16 14:30:00-05:00,436.935,2023-10-16 14:58:00-05:00,436.59499999999997,435.72,-51.0,"lasthalf long: r_first +0.64%, r_late +0.08%",flatten
2023-10-18,-1,15,2023-10-18 14:30:00-05:00,430.425,2023-10-18 14:58:00-05:00,430.165,431.64,39.0,"lasthalf short: r_first -0.48%, r_late -0.17%",flatten
2023-10-20,-1,15,2023-10-20 14:30:00-05:00,422.2849,2023-10-20 14:58:00-05:00,421.44,423.49,126.73,"lasthalf short: r_first -0.31%, r_late -0.07%",flatten
2023-10-23,-1,15,2023-10-23 14:30:00-05:00,421.015,2023-10-23 14:58:00-05:00,420.44,422.22,86.25,"lasthalf short: r_first -0.13%, r_late -0.40%",flatten
2023-10-24,1,14,2023-10-24 14:30:00-05:00,424.095,2023-10-24 14:58:00-05:00,423.8649,422.84000000000003,-32.21,"lasthalf long: r_first +0.81%, r_late +0.12%",flatten
2023-10-26,-1,15,2023-10-26 14:30:00-05:00,414.145,2023-10-26 14:58:00-05:00,412.845,415.36,195.0,"lasthalf short: r_first -0.53%, r_late -0.33%",flatten
2023-10-27,1,15,2023-10-27 14:30:00-05:00,410.45,2023-10-27 14:40:00-05:00,409.185,409.23,-189.75,"lasthalf long: r_first +0.17%, r_late +0.21%",stop
2023-10-30,1,14,2023-10-30 14:30:00-05:00,416.27500000000003,2023-10-30 14:58:00-05:00,415.60499999999996,414.95,-93.8,"lasthalf long: r_first +1.02%, r_late +0.09%",flatten
2023-11-01,1,14,2023-11-01 14:30:00-05:00,422.865,2023-11-01 14:58:00-05:00,422.745,421.54,-16.8,"lasthalf long: r_first +0.30%, r_late +0.35%",flatten
2023-11-02,1,14,2023-11-02 14:30:00-05:00,430.305,2023-11-02 14:58:00-05:00,430.525,428.98,30.8,"lasthalf long: r_first +1.13%, r_late +0.00%",flatten
2023-11-08,1,17,2023-11-08 14:30:00-06:00,436.975,2023-11-08 14:58:00-06:00,437.195,435.90000000000003,37.4,"lasthalf long: r_first +0.19%, r_late +0.10%",flatten
2023-11-10,1,18,2023-11-10 14:30:00-06:00,440.41,2023-11-10 14:58:00-06:00,440.53,439.39,21.6,"lasthalf long: r_first +0.45%, r_late +0.16%",flatten
2023-11-14,1,19,2023-11-14 14:30:00-06:00,449.915,2023-11-14 14:50:00-06:00,448.935,448.98,-186.2,"lasthalf long: r_first +1.76%, r_late +0.10%",stop
2023-11-16,1,20,2023-11-16 14:30:00-06:00,449.665,2023-11-16 14:58:00-06:00,449.935,448.78000000000003,54.0,"lasthalf long: r_first +0.16%, r_late +0.01%",flatten
2023-11-20,1,21,2023-11-20 14:30:00-06:00,455.075,2023-11-20 14:52:00-06:00,454.175,454.22,-189.0,"lasthalf long: r_first +0.31%, r_late +0.10%",stop
2023-11-21,-1,21,2023-11-21 14:30:00-06:00,453.22999999999996,2023-11-21 14:58:00-06:00,453.195,454.08,7.35,"lasthalf short: r_first -0.31%, r_late -0.01%",flatten
2023-11-22,1,21,2023-11-22 14:30:00-06:00,455.325,2023-11-22 14:58:00-06:00,455.09499999999997,454.5,-48.3,"lasthalf long: r_first +0.37%, r_late +0.10%",flatten
2023-11-28,-1,23,2023-11-28 14:30:00-06:00,454.335,2023-11-28 14:50:00-06:00,455.125,455.08,-181.7,"lasthalf short: r_first -0.20%, r_late -0.08%",stop
2023-12-05,-1,23,2023-12-05 14:30:00-06:00,456.495,2023-12-05 14:58:00-06:00,456.27500000000003,457.24,50.6,"lasthalf short: r_first -0.26%, r_late -0.03%",flatten
2023-12-07,1,23,2023-12-07 14:30:00-06:00,458.345,2023-12-07 14:58:00-06:00,458.305,457.6,-9.2,"lasthalf long: r_first +0.38%, r_late +0.06%",flatten
2023-12-18,1,23,2023-12-18 14:30:00-06:00,472.76500000000004,2023-12-18 14:58:00-06:00,472.09499999999997,472.01,-154.1,"lasthalf long: r_first +0.43%, r_late +0.04%",flatten
2023-12-19,1,23,2023-12-19 14:30:00-06:00,474.235,2023-12-19 14:58:00-06:00,474.575,473.48,78.2,"lasthalf long: r_first +0.31%, r_late +0.00%",flatten
2023-12-21,1,25,2023-12-21 14:30:00-06:00,471.95500000000004,2023-12-21 14:58:00-06:00,472.78499999999997,471.26,207.5,"lasthalf long: r_first +0.73%, r_late +0.28%",flatten
2023-12-22,1,25,2023-12-22 14:30:00-06:00,473.985,2023-12-22 14:39:00-06:00,473.255,473.3,-182.5,"lasthalf long: r_first +0.47%, r_late +0.01%",stop
2023-12-26,1,25,2023-12-26 14:30:00-06:00,476.245,2023-12-26 14:50:00-06:00,475.515,475.56,-182.5,"lasthalf long: r_first +0.22%, r_late +0.09%",stop
2023-12-27,1,26,2023-12-27 14:30:00-06:00,475.675,2023-12-27 14:58:00-06:00,475.765,475.0,23.4,"lasthalf long: r_first +0.09%, r_late +0.03%",flatten
2024-01-02,-1,27,2024-01-02 14:30:00-06:00,470.85999999999996,2024-01-02 14:50:00-06:00,471.555,471.51,-187.65,"lasthalf short: r_first -0.65%, r_late -0.00%",stop
2024-01-03,-1,25,2024-01-03 14:30:00-06:00,469.22999999999996,2024-01-03 14:58:00-06:00,468.725,469.91,126.25,"lasthalf short: r_first -0.56%, r_late -0.21%",flatten
2024-01-05,1,22,2024-01-05 14:30:00-06:00,466.975,2024-01-05 14:58:00-06:00,467.85499999999996,466.2,193.6,"lasthalf long: r_first +0.19%, r_late +0.02%",flatten
2024-01-09,-1,23,2024-01-09 14:30:00-06:00,473.71999999999997,2024-01-09 14:58:00-06:00,473.845,474.48,-28.75,"lasthalf short: r_first -0.51%, r_late -0.00%",flatten
2024-01-16,-1,21,2024-01-16 14:30:00-06:00,474.005,2024-01-16 14:58:00-06:00,474.77500000000003,474.86,-161.7,"lasthalf short: r_first -0.45%, r_late -0.05%",flatten
2024-01-17,-1,19,2024-01-17 14:30:00-06:00,470.835,2024-01-17 14:42:00-06:00,471.805,471.76,-184.3,"lasthalf short: r_first -0.76%, r_late -0.13%",stop
2024-01-18,1,19,2024-01-18 14:30:00-06:00,476.45500000000004,2024-01-18 14:58:00-06:00,476.4,475.54,-10.45,"lasthalf long: r_first +0.34%, r_late +0.14%",flatten
2024-01-22,1,19,2024-01-22 14:30:00-06:00,484.15000000000003,2024-01-22 14:58:00-06:00,483.625,483.19,-99.75,"lasthalf long: r_first +0.54%, r_late +0.10%",flatten
2024-01-23,1,19,2024-01-23 14:30:00-06:00,484.695,2024-01-23 14:58:00-06:00,484.97499999999997,483.74,53.2,"lasthalf long: r_first +0.09%, r_late +0.07%",flatten
2024-01-26,-1,17,2024-01-26 14:30:00-06:00,487.43,2024-01-26 14:58:00-06:00,487.475,488.46000000000004,-7.65,"lasthalf short: r_first -0.06%, r_late -0.10%",flatten
2024-01-29,1,18,2024-01-29 14:30:00-06:00,490.985,2024-01-29 14:58:00-06:00,491.03499999999997,489.98,9.0,"lasthalf long: r_first +0.11%, r_late +0.42%",flatten
2024-01-31,-1,19,2024-01-31 14:30:00-06:00,484.64,2024-01-31 14:58:00-06:00,483.91,485.57,138.7,"lasthalf short: r_first -0.63%, r_late -0.37%",flatten
2024-02-01,1,19,2024-02-01 14:30:00-06:00,488.7351,2024-02-01 14:58:00-06:00,488.775,487.81,7.58,"lasthalf long: r_first +0.45%, r_late +0.03%",flatten
2024-02-02,1,19,2024-02-02 14:30:00-06:00,495.95,2024-02-02 14:35:00-06:00,494.975,495.02000000000004,-185.25,"lasthalf long: r_first +0.26%, r_late +0.05%",stop
2024-02-05,-1,18,2024-02-05 14:30:00-06:00,493.615,2024-02-05 14:58:00-06:00,493.14500000000004,494.62,84.6,"lasthalf short: r_first -0.17%, r_late -0.06%",flatten
2024-02-06,1,19,2024-02-06 14:30:00-06:00,493.20500000000004,2024-02-06 14:58:00-06:00,493.715,492.28000000000003,96.9,"lasthalf long: r_first +0.09%, r_late +0.00%",flatten
2024-02-13,-1,22,2024-02-13 14:30:00-06:00,491.28999999999996,2024-02-13 14:40:00-06:00,492.13500000000005,492.09000000000003,-185.9,"lasthalf short: r_first -1.42%, r_late -0.01%",stop
2024-02-14,1,22,2024-02-14 14:30:00-06:00,498.0356,2024-02-14 14:58:00-06:00,498.495,497.24,101.07,"lasthalf long: r_first +0.55%, r_late +0.22%",flatten
2024-02-16,-1,22,2024-02-16 14:30:00-06:00,500.53499999999997,2024-02-16 14:58:00-06:00,499.48,501.34000000000003,232.1,"lasthalf short: r_first -0.46%, r_late -0.00%",flatten
2024-02-20,-1,21,2024-02-20 14:30:00-06:00,496.675,2024-02-20 14:58:00-06:00,496.105,497.5,119.7,"lasthalf short: r_first -0.56%, r_late -0.00%",flatten
2024-02-21,-1,20,2024-02-21 14:30:00-06:00,494.385,2024-02-21 14:35:00-06:00,495.305,495.26,-184.0,"lasthalf short: r_first -0.30%, r_late -0.03%",stop
2024-02-22,1,18,2024-02-22 14:30:00-06:00,507.77500000000003,2024-02-22 14:58:00-06:00,507.815,506.8,7.2,"lasthalf long: r_first +1.57%, r_late +0.11%",flatten
2024-02-26,1,20,2024-02-26 14:30:00-06:00,506.925,2024-02-26 14:58:00-06:00,506.175,506.02000000000004,-150.0,"lasthalf long: r_first +0.08%, r_late +0.02%",flatten
2024-02-29,1,21,2024-02-29 14:30:00-06:00,508.185,2024-02-29 14:58:00-06:00,509.625,507.34000000000003,302.4,"lasthalf long: r_first +0.45%, r_late +0.07%",flatten
2024-03-04,-1,21,2024-03-04 14:30:00-06:00,513.485,2024-03-04 14:58:00-06:00,512.3149999999999,514.34,245.7,"lasthalf short: r_first -0.07%, r_late -0.06%",flatten
2024-03-05,-1,21,2024-03-05 14:30:00-06:00,504.965,2024-03-05 14:45:00-06:00,505.865,505.82,-189.0,"lasthalf short: r_first -0.51%, r_late -0.14%",stop
2024-03-11,-1,21,2024-03-11 14:30:00-05:00,510.83,2024-03-11 14:58:00-05:00,511.31210000000004,511.69,-101.24,"lasthalf short: r_first -0.46%, r_late -0.14%",flatten
2024-03-12,1,21,2024-03-12 14:30:00-05:00,517.165,2024-03-12 14:58:00-05:00,517.105,516.3,-12.6,"lasthalf long: r_first +0.43%, r_late +0.07%",flatten
2024-03-13,-1,21,2024-03-13 14:30:00-05:00,515.125,2024-03-13 14:42:00-05:00,516.025,515.98,-189.0,"lasthalf short: r_first -0.14%, r_late -0.26%",stop
2024-03-14,-1,21,2024-03-14 14:30:00-05:00,512.595,2024-03-14 14:49:00-05:00,513.475,513.4300000000001,-184.8,"lasthalf short: r_first -0.39%, r_late -0.25%",stop
2024-03-15,-1,21,2024-03-15 14:30:00-05:00,510.085,2024-03-15 14:58:00-05:00,509.37,510.91,150.15,"lasthalf short: r_first -0.99%, r_late -0.01%",flatten
2024-03-18,1,19,2024-03-18 14:30:00-05:00,513.905,2024-03-18 14:52:00-05:00,512.9350000000001,512.98,-184.3,"lasthalf long: r_first +0.80%, r_late +0.01%",stop
2024-03-19,-1,19,2024-03-19 14:30:00-05:00,514.485,2024-03-19 14:47:00-05:00,515.4449999999999,515.4,-182.4,"lasthalf short: r_first -0.23%, r_late -0.07%",stop
2024-03-21,1,19,2024-03-21 14:30:00-05:00,522.8399999999999,2024-03-21 14:58:00-05:00,522.2750000000001,521.9,-107.35,"lasthalf long: r_first +0.58%, r_late +0.09%",flatten
2024-03-22,-1,19,2024-03-22 14:30:00-05:00,521.6550000000001,2024-03-22 14:58:00-05:00,521.9649999999999,522.6,-58.9,"lasthalf short: r_first -0.07%, r_late -0.09%",flatten
2024-03-25,-1,19,2024-03-25 14:30:00-05:00,520.245,2024-03-25 14:58:00-05:00,519.8149999999999,521.19,81.7,"lasthalf short: r_first -0.19%, r_late -0.10%",flatten
2024-03-27,1,21,2024-03-27 14:30:00-05:00,520.9399999999999,2024-03-27 14:58:00-05:00,522.695,520.11,368.55,"lasthalf long: r_first +0.43%, r_late +0.12%",flatten
2024-04-01,1,22,2024-04-01 14:30:00-05:00,521.92,2024-04-01 14:58:00-05:00,522.4350000000001,521.11,113.3,"lasthalf long: r_first +0.19%, r_late +0.00%",flatten
2024-04-03,-1,22,2024-04-03 14:30:00-05:00,518.505,2024-04-03 14:37:00-05:00,519.3449999999999,519.3,-184.8,"lasthalf short: r_first -0.09%, r_late -0.28%",stop
2024-04-05,1,22,2024-04-05 14:30:00-05:00,518.1949999999999,2024-04-05 14:58:00-05:00,518.7750000000001,517.4,127.6,"lasthalf long: r_first +0.56%, r_late +0.06%",flatten
2024-04-08,1,22,2024-04-08 14:30:00-05:00,519.295,2024-04-08 14:43:00-05:00,518.455,518.5,-184.8,"lasthalf long: r_first +0.08%, r_late +0.00%",stop
2024-04-11,1,22,2024-04-11 14:30:00-05:00,518.9599999999999,2024-04-11 14:58:00-05:00,518.5250000000001,518.16,-95.7,"lasthalf long: r_first +0.09%, r_late +0.04%",flatten
2024-04-12,-1,22,2024-04-12 14:30:00-05:00,509.45,2024-04-12 14:43:00-05:00,510.295,510.25,-185.9,"lasthalf short: r_first -0.52%, r_late -0.02%",stop
2024-04-18,1,13,2024-04-18 14:30:00-05:00,499.845,2024-04-18 14:58:00-05:00,499.565,498.5,-36.4,"lasthalf long: r_first +0.14%, r_late +0.17%",flatten
2024-04-24,1,12,2024-04-24 14:30:00-05:00,505.89500000000004,2024-04-24 14:58:00-05:00,505.89,504.34000000000003,-0.6,"lasthalf long: r_first +0.12%, r_late +0.28%",flatten
2024-04-26,1,12,2024-04-26 14:30:00-05:00,509.665,2024-04-26 14:58:00-05:00,508.455,508.18,-145.2,"lasthalf long: r_first +0.87%, r_late +0.05%",flatten
2024-04-30,-1,12,2024-04-30 14:30:00-05:00,504.72499999999997,2024-04-30 14:58:00-05:00,502.665,506.22,247.2,"lasthalf short: r_first -0.18%, r_late -0.01%",flatten
2024-05-01,-1,13,2024-05-01 14:30:00-05:00,506.435,2024-05-01 14:58:00-05:00,500.615,507.86,756.6,"lasthalf short: r_first -0.25%, r_late -0.17%",flatten
2024-05-03,1,13,2024-05-03 14:30:00-05:00,511.685,2024-05-03 14:58:00-05:00,511.22499999999997,510.34000000000003,-59.8,"lasthalf long: r_first +1.30%, r_late +0.02%",flatten
2024-05-07,1,14,2024-05-07 14:30:00-05:00,517.2199999999999,2024-05-07 14:58:00-05:00,517.515,515.94,41.3,"lasthalf long: r_first +0.11%, r_late +0.03%",flatten
2024-05-10,1,19,2024-05-10 14:30:00-05:00,521.0749999999999,2024-05-10 14:58:00-05:00,521.235,520.13,30.4,"lasthalf long: r_first +0.44%, r_late +0.02%",flatten
2024-05-14,1,20,2024-05-14 14:30:00-05:00,523.485,2024-05-14 14:58:00-05:00,523.715,522.6,46.0,"lasthalf long: r_first +0.07%, r_late +0.03%",flatten
2024-05-15,1,22,2024-05-15 14:30:00-05:00,529.0949999999999,2024-05-15 14:58:00-05:00,529.985,528.28,195.8,"lasthalf long: r_first +0.45%, r_late +0.01%",flatten
2024-05-20,1,23,2024-05-20 14:30:00-05:00,530.3149999999999,2024-05-20 14:52:00-05:00,529.5150000000001,529.5600000000001,-184.0,"lasthalf long: r_first +0.33%, r_late +0.07%",stop
2024-05-30,-1,24,2024-05-30 14:30:00-05:00,523.335,2024-05-30 14:58:00-05:00,522.395,524.07,225.6,"lasthalf short: r_first -0.29%, r_late -0.13%",flatten
2024-05-31,1,23,2024-05-31 14:30:00-05:00,522.285,2024-05-31 14:58:00-05:00,526.385,521.52,943.0,"lasthalf long: r_first +0.10%, r_late +0.15%",flatten
2024-06-03,1,22,2024-06-03 14:30:00-05:00,526.305,2024-06-03 14:58:00-05:00,526.945,525.5,140.8,"lasthalf long: r_first +0.11%, r_late +0.10%",flatten
2024-06-04,-1,22,2024-06-04 14:30:00-05:00,527.615,2024-06-04 14:51:00-05:00,528.4549999999999,528.41,-184.8,"lasthalf short: r_first -0.24%, r_late -0.14%",stop
2024-06-07,-1,20,2024-06-07 14:30:00-05:00,534.695,2024-06-07 14:58:00-05:00,534.29,535.57,81.0,"lasthalf short: r_first -0.11%, r_late -0.07%",flatten
2024-06-11,-1,19,2024-06-11 14:30:00-05:00,535.815,2024-06-11 14:58:00-05:00,536.5849999999999,536.74,-146.3,"lasthalf short: r_first -0.54%, r_late -0.06%",flatten
2024-06-13,1,17,2024-06-13 14:30:00-05:00,542.555,2024-06-13 14:58:00-05:00,543.075,541.5,88.4,"lasthalf long: r_first +0.12%, r_late +0.00%",flatten
2024-06-24,1,18,2024-06-24 14:30:00-05:00,544.285,2024-06-24 14:56:00-05:00,543.255,543.3,-185.4,"lasthalf long: r_first +0.28%, r_late +0.00%",stop
2024-06-25,1,18,2024-06-25 14:30:00-05:00,545.165,2024-06-25 14:50:00-05:00,544.1350000000001,544.1800000000001,-185.4,"lasthalf long: r_first +0.08%, r_late +0.13%",stop
2024-06-27,1,18,2024-06-27 14:30:00-05:00,545.805,2024-06-27 14:58:00-05:00,545.725,544.8,-14.4,"lasthalf long: r_first +0.11%, r_late +0.07%",flatten
2024-07-19,1,16,2024-07-19 14:30:00-05:00,550.035,2024-07-19 14:36:00-05:00,548.8950000000001,548.94,-182.4,"lasthalf long: r_first +0.06%, r_late +0.16%",stop
2024-07-23,1,18,2024-07-23 14:30:00-05:00,555.2149999999999,2024-07-23 14:42:00-05:00,554.1850000000001,554.23,-185.4,"lasthalf long: r_first +0.16%, r_late +0.02%",stop
2024-07-24,-1,17,2024-07-24 14:30:00-05:00,541.61,2024-07-24 14:40:00-05:00,542.7149999999999,542.67,-187.85,"lasthalf short: r_first -1.26%, r_late -0.15%",stop
2024-07-26,1,16,2024-07-26 14:30:00-05:00,544.795,2024-07-26 14:32:00-05:00,543.605,543.65,-190.4,"lasthalf long: r_first +0.85%, r_late +0.22%",stop
2024-07-29,1,16,2024-07-29 14:30:00-05:00,545.4749999999999,2024-07-29 14:58:00-05:00,544.705,544.32,-123.2,"lasthalf long: r_first +0.41%, r_late +0.05%",flatten
2024-07-30,1,16,2024-07-30 14:30:00-05:00,541.755,2024-07-30 14:58:00-05:00,542.635,540.6,140.8,"lasthalf long: r_first +0.27%, r_late +0.05%",flatten
2024-08-01,1,15,2024-08-01 14:30:00-05:00,541.505,2024-08-01 14:58:00-05:00,542.695,540.34,178.5,"lasthalf long: r_first +0.65%, r_late +0.28%",flatten
2024-08-07,1,11,2024-08-07 14:30:00-05:00,521.0849999999999,2024-08-07 14:52:00-05:00,519.3950000000001,519.44,-185.9,"lasthalf long: r_first +1.69%, r_late +0.30%",stop
2024-08-12,-1,11,2024-08-12 14:30:00-05:00,532.605,2024-08-12 14:58:00-05:00,532.28,534.32,35.75,"lasthalf short: r_first -0.28%, r_late -0.11%",flatten
2024-08-14,-1,10,2024-08-14 14:30:00-05:00,543.065,2024-08-14 14:58:00-05:00,544.425,544.84,-136.0,"lasthalf short: r_first -0.09%, r_late -0.21%",flatten
2024-08-15,1,11,2024-08-15 14:30:00-05:00,553.115,2024-08-15 14:58:00-05:00,552.225,551.4,-97.9,"lasthalf long: r_first +1.18%, r_late +0.03%",flatten
2024-08-16,-1,11,2024-08-16 14:30:00-05:00,554.0500000000001,2024-08-16 14:58:00-05:00,554.2049999999999,555.76,-17.05,"lasthalf short: r_first -0.14%, r_late -0.09%",flatten
2024-08-19,1,11,2024-08-19 14:30:00-05:00,558.245,2024-08-19 14:58:00-05:00,559.1750000000001,556.53,102.3,"lasthalf long: r_first +0.14%, r_late +0.01%",flatten
2024-08-23,1,12,2024-08-23 14:30:00-05:00,562.2149999999999,2024-08-23 14:58:00-05:00,562.195,560.64,-2.4,"lasthalf long: r_first +0.64%, r_late +0.25%",flatten
2024-08-27,-1,13,2024-08-27 14:30:00-05:00,561.465,2024-08-27 14:58:00-05:00,561.4549999999999,562.88,1.3,"lasthalf short: r_first -0.16%, r_late -0.01%",flatten
2024-08-29,1,13,2024-08-29 14:30:00-05:00,559.155,2024-08-29 14:54:00-05:00,557.7550000000001,557.8000000000001,-182.0,"lasthalf long: r_first +0.50%, r_late +0.11%",stop
2024-08-30,1,13,2024-08-30 14:30:00-05:00,561.87,2024-08-30 14:58:00-05:00,563.975,560.52,273.65,"lasthalf long: r_first +0.61%, r_late +0.20%",flatten
2024-09-03,-1,13,2024-09-03 14:30:00-05:00,552.485,2024-09-03 14:58:00-05:00,551.54,553.84,122.85,"lasthalf short: r_first -0.80%, r_late -0.02%",flatten
2024-09-04,1,13,2024-09-04 14:30:00-05:00,550.775,2024-09-04 14:58:00-05:00,551.445,549.4,87.1,"lasthalf long: r_first +0.06%, r_late +0.12%",flatten
2024-09-09,1,12,2024-09-09 14:30:00-05:00,545.625,2024-09-09 14:58:00-05:00,546.0250000000001,544.14,48.0,"lasthalf long: r_first +0.90%, r_late +0.09%",flatten
2024-09-10,1,12,2024-09-10 14:30:00-05:00,548.8149999999999,2024-09-10 14:58:00-05:00,548.755,547.32,-7.2,"lasthalf long: r_first +0.27%, r_late +0.10%",flatten
2024-09-13,1,12,2024-09-13 14:30:00-05:00,561.8449999999999,2024-09-13 14:58:00-05:00,562.0250000000001,560.27,21.6,"lasthalf long: r_first +0.34%, r_late +0.06%",flatten
2024-09-17,1,12,2024-09-17 14:30:00-05:00,562.2149999999999,2024-09-17 14:58:00-05:00,562.7357000000001,560.72,62.48,"lasthalf long: r_first +0.29%, r_late +0.03%",flatten
2024-09-23,1,12,2024-09-23 14:30:00-05:00,569.555,2024-09-23 14:58:00-05:00,569.6851,568.0600000000001,15.61,"lasthalf long: r_first +0.12%, r_late +0.01%",flatten
2024-10-01,-1,16,2024-10-01 14:30:00-05:00,570.23,2024-10-01 14:58:00-05:00,568.765,571.38,234.4,"lasthalf short: r_first -0.78%, r_late -0.02%",flatten
2024-10-03,-1,16,2024-10-03 14:30:00-05:00,566.505,2024-10-03 14:57:00-05:00,567.6949999999999,567.65,-190.4,"lasthalf short: r_first -0.18%, r_late -0.04%",stop
2024-10-04,1,14,2024-10-04 14:30:00-05:00,572.0849999999999,2024-10-04 14:58:00-05:00,573.1650000000001,570.78,151.2,"lasthalf long: r_first +0.41%, r_late +0.09%",flatten
2024-10-08,1,14,2024-10-08 14:30:00-05:00,572.905,2024-10-08 14:58:00-05:00,573.4851,571.6,81.21,"lasthalf long: r_first +0.52%, r_late +0.02%",flatten
2024-10-09,1,16,2024-10-09 14:30:00-05:00,576.755,2024-10-09 14:58:00-05:00,577.39,575.62,101.6,"lasthalf long: r_first +0.07%, r_late +0.09%",flatten
2024-10-11,1,17,2024-10-11 14:30:00-05:00,580.0999999999999,2024-10-11 14:58:00-05:00,579.6800000000001,579.0500000000001,-71.4,"lasthalf long: r_first +0.22%, r_late +0.06%",flatten
2024-10-14,1,17,2024-10-14 14:30:00-05:00,584.5749999999999,2024-10-14 14:58:00-05:00,584.4651,583.52,-18.68,"lasthalf long: r_first +0.65%, r_late +0.05%",flatten
2024-10-16,-1,17,2024-10-16 14:30:00-05:00,582.315,2024-10-16 14:58:00-05:00,582.3149999999999,583.38,0.0,"lasthalf short: r_first -0.11%, r_late -0.01%",flatten
2024-10-24,1,18,2024-10-24 14:30:00-05:00,579.485,2024-10-24 14:58:00-05:00,579.1851,578.52,-53.98,"lasthalf long: r_first +0.25%, r_late +0.11%",flatten
2024-10-28,1,18,2024-10-28 14:30:00-05:00,581.525,2024-10-28 14:55:00-05:00,580.5050000000001,580.5500000000001,-183.6,"lasthalf long: r_first +0.43%, r_late +0.05%",stop
2024-11-05,1,18,2024-11-05 14:30:00-06:00,575.7149999999999,2024-11-05 14:58:00-06:00,576.085,574.69,66.6,"lasthalf long: r_first +0.74%, r_late +0.12%",flatten
2024-11-06,1,17,2024-11-06 14:30:00-06:00,591.155,2024-11-06 14:58:00-06:00,591.1450000000001,590.1,-1.7,"lasthalf long: r_first +1.64%, r_late +0.10%",flatten
2024-11-07,1,17,2024-11-07 14:30:00-06:00,596.175,2024-11-07 14:58:00-06:00,595.205,595.09,-164.9,"lasthalf long: r_first +0.50%, r_late +0.02%",flatten
2024-11-14,-1,17,2024-11-14 14:30:00-06:00,594.105,2024-11-14 14:58:00-06:00,593.305,595.16,136.0,"lasthalf short: r_first -0.13%, r_late -0.19%",flatten
2024-11-25,1,16,2024-11-25 14:30:00-06:00,597.175,2024-11-25 14:58:00-06:00,597.59,596.03,66.4,"lasthalf long: r_first +0.63%, r_late +0.01%",flatten
2024-11-26,1,16,2024-11-26 14:30:00-06:00,600.415,2024-11-26 14:58:00-06:00,600.845,599.28,68.8,"lasthalf long: r_first +0.26%, r_late +0.06%",flatten
2024-11-29,1,16,2024-11-29 14:30:00-06:00,602.8249999999999,2024-11-29 14:58:00-06:00,602.8050000000001,601.73,-3.2,"lasthalf long: r_first +0.32%, r_late +0.03%",flatten
2024-12-04,1,16,2024-12-04 14:30:00-06:00,607.3549999999999,2024-12-04 14:58:00-06:00,607.62,606.26,42.4,"lasthalf long: r_first +0.34%, r_late +0.06%",flatten
2024-12-06,1,20,2024-12-06 14:30:00-06:00,607.665,2024-12-06 14:58:00-06:00,607.985,606.78,64.0,"lasthalf long: r_first +0.39%, r_late +0.05%",flatten
2024-12-09,-1,23,2024-12-09 14:30:00-06:00,604.4150000000001,2024-12-09 14:58:00-06:00,604.365,605.17,11.5,"lasthalf short: r_first -0.07%, r_late -0.09%",flatten
2024-12-11,1,24,2024-12-11 14:30:00-06:00,608.11,2024-12-11 14:58:00-06:00,607.5,607.37,-146.4,"lasthalf long: r_first +0.62%, r_late +0.02%",flatten
2024-12-12,-1,25,2024-12-12 14:30:00-06:00,604.855,2024-12-12 14:58:00-06:00,604.555,605.57,75.0,"lasthalf short: r_first -0.21%, r_late -0.04%",flatten
2024-12-16,1,25,2024-12-16 14:30:00-06:00,607.625,2024-12-16 14:45:00-06:00,606.865,606.91,-190.0,"lasthalf long: r_first +0.33%, r_late +0.01%",stop
2024-12-17,-1,25,2024-12-17 14:30:00-06:00,603.0450000000001,2024-12-17 14:40:00-06:00,603.765,603.72,-180.0,"lasthalf short: r_first -0.39%, r_late -0.05%",stop
2024-12-19,1,25,2024-12-19 14:30:00-06:00,588.675,2024-12-19 14:33:00-06:00,587.955,588.0,-180.0,"lasthalf long: r_first +0.72%, r_late +0.09%",stop
2024-12-20,-1,24,2024-12-20 14:30:00-06:00,591.745,2024-12-20 14:58:00-06:00,589.795,592.46,468.0,"lasthalf short: r_first -0.69%, r_late -0.12%",flatten
2024-12-27,-1,20,2024-12-27 14:30:00-06:00,593.615,2024-12-27 14:50:00-06:00,594.545,594.5,-186.0,"lasthalf short: r_first -0.74%, r_late -0.27%",stop
2024-12-30,-1,19,2024-12-30 14:30:00-06:00,589.5450000000001,2024-12-30 14:52:00-06:00,590.535,590.49,-188.1,"lasthalf short: r_first -1.64%, r_late -0.23%",stop
2024-12-31,1,18,2024-12-31 14:30:00-06:00,587.275,2024-12-31 14:39:00-06:00,586.245,586.29,-185.4,"lasthalf long: r_first +0.30%, r_late +0.15%",stop
2025-01-02,1,17,2025-01-02 14:30:00-06:00,584.525,2025-01-02 14:58:00-06:00,584.345,583.5,-30.6,"lasthalf long: r_first +0.71%, r_late +0.40%",flatten
2025-01-06,1,14,2025-01-06 14:30:00-06:00,595.0999999999999,2025-01-06 14:49:00-06:00,593.7550000000001,593.8000000000001,-188.3,"lasthalf long: r_first +1.02%, r_late +0.12%",stop
2025-01-10,-1,10,2025-01-10 14:30:00-06:00,580.2868000000001,2025-01-10 14:58:00-06:00,581.02,582.02,-73.32,"lasthalf short: r_first -1.09%, r_late -0.30%",flatten
2025-01-13,-1,10,2025-01-13 14:30:00-06:00,580.0550000000001,2025-01-13 14:58:00-06:00,581.5749999999999,581.86,-152.0,"lasthalf short: r_first -0.45%, r_late -0.07%",flatten
2025-01-15,1,10,2025-01-15 14:30:00-06:00,593.7249999999999,2025-01-15 14:58:00-06:00,592.885,591.92,-84.0,"lasthalf long: r_first +1.67%, r_late +0.05%",flatten
2025-01-16,-1,10,2025-01-16 14:30:00-06:00,592.245,2025-01-16 14:58:00-06:00,591.99,594.04,25.5,"lasthalf short: r_first -0.10%, r_late -0.11%",flatten
2025-01-21,1,10,2025-01-21 14:30:00-06:00,602.765,2025-01-21 14:58:00-06:00,602.8050000000001,600.96,4.0,"lasthalf long: r_first +0.49%, r_late +0.09%",flatten
2025-01-28,-1,13,2025-01-28 14:30:00-06:00,605.0250000000001,2025-01-28 14:58:00-06:00,604.5849999999999,606.4300000000001,57.2,"lasthalf short: r_first -0.08%, r_late -0.01%",flatten
2025-01-30,1,14,2025-01-30 14:30:00-06:00,606.3349999999999,2025-01-30 14:37:00-06:00,604.965,605.01,-191.8,"lasthalf long: r_first +0.52%, r_late +0.10%",stop
2025-02-03,-1,14,2025-02-03 14:30:00-06:00,598.515,2025-02-03 14:58:00-06:00,597.875,599.84,89.6,"lasthalf short: r_first -1.62%, r_late -0.19%",flatten
2025-02-06,1,14,2025-02-06 14:30:00-06:00,604.8149999999999,2025-02-06 14:58:00-06:00,606.125,603.52,183.4,"lasthalf long: r_first +0.18%, r_late +0.17%",flatten
2025-02-11,-1,14,2025-02-11 14:30:00-06:00,605.235,2025-02-11 14:58:00-06:00,604.885,606.52,49.0,"lasthalf short: r_first -0.24%, r_late -0.02%",flatten
2025-02-12,-1,14,2025-02-12 14:30:00-06:00,603.2800000000001,2025-02-12 14:58:00-06:00,603.3149999999999,604.57,-4.9,"lasthalf short: r_first -0.64%, r_late -0.10%",flatten
2025-02-13,1,13,2025-02-13 14:30:00-06:00,609.615,2025-02-13 14:58:00-06:00,609.745,608.22,16.9,"lasthalf long: r_first +0.24%, r_late +0.11%",flatten
2025-02-19,-1,14,2025-02-19 14:30:00-06:00,612.065,2025-02-19 14:58:00-06:00,612.8499999999999,613.36,-109.9,"lasthalf short: r_first -0.23%, r_late -0.16%",flatten
2025-02-20,-1,15,2025-02-20 14:30:00-06:00,609.7950000000001,2025-02-20 14:58:00-06:00,610.4549999999999,610.96,-99.0,"lasthalf short: r_first -0.74%, r_late -0.00%",flatten
2025-02-24,-1,15,2025-02-24 14:30:00-06:00,599.065,2025-02-24 14:58:00-06:00,597.1049999999999,600.24,294.0,"lasthalf short: r_first -0.21%, r_late -0.11%",flatten
2025-02-26,1,15,2025-02-26 14:30:00-06:00,593.635,2025-02-26 14:58:00-06:00,594.08,592.46,66.75,"lasthalf long: r_first +0.59%, r_late +0.14%",flatten
2025-02-27,-1,15,2025-02-27 14:30:00-06:00,586.3180000000001,2025-02-27 14:37:00-06:00,587.5849999999999,587.54,-190.05,"lasthalf short: r_first -0.34%, r_late -0.50%",stop
2025-02-28,1,14,2025-02-28 14:30:00-06:00,589.675,2025-02-28 14:34:00-06:00,588.2950000000001,588.34,-193.2,"lasthalf long: r_first +0.17%, r_late +0.26%",stop
2025-03-03,-1,14,2025-03-03 14:30:00-06:00,581.1450000000001,2025-03-03 14:32:00-06:00,582.525,582.48,-193.2,"lasthalf short: r_first -0.17%, r_late -0.83%",stop
2025-03-07,1,8,2025-03-07 14:30:00-06:00,575.985,2025-03-07 14:38:00-06:00,573.715,573.76,-181.6,"lasthalf long: r_first +0.20%, r_late +0.14%",stop
2025-03-11,-1,7,2025-03-11 14:30:00-05:00,559.5365,2025-03-11 14:58:00-05:00,557.115,562.1,169.51,"lasthalf short: r_first -0.17%, r_late -0.35%",flatten
2025-03-13,-1,7,2025-03-13 14:30:00-05:00,551.4350000000001,2025-03-13 14:58:00-05:00,551.035,554.14,28.0,"lasthalf short: r_first -0.69%, r_late -0.45%",flatten
2025-03-14,1,6,2025-03-14 14:30:00-05:00,561.8549999999999,2025-03-14 14:58:00-05:00,563.5200000000001,559.07,99.9,"lasthalf long: r_first +1.26%, r_late +0.01%",flatten
2025-03-18,-1,6,2025-03-18 14:30:00-05:00,561.075,2025-03-18 14:58:00-05:00,560.895,563.86,10.8,"lasthalf short: r_first -1.10%, r_late -0.05%",flatten
2025-03-21,-1,7,2025-03-21 14:30:00-05:00,561.9250000000001,2025-03-21 14:58:00-05:00,564.255,564.6,-163.1,"lasthalf short: r_first -1.03%, r_late -0.09%",flatten
2025-03-24,1,7,2025-03-24 14:30:00-05:00,574.005,2025-03-24 14:58:00-05:00,574.6750000000001,571.5,46.9,"lasthalf long: r_first +1.52%, r_late +0.05%",flatten
2025-03-25,1,8,2025-03-25 14:30:00-05:00,574.155,2025-03-25 14:58:00-05:00,575.325,571.92,93.6,"lasthalf long: r_first +0.11%, r_late +0.03%",flatten
2025-03-28,-1,9,2025-03-28 14:30:00-05:00,555.735,2025-03-28 14:58:00-05:00,556.125,557.69,-35.1,"lasthalf short: r_first -0.54%, r_late -0.07%",flatten
2025-04-03,-1,10,2025-04-03 14:30:00-05:00,538.995,2025-04-03 14:58:00-05:00,537.765,540.88,123.0,"lasthalf short: r_first -3.49%, r_late -0.51%",flatten
2025-04-07,-1,9,2025-04-07 14:30:00-05:00,500.56,2025-04-07 14:31:00-05:00,502.63500000000005,502.59000000000003,-186.75,"lasthalf short: r_first -1.94%, r_late -0.52%",stop
2025-04-09,1,8,2025-04-09 14:30:00-05:00,540.495,2025-04-09 14:58:00-05:00,543.595,538.32,248.0,"lasthalf long: r_first +0.63%, r_late +1.80%",flatten
2025-04-10,-1,8,2025-04-10 14:30:00-05:00,522.4250000000001,2025-04-10 14:31:00-05:00,524.785,524.74,-188.8,"lasthalf short: r_first -2.64%, r_late -0.69%",stop
2025-04-11,1,7,2025-04-11 14:30:00-05:00,534.7149999999999,2025-04-11 14:58:00-05:00,534.4250000000001,532.23,-20.3,"lasthalf long: r_first +0.32%, r_late +0.48%",flatten
2025-04-14,1,7,2025-04-14 14:30:00-05:00,541.365,2025-04-14 14:57:00-05:00,538.615,538.66,-192.5,"lasthalf long: r_first +1.22%, r_late +0.11%",stop
2025-04-16,-1,5,2025-04-16 14:30:00-05:00,520.6450000000001,2025-04-16 14:50:00-05:00,523.975,523.9300000000001,-166.5,"lasthalf short: r_first -1.45%, r_late -0.42%",stop
2025-04-25,-1,5,2025-04-25 14:30:00-05:00,549.585,2025-04-25 14:58:00-05:00,550.76,553.12,-58.75,"lasthalf short: r_first -0.30%, r_late -0.04%",flatten
2025-05-01,1,7,2025-05-01 14:30:00-05:00,562.0649999999999,2025-05-01 14:55:00-05:00,559.455,559.5,-182.7,"lasthalf long: r_first +0.81%, r_late +0.06%",stop
2025-05-02,1,8,2025-05-02 14:30:00-05:00,567.685,2025-05-02 14:58:00-05:00,566.9150000000001,565.3100000000001,-61.6,"lasthalf long: r_first +0.92%, r_late +0.10%",flatten
2025-05-05,-1,8,2025-05-05 14:30:00-05:00,564.715,2025-05-05 14:58:00-05:00,563.505,566.96,96.8,"lasthalf short: r_first -0.64%, r_late -0.18%",flatten
2025-05-06,-1,8,2025-05-06 14:30:00-05:00,560.755,2025-05-06 14:58:00-05:00,559.9699999999999,562.96,62.8,"lasthalf short: r_first -1.09%, r_late -0.05%",flatten
2025-05-08,1,8,2025-05-08 14:30:00-05:00,569.0749999999999,2025-05-08 14:45:00-05:00,566.815,566.86,-180.8,"lasthalf long: r_first +0.52%, r_late +0.12%",stop
2025-05-09,1,8,2025-05-09 14:30:00-05:00,565.005,2025-05-09 14:58:00-05:00,564.2750000000001,562.82,-58.4,"lasthalf long: r_first +0.37%, r_late +0.02%",flatten
2025-05-15,-1,10,2025-05-15 14:30:00-05:00,588.705,2025-05-15 14:58:00-05:00,590.045,590.52,-134.0,"lasthalf short: r_first -0.24%, r_late -0.16%",flatten
2025-05-16,1,10,2025-05-16 14:30:00-05:00,593.895,2025-05-16 14:58:00-05:00,594.265,592.12,37.0,"lasthalf long: r_first +0.16%, r_late +0.05%",flatten
2025-05-19,-1,11,2025-05-19 14:30:00-05:00,593.515,2025-05-19 14:58:00-05:00,594.875,595.19,-149.6,"lasthalf short: r_first -0.51%, r_late -0.14%",flatten
2025-05-21,-1,12,2025-05-21 14:30:00-05:00,582.215,2025-05-21 14:37:00-05:00,583.725,583.6800000000001,-181.2,"lasthalf short: r_first -0.50%, r_late -0.30%",stop
2025-05-22,1,12,2025-05-22 14:30:00-05:00,586.545,2025-05-22 14:43:00-05:00,585.0350000000001,585.08,-181.2,"lasthalf long: r_first +0.21%, r_late +0.11%",stop
2025-05-23,-1,12,2025-05-23 14:30:00-05:00,579.835,2025-05-23 14:58:00-05:00,579.495,581.3000000000001,40.8,"lasthalf short: r_first -1.07%, r_late -0.14%",flatten
2025-05-29,1,13,2025-05-29 14:30:00-05:00,588.935,2025-05-29 14:58:00-05:00,589.755,587.57,106.6,"lasthalf long: r_first +0.60%, r_late +0.02%",flatten
2025-06-04,1,14,2025-06-04 14:30:00-05:00,597.0749999999999,2025-06-04 14:58:00-05:00,596.095,595.74,-137.2,"lasthalf long: r_first +0.24%, r_late +0.00%",flatten
2025-06-05,-1,15,2025-06-05 14:30:00-05:00,592.4250000000001,2025-06-05 14:36:00-05:00,593.7049999999999,593.66,-192.0,"lasthalf short: r_first -0.27%, r_late -0.47%",stop
2025-06-10,1,15,2025-06-10 14:30:00-05:00,602.675,2025-06-10 14:58:00-05:00,602.945,601.46,40.5,"lasthalf long: r_first +0.17%, r_late +0.04%",flatten
2025-06-12,-1,15,2025-06-12 14:30:00-05:00,603.235,2025-06-12 14:58:00-05:00,603.305,604.45,-10.5,"lasthalf short: r_first -0.10%, r_late -0.01%",flatten
2025-06-13,-1,16,2025-06-13 14:30:00-05:00,596.235,2025-06-13 14:58:00-05:00,596.15,597.34,13.6,"lasthalf short: r_first -0.92%, r_late -0.16%",flatten
2025-06-23,1,15,2025-06-23 14:30:00-05:00,599.28,2025-06-23 14:58:00-05:00,600.335,598.07,158.25,"lasthalf long: r_first +0.41%, r_late +0.12%",flatten
2025-06-24,1,14,2025-06-24 14:30:00-05:00,607.555,2025-06-24 14:58:00-05:00,607.19,606.28,-51.1,"lasthalf long: r_first +0.65%, r_late +0.03%",flatten
2025-06-25,1,14,2025-06-25 14:30:00-05:00,607.035,2025-06-25 14:58:00-05:00,606.705,605.76,-46.2,"lasthalf long: r_first +0.23%, r_late +0.09%",flatten
2025-06-26,1,14,2025-06-26 14:30:00-05:00,611.675,2025-06-26 14:58:00-05:00,612.1650000000001,610.4,68.6,"lasthalf long: r_first +0.34%, r_late +0.03%",flatten
2025-06-27,1,16,2025-06-27 14:30:00-05:00,612.425,2025-06-27 14:58:00-05:00,614.9150000000001,611.29,398.4,"lasthalf long: r_first +0.40%, r_late +0.20%",flatten
2025-06-30,1,17,2025-06-30 14:30:00-05:00,617.9449999999999,2025-06-30 14:58:00-05:00,618.8249000000001,616.87,149.58,"lasthalf long: r_first +0.26%, r_late +0.16%",flatten
2025-07-03,1,17,2025-07-03 14:30:00-05:00,624.9457,2025-07-03 14:58:00-05:00,624.9150000000001,623.88,-5.22,"lasthalf long: r_first +0.59%, r_late +0.02%",flatten
2025-07-07,-1,17,2025-07-07 14:30:00-05:00,619.4250000000001,2025-07-07 14:55:00-05:00,620.525,620.48,-187.0,"lasthalf short: r_first -0.24%, r_late -0.11%",stop
2025-07-09,1,16,2025-07-09 14:30:00-05:00,623.635,2025-07-09 14:58:00-05:00,624.065,622.52,68.8,"lasthalf long: r_first +0.63%, r_late +0.03%",flatten
2025-07-10,-1,18,2025-07-10 14:30:00-05:00,626.1550000000001,2025-07-10 14:58:00-05:00,625.885,627.1800000000001,48.6,"lasthalf short: r_first -0.10%, r_late -0.01%",flatten
2025-07-14,-1,19,2025-07-14 14:30:00-05:00,624.6850000000001,2025-07-14 14:58:00-05:00,624.685,625.62,0.0,"lasthalf short: r_first -0.15%, r_late -0.03%",flatten
2025-07-15,1,20,2025-07-15 14:30:00-05:00,623.3549999999999,2025-07-15 14:58:00-05:00,622.595,622.45,-152.0,"lasthalf long: r_first +0.15%, r_late +0.00%",flatten
2025-07-17,1,18,2025-07-17 14:30:00-05:00,628.015,2025-07-17 14:58:00-05:00,627.995,627.0,-3.6,"lasthalf long: r_first +0.26%, r_late +0.00%",flatten
2025-07-18,1,18,2025-07-18 14:30:00-05:00,627.42,2025-07-18 14:58:00-05:00,627.48,626.4,10.8,"lasthalf long: r_first +0.11%, r_late +0.03%",flatten
2025-07-22,-1,21,2025-07-22 14:30:00-05:00,629.1450000000001,2025-07-22 14:58:00-05:00,629.625,629.98,-100.8,"lasthalf short: r_first -0.30%, r_late -0.02%",flatten
2025-07-23,1,21,2025-07-23 14:30:00-05:00,633.405,2025-07-23 14:58:00-05:00,633.585,632.57,37.8,"lasthalf long: r_first +0.19%, r_late +0.02%",flatten
2025-07-24,1,19,2025-07-24 14:30:00-05:00,635.52,2025-07-24 14:58:00-05:00,634.9150000000001,634.5600000000001,-114.95,"lasthalf long: r_first +0.14%, r_late +0.04%",flatten
2025-07-25,1,19,2025-07-25 14:30:00-05:00,637.375,2025-07-25 14:58:00-05:00,637.065,636.41,-58.9,"lasthalf long: r_first +0.13%, r_late +0.02%",flatten
2025-08-04,1,17,2025-08-04 14:30:00-05:00,630.31,2025-08-04 14:58:00-05:00,631.085,629.27,131.75,"lasthalf long: r_first +1.17%, r_late +0.06%",flatten
2025-08-05,1,18,2025-08-05 14:30:00-05:00,629.025,2025-08-05 14:58:00-05:00,628.0500000000001,628.02,-175.5,"lasthalf long: r_first +0.13%, r_late +0.09%",flatten
2025-08-06,1,18,2025-08-06 14:30:00-05:00,633.055,2025-08-06 14:58:00-05:00,632.5550000000001,632.04,-90.0,"lasthalf long: r_first +0.15%, r_late +0.06%",flatten
2025-08-08,1,17,2025-08-08 14:30:00-05:00,637.295,2025-08-08 14:45:00-05:00,636.195,636.24,-187.0,"lasthalf long: r_first +0.56%, r_late +0.00%",stop
2025-08-12,1,17,2025-08-12 14:30:00-05:00,642.36,2025-08-12 14:58:00-05:00,642.705,641.33,58.65,"lasthalf long: r_first +0.24%, r_late +0.04%",flatten
2025-08-13,1,17,2025-08-13 14:30:00-05:00,644.3399999999999,2025-08-13 14:58:00-05:00,644.9150000000001,643.3100000000001,97.75,"lasthalf long: r_first +0.46%, r_late +0.04%",flatten
2025-08-15,-1,17,2025-08-15 14:30:00-05:00,643.755,2025-08-15 14:58:00-05:00,643.555,644.78,34.0,"lasthalf short: r_first -0.13%, r_late -0.07%",flatten
2025-08-18,-1,17,2025-08-18 14:30:00-05:00,643.205,2025-08-18 14:58:00-05:00,643.755,644.24,-93.5,"lasthalf short: r_first -0.11%, r_late -0.03%",flatten
2025-08-21,-1,18,2025-08-21 14:30:00-05:00,635.9050000000001,2025-08-21 14:58:00-05:00,635.4599999999999,636.92,80.1,"lasthalf short: r_first -0.46%, r_late -0.03%",flatten
2025-08-25,-1,17,2025-08-25 14:30:00-05:00,643.6450000000001,2025-08-25 14:58:00-05:00,642.915,644.6800000000001,124.1,"lasthalf short: r_first -0.14%, r_late -0.04%",flatten
2025-08-28,-1,19,2025-08-28 14:30:00-05:00,648.9050000000001,2025-08-28 14:58:00-05:00,649.265,649.87,-68.4,"lasthalf short: r_first -0.11%, r_late -0.00%",flatten
2025-09-03,1,18,2025-09-03 14:30:00-05:00,641.0849999999999,2025-09-03 14:58:00-05:00,643.0550000000001,640.08,354.6,"lasthalf long: r_first +0.25%, r_late +0.02%",flatten
2025-09-04,1,17,2025-09-04 14:30:00-05:00,647.9549999999999,2025-09-04 14:58:00-05:00,648.945,646.9,168.3,"lasthalf long: r_first +0.19%, r_late +0.04%",flatten
2025-09-05,1,17,2025-09-05 14:30:00-05:00,647.165,2025-09-05 14:58:00-05:00,646.445,646.14,-122.4,"lasthalf long: r_first +0.32%, r_late +0.12%",flatten
2025-09-11,1,17,2025-09-11 14:30:00-05:00,657.795,2025-09-11 14:58:00-05:00,658.0350000000001,656.74,40.8,"lasthalf long: r_first +0.51%, r_late +0.03%",flatten
2025-09-15,1,21,2025-09-15 14:30:00-05:00,660.115,2025-09-15 14:58:00-05:00,660.5550000000001,659.28,92.4,"lasthalf long: r_first +0.49%, r_late +0.01%",flatten
2025-09-16,-1,21,2025-09-16 14:30:00-05:00,660.095,2025-09-16 14:58:00-05:00,660.235,660.92,-29.4,"lasthalf short: r_first -0.09%, r_late -0.07%",flatten
2025-09-25,-1,20,2025-09-25 14:30:00-05:00,657.4050000000001,2025-09-25 14:58:00-05:00,657.915,658.28,-102.0,"lasthalf short: r_first -0.82%, r_late -0.07%",flatten
2025-10-01,-1,20,2025-10-01 14:30:00-05:00,669.075,2025-10-01 14:58:00-05:00,668.9449999999999,669.96,26.0,"lasthalf short: r_first -0.36%, r_late -0.00%",flatten
2025-10-02,1,20,2025-10-02 14:30:00-05:00,669.525,2025-10-02 14:58:00-05:00,669.005,668.64,-104.0,"lasthalf long: r_first +0.14%, r_late +0.01%",flatten
2025-10-08,1,19,2025-10-08 14:30:00-05:00,672.935,2025-10-08 14:58:00-05:00,672.995,671.98,11.4,"lasthalf long: r_first +0.17%, r_late +0.10%",flatten
2025-10-13,1,18,2025-10-13 14:30:00-05:00,662.8449999999999,2025-10-13 14:58:00-05:00,663.0450000000001,661.84,36.0,"lasthalf long: r_first +1.50%, r_late +0.11%",flatten
2025-10-14,-1,16,2025-10-14 14:30:00-05:00,664.745,2025-10-14 14:58:00-05:00,662.245,665.86,400.0,"lasthalf short: r_first -0.94%, r_late -0.02%",flatten
2025-10-20,1,13,2025-10-20 14:30:00-05:00,671.765,2025-10-20 14:58:00-05:00,671.315,670.4,-58.5,"lasthalf long: r_first +0.67%, r_late +0.01%",flatten
2025-10-21,-1,14,2025-10-21 14:30:00-05:00,671.855,2025-10-21 14:58:00-05:00,672.0749999999999,673.12,-30.8,"lasthalf short: r_first -0.10%, r_late -0.01%",flatten
2025-10-24,1,12,2025-10-24 14:30:00-05:00,678.285,2025-10-24 14:58:00-05:00,677.3050000000001,676.82,-117.6,"lasthalf long: r_first +0.84%, r_late +0.01%",flatten
2025-10-27,1,12,2025-10-27 14:30:00-05:00,684.275,2025-10-27 14:58:00-05:00,685.375,682.8100000000001,132.0,"lasthalf long: r_first +0.88%, r_late +0.01%",flatten
2025-10-28,1,12,2025-10-28 14:30:00-05:00,688.745,2025-10-28 14:50:00-05:00,687.235,687.28,-181.2,"lasthalf long: r_first +0.06%, r_late +0.08%",stop
2025-10-30,-1,12,2025-10-30 14:30:00-05:00,681.245,2025-10-30 14:58:00-05:00,680.115,682.72,135.6,"lasthalf short: r_first -0.33%, r_late -0.16%",flatten
2025-10-31,1,12,2025-10-31 14:30:00-05:00,684.135,2025-10-31 14:56:00-05:00,682.615,682.66,-182.4,"lasthalf long: r_first +0.52%, r_late +0.22%",stop
2025-11-06,-1,15,2025-11-06 14:30:00-06:00,672.265,2025-11-06 14:58:00-06:00,670.24,673.48,303.75,"lasthalf short: r_first -0.50%, r_late -0.10%",flatten
2025-11-07,-1,15,2025-11-07 14:30:00-06:00,668.615,2025-11-07 14:44:00-06:00,669.865,669.82,-187.5,"lasthalf short: r_first -0.60%, r_late -0.18%",stop
2025-11-10,1,15,2025-11-10 14:30:00-06:00,681.3449999999999,2025-11-10 14:58:00-06:00,681.4150000000001,680.11,10.5,"lasthalf long: r_first +1.13%, r_late +0.00%",flatten
2025-11-11,-1,15,2025-11-11 14:30:00-06:00,682.855,2025-11-11 14:58:00-06:00,682.6949999999999,684.08,24.0,"lasthalf short: r_first -0.09%, r_late -0.04%",flatten
2025-11-12,1,15,2025-11-12 14:30:00-06:00,683.385,2025-11-12 14:58:00-06:00,682.815,682.16,-85.5,"lasthalf long: r_first +0.12%, r_late +0.08%",flatten
2025-11-13,-1,14,2025-11-13 14:30:00-06:00,671.575,2025-11-13 14:40:00-06:00,672.885,672.84,-183.4,"lasthalf short: r_first -0.66%, r_late -0.01%",stop
2025-11-14,-1,14,2025-11-14 14:30:00-06:00,672.595,2025-11-14 14:58:00-06:00,671.4549999999999,673.92,159.6,"lasthalf short: r_first -0.50%, r_late -0.30%",flatten
2025-11-17,1,12,2025-11-17 14:30:00-06:00,663.8149999999999,2025-11-17 14:58:00-06:00,665.1650000000001,662.36,162.0,"lasthalf long: r_first +0.12%, r_late +0.15%",flatten
2025-11-18,-1,11,2025-11-18 14:30:00-06:00,662.375,2025-11-18 14:58:00-06:00,660.885,664.0600000000001,163.9,"lasthalf short: r_first -1.06%, r_late -0.30%",flatten
2025-11-19,1,10,2025-11-19 14:30:00-06:00,663.545,2025-11-19 14:58:00-06:00,662.5350000000001,661.66,-101.0,"lasthalf long: r_first +0.84%, r_late +0.34%",flatten
2025-11-24,1,8,2025-11-24 14:30:00-06:00,668.9749999999999,2025-11-24 14:58:00-06:00,668.885,666.7,-7.2,"lasthalf long: r_first +0.76%, r_late +0.10%",flatten
2025-11-26,1,8,2025-11-26 14:30:00-06:00,681.245,2025-11-26 14:58:00-06:00,680.3345,678.98,-72.84,"lasthalf long: r_first +0.34%, r_late +0.05%",flatten
2025-11-28,1,8,2025-11-28 14:30:00-06:00,683.755,2025-11-28 14:58:00-06:00,683.6850000000001,681.5600000000001,-5.6,"lasthalf long: r_first +0.24%, r_late +0.01%",flatten
2025-12-02,1,9,2025-12-02 14:30:00-06:00,682.545,2025-12-02 14:58:00-06:00,681.515,680.5600000000001,-92.7,"lasthalf long: r_first +0.30%, r_late +0.02%",flatten
2025-12-03,-1,9,2025-12-03 14:30:00-06:00,684.48,2025-12-03 14:58:00-06:00,683.795,686.47,61.65,"lasthalf short: r_first -0.09%, r_late -0.01%",flatten
2025-12-04,-1,9,2025-12-04 14:30:00-06:00,682.715,2025-12-04 14:58:00-06:00,684.02,684.7,-117.45,"lasthalf short: r_first -0.11%, r_late -0.07%",flatten
2025-12-11,-1,12,2025-12-11 14:30:00-06:00,688.3950000000001,2025-12-11 14:58:00-06:00,688.645,689.86,-30.0,"lasthalf short: r_first -0.70%, r_late -0.06%",flatten
2025-12-12,-1,13,2025-12-12 14:30:00-06:00,681.3249000000001,2025-12-12 14:58:00-06:00,681.52,682.75,-25.36,"lasthalf short: r_first -0.24%, r_late -0.09%",flatten
2025-12-18,1,12,2025-12-18 14:30:00-06:00,677.665,2025-12-18 14:58:00-06:00,676.9350000000001,676.16,-87.6,"lasthalf long: r_first +1.01%, r_late +0.28%",flatten
2025-12-22,1,12,2025-12-22 14:30:00-06:00,684.9699999999999,2025-12-22 14:58:00-06:00,684.89,683.41,-9.6,"lasthalf long: r_first +0.50%, r_late +0.02%",flatten
2025-12-23,1,12,2025-12-23 14:30:00-06:00,687.885,2025-12-23 14:58:00-06:00,688.015,686.38,15.6,"lasthalf long: r_first +0.09%, r_late +0.00%",flatten
2025-12-26,1,12,2025-12-26 14:30:00-06:00,690.245,2025-12-26 14:58:00-06:00,690.36,688.8000000000001,13.8,"lasthalf long: r_first +0.13%, r_late +0.01%",flatten
2025-12-29,-1,13,2025-12-29 14:30:00-06:00,688.135,2025-12-29 14:58:00-06:00,687.67,689.54,60.45,"lasthalf short: r_first -0.39%, r_late -0.02%",flatten
2025-12-31,-1,15,2025-12-31 14:30:00-06:00,682.6750000000001,2025-12-31 14:58:00-06:00,682.4599999999999,683.9,32.25,"lasthalf short: r_first -0.14%, r_late -0.21%",flatten
2026-01-02,1,16,2026-01-02 14:30:00-06:00,683.285,2026-01-02 14:47:00-06:00,682.1350000000001,682.1800000000001,-184.0,"lasthalf long: r_first +0.64%, r_late +0.02%",stop
2026-01-05,1,16,2026-01-05 14:30:00-06:00,688.01,2026-01-05 14:58:00-06:00,687.4200000000001,686.9,-94.4,"lasthalf long: r_first +0.57%, r_late +0.05%",flatten
2026-01-06,1,18,2026-01-06 14:30:00-06:00,692.005,2026-01-06 14:58:00-06:00,692.0350000000001,691.0,5.4,"lasthalf long: r_first +0.34%, r_late +0.01%",flatten
2026-01-09,1,19,2026-01-09 14:30:00-06:00,695.0649999999999,2026-01-09 14:58:00-06:00,694.355,694.14,-134.9,"lasthalf long: r_first +0.30%, r_late +0.02%",flatten
2026-01-12,-1,19,2026-01-12 14:30:00-06:00,695.2750000000001,2026-01-12 14:58:00-06:00,695.4,696.2,-23.75,"lasthalf short: r_first -0.05%, r_late -0.09%",flatten
2026-01-13,-1,20,2026-01-13 14:30:00-06:00,691.955,2026-01-13 14:50:00-06:00,692.885,692.84,-186.0,"lasthalf short: r_first -0.13%, r_late -0.13%",stop
2026-01-20,-1,17,2026-01-20 14:30:00-06:00,677.355,2026-01-20 14:58:00-06:00,677.386,678.42,-5.27,"lasthalf short: r_first -1.36%, r_late -0.06%",flatten
2026-01-28,1,15,2026-01-28 14:30:00-06:00,695.485,2026-01-28 14:58:00-06:00,695.87,694.26,57.75,"lasthalf long: r_first +0.23%, r_late +0.08%",flatten
2026-01-30,-1,14,2026-01-30 14:30:00-06:00,690.0250000000001,2026-01-30 14:44:00-06:00,691.3249999999999,691.28,-182.0,"lasthalf short: r_first -0.33%, r_late -0.08%",stop
2026-02-02,1,14,2026-02-02 14:30:00-06:00,695.8549999999999,2026-02-02 14:58:00-06:00,695.625,694.53,-32.2,"lasthalf long: r_first +0.12%, r_late +0.04%",flatten
2026-02-04,-1,13,2026-02-04 14:30:00-06:00,687.485,2026-02-04 14:58:00-06:00,686.155,688.86,172.9,"lasthalf short: r_first -0.19%, r_late -0.11%",flatten
2026-02-05,-1,13,2026-02-05 14:30:00-06:00,677.745,2026-02-05 14:58:00-06:00,677.9449999999999,679.12,-26.0,"lasthalf short: r_first -0.80%, r_late -0.19%",flatten
2026-02-06,1,11,2026-02-06 14:30:00-06:00,689.8149999999999,2026-02-06 14:58:00-06:00,691.47,688.2,182.05,"lasthalf long: r_first +1.08%, r_late +0.06%",flatten
2026-02-13,-1,11,2026-02-13 14:30:00-06:00,680.595,2026-02-13 14:58:00-06:00,681.3349999999999,682.26,-81.4,"lasthalf short: r_first -0.20%, r_late -0.26%",flatten
2026-02-17,-1,9,2026-02-17 14:30:00-06:00,682.835,2026-02-17 14:58:00-06:00,682.405,684.88,38.7,"lasthalf short: r_first -0.73%, r_late -0.10%",flatten
2026-02-26,-1,10,2026-02-26 14:30:00-06:00,688.62,2026-02-26 14:58:00-06:00,688.9749999999999,690.42,-35.5,"lasthalf short: r_first -0.35%, r_late -0.05%",flatten
2026-03-02,-1,10,2026-03-02 14:30:00-06:00,685.3050000000001,2026-03-02 14:55:00-06:00,687.145,687.1,-184.0,"lasthalf short: r_first -0.47%, r_late -0.41%",stop
2026-03-03,-1,10,2026-03-03 14:30:00-06:00,680.995,2026-03-03 14:58:00-06:00,680.125,682.88,87.0,"lasthalf short: r_first -2.04%, r_late -0.03%",flatten
2026-03-06,-1,9,2026-03-06 14:30:00-06:00,672.1850000000001,2026-03-06 14:58:00-06:00,673.0949999999999,674.2,-81.9,"lasthalf short: r_first -1.55%, r_late -0.41%",flatten
2026-03-10,-1,9,2026-03-10 14:30:00-05:00,677.375,2026-03-10 14:58:00-05:00,676.5949999999999,679.38,70.2,"lasthalf short: r_first -0.36%, r_late -0.16%",flatten
2026-03-18,-1,9,2026-03-18 14:30:00-05:00,662.855,2026-03-18 14:58:00-05:00,661.8149999999999,664.94,93.6,"lasthalf short: r_first -0.22%, r_late -0.08%",flatten
2026-03-20,-1,9,2026-03-20 14:30:00-05:00,647.085,2026-03-20 14:58:00-05:00,648.27,649.19,-106.65,"lasthalf short: r_first -1.00%, r_late -0.15%",flatten
2026-03-24,-1,9,2026-03-24 14:30:00-05:00,654.4050000000001,2026-03-24 14:58:00-05:00,652.7049999999999,656.5,153.0,"lasthalf short: r_first -0.59%, r_late -0.06%",flatten
2026-03-25,1,9,2026-03-25 14:30:00-05:00,656.555,2026-03-25 14:58:00-05:00,656.4050000000001,654.45,-13.5,"lasthalf long: r_first +0.50%, r_late +0.00%",flatten
2026-03-26,-1,9,2026-03-26 14:30:00-05:00,646.1650000000001,2026-03-26 14:58:00-05:00,645.4,648.26,68.85,"lasthalf short: r_first -0.35%, r_late -0.19%",flatten
2026-03-27,-1,9,2026-03-27 14:30:00-05:00,634.815,2026-03-27 14:58:00-05:00,634.555,636.89,23.4,"lasthalf short: r_first -0.94%, r_late -0.08%",flatten
2026-03-31,1,9,2026-03-31 14:30:00-05:00,649.4649999999999,2026-03-31 14:58:00-05:00,649.875,647.42,36.9,"lasthalf long: r_first +1.68%, r_late +0.12%",flatten
2026-04-01,1,9,2026-04-01 14:30:00-05:00,656.145,2026-04-01 14:58:00-05:00,655.1850000000001,654.07,-86.4,"lasthalf long: r_first +0.62%, r_late +0.26%",flatten
2026-04-02,-1,9,2026-04-02 14:30:00-05:00,654.325,2026-04-02 14:58:00-05:00,655.905,656.36,-142.2,"lasthalf short: r_first -0.85%, r_late -0.01%",flatten
2026-04-08,1,9,2026-04-08 14:30:00-05:00,673.5849999999999,2026-04-08 14:58:00-05:00,675.455,671.51,168.3,"lasthalf long: r_first +2.33%, r_late +0.09%",flatten
2026-04-10,1,9,2026-04-10 14:30:00-05:00,679.6949999999999,2026-04-10 14:58:00-05:00,679.125,677.66,-51.3,"lasthalf long: r_first +0.13%, r_late +0.05%",flatten
2026-04-13,1,9,2026-04-13 14:30:00-05:00,683.8449999999999,2026-04-13 14:58:00-05:00,686.125,681.8000000000001,205.2,"lasthalf long: r_first +0.06%, r_late +0.07%",flatten
2026-04-14,1,9,2026-04-14 14:30:00-05:00,694.275,2026-04-14 14:58:00-05:00,694.005,692.34,-24.3,"lasthalf long: r_first +0.51%, r_late +0.21%",flatten
2026-04-15,1,10,2026-04-15 14:30:00-05:00,700.04,2026-04-15 14:58:00-05:00,700.09,698.27,5.0,"lasthalf long: r_first +0.18%, r_late +0.05%",flatten
2026-04-20,-1,12,2026-04-20 14:30:00-05:00,707.975,2026-04-20 14:58:00-05:00,708.31,709.54,-40.2,"lasthalf short: r_first -0.05%, r_late -0.03%",flatten
2026-04-21,1,13,2026-04-21 14:30:00-05:00,707.765,2026-04-21 14:38:00-05:00,706.2950000000001,706.34,-191.1,"lasthalf long: r_first +0.29%, r_late +0.20%",stop
2026-04-22,1,13,2026-04-22 14:30:00-05:00,710.5,2026-04-22 14:58:00-05:00,711.1450000000001,709.07,83.85,"lasthalf long: r_first +0.74%, r_late +0.11%",flatten
2026-04-24,1,14,2026-04-24 14:30:00-05:00,713.795,2026-04-24 14:58:00-05:00,714.265,712.48,65.8,"lasthalf long: r_first +0.21%, r_late +0.03%",flatten
2026-05-01,1,15,2026-05-01 14:30:00-05:00,722.4749999999999,2026-05-01 14:52:00-05:00,721.205,721.25,-190.5,"lasthalf long: r_first +0.80%, r_late +0.17%",stop
2026-05-05,1,14,2026-05-05 14:30:00-05:00,724.765,2026-05-05 14:55:00-05:00,723.4150000000001,723.46,-189.0,"lasthalf long: r_first +0.62%, r_late +0.06%",stop
2026-05-06,1,14,2026-05-06 14:30:00-05:00,733.895,2026-05-06 14:58:00-05:00,734.235,732.58,47.6,"lasthalf long: r_first +0.82%, r_late +0.12%",flatten
2026-05-08,1,14,2026-05-08 14:30:00-05:00,736.685,2026-05-08 14:58:00-05:00,737.38,735.35,97.3,"lasthalf long: r_first +0.69%, r_late +0.04%",flatten
2026-05-15,-1,14,2026-05-15 14:30:00-05:00,740.095,2026-05-15 14:58:00-05:00,739.2049999999999,741.42,124.6,"lasthalf short: r_first -1.20%, r_late -0.20%",flatten
2026-05-18,1,13,2026-05-18 14:30:00-05:00,735.5749999999999,2026-05-18 14:58:00-05:00,737.9351,734.16,306.81,"lasthalf long: r_first +0.20%, r_late +0.25%",flatten
2026-05-20,1,12,2026-05-20 14:30:00-05:00,740.875,2026-05-20 14:58:00-05:00,741.1850000000001,739.38,37.2,"lasthalf long: r_first +0.32%, r_late +0.09%",flatten
2026-05-26,1,11,2026-05-26 14:30:00-05:00,749.545,2026-05-26 14:58:00-05:00,750.445,747.92,99.0,"lasthalf long: r_first +0.70%, r_late +0.05%",flatten
2026-05-29,1,12,2026-05-29 14:30:00-05:00,756.905,2026-05-29 14:58:00-05:00,756.36,755.45,-65.4,"lasthalf long: r_first +0.42%, r_late +0.18%",flatten
2026-06-03,-1,13,2026-06-03 14:30:00-05:00,754.7850000000001,2026-06-03 14:58:00-05:00,754.7149999999999,756.16,9.1,"lasthalf short: r_first -0.46%, r_late -0.10%",flatten
2026-06-05,-1,14,2026-06-05 14:30:00-05:00,738.4050000000001,2026-06-05 14:51:00-05:00,739.745,739.7,-187.6,"lasthalf short: r_first -1.10%, r_late -0.11%",stop
2026-06-10,-1,14,2026-06-10 14:30:00-05:00,725.945,2026-06-10 14:35:00-05:00,727.285,727.24,-187.6,"lasthalf short: r_first -0.18%, r_late -0.20%",stop
2026-06-11,1,14,2026-06-11 14:30:00-05:00,737.9749999999999,2026-06-11 14:58:00-05:00,738.445,736.6800000000001,65.8,"lasthalf long: r_first +0.59%, r_late +0.29%",flatten
2026-06-16,-1,13,2026-06-16 14:30:00-05:00,751.1750000000001,2026-06-16 14:58:00-05:00,750.515,752.54,85.8,"lasthalf short: r_first -0.08%, r_late -0.07%",flatten
2026-06-17,-1,13,2026-06-17 14:30:00-05:00,742.005,2026-06-17 14:58:00-05:00,740.885,743.44,145.6,"lasthalf short: r_first -0.07%, r_late -0.53%",flatten
2026-06-24,1,9,2026-06-24 14:30:00-05:00,732.015,2026-06-24 14:58:00-05:00,732.315,730.1,27.0,"lasthalf long: r_first +0.31%, r_late +0.01%",flatten
2026-06-25,-1,9,2026-06-25 14:30:00-05:00,732.345,2026-06-25 14:58:00-05:00,732.305,734.3000000000001,3.6,"lasthalf short: r_first -0.45%, r_late -0.20%",flatten
2026-06-29,1,9,2026-06-29 14:30:00-05:00,740.915,2026-06-29 14:58:00-05:00,740.485,738.9,-38.7,"lasthalf long: r_first +1.07%, r_late +0.02%",flatten
2026-06-30,1,9,2026-06-30 14:30:00-05:00,747.4749999999999,2026-06-30 14:58:00-05:00,747.715,745.48,21.6,"lasthalf long: r_first +0.41%, r_late +0.04%",flatten
2026-07-06,1,10,2026-07-06 14:30:00-05:00,752.3249999999999,2026-07-06 14:58:00-05:00,751.235,750.5,-109.0,"lasthalf long: r_first +0.50%, r_late +0.05%",flatten
2026-07-07,-1,10,2026-07-07 14:30:00-05:00,746.625,2026-07-07 14:58:00-05:00,747.655,748.36,-103.0,"lasthalf short: r_first -0.33%, r_late -0.11%",flatten
2026-07-08,-1,10,2026-07-08 14:30:00-05:00,745.1550000000001,2026-07-08 14:58:00-05:00,746.055,746.89,-90.0,"lasthalf short: r_first -0.49%, r_late -0.02%",flatten
2026-07-09,1,10,2026-07-09 14:30:00-05:00,751.135,2026-07-09 14:58:00-05:00,751.2662,749.3100000000001,13.12,"lasthalf long: r_first +0.45%, r_late +0.01%",flatten
2026-07-10,1,10,2026-07-10 14:30:00-05:00,755.005,2026-07-10 14:58:00-05:00,754.9300000000001,753.28,-7.5,"lasthalf long: r_first +0.17%, r_late +0.06%",flatten
2026-07-13,-1,11,2026-07-13 14:30:00-05:00,748.345,2026-07-13 14:58:00-05:00,749.505,750.04,-127.6,"lasthalf short: r_first -0.17%, r_late -0.16%",flatten
2026-07-15,1,12,2026-07-15 14:30:00-05:00,753.675,2026-07-15 14:58:00-05:00,754.4151,752.1800000000001,88.81,"lasthalf long: r_first +0.35%, r_late +0.06%",flatten
2026-07-16,-1,12,2026-07-16 14:30:00-05:00,749.0350000000001,2026-07-16 14:55:00-05:00,750.5849999999999,750.54,-186.0,"lasthalf short: r_first -0.38%, r_late -0.15%",stop
2026-07-17,-1,13,2026-07-17 14:30:00-05:00,743.125,2026-07-17 14:58:00-05:00,744.1049999999999,744.54,-127.4,"lasthalf short: r_first -0.79%, r_late -0.16%",flatten
2026-07-20,1,13,2026-07-20 14:30:00-05:00,742.785,2026-07-20 14:58:00-05:00,741.965,741.36,-106.6,"lasthalf long: r_first +0.33%, r_late +0.00%",flatten
2026-07-24,-1,12,2026-07-24 14:30:00-05:00,737.6750000000001,2026-07-24 14:58:00-05:00,738.485,739.22,-97.2,"lasthalf short: r_first -0.10%, r_late -0.10%",flatten
2026-07-27,1,11,2026-07-27 14:30:00-05:00,739.6949999999999,2026-07-27 14:58:00-05:00,738.745,738.08,-104.5,"lasthalf long: r_first +0.37%, r_late +0.08%",flatten
2026-07-29,-1,12,2026-07-29 14:30:00-05:00,735.1650000000001,2026-07-29 14:58:00-05:00,729.7149999999999,736.7,654.0,"lasthalf short: r_first -0.46%, r_late -0.92%",flatten
2026-07-30,1,11,2026-07-30 14:30:00-05:00,741.8149999999999,2026-07-30 14:58:00-05:00,741.5550000000001,740.2,-28.6,"lasthalf long: r_first +1.25%, r_late +0.14%",flatten
2026-08-03,1,11,2026-08-03 14:30:00-05:00,758.395,2026-08-03 14:58:00-05:00,757.7,756.6800000000001,-76.45,"lasthalf long: r_first +0.91%, r_late +0.05%",flatten
2026-08-04,1,11,2026-08-04 14:30:00-05:00,772.3549999999999,2026-08-04 14:58:00-05:00,771.325,770.63,-113.3,"lasthalf long: r_first +0.75%, r_late +0.03%",flatten
2026-08-05,1,11,2026-08-05 14:30:00-05:00,771.8249999999999,2026-08-05 14:58:00-05:00,771.075,770.11,-82.5,"lasthalf long: r_first +0.71%, r_late +0.05%",flatten
2026-08-07,1,11,2026-08-07 14:30:00-05:00,773.125,2026-08-07 14:58:00-05:00,773.075,771.4200000000001,-5.5,"lasthalf long: r_first +0.33%, r_late +0.18%",flatten
2026-08-11,1,11,2026-08-11 14:30:00-05:00,770.675,2026-08-11 14:58:00-05:00,770.0350000000001,769.02,-70.4,"lasthalf long: r_first +0.07%, r_late +0.07%",flatten
2026-08-13,1,12,2026-08-13 14:30:00-05:00,778.0749999999999,2026-08-13 14:58:00-05:00,777.585,776.52,-58.8,"lasthalf long: r_first +0.66%, r_late +0.04%",flatten
2026-08-17,-1,13,2026-08-17 14:30:00-05:00,773.085,2026-08-17 14:58:00-05:00,772.6999999999999,774.46,50.05,"lasthalf short: r_first -0.13%, r_late -0.05%",flatten
2026-08-19,1,18,2026-08-19 14:30:00-05:00,769.6949999999999,2026-08-19 14:47:00-05:00,768.6350000000001,768.6800000000001,-190.8,"lasthalf long: r_first +0.34%, r_late +0.01%",stop
2026-08-24,-1,17,2026-08-24 14:30:00-05:00,763.9150000000001,2026-08-24 14:58:00-05:00,763.805,764.96,18.7,"lasthalf short: r_first -0.30%, r_late -0.01%",flatten
2026-08-26,1,17,2026-08-26 14:30:00-05:00,766.9449999999999,2026-08-26 14:58:00-05:00,766.205,765.9,-125.8,"lasthalf long: r_first +0.14%, r_late +0.05%",flatten
2026-08-27,1,17,2026-08-27 14:30:00-05:00,769.99,2026-08-27 14:58:00-05:00,770.9000000000001,768.95,154.7,"lasthalf long: r_first +0.31%, r_late +0.04%",flatten
2026-08-28,1,17,2026-08-28 14:30:00-05:00,769.555,2026-08-28 14:58:00-05:00,769.725,768.52,28.9,"lasthalf long: r_first +0.09%, r_late +0.11%",flatten
2026-09-02,1,16,2026-09-02 14:30:00-05:00,765.515,2026-09-02 14:58:00-05:00,764.89,764.42,-100.0,"lasthalf long: r_first +0.18%, r_late +0.09%",flatten
2026-09-04,-1,16,2026-09-04 14:30:00-05:00,769.955,2026-09-04 14:58:00-05:00,770.3449999999999,771.1,-62.4,"lasthalf short: r_first -0.11%, r_late -0.03%",flatten
