day,side,qty,entry_ts,entry_px,exit_ts,exit_px,stop_px,pnl,reason_in,reason_out
2016-01-07,-1,9,2016-01-07 13:00:00-06:00,194.435,2016-01-07 14:52:00-06:00,194.64499999999998,196.52,-18.9,short: close 194.48 < lower 194.97,flatten
2016-01-08,-1,14,2016-01-08 13:30:00-06:00,193.275,2016-01-08 14:52:00-06:00,192.075,194.54,168.0,short: close 193.32 < lower 193.33,flatten
2016-01-11,-1,14,2016-01-11 12:30:00-06:00,190.51500000000001,2016-01-11 13:30:00-06:00,191.295,191.84,-109.2,short: close 190.56 < lower 191.14,exit short: close 191.24 > lower 190.99
2016-01-13,-1,13,2016-01-13 11:00:00-06:00,192.44500000000002,2016-01-13 11:30:00-06:00,192.655,193.82,-27.3,short: close 192.50 < lower 192.67,exit short: close 192.62 > lower 192.55
2016-01-13,-1,12,2016-01-13 12:00:00-06:00,191.685,2016-01-13 14:52:00-06:00,188.74499999999998,193.16,352.8,short: close 191.74 < lower 192.57,flatten
2016-01-14,-1,21,2016-01-14 09:00:00-06:00,187.895,2016-01-14 09:13:00-06:00,188.80499999999998,188.76,-191.1,short: close 187.94 < lower 188.34,stop
2016-01-14,1,13,2016-01-14 10:00:00-06:00,190.885,2016-01-14 10:30:00-06:00,190.395,189.54,-63.7,long: close 190.84 > upper 190.55,exit long: close 190.45 < upper 190.80
2016-01-20,-1,8,2016-01-20 09:00:00-06:00,184.095,2016-01-20 13:00:00-06:00,184.155,186.24,-4.8,short: close 184.15 < lower 184.38,exit short: close 184.11 > lower 183.52
2016-01-21,-1,20,2016-01-21 09:00:00-06:00,185.06,2016-01-21 09:01:00-06:00,185.98499999999999,185.94,-185.0,short: close 185.11 < lower 185.12,stop
2016-01-21,1,18,2016-01-21 09:30:00-06:00,187.11499999999998,2016-01-21 10:00:00-06:00,186.845,186.1,-48.6,long: close 187.07 > upper 187.01,exit long: close 186.88 < upper 187.36
2016-01-26,1,16,2016-01-26 09:30:00-06:00,189.475,2016-01-26 10:00:00-06:00,189.38500000000002,188.34,-14.4,long: close 189.43 > upper 189.18,exit long: close 189.44 < upper 189.44
2016-01-26,1,13,2016-01-26 10:30:00-06:00,189.71499999999997,2016-01-26 11:00:00-06:00,189.495,188.27,-28.6,long: close 189.68 > upper 189.48,exit long: close 189.53 < upper 189.57
2016-01-27,-1,17,2016-01-27 09:30:00-06:00,188.625,2016-01-27 10:00:00-06:00,189.265,189.70000000000002,-108.8,short: close 188.66 < lower 188.81,exit short: close 189.22 > lower 188.49
2016-01-29,1,18,2016-01-29 09:00:00-06:00,191.195,2016-01-29 10:00:00-06:00,191.0,190.17000000000002,-35.1,long: close 191.15 > upper 190.60,exit long: close 191.05 < upper 191.05
2016-01-29,1,12,2016-01-29 10:30:00-06:00,191.255,2016-01-29 14:52:00-06:00,193.555,189.78,276.0,long: close 191.21 > upper 191.05,flatten
2016-02-02,-1,12,2016-02-02 09:00:00-06:00,191.155,2016-02-02 10:00:00-06:00,191.045,192.62,13.2,short: close 191.19 < lower 191.36,exit short: close 191.00 > lower 190.96
2016-02-02,-1,7,2016-02-02 13:00:00-06:00,190.04000000000002,2016-02-02 14:52:00-06:00,190.36499999999998,192.5,-22.75,short: close 190.09 < lower 190.37,flatten
2016-02-03,-1,12,2016-02-03 09:30:00-06:00,187.79500000000002,2016-02-03 10:29:00-06:00,189.345,189.3,-186.0,short: close 187.83 < lower 189.28,stop
2016-02-03,-1,12,2016-02-03 10:30:00-06:00,189.10500000000002,2016-02-03 11:00:00-06:00,189.325,190.64000000000001,-26.4,short: close 189.15 < lower 189.23,exit short: close 189.26 > lower 188.77
2016-02-04,1,13,2016-02-04 10:00:00-06:00,192.725,2016-02-04 10:17:00-06:00,191.31500000000003,191.36,-183.3,long: close 192.69 > upper 192.32,stop
2016-02-05,-1,20,2016-02-05 09:00:00-06:00,190.04500000000002,2016-02-05 14:52:00-06:00,187.55499999999998,190.94,498.0,short: close 190.08 < lower 190.37,flatten
2016-02-08,-1,11,2016-02-08 09:00:00-06:00,184.525,2016-02-08 11:30:00-06:00,184.58489999999998,186.22,-6.59,short: close 184.58 < lower 185.16,exit short: close 184.53 > lower 184.28
2016-02-08,-1,7,2016-02-08 12:00:00-06:00,184.28500000000003,2016-02-08 14:30:00-06:00,184.3851,186.70000000000002,-7.01,short: close 184.32 < lower 184.45,exit short: close 184.34 > lower 184.21
2016-02-17,1,10,2016-02-17 10:00:00-06:00,192.58499999999998,2016-02-17 13:00:00-06:00,192.54500000000002,190.83,-4.0,long: close 192.55 > upper 192.22,exit long: close 192.59 < upper 192.59
2016-02-17,1,9,2016-02-17 13:30:00-06:00,193.105,2016-02-17 14:52:00-06:00,192.81500000000003,191.1,-26.1,long: close 193.06 > upper 192.47,flatten
2016-02-23,-1,13,2016-02-23 10:00:00-06:00,192.875,2016-02-23 12:00:00-06:00,193.095,194.3,-28.6,short: close 192.92 < lower 192.97,exit short: close 193.06 > lower 192.89
2016-02-24,-1,11,2016-02-24 09:00:00-06:00,189.75500000000002,2016-02-24 09:30:00-06:00,189.70499999999998,191.38,5.5,short: close 189.79 < lower 189.88,exit short: close 189.66 > lower 189.52
2016-02-29,1,25,2016-02-29 11:00:00-06:00,195.975,2016-02-29 11:30:00-06:00,195.69500000000002,195.28,-70.0,long: close 195.93 > upper 195.80,exit long: close 195.74 < upper 195.85
2016-03-01,1,13,2016-03-01 09:30:00-06:00,195.945,2016-03-01 14:52:00-06:00,197.66500000000002,194.52,223.6,long: close 195.90 > upper 195.67,flatten
2016-03-04,-1,33,2016-03-04 09:00:00-06:00,199.245,2016-03-04 09:15:00-06:00,199.785,199.74,-178.2,short: close 199.29 < lower 199.39,stop
2016-03-04,1,22,2016-03-04 11:00:00-06:00,200.785,2016-03-04 11:30:00-06:00,200.51500000000001,199.98000000000002,-59.4,long: close 200.74 > upper 200.68,exit long: close 200.56 < upper 200.74
2016-03-08,-1,16,2016-03-08 09:30:00-06:00,198.615,2016-03-08 10:30:00-06:00,199.08499999999998,199.78,-75.2,short: close 198.66 < lower 198.80,exit short: close 199.03 > lower 198.49
2016-03-10,1,29,2016-03-10 09:00:00-06:00,200.845,2016-03-10 09:12:00-06:00,200.215,200.26,-182.7,long: close 200.79 > upper 200.28,stop
2016-03-10,-1,19,2016-03-10 10:30:00-06:00,198.435,2016-03-10 14:00:00-06:00,199.003,199.4,-107.92,short: close 198.48 < lower 198.74,exit short: close 198.95 > lower 198.54
2016-03-11,1,11,2016-03-11 10:30:00-06:00,202.255,2016-03-11 12:30:00-06:00,202.025,200.66,-25.3,long: close 202.22 > upper 202.00,exit long: close 202.07 < upper 202.09
2016-03-11,1,10,2016-03-11 13:00:00-06:00,202.27499999999998,2016-03-11 14:00:00-06:00,202.06500000000003,200.48000000000002,-21.0,long: close 202.23 > upper 202.20,exit long: close 202.11 < upper 202.20
2016-03-16,1,18,2016-03-16 13:30:00-05:00,203.195,2016-03-16 14:00:00-05:00,202.78500000000003,202.18,-73.8,long: close 203.16 > upper 202.89,exit long: close 202.83 < upper 202.97
2016-03-17,1,21,2016-03-17 11:30:00-05:00,204.46499999999997,2016-03-17 14:52:00-05:00,204.82000000000002,203.63,74.55,long: close 204.43 > upper 204.15,flatten
2016-03-29,1,21,2016-03-29 11:30:00-05:00,204.095,2016-03-29 14:52:00-05:00,205.00500000000002,203.26,191.1,long: close 204.06 > upper 203.84,flatten
2016-04-01,1,15,2016-04-01 12:30:00-05:00,206.255,2016-04-01 13:30:00-05:00,206.26500000000001,205.06,1.5,long: close 206.21 > upper 206.13,exit long: close 206.31 < upper 206.35
2016-04-04,-1,35,2016-04-04 10:00:00-05:00,206.26500000000001,2016-04-04 10:30:00-05:00,206.42999999999998,206.74,-57.75,short: close 206.31 < lower 206.38,exit short: close 206.39 > lower 206.33
2016-04-06,1,31,2016-04-06 10:00:00-05:00,205.225,2016-04-06 14:52:00-05:00,206.23000000000002,204.68,311.55,long: close 205.17 > upper 204.78,flatten
2016-04-07,-1,21,2016-04-07 09:30:00-05:00,204.495,2016-04-07 10:00:00-05:00,204.70499999999998,205.34,-44.1,short: close 204.54 < lower 204.94,exit short: close 204.66 > lower 204.64
2016-04-07,-1,15,2016-04-07 10:30:00-05:00,204.375,2016-04-07 12:30:00-05:00,204.565,205.54,-28.5,short: close 204.43 < lower 204.61,exit short: close 204.52 > lower 204.42
2016-04-08,1,20,2016-04-08 09:00:00-05:00,205.61499999999998,2016-04-08 09:30:00-05:00,205.495,204.70000000000002,-24.0,long: close 205.57 > upper 205.55,exit long: close 205.54 < upper 205.58
2016-04-11,1,30,2016-04-11 09:00:00-05:00,205.67499999999998,2016-04-11 09:58:00-05:00,205.055,205.1,-186.0,long: close 205.62 > upper 205.46,stop
2016-04-12,1,48,2016-04-12 09:00:00-05:00,204.545,2016-04-12 09:08:00-05:00,204.175,204.22,-177.6,long: close 204.48 > upper 204.42,stop
2016-04-12,1,28,2016-04-12 10:00:00-05:00,205.045,2016-04-12 14:52:00-05:00,205.7149,204.43,187.57,long: close 205.00 > upper 204.71,flatten
2016-04-13,1,24,2016-04-13 09:00:00-05:00,207.33499999999998,2016-04-13 10:00:00-05:00,207.01500000000001,206.61,-76.8,long: close 207.28 > upper 207.20,exit long: close 207.07 < upper 207.49
2016-04-13,1,16,2016-04-13 11:00:00-05:00,207.61499999999998,2016-04-13 11:30:00-05:00,207.365,206.52,-40.0,long: close 207.57 > upper 207.57,exit long: close 207.42 < upper 207.64
2016-04-14,-1,60,2016-04-14 09:00:00-05:00,207.645,2016-04-14 09:07:00-05:00,207.905,207.86,-156.0,short: close 207.72 < lower 207.82,stop
2016-04-18,1,28,2016-04-18 09:30:00-05:00,208.58499999999998,2016-04-18 14:52:00-05:00,209.115,207.96,148.4,long: close 208.53 > upper 208.09,flatten
2016-04-19,1,36,2016-04-19 09:00:00-05:00,210.02499999999998,2016-04-19 09:30:00-05:00,209.925,209.56,-36.0,long: close 209.98 > upper 209.97,exit long: close 209.97 < upper 210.11
2016-04-21,-1,57,2016-04-21 09:00:00-05:00,209.485,2016-04-21 09:13:00-05:00,209.785,209.74,-171.0,short: close 209.53 < lower 209.83,stop
2016-04-21,-1,23,2016-04-21 12:30:00-05:00,209.145,2016-04-21 14:52:00-05:00,208.97,209.9,40.25,short: close 209.20 < lower 209.34,flatten
2016-04-22,-1,28,2016-04-22 10:00:00-05:00,207.995,2016-04-22 10:30:00-05:00,208.18499999999997,208.6,-53.2,short: close 208.03 < lower 208.16,exit short: close 208.13 > lower 208.09
2016-04-25,-1,24,2016-04-25 09:30:00-05:00,207.69250000000002,2016-04-25 10:30:00-05:00,208.045,208.42000000000002,-84.6,short: close 207.74 < lower 207.90,exit short: close 208.00 > lower 207.79
2016-04-26,1,33,2016-04-26 09:00:00-05:00,209.505,2016-04-26 09:24:00-05:00,208.955,209.0,-181.5,long: close 209.45 > upper 209.33,stop
2016-04-29,-1,24,2016-04-29 09:00:00-05:00,206.06500000000003,2016-04-29 09:30:00-05:00,206.39499999999998,206.8,-79.2,short: close 206.12 < lower 206.36,exit short: close 206.35 > lower 206.33
2016-04-29,-1,21,2016-04-29 10:00:00-05:00,205.935,2016-04-29 14:46:00-05:00,206.80499999999998,206.76,-182.7,short: close 205.98 < lower 206.26,stop
2016-05-02,1,21,2016-05-02 12:30:00-05:00,207.655,2016-05-02 14:52:00-05:00,207.905,206.82,52.5,long: close 207.61 > upper 207.47,flatten
2016-05-03,-1,16,2016-05-03 09:00:00-05:00,206.055,2016-05-03 12:00:00-05:00,206.18499999999997,207.14000000000001,-20.8,short: close 206.10 < lower 206.16,exit short: close 206.15 > lower 205.95
2016-05-09,1,37,2016-05-09 09:00:00-05:00,206.295,2016-05-09 09:24:00-05:00,205.81500000000003,205.86,-177.6,long: close 206.25 > upper 206.07,stop
2016-05-10,1,22,2016-05-10 09:00:00-05:00,207.325,2016-05-10 14:52:00-05:00,208.305,206.52,215.6,long: close 207.30 > upper 207.12,flatten
2016-05-11,-1,22,2016-05-11 12:30:00-05:00,207.345,2016-05-11 14:52:00-05:00,206.64499999999998,208.14000000000001,154.0,short: close 207.38 < lower 207.38,flatten
2016-05-12,-1,21,2016-05-12 10:30:00-05:00,205.775,2016-05-12 12:00:00-05:00,206.14499999999998,206.64000000000001,-77.7,short: close 205.82 < lower 206.07,exit short: close 206.09 > lower 206.06
2016-05-12,-1,21,2016-05-12 12:30:00-05:00,205.995,2016-05-12 13:00:00-05:00,206.345,206.86,-73.5,short: close 206.03 < lower 206.06,exit short: close 206.30 > lower 205.96
2016-05-13,-1,24,2016-05-13 12:30:00-05:00,205.465,2016-05-13 14:52:00-05:00,204.85139999999998,206.20000000000002,147.26,short: close 205.52 < lower 205.65,flatten
2016-05-16,1,33,2016-05-16 09:00:00-05:00,205.55499999999998,2016-05-16 14:52:00-05:00,206.775,205.04,402.6,long: close 205.49 > upper 205.37,flatten
2016-05-17,-1,31,2016-05-17 09:30:00-05:00,205.955,2016-05-17 09:56:00-05:00,206.545,206.5,-182.9,short: close 206.01 < lower 206.08,stop
2016-05-17,-1,21,2016-05-17 12:00:00-05:00,205.72500000000002,2016-05-17 12:30:00-05:00,205.89999999999998,206.57,-36.75,short: close 205.77 < lower 205.79,exit short: close 205.85 > lower 205.75
2016-05-18,1,27,2016-05-18 09:30:00-05:00,205.68499999999997,2016-05-18 09:57:00-05:00,205.00500000000002,205.05,-183.6,long: close 205.65 > upper 205.29,stop
2016-05-18,1,19,2016-05-18 12:00:00-05:00,205.845,2016-05-18 13:05:00-05:00,204.87500000000003,204.92000000000002,-184.3,long: close 205.80 > upper 205.58,stop
2016-05-19,-1,21,2016-05-19 09:00:00-05:00,203.07500000000002,2016-05-19 12:30:00-05:00,203.595,203.92000000000002,-109.2,short: close 203.13 < lower 203.66,exit short: close 203.55 > lower 203.25
2016-05-20,1,22,2016-05-20 09:00:00-05:00,205.70499999999998,2016-05-20 12:30:00-05:00,205.51500000000001,204.92000000000002,-41.8,long: close 205.65 > upper 205.35,exit long: close 205.55 < upper 205.72
2016-05-24,1,19,2016-05-24 09:00:00-05:00,206.92499999999998,2016-05-24 14:52:00-05:00,207.955,205.98000000000002,195.7,long: close 206.87 > upper 206.61,flatten
2016-05-25,1,20,2016-05-25 09:00:00-05:00,209.255,2016-05-25 10:30:00-05:00,209.175,208.38,-16.0,long: close 209.21 > upper 209.14,exit long: close 209.22 < upper 209.41
2016-05-25,1,14,2016-05-25 12:30:00-05:00,209.64499999999998,2016-05-25 13:00:00-05:00,209.57500000000002,208.31,-9.8,long: close 209.60 > upper 209.59,exit long: close 209.62 < upper 209.64
2016-06-03,-1,25,2016-06-03 09:00:00-05:00,209.585,2016-06-03 11:00:00-05:00,210.2,210.3,-153.75,short: close 209.63 < lower 209.87,exit short: close 210.15 > lower 209.59
2016-06-06,1,28,2016-06-06 09:00:00-05:00,211.23499999999999,2016-06-06 09:30:00-05:00,211.10500000000002,210.61,-36.4,long: close 211.18 > upper 211.11,exit long: close 211.15 < upper 211.25
2016-06-06,1,23,2016-06-06 10:00:00-05:00,211.385,2016-06-06 10:30:00-05:00,211.235,210.62,-34.5,long: close 211.34 > upper 211.25,exit long: close 211.29 < upper 211.38
2016-06-07,1,25,2016-06-07 11:30:00-05:00,212.23499999999999,2016-06-07 12:00:00-05:00,212.19500000000002,211.55,-10.0,long: close 212.18 > upper 212.12,exit long: close 212.24 < upper 212.25
2016-06-07,1,23,2016-06-07 12:30:00-05:00,212.36499999999998,2016-06-07 13:00:00-05:00,212.06500000000003,211.6,-69.0,long: close 212.31 > upper 212.20,exit long: close 212.10 < upper 212.20
2016-06-08,1,33,2016-06-08 09:00:00-05:00,212.43499999999997,2016-06-08 09:14:00-05:00,211.87500000000003,211.92000000000002,-184.8,long: close 212.40 > upper 212.26,stop
2016-06-10,-1,14,2016-06-10 13:00:00-05:00,209.715,2016-06-10 14:52:00-05:00,210.14999999999998,211.02,-60.9,short: close 209.76 < lower 209.93,flatten
2016-06-14,-1,27,2016-06-14 10:00:00-05:00,207.125,2016-06-14 11:25:00-05:00,207.825,207.78,-189.0,short: close 207.16 < lower 207.57,stop
2016-06-14,-1,23,2016-06-14 12:30:00-05:00,207.29500000000002,2016-06-14 13:30:00-05:00,207.755,208.04,-105.8,short: close 207.34 < lower 207.47,exit short: close 207.71 > lower 207.35
2016-06-16,-1,21,2016-06-16 09:00:00-05:00,205.85500000000002,2016-06-16 10:28:00-05:00,206.73499999999999,206.69,-184.8,short: close 205.90 < lower 206.41,stop
2016-06-16,-1,20,2016-06-16 11:00:00-05:00,206.21,2016-06-16 11:23:00-05:00,207.135,207.09,-185.0,short: close 206.26 < lower 206.36,stop
2016-06-17,-1,18,2016-06-17 09:30:00-05:00,206.42000000000002,2016-06-17 13:30:00-05:00,206.77499999999998,207.4,-63.9,short: close 206.47 < lower 206.82,exit short: close 206.72 > lower 206.60
2016-06-20,1,12,2016-06-20 09:30:00-05:00,209.36499999999998,2016-06-20 10:00:00-05:00,209.13500000000002,207.86,-27.6,long: close 209.33 > upper 209.21,exit long: close 209.18 < upper 209.23
2016-06-22,1,32,2016-06-22 10:00:00-05:00,209.355,2016-06-22 10:33:00-05:00,208.78500000000003,208.83,-182.4,long: close 209.30 > upper 209.04,stop
2016-06-22,1,35,2016-06-22 11:00:00-05:00,209.11999999999998,2016-06-22 11:23:00-05:00,208.59500000000003,208.64000000000001,-183.75,long: close 209.07 > upper 209.00,stop
2016-06-23,1,15,2016-06-23 11:00:00-05:00,210.23499999999999,2016-06-23 12:00:00-05:00,209.97500000000002,209.0,-39.0,long: close 210.18 > upper 210.17,exit long: close 210.03 < upper 210.13
2016-06-27,-1,14,2016-06-27 09:00:00-05:00,200.41500000000002,2016-06-27 14:52:00-05:00,199.70499999999998,201.69,99.4,short: close 200.47 < lower 201.14,flatten
2016-06-28,1,12,2016-06-28 09:00:00-05:00,202.17499999999998,2016-06-28 09:30:00-05:00,201.69500000000002,200.72,-57.6,long: close 202.12 > upper 201.99,exit long: close 201.74 < upper 202.08
2016-06-28,1,13,2016-06-28 12:00:00-05:00,201.95499999999998,2016-06-28 12:30:00-05:00,201.4961,200.6,-59.66,long: close 201.92 > upper 201.89,exit long: close 201.54 < upper 201.92
2016-06-29,1,13,2016-06-29 09:30:00-05:00,205.57,2016-06-29 14:52:00-05:00,206.52,204.13,123.5,long: close 205.53 > upper 205.44,flatten
2016-06-30,1,20,2016-06-30 11:00:00-05:00,208.075,2016-06-30 14:52:00-05:00,208.835,207.16,152.0,long: close 208.03 > upper 207.85,flatten
2016-07-01,1,23,2016-07-01 09:30:00-05:00,210.39999999999998,2016-07-01 10:30:00-05:00,210.02,209.63,-87.4,long: close 210.34 > upper 210.20,exit long: close 210.06 < upper 210.25
2016-07-05,-1,15,2016-07-05 11:00:00-05:00,208.145,2016-07-05 11:30:00-05:00,208.475,209.32,-49.5,short: close 208.19 < lower 208.22,exit short: close 208.44 > lower 208.37
2016-07-05,-1,17,2016-07-05 12:00:00-05:00,208.155,2016-07-05 14:30:00-05:00,208.24499999999998,209.24,-15.3,short: close 208.20 < lower 208.32,exit short: close 208.21 > lower 208.01
2016-07-06,1,19,2016-07-06 11:30:00-05:00,209.155,2016-07-06 13:00:00-05:00,209.025,208.22,-24.7,long: close 209.11 > upper 209.06,exit long: close 209.07 < upper 209.10
2016-07-07,1,27,2016-07-07 09:00:00-05:00,210.605,2016-07-07 09:30:00-05:00,210.44500000000002,209.95000000000002,-43.2,long: close 210.56 > upper 210.46,exit long: close 210.49 < upper 210.64
2016-07-07,-1,21,2016-07-07 13:30:00-05:00,208.875,2016-07-07 14:30:00-05:00,209.23499999999999,209.72,-75.6,short: close 208.92 < lower 208.96,exit short: close 209.19 > lower 208.66
2016-07-08,1,12,2016-07-08 10:00:00-05:00,211.95499999999998,2016-07-08 14:52:00-05:00,212.595,210.45000000000002,76.8,long: close 211.91 > upper 211.79,flatten
2016-07-20,1,20,2016-07-20 10:30:00-05:00,217.385,2016-07-20 11:00:00-05:00,217.10500000000002,216.52,-56.0,long: close 217.34 > upper 217.32,exit long: close 217.15 < upper 217.47
2016-07-21,-1,20,2016-07-21 13:30:00-05:00,216.03500000000003,2016-07-21 14:20:00-05:00,216.965,216.92000000000002,-186.0,short: close 216.09 < lower 216.14,stop
2016-07-22,1,25,2016-07-22 11:30:00-05:00,217.095,2016-07-22 12:00:00-05:00,216.955,216.42000000000002,-35.0,long: close 217.05 > upper 217.01,exit long: close 216.99 < upper 217.12
2016-07-25,-1,41,2016-07-25 09:00:00-05:00,216.53500000000003,2016-07-25 12:30:00-05:00,216.41199999999998,216.92000000000002,50.43,short: close 216.59 < lower 216.73,exit short: close 216.37 > lower 216.25
2016-07-26,1,47,2016-07-26 09:00:00-05:00,216.99499999999998,2016-07-26 09:30:00-05:00,216.895,216.66,-47.0,long: close 216.94 > upper 216.93,exit long: close 216.94 < upper 216.96
2016-07-26,-1,38,2016-07-26 10:00:00-05:00,215.84,2016-07-26 10:30:00-05:00,216.20499999999998,216.27,-138.7,short: close 215.88 < lower 216.17,exit short: close 216.16 > lower 216.07
2016-07-27,-1,22,2016-07-27 11:00:00-05:00,216.055,2016-07-27 13:00:00-05:00,216.285,216.84,-50.6,short: close 216.10 < lower 216.18,exit short: close 216.23 > lower 216.08
2016-07-28,-1,30,2016-07-28 10:00:00-05:00,215.78500000000003,2016-07-28 10:30:00-05:00,216.135,216.35,-105.0,short: close 215.82 < lower 215.85,exit short: close 216.10 > lower 215.79
2016-07-29,1,25,2016-07-29 11:00:00-05:00,217.39499999999998,2016-07-29 11:30:00-05:00,217.185,216.70000000000002,-52.5,long: close 217.34 > upper 217.32,exit long: close 217.23 < upper 217.35
2016-07-29,1,25,2016-07-29 13:30:00-05:00,217.43499999999997,2016-07-29 14:00:00-05:00,217.145,216.72,-72.5,long: close 217.40 > upper 217.33,exit long: close 217.19 < upper 217.31
2016-08-01,-1,28,2016-08-01 11:30:00-05:00,216.51500000000001,2016-08-01 12:00:00-05:00,216.70499999999998,217.12,-53.2,short: close 216.55 < lower 216.56,exit short: close 216.66 > lower 216.60
2016-08-02,-1,45,2016-08-02 09:00:00-05:00,216.245,2016-08-02 14:52:00-05:00,215.575,216.6,301.5,short: close 216.29 < lower 216.43,flatten
2016-08-05,1,29,2016-08-05 09:00:00-05:00,217.905,2016-08-05 14:52:00-05:00,218.06500000000003,217.32,46.4,long: close 217.86 > upper 217.40,flatten
2016-08-09,1,50,2016-08-09 09:00:00-05:00,218.45499999999998,2016-08-09 10:00:00-05:00,218.50500000000002,218.14000000000001,25.0,long: close 218.41 > upper 218.40,exit long: close 218.55 < upper 218.68
2016-08-09,1,31,2016-08-09 10:30:00-05:00,218.68499999999997,2016-08-09 11:00:00-05:00,218.544,218.14000000000001,-43.71,long: close 218.65 > upper 218.63,exit long: close 218.58 < upper 218.72
2016-08-10,-1,31,2016-08-10 10:30:00-05:00,217.51500000000001,2016-08-10 11:30:00-05:00,217.73499999999999,218.06,-68.2,short: close 217.56 < lower 217.70,exit short: close 217.69 > lower 217.56
2016-08-10,-1,27,2016-08-10 13:30:00-05:00,217.28500000000003,2016-08-10 14:52:00-05:00,217.42499999999998,217.94,-37.8,short: close 217.32 < lower 217.59,flatten
2016-08-15,1,31,2016-08-15 09:30:00-05:00,219.325,2016-08-15 10:00:00-05:00,219.345,218.78,6.2,long: close 219.28 > upper 219.22,exit long: close 219.39 < upper 219.40
2016-08-15,1,24,2016-08-15 10:30:00-05:00,219.515,2016-08-15 11:00:00-05:00,219.31500000000003,218.78,-48.0,long: close 219.47 > upper 219.41,exit long: close 219.36 < upper 219.44
2016-08-17,-1,60,2016-08-17 09:00:00-05:00,217.305,2016-08-17 09:30:00-05:00,217.58499999999998,217.54,-168.0,short: close 217.36 < lower 217.75,stop
2016-08-17,-1,36,2016-08-17 10:00:00-05:00,217.365,2016-08-17 11:50:00-05:00,217.86499999999998,217.82,-180.0,short: close 217.41 < lower 217.53,stop
2016-08-18,1,35,2016-08-18 10:00:00-05:00,218.885,2016-08-18 10:30:00-05:00,218.745,218.4,-49.0,long: close 218.84 > upper 218.83,exit long: close 218.79 < upper 218.88
2016-08-19,-1,31,2016-08-19 09:00:00-05:00,217.81,2016-08-19 09:29:00-05:00,218.405,218.36,-184.45,short: close 217.86 < lower 218.04,stop
2016-08-24,-1,44,2016-08-24 13:00:00-05:00,218.455,2016-08-24 14:52:00-05:00,217.595,218.82,378.4,short: close 218.50 < lower 218.52,flatten
2016-08-26,1,39,2016-08-26 09:30:00-05:00,219.005,2016-08-26 09:46:00-05:00,218.53500000000003,218.58,-183.3,long: close 218.95 > upper 218.19,stop
2016-08-26,1,34,2016-08-26 10:00:00-05:00,218.70499999999998,2016-08-26 10:40:00-05:00,218.16500000000002,218.21,-183.6,long: close 218.66 > upper 218.26,stop
2016-08-29,1,47,2016-08-29 09:00:00-05:00,218.095,2016-08-29 14:52:00-05:00,218.29000000000002,217.76,91.65,long: close 218.05 > upper 217.67,flatten
2016-08-30,-1,37,2016-08-30 10:00:00-05:00,217.78500000000003,2016-08-30 11:00:00-05:00,217.96499999999997,218.24,-66.6,short: close 217.82 < lower 217.86,exit short: close 217.92 > lower 217.84
2016-08-30,-1,41,2016-08-30 12:00:00-05:00,217.82500000000002,2016-08-30 14:52:00-05:00,217.905,218.22,-32.8,short: close 217.87 < lower 217.92,flatten
2016-08-31,-1,29,2016-08-31 10:00:00-05:00,217.03500000000003,2016-08-31 10:30:00-05:00,217.265,217.62,-66.7,short: close 217.08 < lower 217.21,exit short: close 217.22 > lower 217.18
2016-08-31,-1,30,2016-08-31 11:00:00-05:00,217.0,2016-08-31 14:30:00-05:00,217.45,217.56,-135.0,short: close 217.04 < lower 217.24,exit short: close 217.40 > lower 217.20
2016-09-01,-1,45,2016-09-01 09:30:00-05:00,216.544,2016-09-01 11:23:00-05:00,216.935,216.89000000000001,-175.95,short: close 216.58 < lower 217.03,stop
2016-09-02,1,24,2016-09-02 09:00:00-05:00,218.785,2016-09-02 09:30:00-05:00,218.53500000000003,218.06,-60.0,long: close 218.73 > upper 218.63,exit long: close 218.57 < upper 218.78
2016-09-08,-1,38,2016-09-08 09:00:00-05:00,218.29500000000002,2016-09-08 09:30:00-05:00,218.44,218.72,-55.1,short: close 218.34 < lower 218.41,exit short: close 218.39 > lower 218.23
2016-09-09,-1,18,2016-09-09 09:00:00-05:00,216.47500000000002,2016-09-09 14:52:00-05:00,213.875,217.48000000000002,468.0,short: close 216.52 < lower 216.75,flatten
2016-09-12,1,20,2016-09-12 09:30:00-05:00,214.155,2016-09-12 14:52:00-05:00,216.305,213.28,430.0,long: close 214.09 > upper 213.70,flatten
2016-09-13,-1,17,2016-09-13 09:00:00-05:00,214.03500000000003,2016-09-13 14:52:00-05:00,213.625,215.07,69.7,short: close 214.08 < lower 214.56,flatten
2016-09-14,1,28,2016-09-14 09:30:00-05:00,214.42499999999998,2016-09-14 09:53:00-05:00,213.76500000000001,213.81,-184.8,long: close 214.37 > upper 213.87,stop
2016-09-14,1,25,2016-09-14 10:30:00-05:00,214.015,2016-09-14 12:00:00-05:00,213.745,213.32,-67.5,long: close 213.97 > upper 213.96,exit long: close 213.79 < upper 214.06
2016-09-15,1,24,2016-09-15 09:30:00-05:00,213.95499999999998,2016-09-15 14:01:00-05:00,213.16500000000002,213.21,-189.6,long: close 213.90 > upper 213.79,stop
2016-09-19,1,24,2016-09-19 09:00:00-05:00,214.825,2016-09-19 09:30:00-05:00,214.53,214.08,-70.8,long: close 214.78 > upper 214.48,exit long: close 214.58 < upper 214.79
2016-09-26,-1,21,2016-09-26 09:00:00-05:00,214.555,2016-09-26 09:30:00-05:00,214.915,215.4,-75.6,short: close 214.61 < lower 214.68,exit short: close 214.87 > lower 214.44
2016-09-26,-1,15,2016-09-26 12:30:00-05:00,214.22500000000002,2016-09-26 13:00:00-05:00,214.33499999999998,215.46,-16.5,short: close 214.28 < lower 214.29,exit short: close 214.29 > lower 214.11
2016-09-27,1,35,2016-09-27 09:00:00-05:00,214.73499999999999,2016-09-27 09:58:00-05:00,214.215,214.26,-182.0,long: close 214.69 > upper 214.60,stop
2016-09-27,1,24,2016-09-27 10:30:00-05:00,214.93499999999997,2016-09-27 14:52:00-05:00,215.345,214.19,98.4,long: close 214.89 > upper 214.87,flatten
2016-09-29,-1,17,2016-09-29 12:00:00-05:00,214.954,2016-09-29 13:30:00-05:00,215.45,216.03,-84.32,short: close 214.99 < lower 215.46,exit short: close 215.39 > lower 215.29
2016-09-30,1,15,2016-09-30 10:30:00-05:00,216.61499999999998,2016-09-30 12:00:00-05:00,216.455,215.42000000000002,-24.0,long: close 216.57 > upper 216.36,exit long: close 216.50 < upper 216.58
2016-09-30,1,12,2016-09-30 13:30:00-05:00,216.875,2016-09-30 14:52:00-05:00,216.89000000000001,215.38,1.8,long: close 216.83 > upper 216.67,flatten
2016-10-03,-1,28,2016-10-03 09:00:00-05:00,215.41500000000002,2016-10-03 09:30:00-05:00,215.55999999999997,216.02,-40.6,short: close 215.46 < lower 215.49,exit short: close 215.51 > lower 215.35
2016-10-04,-1,21,2016-10-04 12:30:00-05:00,214.435,2016-10-04 14:52:00-05:00,214.64499999999998,215.3,-44.1,short: close 214.48 < lower 214.93,flatten
2016-10-06,-1,38,2016-10-06 09:00:00-05:00,215.00500000000002,2016-10-06 09:30:00-05:00,215.195,215.44,-72.2,short: close 215.05 < lower 215.09,exit short: close 215.15 > lower 215.05
2016-10-06,-1,42,2016-10-06 10:00:00-05:00,215.07500000000002,2016-10-06 10:30:00-05:00,215.30499999999998,215.46,-96.6,short: close 215.12 < lower 215.14,exit short: close 215.26 > lower 214.96
2016-10-07,-1,39,2016-10-07 09:00:00-05:00,215.175,2016-10-07 13:00:00-05:00,215.23499999999999,215.6,-23.4,short: close 215.22 < lower 215.54,exit short: close 215.19 > lower 215.05
2016-10-10,1,21,2016-10-10 09:00:00-05:00,216.64499999999998,2016-10-10 10:30:00-05:00,216.455,215.8,-39.9,long: close 216.60 > upper 216.45,exit long: close 216.50 < upper 216.57
2016-10-11,-1,30,2016-10-11 09:00:00-05:00,214.875,2016-10-11 14:52:00-05:00,213.51999999999998,215.44,406.5,short: close 214.91 < lower 215.33,flatten
2016-10-13,-1,16,2016-10-13 09:00:00-05:00,211.43,2016-10-13 10:00:00-05:00,211.98499999999999,212.54,-88.8,short: close 211.48 < lower 211.83,exit short: close 211.94 > lower 211.80
2016-10-17,-1,43,2016-10-17 09:00:00-05:00,212.57500000000002,2016-10-17 09:23:00-05:00,212.98499999999999,212.94,-176.3,short: close 212.61 < lower 212.72,stop
2016-10-19,1,31,2016-10-19 10:00:00-05:00,214.46499999999997,2016-10-19 10:30:00-05:00,214.22500000000002,213.91,-74.4,long: close 214.42 > upper 214.41,exit long: close 214.26 < upper 214.53
2016-10-20,-1,29,2016-10-20 10:00:00-05:00,213.28500000000003,2016-10-20 10:30:00-05:00,213.595,213.88,-89.9,short: close 213.34 < lower 213.47,exit short: close 213.54 > lower 213.37
2016-10-25,-1,28,2016-10-25 11:30:00-05:00,214.025,2016-10-25 12:00:00-05:00,214.325,214.64000000000001,-84.0,short: close 214.08 < lower 214.15,exit short: close 214.29 > lower 214.11
2016-10-27,-1,23,2016-10-27 09:30:00-05:00,213.335,2016-10-27 10:00:00-05:00,213.345,214.1,-2.3,short: close 213.37 < lower 213.40,exit short: close 213.31 > lower 213.24
2016-10-28,1,32,2016-10-28 11:30:00-05:00,213.86499999999998,2016-10-28 12:04:00-05:00,213.28500000000003,213.33,-185.6,long: close 213.82 > upper 213.69,stop
2016-10-28,-1,26,2016-10-28 13:00:00-05:00,211.82500000000002,2016-10-28 13:17:00-05:00,212.525,212.48000000000002,-182.0,short: close 211.85 < lower 212.50,stop
2016-11-01,-1,34,2016-11-01 09:30:00-05:00,212.04500000000002,2016-11-01 10:00:00-05:00,212.20499999999998,212.54,-54.4,short: close 212.10 < lower 212.23,exit short: close 212.16 > lower 212.07
2016-11-01,-1,28,2016-11-01 10:30:00-05:00,211.865,2016-11-01 14:52:00-05:00,211.02329999999998,212.46,235.68,short: close 211.92 < lower 212.12,flatten
2016-11-02,-1,24,2016-11-02 12:30:00-05:00,209.845,2016-11-02 13:00:00-05:00,210.02499999999998,210.58,-43.2,short: close 209.90 < lower 210.10,exit short: close 209.98 > lower 209.97
2016-11-04,-1,50,2016-11-04 09:00:00-05:00,208.53500000000003,2016-11-04 09:02:00-05:00,208.89499999999998,208.85,-180.0,short: close 208.51 < lower 208.56,stop
2016-11-04,1,36,2016-11-04 10:30:00-05:00,209.655,2016-11-04 13:49:00-05:00,209.15500000000003,209.20000000000002,-180.0,long: close 209.61 > upper 209.33,stop
2016-11-07,1,10,2016-11-07 09:00:00-06:00,211.80499999999998,2016-11-07 14:52:00-06:00,212.94750000000002,210.06,114.25,long: close 211.76 > upper 211.73,flatten
2016-11-08,1,25,2016-11-08 10:30:00-06:00,213.73499999999999,2016-11-08 14:52:00-06:00,214.235,213.04,125.0,long: close 213.69 > upper 213.60,flatten
2016-11-09,1,16,2016-11-09 09:00:00-06:00,214.475,2016-11-09 09:11:00-06:00,213.335,213.38,-182.4,long: close 214.43 > upper 214.32,stop
2016-11-09,1,13,2016-11-09 10:30:00-06:00,215.10999999999999,2016-11-09 14:52:00-06:00,216.395,213.71,167.05,long: close 215.07 > upper 214.62,flatten
2016-11-10,-1,22,2016-11-10 09:30:00-06:00,215.94500000000002,2016-11-10 10:30:00-06:00,216.125,216.74,-39.6,short: close 215.99 < lower 216.07,exit short: close 216.08 > lower 215.68
2016-11-17,1,39,2016-11-17 09:00:00-06:00,218.64499999999998,2016-11-17 09:30:00-06:00,218.305,218.22,-132.6,long: close 218.58 > upper 218.40,exit long: close 218.35 < upper 218.42
2016-11-17,1,18,2016-11-17 11:30:00-06:00,219.05499999999998,2016-11-17 12:00:00-06:00,218.78500000000003,218.04,-48.6,long: close 219.00 > upper 219.00,exit long: close 218.83 < upper 218.96
2016-11-21,1,25,2016-11-21 09:00:00-06:00,219.64069999999998,2016-11-21 09:30:00-06:00,219.115,218.93,-131.42,long: close 219.59 > upper 219.56,exit long: close 219.15 < upper 219.58
2016-11-29,1,24,2016-11-29 13:00:00-06:00,221.36499999999998,2016-11-29 13:30:00-06:00,221.233,220.64000000000001,-31.68,long: close 221.31 > upper 221.26,exit long: close 221.27 < upper 221.29
2016-12-01,-1,28,2016-12-01 12:00:00-06:00,219.585,2016-12-01 14:52:00-06:00,219.45499999999998,220.20000000000002,36.4,short: close 219.63 < lower 219.90,flatten
2016-12-02,1,54,2016-12-02 09:00:00-06:00,219.975,2016-12-02 09:14:00-06:00,219.65500000000003,219.70000000000002,-172.8,long: close 219.92 > upper 219.88,stop
2016-12-02,1,33,2016-12-02 10:30:00-06:00,220.155,2016-12-02 11:00:00-06:00,219.87,219.64000000000001,-94.05,long: close 220.12 > upper 220.10,exit long: close 219.92 < upper 220.15
2016-12-05,1,25,2016-12-05 09:00:00-06:00,221.155,2016-12-05 11:00:00-06:00,220.9539,220.44,-50.27,long: close 221.10 > upper 220.87,exit long: close 220.99 < upper 221.13
2016-12-06,-1,42,2016-12-06 09:30:00-06:00,220.63500000000002,2016-12-06 09:33:00-06:00,221.065,221.02,-180.6,short: close 220.68 < lower 220.69,stop
2016-12-07,1,32,2016-12-07 11:00:00-06:00,222.36499999999998,2016-12-07 14:52:00-06:00,224.215,221.83,592.0,long: close 222.31 > upper 222.13,flatten
2016-12-08,1,35,2016-12-08 11:30:00-06:00,225.30499999999998,2016-12-08 13:37:00-06:00,224.775,224.82,-185.5,long: close 225.27 > upper 225.05,stop
2016-12-09,1,45,2016-12-09 09:00:00-06:00,225.795,2016-12-09 10:30:00-06:00,225.66500000000002,225.44,-58.5,long: close 225.74 > upper 225.63,exit long: close 225.70 < upper 225.79
2016-12-12,1,55,2016-12-12 09:00:00-06:00,226.86499999999998,2016-12-12 09:13:00-06:00,226.54500000000002,226.59,-176.0,long: close 226.82 > upper 226.72,stop
2016-12-12,-1,35,2016-12-12 11:30:00-06:00,225.835,2016-12-12 12:00:00-06:00,226.015,226.32,-63.0,short: close 225.87 < lower 225.96,exit short: close 225.97 > lower 225.85
2016-12-13,1,28,2016-12-13 09:00:00-06:00,227.605,2016-12-13 10:00:00-06:00,227.31500000000003,226.98000000000002,-81.2,long: close 227.55 > upper 227.24,exit long: close 227.36 < upper 227.37
2016-12-13,1,24,2016-12-13 10:30:00-06:00,227.57999999999998,2016-12-13 14:52:00-06:00,227.77,226.84,45.6,long: close 227.53 > upper 227.35,flatten
2016-12-14,-1,22,2016-12-14 13:30:00-06:00,226.305,2016-12-14 13:40:00-06:00,227.165,227.12,-189.2,short: close 226.35 < lower 226.75,stop
2016-12-15,1,42,2016-12-15 09:00:00-06:00,227.18499999999997,2016-12-15 12:46:00-06:00,226.75500000000002,226.8,-180.6,long: close 227.15 > upper 226.42,stop
2016-12-15,1,22,2016-12-15 13:30:00-06:00,226.915,2016-12-15 14:00:00-06:00,226.75,226.1,-36.3,long: close 226.88 > upper 226.85,exit long: close 226.79 < upper 226.90
2016-12-16,-1,25,2016-12-16 09:30:00-06:00,225.645,2016-12-16 10:00:00-06:00,225.825,226.34,-45.0,short: close 225.68 < lower 225.69,exit short: close 225.77 > lower 225.60
2016-12-16,-1,22,2016-12-16 10:30:00-06:00,224.985,2016-12-16 11:00:00-06:00,225.595,225.78,-134.2,short: close 225.01 < lower 225.59,exit short: close 225.54 > lower 225.54
2016-12-19,1,35,2016-12-19 10:00:00-06:00,225.875,2016-12-19 10:30:00-06:00,225.51500000000001,225.4,-126.0,long: close 225.84 > upper 225.63,exit long: close 225.56 < upper 225.71
2016-12-22,-1,34,2016-12-22 10:30:00-06:00,225.07500000000002,2016-12-22 12:00:00-06:00,225.2423,225.57,-56.88,short: close 225.12 < lower 225.21,exit short: close 225.19 > lower 225.10
2016-12-27,1,36,2016-12-27 09:00:00-06:00,226.665,2016-12-27 11:00:00-06:00,226.305,226.20000000000002,-129.6,long: close 226.61 > upper 226.31,exit long: close 226.36 < upper 226.38
2016-12-28,-1,35,2016-12-28 09:00:00-06:00,225.47500000000002,2016-12-28 14:52:00-06:00,224.45499999999998,225.94,357.0,short: close 225.53 < lower 225.93,flatten
2016-12-30,-1,30,2016-12-30 09:00:00-06:00,223.72500000000002,2016-12-30 11:00:00-06:00,224.02499999999998,224.29,-90.0,short: close 223.79 < lower 223.99,exit short: close 223.98 > lower 223.96
2016-12-30,-1,27,2016-12-30 11:30:00-06:00,223.74,2016-12-30 14:52:00-06:00,222.915,224.39000000000001,222.75,short: close 223.78 < lower 223.90,flatten
2017-01-03,1,16,2017-01-03 09:30:00-06:00,225.55499999999998,2017-01-03 10:00:00-06:00,224.615,224.43,-150.4,long: close 225.51 > upper 225.41,exit long: close 224.66 < upper 225.46
2017-01-04,1,28,2017-01-04 09:00:00-06:00,226.08499999999998,2017-01-04 09:30:00-06:00,225.73530000000002,225.47,-97.92,long: close 226.03 > upper 226.01,exit long: close 225.77 < upper 226.02
2017-01-04,1,26,2017-01-04 10:00:00-06:00,226.135,2017-01-04 14:52:00-06:00,226.46,225.48000000000002,84.5,long: close 226.09 > upper 226.06,flatten
2017-01-05,-1,28,2017-01-05 11:00:00-06:00,225.645,2017-01-05 11:30:00-06:00,225.945,226.26,-84.0,short: close 225.69 < lower 225.79,exit short: close 225.89 > lower 225.73
2017-01-06,1,28,2017-01-06 11:00:00-06:00,227.345,2017-01-06 14:52:00-06:00,227.39110000000002,226.74,12.91,long: close 227.30 > upper 227.04,flatten
2017-01-10,1,40,2017-01-10 10:30:00-06:00,227.075,2017-01-10 12:59:00-06:00,226.62500000000003,226.67000000000002,-180.0,long: close 227.03 > upper 226.89,stop
2017-01-11,1,45,2017-01-11 09:00:00-06:00,226.855,2017-01-11 09:17:00-06:00,226.455,226.5,-180.0,long: close 226.80 > upper 226.75,stop
2017-01-11,1,45,2017-01-11 09:30:00-06:00,226.785,2017-01-11 10:00:00-06:00,226.64000000000001,226.44,-65.25,long: close 226.75 > upper 226.75,exit long: close 226.68 < upper 226.78
2017-01-12,-1,28,2017-01-12 09:00:00-06:00,225.965,2017-01-12 12:00:00-06:00,226.005,226.58,-11.2,short: close 226.02 < lower 226.17,exit short: close 225.97 > lower 225.92
2017-01-13,1,37,2017-01-13 09:00:00-06:00,227.23499999999999,2017-01-13 09:30:00-06:00,227.07500000000002,226.8,-59.2,long: close 227.20 > upper 227.09,exit long: close 227.11 < upper 227.13
2017-01-13,1,33,2017-01-13 10:00:00-06:00,227.24499999999998,2017-01-13 11:00:00-06:00,227.21,226.74,-11.55,long: close 227.21 > upper 227.15,exit long: close 227.25 < upper 227.32
2017-01-19,-1,28,2017-01-19 13:00:00-06:00,226.06500000000003,2017-01-19 14:52:00-06:00,225.98499999999999,226.69,22.4,short: close 226.11 < lower 226.17,flatten
2017-01-20,1,27,2017-01-20 09:00:00-06:00,227.14999999999998,2017-01-20 09:30:00-06:00,226.865,226.5,-76.95,long: close 227.10 > upper 226.97,exit long: close 226.91 < upper 227.05
2017-01-23,-1,32,2017-01-23 09:30:00-06:00,225.875,2017-01-23 13:00:00-06:00,225.915,226.4,-12.8,short: close 225.92 < lower 226.00,exit short: close 225.88 > lower 225.87
2017-01-23,-1,27,2017-01-23 13:30:00-06:00,225.75500000000002,2017-01-23 14:00:00-06:00,226.07,226.41,-85.05,short: close 225.80 < lower 225.87,exit short: close 226.02 > lower 225.82
2017-01-24,1,29,2017-01-24 11:30:00-06:00,227.20999999999998,2017-01-24 14:52:00-06:00,227.66000000000003,226.63,130.5,long: close 227.16 > upper 226.87,flatten
2017-01-25,1,20,2017-01-25 10:00:00-06:00,229.154,2017-01-25 11:00:00-06:00,228.94500000000002,228.24,-41.8,long: close 229.11 > upper 229.05,exit long: close 228.99 < upper 229.24
2017-01-25,1,17,2017-01-25 12:30:00-06:00,229.285,2017-01-25 14:52:00-06:00,229.465,228.20000000000002,30.6,long: close 229.24 > upper 229.22,flatten
2017-01-27,-1,54,2017-01-27 09:00:00-06:00,228.985,2017-01-27 10:30:00-06:00,229.05499999999998,229.26,-37.8,short: close 229.03 < lower 229.08,exit short: close 229.01 > lower 228.95
2017-01-30,-1,27,2017-01-30 09:00:00-06:00,227.25500000000002,2017-01-30 14:52:00-06:00,227.67499999999998,227.91,-113.4,short: close 227.30 < lower 227.93,flatten
2017-01-31,-1,22,2017-01-31 13:00:00-06:00,226.465,2017-01-31 13:30:00-06:00,226.765,227.26,-66.0,short: close 226.50 < lower 226.51,exit short: close 226.73 > lower 226.56
2017-02-03,1,18,2017-02-03 10:30:00-06:00,229.30499999999998,2017-02-03 11:00:00-06:00,229.19000000000003,228.32,-20.7,long: close 229.27 > upper 229.27,exit long: close 229.24 < upper 229.28
2017-02-03,1,19,2017-02-03 11:30:00-06:00,229.355,2017-02-03 12:30:00-06:00,229.2751,228.39000000000001,-15.18,long: close 229.31 > upper 229.25,exit long: close 229.32 < upper 229.32
2017-02-09,1,37,2017-02-09 09:30:00-06:00,230.21499999999997,2017-02-09 14:52:00-06:00,230.645,229.76,159.1,long: close 230.18 > upper 229.86,flatten
2017-02-10,1,22,2017-02-10 13:30:00-06:00,231.635,2017-02-10 14:00:00-06:00,231.365,230.86,-59.4,long: close 231.59 > upper 231.57,exit long: close 231.40 < upper 231.57
2017-02-13,1,33,2017-02-13 09:00:00-06:00,232.3355,2017-02-13 10:00:00-06:00,232.44500000000002,231.83,36.14,long: close 232.29 > upper 232.29,exit long: close 232.49 < upper 232.59
2017-02-13,1,21,2017-02-13 12:00:00-06:00,232.771,2017-02-13 14:52:00-06:00,232.76500000000001,231.92000000000002,-1.26,long: close 232.73 > upper 232.63,flatten
2017-02-14,1,27,2017-02-14 12:30:00-06:00,233.422,2017-02-14 14:52:00-06:00,233.60500000000002,232.77,49.41,long: close 233.37 > upper 233.30,flatten
2017-02-15,1,27,2017-02-15 10:30:00-06:00,234.445,2017-02-15 11:00:00-06:00,234.06500000000003,233.8,-102.6,long: close 234.39 > upper 234.23,exit long: close 234.11 < upper 234.14
2017-02-15,1,29,2017-02-15 11:30:00-06:00,234.24499999999998,2017-02-15 14:52:00-06:00,234.805,233.65,162.4,long: close 234.20 > upper 234.17,flatten
2017-02-16,-1,28,2017-02-16 10:00:00-06:00,234.26500000000001,2017-02-16 10:30:00-06:00,234.39,234.86,-35.0,short: close 234.31 < lower 234.32,exit short: close 234.35 > lower 234.28
2017-02-21,1,39,2017-02-21 09:00:00-06:00,236.14499999999998,2017-02-21 10:30:00-06:00,235.94500000000002,235.73000000000002,-78.0,long: close 236.10 > upper 235.70,exit long: close 235.99 < upper 236.03
2017-02-21,1,27,2017-02-21 11:00:00-06:00,236.14,2017-02-21 13:00:00-06:00,236.03,235.49,-29.7,long: close 236.10 > upper 235.94,exit long: close 236.07 < upper 236.19
2017-02-23,-1,23,2017-02-23 10:30:00-06:00,235.745,2017-02-23 11:00:00-06:00,236.08499999999998,236.5,-78.2,short: close 235.80 < lower 235.84,exit short: close 236.04 > lower 235.94
2017-03-01,1,16,2017-03-01 09:00:00-06:00,238.86499999999998,2017-03-01 14:52:00-06:00,240.025,237.70000000000002,185.6,long: close 238.80 > upper 238.61,flatten
2017-03-02,-1,27,2017-03-02 10:30:00-06:00,238.82500000000002,2017-03-02 12:30:00-06:00,238.96499999999997,239.46,-37.8,short: close 238.87 < lower 239.02,exit short: close 238.93 > lower 238.87
2017-03-02,-1,22,2017-03-02 13:00:00-06:00,238.79500000000002,2017-03-02 13:30:00-06:00,238.975,239.6,-39.6,short: close 238.83 < lower 238.86,exit short: close 238.94 > lower 238.77
2017-03-14,-1,37,2017-03-14 09:00:00-05:00,236.81,2017-03-14 10:30:00-05:00,236.905,237.26,-35.15,short: close 236.85 < lower 237.03,exit short: close 236.86 > lower 236.77
2017-03-14,-1,25,2017-03-14 11:30:00-05:00,236.54000000000002,2017-03-14 12:30:00-05:00,236.86499999999998,237.24,-81.25,short: close 236.59 < lower 236.78,exit short: close 236.83 > lower 236.78
2017-03-15,1,24,2017-03-15 12:00:00-05:00,238.125,2017-03-15 12:30:00-05:00,237.805,237.4,-76.8,long: close 238.07 > upper 237.97,exit long: close 237.85 < upper 237.98
2017-03-15,1,22,2017-03-15 13:30:00-05:00,238.515,2017-03-15 14:52:00-05:00,238.985,237.72,103.4,long: close 238.47 > upper 238.04,flatten
2017-03-16,-1,34,2017-03-16 10:30:00-05:00,238.22500000000002,2017-03-16 11:30:00-05:00,238.71499999999997,238.72,-166.6,short: close 238.26 < lower 238.51,exit short: close 238.66 > lower 238.45
2017-03-16,-1,33,2017-03-16 12:30:00-05:00,238.375,2017-03-16 13:00:00-05:00,238.63,238.88,-84.15,short: close 238.42 < lower 238.49,exit short: close 238.59 > lower 238.47
2017-03-17,-1,31,2017-03-17 09:00:00-05:00,237.54500000000002,2017-03-17 09:30:00-05:00,237.565,238.08,-6.2,short: close 237.59 < lower 237.60,exit short: close 237.52 > lower 237.44
2017-03-17,-1,24,2017-03-17 10:00:00-05:00,237.335,2017-03-17 11:00:00-05:00,237.48999999999998,238.06,-37.2,short: close 237.39 < lower 237.41,exit short: close 237.44 > lower 237.42
2017-03-20,-1,60,2017-03-20 09:00:00-05:00,236.82500000000002,2017-03-20 09:10:00-05:00,237.065,237.02,-144.0,short: close 236.88 < lower 236.88,stop
2017-03-21,-1,25,2017-03-21 09:30:00-05:00,236.0197,2017-03-21 14:52:00-05:00,233.655,236.70000000000002,591.17,short: close 236.06 < lower 236.43,flatten
2017-03-22,-1,60,2017-03-22 09:00:00-05:00,233.22500000000002,2017-03-22 09:02:00-05:00,233.465,233.42000000000002,-144.0,short: close 233.28 < lower 233.62,stop
2017-03-22,-1,44,2017-03-22 09:30:00-05:00,233.28500000000003,2017-03-22 09:35:00-05:00,233.695,233.65,-180.4,short: close 233.34 < lower 233.41,stop
2017-03-23,1,31,2017-03-23 10:00:00-05:00,234.825,2017-03-23 12:30:00-05:00,234.26500000000001,234.27,-173.6,long: close 234.77 > upper 234.68,exit long: close 234.32 < upper 234.72
2017-03-24,1,44,2017-03-24 09:00:00-05:00,234.665,2017-03-24 09:30:00-05:00,234.6235,234.3,-18.26,long: close 234.62 > upper 234.56,exit long: close 234.66 < upper 234.75
2017-03-24,1,27,2017-03-24 10:00:00-05:00,234.96499999999997,2017-03-24 10:30:00-05:00,234.615,234.33,-94.5,long: close 234.92 > upper 234.83,exit long: close 234.66 < upper 234.93
2017-03-28,1,23,2017-03-28 10:30:00-05:00,234.515,2017-03-28 14:52:00-05:00,235.31,233.74,182.85,long: close 234.46 > upper 234.20,flatten
2017-03-30,1,37,2017-03-30 09:30:00-05:00,236.045,2017-03-30 11:00:00-05:00,236.01500000000001,235.6,-11.1,long: close 236.00 > upper 235.99,exit long: close 236.05 < upper 236.28
2017-04-03,-1,26,2017-04-03 10:00:00-05:00,234.63000000000002,2017-04-03 13:02:00-05:00,235.33499999999998,235.29,-183.3,short: close 234.67 < lower 235.10,stop
2017-04-03,-1,20,2017-04-03 13:30:00-05:00,234.8,2017-04-03 14:00:00-05:00,235.17499999999998,235.67000000000002,-75.0,short: close 234.84 < lower 234.89,exit short: close 235.12 > lower 234.76
2017-04-05,1,29,2017-04-05 09:00:00-05:00,236.905,2017-04-05 10:30:00-05:00,236.5149,236.32,-113.13,long: close 236.88 > upper 236.47,exit long: close 236.55 < upper 237.09
2017-04-05,1,16,2017-04-05 12:00:00-05:00,237.125,2017-04-05 13:30:00-05:00,236.925,236.0,-32.0,long: close 237.08 > upper 237.00,exit long: close 236.97 < upper 237.10
2017-04-06,1,46,2017-04-06 09:00:00-05:00,235.355,2017-04-06 09:13:00-05:00,234.965,235.01,-179.4,long: close 235.30 > upper 235.20,stop
2017-04-06,1,20,2017-04-06 12:30:00-05:00,235.89499999999998,2017-04-06 13:00:00-05:00,235.60500000000002,235.02,-58.0,long: close 235.86 > upper 235.73,exit long: close 235.66 < upper 235.86
2017-04-07,-1,42,2017-04-07 09:00:00-05:00,234.685,2017-04-07 09:06:00-05:00,235.105,235.06,-176.4,short: close 234.73 < lower 234.89,stop
2017-04-10,1,42,2017-04-10 09:00:00-05:00,235.99499999999998,2017-04-10 10:00:00-05:00,235.78500000000003,235.61,-88.2,long: close 235.96 > upper 235.64,exit long: close 235.83 < upper 236.02
2017-04-11,-1,32,2017-04-11 09:00:00-05:00,234.45000000000002,2017-04-11 11:30:00-05:00,234.55499999999998,234.98000000000002,-33.6,short: close 234.50 < lower 234.57,exit short: close 234.50 > lower 234.21
2017-04-12,-1,21,2017-04-12 11:00:00-05:00,233.96890000000002,2017-04-12 12:30:00-05:00,234.125,234.8,-32.78,short: close 234.01 < lower 234.06,exit short: close 234.09 > lower 234.04
2017-04-17,1,26,2017-04-17 09:30:00-05:00,233.545,2017-04-17 10:00:00-05:00,233.585,232.88,10.4,long: close 233.50 > upper 233.49,exit long: close 233.62 < upper 233.72
2017-04-17,1,19,2017-04-17 10:30:00-05:00,233.88,2017-04-17 11:00:00-05:00,233.53,232.93,-66.5,long: close 233.84 > upper 233.78,exit long: close 233.58 < upper 233.78
2017-04-19,1,27,2017-04-19 09:00:00-05:00,234.945,2017-04-19 09:30:00-05:00,234.645,234.3,-81.0,long: close 234.89 > upper 234.84,exit long: close 234.69 < upper 234.88
2017-04-20,1,21,2017-04-20 11:00:00-05:00,234.945,2017-04-20 14:52:00-05:00,235.63500000000002,234.08,144.9,long: close 234.90 > upper 234.67,flatten
2017-04-21,-1,31,2017-04-21 11:30:00-05:00,234.645,2017-04-21 13:00:00-05:00,234.83499999999998,235.20000000000002,-58.9,short: close 234.70 < lower 234.72,exit short: close 234.79 > lower 234.68
2017-04-25,1,23,2017-04-25 09:00:00-05:00,238.42499999999998,2017-04-25 14:52:00-05:00,238.56500000000003,237.67000000000002,32.2,long: close 238.39 > upper 238.26,flatten
2017-04-26,1,37,2017-04-26 10:00:00-05:00,239.08499999999998,2017-04-26 11:00:00-05:00,238.865,238.64000000000001,-81.4,long: close 239.05 > upper 238.97,exit long: close 238.91 < upper 239.02
2017-04-26,1,35,2017-04-26 12:00:00-05:00,239.375,2017-04-26 12:48:00-05:00,238.85500000000002,238.9,-182.0,long: close 239.33 > upper 239.01,stop
2017-04-28,-1,27,2017-04-28 11:00:00-05:00,238.07500000000002,2017-04-28 11:30:00-05:00,238.32,238.70000000000002,-66.15,short: close 238.12 < lower 238.12,exit short: close 238.28 > lower 238.12
2017-04-28,-1,28,2017-04-28 13:00:00-05:00,238.055,2017-04-28 14:30:00-05:00,238.155,238.68,-28.0,short: close 238.11 < lower 238.13,exit short: close 238.11 > lower 238.03
2017-05-03,-1,28,2017-05-03 10:00:00-05:00,237.8249,2017-05-03 10:30:00-05:00,238.20499999999998,238.43,-106.43,short: close 237.86 < lower 237.94,exit short: close 238.17 > lower 237.85
2017-05-04,-1,30,2017-05-04 11:30:00-05:00,238.01500000000001,2017-05-04 12:00:00-05:00,238.545,238.58,-159.0,short: close 238.06 < lower 238.10,exit short: close 238.50 > lower 238.12
2017-05-08,-1,57,2017-05-08 09:30:00-05:00,239.395,2017-05-08 10:00:00-05:00,239.445,239.66,-28.5,short: close 239.43 < lower 239.48,exit short: close 239.40 > lower 239.39
2017-05-08,-1,39,2017-05-08 10:30:00-05:00,239.185,2017-05-08 11:00:00-05:00,239.48499999999999,239.6,-117.0,short: close 239.23 < lower 239.32,exit short: close 239.44 > lower 239.34
2017-05-11,-1,33,2017-05-11 09:00:00-05:00,238.51500000000001,2017-05-11 11:17:00-05:00,239.065,239.02,-181.5,short: close 238.56 < lower 239.10,stop
2017-05-11,-1,29,2017-05-11 12:00:00-05:00,238.92000000000002,2017-05-11 12:30:00-05:00,239.045,239.5,-36.25,short: close 238.96 < lower 239.02,exit short: close 239.01 > lower 238.99
2017-05-15,1,33,2017-05-15 09:00:00-05:00,240.075,2017-05-15 14:52:00-05:00,240.26500000000001,239.56,62.7,long: close 240.03 > upper 239.76,flatten
2017-05-16,-1,30,2017-05-16 10:00:00-05:00,239.78500000000003,2017-05-16 10:30:00-05:00,240.08499999999998,240.36,-90.0,short: close 239.83 < lower 239.86,exit short: close 240.04 > lower 239.82
2017-05-16,-1,35,2017-05-16 13:30:00-05:00,239.85500000000002,2017-05-16 14:30:00-05:00,240.125,240.32,-94.5,short: close 239.91 < lower 239.96,exit short: close 240.07 > lower 239.94
2017-05-17,-1,14,2017-05-17 09:00:00-05:00,237.715,2017-05-17 14:52:00-05:00,236.165,239.0,217.0,short: close 237.76 < lower 237.82,flatten
2017-05-18,1,36,2017-05-18 09:30:00-05:00,236.795,2017-05-18 10:40:00-05:00,236.28500000000003,236.33,-183.6,long: close 236.75 > upper 236.23,stop
2017-05-18,1,41,2017-05-18 11:00:00-05:00,236.225,2017-05-18 12:30:00-05:00,236.16500000000002,235.84,-24.6,long: close 236.18 > upper 236.16,exit long: close 236.21 < upper 236.24
2017-05-19,1,28,2017-05-19 09:00:00-05:00,238.045,2017-05-19 14:52:00-05:00,238.245,237.44,56.0,long: close 237.99 > upper 237.60,flatten
2017-05-22,1,28,2017-05-22 09:00:00-05:00,239.285,2017-05-22 09:30:00-05:00,239.13500000000002,238.68,-42.0,long: close 239.23 > upper 239.20,exit long: close 239.18 < upper 239.37
2017-05-22,1,24,2017-05-22 11:30:00-05:00,239.52579999999998,2017-05-22 13:00:00-05:00,239.305,238.79,-52.99,long: close 239.49 > upper 239.34,exit long: close 239.35 < upper 239.37
2017-05-25,1,22,2017-05-25 10:30:00-05:00,241.885,2017-05-25 11:00:00-05:00,241.41500000000002,241.1,-103.4,long: close 241.84 > upper 241.68,exit long: close 241.46 < upper 241.59
2017-05-25,1,24,2017-05-25 11:30:00-05:00,241.70489999999998,2017-05-25 14:52:00-05:00,241.72500000000002,240.96,4.82,long: close 241.65 > upper 241.64,flatten
2017-05-31,-1,37,2017-05-31 09:00:00-05:00,240.925,2017-05-31 09:59:00-05:00,241.42499999999998,241.38,-185.0,short: close 240.97 < lower 241.23,stop
2017-05-31,-1,31,2017-05-31 11:00:00-05:00,241.04500000000002,2017-05-31 11:30:00-05:00,241.135,241.6,-27.9,short: close 241.09 < lower 241.13,exit short: close 241.09 > lower 241.07
2017-06-01,1,22,2017-06-01 12:00:00-05:00,242.70999999999998,2017-06-01 14:52:00-05:00,243.055,241.92000000000002,75.9,long: close 242.66 > upper 242.48,flatten
2017-06-02,1,37,2017-06-02 11:00:00-05:00,244.075,2017-06-02 13:30:00-05:00,243.925,243.62,-55.5,long: close 244.03 > upper 243.82,exit long: close 243.97 < upper 244.11
2017-06-08,-1,40,2017-06-08 09:30:00-05:00,243.25500000000002,2017-06-08 09:50:00-05:00,243.70499999999998,243.66,-180.0,short: close 243.31 < lower 243.31,stop
2017-06-09,1,37,2017-06-09 09:00:00-05:00,244.51999999999998,2017-06-09 11:30:00-05:00,244.2723,244.08,-91.65,long: close 244.47 > upper 244.37,exit long: close 244.31 < upper 244.52
2017-06-09,-1,28,2017-06-09 13:00:00-05:00,243.235,2017-06-09 13:30:00-05:00,243.475,243.86,-67.2,short: close 243.28 < lower 243.31,exit short: close 243.43 > lower 243.30
2017-06-12,-1,39,2017-06-12 09:00:00-05:00,242.57500000000002,2017-06-12 09:23:00-05:00,243.025,242.98000000000002,-175.5,short: close 242.62 < lower 242.89,stop
2017-06-12,-1,38,2017-06-12 09:30:00-05:00,242.76000000000002,2017-06-12 10:00:00-05:00,243.11999999999998,243.19,-136.8,short: close 242.81 < lower 242.87,exit short: close 243.08 > lower 242.91
2017-06-13,1,26,2017-06-13 12:30:00-05:00,244.46499999999997,2017-06-13 13:00:00-05:00,244.27,243.8,-50.7,long: close 244.41 > upper 244.34,exit long: close 244.31 < upper 244.41
2017-06-14,-1,39,2017-06-14 10:00:00-05:00,244.095,2017-06-14 10:30:00-05:00,244.325,244.51,-89.7,short: close 244.13 < lower 244.27,exit short: close 244.28 > lower 244.26
2017-06-16,-1,22,2017-06-16 09:00:00-05:00,242.13500000000002,2017-06-16 11:30:00-05:00,242.43499999999997,242.92000000000002,-66.0,short: close 242.20 < lower 242.50,exit short: close 242.40 > lower 242.40
2017-06-16,-1,18,2017-06-16 12:00:00-05:00,242.22500000000002,2017-06-16 13:00:00-05:00,242.375,243.20000000000002,-27.0,short: close 242.26 < lower 242.30,exit short: close 242.33 > lower 242.31
2017-06-19,1,22,2017-06-19 09:00:00-05:00,243.93499999999997,2017-06-19 14:52:00-05:00,244.57500000000002,243.15,140.8,long: close 243.89 > upper 243.89,flatten
2017-06-20,-1,33,2017-06-20 09:00:00-05:00,243.805,2017-06-20 09:30:00-05:00,243.915,244.3,-36.3,short: close 243.84 < lower 243.94,exit short: close 243.87 > lower 243.86
2017-06-20,-1,30,2017-06-20 10:30:00-05:00,243.735,2017-06-20 12:00:00-05:00,243.82,244.3,-25.5,short: close 243.78 < lower 243.87,exit short: close 243.78 > lower 243.73
2017-06-22,1,40,2017-06-22 10:30:00-05:00,243.475,2017-06-22 11:30:00-05:00,243.22500000000002,243.08,-100.0,long: close 243.43 > upper 243.36,exit long: close 243.27 < upper 243.39
2017-06-22,1,37,2017-06-22 12:30:00-05:00,243.46499999999997,2017-06-22 13:00:00-05:00,243.35500000000002,243.02,-40.7,long: close 243.43 > upper 243.40,exit long: close 243.40 < upper 243.47
2017-06-23,1,40,2017-06-23 11:00:00-05:00,243.345,2017-06-23 12:00:00-05:00,243.26500000000001,242.94,-32.0,long: close 243.30 > upper 243.27,exit long: close 243.32 < upper 243.40
2017-06-23,1,32,2017-06-23 13:00:00-05:00,243.445,2017-06-23 13:30:00-05:00,243.19500000000002,242.92000000000002,-80.0,long: close 243.39 > upper 243.39,exit long: close 243.24 < upper 243.39
2017-06-26,1,26,2017-06-26 09:00:00-05:00,244.39499999999998,2017-06-26 09:30:00-05:00,244.125,243.73000000000002,-70.2,long: close 244.36 > upper 244.18,exit long: close 244.18 < upper 244.26
2017-06-27,-1,27,2017-06-27 13:00:00-05:00,242.09,2017-06-27 14:52:00-05:00,241.63,242.72,124.2,short: close 242.13 < lower 242.53,flatten
2017-06-28,1,19,2017-06-28 10:00:00-05:00,243.165,2017-06-28 14:52:00-05:00,243.555,242.22,74.1,long: close 243.12 > upper 242.89,flatten
2017-06-29,-1,40,2017-06-29 09:00:00-05:00,242.88500000000002,2017-06-29 14:52:00-05:00,241.63,243.29,502.0,short: close 242.92 < lower 243.16,flatten
2017-07-06,-1,23,2017-07-06 09:00:00-05:00,241.25500000000002,2017-07-06 10:30:00-05:00,241.55499999999998,242.02,-69.0,short: close 241.30 < lower 241.57,exit short: close 241.51 > lower 241.32
2017-07-06,-1,16,2017-07-06 13:30:00-05:00,241.10500000000002,2017-07-06 14:52:00-05:00,240.71499999999997,242.26,62.4,short: close 241.15 < lower 241.17,flatten
2017-07-07,1,22,2017-07-07 11:00:00-05:00,241.98499999999999,2017-07-07 14:52:00-05:00,242.13000000000002,241.17000000000002,31.9,long: close 241.94 > upper 241.71,flatten
2017-07-11,-1,28,2017-07-11 10:30:00-05:00,241.22500000000002,2017-07-11 10:54:00-05:00,241.86499999999998,241.82,-179.2,short: close 241.27 < lower 241.67,stop
2017-07-12,1,21,2017-07-12 09:00:00-05:00,243.915,2017-07-12 10:00:00-05:00,243.5951,243.06,-67.18,long: close 243.87 > upper 243.58,exit long: close 243.64 < upper 243.68
2017-07-12,1,14,2017-07-12 13:00:00-05:00,244.105,2017-07-12 14:52:00-05:00,243.94000000000003,242.78,-23.1,long: close 244.07 > upper 244.05,flatten
2017-07-14,1,41,2017-07-14 10:00:00-05:00,244.885,2017-07-14 10:30:00-05:00,244.735,244.5,-61.5,long: close 244.84 > upper 244.81,exit long: close 244.79 < upper 244.94
2017-07-14,1,27,2017-07-14 12:00:00-05:00,245.23499999999999,2017-07-14 14:52:00-05:00,245.59,244.6,95.85,long: close 245.19 > upper 245.05,flatten
2017-07-19,1,36,2017-07-19 09:00:00-05:00,246.42499999999998,2017-07-19 09:30:00-05:00,246.25500000000002,245.96,-61.2,long: close 246.38 > upper 246.32,exit long: close 246.31 < upper 246.37
2017-07-19,1,21,2017-07-19 13:30:00-05:00,246.86499999999998,2017-07-19 14:52:00-05:00,246.85000000000002,246.01000000000002,-3.15,long: close 246.83 > upper 246.71,flatten
2017-07-24,-1,46,2017-07-24 09:30:00-05:00,246.41500000000002,2017-07-24 11:00:00-05:00,246.61499999999998,246.76000000000002,-92.0,short: close 246.46 < lower 246.50,exit short: close 246.57 > lower 246.42
2017-07-27,-1,25,2017-07-27 12:30:00-05:00,246.29500000000002,2017-07-27 14:50:00-05:00,247.045,247.0,-187.5,short: close 246.35 < lower 247.01,stop
2017-07-28,-1,33,2017-07-28 09:30:00-05:00,246.31500000000003,2017-07-28 10:30:00-05:00,246.49499999999998,246.82,-59.4,short: close 246.35 < lower 246.43,exit short: close 246.46 > lower 246.32
2017-08-02,-1,47,2017-08-02 09:30:00-05:00,246.645,2017-08-02 10:47:00-05:00,247.025,246.98000000000002,-178.6,short: close 246.69 < lower 247.06,stop
2017-08-02,-1,47,2017-08-02 11:00:00-05:00,246.775,2017-08-02 12:30:00-05:00,246.975,247.1,-94.0,short: close 246.81 < lower 247.06,exit short: close 246.93 > lower 246.91
2017-08-03,-1,52,2017-08-03 09:00:00-05:00,246.94500000000002,2017-08-03 09:30:00-05:00,247.265,247.24,-166.4,short: close 246.99 < lower 247.08,exit short: close 247.22 > lower 247.02
2017-08-03,-1,47,2017-08-03 11:00:00-05:00,246.905,2017-08-03 11:30:00-05:00,247.14499999999998,247.24,-112.8,short: close 246.95 < lower 247.04,exit short: close 247.10 > lower 247.05
2017-08-08,1,35,2017-08-08 10:00:00-05:00,248.345,2017-08-08 12:30:00-05:00,248.00490000000002,247.88,-119.03,long: close 248.30 > upper 248.15,exit long: close 248.05 < upper 248.21
2017-08-10,-1,25,2017-08-10 09:00:00-05:00,245.835,2017-08-10 14:52:00-05:00,243.89499999999998,246.54,485.0,short: close 245.87 < lower 246.04,flatten
2017-08-11,1,39,2017-08-11 09:30:00-05:00,244.48499999999999,2017-08-11 10:29:00-05:00,244.03500000000003,244.08,-175.5,long: close 244.44 > upper 244.31,stop
2017-08-11,1,35,2017-08-11 13:30:00-05:00,244.5,2017-08-11 13:38:00-05:00,243.985,244.03,-180.25,long: close 244.46 > upper 244.38,stop
2017-08-14,1,18,2017-08-14 09:00:00-05:00,246.23499999999999,2017-08-14 14:52:00-05:00,246.60500000000002,245.24,66.6,long: close 246.19 > upper 245.84,flatten
2017-08-17,-1,25,2017-08-17 09:30:00-05:00,245.405,2017-08-17 14:52:00-05:00,243.265,246.12,535.0,short: close 245.44 < lower 245.87,flatten
2017-08-18,-1,42,2017-08-18 09:00:00-05:00,242.175,2017-08-18 09:03:00-05:00,242.605,242.56,-180.6,short: close 242.21 < lower 242.64,stop
2017-08-18,1,25,2017-08-18 12:00:00-05:00,243.855,2017-08-18 12:30:00-05:00,243.485,243.17000000000002,-92.5,long: close 243.80 > upper 243.69,exit long: close 243.53 < upper 243.67
2017-08-21,-1,50,2017-08-21 09:00:00-05:00,242.28500000000003,2017-08-21 10:00:00-05:00,242.545,242.6,-130.0,short: close 242.32 < lower 242.35,exit short: close 242.51 > lower 242.15
2017-08-22,1,28,2017-08-22 09:00:00-05:00,244.30499999999998,2017-08-22 14:52:00-05:00,245.46,243.70000000000002,323.4,long: close 244.26 > upper 243.86,flatten
2017-08-24,-1,31,2017-08-24 09:00:00-05:00,244.145,2017-08-24 09:30:00-05:00,244.58499999999998,244.70000000000002,-136.4,short: close 244.19 < lower 244.22,exit short: close 244.53 > lower 244.13
2017-08-24,-1,25,2017-08-24 10:30:00-05:00,244.03500000000003,2017-08-24 11:00:00-05:00,244.27499999999998,244.72,-60.0,short: close 244.09 < lower 244.09,exit short: close 244.22 > lower 243.89
2017-08-25,1,22,2017-08-25 09:00:00-05:00,245.315,2017-08-25 10:00:00-05:00,244.84,244.52,-104.5,long: close 245.27 > upper 245.26,exit long: close 244.88 < upper 245.42
2017-08-30,1,31,2017-08-30 10:00:00-05:00,245.515,2017-08-30 11:00:00-05:00,245.47500000000002,244.96,-12.4,long: close 245.47 > upper 245.39,exit long: close 245.51 < upper 245.56
2017-08-30,1,22,2017-08-30 12:00:00-05:00,245.85,2017-08-30 14:52:00-05:00,245.955,245.05,23.1,long: close 245.81 > upper 245.64,flatten
2017-09-05,-1,21,2017-09-05 10:30:00-05:00,246.56500000000003,2017-09-05 11:00:00-05:00,246.795,247.38,-48.3,short: close 246.62 < lower 246.74,exit short: close 246.77 > lower 246.62
2017-09-05,-1,18,2017-09-05 11:30:00-05:00,245.685,2017-09-05 14:52:00-05:00,245.98999999999998,246.70000000000002,-54.9,short: close 245.74 < lower 246.55,flatten
2017-09-11,1,16,2017-09-11 09:00:00-05:00,248.575,2017-09-11 14:52:00-05:00,248.985,247.45000000000002,65.6,long: close 248.53 > upper 248.41,flatten
2017-09-18,1,37,2017-09-18 09:00:00-05:00,250.035,2017-09-18 09:01:00-05:00,249.555,249.6,-177.6,long: close 250.00 > upper 249.87,stop
2017-09-20,-1,33,2017-09-20 13:30:00-05:00,249.16500000000002,2017-09-20 13:49:00-05:00,249.725,249.68,-184.8,short: close 249.21 < lower 249.50,stop
2017-09-21,-1,51,2017-09-21 09:00:00-05:00,249.35000000000002,2017-09-21 09:51:00-05:00,249.695,249.65,-175.95,short: close 249.39 < lower 249.69,stop
2017-09-21,-1,44,2017-09-21 10:00:00-05:00,249.555,2017-09-21 10:30:00-05:00,249.785,249.92000000000002,-101.2,short: close 249.61 < lower 249.63,exit short: close 249.74 > lower 249.56
2017-09-25,-1,41,2017-09-25 10:00:00-05:00,248.555,2017-09-25 14:30:00-05:00,248.855,248.94,-123.0,short: close 248.60 < lower 248.89,exit short: close 248.82 > lower 248.76
2017-09-28,1,40,2017-09-28 13:00:00-05:00,250.445,2017-09-28 13:30:00-05:00,250.19500000000002,250.04,-100.0,long: close 250.41 > upper 250.27,exit long: close 250.25 < upper 250.36
2017-09-29,1,50,2017-09-29 10:00:00-05:00,250.785,2017-09-29 14:52:00-05:00,251.1225,250.48000000000002,168.75,long: close 250.74 > upper 250.65,flatten
2017-10-02,1,48,2017-10-02 09:00:00-05:00,251.915,2017-10-02 10:30:00-05:00,251.675,251.6,-115.2,long: close 251.85 > upper 251.66,exit long: close 251.73 < upper 251.78
2017-10-02,1,36,2017-10-02 11:30:00-05:00,251.86499999999998,2017-10-02 14:14:00-05:00,251.35500000000002,251.4,-183.6,long: close 251.81 > upper 251.80,stop
2017-10-04,1,42,2017-10-04 11:00:00-05:00,253.315,2017-10-04 12:47:00-05:00,252.895,252.94,-176.4,long: close 253.27 > upper 253.15,stop
2017-10-05,1,35,2017-10-05 10:30:00-05:00,253.95499999999998,2017-10-05 14:52:00-05:00,254.47500000000002,253.48000000000002,182.0,long: close 253.91 > upper 253.81,flatten
2017-10-16,1,51,2017-10-16 09:00:00-05:00,255.415,2017-10-16 09:20:00-05:00,255.06500000000003,255.11,-178.5,long: close 255.37 > upper 255.36,stop
2017-10-19,-1,29,2017-10-19 09:00:00-05:00,254.525,2017-10-19 09:30:00-05:00,254.89499999999998,255.1,-107.3,short: close 254.57 < lower 254.67,exit short: close 254.85 > lower 254.63
2017-10-20,1,24,2017-10-20 13:30:00-05:00,257.135,2017-10-20 14:00:00-05:00,256.885,256.39,-60.0,long: close 257.09 > upper 257.00,exit long: close 256.94 < upper 257.05
2017-10-23,-1,35,2017-10-23 13:30:00-05:00,256.635,2017-10-23 14:52:00-05:00,256.14000000000004,257.12,173.25,short: close 256.67 < lower 256.80,flatten
2017-10-25,-1,44,2017-10-25 09:00:00-05:00,255.75500000000002,2017-10-25 14:52:00-05:00,255.14999999999998,256.12,266.2,short: close 255.81 < lower 256.01,flatten
2017-10-27,1,27,2017-10-27 09:30:00-05:00,256.83500000000004,2017-10-27 14:52:00-05:00,257.645,256.19,218.7,long: close 256.78 > upper 256.70,flatten
2017-10-30,-1,25,2017-10-30 11:30:00-05:00,256.59499999999997,2017-10-30 12:00:00-05:00,256.845,257.3,-62.5,short: close 256.64 < lower 256.66,exit short: close 256.81 > lower 256.71
2017-10-30,-1,26,2017-10-30 13:00:00-05:00,256.66499999999996,2017-10-30 13:30:00-05:00,256.90500000000003,257.32,-62.4,short: close 256.70 < lower 256.71,exit short: close 256.86 > lower 256.71
2017-11-01,1,27,2017-11-01 09:00:00-05:00,258.33500000000004,2017-11-01 09:30:00-05:00,257.97499999999997,257.69,-97.2,long: close 258.29 > upper 258.23,exit long: close 258.03 < upper 258.25
2017-11-02,-1,58,2017-11-02 09:30:00-05:00,256.59499999999997,2017-11-02 09:38:00-05:00,256.88500000000005,256.84000000000003,-168.2,short: close 256.63 < lower 257.21,stop
2017-11-02,-1,48,2017-11-02 10:00:00-05:00,256.885,2017-11-02 10:02:00-05:00,257.245,257.2,-172.8,short: close 256.93 < lower 257.14,stop
2017-11-03,1,35,2017-11-03 12:30:00-05:00,258.29,2017-11-03 14:52:00-05:00,258.265,257.82,-8.75,long: close 258.24 > upper 258.16,flatten
2017-11-06,1,41,2017-11-06 10:30:00-06:00,258.815,2017-11-06 11:00:00-06:00,258.525,258.42,-118.9,long: close 258.77 > upper 258.75,exit long: close 258.56 < upper 258.80
2017-11-07,1,52,2017-11-07 09:00:00-06:00,259.245,2017-11-07 09:25:00-06:00,258.905,258.95,-176.8,long: close 259.20 > upper 259.18,stop
2017-11-07,-1,37,2017-11-07 11:00:00-06:00,258.215,2017-11-07 12:00:00-06:00,258.46500000000003,258.66,-92.5,short: close 258.26 < lower 258.45,exit short: close 258.42 > lower 258.42
2017-11-09,-1,16,2017-11-09 11:30:00-06:00,256.60499999999996,2017-11-09 12:30:00-06:00,257.45500000000004,257.75,-136.0,short: close 256.64 < lower 257.28,exit short: close 257.42 > lower 257.28
2017-11-14,-1,22,2017-11-14 09:30:00-06:00,257.0335,2017-11-14 09:52:00-06:00,257.855,257.81,-180.73,short: close 257.08 < lower 257.09,stop
2017-11-15,-1,24,2017-11-15 09:00:00-06:00,255.865,2017-11-15 09:30:00-06:00,256.365,256.6,-120.0,short: close 255.92 < lower 256.44,exit short: close 256.33 > lower 256.33
2017-11-16,1,21,2017-11-16 09:30:00-06:00,258.0749,2017-11-16 14:52:00-06:00,258.555,257.22,100.82,long: close 258.02 > upper 257.82,flatten
2017-11-21,1,27,2017-11-21 09:00:00-06:00,259.71000000000004,2017-11-21 14:52:00-06:00,259.83,259.06,32.4,long: close 259.67 > upper 259.39,flatten
2017-11-28,1,30,2017-11-28 10:00:00-06:00,261.135,2017-11-28 14:52:00-06:00,262.715,260.56,474.0,long: close 261.09 > upper 261.08,flatten
2017-11-29,1,55,2017-11-29 09:00:00-06:00,263.55510000000004,2017-11-29 09:14:00-06:00,263.245,263.29,-170.56,long: close 263.51 > upper 263.20,stop
2017-11-29,-1,34,2017-11-29 11:00:00-06:00,262.265,2017-11-29 11:30:00-06:00,262.595,262.76,-112.2,short: close 262.31 < lower 262.45,exit short: close 262.55 > lower 262.35
2017-11-30,1,22,2017-11-30 09:30:00-06:00,264.125,2017-11-30 14:52:00-06:00,265.21,263.32,238.7,long: close 264.07 > upper 264.05,flatten
2017-12-01,-1,37,2017-12-01 10:30:00-06:00,261.645,2017-12-01 10:34:00-06:00,262.13500000000005,262.09000000000003,-181.3,short: close 261.70 < lower 264.37,stop
2017-12-01,-1,32,2017-12-01 11:00:00-06:00,263.16499999999996,2017-12-01 11:50:00-06:00,263.735,263.69,-182.4,short: close 263.20 < lower 264.29,stop
2017-12-05,1,33,2017-12-05 10:00:00-06:00,264.85,2017-12-05 11:00:00-06:00,264.585,264.35,-87.45,long: close 264.80 > upper 264.78,exit long: close 264.63 < upper 264.98
2017-12-06,1,32,2017-12-06 10:00:00-06:00,263.615,2017-12-06 10:30:00-06:00,263.275,263.1,-108.8,long: close 263.56 > upper 263.55,exit long: close 263.32 < upper 263.81
2017-12-07,1,60,2017-12-07 09:00:00-06:00,263.595,2017-12-07 09:01:00-06:00,263.315,263.36,-168.0,long: close 263.54 > upper 263.38,stop
2017-12-07,1,55,2017-12-07 09:30:00-06:00,263.64500000000004,2017-12-07 14:00:00-06:00,263.85499999999996,263.38,115.5,long: close 263.60 > upper 263.42,exit long: close 263.90 < upper 263.90
2017-12-11,1,60,2017-12-11 09:00:00-06:00,266.01500000000004,2017-12-11 09:18:00-06:00,265.745,265.79,-162.0,long: close 265.96 > upper 265.76,stop
2017-12-11,1,30,2017-12-11 13:00:00-06:00,266.2,2017-12-11 13:30:00-06:00,266.085,265.63,-34.5,long: close 266.15 > upper 266.10,exit long: close 266.12 < upper 266.17
2017-12-12,1,23,2017-12-12 13:30:00-06:00,267.295,2017-12-12 14:00:00-06:00,267.175,266.54,-27.6,long: close 267.25 > upper 267.21,exit long: close 267.22 < upper 267.29
2017-12-13,1,48,2017-12-13 09:00:00-06:00,267.4449,2017-12-13 10:30:00-06:00,267.395,267.12,-23.95,long: close 267.39 > upper 267.24,exit long: close 267.43 < upper 267.67
2017-12-14,-1,25,2017-12-14 13:00:00-06:00,266.135,2017-12-14 14:00:00-06:00,266.115,266.84000000000003,5.0,short: close 266.18 < lower 266.22,exit short: close 266.07 > lower 266.03
2017-12-15,1,51,2017-12-15 09:30:00-06:00,266.175,2017-12-15 09:38:00-06:00,265.835,265.88,-173.4,long: close 266.14 > upper 265.86,stop
2017-12-15,1,24,2017-12-15 10:30:00-06:00,266.485,2017-12-15 14:52:00-06:00,266.505,265.74,4.8,long: close 266.44 > upper 266.30,flatten
2017-12-18,1,18,2017-12-18 09:00:00-06:00,268.49,2017-12-18 10:00:00-06:00,268.215,267.52,-49.5,long: close 268.44 > upper 268.28,exit long: close 268.26 < upper 268.48
2017-12-19,-1,43,2017-12-19 09:00:00-06:00,267.825,2017-12-19 10:30:00-06:00,267.845,268.2,-8.6,short: close 267.89 < lower 267.96,exit short: close 267.80 > lower 267.52
2017-12-19,-1,23,2017-12-19 11:00:00-06:00,267.4,2017-12-19 12:00:00-06:00,267.665,268.16,-60.95,short: close 267.44 < lower 267.57,exit short: close 267.62 > lower 267.53
2017-12-21,1,19,2017-12-21 12:30:00-06:00,268.3955,2017-12-21 13:00:00-06:00,268.145,267.48,-47.6,long: close 268.36 > upper 268.30,exit long: close 268.19 < upper 268.34
2018-01-02,1,21,2018-01-02 09:30:00-06:00,268.45500000000004,2018-01-02 10:30:00-06:00,268.1225,267.64,-69.83,long: close 268.41 > upper 268.18,exit long: close 268.16 < upper 268.30
2018-01-03,1,46,2018-01-03 09:00:00-06:00,269.61,2018-01-03 14:52:00-06:00,270.51,269.27,414.0,long: close 269.56 > upper 269.21,flatten
2018-01-04,1,25,2018-01-04 09:00:00-06:00,271.865,2018-01-04 10:30:00-06:00,271.515,271.18,-87.5,long: close 271.82 > upper 271.52,exit long: close 271.56 < upper 271.72
2018-01-04,1,19,2018-01-04 12:00:00-06:00,271.90500000000003,2018-01-04 13:30:00-06:00,271.765,270.97,-26.6,long: close 271.86 > upper 271.78,exit long: close 271.81 < upper 271.85
2018-01-08,1,28,2018-01-08 12:30:00-06:00,274.02500000000003,2018-01-08 13:00:00-06:00,273.905,273.41,-33.6,long: close 273.98 > upper 273.97,exit long: close 273.95 < upper 273.96
2018-01-09,1,25,2018-01-09 10:30:00-06:00,275.045,2018-01-09 11:30:00-06:00,274.775,274.36,-67.5,long: close 275.01 > upper 274.84,exit long: close 274.82 < upper 274.89
2018-01-09,1,23,2018-01-09 12:00:00-06:00,275.01,2018-01-09 13:30:00-06:00,274.85499999999996,274.26,-35.65,long: close 274.96 > upper 274.91,exit long: close 274.90 < upper 274.94
2018-01-11,1,27,2018-01-11 09:00:00-06:00,275.11,2018-01-11 09:30:00-06:00,274.825,274.48,-76.95,long: close 275.07 > upper 275.06,exit long: close 274.86 < upper 275.15
2018-01-11,1,23,2018-01-11 11:00:00-06:00,275.245,2018-01-11 14:52:00-06:00,275.905,274.5,151.8,long: close 275.19 > upper 275.17,flatten
2018-01-12,1,37,2018-01-12 09:00:00-06:00,277.07,2018-01-12 14:52:00-06:00,278.01,276.63,347.8,long: close 277.03 > upper 276.69,flatten
2018-01-16,1,18,2018-01-16 09:00:00-06:00,280.045,2018-01-16 09:30:00-06:00,279.585,279.04,-82.8,long: close 279.99 > upper 279.64,exit long: close 279.62 < upper 279.74
2018-01-16,-1,14,2018-01-16 13:30:00-06:00,276.91999999999996,2018-01-16 14:30:00-06:00,277.575,278.22,-91.7,short: close 276.96 < lower 277.33,exit short: close 277.53 > lower 277.32
2018-01-17,1,17,2018-01-17 11:30:00-06:00,278.695,2018-01-17 14:52:00-06:00,279.60499999999996,277.65000000000003,154.7,long: close 278.64 > upper 278.54,flatten
2018-01-18,-1,36,2018-01-18 09:30:00-06:00,279.04499999999996,2018-01-18 10:22:00-06:00,279.545,279.5,-180.0,short: close 279.10 < lower 279.10,stop
2018-01-18,-1,33,2018-01-18 10:30:00-06:00,278.97499999999997,2018-01-18 11:30:00-06:00,279.295,279.47,-105.6,short: close 279.01 < lower 279.06,exit short: close 279.24 > lower 278.96
2018-01-22,1,33,2018-01-22 09:30:00-06:00,281.345,2018-01-22 14:52:00-06:00,282.375,280.84000000000003,339.9,long: close 281.29 > upper 280.78,flatten
2018-01-23,1,34,2018-01-23 10:00:00-06:00,283.49,2018-01-23 10:51:00-06:00,282.955,283.0,-181.9,long: close 283.45 > upper 283.19,stop
2018-01-26,1,19,2018-01-26 10:30:00-06:00,284.815,2018-01-26 11:00:00-06:00,284.635,283.86,-34.2,long: close 284.76 > upper 284.72,exit long: close 284.68 < upper 284.84
2018-01-26,1,17,2018-01-26 11:30:00-06:00,284.925,2018-01-26 14:52:00-06:00,286.21999999999997,283.85,220.15,long: close 284.89 > upper 284.86,flatten
2018-01-29,-1,23,2018-01-29 10:00:00-06:00,285.205,2018-01-29 11:00:00-06:00,285.505,285.95,-69.0,short: close 285.26 < lower 285.52,exit short: close 285.45 > lower 285.37
2018-01-30,-1,13,2018-01-30 09:00:00-06:00,281.945,2018-01-30 09:30:00-06:00,282.295,283.38,-45.5,short: close 281.99 < lower 282.19,exit short: close 282.25 > lower 282.23
2018-01-30,-1,11,2018-01-30 11:00:00-06:00,281.925,2018-01-30 12:00:00-06:00,281.925,283.59000000000003,-0.0,short: close 281.96 < lower 281.97,exit short: close 281.89 > lower 281.85
2018-02-01,1,16,2018-02-01 11:00:00-06:00,282.9004,2018-02-01 13:00:00-06:00,281.98499999999996,281.81,-146.46,long: close 282.85 > upper 282.56,exit long: close 282.03 < upper 282.71
2018-02-02,-1,15,2018-02-02 09:00:00-06:00,279.3451,2018-02-02 14:52:00-06:00,275.885,280.54,519.02,short: close 279.39 < lower 279.65,flatten
2018-02-05,-1,9,2018-02-05 12:30:00-06:00,271.47499999999997,2018-02-05 13:00:00-06:00,272.695,273.39,-109.8,short: close 271.52 < lower 272.58,exit short: close 272.64 > lower 272.61
2018-02-05,-1,9,2018-02-05 13:30:00-06:00,270.865,2018-02-05 14:52:00-06:00,265.545,272.91,478.8,short: close 270.92 < lower 272.46,flatten
2018-02-06,1,7,2018-02-06 09:00:00-06:00,265.865,2018-02-06 09:17:00-06:00,263.335,263.38,-177.1,long: close 265.79 > upper 264.58,stop
2018-02-06,1,7,2018-02-06 11:30:00-06:00,265.4099,2018-02-06 12:30:00-06:00,264.625,262.69,-54.94,long: close 265.34 > upper 264.81,exit long: close 264.66 < upper 265.11
2018-02-07,1,16,2018-02-07 09:00:00-06:00,270.105,2018-02-07 12:00:00-06:00,270.155,268.98,8.0,long: close 270.06 > upper 269.97,exit long: close 270.19 < upper 270.22
2018-02-08,-1,18,2018-02-08 09:30:00-06:00,266.015,2018-02-08 14:52:00-06:00,259.545,267.0,1164.6,short: close 266.08 < lower 266.83,flatten
2018-02-09,-1,6,2018-02-09 11:30:00-06:00,254.79520000000002,2018-02-09 12:00:00-06:00,256.40500000000003,257.8,-96.59,short: close 254.84 < lower 256.27,exit short: close 256.39 > lower 256.25
2018-02-09,-1,6,2018-02-09 12:30:00-06:00,253.94500000000002,2018-02-09 13:02:00-06:00,257.125,257.08,-190.8,short: close 253.96 < lower 256.14,stop
2018-02-12,1,7,2018-02-12 13:00:00-06:00,266.355,2018-02-12 14:00:00-06:00,265.875,263.78000000000003,-33.6,long: close 266.30 > upper 265.36,exit long: close 265.91 < upper 266.07
2018-02-14,1,9,2018-02-14 10:30:00-06:00,267.435,2018-02-14 11:00:00-06:00,266.91499999999996,265.33,-46.8,long: close 267.38 > upper 267.34,exit long: close 266.93 < upper 267.65
2018-02-14,1,7,2018-02-14 12:00:00-06:00,268.165,2018-02-14 14:52:00-06:00,269.91499999999996,265.64,122.5,long: close 268.12 > upper 267.78,flatten
2018-02-21,1,8,2018-02-21 13:30:00-06:00,274.075,2018-02-21 14:00:00-06:00,273.205,271.74,-69.6,long: close 274.03 > upper 274.01,exit long: close 273.23 < upper 274.66
2018-02-28,1,16,2018-02-28 09:00:00-06:00,276.21500000000003,2018-02-28 09:30:00-06:00,275.945,275.13,-43.2,long: close 276.17 > upper 276.12,exit long: close 275.99 < upper 276.67
2018-03-01,-1,33,2018-03-01 09:00:00-06:00,270.175,2018-03-01 09:00:00-06:00,270.725,270.68,-181.5,short: close 270.24 < lower 270.98,stop
2018-03-01,-1,9,2018-03-01 12:30:00-06:00,269.025,2018-03-01 14:52:00-06:00,268.185,271.05,75.6,short: close 269.08 < lower 269.34,flatten
2018-03-05,1,10,2018-03-05 10:30:00-06:00,270.825,2018-03-05 14:52:00-06:00,272.38,269.09000000000003,155.5,long: close 270.78 > upper 270.16,flatten
2018-03-09,1,13,2018-03-09 09:30:00-06:00,276.46500000000003,2018-03-09 14:52:00-06:00,278.34,275.04,243.75,long: close 276.42 > upper 276.31,flatten
2018-03-14,-1,10,2018-03-14 11:00:00-05:00,275.28499999999997,2018-03-14 11:30:00-05:00,275.46500000000003,277.1,-18.0,short: close 275.32 < lower 275.43,exit short: close 275.40 > lower 275.28
2018-03-14,-1,10,2018-03-14 12:30:00-05:00,275.18489999999997,2018-03-14 13:00:00-05:00,276.27500000000003,277.06,-109.01,short: close 275.23 < lower 275.37,exit short: close 276.23 > lower 275.15
2018-03-19,-1,20,2018-03-19 09:00:00-05:00,272.66499999999996,2018-03-19 14:52:00-05:00,270.11,273.53000000000003,511.0,short: close 272.70 < lower 272.89,flatten
2018-03-22,-1,8,2018-03-22 10:00:00-05:00,266.675,2018-03-22 11:30:00-05:00,267.485,268.82,-64.8,short: close 266.73 < lower 267.03,exit short: close 267.43 > lower 266.56
2018-03-22,-1,6,2018-03-22 13:30:00-05:00,266.28499999999997,2018-03-22 14:52:00-05:00,264.125,269.06,129.6,short: close 266.33 < lower 266.40,flatten
2018-03-23,-1,12,2018-03-23 11:00:00-05:00,261.78499999999997,2018-03-23 11:30:00-05:00,263.08500000000004,263.28000000000003,-156.0,short: close 261.84 < lower 262.41,exit short: close 263.05 > lower 262.46
2018-03-23,-1,12,2018-03-23 12:00:00-05:00,262.025,2018-03-23 12:30:00-05:00,263.305,263.53000000000003,-153.6,short: close 262.06 < lower 262.41,exit short: close 263.21 > lower 262.38
2018-03-26,1,8,2018-03-26 09:00:00-05:00,262.675,2018-03-26 09:30:00-05:00,261.465,260.28000000000003,-96.8,long: close 262.63 > upper 262.47,exit long: close 261.52 < upper 262.58
2018-03-26,1,5,2018-03-26 13:30:00-05:00,263.52500000000003,2018-03-26 14:52:00-05:00,265.075,260.16,77.5,long: close 263.47 > upper 263.45,flatten
2018-03-28,1,38,2018-03-28 09:00:00-05:00,261.26500000000004,2018-03-28 09:12:00-05:00,260.795,260.84000000000003,-178.6,long: close 261.23 > upper 261.07,stop
2018-03-28,-1,21,2018-03-28 10:00:00-05:00,259.72499999999997,2018-03-28 10:09:00-05:00,260.595,260.55,-182.7,short: close 259.76 < lower 259.81,stop
2018-03-29,1,13,2018-03-29 10:00:00-05:00,262.77500000000003,2018-03-29 14:52:00-05:00,264.405,261.38,211.9,long: close 262.74 > upper 261.87,flatten
2018-04-02,-1,21,2018-04-02 09:00:00-05:00,261.695,2018-04-02 14:52:00-05:00,257.285,262.53000000000003,926.1,short: close 261.77 < lower 262.19,flatten
2018-04-06,-1,7,2018-04-06 11:30:00-05:00,261.775,2018-04-06 12:00:00-05:00,263.39500000000004,264.29,-113.4,short: close 261.81 < lower 262.02,exit short: close 263.37 > lower 261.88
2018-04-06,-1,7,2018-04-06 13:00:00-05:00,260.34499999999997,2018-04-06 14:52:00-05:00,260.675,262.98,-23.1,short: close 260.39 < lower 261.90,flatten
2018-04-09,1,14,2018-04-09 09:00:00-05:00,262.14500000000004,2018-04-09 14:00:00-05:00,263.815,260.82,233.8,long: close 262.09 > upper 261.92,exit long: close 263.86 < upper 264.00
2018-04-12,1,13,2018-04-12 09:00:00-05:00,266.52500000000003,2018-04-12 10:00:00-05:00,265.78499999999997,265.1,-96.2,long: close 266.49 > upper 265.92,exit long: close 265.83 < upper 266.43
2018-04-19,-1,10,2018-04-19 12:00:00-05:00,268.065,2018-04-19 13:00:00-05:00,268.33500000000004,269.95,-27.0,short: close 268.11 < lower 268.12,exit short: close 268.30 > lower 267.73
2018-04-20,-1,16,2018-04-20 10:00:00-05:00,267.41499999999996,2018-04-20 13:30:00-05:00,266.89500000000004,268.5,83.2,short: close 267.48 < lower 267.75,exit short: close 266.85 > lower 266.80
2018-04-24,-1,9,2018-04-24 11:30:00-05:00,264.85499999999996,2018-04-24 14:52:00-05:00,263.005,266.78000000000003,166.5,short: close 264.91 < lower 265.23,flatten
2018-04-25,-1,28,2018-04-25 09:00:00-05:00,261.005,2018-04-25 09:05:00-05:00,261.665,261.62,-184.8,short: close 261.04 < lower 262.36,stop
2018-04-25,-1,24,2018-04-25 09:30:00-05:00,261.98499999999996,2018-04-25 09:37:00-05:00,262.745,262.7,-182.4,short: close 262.03 < lower 262.25,stop
2018-04-26,1,13,2018-04-26 10:00:00-05:00,266.02500000000003,2018-04-26 10:30:00-05:00,265.435,264.65,-76.7,long: close 265.99 > upper 265.57,exit long: close 265.49 < upper 265.73
2018-04-26,1,10,2018-04-26 12:30:00-05:00,266.46500000000003,2018-04-26 14:30:00-05:00,266.41499999999996,264.63,-5.0,long: close 266.40 > upper 266.02,exit long: close 266.45 < upper 266.57
2018-05-01,-1,18,2018-05-01 10:00:00-05:00,262.925,2018-05-01 11:30:00-05:00,263.14500000000004,263.94,-39.6,short: close 262.97 < lower 263.15,exit short: close 263.10 > lower 262.80
2018-05-01,-1,13,2018-05-01 12:30:00-05:00,262.275,2018-05-01 13:00:00-05:00,263.71000000000004,263.7,-186.55,short: close 262.33 < lower 262.75,exit short: close 263.66 > lower 262.66
2018-05-02,-1,28,2018-05-02 09:00:00-05:00,264.10499999999996,2018-05-02 09:09:00-05:00,264.745,264.7,-179.2,short: close 264.14 < lower 264.27,stop
2018-05-03,-1,18,2018-05-03 09:30:00-05:00,260.425,2018-05-03 11:41:00-05:00,261.46500000000003,261.42,-187.2,short: close 260.49 < lower 261.74,stop
2018-05-04,1,17,2018-05-04 09:30:00-05:00,263.795,2018-05-04 14:52:00-05:00,265.775,262.72,336.6,long: close 263.75 > upper 263.12,flatten
2018-05-07,1,20,2018-05-07 09:00:00-05:00,267.785,2018-05-07 09:30:00-05:00,267.37,266.91,-83.0,long: close 267.74 > upper 267.33,exit long: close 267.42 < upper 267.57
2018-05-09,1,11,2018-05-09 12:00:00-05:00,269.09000000000003,2018-05-09 14:52:00-05:00,269.255,267.4,18.15,long: close 269.04 > upper 268.98,flatten
2018-05-10,1,13,2018-05-10 10:30:00-05:00,271.445,2018-05-10 13:00:00-05:00,271.685,270.03000000000003,31.2,long: close 271.39 > upper 271.32,exit long: close 271.72 < upper 271.78
2018-05-11,1,30,2018-05-11 09:00:00-05:00,272.77500000000003,2018-05-11 09:30:00-05:00,272.7018,272.21,-21.96,long: close 272.75 > upper 272.66,exit long: close 272.74 < upper 272.89
2018-05-11,1,18,2018-05-11 10:00:00-05:00,273.165,2018-05-11 10:30:00-05:00,272.54499999999996,272.16,-111.6,long: close 273.13 > upper 273.10,exit long: close 272.59 < upper 273.05
2018-05-15,-1,15,2018-05-15 09:00:00-05:00,270.305,2018-05-15 09:38:00-05:00,271.545,271.5,-186.0,short: close 270.37 < lower 271.04,stop
2018-05-15,-1,11,2018-05-15 13:00:00-05:00,270.065,2018-05-15 13:30:00-05:00,270.65500000000003,271.76,-64.9,short: close 270.11 < lower 270.54,exit short: close 270.61 > lower 270.44
2018-05-16,1,33,2018-05-16 09:00:00-05:00,271.875,2018-05-16 09:11:00-05:00,271.315,271.36,-184.8,long: close 271.81 > upper 271.58,stop
2018-05-16,1,16,2018-05-16 11:30:00-05:00,272.42,2018-05-16 14:30:00-05:00,272.125,271.29,-47.2,long: close 272.37 > upper 272.20,exit long: close 272.18 < upper 272.31
2018-05-17,1,18,2018-05-17 10:00:00-05:00,273.185,2018-05-17 10:30:00-05:00,272.865,272.16,-57.6,long: close 273.14 > upper 273.10,exit long: close 272.90 < upper 273.03
2018-05-24,-1,25,2018-05-24 09:00:00-05:00,271.83,2018-05-24 11:00:00-05:00,272.345,272.52,-128.75,short: close 271.88 < lower 272.46,exit short: close 272.32 > lower 272.23
2018-05-29,-1,13,2018-05-29 11:00:00-05:00,268.875,2018-05-29 14:52:00-05:00,269.26500000000004,270.22,-50.7,short: close 268.92 < lower 269.89,flatten
2018-05-30,1,14,2018-05-30 10:00:00-05:00,271.805,2018-05-30 14:52:00-05:00,272.44,270.5,88.9,long: close 271.76 > upper 271.13,flatten
2018-05-31,-1,20,2018-05-31 10:00:00-05:00,271.155,2018-05-31 10:30:00-05:00,271.915,272.02,-152.0,short: close 271.20 < lower 271.50,exit short: close 271.86 > lower 271.68
2018-05-31,-1,19,2018-05-31 11:30:00-05:00,271.375,2018-05-31 12:00:00-05:00,271.685,272.32,-58.9,short: close 271.41 < lower 271.43,exit short: close 271.64 > lower 271.50
2018-06-01,1,14,2018-06-01 09:00:00-05:00,272.995,2018-06-01 14:52:00-05:00,273.46,271.74,65.1,long: close 272.94 > upper 272.82,flatten
2018-06-04,1,21,2018-06-04 09:00:00-05:00,275.08000000000004,2018-06-04 09:30:00-05:00,274.4651,274.22,-129.13,long: close 275.04 > upper 274.94,exit long: close 274.50 < upper 275.11
2018-06-06,1,20,2018-06-06 11:00:00-05:00,276.46500000000003,2018-06-06 11:30:00-05:00,276.275,275.57,-38.0,long: close 276.42 > upper 276.40,exit long: close 276.33 < upper 276.53
2018-06-06,1,17,2018-06-06 13:30:00-05:00,276.665,2018-06-06 14:52:00-05:00,277.075,275.62,69.7,long: close 276.63 > upper 276.56,flatten
2018-06-07,-1,20,2018-06-07 12:30:00-05:00,276.765,2018-06-07 13:30:00-05:00,277.065,277.64,-60.0,short: close 276.81 < lower 276.85,exit short: close 277.03 > lower 276.79
2018-06-11,1,25,2018-06-11 11:00:00-05:00,279.135,2018-06-11 13:00:00-05:00,279.10499999999996,278.42,-7.5,long: close 279.08 > upper 279.03,exit long: close 279.16 < upper 279.30
2018-06-15,-1,13,2018-06-15 09:30:00-05:00,276.065,2018-06-15 10:00:00-05:00,276.26,277.45,-25.35,short: close 276.12 < lower 276.27,exit short: close 276.21 > lower 276.19
2018-06-15,-1,13,2018-06-15 10:30:00-05:00,275.97499999999997,2018-06-15 11:00:00-05:00,276.39500000000004,277.40000000000003,-54.6,short: close 276.02 < lower 276.23,exit short: close 276.35 > lower 276.02
2018-06-19,-1,11,2018-06-19 09:30:00-05:00,273.625,2018-06-19 10:00:00-05:00,274.535,275.2,-100.1,short: close 273.68 < lower 273.71,exit short: close 274.47 > lower 273.55
2018-06-21,-1,60,2018-06-21 09:00:00-05:00,275.465,2018-06-21 14:52:00-05:00,274.355,275.7,666.0,short: close 275.52 < lower 275.73,flatten
2018-06-25,-1,21,2018-06-25 09:00:00-05:00,271.97499999999997,2018-06-25 14:52:00-05:00,271.14500000000004,272.83,174.3,short: close 272.03 < lower 273.22,flatten
2018-06-26,1,18,2018-06-26 12:30:00-05:00,272.475,2018-06-26 13:00:00-05:00,272.315,271.46,-28.8,long: close 272.43 > upper 272.35,exit long: close 272.36 < upper 272.37
2018-06-27,1,27,2018-06-27 09:00:00-05:00,273.325,2018-06-27 10:06:00-05:00,272.635,272.68,-186.3,long: close 273.29 > upper 272.55,stop
2018-06-27,-1,14,2018-06-27 13:30:00-05:00,270.435,2018-06-27 14:52:00-05:00,269.815,271.68,86.8,short: close 270.48 < lower 270.66,flatten
2018-06-28,1,29,2018-06-28 10:00:00-05:00,269.975,2018-06-28 10:13:00-05:00,269.35499999999996,269.4,-179.8,long: close 269.93 > upper 269.86,stop
2018-06-28,1,28,2018-06-28 10:30:00-05:00,270.285,2018-06-28 11:09:00-05:00,269.635,269.68,-182.0,long: close 270.24 > upper 269.89,stop
2018-06-29,1,19,2018-06-29 09:00:00-05:00,272.8,2018-06-29 13:30:00-05:00,272.825,271.88,4.75,long: close 272.75 > upper 272.46,exit long: close 272.88 < upper 273.12
2018-07-03,-1,15,2018-07-03 12:00:00-05:00,270.775,2018-07-03 14:52:00-05:00,270.365,271.95,61.5,short: close 270.83 < lower 271.23,flatten
2018-07-06,1,37,2018-07-06 09:00:00-05:00,273.76500000000004,2018-07-06 14:52:00-05:00,275.08,273.33,486.55,long: close 273.71 > upper 273.56,flatten
2018-07-09,1,13,2018-07-09 11:00:00-05:00,277.545,2018-07-09 12:00:00-05:00,277.45,276.14,-12.35,long: close 277.50 > upper 277.37,exit long: close 277.50 < upper 277.56
2018-07-17,1,17,2018-07-17 11:00:00-05:00,280.23,2018-07-17 14:00:00-05:00,280.305,279.15000000000003,12.75,long: close 280.18 > upper 279.99,exit long: close 280.36 < upper 280.48
2018-07-19,-1,25,2018-07-19 09:00:00-05:00,279.72499999999997,2018-07-19 09:30:00-05:00,279.935,280.42,-52.5,short: close 279.78 < lower 279.98,exit short: close 279.89 > lower 279.87
2018-07-24,1,17,2018-07-24 09:00:00-05:00,282.075,2018-07-24 10:00:00-05:00,282.205,281.03000000000003,22.1,long: close 282.03 > upper 282.02,exit long: close 282.25 < upper 282.32
2018-07-25,1,39,2018-07-25 09:00:00-05:00,281.925,2018-07-25 09:10:00-05:00,281.465,281.51,-179.4,long: close 281.88 > upper 281.86,stop
2018-07-25,1,22,2018-07-25 12:00:00-05:00,282.475,2018-07-25 12:30:00-05:00,282.085,281.66,-85.8,long: close 282.43 > upper 282.26,exit long: close 282.13 < upper 282.25
2018-07-27,-1,25,2018-07-27 10:00:00-05:00,282.765,2018-07-27 14:52:00-05:00,281.451,283.44,328.5,short: close 282.81 < lower 282.82,flatten
2018-07-30,-1,50,2018-07-30 09:00:00-05:00,280.875,2018-07-30 09:28:00-05:00,281.225,281.18,-175.0,short: close 280.93 < lower 281.16,stop
2018-07-30,-1,33,2018-07-30 10:00:00-05:00,280.54499999999996,2018-07-30 14:52:00-05:00,279.885,281.04,217.8,short: close 280.60 < lower 280.98,flatten
2018-07-31,1,16,2018-07-31 11:00:00-05:00,281.64500000000004,2018-07-31 13:30:00-05:00,281.51,280.56,-21.6,long: close 281.60 > upper 281.45,exit long: close 281.55 < upper 281.64
2018-08-01,1,31,2018-08-01 09:30:00-05:00,281.985,2018-08-01 10:00:00-05:00,281.79499999999996,281.44,-58.9,long: close 281.94 > upper 281.93,exit long: close 281.83 < upper 282.03
2018-08-02,1,12,2018-08-02 11:30:00-05:00,281.795,2018-08-02 14:52:00-05:00,282.3275,280.22,63.9,long: close 281.74 > upper 281.73,flatten
2018-08-03,1,31,2018-08-03 09:30:00-05:00,283.11080000000004,2018-08-03 10:00:00-05:00,282.695,282.56,-128.9,long: close 283.06 > upper 282.98,exit long: close 282.73 < upper 283.05
2018-08-06,1,18,2018-08-06 11:30:00-05:00,284.735,2018-08-06 13:00:00-05:00,284.41499999999996,283.72,-57.6,long: close 284.68 > upper 284.61,exit long: close 284.46 < upper 284.68
2018-08-10,-1,10,2018-08-10 13:30:00-05:00,282.375,2018-08-10 14:00:00-05:00,282.68,284.2,-30.5,short: close 282.41 < lower 282.43,exit short: close 282.64 > lower 282.43
2018-08-13,1,36,2018-08-13 09:00:00-05:00,283.945,2018-08-13 10:00:00-05:00,283.7425,283.48,-72.9,long: close 283.90 > upper 283.75,exit long: close 283.78 < upper 283.90
2018-08-13,-1,22,2018-08-13 11:00:00-05:00,282.375,2018-08-13 12:30:00-05:00,282.575,283.18,-44.0,short: close 282.42 < lower 282.49,exit short: close 282.52 > lower 282.22
2018-08-14,1,21,2018-08-14 10:00:00-05:00,283.785,2018-08-14 11:00:00-05:00,283.54499999999996,282.95,-50.4,long: close 283.74 > upper 283.33,exit long: close 283.58 < upper 283.61
2018-08-14,1,14,2018-08-14 11:30:00-05:00,284.035,2018-08-14 12:00:00-05:00,283.625,282.71,-57.4,long: close 283.99 > upper 283.82,exit long: close 283.67 < upper 283.91
2018-08-15,-1,18,2018-08-15 09:00:00-05:00,281.3,2018-08-15 12:00:00-05:00,281.505,282.3,-36.9,short: close 281.35 < lower 282.12,exit short: close 281.46 > lower 281.42
2018-08-15,-1,11,2018-08-15 12:30:00-05:00,281.17879999999997,2018-08-15 14:30:00-05:00,281.505,282.85,-35.88,short: close 281.21 < lower 281.45,exit short: close 281.47 > lower 281.41
2018-08-16,1,13,2018-08-16 10:00:00-05:00,283.995,2018-08-16 13:30:00-05:00,284.22999999999996,282.64,30.55,long: close 283.95 > upper 283.92,exit long: close 284.27 < upper 284.44
2018-08-17,1,16,2018-08-17 13:30:00-05:00,285.235,2018-08-17 14:52:00-05:00,284.9251,284.15000000000003,-49.58,long: close 285.19 > upper 285.05,flatten
2018-08-21,1,32,2018-08-21 09:00:00-05:00,286.875,2018-08-21 09:30:00-05:00,286.63,286.36,-78.4,long: close 286.82 > upper 286.49,exit long: close 286.67 < upper 286.74
2018-08-21,1,19,2018-08-21 11:00:00-05:00,287.01500000000004,2018-08-21 13:00:00-05:00,287.065,286.06,9.5,long: close 286.97 > upper 286.94,exit long: close 287.11 < upper 287.16
2018-08-23,1,43,2018-08-23 09:00:00-05:00,286.51500000000004,2018-08-23 10:00:00-05:00,286.325,286.15000000000003,-81.7,long: close 286.46 > upper 286.46,exit long: close 286.38 < upper 286.69
2018-08-24,1,21,2018-08-24 10:00:00-05:00,287.245,2018-08-24 14:52:00-05:00,287.46,286.41,45.15,long: close 287.19 > upper 286.94,flatten
2018-08-27,1,19,2018-08-27 09:00:00-05:00,289.355,2018-08-27 14:52:00-05:00,289.53999999999996,288.40000000000003,35.15,long: close 289.30 > upper 289.14,flatten
2018-08-29,1,25,2018-08-29 10:00:00-05:00,290.925,2018-08-29 14:52:00-05:00,291.48499999999996,290.22,140.0,long: close 290.88 > upper 290.72,flatten
2018-09-04,-1,36,2018-09-04 09:00:00-05:00,289.22499999999997,2018-09-04 09:08:00-05:00,289.725,289.68,-180.0,short: close 289.16 < lower 289.57,stop
2018-09-04,-1,19,2018-09-04 11:30:00-05:00,288.925,2018-09-04 12:00:00-05:00,289.305,289.85,-72.2,short: close 288.96 < lower 289.11,exit short: close 289.26 > lower 289.18
2018-09-05,-1,31,2018-09-05 09:00:00-05:00,288.825,2018-09-05 11:00:00-05:00,288.74,289.36,26.35,short: close 288.86 < lower 289.10,exit short: close 288.69 > lower 288.62
2018-09-06,1,48,2018-09-06 09:00:00-05:00,289.505,2018-09-06 09:02:00-05:00,289.135,289.18,-177.6,long: close 289.45 > upper 289.43,stop
2018-09-06,-1,32,2018-09-06 10:00:00-05:00,287.695,2018-09-06 13:47:00-05:00,288.255,288.21,-179.2,short: close 287.74 < lower 288.59,stop
2018-09-11,1,16,2018-09-11 11:00:00-05:00,289.435,2018-09-11 14:52:00-05:00,288.97499999999997,288.32,-73.6,long: close 289.40 > upper 288.85,flatten
2018-09-13,1,20,2018-09-13 09:00:00-05:00,290.72,2018-09-13 09:30:00-05:00,290.41499999999996,289.81,-61.0,long: close 290.67 > upper 290.65,exit long: close 290.48 < upper 290.89
2018-09-17,-1,43,2018-09-17 09:00:00-05:00,290.435,2018-09-17 09:30:00-05:00,290.3835,290.8,22.14,short: close 290.48 < lower 290.49,exit short: close 290.33 > lower 290.31
2018-09-17,-1,28,2018-09-17 10:00:00-05:00,289.78499999999997,2018-09-17 11:00:00-05:00,290.21500000000003,290.40000000000003,-120.4,short: close 289.83 < lower 290.24,exit short: close 290.17 > lower 290.05
2018-09-18,1,38,2018-09-18 09:00:00-05:00,290.325,2018-09-18 14:52:00-05:00,290.875,289.89,209.0,long: close 290.28 > upper 289.89,flatten
2018-09-20,1,12,2018-09-20 11:00:00-05:00,293.51,2018-09-20 14:52:00-05:00,293.465,292.06,-5.4,long: close 293.47 > upper 293.39,flatten
2018-09-26,1,19,2018-09-26 13:30:00-05:00,291.985,2018-09-26 14:00:00-05:00,291.34499999999997,291.06,-121.6,long: close 291.93 > upper 291.73,exit long: close 291.38 < upper 291.74
2018-09-27,1,23,2018-09-27 09:30:00-05:00,291.235,2018-09-27 14:00:00-05:00,290.885,290.48,-80.5,long: close 291.20 > upper 290.90,exit long: close 290.93 < upper 291.21
2018-10-01,1,17,2018-10-01 09:00:00-05:00,292.62,2018-10-01 10:00:00-05:00,292.635,291.59000000000003,2.55,long: close 292.58 > upper 292.40,exit long: close 292.68 < upper 292.71
2018-10-04,-1,30,2018-10-04 09:00:00-05:00,290.685,2018-10-04 14:52:00-05:00,289.46500000000003,291.24,366.0,short: close 290.74 < lower 290.92,flatten
2018-10-05,-1,24,2018-10-05 10:30:00-05:00,288.125,2018-10-05 14:52:00-05:00,288.165,288.86,-9.6,short: close 288.16 < lower 288.85,flatten
2018-10-08,-1,14,2018-10-08 11:00:00-05:00,286.0917,2018-10-08 11:30:00-05:00,286.535,287.39,-62.06,short: close 286.13 < lower 286.17,exit short: close 286.49 > lower 286.18
2018-10-08,-1,13,2018-10-08 12:00:00-05:00,285.54499999999996,2018-10-08 13:00:00-05:00,286.4277,286.88,-114.75,short: close 285.60 < lower 286.13,exit short: close 286.40 > lower 286.13
2018-10-09,1,26,2018-10-09 09:30:00-05:00,288.555,2018-10-09 10:00:00-05:00,287.97499999999997,287.88,-150.8,long: close 288.49 > upper 288.26,exit long: close 288.02 < upper 288.36
2018-10-10,-1,29,2018-10-10 09:00:00-05:00,284.69,2018-10-10 14:52:00-05:00,279.65500000000003,285.28000000000003,1460.15,short: close 284.72 < lower 286.54,flatten
2018-10-11,1,19,2018-10-11 09:00:00-05:00,278.815,2018-10-11 09:04:00-05:00,277.815,277.86,-190.0,long: close 278.78 > upper 278.59,stop
2018-10-11,-1,14,2018-10-11 10:00:00-05:00,275.765,2018-10-11 11:00:00-05:00,276.14500000000004,277.04,-53.2,short: close 275.79 < lower 276.35,exit short: close 276.12 > lower 276.04
2018-10-16,1,10,2018-10-16 10:00:00-05:00,278.115,2018-10-16 14:52:00-05:00,280.395,276.32,228.0,long: close 278.08 > upper 277.32,flatten
2018-10-17,-1,28,2018-10-17 09:00:00-05:00,279.09499999999997,2018-10-17 10:30:00-05:00,279.27500000000003,279.71,-50.4,short: close 279.13 < lower 279.75,exit short: close 279.23 > lower 279.17
2018-10-18,-1,16,2018-10-18 09:00:00-05:00,278.675,2018-10-18 09:30:00-05:00,279.21500000000003,279.8,-86.4,short: close 278.74 < lower 278.77,exit short: close 279.18 > lower 278.59
2018-10-18,-1,11,2018-10-18 10:30:00-05:00,278.185,2018-10-18 14:52:00-05:00,276.27500000000003,279.83,210.1,short: close 278.23 < lower 278.25,flatten
2018-10-19,1,18,2018-10-19 09:00:00-05:00,278.495,2018-10-19 10:30:00-05:00,277.895,277.52,-108.0,long: close 278.44 > upper 277.77,exit long: close 277.93 < upper 278.27
2018-10-22,-1,16,2018-10-22 09:00:00-05:00,275.315,2018-10-22 09:49:00-05:00,276.46500000000003,276.42,-184.0,short: close 275.36 < lower 275.48,stop
2018-10-23,-1,6,2018-10-23 09:30:00-05:00,269.435,2018-10-23 10:30:00-05:00,270.825,272.46,-83.4,short: close 269.48 < lower 269.97,exit short: close 270.79 > lower 269.73
2018-10-24,-1,15,2018-10-24 09:30:00-05:00,272.145,2018-10-24 11:00:00-05:00,272.035,273.32,16.5,short: close 272.20 < lower 272.26,exit short: close 272.00 > lower 271.76
2018-10-24,-1,12,2018-10-24 11:30:00-05:00,271.35499999999996,2018-10-24 14:52:00-05:00,266.37,272.81,598.2,short: close 271.41 < lower 271.98,flatten
2018-10-25,1,9,2018-10-25 09:30:00-05:00,268.755,2018-10-25 14:52:00-05:00,269.8,266.66,94.05,long: close 268.70 > upper 268.39,flatten
2018-10-26,-1,6,2018-10-26 09:30:00-05:00,264.35499999999996,2018-10-26 10:30:00-05:00,265.115,267.58,-45.6,short: close 264.41 < lower 264.81,exit short: close 265.05 > lower 264.52
2018-10-30,1,21,2018-10-30 09:00:00-05:00,266.745,2018-10-30 09:09:00-05:00,265.865,265.91,-184.8,long: close 266.68 > upper 264.58,stop
2018-10-30,1,15,2018-10-30 09:30:00-05:00,265.92,2018-10-30 09:37:00-05:00,264.675,264.72,-186.75,long: close 265.86 > upper 264.94,stop
2018-10-31,1,7,2018-10-31 09:30:00-05:00,272.035,2018-10-31 10:00:00-05:00,271.435,269.44,-42.0,long: close 271.98 > upper 271.84,exit long: close 271.46 < upper 271.87
2018-10-31,1,5,2018-10-31 13:30:00-05:00,272.95500000000004,2018-10-31 14:00:00-05:00,272.815,269.48,-7.0,long: close 272.91 > upper 272.71,exit long: close 272.87 < upper 273.21
2018-11-02,-1,9,2018-11-02 10:30:00-05:00,271.79499999999996,2018-11-02 13:30:00-05:00,272.235,273.77,-39.6,short: close 271.84 < lower 272.15,exit short: close 272.18 > lower 271.54
2018-11-06,1,20,2018-11-06 09:00:00-06:00,274.635,2018-11-06 09:30:00-06:00,274.215,273.74,-84.0,long: close 274.60 > upper 274.27,exit long: close 274.28 < upper 274.72
2018-11-07,1,7,2018-11-07 11:00:00-06:00,279.435,2018-11-07 13:00:00-06:00,279.195,276.77,-16.8,long: close 279.38 > upper 279.00,exit long: close 279.24 < upper 279.50
2018-11-07,1,6,2018-11-07 13:30:00-06:00,280.02500000000003,2018-11-07 14:52:00-06:00,280.525,276.82,30.0,long: close 279.98 > upper 279.55,flatten
2018-11-09,-1,9,2018-11-09 11:00:00-06:00,277.09499999999997,2018-11-09 14:00:00-06:00,277.61,279.17,-46.35,short: close 277.14 < lower 277.66,exit short: close 277.57 > lower 276.61
2018-11-12,-1,17,2018-11-12 09:00:00-06:00,275.5651,2018-11-12 14:52:00-06:00,272.545,276.61,513.42,short: close 275.61 < lower 276.45,flatten
2018-11-14,-1,7,2018-11-14 12:00:00-06:00,270.185,2018-11-14 14:00:00-06:00,271.40500000000003,272.92,-85.4,short: close 270.24 < lower 270.38,exit short: close 271.36 > lower 269.92
2018-11-15,1,8,2018-11-15 12:30:00-06:00,271.86490000000003,2018-11-15 14:30:00-06:00,271.6975,269.53000000000003,-13.39,long: close 271.81 > upper 271.80,exit long: close 271.75 < upper 272.29
2018-11-19,-1,14,2018-11-19 09:30:00-06:00,271.245,2018-11-19 14:52:00-06:00,268.57140000000004,272.54,374.3,short: close 271.29 < lower 272.07,flatten
2018-11-20,-1,7,2018-11-20 09:00:00-06:00,264.5652,2018-11-20 09:30:00-06:00,265.07,267.0,-35.34,short: close 264.62 < lower 264.83,exit short: close 265.02 > lower 264.47
2018-11-26,1,9,2018-11-26 09:00:00-06:00,267.225,2018-11-26 10:30:00-06:00,266.615,265.22,-54.9,long: close 267.16 > upper 266.37,exit long: close 266.68 < upper 267.06
2018-11-28,1,9,2018-11-28 11:30:00-06:00,272.39500000000004,2018-11-28 14:52:00-06:00,274.305,270.38,171.9,long: close 272.35 > upper 270.99,flatten
2018-12-04,-1,18,2018-12-04 09:00:00-06:00,277.715,2018-12-04 09:30:00-06:00,277.635,278.7,14.4,short: close 277.75 < lower 277.81,exit short: close 277.57 > lower 277.54
2018-12-04,-1,12,2018-12-04 10:00:00-06:00,277.195,2018-12-04 14:52:00-06:00,270.165,278.68,843.6,short: close 277.23 < lower 277.31,flatten
2018-12-06,-1,6,2018-12-06 09:00:00-06:00,265.025,2018-12-06 09:30:00-06:00,265.90500000000003,267.88,-52.8,short: close 265.07 < lower 265.36,exit short: close 265.85 > lower 265.15
2018-12-06,-1,5,2018-12-06 10:00:00-06:00,264.215,2018-12-06 11:00:00-06:00,264.90500000000003,267.58,-34.5,short: close 264.27 < lower 264.85,exit short: close 264.87 > lower 264.65
2018-12-07,-1,19,2018-12-07 09:30:00-06:00,268.22499999999997,2018-12-07 14:52:00-06:00,264.105,269.15,782.8,short: close 268.26 < lower 268.76,flatten
2018-12-10,-1,22,2018-12-10 09:00:00-06:00,261.615,2018-12-10 09:06:00-06:00,262.46500000000003,262.42,-187.0,short: close 261.67 < lower 262.71,stop
2018-12-10,-1,20,2018-12-10 09:30:00-06:00,262.305,2018-12-10 12:00:00-06:00,262.33500000000004,263.18,-6.0,short: close 262.35 < lower 262.64,exit short: close 262.29 > lower 261.85
2018-12-14,-1,7,2018-12-14 11:00:00-06:00,261.1816,2018-12-14 11:30:00-06:00,261.9651,263.81,-54.85,short: close 261.24 < lower 261.54,exit short: close 261.93 > lower 261.20
2018-12-17,-1,15,2018-12-17 09:00:00-06:00,258.395,2018-12-17 09:56:00-06:00,259.665,259.62,-190.5,short: close 258.45 < lower 258.73,stop
2018-12-17,-1,8,2018-12-17 12:00:00-06:00,257.615,2018-12-17 14:52:00-06:00,254.42499999999998,259.76,255.2,short: close 257.67 < lower 257.82,flatten
2018-12-19,1,25,2018-12-19 09:00:00-06:00,256.95500000000004,2018-12-19 13:00:00-06:00,256.215,256.26,-185.0,long: close 256.91 > upper 255.86,stop
2018-12-20,-1,8,2018-12-20 11:00:00-06:00,247.615,2018-12-20 11:30:00-06:00,249.0751,249.88,-116.81,short: close 247.66 < lower 248.28,exit short: close 249.03 > lower 248.19
2018-12-20,-1,7,2018-12-20 12:30:00-06:00,247.63000000000002,2018-12-20 14:00:00-06:00,247.96499999999997,250.09,-23.45,short: close 247.69 < lower 248.08,exit short: close 247.92 > lower 247.50
2018-12-21,1,22,2018-12-21 09:30:00-06:00,248.52499999999998,2018-12-21 09:40:00-06:00,247.675,247.72,-187.0,long: close 248.49 > upper 247.78,stop
2018-12-21,-1,9,2018-12-21 11:30:00-06:00,243.485,2018-12-21 14:52:00-06:00,240.695,245.44,251.1,short: close 243.53 < lower 245.02,flatten
2018-12-24,-1,11,2018-12-24 09:00:00-06:00,237.32500000000002,2018-12-24 09:38:00-06:00,238.965,238.92000000000002,-180.4,short: close 237.38 < lower 238.27,stop
2018-12-24,-1,8,2018-12-24 10:30:00-06:00,236.91500000000002,2018-12-24 12:11:00-06:00,239.225,239.18,-184.8,short: close 236.97 < lower 237.60,stop
2018-12-26,1,6,2018-12-26 11:00:00-06:00,238.36499999999998,2018-12-26 14:52:00-06:00,244.375,235.20000000000002,360.6,long: close 238.32 > upper 237.69,flatten
2018-12-27,-1,8,2018-12-27 09:30:00-06:00,240.94500000000002,2018-12-27 10:00:00-06:00,241.67499999999998,243.34,-58.4,short: close 240.99 < lower 241.88,exit short: close 241.64 > lower 241.56
2018-12-27,-1,4,2018-12-27 13:30:00-06:00,239.78500000000003,2018-12-27 14:00:00-06:00,242.10999999999999,243.91,-93.0,short: close 239.85 < lower 240.16,exit short: close 242.07 > lower 239.74
2019-01-03,-1,11,2019-01-03 09:00:00-06:00,247.13500000000002,2019-01-03 11:00:00-06:00,247.1565,248.84,-2.36,short: close 247.25 < lower 247.56,exit short: close 247.12 > lower 246.74
2019-01-03,-1,7,2019-01-03 11:30:00-06:00,246.57500000000002,2019-01-03 12:00:00-06:00,247.075,249.20000000000002,-35.0,short: close 246.61 < lower 246.64,exit short: close 247.04 > lower 246.21
2019-01-04,1,7,2019-01-04 09:00:00-06:00,249.17,2019-01-04 14:52:00-06:00,252.175,246.70000000000002,210.35,long: close 249.12 > upper 248.33,flatten
2019-01-07,1,10,2019-01-07 11:00:00-06:00,255.42499999999998,2019-01-07 13:00:00-06:00,254.79500000000002,253.56,-63.0,long: close 255.40 > upper 254.44,exit long: close 254.84 < upper 255.92
2019-01-15,1,21,2019-01-15 09:00:00-06:00,259.185,2019-01-15 09:30:00-06:00,258.925,258.36,-54.6,long: close 259.13 > upper 258.47,exit long: close 258.96 < upper 259.15
2019-01-15,1,10,2019-01-15 10:00:00-06:00,259.575,2019-01-15 12:00:00-06:00,260.04499999999996,257.74,47.0,long: close 259.53 > upper 259.48,exit long: close 260.08 < upper 260.16
2019-01-18,1,7,2019-01-18 11:30:00-06:00,266.845,2019-01-18 12:00:00-06:00,266.685,264.12,-11.2,long: close 266.80 > upper 266.70,exit long: close 266.72 < upper 266.89
2019-01-22,-1,7,2019-01-22 11:00:00-06:00,262.835,2019-01-22 12:00:00-06:00,262.985,265.29,-10.5,short: close 262.88 < lower 263.16,exit short: close 262.95 > lower 262.89
2019-01-22,-1,6,2019-01-22 12:30:00-06:00,262.16499999999996,2019-01-22 14:52:00-06:00,261.89500000000004,264.96,16.2,short: close 262.20 < lower 262.82,flatten
2019-01-28,-1,11,2019-01-28 09:00:00-06:00,262.66499999999996,2019-01-28 09:30:00-06:00,263.285,264.36,-68.2,short: close 262.71 < lower 262.90,exit short: close 263.25 > lower 262.70
2019-01-29,-1,18,2019-01-29 10:00:00-06:00,262.685,2019-01-29 10:30:00-06:00,263.095,263.7,-73.8,short: close 262.73 < lower 262.82,exit short: close 263.06 > lower 262.88
2019-01-30,1,10,2019-01-30 13:30:00-06:00,267.51500000000004,2019-01-30 14:52:00-06:00,267.275,265.66,-24.0,long: close 267.47 > upper 266.12,flatten
2019-01-31,1,27,2019-01-31 09:30:00-06:00,269.105,2019-01-31 14:52:00-06:00,269.765,268.46,178.2,long: close 269.06 > upper 268.20,flatten
2019-02-01,1,22,2019-02-01 09:30:00-06:00,271.035,2019-02-01 09:56:00-06:00,270.195,270.24,-184.8,long: close 270.99 > upper 270.81,stop
2019-02-04,1,16,2019-02-04 13:00:00-06:00,271.435,2019-02-04 14:00:00-06:00,271.365,270.32,-11.2,long: close 271.39 > upper 271.21,exit long: close 271.42 < upper 271.58
2019-02-07,-1,11,2019-02-07 10:00:00-06:00,269.835,2019-02-07 14:52:00-06:00,270.0,271.44,-18.15,short: close 269.88 < lower 270.24,flatten
2019-02-12,1,15,2019-02-12 09:00:00-06:00,273.065,2019-02-12 14:52:00-06:00,273.97999999999996,271.86,137.25,long: close 273.01 > upper 272.75,flatten
2019-02-13,1,22,2019-02-13 09:00:00-06:00,275.565,2019-02-13 09:30:00-06:00,275.495,274.76,-15.4,long: close 275.53 > upper 275.37,exit long: close 275.54 < upper 275.59
2019-02-21,-1,25,2019-02-21 09:00:00-06:00,277.255,2019-02-21 10:00:00-06:00,277.21500000000003,277.94,10.0,short: close 277.30 < lower 277.40,exit short: close 277.17 > lower 277.17
2019-02-22,1,26,2019-02-22 09:00:00-06:00,278.505,2019-02-22 09:30:00-06:00,278.365,277.84000000000003,-36.4,long: close 278.47 > upper 278.44,exit long: close 278.42 < upper 278.66
2019-02-22,1,21,2019-02-22 10:00:00-06:00,278.785,2019-02-22 13:30:00-06:00,278.705,277.97,-16.8,long: close 278.74 > upper 278.60,exit long: close 278.75 < upper 278.97
2019-02-27,-1,20,2019-02-27 09:30:00-06:00,277.78499999999997,2019-02-27 10:00:00-06:00,278.14500000000004,278.68,-72.0,short: close 277.83 < lower 278.05,exit short: close 278.11 > lower 278.03
2019-03-01,1,14,2019-03-01 09:00:00-06:00,280.77500000000003,2019-03-01 09:30:00-06:00,279.705,279.52,-149.8,long: close 280.79 > upper 280.75,exit long: close 279.76 < upper 280.95
2019-03-04,-1,16,2019-03-04 10:30:00-06:00,279.51,2019-03-04 14:52:00-06:00,279.01500000000004,280.6,79.2,short: close 279.55 < lower 279.96,flatten
2019-03-05,-1,43,2019-03-05 09:00:00-06:00,278.675,2019-03-05 09:00:00-06:00,279.08500000000004,279.04,-176.3,short: close 278.72 < lower 279.11,stop
2019-03-05,-1,30,2019-03-05 09:30:00-06:00,278.745,2019-03-05 10:11:00-06:00,279.365,279.32,-186.0,short: close 278.79 < lower 278.91,stop
2019-03-06,-1,44,2019-03-06 09:00:00-06:00,278.525,2019-03-06 14:52:00-06:00,277.59000000000003,278.88,411.4,short: close 278.57 < lower 278.74,flatten
2019-03-07,-1,31,2019-03-07 09:00:00-06:00,275.22499999999997,2019-03-07 10:31:00-06:00,275.815,275.77,-182.9,short: close 275.29 < lower 276.51,stop
2019-03-07,-1,16,2019-03-07 11:00:00-06:00,275.465,2019-03-07 12:00:00-06:00,276.21000000000004,276.55,-119.2,short: close 275.51 < lower 275.98,exit short: close 276.17 > lower 275.91
2019-03-11,1,22,2019-03-11 09:00:00-05:00,276.33500000000004,2019-03-11 14:52:00-05:00,278.425,275.56,459.8,long: close 276.29 > upper 275.67,flatten
2019-03-12,1,18,2019-03-12 10:00:00-05:00,279.795,2019-03-12 10:30:00-05:00,279.305,278.82,-88.2,long: close 279.76 > upper 279.74,exit long: close 279.35 < upper 279.90
2019-03-13,1,14,2019-03-13 10:00:00-05:00,281.385,2019-03-13 14:30:00-05:00,281.28499999999997,280.12,-14.0,long: close 281.33 > upper 281.22,exit long: close 281.33 < upper 281.61
2019-03-18,1,32,2019-03-18 09:00:00-05:00,282.47,2019-03-18 10:21:00-05:00,281.905,281.95,-180.8,long: close 282.42 > upper 281.97,stop
2019-03-20,-1,27,2019-03-20 09:00:00-05:00,281.255,2019-03-20 10:00:00-05:00,281.675,281.89,-113.4,short: close 281.30 < lower 281.69,exit short: close 281.62 > lower 281.40
2019-03-20,-1,14,2019-03-20 11:00:00-05:00,280.715,2019-03-20 11:30:00-05:00,281.185,281.97,-65.8,short: close 280.76 < lower 281.07,exit short: close 281.14 > lower 281.08
2019-03-21,1,18,2019-03-21 09:00:00-05:00,282.175,2019-03-21 14:52:00-05:00,284.465,281.2,412.2,long: close 282.12 > upper 282.06,flatten
2019-03-22,-1,13,2019-03-22 09:00:00-05:00,281.895,2019-03-22 14:52:00-05:00,279.82,283.23,269.75,short: close 281.93 < lower 282.60,flatten
2019-03-25,-1,20,2019-03-25 09:00:00-05:00,277.955,2019-03-25 09:30:00-05:00,278.40500000000003,278.83,-90.0,short: close 277.99 < lower 278.18,exit short: close 278.37 > lower 278.05
2019-03-26,1,11,2019-03-26 09:00:00-05:00,282.02500000000003,2019-03-26 09:30:00-05:00,281.655,280.34000000000003,-40.7,long: close 281.97 > upper 281.70,exit long: close 281.68 < upper 281.81
2019-03-26,1,9,2019-03-26 10:00:00-05:00,282.135,2019-03-26 10:30:00-05:00,281.48499999999996,280.2,-58.5,long: close 282.09 > upper 281.95,exit long: close 281.53 < upper 282.05
2019-03-27,-1,17,2019-03-27 10:30:00-05:00,278.84499999999997,2019-03-27 12:44:00-05:00,279.94500000000005,279.90000000000003,-187.0,short: close 278.90 < lower 280.01,stop
2019-04-11,-1,20,2019-04-11 13:30:00-05:00,287.575,2019-04-11 14:00:00-05:00,287.83500000000004,288.48,-52.0,short: close 287.61 < lower 287.66,exit short: close 287.79 > lower 287.68
2019-04-15,-1,40,2019-04-15 09:00:00-05:00,289.765,2019-04-15 13:00:00-05:00,289.9033,290.16,-55.32,short: close 289.81 < lower 289.81,exit short: close 289.86 > lower 289.65
2019-04-17,-1,19,2019-04-17 10:00:00-05:00,289.78499999999997,2019-04-17 14:52:00-05:00,289.695,290.73,17.1,short: close 289.82 < lower 289.84,flatten
2019-04-18,-1,27,2019-04-18 09:30:00-05:00,288.935,2019-04-18 10:00:00-05:00,289.37,289.56,-117.45,short: close 288.98 < lower 289.16,exit short: close 289.33 > lower 289.04
2019-04-23,1,28,2019-04-23 09:30:00-05:00,291.555,2019-04-23 14:52:00-05:00,292.72499999999997,290.94,327.6,long: close 291.50 > upper 291.10,flatten
2019-04-25,-1,33,2019-04-25 09:30:00-05:00,291.125,2019-04-25 09:56:00-05:00,291.685,291.64,-184.8,short: close 291.18 < lower 291.67,stop
2019-04-26,-1,39,2019-04-26 09:00:00-05:00,291.46999999999997,2019-04-26 09:21:00-05:00,291.935,291.89,-181.35,short: close 291.51 < lower 291.67,stop
2019-04-29,1,26,2019-04-29 11:30:00-05:00,294.225,2019-04-29 14:00:00-05:00,294.145,293.56,-20.8,long: close 294.18 > upper 294.14,exit long: close 294.18 < upper 294.21
2019-04-30,-1,29,2019-04-30 09:00:00-05:00,292.97499999999997,2019-04-30 11:00:00-05:00,293.125,293.56,-43.5,short: close 293.03 < lower 293.06,exit short: close 293.08 > lower 292.82
2019-05-02,-1,23,2019-05-02 10:30:00-05:00,290.435,2019-05-02 12:21:00-05:00,291.245,291.2,-186.3,short: close 290.48 < lower 291.00,stop
2019-05-03,1,12,2019-05-03 11:00:00-05:00,293.61510000000004,2019-05-03 14:52:00-05:00,294.055,292.11,52.79,long: close 293.57 > upper 293.56,flatten
2019-05-07,-1,9,2019-05-07 10:00:00-05:00,288.425,2019-05-07 14:52:00-05:00,287.445,290.5,88.2,short: close 288.47 < lower 289.45,flatten
2019-05-09,-1,11,2019-05-09 09:00:00-05:00,284.53499999999997,2019-05-09 11:00:00-05:00,284.605,286.18,-7.7,short: close 284.57 < lower 284.76,exit short: close 284.56 > lower 284.38
2019-05-10,-1,15,2019-05-10 09:30:00-05:00,284.28499999999997,2019-05-10 11:30:00-05:00,284.94,285.45,-98.25,short: close 284.34 < lower 285.02,exit short: close 284.90 > lower 284.80
2019-05-13,-1,5,2019-05-13 09:30:00-05:00,281.66499999999996,2019-05-13 10:00:00-05:00,281.89500000000004,285.11,-11.5,short: close 281.72 < lower 281.78,exit short: close 281.86 > lower 281.50
2019-05-13,-1,5,2019-05-13 10:30:00-05:00,281.1837,2019-05-13 11:00:00-05:00,281.535,285.05,-17.57,short: close 281.23 < lower 281.36,exit short: close 281.50 > lower 281.43
2019-05-14,1,16,2019-05-14 09:30:00-05:00,283.485,2019-05-14 14:52:00-05:00,283.62,282.32,21.6,long: close 283.44 > upper 282.65,flatten
2019-05-15,1,9,2019-05-15 10:30:00-05:00,284.985,2019-05-15 14:52:00-05:00,285.185,282.94,18.0,long: close 284.94 > upper 284.50,flatten
2019-05-16,1,20,2019-05-16 09:00:00-05:00,287.675,2019-05-16 14:52:00-05:00,287.068,286.8,-121.4,long: close 287.63 > upper 286.32,flatten
2019-05-23,-1,10,2019-05-23 09:00:00-05:00,281.97499999999997,2019-05-23 09:30:00-05:00,282.26500000000004,283.77,-29.0,short: close 282.02 < lower 282.62,exit short: close 282.22 > lower 282.10
2019-05-23,-1,6,2019-05-23 11:00:00-05:00,281.255,2019-05-23 14:30:00-05:00,282.115,284.06,-51.6,short: close 281.29 < lower 281.61,exit short: close 282.06 > lower 281.25
2019-05-28,1,25,2019-05-28 09:00:00-05:00,283.925,2019-05-28 09:18:00-05:00,283.195,283.24,-182.5,long: close 283.88 > upper 283.64,stop
2019-05-29,-1,9,2019-05-29 11:00:00-05:00,276.955,2019-05-29 11:30:00-05:00,277.8,279.04,-76.05,short: close 277.00 < lower 277.46,exit short: close 277.76 > lower 277.65
2019-05-29,-1,9,2019-05-29 12:00:00-05:00,277.3949,2019-05-29 12:30:00-05:00,278.298,279.38,-81.28,short: close 277.43 < lower 277.57,exit short: close 278.26 > lower 277.48
2019-05-30,1,19,2019-05-30 09:00:00-05:00,279.785,2019-05-30 09:30:00-05:00,279.664,278.83,-22.99,long: close 279.74 > upper 279.68,exit long: close 279.70 < upper 280.19
2019-06-03,-1,28,2019-06-03 09:00:00-05:00,274.53499999999997,2019-06-03 09:18:00-05:00,275.185,275.14,-182.0,short: close 274.60 < lower 274.74,stop
2019-06-03,-1,14,2019-06-03 11:30:00-05:00,273.88,2019-06-03 12:25:00-05:00,275.185,275.14,-182.7,short: close 273.92 < lower 274.08,stop
2019-06-04,1,7,2019-06-04 10:30:00-05:00,279.005,2019-06-04 14:52:00-05:00,280.055,276.44,73.5,long: close 278.95 > upper 278.42,flatten
2019-06-07,1,16,2019-06-07 09:00:00-05:00,287.105,2019-06-07 14:52:00-05:00,287.60499999999996,286.0,80.0,long: close 287.05 > upper 286.44,flatten
2019-06-10,1,10,2019-06-10 11:00:00-05:00,290.745,2019-06-10 11:30:00-05:00,290.09499999999997,289.01,-65.0,long: close 290.69 > upper 290.22,exit long: close 290.15 < upper 290.21
2019-06-14,-1,26,2019-06-14 09:00:00-05:00,288.59499999999997,2019-06-14 09:30:00-05:00,288.83500000000004,289.26,-62.4,short: close 288.65 < lower 288.79,exit short: close 288.78 > lower 288.64
2019-06-18,1,13,2019-06-18 09:00:00-05:00,292.805,2019-06-18 12:30:00-05:00,292.065,291.36,-96.2,long: close 292.75 > upper 291.86,exit long: close 292.11 < upper 292.18
2019-06-18,1,10,2019-06-18 13:00:00-05:00,292.475,2019-06-18 14:30:00-05:00,292.435,290.7,-4.0,long: close 292.43 > upper 292.19,exit long: close 292.47 < upper 292.47
2019-06-25,-1,35,2019-06-25 09:00:00-05:00,293.03499999999997,2019-06-25 14:52:00-05:00,290.7549,293.5,798.03,short: close 293.07 < lower 293.19,flatten
2019-06-27,1,21,2019-06-27 09:00:00-05:00,291.83500000000004,2019-06-27 09:30:00-05:00,291.585,290.98,-52.5,long: close 291.78 > upper 291.74,exit long: close 291.62 < upper 291.89
2019-07-02,-1,29,2019-07-02 11:30:00-05:00,294.945,2019-07-02 12:00:00-05:00,295.125,295.53000000000003,-52.2,short: close 294.99 < lower 295.02,exit short: close 295.09 > lower 294.95
2019-07-03,1,19,2019-07-03 10:00:00-05:00,297.95,2019-07-03 14:53:00-05:00,298.695,297.01,141.55,long: close 297.91 > upper 297.76,flatten
2019-07-05,-1,17,2019-07-05 09:00:00-05:00,296.655,2019-07-05 10:30:00-05:00,297.055,297.7,-68.0,short: close 296.69 < lower 297.05,exit short: close 297.03 > lower 296.85
2019-07-08,-1,16,2019-07-08 09:00:00-05:00,296.53,2019-07-08 09:30:00-05:00,296.865,297.62,-53.6,short: close 296.57 < lower 296.60,exit short: close 296.82 > lower 296.42
2019-07-10,1,19,2019-07-10 09:00:00-05:00,299.435,2019-07-10 09:30:00-05:00,298.59499999999997,298.51,-159.6,long: close 299.38 > upper 298.73,exit long: close 298.64 < upper 298.90
2019-07-16,-1,30,2019-07-16 11:00:00-05:00,300.025,2019-07-16 12:30:00-05:00,300.2017,300.58,-53.01,short: close 300.07 < lower 300.14,exit short: close 300.16 > lower 299.86
2019-07-16,-1,21,2019-07-16 13:00:00-05:00,299.54499999999996,2019-07-16 14:00:00-05:00,299.84000000000003,300.38,-61.95,short: close 299.59 < lower 299.86,exit short: close 299.80 > lower 299.74
2019-07-17,-1,37,2019-07-17 09:30:00-05:00,298.995,2019-07-17 14:52:00-05:00,298.36,299.44,234.95,short: close 299.04 < lower 299.29,flatten
2019-07-22,1,27,2019-07-22 09:00:00-05:00,298.125,2019-07-22 09:23:00-05:00,297.455,297.5,-180.9,long: close 298.08 > upper 298.00,stop
2019-07-25,-1,26,2019-07-25 09:00:00-05:00,299.96,2019-07-25 09:37:00-05:00,300.675,300.63,-185.9,short: close 300.01 < lower 300.49,stop
2019-07-25,-1,25,2019-07-25 10:30:00-05:00,300.375,2019-07-25 14:52:00-05:00,299.975,301.06,100.0,short: close 300.42 < lower 300.48,flatten
2019-07-26,1,21,2019-07-26 09:00:00-05:00,301.27500000000003,2019-07-26 09:30:00-05:00,301.04499999999996,300.42,-48.3,long: close 301.23 > upper 301.22,exit long: close 301.09 < upper 301.23
2019-07-26,1,21,2019-07-26 10:30:00-05:00,301.495,2019-07-26 14:52:00-05:00,302.115,300.64,130.2,long: close 301.46 > upper 301.23,flatten
2019-07-29,-1,32,2019-07-29 09:00:00-05:00,301.08,2019-07-29 10:30:00-05:00,301.58500000000004,301.6,-161.6,short: close 301.13 < lower 301.42,exit short: close 301.53 > lower 301.38
2019-08-01,1,31,2019-08-01 09:00:00-05:00,298.70500000000004,2019-08-01 12:29:00-05:00,298.115,298.16,-182.9,long: close 298.66 > upper 298.04,stop
2019-08-01,1,24,2019-08-01 12:30:00-05:00,298.27500000000003,2019-08-01 12:34:00-05:00,297.515,297.56,-182.4,long: close 298.23 > upper 298.21,stop
2019-08-02,-1,18,2019-08-02 09:00:00-05:00,292.885,2019-08-02 14:30:00-05:00,292.885,293.89,-0.0,short: close 292.95 < lower 293.35,exit short: close 292.84 > lower 292.64
2019-08-05,-1,6,2019-08-05 09:00:00-05:00,287.245,2019-08-05 14:52:00-05:00,284.08500000000004,290.1,189.6,short: close 287.30 < lower 287.58,flatten
2019-08-06,1,8,2019-08-06 13:30:00-05:00,287.575,2019-08-06 14:00:00-05:00,286.955,285.32,-49.6,long: close 287.53 > upper 287.23,exit long: close 287.00 < upper 287.56
2019-08-07,-1,8,2019-08-07 09:00:00-05:00,283.375,2019-08-07 09:30:00-05:00,284.59000000000003,285.62,-97.2,short: close 283.42 < lower 283.85,exit short: close 284.54 > lower 283.66
2019-08-08,1,12,2019-08-08 09:30:00-05:00,290.64500000000004,2019-08-08 14:52:00-05:00,293.0817,289.13,292.4,long: close 290.60 > upper 290.34,flatten
2019-08-09,-1,14,2019-08-09 09:30:00-05:00,290.965,2019-08-09 12:30:00-05:00,291.995,292.21,-144.2,short: close 291.02 < lower 291.82,exit short: close 291.96 > lower 291.48
2019-08-12,-1,8,2019-08-12 13:00:00-05:00,288.445,2019-08-12 14:31:00-05:00,287.985,290.64,36.8,short: close 288.49 < lower 288.58,session end
2019-08-13,1,24,2019-08-13 09:00:00-05:00,292.975,2019-08-13 09:03:00-05:00,292.195,292.24,-187.2,long: close 292.97 > upper 288.58,stop
2019-08-13,1,19,2019-08-13 09:30:00-05:00,293.815,2019-08-13 09:42:00-05:00,292.84499999999997,292.89,-184.3,long: close 293.78 > upper 288.76,stop
2019-08-14,-1,5,2019-08-14 10:00:00-05:00,286.55,2019-08-14 14:52:00-05:00,284.425,290.08,106.25,short: close 286.61 < lower 286.73,flatten
2019-08-16,1,8,2019-08-16 10:00:00-05:00,289.01,2019-08-16 14:00:00-05:00,288.60499999999996,286.71,-32.4,long: close 288.97 > upper 287.89,exit long: close 288.65 < upper 288.90
2019-08-20,-1,16,2019-08-20 09:00:00-05:00,290.66499999999996,2019-08-20 09:30:00-05:00,291.325,291.8,-105.6,short: close 290.70 < lower 290.90,exit short: close 291.29 > lower 290.57
2019-08-22,-1,10,2019-08-22 10:00:00-05:00,290.53499999999997,2019-08-22 10:30:00-05:00,291.355,292.28000000000003,-82.0,short: close 290.58 < lower 291.08,exit short: close 291.31 > lower 291.01
2019-08-23,-1,9,2019-08-23 10:30:00-05:00,288.10499999999996,2019-08-23 14:52:00-05:00,284.15500000000003,290.2,355.5,short: close 288.12 < lower 289.52,flatten
2019-08-27,-1,7,2019-08-27 12:00:00-05:00,286.205,2019-08-27 12:30:00-05:00,286.90500000000003,288.71,-49.0,short: close 286.25 < lower 286.25,exit short: close 286.85 > lower 286.32
2019-08-28,1,10,2019-08-28 10:30:00-05:00,288.545,2019-08-28 11:00:00-05:00,288.45,286.68,-9.5,long: close 288.50 > upper 288.35,exit long: close 288.50 < upper 288.57
2019-08-28,1,8,2019-08-28 12:00:00-05:00,288.755,2019-08-28 12:30:00-05:00,288.35499999999996,286.56,-32.0,long: close 288.71 > upper 288.68,exit long: close 288.41 < upper 288.55
2019-09-05,1,10,2019-09-05 09:00:00-05:00,297.855,2019-09-05 11:00:00-05:00,297.825,296.02,-3.0,long: close 297.52 > upper 297.23,exit long: close 297.88 < upper 298.01
2019-09-10,-1,20,2019-09-10 09:00:00-05:00,296.275,2019-09-10 09:30:00-05:00,296.77500000000003,297.17,-100.0,short: close 296.33 < lower 296.86,exit short: close 296.74 > lower 296.70
2019-09-10,-1,15,2019-09-10 10:00:00-05:00,296.2,2019-09-10 11:00:00-05:00,296.95500000000004,297.41,-113.25,short: close 296.24 < lower 296.55,exit short: close 296.91 > lower 296.19
2019-09-11,1,13,2019-09-11 12:00:00-05:00,299.77000000000004,2019-09-11 12:30:00-05:00,299.68,298.39,-11.7,long: close 299.72 > upper 299.72,exit long: close 299.73 < upper 299.74
2019-09-12,1,15,2019-09-12 09:30:00-05:00,302.065,2019-09-12 09:50:00-05:00,300.84499999999997,300.89,-183.0,long: close 302.00 > upper 301.95,stop
2019-09-18,-1,16,2019-09-18 13:30:00-05:00,298.73499999999996,2019-09-18 14:19:00-05:00,299.915,299.87,-188.8,short: close 298.78 < lower 299.58,stop
2019-09-19,1,26,2019-09-19 09:30:00-05:00,302.26500000000004,2019-09-19 11:30:00-05:00,301.60499999999996,301.6,-171.6,long: close 302.22 > upper 301.98,exit long: close 301.66 < upper 302.08
2019-09-20,-1,17,2019-09-20 12:30:00-05:00,298.645,2019-09-20 14:52:00-05:00,298.6486,299.68,-0.61,short: close 298.68 < lower 299.67,flatten
2019-09-23,1,25,2019-09-23 11:30:00-05:00,298.625,2019-09-23 12:00:00-05:00,298.405,297.94,-55.0,long: close 298.58 > upper 298.53,exit long: close 298.45 < upper 298.63
2019-09-24,-1,16,2019-09-24 11:00:00-05:00,297.4452,2019-09-24 14:52:00-05:00,295.83500000000004,298.54,257.63,short: close 297.50 < lower 297.74,flatten
2019-09-25,-1,35,2019-09-25 09:00:00-05:00,295.155,2019-09-25 09:08:00-05:00,295.685,295.64,-185.5,short: close 295.18 < lower 295.41,stop
2019-09-25,1,17,2019-09-25 13:30:00-05:00,297.27500000000003,2019-09-25 14:52:00-05:00,297.825,296.22,93.5,long: close 297.24 > upper 296.93,flatten
2019-09-26,-1,39,2019-09-26 09:00:00-05:00,296.705,2019-09-26 09:04:00-05:00,297.165,297.12,-179.4,short: close 296.75 < lower 297.19,stop
2019-09-26,-1,41,2019-09-26 09:30:00-05:00,296.705,2019-09-26 13:00:00-05:00,296.925,297.09000000000003,-90.2,short: close 296.74 < lower 297.22,exit short: close 296.87 > lower 296.62
2019-09-27,-1,16,2019-09-27 11:30:00-05:00,296.055,2019-09-27 14:52:00-05:00,295.305,297.2,120.0,short: close 296.12 < lower 296.26,flatten
2019-09-30,1,23,2019-09-30 09:00:00-05:00,296.51500000000004,2019-09-30 09:30:00-05:00,296.26,295.76,-58.65,long: close 296.49 > upper 296.42,exit long: close 296.31 < upper 296.41
2019-09-30,1,25,2019-09-30 10:00:00-05:00,296.625,2019-09-30 14:00:00-05:00,297.025,295.92,100.0,long: close 296.57 > upper 296.36,exit long: close 297.07 < upper 297.19
2019-10-01,1,20,2019-10-01 09:00:00-05:00,298.225,2019-10-01 09:00:00-05:00,297.305,297.35,-184.0,long: close 298.19 > upper 298.17,stop
2019-10-01,-1,20,2019-10-01 09:30:00-05:00,296.16499999999996,2019-10-01 14:52:00-05:00,293.475,297.04,538.0,short: close 296.22 < lower 296.40,flatten
2019-10-02,-1,14,2019-10-02 09:00:00-05:00,289.74,2019-10-02 14:52:00-05:00,287.945,291.04,251.3,short: close 289.79 < lower 291.07,flatten
2019-10-03,-1,25,2019-10-03 09:30:00-05:00,287.03499999999997,2019-10-03 09:36:00-05:00,287.785,287.74,-187.5,short: close 287.07 < lower 287.23,stop
2019-10-03,1,11,2019-10-03 13:00:00-05:00,290.03000000000003,2019-10-03 14:30:00-05:00,289.5297,288.32,-55.03,long: close 289.98 > upper 289.64,exit long: close 289.57 < upper 289.57
2019-10-04,1,19,2019-10-04 09:00:00-05:00,292.325,2019-10-04 14:52:00-05:00,294.2,291.36,356.25,long: close 292.29 > upper 291.71,flatten
2019-10-08,-1,11,2019-10-08 09:00:00-05:00,289.615,2019-10-08 11:30:00-05:00,290.035,291.26,-46.2,short: close 289.66 < lower 290.43,exit short: close 290.00 > lower 289.58
2019-10-10,1,25,2019-10-10 09:00:00-05:00,293.235,2019-10-10 12:30:00-05:00,292.995,292.53000000000003,-60.0,long: close 293.17 > upper 291.92,exit long: close 293.05 < upper 293.06
2019-10-10,1,9,2019-10-10 13:00:00-05:00,293.445,2019-10-10 13:30:00-05:00,292.815,291.45,-56.7,long: close 293.40 > upper 293.20,exit long: close 292.87 < upper 293.08
2019-10-11,1,8,2019-10-11 09:00:00-05:00,297.33500000000004,2019-10-11 11:00:00-05:00,297.715,295.0,30.4,long: close 297.26 > upper 297.09,exit long: close 297.76 < upper 297.80
2019-10-11,1,5,2019-10-11 13:30:00-05:00,298.245,2019-10-11 14:52:00-05:00,297.29499999999996,294.86,-47.5,long: close 298.20 > upper 298.15,flatten
2019-10-15,1,12,2019-10-15 09:30:00-05:00,298.46000000000004,2019-10-15 14:52:00-05:00,299.06,296.96,72.0,long: close 298.42 > upper 298.06,flatten
2019-10-25,1,15,2019-10-25 10:00:00-05:00,301.375,2019-10-25 14:52:00-05:00,301.47499999999997,300.2,15.0,long: close 301.33 > upper 301.26,flatten
2019-10-31,-1,33,2019-10-31 09:00:00-05:00,303.22499999999997,2019-10-31 14:52:00-05:00,302.605,303.73,204.6,short: close 303.28 < lower 303.62,flatten
2019-11-01,1,13,2019-11-01 09:30:00-05:00,305.63,2019-11-01 10:00:00-05:00,305.585,304.22,-5.85,long: close 305.59 > upper 305.50,exit long: close 305.63 < upper 305.69
2019-11-01,1,11,2019-11-01 13:00:00-05:00,305.89500000000004,2019-11-01 14:52:00-05:00,305.55,304.24,-37.95,long: close 305.85 > upper 305.74,flatten
2019-11-07,1,13,2019-11-07 10:00:00-06:00,309.245,2019-11-07 10:30:00-06:00,308.905,307.91,-44.2,long: close 309.21 > upper 309.21,exit long: close 308.96 < upper 309.23
2019-11-07,1,13,2019-11-07 11:00:00-06:00,309.43,2019-11-07 11:30:00-06:00,309.075,308.01,-46.15,long: close 309.38 > upper 309.28,exit long: close 309.12 < upper 309.41
2019-11-08,-1,27,2019-11-08 09:00:00-06:00,307.28499999999997,2019-11-08 09:20:00-06:00,307.975,307.93,-186.3,short: close 307.32 < lower 307.36,stop
2019-11-12,1,26,2019-11-12 09:00:00-06:00,309.505,2019-11-12 11:00:00-06:00,309.34499999999997,308.83,-41.6,long: close 309.45 > upper 309.24,exit long: close 309.38 < upper 309.49
2019-11-19,-1,20,2019-11-19 10:00:00-06:00,311.315,2019-11-19 10:30:00-06:00,311.89500000000004,312.2,-116.0,short: close 311.36 < lower 311.45,exit short: close 311.84 > lower 311.47
2019-11-20,-1,19,2019-11-20 12:00:00-06:00,310.125,2019-11-20 14:52:00-06:00,310.65000000000003,311.08,-99.75,short: close 310.17 < lower 310.63,flatten
2019-11-21,-1,37,2019-11-21 09:00:00-06:00,310.255,2019-11-21 12:00:00-06:00,310.545,310.7,-107.3,short: close 310.29 < lower 310.39,exit short: close 310.50 > lower 310.20
2019-11-25,1,20,2019-11-25 09:00:00-06:00,312.75,2019-11-25 14:52:00-06:00,313.055,311.86,61.0,long: close 312.71 > upper 312.38,flatten
2019-11-26,1,30,2019-11-26 11:30:00-06:00,314.165,2019-11-26 12:00:00-06:00,313.99,313.6,-52.5,long: close 314.12 > upper 313.94,exit long: close 314.03 < upper 314.04
2019-11-27,1,19,2019-11-27 12:30:00-06:00,315.3191,2019-11-27 14:52:00-06:00,315.255,314.38,-12.18,long: close 315.27 > upper 315.25,flatten
2019-12-02,-1,37,2019-12-02 09:00:00-06:00,313.025,2019-12-02 14:52:00-06:00,311.922,313.47,408.11,short: close 313.10 < lower 314.10,flatten
2019-12-03,-1,9,2019-12-03 09:00:00-06:00,308.10499999999996,2019-12-03 10:00:00-06:00,308.01500000000004,310.04,8.1,short: close 308.15 < lower 308.19,exit short: close 307.98 > lower 307.95
2019-12-04,1,17,2019-12-04 09:00:00-06:00,311.695,2019-12-04 14:52:00-06:00,311.69,310.64,-0.85,long: close 311.67 > upper 311.15,flatten
2019-12-06,1,12,2019-12-06 09:00:00-06:00,314.675,2019-12-06 09:30:00-06:00,314.615,313.14,-7.2,long: close 314.64 > upper 314.61,exit long: close 314.66 < upper 314.77
2019-12-06,1,10,2019-12-06 10:00:00-06:00,314.96500000000003,2019-12-06 14:52:00-06:00,314.78499999999997,313.19,-18.0,long: close 314.92 > upper 314.85,flatten
2019-12-12,1,31,2019-12-12 09:00:00-06:00,316.89500000000004,2019-12-12 10:30:00-06:00,316.315,316.36,-179.8,long: close 316.85 > upper 314.96,stop
2019-12-12,1,24,2019-12-12 11:00:00-06:00,316.21500000000003,2019-12-12 11:23:00-06:00,315.455,315.5,-182.4,long: close 316.16 > upper 315.14,stop
2019-12-16,1,11,2019-12-16 11:00:00-06:00,320.05,2019-12-16 12:00:00-06:00,319.93,318.35,-13.2,long: close 320.00 > upper 319.93,exit long: close 319.98 < upper 320.02
2019-12-16,1,10,2019-12-16 12:30:00-06:00,320.02000000000004,2019-12-16 13:30:00-06:00,319.685,318.29,-33.5,long: close 319.97 > upper 319.96,exit long: close 319.73 < upper 319.92
2019-12-19,1,22,2019-12-19 11:00:00-06:00,320.545,2019-12-19 12:00:00-06:00,320.495,319.74,-11.0,long: close 320.51 > upper 320.49,exit long: close 320.54 < upper 320.57
2019-12-19,1,21,2019-12-19 12:30:00-06:00,320.685,2019-12-19 14:52:00-06:00,320.56,319.86,-26.25,long: close 320.63 > upper 320.51,flatten
2019-12-26,1,21,2019-12-26 10:00:00-06:00,322.33500000000004,2019-12-26 11:30:00-06:00,322.005,321.48,-69.3,long: close 322.29 > upper 322.26,exit long: close 322.06 < upper 322.20
2019-12-26,1,22,2019-12-26 12:30:00-06:00,322.36,2019-12-26 14:00:00-06:00,322.155,321.56,-45.1,long: close 322.32 > upper 322.21,exit long: close 322.20 < upper 322.24
2019-12-30,-1,29,2019-12-30 09:00:00-06:00,321.4255,2019-12-30 11:50:00-06:00,322.065,322.02,-185.45,short: close 321.47 < lower 322.32,stop
2019-12-30,-1,32,2019-12-30 12:00:00-06:00,321.78499999999997,2019-12-30 14:52:00-06:00,321.0084,322.31,248.51,short: close 321.83 < lower 322.38,flatten
2020-01-06,1,11,2020-01-06 13:30:00-06:00,323.1,2020-01-06 14:00:00-06:00,322.955,321.52,-15.95,long: close 323.06 > upper 323.05,exit long: close 322.99 < upper 323.09
2020-01-08,1,24,2020-01-08 09:00:00-06:00,323.77500000000003,2020-01-08 09:30:00-06:00,323.365,323.04,-98.4,long: close 323.71 > upper 323.58,exit long: close 323.41 < upper 323.58
2020-01-08,1,25,2020-01-08 10:30:00-06:00,324.075,2020-01-08 14:52:00-06:00,324.585,323.36,127.5,long: close 324.03 > upper 323.56,flatten
2020-01-13,1,16,2020-01-13 11:00:00-06:00,327.315,2020-01-13 14:30:00-06:00,327.325,326.15000000000003,1.6,long: close 327.27 > upper 327.21,exit long: close 327.37 < upper 327.41
2020-01-15,1,24,2020-01-15 09:00:00-06:00,328.65500000000003,2020-01-15 12:00:00-06:00,328.115,327.94,-129.6,long: close 328.59 > upper 328.11,exit long: close 328.16 < upper 328.27
2020-01-15,1,19,2020-01-15 13:30:00-06:00,328.685,2020-01-15 14:00:00-06:00,328.215,327.74,-89.3,long: close 328.63 > upper 328.34,exit long: close 328.25 < upper 328.40
2020-01-23,-1,17,2020-01-23 10:30:00-06:00,329.635,2020-01-23 11:00:00-06:00,330.20500000000004,330.7,-96.9,short: close 329.68 < lower 329.95,exit short: close 330.17 > lower 329.78
2020-01-24,-1,21,2020-01-24 09:30:00-06:00,330.935,2020-01-24 14:52:00-06:00,328.435,331.76,525.0,short: close 330.98 < lower 331.26,flatten
2020-01-28,1,15,2020-01-28 09:30:00-06:00,326.385,2020-01-28 14:52:00-06:00,327.005,325.16,93.0,long: close 326.36 > upper 325.51,flatten
2020-01-30,-1,11,2020-01-30 10:00:00-06:00,323.685,2020-01-30 10:30:00-06:00,324.985,325.38,-143.0,short: close 323.72 < lower 323.80,exit short: close 324.94 > lower 323.66
2020-01-31,-1,22,2020-01-31 09:00:00-06:00,325.98499999999996,2020-01-31 14:52:00-06:00,321.665,326.79,950.4,short: close 326.05 < lower 326.52,flatten
2020-02-03,1,13,2020-02-03 09:00:00-06:00,325.21500000000003,2020-02-03 10:43:00-06:00,323.835,323.88,-179.4,long: close 325.16 > upper 323.89,stop
2020-02-03,1,9,2020-02-03 11:30:00-06:00,324.605,2020-02-03 12:30:00-06:00,324.175,322.66,-38.7,long: close 324.56 > upper 324.49,exit long: close 324.21 < upper 324.46
2020-02-04,1,7,2020-02-04 09:00:00-06:00,328.795,2020-02-04 10:00:00-06:00,328.91499999999996,326.18,8.4,long: close 328.73 > upper 328.73,exit long: close 328.97 < upper 328.97
2020-02-04,1,6,2020-02-04 10:30:00-06:00,329.435,2020-02-04 14:52:00-06:00,329.18,326.42,-15.3,long: close 329.39 > upper 329.13,flatten
2020-02-10,1,13,2020-02-10 10:00:00-06:00,333.365,2020-02-10 11:30:00-06:00,333.10499999999996,331.96,-33.8,long: close 333.32 > upper 333.13,exit long: close 333.15 < upper 333.43
2020-02-18,-1,12,2020-02-18 11:00:00-06:00,335.215,2020-02-18 11:30:00-06:00,335.845,336.78000000000003,-75.6,short: close 335.25 < lower 335.49,exit short: close 335.80 > lower 335.44
2020-02-19,1,12,2020-02-19 12:30:00-06:00,338.805,2020-02-19 13:00:00-06:00,338.59499999999997,337.34000000000003,-25.2,long: close 338.75 > upper 338.69,exit long: close 338.64 < upper 338.81
2020-02-20,-1,14,2020-02-20 10:30:00-06:00,335.925,2020-02-20 14:00:00-06:00,336.75,337.26,-115.5,short: close 335.97 < lower 336.70,exit short: close 336.70 > lower 336.47
2020-02-21,-1,13,2020-02-21 09:00:00-06:00,334.04499999999996,2020-02-21 11:00:00-06:00,334.45500000000004,335.40000000000003,-53.3,short: close 334.10 < lower 334.87,exit short: close 334.41 > lower 334.38
2020-02-21,-1,9,2020-02-21 11:30:00-06:00,334.10999999999996,2020-02-21 14:52:00-06:00,333.685,336.05,38.25,short: close 334.17 < lower 334.29,flatten
2020-02-25,-1,12,2020-02-25 09:30:00-06:00,320.22499999999997,2020-02-25 14:52:00-06:00,312.535,321.71,922.8,short: close 320.26 < lower 321.68,flatten
2020-02-26,1,13,2020-02-26 09:00:00-06:00,315.555,2020-02-26 11:05:00-06:00,314.135,314.18,-184.6,long: close 315.52 > upper 314.83,stop
2020-02-26,-1,8,2020-02-26 13:00:00-06:00,311.04499999999996,2020-02-26 13:30:00-06:00,312.255,313.18,-96.8,short: close 311.10 < lower 311.31,exit short: close 312.18 > lower 311.15
2020-02-27,-1,4,2020-02-27 09:30:00-06:00,302.505,2020-02-27 10:00:00-06:00,305.575,306.5,-122.8,short: close 302.56 < lower 304.52,exit short: close 305.53 > lower 304.38
2020-02-28,-1,3,2020-02-28 09:00:00-06:00,287.515,2020-02-28 10:00:00-06:00,290.005,292.6,-74.7,short: close 287.57 < lower 288.04,exit short: close 289.95 > lower 287.70
2020-03-02,1,7,2020-03-02 10:30:00-06:00,301.64500000000004,2020-03-02 13:43:00-06:00,299.145,299.19,-175.0,long: close 301.60 > upper 299.64,stop
2020-03-03,-1,18,2020-03-03 09:00:00-06:00,305.895,2020-03-03 09:00:00-06:00,306.925,306.88,-185.4,short: close 305.94 < lower 308.30,stop
2020-03-03,-1,10,2020-03-03 10:30:00-06:00,303.315,2020-03-03 10:35:00-06:00,305.165,305.12,-185.0,short: close 303.35 < lower 307.48,stop
2020-03-04,1,3,2020-03-04 12:30:00-06:00,308.935,2020-03-04 14:52:00-06:00,312.41499999999996,303.92,104.4,long: close 308.88 > upper 308.26,flatten
2020-03-05,-1,3,2020-03-05 12:00:00-06:00,302.435,2020-03-05 12:30:00-06:00,303.125,308.44,-20.7,short: close 302.48 < lower 302.57,exit short: close 303.08 > lower 302.65
2020-03-05,-1,3,2020-03-05 13:30:00-06:00,301.365,2020-03-05 14:00:00-06:00,302.40500000000003,307.36,-31.2,short: close 301.44 < lower 302.30,exit short: close 302.32 > lower 302.23
2020-03-11,-1,3,2020-03-11 10:00:00-05:00,278.48499999999996,2020-03-11 11:00:00-05:00,277.995,284.32,14.7,short: close 278.50 < lower 278.76,exit short: close 277.94 > lower 277.90
2020-03-11,-1,3,2020-03-11 12:00:00-05:00,276.445,2020-03-11 14:52:00-05:00,273.575,282.44,86.1,short: close 276.52 < lower 277.66,flatten
2020-03-12,-1,3,2020-03-12 11:00:00-05:00,252.745,2020-03-12 11:57:00-05:00,258.785,258.74,-181.2,short: close 252.81 < lower 253.39,stop
2020-03-17,1,3,2020-03-17 11:00:00-05:00,251.08999999999997,2020-03-17 12:17:00-05:00,245.04500000000002,245.09,-181.35,long: close 251.03 > upper 249.05,stop
2020-03-17,1,3,2020-03-17 13:00:00-05:00,249.605,2020-03-17 14:30:00-05:00,247.995,243.89000000000001,-48.3,long: close 249.62 > upper 247.97,exit long: close 248.05 < upper 248.19
2020-03-18,-1,3,2020-03-18 12:30:00-05:00,232.91500000000002,2020-03-18 14:00:00-05:00,235.14499999999998,238.92000000000002,-66.9,short: close 232.97 < lower 233.08,exit short: close 235.09 > lower 232.71
2020-03-19,1,4,2020-03-19 13:00:00-05:00,244.52499999999998,2020-03-19 13:30:00-05:00,244.155,240.36,-14.8,long: close 244.47 > upper 244.31,exit long: close 244.17 < upper 245.07
2020-03-20,-1,4,2020-03-20 11:30:00-05:00,235.25500000000002,2020-03-20 12:11:00-05:00,239.745,239.70000000000002,-179.6,short: close 235.31 < lower 237.40,stop
2020-03-20,-1,4,2020-03-20 12:30:00-05:00,237.28500000000003,2020-03-20 13:00:00-05:00,237.88,241.31,-23.8,short: close 237.38 < lower 237.83,exit short: close 237.83 > lower 237.58
2020-03-23,-1,6,2020-03-23 10:00:00-05:00,223.47500000000002,2020-03-23 11:49:00-05:00,226.64499999999998,226.6,-190.2,short: close 223.54 < lower 225.44,stop
2020-03-23,-1,5,2020-03-23 13:00:00-05:00,222.91500000000002,2020-03-23 13:30:00-05:00,223.92499999999998,226.76,-50.5,short: close 222.95 < lower 224.72,exit short: close 223.86 > lower 223.76
2020-03-24,1,3,2020-03-24 09:30:00-05:00,238.515,2020-03-24 10:00:00-05:00,237.435,232.51,-32.4,long: close 238.45 > upper 236.83,exit long: close 237.46 < upper 237.54
2020-03-24,1,3,2020-03-24 11:00:00-05:00,240.475,2020-03-24 13:00:00-05:00,237.19500000000002,234.48000000000002,-98.4,long: close 240.43 > upper 239.35,exit long: close 237.25 < upper 237.87
2020-03-25,1,3,2020-03-25 11:30:00-05:00,249.77499999999998,2020-03-25 14:52:00-05:00,247.25500000000002,244.3,-75.6,long: close 249.74 > upper 249.71,flatten
2020-03-26,1,4,2020-03-26 09:00:00-05:00,253.755,2020-03-26 14:52:00-05:00,260.685,249.36,277.2,long: close 253.71 > upper 252.56,flatten
2020-04-02,1,5,2020-04-02 09:30:00-05:00,249.065,2020-04-02 10:30:00-05:00,249.155,245.76,4.5,long: close 249.05 > upper 248.97,exit long: close 249.22 < upper 251.09
2020-04-02,1,4,2020-04-02 12:00:00-05:00,251.045,2020-04-02 12:30:00-05:00,247.955,246.42000000000002,-123.6,long: close 250.98 > upper 250.30,exit long: close 248.00 < upper 250.15
2020-04-03,-1,4,2020-04-03 12:30:00-05:00,246.645,2020-04-03 13:30:00-05:00,246.86499999999998,251.22,-8.8,short: close 246.70 < lower 246.76,exit short: close 246.82 > lower 245.85
2020-04-06,1,3,2020-04-06 12:00:00-05:00,262.43,2020-04-06 13:30:00-05:00,261.615,256.43,-24.45,long: close 262.38 > upper 261.75,exit long: close 261.67 < upper 262.76
2020-04-08,1,3,2020-04-08 13:30:00-05:00,272.86,2020-04-08 14:00:00-05:00,273.72499999999997,266.87,25.95,long: close 272.79 > upper 272.53,exit long: close 273.75 < upper 273.92
2020-04-09,1,5,2020-04-09 09:00:00-05:00,280.555,2020-04-09 09:23:00-05:00,277.115,277.16,-172.0,long: close 280.51 > upper 279.24,stop
2020-04-13,-1,8,2020-04-13 09:00:00-05:00,274.10499999999996,2020-04-13 11:00:00-05:00,273.64500000000004,276.24,36.8,short: close 274.15 < lower 275.56,exit short: close 273.62 > lower 273.24
2020-04-13,-1,4,2020-04-13 12:30:00-05:00,272.865,2020-04-13 13:00:00-05:00,274.125,277.42,-50.4,short: close 272.90 < lower 273.14,exit short: close 274.08 > lower 273.07
2020-04-14,1,4,2020-04-14 09:00:00-05:00,282.90500000000003,2020-04-14 09:30:00-05:00,282.965,278.48,2.4,long: close 282.84 > upper 282.70,exit long: close 283.02 < upper 283.54
2020-04-21,-1,4,2020-04-21 10:00:00-05:00,274.115,2020-04-21 12:30:00-05:00,274.535,278.86,-16.8,short: close 274.18 < lower 274.45,exit short: close 274.47 > lower 274.23
2020-04-21,-1,4,2020-04-21 13:00:00-05:00,273.97499999999997,2020-04-21 13:30:00-05:00,275.005,278.87,-41.2,short: close 274.02 < lower 274.30,exit short: close 274.93 > lower 274.34
2020-04-23,1,7,2020-04-23 09:30:00-05:00,282.485,2020-04-23 11:00:00-05:00,282.265,279.98,-15.4,long: close 282.44 > upper 282.35,exit long: close 282.29 < upper 282.96
2020-04-29,1,3,2020-04-29 12:00:00-05:00,293.995,2020-04-29 14:52:00-05:00,293.615,289.0,-11.4,long: close 293.94 > upper 293.67,flatten
2020-04-30,-1,7,2020-04-30 11:00:00-05:00,289.53999999999996,2020-04-30 12:00:00-05:00,290.005,292.26,-32.55,short: close 289.60 < lower 289.73,exit short: close 289.98 > lower 289.69
2020-04-30,-1,7,2020-04-30 12:30:00-05:00,289.705,2020-04-30 14:30:00-05:00,290.595,292.33,-62.3,short: close 289.76 < lower 289.82,exit short: close 290.56 > lower 290.00
2020-05-01,-1,4,2020-05-01 11:00:00-05:00,282.675,2020-05-01 14:52:00-05:00,282.02000000000004,287.18,26.2,short: close 282.72 < lower 283.37,flatten
2020-05-05,1,8,2020-05-05 09:00:00-05:00,288.20500000000004,2020-05-05 09:30:00-05:00,287.455,285.93,-60.0,long: close 288.15 > upper 287.44,exit long: close 287.51 < upper 287.68
2020-05-05,1,6,2020-05-05 10:30:00-05:00,288.565,2020-05-05 11:30:00-05:00,288.745,285.34000000000003,10.8,long: close 288.52 > upper 288.38,exit long: close 288.77 < upper 288.79
2020-05-07,1,7,2020-05-07 09:00:00-05:00,288.675,2020-05-07 09:30:00-05:00,287.97499999999997,286.1,-49.0,long: close 288.63 > upper 288.59,exit long: close 288.02 < upper 288.73
2020-05-12,-1,8,2020-05-12 12:30:00-05:00,290.755,2020-05-12 13:00:00-05:00,291.5192,292.98,-61.14,short: close 290.80 < lower 290.95,exit short: close 291.48 > lower 290.87
2020-05-12,-1,8,2020-05-12 13:30:00-05:00,290.79499999999996,2020-05-12 14:00:00-05:00,291.08500000000004,292.99,-23.2,short: close 290.85 < lower 290.98,exit short: close 291.04 > lower 290.55
2020-05-13,-1,16,2020-05-13 09:00:00-05:00,284.79499999999996,2020-05-13 09:05:00-05:00,285.985,285.94,-190.4,short: close 284.85 < lower 285.19,stop
2020-05-13,-1,13,2020-05-13 10:00:00-05:00,284.715,2020-05-13 14:52:00-05:00,281.555,286.12,410.8,short: close 284.75 < lower 284.92,flatten
2020-05-14,-1,8,2020-05-14 09:00:00-05:00,276.84499999999997,2020-05-14 09:38:00-05:00,279.105,279.06,-180.8,short: close 276.89 < lower 278.09,stop
2020-05-18,1,4,2020-05-18 10:00:00-05:00,294.57,2020-05-18 11:30:00-05:00,294.965,290.16,15.8,long: close 294.53 > upper 294.07,exit long: close 295.00 < upper 295.35
2020-05-18,1,3,2020-05-18 12:30:00-05:00,295.82,2020-05-18 14:30:00-05:00,295.74,289.99,-2.4,long: close 295.77 > upper 295.51,exit long: close 295.78 < upper 295.82
2020-05-20,1,7,2020-05-20 09:30:00-05:00,297.365,2020-05-20 11:30:00-05:00,296.84999999999997,294.7,-36.05,long: close 297.31 > upper 296.60,exit long: close 296.89 < upper 297.85
2020-05-21,-1,20,2020-05-21 10:00:00-05:00,295.78,2020-05-21 11:30:00-05:00,295.415,296.68,73.0,short: close 295.83 < lower 295.97,exit short: close 295.38 > lower 294.84
2020-05-22,-1,18,2020-05-22 10:00:00-05:00,293.385,2020-05-22 10:30:00-05:00,293.76500000000004,294.36,-68.4,short: close 293.46 < lower 293.69,exit short: close 293.72 > lower 293.17
2020-05-27,-1,8,2020-05-27 10:00:00-05:00,297.98499999999996,2020-05-27 10:30:00-05:00,298.975,300.35,-79.2,short: close 298.04 < lower 298.26,exit short: close 298.93 > lower 297.77
2020-05-29,-1,16,2020-05-29 09:30:00-05:00,301.525,2020-05-29 10:30:00-05:00,301.415,302.64,17.6,short: close 301.56 < lower 301.60,exit short: close 301.36 > lower 300.98
2020-06-05,1,4,2020-06-05 10:00:00-05:00,319.21500000000003,2020-06-05 14:52:00-05:00,318.895,314.98,-12.8,long: close 319.15 > upper 318.54,flatten
2020-06-08,1,10,2020-06-08 13:00:00-05:00,321.815,2020-06-08 14:52:00-05:00,323.005,319.90000000000003,119.0,long: close 321.76 > upper 321.65,flatten
2020-06-10,-1,16,2020-06-10 09:30:00-05:00,318.965,2020-06-10 10:30:00-05:00,319.695,320.09000000000003,-116.8,short: close 319.04 < lower 319.99,exit short: close 319.64 > lower 319.32
2020-06-11,-1,4,2020-06-11 09:30:00-05:00,310.13,2020-06-11 14:52:00-05:00,300.64500000000004,314.77,379.4,short: close 310.18 < lower 310.61,flatten
2020-06-12,-1,3,2020-06-12 13:00:00-05:00,298.835,2020-06-12 13:30:00-05:00,301.185,304.35,-70.5,short: close 298.88 < lower 298.93,exit short: close 301.08 > lower 299.11
2020-06-15,1,3,2020-06-15 13:30:00-05:00,307.96500000000003,2020-06-15 14:30:00-05:00,305.815,302.86,-64.5,long: close 307.90 > upper 306.27,exit long: close 305.90 < upper 306.53
2020-06-17,-1,11,2020-06-17 09:30:00-05:00,311.60499999999996,2020-06-17 09:55:00-05:00,313.255,313.21,-181.5,short: close 311.66 < lower 311.89,stop
2020-06-19,-1,5,2020-06-19 11:30:00-05:00,309.15999999999997,2020-06-19 12:00:00-05:00,310.475,312.47,-65.75,short: close 309.21 < lower 309.65,exit short: close 310.42 > lower 309.48
2020-06-19,-1,5,2020-06-19 12:30:00-05:00,308.84499999999997,2020-06-19 14:00:00-05:00,309.475,312.56,-31.5,short: close 308.91 < lower 309.25,exit short: close 309.42 > lower 308.78
2020-06-24,-1,9,2020-06-24 09:00:00-05:00,307.705,2020-06-24 14:52:00-05:00,303.90500000000003,309.62,342.0,short: close 307.75 < lower 309.02,flatten
2020-06-26,-1,12,2020-06-26 09:00:00-05:00,305.185,2020-06-26 14:52:00-05:00,300.365,306.68,578.4,short: close 305.23 < lower 305.25,flatten
2020-06-30,1,7,2020-06-30 11:00:00-05:00,306.83500000000004,2020-06-30 11:30:00-05:00,307.155,304.32,22.4,long: close 306.79 > upper 306.73,exit long: close 307.20 < upper 307.46
2020-07-02,1,6,2020-07-02 09:00:00-05:00,315.43,2020-07-02 09:30:00-05:00,313.567,312.64,-111.78,long: close 315.37 > upper 315.20,exit long: close 313.61 < upper 315.68
2020-07-08,1,14,2020-07-08 09:00:00-05:00,316.14500000000004,2020-07-08 09:30:00-05:00,315.205,314.84000000000003,-131.6,long: close 316.10 > upper 315.48,exit long: close 315.25 < upper 315.92
2020-07-09,-1,9,2020-07-09 10:00:00-05:00,311.905,2020-07-09 12:01:00-05:00,313.935,313.89,-182.7,short: close 311.94 < lower 314.49,stop
2020-07-09,-1,7,2020-07-09 12:30:00-05:00,313.87,2020-07-09 13:30:00-05:00,314.595,316.35,-50.75,short: close 313.91 < lower 314.00,exit short: close 314.54 > lower 314.00
2020-07-13,1,5,2020-07-13 10:30:00-05:00,322.29,2020-07-13 11:00:00-05:00,321.685,319.02,-30.25,long: close 322.24 > upper 322.15,exit long: close 321.72 < upper 321.99
2020-07-13,1,6,2020-07-13 12:30:00-05:00,322.31,2020-07-13 13:00:00-05:00,321.865,319.07,-26.7,long: close 322.26 > upper 322.12,exit long: close 321.92 < upper 322.24
2020-07-14,1,7,2020-07-14 13:30:00-05:00,317.285,2020-07-14 14:52:00-05:00,319.03499999999997,314.8,122.5,long: close 317.24 > upper 316.52,flatten
2020-07-20,1,17,2020-07-20 09:30:00-05:00,322.685,2020-07-20 10:00:00-05:00,322.445,321.64,-40.8,long: close 322.63 > upper 322.60,exit long: close 322.49 < upper 323.04
2020-07-20,1,13,2020-07-20 12:00:00-05:00,323.075,2020-07-20 14:52:00-05:00,324.815,321.64,226.2,long: close 323.02 > upper 322.99,flatten
2020-07-22,1,24,2020-07-22 09:00:00-05:00,325.76500000000004,2020-07-22 09:30:00-05:00,325.26,325.04,-121.2,long: close 325.71 > upper 325.52,exit long: close 325.30 < upper 325.88
2020-07-23,-1,14,2020-07-23 12:00:00-05:00,325.205,2020-07-23 14:52:00-05:00,321.83500000000004,326.51,471.8,short: close 325.27 < lower 325.33,flatten
2020-07-27,1,19,2020-07-27 09:00:00-05:00,322.665,2020-07-27 10:00:00-05:00,322.54499999999996,321.72,-22.8,long: close 322.62 > upper 322.20,exit long: close 322.60 < upper 322.70
2020-07-29,1,18,2020-07-29 09:00:00-05:00,322.855,2020-07-29 14:52:00-05:00,324.78499999999997,321.88,347.4,long: close 322.81 > upper 322.64,flatten
2020-07-30,-1,9,2020-07-30 09:00:00-05:00,320.085,2020-07-30 10:00:00-05:00,321.46500000000003,322.2,-124.2,short: close 320.13 < lower 321.38,exit short: close 321.40 > lower 321.13
2020-07-31,-1,10,2020-07-31 09:30:00-05:00,322.69489999999996,2020-07-31 10:00:00-05:00,323.365,324.43,-67.01,short: close 322.74 < lower 323.21,exit short: close 323.30 > lower 323.23
2020-07-31,-1,9,2020-07-31 11:30:00-05:00,322.84499999999997,2020-07-31 12:30:00-05:00,322.76500000000004,324.85,7.2,short: close 322.88 < lower 322.93,exit short: close 322.73 > lower 322.70
2020-08-06,1,11,2020-08-06 13:30:00-05:00,333.67510000000004,2020-08-06 14:52:00-05:00,334.075,331.99,43.99,long: close 333.63 > upper 333.47,flatten
2020-08-10,-1,17,2020-08-10 10:00:00-05:00,333.145,2020-08-10 10:18:00-05:00,334.26500000000004,334.22,-190.4,short: close 333.20 < lower 333.73,stop
2020-08-12,1,9,2020-08-12 09:00:00-05:00,336.435,2020-08-12 14:52:00-05:00,337.585,334.44,103.5,long: close 336.39 > upper 336.13,flatten
2020-08-18,-1,16,2020-08-18 09:30:00-05:00,336.755,2020-08-18 10:00:00-05:00,337.815,337.86,-169.6,short: close 336.80 < lower 337.00,exit short: close 337.77 > lower 336.90
2020-08-26,1,18,2020-08-26 10:30:00-05:00,345.485,2020-08-26 14:52:00-05:00,347.465,344.48,356.4,long: close 345.45 > upper 345.43,flatten
2020-08-27,1,18,2020-08-27 09:00:00-05:00,349.305,2020-08-27 09:06:00-05:00,348.275,348.32,-185.4,long: close 349.26 > upper 349.02,stop
2020-08-27,1,16,2020-08-27 09:30:00-05:00,349.255,2020-08-27 10:30:00-05:00,348.935,348.12,-51.2,long: close 349.21 > upper 349.18,exit long: close 348.97 < upper 349.27
2020-08-31,-1,22,2020-08-31 10:30:00-05:00,349.445,2020-08-31 10:45:00-05:00,350.285,350.24,-184.8,short: close 349.47 < lower 349.64,stop
2020-09-01,1,16,2020-09-01 09:30:00-05:00,351.435,2020-09-01 10:00:00-05:00,350.625,350.32,-129.6,long: close 351.38 > upper 350.89,exit long: close 350.66 < upper 351.02
2020-09-01,1,14,2020-09-01 12:00:00-05:00,351.24600000000004,2020-09-01 14:52:00-05:00,351.715,349.96,65.66,long: close 351.21 > upper 351.07,flatten
2020-09-02,1,10,2020-09-02 11:30:00-05:00,355.475,2020-09-02 14:52:00-05:00,358.145,353.68,267.0,long: close 355.42 > upper 355.41,flatten
2020-09-03,-1,12,2020-09-03 09:30:00-05:00,352.695,2020-09-03 14:52:00-05:00,343.9767,354.2,1046.2,short: close 352.74 < lower 355.26,flatten
2020-09-04,-1,23,2020-09-04 09:00:00-05:00,343.505,2020-09-04 09:01:00-05:00,344.305,344.26,-184.0,short: close 343.56 < lower 345.02,stop
2020-09-04,-1,16,2020-09-04 09:30:00-05:00,339.195,2020-09-04 11:28:00-05:00,340.38500000000005,340.34000000000003,-190.4,short: close 339.23 < lower 344.62,stop
2020-09-09,1,7,2020-09-09 09:00:00-05:00,338.20500000000004,2020-09-09 14:52:00-05:00,340.495,335.51,160.3,long: close 338.16 > upper 338.10,flatten
2020-09-10,-1,6,2020-09-10 13:30:00-05:00,334.215,2020-09-10 14:52:00-05:00,334.625,337.44,-24.6,short: close 334.28 < lower 337.57,flatten
2020-09-11,-1,6,2020-09-11 12:30:00-05:00,331.655,2020-09-11 13:30:00-05:00,332.45500000000004,334.7,-48.0,short: close 331.70 < lower 331.84,exit short: close 332.41 > lower 331.44
2020-09-14,1,8,2020-09-14 09:00:00-05:00,338.99,2020-09-14 12:00:00-05:00,339.525,336.73,42.8,long: close 338.94 > upper 338.05,exit long: close 339.58 < upper 339.69
2020-09-18,-1,18,2020-09-18 09:00:00-05:00,333.87,2020-09-18 09:16:00-05:00,334.89500000000004,334.85,-184.5,short: close 333.91 < lower 334.64,stop
2020-09-18,-1,9,2020-09-18 10:00:00-05:00,332.72499999999997,2020-09-18 14:52:00-05:00,330.735,334.78000000000003,179.1,short: close 332.78 < lower 333.56,flatten
2020-09-21,-1,4,2020-09-21 09:30:00-05:00,322.655,2020-09-21 11:30:00-05:00,324.315,326.62,-66.4,short: close 322.71 < lower 324.24,exit short: close 324.25 > lower 323.74
2020-09-21,-1,4,2020-09-21 12:00:00-05:00,323.22499999999997,2020-09-21 12:30:00-05:00,324.445,328.14,-48.8,short: close 323.27 < lower 323.30,exit short: close 324.39 > lower 323.02
2020-09-23,-1,7,2020-09-23 11:00:00-05:00,327.465,2020-09-23 12:00:00-05:00,328.695,329.94,-86.1,short: close 327.51 < lower 328.14,exit short: close 328.66 > lower 327.71
2020-09-23,-1,6,2020-09-23 13:00:00-05:00,326.955,2020-09-23 14:52:00-05:00,322.315,330.06,278.4,short: close 326.99 < lower 327.52,flatten
2020-09-24,1,5,2020-09-24 12:30:00-05:00,326.365,2020-09-24 13:30:00-05:00,324.495,322.86,-93.5,long: close 326.31 > upper 325.45,exit long: close 324.54 < upper 325.91
2020-09-25,1,6,2020-09-25 12:30:00-05:00,326.2369,2020-09-25 14:52:00-05:00,328.34499999999997,323.18,126.49,long: close 326.21 > upper 326.11,flatten
2020-09-29,-1,10,2020-09-29 11:00:00-05:00,332.115,2020-09-29 12:00:00-05:00,332.74,334.0,-62.5,short: close 332.15 < lower 332.19,exit short: close 332.69 > lower 331.68
2020-09-30,1,15,2020-09-30 09:00:00-05:00,335.105,2020-09-30 14:17:00-05:00,333.835,333.88,-190.5,long: close 335.07 > upper 333.96,stop
2020-10-05,1,7,2020-10-05 09:30:00-05:00,337.70500000000004,2020-10-05 13:00:00-05:00,337.805,335.16,7.0,long: close 337.65 > upper 337.51,exit long: close 337.85 < upper 338.45
2020-10-07,1,4,2020-10-07 13:30:00-05:00,341.245,2020-10-07 14:52:00-05:00,341.085,337.0,-6.4,long: close 341.21 > upper 340.78,flatten
2020-10-12,1,6,2020-10-12 10:30:00-05:00,351.785,2020-10-12 14:52:00-05:00,352.34499999999997,348.76,33.6,long: close 351.73 > upper 351.24,flatten
2020-10-14,1,16,2020-10-14 09:00:00-05:00,351.77500000000003,2020-10-14 09:25:00-05:00,350.645,350.69,-180.8,long: close 351.73 > upper 351.53,stop
2020-10-14,-1,9,2020-10-14 11:00:00-05:00,348.145,2020-10-14 13:00:00-05:00,348.151,350.09000000000003,-0.54,short: close 348.18 < lower 348.49,exit short: close 348.11 > lower 347.78
2020-10-16,1,10,2020-10-16 09:30:00-05:00,350.665,2020-10-16 10:00:00-05:00,349.835,348.78000000000003,-83.0,long: close 350.62 > upper 350.12,exit long: close 349.89 < upper 350.04
2020-10-19,-1,7,2020-10-19 13:00:00-05:00,344.775,2020-10-19 14:52:00-05:00,341.70500000000004,347.44,214.9,short: close 344.84 < lower 345.27,flatten
2020-10-20,1,12,2020-10-20 09:00:00-05:00,344.865,2020-10-20 09:30:00-05:00,344.255,343.32,-73.2,long: close 344.83 > upper 344.28,exit long: close 344.29 < upper 344.65
2020-10-20,1,7,2020-10-20 12:30:00-05:00,346.45500000000004,2020-10-20 13:30:00-05:00,345.495,343.75,-67.2,long: close 346.40 > upper 345.45,exit long: close 345.55 < upper 345.84
2020-10-21,1,22,2020-10-21 09:00:00-05:00,345.45,2020-10-21 09:48:00-05:00,344.625,344.67,-181.5,long: close 345.39 > upper 344.11,stop
2020-10-26,-1,7,2020-10-26 10:00:00-05:00,339.60499999999996,2020-10-26 14:52:00-05:00,337.96500000000003,342.12,114.8,short: close 339.65 < lower 341.43,flatten
2020-10-27,-1,18,2020-10-27 09:30:00-05:00,338.425,2020-10-27 09:48:00-05:00,339.485,339.44,-190.8,short: close 338.47 < lower 338.57,stop
2020-10-28,-1,5,2020-10-28 09:00:00-05:00,331.245,2020-10-28 14:52:00-05:00,327.33500000000004,334.94,195.5,short: close 331.30 < lower 331.48,flatten
2020-10-29,1,23,2020-10-29 09:00:00-05:00,327.915,2020-10-29 09:14:00-05:00,327.105,327.15000000000003,-186.3,long: close 327.83 > upper 327.56,stop
2020-10-29,1,16,2020-10-29 09:30:00-05:00,329.165,2020-10-29 10:58:00-05:00,327.955,328.0,-193.6,long: close 329.12 > upper 327.96,stop
2020-10-30,-1,9,2020-10-30 09:30:00-05:00,325.2149,2020-10-30 14:52:00-05:00,324.77000000000004,327.24,40.04,short: close 325.26 < lower 327.11,flatten
2020-11-02,1,6,2020-11-02 09:30:00-06:00,331.625,2020-11-02 10:00:00-06:00,330.16499999999996,328.44,-87.6,long: close 331.59 > upper 331.55,exit long: close 330.22 < upper 331.71
2020-11-03,1,7,2020-11-03 09:00:00-06:00,335.425,2020-11-03 13:00:00-06:00,334.98499999999996,332.94,-30.8,long: close 335.38 > upper 334.44,exit long: close 335.03 < upper 336.10
2020-11-04,1,5,2020-11-04 09:00:00-06:00,342.535,2020-11-04 14:52:00-06:00,343.955,339.28000000000003,71.0,long: close 342.50 > upper 341.68,flatten
2020-11-05,1,3,2020-11-05 10:00:00-06:00,351.70500000000004,2020-11-05 10:30:00-06:00,351.055,346.72,-19.5,long: close 351.66 > upper 351.37,exit long: close 351.08 < upper 351.27
2020-11-06,-1,18,2020-11-06 09:00:00-06:00,348.215,2020-11-06 09:08:00-06:00,349.26500000000004,349.22,-189.0,short: close 348.26 < lower 349.07,stop
2020-11-12,-1,6,2020-11-12 12:30:00-06:00,352.205,2020-11-12 13:00:00-06:00,353.505,355.26,-78.0,short: close 352.25 < lower 353.04,exit short: close 353.46 > lower 353.08
2020-11-12,-1,6,2020-11-12 13:30:00-06:00,352.635,2020-11-12 14:52:00-06:00,352.375,355.74,15.6,short: close 352.69 < lower 352.99,flatten
2020-11-17,-1,8,2020-11-17 09:00:00-06:00,358.365,2020-11-17 09:30:00-06:00,359.52500000000003,360.68,-92.8,short: close 358.41 < lower 358.89,exit short: close 359.46 > lower 358.06
2020-11-24,1,7,2020-11-24 10:00:00-06:00,361.555,2020-11-24 14:52:00-06:00,362.825,358.90000000000003,88.9,long: close 361.51 > upper 361.50,flatten
2020-11-25,-1,19,2020-11-25 09:00:00-06:00,362.115,2020-11-25 11:00:00-06:00,362.21500000000003,363.04,-19.0,short: close 362.16 < lower 362.24,exit short: close 362.15 > lower 362.06
2020-11-25,-1,18,2020-11-25 11:30:00-06:00,362.04499999999996,2020-11-25 12:00:00-06:00,362.745,363.03000000000003,-126.0,short: close 362.09 < lower 362.17,exit short: close 362.69 > lower 362.05
2020-11-30,-1,15,2020-11-30 09:30:00-06:00,361.16499999999996,2020-11-30 14:00:00-06:00,362.195,362.38,-154.5,short: close 361.20 < lower 362.09,exit short: close 362.15 > lower 361.29
2020-12-01,1,8,2020-12-01 09:00:00-06:00,366.21000000000004,2020-12-01 10:00:00-06:00,366.265,363.83,4.4,long: close 366.17 > upper 366.16,exit long: close 366.29 < upper 366.30
2020-12-01,1,7,2020-12-01 10:30:00-06:00,366.685,2020-12-01 11:00:00-06:00,366.205,364.1,-33.6,long: close 366.65 > upper 366.37,exit long: close 366.27 < upper 366.50
2020-12-03,1,22,2020-12-03 09:30:00-06:00,367.615,2020-12-03 10:30:00-06:00,367.645,366.84000000000003,6.6,long: close 367.57 > upper 367.49,exit long: close 367.69 < upper 367.71
2020-12-04,1,19,2020-12-04 09:00:00-06:00,368.27000000000004,2020-12-04 14:52:00-06:00,369.155,367.34000000000003,168.15,long: close 368.24 > upper 367.93,flatten
2020-12-08,1,11,2020-12-08 12:30:00-06:00,370.245,2020-12-08 13:00:00-06:00,370.025,368.52,-24.2,long: close 370.19 > upper 370.13,exit long: close 370.06 < upper 370.12
2020-12-08,1,10,2020-12-08 13:30:00-06:00,370.65500000000003,2020-12-08 14:00:00-06:00,370.21999999999997,368.78000000000003,-43.5,long: close 370.61 > upper 370.28,exit long: close 370.24 < upper 370.37
2020-12-09,-1,14,2020-12-09 12:00:00-06:00,368.465,2020-12-09 14:52:00-06:00,367.20500000000004,369.79,176.4,short: close 368.53 < lower 369.19,flatten
2020-12-14,1,10,2020-12-14 09:00:00-06:00,369.565,2020-12-14 10:00:00-06:00,367.995,367.8,-157.0,long: close 369.52 > upper 369.22,exit long: close 368.03 < upper 369.60
2020-12-15,1,6,2020-12-15 13:00:00-06:00,369.20500000000004,2020-12-15 14:30:00-06:00,368.805,366.33,-24.0,long: close 369.18 > upper 368.89,exit long: close 368.85 < upper 369.03
2020-12-18,-1,15,2020-12-18 09:00:00-06:00,369.59499999999997,2020-12-18 14:52:00-06:00,368.33500000000004,370.8,189.0,short: close 369.62 < lower 370.38,flatten
2020-12-21,-1,6,2020-12-21 09:30:00-06:00,362.775,2020-12-21 10:30:00-06:00,364.64500000000004,365.72,-112.2,short: close 362.83 < lower 364.12,exit short: close 364.61 > lower 363.85
2020-12-23,1,16,2020-12-23 09:00:00-06:00,369.01500000000004,2020-12-23 09:30:00-06:00,368.46,367.90000000000003,-88.8,long: close 368.98 > upper 368.87,exit long: close 368.50 < upper 369.15
2021-01-04,-1,12,2021-01-04 09:30:00-06:00,372.435,2021-01-04 14:52:00-06:00,369.20500000000004,373.90000000000003,387.6,short: close 372.49 < lower 373.11,flatten
2021-01-05,1,18,2021-01-05 09:00:00-06:00,370.20500000000004,2021-01-05 09:31:00-06:00,369.155,369.2,-189.0,long: close 370.13 > upper 369.48,stop
2021-01-05,1,9,2021-01-05 12:00:00-06:00,370.555,2021-01-05 14:52:00-06:00,371.5,368.62,85.05,long: close 370.50 > upper 370.42,flatten
2021-01-06,1,12,2021-01-06 09:00:00-06:00,372.29130000000004,2021-01-06 14:52:00-06:00,373.205,370.77,109.64,long: close 372.23 > upper 372.03,flatten
2021-01-07,1,8,2021-01-07 09:00:00-06:00,378.135,2021-01-07 14:52:00-06:00,379.59499999999997,375.98,116.8,long: close 377.86 > upper 376.97,flatten
2021-01-15,-1,8,2021-01-15 09:30:00-06:00,374.54499999999996,2021-01-15 10:00:00-06:00,375.365,376.78000000000003,-65.6,short: close 374.57 < lower 375.34,exit short: close 375.31 > lower 375.29
2021-01-20,1,6,2021-01-20 10:00:00-06:00,382.815,2021-01-20 10:30:00-06:00,382.55699999999996,380.02,-15.48,long: close 382.77 > upper 382.67,exit long: close 382.60 < upper 382.79
2021-01-20,1,6,2021-01-20 11:30:00-06:00,383.41,2021-01-20 14:52:00-06:00,384.38489999999996,380.24,58.49,long: close 383.36 > upper 383.05,flatten
2021-01-25,-1,8,2021-01-25 10:30:00-06:00,380.505,2021-01-25 11:00:00-06:00,382.40500000000003,382.64,-152.0,short: close 380.54 < lower 381.12,exit short: close 382.34 > lower 380.88
2021-01-27,-1,7,2021-01-27 09:00:00-06:00,377.525,2021-01-27 09:30:00-06:00,379.26500000000004,380.0,-121.8,short: close 377.57 < lower 379.55,exit short: close 379.22 > lower 378.93
2021-01-27,-1,5,2021-01-27 10:30:00-06:00,378.155,2021-01-27 12:00:00-06:00,378.695,381.42,-27.0,short: close 378.18 < lower 378.76,exit short: close 378.65 > lower 378.64
2021-01-28,1,11,2021-01-28 09:00:00-06:00,377.635,2021-01-28 14:52:00-06:00,378.615,376.02,107.8,long: close 377.58 > upper 377.02,flatten
2021-01-29,-1,8,2021-01-29 10:30:00-06:00,372.675,2021-01-29 14:52:00-06:00,371.575,374.86,88.0,short: close 372.73 < lower 374.42,flatten
2021-02-01,1,5,2021-02-01 11:30:00-06:00,376.185,2021-02-01 14:52:00-06:00,376.865,372.6,34.0,long: close 376.14 > upper 375.54,flatten
2021-02-02,1,8,2021-02-02 09:00:00-06:00,380.935,2021-02-02 14:52:00-06:00,382.365,378.56,114.4,long: close 380.87 > upper 380.27,flatten
2021-02-04,1,14,2021-02-04 09:00:00-06:00,383.945,2021-02-04 09:30:00-06:00,383.715,382.62,-32.2,long: close 383.90 > upper 383.73,exit long: close 383.76 < upper 384.04
2021-02-04,1,11,2021-02-04 10:00:00-06:00,384.315,2021-02-04 11:00:00-06:00,384.53499999999997,382.6,24.2,long: close 384.27 > upper 384.13,exit long: close 384.58 < upper 384.69
2021-02-18,-1,7,2021-02-18 09:30:00-06:00,388.445,2021-02-18 10:00:00-06:00,389.03000000000003,390.90000000000003,-40.95,short: close 388.50 < lower 388.55,exit short: close 388.99 > lower 388.40
2021-02-23,-1,10,2021-02-23 09:00:00-06:00,382.185,2021-02-23 09:24:00-06:00,384.08500000000004,384.04,-190.0,short: close 382.24 < lower 384.03,stop
2021-02-23,-1,7,2021-02-23 12:00:00-06:00,382.73499999999996,2021-02-23 12:30:00-06:00,385.14390000000003,385.26,-168.62,short: close 382.78 < lower 383.36,exit short: close 385.08 > lower 383.37
2021-02-24,1,13,2021-02-24 10:00:00-06:00,388.39500000000004,2021-02-24 14:52:00-06:00,392.01,387.04,469.95,long: close 388.34 > upper 388.27,flatten
2021-02-25,-1,12,2021-02-25 10:00:00-06:00,388.935,2021-02-25 14:52:00-06:00,382.975,390.48,715.2,short: close 389.00 < lower 389.55,flatten
2021-02-26,-1,11,2021-02-26 09:30:00-06:00,378.445,2021-02-26 09:38:00-06:00,380.165,380.12,-189.2,short: close 378.53 < lower 381.71,stop
2021-03-01,1,5,2021-03-01 09:00:00-06:00,386.985,2021-03-01 14:52:00-06:00,389.085,383.62,105.0,long: close 386.93 > upper 386.32,flatten
2021-03-02,-1,13,2021-03-02 09:30:00-06:00,387.495,2021-03-02 11:30:00-06:00,388.2669,388.84000000000003,-100.35,short: close 387.55 < lower 388.32,exit short: close 388.23 > lower 387.68
2021-03-03,-1,15,2021-03-03 09:00:00-06:00,384.445,2021-03-03 10:00:00-06:00,385.175,385.62,-109.5,short: close 384.51 < lower 384.99,exit short: close 385.14 > lower 384.52
2021-03-03,-1,7,2021-03-03 13:30:00-06:00,383.16999999999996,2021-03-03 14:00:00-06:00,384.08500000000004,385.77,-64.05,short: close 383.23 < lower 383.57,exit short: close 384.04 > lower 383.53
2021-03-04,-1,9,2021-03-04 12:00:00-06:00,376.965,2021-03-04 14:52:00-06:00,376.845,379.08,10.8,short: close 377.02 < lower 379.22,flatten
2021-03-05,-1,6,2021-03-05 10:00:00-06:00,375.33599999999996,2021-03-05 11:00:00-06:00,375.885,378.31,-32.94,short: close 375.39 < lower 375.61,exit short: close 375.86 > lower 375.14
2021-03-08,1,9,2021-03-08 09:30:00-06:00,386.735,2021-03-08 11:00:00-06:00,385.205,384.64,-137.7,long: close 386.70 > upper 386.22,exit long: close 385.25 < upper 386.50
2021-03-08,1,8,2021-03-08 11:30:00-06:00,386.96500000000003,2021-03-08 12:00:00-06:00,386.695,384.76,-21.6,long: close 386.91 > upper 386.34,exit long: close 386.74 < upper 386.85
2021-03-09,1,6,2021-03-09 09:00:00-06:00,387.3134,2021-03-09 14:30:00-06:00,388.965,384.22,99.1,long: close 387.25 > upper 386.89,exit long: close 389.01 < upper 389.02
2021-03-11,1,6,2021-03-11 10:00:00-06:00,394.095,2021-03-11 13:00:00-06:00,394.515,391.12,25.2,long: close 394.05 > upper 393.86,exit long: close 394.57 < upper 395.05
2021-03-11,1,4,2021-03-11 13:30:00-06:00,395.005,2021-03-11 14:00:00-06:00,394.025,390.94,-39.2,long: close 394.95 > upper 394.95,exit long: close 394.07 < upper 394.88
2021-03-19,-1,11,2021-03-19 09:00:00-05:00,388.465,2021-03-19 09:30:00-05:00,388.83500000000004,390.11,-40.7,short: close 388.53 < lower 389.00,exit short: close 388.80 > lower 388.40
2021-03-22,1,16,2021-03-22 09:00:00-05:00,391.345,2021-03-22 14:52:00-05:00,392.64509999999996,390.2,208.02,long: close 391.30 > upper 390.92,flatten
2021-03-26,1,12,2021-03-26 09:30:00-05:00,392.095,2021-03-26 10:00:00-05:00,391.47499999999997,390.58,-74.4,long: close 392.06 > upper 391.82,exit long: close 391.51 < upper 391.94
2021-03-26,1,9,2021-03-26 12:00:00-05:00,392.5346,2021-03-26 13:00:00-05:00,391.925,390.6,-54.86,long: close 392.48 > upper 392.22,exit long: close 391.98 < upper 392.14
2021-03-29,-1,11,2021-03-29 09:30:00-05:00,393.055,2021-03-29 10:30:00-05:00,394.035,394.66,-107.8,short: close 393.11 < lower 393.57,exit short: close 393.98 > lower 393.33
2021-03-31,1,21,2021-03-31 09:00:00-05:00,396.175,2021-03-31 14:52:00-05:00,397.10499999999996,395.34000000000003,195.3,long: close 396.15 > upper 395.89,flatten
2021-04-01,1,10,2021-04-01 09:30:00-05:00,399.26500000000004,2021-04-01 11:00:00-05:00,399.13,397.52,-13.5,long: close 399.21 > upper 399.06,exit long: close 399.18 < upper 399.28
2021-04-01,1,8,2021-04-01 11:30:00-05:00,399.79,2021-04-01 12:30:00-05:00,399.34499999999997,397.62,-35.6,long: close 399.75 > upper 399.49,exit long: close 399.38 < upper 399.54
2021-04-05,1,9,2021-04-05 09:00:00-05:00,404.595,2021-04-05 14:52:00-05:00,406.465,402.62,168.3,long: close 404.55 > upper 403.98,flatten
2021-04-09,1,14,2021-04-09 13:00:00-05:00,409.85,2021-04-09 14:00:00-05:00,409.66499999999996,408.54,-25.9,long: close 409.81 > upper 409.75,exit long: close 409.71 < upper 410.12
2021-04-13,1,17,2021-04-13 13:30:00-05:00,412.74,2021-04-13 14:52:00-05:00,412.7649,411.7,4.23,long: close 412.70 > upper 412.61,flatten
2021-04-14,1,37,2021-04-14 09:00:00-05:00,413.865,2021-04-14 09:02:00-05:00,413.375,413.42,-181.3,long: close 413.83 > upper 413.27,stop
2021-04-15,1,10,2021-04-15 09:30:00-05:00,414.605,2021-04-15 14:30:00-05:00,414.91999999999996,412.76,31.5,long: close 414.56 > upper 414.45,exit long: close 414.97 < upper 415.22
2021-04-19,-1,13,2021-04-19 10:00:00-05:00,415.3,2021-04-19 10:30:00-05:00,415.685,416.64,-50.05,short: close 415.35 < lower 415.45,exit short: close 415.64 > lower 415.55
2021-04-19,-1,13,2021-04-19 11:00:00-05:00,414.775,2021-04-19 14:52:00-05:00,414.565,416.17,27.3,short: close 414.84 < lower 415.39,flatten
2021-04-20,-1,12,2021-04-20 10:00:00-05:00,412.305,2021-04-20 14:52:00-05:00,412.54,413.76,-28.2,short: close 412.35 < lower 413.13,flatten
2021-04-21,1,20,2021-04-21 09:00:00-05:00,413.45500000000004,2021-04-21 14:52:00-05:00,415.85499999999996,412.54,480.0,long: close 413.41 > upper 412.79,flatten
2021-04-22,-1,14,2021-04-22 12:30:00-05:00,414.655,2021-04-22 14:52:00-05:00,412.40500000000003,415.94,315.0,short: close 414.69 < lower 414.69,flatten
2021-04-23,1,19,2021-04-23 09:00:00-05:00,414.235,2021-04-23 14:52:00-05:00,416.94,413.3,513.95,long: close 414.18 > upper 413.54,flatten
2021-04-27,-1,23,2021-04-27 09:00:00-05:00,416.805,2021-04-27 09:30:00-05:00,417.27500000000003,417.58,-108.1,short: close 416.85 < lower 417.01,exit short: close 417.22 > lower 416.94
2021-05-04,-1,10,2021-05-04 09:00:00-05:00,413.835,2021-05-04 14:52:00-05:00,414.70500000000004,415.64,-87.0,short: close 413.88 < lower 415.33,flatten
2021-05-06,-1,19,2021-05-06 09:00:00-05:00,414.745,2021-05-06 10:00:00-05:00,415.175,415.68,-81.7,short: close 414.79 < lower 414.84,exit short: close 415.13 > lower 414.55
2021-05-06,1,13,2021-05-06 11:30:00-05:00,417.57,2021-05-06 12:00:00-05:00,416.895,416.19,-87.75,long: close 417.52 > upper 417.16,exit long: close 416.95 < upper 417.33
2021-05-07,1,14,2021-05-07 09:00:00-05:00,421.005,2021-05-07 14:52:00-05:00,422.47999999999996,419.72,206.5,long: close 420.95 > upper 420.77,flatten
2021-05-10,-1,11,2021-05-10 13:30:00-05:00,419.7308,2021-05-10 14:52:00-05:00,418.72,421.45,111.19,short: close 419.77 < lower 420.58,flatten
2021-05-11,-1,5,2021-05-11 09:30:00-05:00,411.815,2021-05-11 10:30:00-05:00,413.915,415.42,-105.0,short: close 411.85 < lower 411.96,exit short: close 413.88 > lower 411.83
2021-05-12,-1,7,2021-05-12 10:00:00-05:00,409.385,2021-05-12 14:52:00-05:00,405.295,412.04,286.3,short: close 409.43 < lower 410.09,flatten
2021-05-13,1,11,2021-05-13 09:00:00-05:00,410.095,2021-05-13 12:32:00-05:00,408.375,408.42,-189.2,long: close 410.04 > upper 407.92,stop
2021-05-13,1,8,2021-05-13 13:00:00-05:00,408.865,2021-05-13 14:52:00-05:00,411.35499999999996,406.62,199.2,long: close 408.80 > upper 408.50,flatten
2021-05-14,1,7,2021-05-14 09:00:00-05:00,414.945,2021-05-14 09:30:00-05:00,414.385,412.48,-39.2,long: close 414.92 > upper 414.19,exit long: close 414.44 < upper 414.48
2021-05-14,1,6,2021-05-14 10:00:00-05:00,415.325,2021-05-14 14:52:00-05:00,417.075,412.46000000000004,105.0,long: close 415.28 > upper 414.60,flatten
2021-05-20,1,12,2021-05-20 09:00:00-05:00,413.135,2021-05-20 14:52:00-05:00,415.16499999999996,411.68,243.6,long: close 413.09 > upper 412.80,flatten
2021-05-21,1,10,2021-05-21 09:00:00-05:00,418.225,2021-05-21 09:30:00-05:00,416.745,416.36,-148.0,long: close 418.17 > upper 417.92,exit long: close 416.79 < upper 418.20
2021-05-24,1,7,2021-05-24 09:30:00-05:00,419.065,2021-05-24 11:30:00-05:00,418.935,416.54,-9.1,long: close 419.02 > upper 418.67,exit long: close 418.97 < upper 419.11
2021-05-24,1,6,2021-05-24 12:00:00-05:00,419.33500000000004,2021-05-24 14:30:00-05:00,419.905,416.22,34.2,long: close 419.28 > upper 419.26,exit long: close 419.94 < upper 419.99
2021-06-04,1,10,2021-06-04 10:00:00-05:00,421.76500000000004,2021-06-04 10:30:00-05:00,421.825,419.86,6.0,long: close 421.71 > upper 421.70,exit long: close 421.87 < upper 422.07
2021-06-07,-1,23,2021-06-07 09:30:00-05:00,421.565,2021-06-07 10:00:00-05:00,421.77500000000003,422.32,-48.3,short: close 421.62 < lower 421.83,exit short: close 421.73 > lower 421.70
2021-06-08,-1,11,2021-06-08 10:30:00-05:00,420.89,2021-06-08 11:00:00-05:00,422.065,422.56,-129.25,short: close 420.94 < lower 420.99,exit short: close 422.02 > lower 420.98
2021-06-10,1,13,2021-06-10 09:00:00-05:00,424.295,2021-06-10 09:30:00-05:00,423.715,422.88,-75.4,long: close 424.25 > upper 423.70,exit long: close 423.75 < upper 423.80
2021-06-14,-1,19,2021-06-14 11:30:00-05:00,423.34999999999997,2021-06-14 12:30:00-05:00,423.435,424.27,-16.15,short: close 423.39 < lower 423.46,exit short: close 423.40 > lower 423.22
2021-06-14,-1,16,2021-06-14 13:30:00-05:00,423.145,2021-06-14 14:00:00-05:00,423.58500000000004,424.26,-70.4,short: close 423.19 < lower 423.25,exit short: close 423.54 > lower 423.31
2021-06-15,-1,22,2021-06-15 09:30:00-05:00,424.325,2021-06-15 13:00:00-05:00,424.69,425.12,-80.3,short: close 424.37 < lower 424.56,exit short: close 424.65 > lower 424.22
2021-06-16,-1,20,2021-06-16 11:30:00-05:00,423.47499999999997,2021-06-16 14:52:00-05:00,422.42,424.35,211.0,short: close 423.52 < lower 423.68,flatten
2021-06-17,-1,17,2021-06-17 11:30:00-05:00,419.615,2021-06-17 11:52:00-05:00,420.745,420.7,-192.1,short: close 419.66 < lower 420.81,stop
2021-06-18,-1,5,2021-06-18 10:00:00-05:00,416.145,2021-06-18 11:00:00-05:00,416.795,419.47,-32.5,short: close 416.19 < lower 416.20,exit short: close 416.77 > lower 416.19
2021-06-21,1,12,2021-06-21 09:00:00-05:00,417.925,2021-06-21 14:52:00-05:00,420.44689999999997,416.46000000000004,302.63,long: close 417.86 > upper 417.36,flatten
2021-06-22,1,19,2021-06-22 10:00:00-05:00,421.925,2021-06-22 14:52:00-05:00,423.03499999999997,420.96000000000004,210.9,long: close 421.87 > upper 421.80,flatten
2021-07-01,1,23,2021-07-01 09:00:00-05:00,429.385,2021-07-01 09:30:00-05:00,429.335,428.62,-11.5,long: close 429.33 > upper 429.21,exit long: close 429.37 < upper 429.51
2021-07-01,1,14,2021-07-01 13:00:00-05:00,429.96500000000003,2021-07-01 14:52:00-05:00,430.04499999999996,428.64,11.2,long: close 429.91 > upper 429.77,flatten
2021-07-02,1,12,2021-07-02 12:00:00-05:00,433.30510000000004,2021-07-02 14:52:00-05:00,433.995,431.81,82.79,long: close 433.27 > upper 432.57,flatten
2021-07-06,-1,41,2021-07-06 09:00:00-05:00,432.925,2021-07-06 14:30:00-05:00,432.855,433.32,28.7,short: close 432.97 < lower 433.37,exit short: close 432.80 > lower 432.52
2021-07-09,1,15,2021-07-09 09:00:00-05:00,433.625,2021-07-09 14:52:00-05:00,435.58,432.44,293.25,long: close 433.58 > upper 432.93,flatten
2021-07-12,1,21,2021-07-12 09:30:00-05:00,436.505,2021-07-12 10:30:00-05:00,436.34499999999997,435.68,-33.6,long: close 436.45 > upper 436.28,exit long: close 436.38 < upper 436.53
2021-07-12,1,14,2021-07-12 13:30:00-05:00,437.01,2021-07-12 14:52:00-05:00,436.91999999999996,435.71000000000004,-12.6,long: close 436.96 > upper 436.75,flatten
2021-07-15,-1,11,2021-07-15 13:00:00-05:00,432.72499999999997,2021-07-15 13:30:00-05:00,433.975,434.42,-137.5,short: close 432.79 < lower 433.81,exit short: close 433.95 > lower 433.79
2021-07-16,-1,13,2021-07-16 09:30:00-05:00,433.185,2021-07-16 11:00:00-05:00,433.695,434.52,-66.3,short: close 433.23 < lower 434.03,exit short: close 433.65 > lower 433.61
2021-07-16,-1,10,2021-07-16 12:30:00-05:00,433.505,2021-07-16 14:52:00-05:00,431.06,435.3,244.5,short: close 433.56 < lower 433.58,flatten
2021-07-19,-1,6,2021-07-19 09:00:00-05:00,424.205,2021-07-19 14:52:00-05:00,423.445,427.32,45.6,short: close 424.27 < lower 425.69,flatten
2021-07-20,1,19,2021-07-20 09:00:00-05:00,428.295,2021-07-20 14:52:00-05:00,431.495,427.34000000000003,608.0,long: close 428.24 > upper 426.28,flatten
2021-07-21,1,13,2021-07-21 09:00:00-05:00,433.70500000000004,2021-07-21 09:30:00-05:00,432.98499999999996,432.28000000000003,-93.6,long: close 433.66 > upper 433.12,exit long: close 433.04 < upper 433.54
2021-07-23,1,7,2021-07-23 10:30:00-05:00,439.28000000000003,2021-07-23 11:00:00-05:00,438.695,436.77,-40.95,long: close 439.24 > upper 439.03,exit long: close 438.73 < upper 439.26
2021-07-23,1,6,2021-07-23 12:30:00-05:00,439.86,2021-07-23 14:30:00-05:00,439.57,436.95,-17.4,long: close 439.82 > upper 439.42,exit long: close 439.62 < upper 439.64
2021-07-27,-1,10,2021-07-27 10:00:00-05:00,438.515,2021-07-27 14:00:00-05:00,438.065,440.28000000000003,45.0,short: close 438.56 < lower 438.68,exit short: close 438.02 > lower 437.88
2021-07-29,1,11,2021-07-29 09:30:00-05:00,441.01500000000004,2021-07-29 10:30:00-05:00,441.13,439.42,12.65,long: close 440.97 > upper 440.91,exit long: close 441.18 < upper 441.42
2021-07-29,1,8,2021-07-29 11:30:00-05:00,441.635,2021-07-29 12:00:00-05:00,441.325,439.38,-24.8,long: close 441.60 > upper 441.57,exit long: close 441.36 < upper 441.70
2021-08-03,-1,13,2021-08-03 09:00:00-05:00,436.35499999999996,2021-08-03 09:23:00-05:00,437.785,437.74,-185.9,short: close 436.40 < lower 436.62,stop
2021-08-03,1,8,2021-08-03 13:30:00-05:00,440.565,2021-08-03 14:52:00-05:00,440.625,438.26,4.8,long: close 440.52 > upper 440.31,flatten
2021-08-09,-1,25,2021-08-09 09:30:00-05:00,441.74,2021-08-09 10:00:00-05:00,441.875,442.42,-33.75,short: close 441.79 < lower 441.81,exit short: close 441.83 > lower 441.46
2021-08-10,1,26,2021-08-10 09:30:00-05:00,443.14500000000004,2021-08-10 09:32:00-05:00,442.435,442.48,-184.6,long: close 443.10 > upper 443.05,stop
2021-08-16,-1,14,2021-08-16 09:00:00-05:00,443.34499999999997,2021-08-16 11:00:00-05:00,444.235,444.66,-124.6,short: close 443.39 < lower 443.90,exit short: close 444.18 > lower 443.77
2021-08-17,-1,9,2021-08-17 11:00:00-05:00,443.015,2021-08-17 14:52:00-05:00,443.66,445.04,-58.05,short: close 443.06 < lower 443.61,flatten
2021-08-19,1,9,2021-08-19 11:00:00-05:00,440.77000000000004,2021-08-19 12:30:00-05:00,439.4,438.69,-123.3,long: close 440.73 > upper 439.82,exit long: close 439.44 < upper 439.88
2021-08-20,1,20,2021-08-20 09:00:00-05:00,441.89500000000004,2021-08-20 14:52:00-05:00,443.435,441.0,308.0,long: close 441.85 > upper 440.93,flatten
2021-08-23,1,10,2021-08-23 09:00:00-05:00,446.39500000000004,2021-08-23 14:52:00-05:00,447.635,444.66,124.0,long: close 446.33 > upper 445.98,flatten
2021-08-25,1,16,2021-08-25 11:30:00-05:00,449.33500000000004,2021-08-25 12:00:00-05:00,449.215,448.18,-19.2,long: close 449.30 > upper 449.22,exit long: close 449.27 < upper 449.43
2021-08-25,1,17,2021-08-25 13:30:00-05:00,449.21500000000003,2021-08-25 14:00:00-05:00,449.055,448.14,-27.2,long: close 449.18 > upper 449.14,exit long: close 449.11 < upper 449.24
2021-08-26,-1,17,2021-08-26 09:30:00-05:00,447.505,2021-08-26 11:30:00-05:00,447.995,448.53000000000003,-83.3,short: close 447.56 < lower 447.71,exit short: close 447.94 > lower 447.52
2021-08-26,-1,15,2021-08-26 12:30:00-05:00,447.35499999999996,2021-08-26 14:52:00-05:00,446.565,448.54,118.5,short: close 447.40 < lower 447.55,flatten
2021-08-27,1,13,2021-08-27 09:30:00-05:00,449.355,2021-08-27 14:52:00-05:00,450.25,447.98,116.35,long: close 449.30 > upper 448.07,flatten
2021-08-30,1,12,2021-08-30 09:30:00-05:00,452.21500000000003,2021-08-30 14:52:00-05:00,452.34999999999997,450.74,16.2,long: close 452.17 > upper 452.06,flatten
2021-08-31,-1,22,2021-08-31 09:00:00-05:00,451.065,2021-08-31 09:11:00-05:00,451.90500000000003,451.86,-184.8,short: close 451.12 < lower 451.37,stop
2021-09-07,-1,19,2021-09-07 09:00:00-05:00,451.695,2021-09-07 10:00:00-05:00,451.725,452.64,-5.7,short: close 451.75 < lower 451.94,exit short: close 451.69 > lower 451.58
2021-09-07,-1,14,2021-09-07 10:30:00-05:00,451.04499999999996,2021-09-07 11:30:00-05:00,451.845,452.31,-112.0,short: close 451.09 < lower 451.62,exit short: close 451.80 > lower 451.37
2021-09-08,-1,12,2021-09-08 10:00:00-05:00,449.385,2021-09-08 10:30:00-05:00,450.065,450.88,-81.6,short: close 449.43 < lower 449.70,exit short: close 450.03 > lower 449.71
2021-09-08,-1,11,2021-09-08 11:00:00-05:00,449.33,2021-09-08 11:30:00-05:00,450.77500000000003,451.02,-158.95,short: close 449.38 < lower 449.51,exit short: close 450.73 > lower 449.56
2021-09-09,1,21,2021-09-09 09:00:00-05:00,451.845,2021-09-09 10:00:00-05:00,451.825,450.98,-4.2,long: close 451.80 > upper 451.69,exit long: close 451.87 < upper 452.18
2021-09-10,-1,9,2021-09-10 10:30:00-05:00,447.465,2021-09-10 11:00:00-05:00,447.96000000000004,449.5,-44.55,short: close 447.50 < lower 447.96,exit short: close 447.92 > lower 447.80
2021-09-14,-1,10,2021-09-14 10:00:00-05:00,444.925,2021-09-14 10:30:00-05:00,445.745,446.82,-82.0,short: close 444.97 < lower 445.45,exit short: close 445.70 > lower 445.42
2021-09-14,-1,10,2021-09-14 12:00:00-05:00,444.815,2021-09-14 14:52:00-05:00,443.845,446.58,97.0,short: close 444.89 < lower 445.57,flatten
2021-09-15,1,13,2021-09-15 11:30:00-05:00,445.995,2021-09-15 14:52:00-05:00,447.98499999999996,444.66,258.7,long: close 445.94 > upper 445.74,flatten
2021-09-16,-1,17,2021-09-16 09:00:00-05:00,446.085,2021-09-16 12:30:00-05:00,446.035,447.15000000000003,8.5,short: close 446.14 < lower 446.52,exit short: close 445.99 > lower 445.74
2021-09-17,-1,9,2021-09-17 09:00:00-05:00,443.445,2021-09-17 14:52:00-05:00,441.235,445.42,198.9,short: close 443.50 < lower 444.07,flatten
2021-09-20,-1,4,2021-09-20 11:00:00-05:00,432.84,2021-09-20 14:52:00-05:00,433.485,437.54,-25.8,short: close 432.89 < lower 433.46,flatten
2021-09-22,1,8,2021-09-22 09:30:00-05:00,437.435,2021-09-22 14:00:00-05:00,437.58459999999997,435.1,11.97,long: close 437.39 > upper 437.20,exit long: close 437.62 < upper 437.98
2021-09-23,1,10,2021-09-23 09:00:00-05:00,442.255,2021-09-23 14:52:00-05:00,443.275,440.36,102.0,long: close 442.20 > upper 440.72,flatten
2021-09-28,-1,7,2021-09-28 09:00:00-05:00,437.965,2021-09-28 14:52:00-05:00,433.89500000000004,440.58,284.9,short: close 438.02 < lower 438.58,flatten
2021-09-30,-1,6,2021-09-30 11:30:00-05:00,430.335,2021-09-30 13:00:00-05:00,431.915,433.23,-94.8,short: close 430.40 < lower 432.33,exit short: close 431.89 > lower 431.88
2021-10-01,1,5,2021-10-01 13:30:00-05:00,434.089,2021-10-01 14:52:00-05:00,434.63509999999997,430.26,27.3,long: close 434.03 > upper 433.91,flatten
2021-10-04,-1,8,2021-10-04 09:30:00-05:00,429.905,2021-10-04 14:52:00-05:00,427.39000000000004,432.2,201.2,short: close 429.95 < lower 431.31,flatten
2021-10-05,1,10,2021-10-05 09:00:00-05:00,431.295,2021-10-05 14:52:00-05:00,433.765,429.52,247.0,long: close 431.27 > upper 431.23,flatten
2021-10-07,1,7,2021-10-07 09:00:00-05:00,440.71500000000003,2021-10-07 12:30:00-05:00,441.155,437.98,30.8,long: close 440.67 > upper 439.39,exit long: close 441.20 < upper 441.33
2021-10-11,1,13,2021-10-11 09:00:00-05:00,439.445,2021-10-11 10:00:00-05:00,439.60499999999996,438.02,20.8,long: close 439.39 > upper 438.91,exit long: close 439.64 < upper 440.30
2021-10-14,1,5,2021-10-14 10:30:00-05:00,441.18,2021-10-14 14:52:00-05:00,442.205,437.32,51.25,long: close 441.14 > upper 440.97,flatten
2021-10-28,1,11,2021-10-28 09:00:00-05:00,456.815,2021-10-28 12:00:00-05:00,456.675,455.15000000000003,-15.4,long: close 456.76 > upper 456.34,exit long: close 456.69 < upper 456.71
2021-10-28,1,10,2021-10-28 12:30:00-05:00,457.105,2021-10-28 14:52:00-05:00,457.675,455.2,57.0,long: close 457.05 > upper 456.59,flatten
2021-11-02,1,21,2021-11-02 09:00:00-05:00,461.21500000000003,2021-11-02 09:30:00-05:00,461.175,460.39,-8.4,long: close 461.16 > upper 460.99,exit long: close 461.22 < upper 461.41
2021-11-02,1,14,2021-11-02 10:00:00-05:00,461.64000000000004,2021-11-02 11:00:00-05:00,461.375,460.39,-37.1,long: close 461.59 > upper 461.41,exit long: close 461.41 < upper 461.43
2021-11-04,1,18,2021-11-04 09:00:00-05:00,466.40000000000003,2021-11-04 10:24:00-05:00,465.34499999999997,465.39,-189.9,long: close 466.35 > upper 466.06,stop
2021-11-05,1,9,2021-11-05 09:00:00-05:00,470.305,2021-11-05 09:30:00-05:00,469.925,468.36,-34.2,long: close 470.26 > upper 470.02,exit long: close 469.97 < upper 470.33
2021-11-09,-1,20,2021-11-09 09:00:00-06:00,466.905,2021-11-09 09:34:00-06:00,467.83500000000004,467.79,-186.0,short: close 466.95 < lower 468.25,stop
2021-11-09,-1,16,2021-11-09 10:00:00-06:00,467.215,2021-11-09 14:52:00-06:00,467.045,468.34000000000003,27.2,short: close 467.26 < lower 468.01,flatten
2021-11-10,-1,9,2021-11-10 13:00:00-06:00,464.175,2021-11-10 14:52:00-06:00,463.985,466.28000000000003,17.1,short: close 464.23 < lower 464.38,flatten
2021-11-12,1,11,2021-11-12 10:30:00-06:00,466.875,2021-11-12 14:52:00-06:00,467.275,465.2,44.0,long: close 466.83 > upper 466.14,flatten
2021-11-16,1,18,2021-11-16 09:00:00-06:00,468.565,2021-11-16 09:30:00-06:00,468.055,467.56,-91.8,long: close 468.50 > upper 468.29,exit long: close 468.09 < upper 468.38
2021-11-16,1,15,2021-11-16 10:30:00-06:00,469.795,2021-11-16 14:52:00-06:00,469.465,468.56,-49.5,long: close 469.74 > upper 468.51,flatten
2021-11-17,-1,17,2021-11-17 09:00:00-06:00,467.525,2021-11-17 09:30:00-06:00,468.055,468.59000000000003,-90.1,short: close 467.58 < lower 468.05,exit short: close 468.00 > lower 467.99
2021-11-18,-1,12,2021-11-18 09:30:00-06:00,466.78499999999997,2021-11-18 10:00:00-06:00,467.535,468.31,-90.0,short: close 466.82 < lower 467.15,exit short: close 467.50 > lower 467.10
2021-11-22,1,10,2021-11-22 09:00:00-06:00,472.755,2021-11-22 10:52:00-06:00,470.875,470.92,-188.0,long: close 472.69 > upper 471.69,stop
2021-11-23,1,16,2021-11-23 09:00:00-06:00,468.615,2021-11-23 09:06:00-06:00,467.47499999999997,467.52,-182.4,long: close 468.57 > upper 468.46,stop
2021-11-23,-1,14,2021-11-23 09:30:00-06:00,466.03499999999997,2021-11-23 10:30:00-06:00,466.635,467.31,-84.0,short: close 466.08 < lower 466.09,exit short: close 466.59 > lower 466.19
2021-11-26,-1,4,2021-11-26 09:30:00-06:00,460.97499999999997,2021-11-26 14:52:00-06:00,456.95500000000004,465.66,160.8,short: close 461.01 < lower 461.19,flatten
2021-11-29,1,3,2021-11-29 11:30:00-06:00,465.70500000000004,2021-11-29 14:52:00-06:00,464.935,460.75,-23.1,long: close 465.67 > upper 465.47,flatten
2021-11-30,-1,7,2021-11-30 10:00:00-06:00,457.98499999999996,2021-11-30 14:52:00-06:00,455.925,460.56,144.2,short: close 458.04 < lower 460.74,flatten
2021-12-01,1,4,2021-12-01 10:00:00-06:00,463.495,2021-12-01 11:00:00-06:00,462.635,459.2,-34.4,long: close 463.46 > upper 463.04,exit long: close 462.67 < upper 463.13
2021-12-02,1,21,2021-12-02 09:00:00-06:00,455.915,2021-12-02 09:00:00-06:00,455.03499999999997,455.08,-184.8,long: close 455.88 > upper 451.46,stop
2021-12-02,1,14,2021-12-02 09:30:00-06:00,455.02500000000003,2021-12-02 09:34:00-06:00,453.735,453.78000000000003,-180.6,long: close 454.98 > upper 451.87,stop
2021-12-03,-1,9,2021-12-03 09:00:00-06:00,455.375,2021-12-03 14:52:00-06:00,451.45500000000004,457.38,352.8,short: close 455.40 < lower 456.25,flatten
2021-12-06,1,6,2021-12-06 09:30:00-06:00,458.15500000000003,2021-12-06 10:00:00-06:00,458.275,455.18,7.2,long: close 458.10 > upper 457.75,exit long: close 458.32 < upper 458.32
2021-12-06,1,5,2021-12-06 11:30:00-06:00,458.755,2021-12-06 14:00:00-06:00,458.815,455.03000000000003,3.0,long: close 458.69 > upper 458.51,exit long: close 458.87 < upper 459.05
2021-12-07,1,4,2021-12-07 09:00:00-06:00,467.285,2021-12-07 14:30:00-06:00,467.22499999999997,463.14,-2.4,long: close 467.24 > upper 465.75,exit long: close 467.27 < upper 467.71
2021-12-13,-1,11,2021-12-13 09:00:00-06:00,468.655,2021-12-13 10:00:00-06:00,467.825,470.29,91.3,short: close 468.71 < lower 468.81,exit short: close 467.78 > lower 467.61
2021-12-13,-1,7,2021-12-13 10:30:00-06:00,466.955,2021-12-13 11:30:00-06:00,467.89500000000004,469.7,-65.8,short: close 466.99 < lower 467.71,exit short: close 467.86 > lower 467.71
2021-12-15,-1,13,2021-12-15 09:00:00-06:00,461.66499999999996,2021-12-15 09:30:00-06:00,461.985,463.02,-41.6,short: close 461.68 < lower 462.05,exit short: close 461.96 > lower 461.66
2021-12-16,-1,4,2021-12-16 13:30:00-06:00,466.84499999999997,2021-12-16 14:30:00-06:00,467.21500000000003,470.90000000000003,-14.8,short: close 466.88 < lower 467.53,exit short: close 467.18 > lower 466.76
2021-12-17,-1,4,2021-12-17 09:30:00-06:00,459.365,2021-12-17 09:52:00-06:00,463.565,463.52,-168.0,short: close 459.42 < lower 459.83,stop
2021-12-20,-1,4,2021-12-20 09:30:00-06:00,452.315,2021-12-20 11:00:00-06:00,452.915,456.76,-24.0,short: close 452.36 < lower 452.73,exit short: close 452.87 > lower 451.85
2021-12-21,1,4,2021-12-21 11:30:00-06:00,461.095,2021-12-21 14:52:00-06:00,462.03499999999997,456.89,37.6,long: close 461.05 > upper 460.99,flatten
2021-12-22,1,7,2021-12-22 10:00:00-06:00,466.175,2021-12-22 13:00:00-06:00,465.835,463.76,-23.8,long: close 466.12 > upper 465.35,exit long: close 465.87 < upper 466.03
2021-12-23,1,10,2021-12-23 09:00:00-06:00,470.21500000000003,2021-12-23 10:30:00-06:00,470.875,468.40000000000003,66.0,long: close 470.17 > upper 470.04,exit long: close 470.92 < upper 470.97
2021-12-23,1,6,2021-12-23 11:00:00-06:00,471.355,2021-12-23 11:30:00-06:00,470.8922,468.56,-27.77,long: close 471.30 > upper 471.03,exit long: close 470.94 < upper 471.05
2021-12-27,1,10,2021-12-27 09:00:00-06:00,473.235,2021-12-27 14:52:00-06:00,477.03499999999997,471.38,380.0,long: close 473.19 > upper 473.16,flatten
2022-01-04,-1,7,2022-01-04 13:00:00-06:00,475.675,2022-01-04 13:30:00-06:00,476.58500000000004,478.32,-63.7,short: close 475.72 < lower 475.84,exit short: close 476.55 > lower 475.94
2022-01-05,-1,9,2022-01-05 13:30:00-06:00,473.375,2022-01-05 14:52:00-06:00,469.40500000000003,475.48,357.3,short: close 473.40 < lower 475.24,flatten
2022-01-06,-1,17,2022-01-06 09:00:00-06:00,466.995,2022-01-06 09:25:00-06:00,468.08500000000004,468.04,-185.3,short: close 467.05 < lower 467.09,stop
2022-01-07,-1,14,2022-01-07 10:00:00-06:00,465.22499999999997,2022-01-07 10:29:00-06:00,466.52500000000003,466.48,-182.0,short: close 465.25 < lower 466.68,stop
2022-01-07,-1,13,2022-01-07 10:30:00-06:00,466.395,2022-01-07 10:54:00-06:00,467.82500000000005,467.78000000000003,-185.9,short: close 466.45 < lower 466.56,stop
2022-01-10,-1,8,2022-01-10 09:00:00-06:00,459.29499999999996,2022-01-10 12:50:00-06:00,461.745,461.7,-196.0,short: close 459.36 < lower 462.00,stop
2022-01-11,-1,17,2022-01-11 09:00:00-06:00,462.815,2022-01-11 09:04:00-06:00,463.94500000000005,463.90000000000003,-192.1,short: close 462.86 < lower 464.30,stop
2022-01-11,-1,11,2022-01-11 10:00:00-06:00,463.395,2022-01-11 10:12:00-06:00,465.07500000000005,465.03000000000003,-184.8,short: close 463.43 < lower 463.74,stop
2022-01-12,1,9,2022-01-12 09:00:00-06:00,472.685,2022-01-12 09:30:00-06:00,472.335,470.74,-31.5,long: close 472.63 > upper 472.60,exit long: close 472.38 < upper 472.73
2022-01-13,-1,9,2022-01-13 11:30:00-06:00,467.68,2022-01-13 14:52:00-06:00,464.175,469.64,315.45,short: close 467.72 < lower 469.68,flatten
2022-01-18,-1,5,2022-01-18 09:00:00-06:00,458.055,2022-01-18 09:30:00-06:00,459.135,461.62,-54.0,short: close 458.12 < lower 458.66,exit short: close 459.12 > lower 458.77
2022-01-18,-1,5,2022-01-18 10:00:00-06:00,457.47499999999997,2022-01-18 14:00:00-06:00,458.46500000000003,461.18,-49.5,short: close 457.50 < lower 458.51,exit short: close 458.43 > lower 458.16
2022-01-19,1,9,2022-01-19 09:00:00-06:00,459.52500000000003,2022-01-19 09:18:00-06:00,457.525,457.57,-180.0,long: close 459.48 > upper 459.30,stop
2022-01-19,-1,8,2022-01-19 13:30:00-06:00,454.41499999999996,2022-01-19 14:00:00-06:00,455.425,456.76,-80.8,short: close 454.48 < lower 454.99,exit short: close 455.37 > lower 454.91
2022-01-20,1,8,2022-01-20 09:00:00-06:00,456.76500000000004,2022-01-20 13:00:00-06:00,455.255,454.62,-120.8,long: close 456.71 > upper 454.92,exit long: close 455.29 < upper 455.30
2022-01-21,-1,9,2022-01-21 09:00:00-06:00,443.59499999999997,2022-01-21 09:36:00-06:00,445.595,445.55,-180.0,short: close 443.63 < lower 444.22,stop
2022-01-21,-1,8,2022-01-21 11:30:00-06:00,443.525,2022-01-21 14:52:00-06:00,439.245,445.79,342.4,short: close 443.58 < lower 443.91,flatten
2022-01-24,-1,4,2022-01-24 09:00:00-06:00,429.04499999999996,2022-01-24 13:00:00-06:00,431.315,433.47,-90.8,short: close 429.07 < lower 430.60,exit short: close 431.26 > lower 430.28
2022-01-24,-1,3,2022-01-24 13:30:00-06:00,428.435,2022-01-24 14:00:00-06:00,430.355,433.40000000000003,-57.6,short: close 428.49 < lower 430.07,exit short: close 430.32 > lower 429.98
2022-01-25,-1,3,2022-01-25 09:00:00-06:00,429.085,2022-01-25 09:30:00-06:00,432.52500000000003,434.06,-103.2,short: close 429.14 < lower 431.51,exit short: close 432.52 > lower 431.52
2022-01-25,-1,3,2022-01-25 11:00:00-06:00,429.755,2022-01-25 11:30:00-06:00,432.415,435.03000000000003,-79.8,short: close 429.81 < lower 431.21,exit short: close 432.39 > lower 430.70
2022-01-27,1,4,2022-01-27 09:00:00-06:00,440.345,2022-01-27 09:30:00-06:00,437.35499999999996,436.04,-119.6,long: close 440.28 > upper 440.17,exit long: close 437.46 < upper 439.91
2022-01-27,-1,4,2022-01-27 12:30:00-06:00,430.28499999999997,2022-01-27 13:00:00-06:00,432.02500000000003,434.64,-69.6,short: close 430.32 < lower 431.51,exit short: close 431.99 > lower 431.76
2022-01-28,-1,7,2022-01-28 09:00:00-06:00,428.455,2022-01-28 09:16:00-06:00,431.185,431.14,-191.1,short: close 428.49 < lower 429.31,stop
2022-01-28,1,7,2022-01-28 10:30:00-06:00,435.045,2022-01-28 12:00:00-06:00,434.525,432.62,-36.4,long: close 435.00 > upper 434.40,exit long: close 434.58 < upper 435.12
2022-01-31,1,9,2022-01-31 09:30:00-06:00,444.415,2022-01-31 14:52:00-06:00,449.47499999999997,442.3,455.4,long: close 444.37 > upper 443.68,flatten
2022-02-04,1,7,2022-02-04 12:30:00-06:00,449.805,2022-02-04 14:52:00-06:00,449.925,447.1,8.4,long: close 449.75 > upper 449.20,flatten
2022-02-08,1,9,2022-02-08 10:30:00-06:00,449.055,2022-02-08 13:30:00-06:00,448.875,447.12,-16.2,long: close 448.98 > upper 448.91,exit long: close 448.92 < upper 450.03
2022-02-11,-1,7,2022-02-11 12:00:00-06:00,446.635,2022-02-11 14:52:00-06:00,441.83500000000004,449.28000000000003,336.0,short: close 446.69 < lower 446.76,flatten
2022-02-14,-1,10,2022-02-14 10:00:00-06:00,437.835,2022-02-14 10:25:00-06:00,439.625,439.58,-179.0,short: close 437.87 < lower 438.47,stop
2022-02-14,-1,6,2022-02-14 13:00:00-06:00,436.215,2022-02-14 13:30:00-06:00,437.52500000000003,439.28000000000003,-78.6,short: close 436.24 < lower 437.14,exit short: close 437.49 > lower 437.11
2022-02-15,1,5,2022-02-15 10:00:00-06:00,445.555,2022-02-15 10:30:00-06:00,444.945,441.76,-30.5,long: close 445.52 > upper 445.20,exit long: close 444.98 < upper 445.00
2022-02-15,1,4,2022-02-15 11:00:00-06:00,445.65500000000003,2022-02-15 11:30:00-06:00,444.315,441.6,-53.6,long: close 445.60 > upper 445.46,exit long: close 444.34 < upper 445.75
2022-02-17,-1,6,2022-02-17 09:00:00-06:00,440.72499999999997,2022-02-17 11:30:00-06:00,441.45500000000004,443.59000000000003,-43.8,short: close 440.79 < lower 442.05,exit short: close 441.42 > lower 441.39
2022-02-17,-1,5,2022-02-17 12:00:00-06:00,441.09499999999997,2022-02-17 14:52:00-06:00,436.975,444.73,206.0,short: close 441.15 < lower 441.28,flatten
2022-02-18,1,16,2022-02-18 09:00:00-06:00,438.435,2022-02-18 09:11:00-06:00,437.255,437.3,-188.8,long: close 438.36 > upper 438.35,stop
2022-02-18,-1,11,2022-02-18 10:00:00-06:00,435.435,2022-02-18 13:30:00-06:00,436.245,437.12,-89.1,short: close 435.47 < lower 435.54,exit short: close 436.20 > lower 434.48
2022-02-22,-1,6,2022-02-22 12:00:00-06:00,429.405,2022-02-22 14:00:00-06:00,430.995,432.41,-95.4,short: close 429.44 < lower 430.08,exit short: close 430.94 > lower 429.51
2022-02-23,-1,6,2022-02-23 10:00:00-06:00,428.09499999999997,2022-02-23 11:00:00-06:00,428.875,430.97,-46.8,short: close 428.14 < lower 428.29,exit short: close 428.81 > lower 428.08
2022-02-23,-1,5,2022-02-23 12:30:00-06:00,425.685,2022-02-23 14:52:00-06:00,421.575,429.04,205.5,short: close 425.72 < lower 427.82,flatten
2022-02-25,1,7,2022-02-25 09:30:00-06:00,431.90500000000003,2022-02-25 14:52:00-06:00,437.515,429.46000000000004,392.7,long: close 431.87 > upper 431.40,flatten
2022-03-01,-1,4,2022-03-01 11:00:00-06:00,429.71999999999997,2022-03-01 14:52:00-06:00,428.165,433.66,62.2,short: close 429.76 < lower 431.92,flatten
2022-03-02,1,5,2022-03-02 10:30:00-06:00,436.77500000000003,2022-03-02 14:52:00-06:00,439.245,432.88,123.5,long: close 436.73 > upper 435.11,flatten
2022-03-03,-1,4,2022-03-03 10:00:00-06:00,434.85499999999996,2022-03-03 10:30:00-06:00,435.855,438.8,-40.0,short: close 434.91 < lower 435.21,exit short: close 435.82 > lower 434.85
2022-03-04,-1,4,2022-03-04 09:30:00-06:00,429.765,2022-03-04 10:30:00-06:00,429.01500000000004,433.7,30.0,short: close 429.80 < lower 429.81,exit short: close 428.98 > lower 428.74
2022-03-07,-1,10,2022-03-07 09:00:00-06:00,427.755,2022-03-07 14:52:00-06:00,420.16,429.48,759.5,short: close 427.83 < lower 430.17,flatten
2022-03-08,-1,7,2022-03-08 09:30:00-06:00,416.315,2022-03-08 09:54:00-06:00,418.805,418.76,-174.3,short: close 416.37 < lower 417.14,stop
2022-03-08,1,5,2022-03-08 11:30:00-06:00,423.83500000000004,2022-03-08 12:54:00-06:00,420.28499999999997,420.33,-177.5,long: close 423.83 > upper 423.09,stop
2022-03-14,1,5,2022-03-14 10:00:00-05:00,424.375,2022-03-14 10:30:00-05:00,422.23499999999996,421.08,-107.0,long: close 424.31 > upper 423.78,exit long: close 422.27 < upper 424.46
2022-03-15,1,3,2022-03-15 11:30:00-05:00,424.115,2022-03-15 12:00:00-05:00,423.525,419.02,-17.7,long: close 424.08 > upper 423.53,exit long: close 423.58 < upper 423.64
2022-03-16,1,5,2022-03-16 09:00:00-05:00,431.975,2022-03-16 10:30:00-05:00,432.825,428.66,42.5,long: close 431.93 > upper 431.34,exit long: close 432.86 < upper 433.45
2022-03-17,1,4,2022-03-17 13:00:00-05:00,439.485,2022-03-17 13:30:00-05:00,438.265,434.82,-48.8,long: close 439.44 > upper 439.28,exit long: close 438.30 < upper 439.21
2022-03-22,1,9,2022-03-22 09:00:00-05:00,447.255,2022-03-22 11:00:00-05:00,448.65,445.22,125.55,long: close 447.21 > upper 447.18,exit long: close 448.70 < upper 448.74
2022-03-22,1,4,2022-03-22 13:00:00-05:00,449.555,2022-03-22 13:30:00-05:00,448.53499999999997,445.38,-40.8,long: close 449.50 > upper 449.32,exit long: close 448.58 < upper 449.31
2022-04-04,1,16,2022-04-04 09:00:00-05:00,454.545,2022-04-04 12:00:00-05:00,454.865,453.44,51.2,long: close 454.52 > upper 454.11,exit long: close 454.92 < upper 455.22
2022-04-04,1,8,2022-04-04 13:00:00-05:00,455.755,2022-04-04 14:30:00-05:00,456.065,453.42,24.8,long: close 455.71 > upper 455.34,exit long: close 456.10 < upper 456.24
2022-04-05,-1,7,2022-04-05 11:30:00-05:00,452.72499999999997,2022-04-05 12:00:00-05:00,453.595,455.42,-60.9,short: close 452.77 < lower 453.30,exit short: close 453.56 > lower 453.29
2022-04-05,-1,6,2022-04-05 13:00:00-05:00,452.97499999999997,2022-04-05 14:52:00-05:00,450.64500000000004,455.90000000000003,139.8,short: close 453.02 < lower 453.08,flatten
2022-04-06,-1,6,2022-04-06 09:00:00-05:00,445.5351,2022-04-06 10:30:00-05:00,445.5,448.64,2.11,short: close 445.59 < lower 445.90,exit short: close 445.45 > lower 445.42
2022-04-06,-1,4,2022-04-06 11:30:00-05:00,444.84499999999997,2022-04-06 12:00:00-05:00,445.305,448.78000000000003,-18.4,short: close 444.89 < lower 445.06,exit short: close 445.28 > lower 445.01
2022-04-08,-1,14,2022-04-08 09:00:00-05:00,446.03499999999997,2022-04-08 09:08:00-05:00,447.38500000000005,447.34000000000003,-189.0,short: close 446.10 < lower 447.06,stop
2022-04-08,1,13,2022-04-08 10:00:00-05:00,449.845,2022-04-08 10:30:00-05:00,449.29499999999996,448.5,-71.5,long: close 449.79 > upper 449.71,exit long: close 449.34 < upper 450.13
2022-04-11,-1,6,2022-04-11 09:30:00-05:00,442.71999999999997,2022-04-11 14:00:00-05:00,442.505,445.52,12.9,short: close 442.76 < lower 443.07,exit short: close 442.44 > lower 442.22
2022-04-12,1,7,2022-04-12 09:00:00-05:00,445.115,2022-04-12 09:30:00-05:00,443.585,442.64,-107.1,long: close 445.06 > upper 443.99,exit long: close 443.63 < upper 444.02
2022-04-12,-1,6,2022-04-12 13:30:00-05:00,438.435,2022-04-12 14:00:00-05:00,438.855,441.46000000000004,-25.2,short: close 438.49 < lower 438.51,exit short: close 438.83 > lower 438.20
2022-04-13,1,17,2022-04-13 09:30:00-05:00,439.33500000000004,2022-04-13 14:52:00-05:00,443.59499999999997,438.31,724.2,long: close 439.28 > upper 439.16,flatten
2022-04-14,-1,16,2022-04-14 09:00:00-05:00,442.135,2022-04-14 10:30:00-05:00,442.095,443.28000000000003,6.4,short: close 442.13 < lower 442.31,exit short: close 442.04 > lower 441.99
2022-04-14,-1,11,2022-04-14 11:00:00-05:00,440.72999999999996,2022-04-14 14:52:00-05:00,438.255,442.33,272.25,short: close 440.78 < lower 441.86,flatten
2022-04-19,1,16,2022-04-19 09:00:00-05:00,441.445,2022-04-19 14:52:00-05:00,445.715,440.3,683.2,long: close 441.42 > upper 439.07,flatten
2022-04-21,-1,4,2022-04-21 13:00:00-05:00,441.685,2022-04-21 14:52:00-05:00,438.565,445.92,124.8,short: close 441.75 < lower 442.39,flatten
2022-04-22,-1,9,2022-04-22 09:00:00-05:00,434.29499999999996,2022-04-22 14:52:00-05:00,426.305,436.29,719.1,short: close 434.31 < lower 435.47,flatten
2022-04-25,-1,7,2022-04-25 09:00:00-05:00,420.255,2022-04-25 09:25:00-05:00,423.00500000000005,422.96000000000004,-192.5,short: close 420.30 < lower 422.17,stop
2022-04-25,-1,6,2022-04-25 10:00:00-05:00,420.655,2022-04-25 11:30:00-05:00,421.755,423.56,-66.0,short: close 420.72 < lower 421.97,exit short: close 421.68 > lower 420.89
2022-04-26,-1,6,2022-04-26 09:00:00-05:00,423.805,2022-04-26 14:52:00-05:00,417.77500000000003,426.8,361.8,short: close 423.86 < lower 424.17,flatten
2022-04-27,1,8,2022-04-27 09:00:00-05:00,420.795,2022-04-27 09:11:00-05:00,418.555,418.6,-179.2,long: close 420.75 > upper 418.88,stop
2022-04-27,1,6,2022-04-27 10:30:00-05:00,419.865,2022-04-27 11:00:00-05:00,419.635,417.0,-13.8,long: close 419.80 > upper 419.53,exit long: close 419.69 < upper 419.96
2022-04-28,1,3,2022-04-28 12:00:00-05:00,425.64500000000004,2022-04-28 14:52:00-05:00,426.99,420.16,40.35,long: close 425.60 > upper 425.27,flatten
2022-04-29,-1,4,2022-04-29 09:30:00-05:00,421.145,2022-04-29 14:52:00-05:00,412.415,425.16,349.2,short: close 421.18 < lower 421.68,flatten
2022-05-02,1,9,2022-05-02 09:30:00-05:00,414.485,2022-05-02 09:57:00-05:00,412.435,412.48,-184.5,long: close 414.46 > upper 414.06,stop
2022-05-02,-1,4,2022-05-02 13:00:00-05:00,407.53499999999997,2022-05-02 14:22:00-05:00,411.52500000000003,411.48,-159.6,short: close 407.65 < lower 408.11,stop
2022-05-03,1,7,2022-05-03 10:30:00-05:00,418.005,2022-05-03 11:30:00-05:00,416.585,415.28000000000003,-99.4,long: close 417.95 > upper 417.47,exit long: close 416.65 < upper 418.06
2022-05-05,-1,4,2022-05-05 09:00:00-05:00,421.54499999999996,2022-05-05 14:52:00-05:00,413.075,425.59000000000003,338.8,short: close 421.56 < lower 422.71,flatten
2022-05-06,-1,5,2022-05-06 09:00:00-05:00,406.305,2022-05-06 09:17:00-05:00,409.625,409.58,-166.0,short: close 406.36 < lower 409.24,stop
2022-05-09,-1,3,2022-05-09 09:30:00-05:00,402.405,2022-05-09 11:00:00-05:00,401.95500000000004,407.93,13.5,short: close 402.46 < lower 402.73,exit short: close 401.90 > lower 401.51
2022-05-09,-1,3,2022-05-09 12:00:00-05:00,400.675,2022-05-09 12:30:00-05:00,401.625,406.68,-28.5,short: close 400.72 < lower 401.28,exit short: close 401.58 > lower 401.33
2022-05-11,1,8,2022-05-11 09:00:00-05:00,402.295,2022-05-11 09:09:00-05:00,399.995,400.04,-184.0,long: close 402.26 > upper 400.82,stop
2022-05-11,1,6,2022-05-11 09:30:00-05:00,402.685,2022-05-11 10:00:00-05:00,401.395,399.90000000000003,-77.4,long: close 402.68 > upper 401.35,exit long: close 401.45 < upper 401.91
2022-05-13,1,4,2022-05-13 09:00:00-05:00,398.685,2022-05-13 13:00:00-05:00,399.29499999999996,394.66,24.4,long: close 398.64 > upper 398.59,exit long: close 399.35 < upper 400.53
2022-05-18,-1,4,2022-05-18 09:00:00-05:00,401.115,2022-05-18 10:00:00-05:00,400.805,405.14,12.4,short: close 401.16 < lower 401.87,exit short: close 400.77 > lower 400.40
2022-05-18,-1,3,2022-05-18 10:30:00-05:00,396.995,2022-05-18 14:52:00-05:00,391.365,402.96000000000004,168.9,short: close 397.03 < lower 399.95,flatten
2022-05-20,-1,4,2022-05-20 11:30:00-05:00,384.4,2022-05-20 14:30:00-05:00,385.295,389.25,-35.8,short: close 384.44 < lower 386.51,exit short: close 385.27 > lower 384.99
2022-05-23,1,3,2022-05-23 11:30:00-05:00,396.565,2022-05-23 12:00:00-05:00,395.925,391.40000000000003,-19.2,long: close 396.53 > upper 396.39,exit long: close 395.95 < upper 396.59
2022-05-24,-1,5,2022-05-24 09:00:00-05:00,390.755,2022-05-24 10:30:00-05:00,388.665,394.48,104.5,short: close 390.77 < lower 391.02,exit short: close 388.61 > lower 388.46
2022-05-26,1,9,2022-05-26 09:00:00-05:00,402.605,2022-05-26 14:52:00-05:00,406.025,400.48,307.8,long: close 402.57 > upper 400.25,flatten
2022-05-27,1,6,2022-05-27 09:00:00-05:00,411.065,2022-05-27 10:00:00-05:00,410.91499999999996,408.18,-9.0,long: close 411.03 > upper 409.49,exit long: close 410.95 < upper 411.61
2022-05-27,1,3,2022-05-27 11:00:00-05:00,412.565,2022-05-27 14:52:00-05:00,414.005,407.34000000000003,43.2,long: close 412.50 > upper 411.85,flatten
2022-05-31,-1,7,2022-05-31 09:00:00-05:00,411.115,2022-05-31 09:30:00-05:00,411.76500000000004,413.82,-45.5,short: close 411.20 < lower 411.75,exit short: close 411.74 > lower 410.51
2022-06-01,-1,4,2022-06-01 10:30:00-05:00,408.745,2022-06-01 12:30:00-05:00,409.295,413.62,-22.0,short: close 408.78 < lower 409.18,exit short: close 409.20 > lower 409.20
2022-06-02,1,4,2022-06-02 11:30:00-05:00,414.01500000000004,2022-06-02 14:52:00-05:00,416.4,409.95,95.4,long: close 413.97 > upper 413.59,flatten
2022-06-10,-1,3,2022-06-10 09:30:00-05:00,390.28999999999996,2022-06-10 12:30:00-05:00,391.565,395.98,-38.25,short: close 390.33 < lower 392.51,exit short: close 391.52 > lower 391.15
2022-06-13,-1,3,2022-06-13 09:30:00-05:00,377.145,2022-06-13 10:30:00-05:00,377.40500000000003,383.14,-7.8,short: close 377.18 < lower 377.41,exit short: close 377.38 > lower 376.88
2022-06-16,-1,3,2022-06-16 09:00:00-05:00,368.765,2022-06-16 09:30:00-05:00,368.985,374.44,-6.6,short: close 368.82 < lower 369.16,exit short: close 368.93 > lower 368.26
2022-06-16,-1,3,2022-06-16 10:00:00-05:00,366.025,2022-06-16 10:30:00-05:00,368.195,372.02,-65.1,short: close 366.06 < lower 368.47,exit short: close 368.16 > lower 367.92
2022-06-17,1,9,2022-06-17 09:00:00-05:00,368.45500000000004,2022-06-17 09:15:00-05:00,366.495,366.54,-176.4,long: close 368.39 > upper 368.13,stop
2022-06-21,1,4,2022-06-21 09:00:00-05:00,374.885,2022-06-21 14:52:00-05:00,375.48499999999996,370.64,24.0,long: close 374.83 > upper 373.11,flatten
2022-06-24,1,6,2022-06-24 09:00:00-05:00,383.875,2022-06-24 14:52:00-05:00,388.905,380.78000000000003,301.8,long: close 383.79 > upper 382.86,flatten
2022-06-27,-1,9,2022-06-27 09:00:00-05:00,388.085,2022-06-27 09:30:00-05:00,388.235,390.2,-13.5,short: close 388.10 < lower 388.43,exit short: close 388.19 > lower 387.54
2022-06-28,-1,5,2022-06-28 10:30:00-05:00,385.72499999999997,2022-06-28 14:52:00-05:00,381.0049,389.0,236.0,short: close 385.77 < lower 386.16,flatten
2022-06-30,-1,5,2022-06-30 09:00:00-05:00,373.315,2022-06-30 10:00:00-05:00,375.785,377.06,-123.5,short: close 373.34 < lower 374.57,exit short: close 375.77 > lower 373.74
2022-07-05,-1,4,2022-07-05 09:00:00-05:00,373.78499999999997,2022-07-05 09:30:00-05:00,374.485,378.26,-28.0,short: close 373.89 < lower 374.07,exit short: close 374.44 > lower 373.60
2022-07-07,1,6,2022-07-07 09:00:00-05:00,387.435,2022-07-07 09:30:00-05:00,386.825,384.62,-36.6,long: close 387.38 > upper 387.04,exit long: close 386.86 < upper 387.14
2022-07-07,1,6,2022-07-07 10:00:00-05:00,387.415,2022-07-07 10:30:00-05:00,387.10339999999997,384.36,-18.7,long: close 387.38 > upper 387.28,exit long: close 387.13 < upper 387.31
2022-07-14,-1,4,2022-07-14 09:30:00-05:00,371.935,2022-07-14 10:00:00-05:00,372.40500000000003,376.08,-18.8,short: close 371.97 < lower 372.13,exit short: close 372.36 > lower 372.00
2022-07-19,1,5,2022-07-19 09:30:00-05:00,388.105,2022-07-19 14:52:00-05:00,392.255,384.78000000000003,207.5,long: close 388.06 > upper 387.36,flatten
2022-07-20,1,11,2022-07-20 10:00:00-05:00,395.995,2022-07-20 11:44:00-05:00,394.335,394.38,-182.6,long: close 395.95 > upper 393.95,stop
2022-07-20,1,9,2022-07-20 12:00:00-05:00,394.725,2022-07-20 12:10:00-05:00,392.735,392.78000000000003,-179.1,long: close 394.69 > upper 394.27,stop
2022-07-21,-1,10,2022-07-21 09:30:00-05:00,392.055,2022-07-21 09:56:00-05:00,393.88500000000005,393.84000000000003,-183.0,short: close 392.07 < lower 392.68,stop
2022-07-21,1,8,2022-07-21 11:30:00-05:00,397.39500000000004,2022-07-21 12:30:00-05:00,396.53499999999997,395.19,-68.8,long: close 397.35 > upper 396.68,exit long: close 396.59 < upper 396.63
2022-07-22,-1,10,2022-07-22 10:30:00-05:00,396.675,2022-07-22 14:30:00-05:00,394.935,398.56,174.0,short: close 396.72 < lower 396.97,exit short: close 394.87 > lower 394.85
2022-07-26,-1,7,2022-07-26 10:30:00-05:00,391.315,2022-07-26 12:30:00-05:00,392.235,393.98,-64.4,short: close 391.36 < lower 392.04,exit short: close 392.19 > lower 391.79
2022-07-26,-1,5,2022-07-26 13:00:00-05:00,391.22999999999996,2022-07-26 14:00:00-05:00,390.785,394.52,22.25,short: close 391.27 < lower 391.41,exit short: close 390.73 > lower 390.45
2022-07-27,1,5,2022-07-27 10:00:00-05:00,396.185,2022-07-27 10:30:00-05:00,396.075,392.84000000000003,-5.5,long: close 396.12 > upper 395.99,exit long: close 396.13 < upper 396.22
2022-07-27,1,5,2022-07-27 11:00:00-05:00,396.695,2022-07-27 12:00:00-05:00,395.97499999999997,392.88,-36.0,long: close 396.65 > upper 396.46,exit long: close 396.03 < upper 396.49
2022-07-28,-1,13,2022-07-28 09:00:00-05:00,399.335,2022-07-28 09:48:00-05:00,400.76500000000004,400.72,-185.9,short: close 399.34 < lower 400.06,stop
2022-07-28,1,8,2022-07-28 10:30:00-05:00,403.89500000000004,2022-07-28 11:00:00-05:00,403.60499999999996,401.58,-23.2,long: close 403.86 > upper 403.77,exit long: close 403.65 < upper 403.99
2022-07-29,1,10,2022-07-29 09:00:00-05:00,409.255,2022-07-29 10:30:00-05:00,408.23499999999996,407.40000000000003,-102.0,long: close 409.18 > upper 408.64,exit long: close 408.30 < upper 409.40
2022-07-29,1,6,2022-07-29 12:00:00-05:00,410.535,2022-07-29 14:52:00-05:00,412.75,407.5,132.9,long: close 410.48 > upper 409.84,flatten
2022-08-03,1,8,2022-08-03 09:00:00-05:00,411.52500000000003,2022-08-03 09:30:00-05:00,411.615,409.36,7.2,long: close 411.53 > upper 411.40,exit long: close 411.67 < upper 411.86
2022-08-03,1,6,2022-08-03 10:30:00-05:00,412.495,2022-08-03 14:52:00-05:00,415.155,409.6,159.6,long: close 412.46 > upper 412.11,flatten
2022-08-08,1,9,2022-08-08 09:00:00-05:00,417.235,2022-08-08 09:30:00-05:00,416.695,415.18,-48.6,long: close 417.19 > upper 416.40,exit long: close 416.71 < upper 416.93
2022-08-12,1,8,2022-08-12 10:30:00-05:00,423.46500000000003,2022-08-12 11:00:00-05:00,423.375,421.14,-7.2,long: close 423.41 > upper 423.36,exit long: close 423.42 < upper 423.67
2022-08-12,1,6,2022-08-12 11:30:00-05:00,424.295,2022-08-12 14:52:00-05:00,426.47499999999997,421.32,130.8,long: close 424.22 > upper 424.00,flatten
2022-08-16,1,7,2022-08-16 13:00:00-05:00,431.035,2022-08-16 13:30:00-05:00,431.195,428.34000000000003,11.2,long: close 431.00 > upper 430.99,exit long: close 431.23 < upper 431.29
2022-08-19,-1,7,2022-08-19 09:00:00-05:00,423.125,2022-08-19 12:00:00-05:00,423.355,425.68,-16.1,short: close 423.17 < lower 423.85,exit short: close 423.30 > lower 422.97
2022-08-19,-1,6,2022-08-19 12:30:00-05:00,422.72999999999996,2022-08-19 14:52:00-05:00,422.505,425.90000000000003,13.5,short: close 422.80 < lower 423.24,flatten
2022-08-22,-1,5,2022-08-22 09:30:00-05:00,414.85499999999996,2022-08-22 12:00:00-05:00,415.195,418.48,-17.0,short: close 414.90 < lower 415.98,exit short: close 415.17 > lower 415.15
2022-08-22,-1,4,2022-08-22 12:30:00-05:00,414.075,2022-08-22 14:52:00-05:00,413.445,418.42,25.2,short: close 414.13 < lower 415.26,flatten
2022-08-24,1,17,2022-08-24 10:30:00-05:00,414.485,2022-08-24 11:44:00-05:00,413.395,413.44,-185.3,long: close 414.44 > upper 413.28,stop
2022-08-25,1,10,2022-08-25 09:00:00-05:00,416.445,2022-08-25 10:30:00-05:00,415.625,414.54,-82.0,long: close 416.40 > upper 416.34,exit long: close 415.68 < upper 416.30
2022-08-26,-1,15,2022-08-26 09:30:00-05:00,414.85499999999996,2022-08-26 14:52:00-05:00,406.03000000000003,416.02,1323.75,short: close 414.88 < lower 418.28,flatten
2022-08-30,-1,9,2022-08-30 09:30:00-05:00,400.005,2022-08-30 14:52:00-05:00,397.565,401.94,219.6,short: close 400.05 < lower 401.31,flatten
2022-09-01,-1,6,2022-09-01 10:00:00-05:00,390.28499999999997,2022-09-01 11:00:00-05:00,391.21500000000003,393.08,-55.8,short: close 390.34 < lower 391.22,exit short: close 391.18 > lower 390.74
2022-09-02,-1,4,2022-09-02 12:30:00-05:00,393.4534,2022-09-02 13:30:00-05:00,393.805,397.83,-14.06,short: close 393.49 < lower 393.97,exit short: close 393.74 > lower 393.39
2022-09-06,-1,10,2022-09-06 09:30:00-05:00,390.35499999999996,2022-09-06 09:40:00-05:00,392.26500000000004,392.22,-191.0,short: close 390.41 < lower 390.82,stop
2022-09-06,-1,6,2022-09-06 12:30:00-05:00,389.48499999999996,2022-09-06 13:00:00-05:00,390.40700000000004,392.52,-55.32,short: close 389.54 < lower 389.65,exit short: close 390.38 > lower 389.25
2022-09-07,1,16,2022-09-07 09:00:00-05:00,391.77500000000003,2022-09-07 09:30:00-05:00,392.335,390.66,89.6,long: close 391.73 > upper 391.73,exit long: close 392.37 < upper 392.42
2022-09-07,1,9,2022-09-07 10:00:00-05:00,392.825,2022-09-07 14:52:00-05:00,398.005,390.90000000000003,466.2,long: close 392.79 > upper 392.53,flatten
2022-09-08,1,6,2022-09-08 10:00:00-05:00,399.95,2022-09-08 11:00:00-05:00,399.465,396.8,-29.1,long: close 399.90 > upper 399.69,exit long: close 399.49 < upper 399.87
2022-09-09,1,8,2022-09-09 09:00:00-05:00,404.325,2022-09-09 11:30:00-05:00,404.745,402.08,33.6,long: close 404.27 > upper 403.81,exit long: close 404.79 < upper 405.19
2022-09-09,1,5,2022-09-09 12:00:00-05:00,406.02500000000003,2022-09-09 14:00:00-05:00,406.695,402.13,33.5,long: close 405.97 > upper 405.48,exit long: close 406.73 < upper 406.80
2022-09-12,1,8,2022-09-12 09:00:00-05:00,411.065,2022-09-12 10:00:00-05:00,410.47499999999997,408.86,-47.2,long: close 411.01 > upper 409.87,exit long: close 410.51 < upper 411.14
2022-09-13,-1,3,2022-09-13 10:00:00-05:00,398.385,2022-09-13 12:30:00-05:00,399.495,404.38,-33.3,short: close 398.41 < lower 399.56,exit short: close 399.45 > lower 398.47
2022-09-13,-1,3,2022-09-13 13:30:00-05:00,397.2049,2022-09-13 14:52:00-05:00,393.375,403.2,114.9,short: close 397.25 < lower 398.13,flatten
2022-09-16,-1,4,2022-09-16 09:00:00-05:00,382.495,2022-09-16 09:30:00-05:00,384.33500000000004,386.72,-73.6,short: close 382.61 < lower 382.92,exit short: close 384.29 > lower 382.23
2022-09-20,-1,3,2022-09-20 13:00:00-05:00,381.35999999999996,2022-09-20 13:30:00-05:00,382.745,386.31,-41.55,short: close 381.41 < lower 381.86,exit short: close 382.71 > lower 381.88
2022-09-22,-1,10,2022-09-22 09:00:00-05:00,374.905,2022-09-22 09:30:00-05:00,375.675,376.68,-77.0,short: close 374.93 < lower 375.21,exit short: close 375.65 > lower 375.05
2022-09-22,-1,8,2022-09-22 10:00:00-05:00,374.04499999999996,2022-09-22 11:30:00-05:00,375.105,376.2,-84.8,short: close 374.09 < lower 374.83,exit short: close 375.06 > lower 375.02
2022-09-23,-1,5,2022-09-23 09:00:00-05:00,367.755,2022-09-23 14:52:00-05:00,367.46500000000003,371.04,14.5,short: close 367.79 < lower 369.12,flatten
2022-09-26,1,8,2022-09-26 09:30:00-05:00,369.875,2022-09-26 10:00:00-05:00,368.455,367.46,-113.6,long: close 369.82 > upper 369.59,exit long: close 368.48 < upper 369.85
2022-09-26,-1,6,2022-09-26 12:30:00-05:00,363.585,2022-09-26 13:30:00-05:00,363.845,366.7,-15.6,short: close 363.67 < lower 364.06,exit short: close 363.82 > lower 363.57
2022-09-27,-1,5,2022-09-27 11:30:00-05:00,362.175,2022-09-27 12:00:00-05:00,362.76500000000004,365.84000000000003,-29.5,short: close 362.19 < lower 362.51,exit short: close 362.73 > lower 362.41
2022-09-27,-1,4,2022-09-27 12:30:00-05:00,361.84499999999997,2022-09-27 13:00:00-05:00,361.805,366.03000000000003,1.6,short: close 361.91 < lower 361.99,exit short: close 361.76 > lower 361.74
2022-09-28,1,8,2022-09-28 09:30:00-05:00,366.475,2022-09-28 14:52:00-05:00,371.625,364.3,412.0,long: close 366.43 > upper 366.05,flatten
2022-09-29,-1,6,2022-09-29 09:00:00-05:00,363.145,2022-09-29 14:52:00-05:00,362.975,366.34000000000003,10.2,short: close 363.19 < lower 365.46,flatten
2022-09-30,1,8,2022-09-30 10:30:00-05:00,365.33500000000004,2022-09-30 10:50:00-05:00,362.97499999999997,363.02,-188.8,long: close 365.28 > upper 364.61,stop
2022-10-03,1,5,2022-10-03 09:30:00-05:00,364.425,2022-10-03 14:52:00-05:00,366.63,360.74,110.25,long: close 364.34 > upper 362.84,flatten
2022-10-04,1,4,2022-10-04 09:00:00-05:00,376.055,2022-10-04 13:30:00-05:00,375.53499999999997,371.72,-20.8,long: close 376.00 > upper 373.85,exit long: close 375.60 < upper 375.72
2022-10-07,-1,5,2022-10-07 09:00:00-05:00,365.495,2022-10-07 14:52:00-05:00,363.21500000000003,369.14,114.0,short: close 365.53 < lower 367.46,flatten
2022-10-10,-1,7,2022-10-10 10:00:00-05:00,360.155,2022-10-10 11:00:00-05:00,360.845,362.90000000000003,-48.3,short: close 360.21 < lower 360.65,exit short: close 360.79 > lower 360.61
2022-10-10,-1,6,2022-10-10 11:30:00-05:00,358.995,2022-10-10 12:52:00-05:00,362.26500000000004,362.22,-196.2,short: close 359.05 < lower 360.16,stop
2022-10-11,-1,7,2022-10-11 09:00:00-05:00,356.54499999999996,2022-10-11 09:30:00-05:00,356.769,359.07,-15.68,short: close 356.59 < lower 356.64,exit short: close 356.77 > lower 356.06
2022-10-13,1,3,2022-10-13 10:30:00-05:00,360.33500000000004,2022-10-13 14:52:00-05:00,366.395,354.34000000000003,181.8,long: close 360.28 > upper 359.02,flatten
2022-10-14,-1,5,2022-10-14 09:30:00-05:00,361.9178,2022-10-14 14:52:00-05:00,358.285,365.53000000000003,181.64,short: close 361.95 < lower 363.64,flatten
2022-10-17,1,4,2022-10-17 09:00:00-05:00,365.89500000000004,2022-10-17 10:00:00-05:00,365.405,361.06,-19.6,long: close 365.87 > upper 365.69,exit long: close 365.45 < upper 366.71
2022-10-20,1,6,2022-10-20 09:30:00-05:00,372.235,2022-10-20 10:30:00-05:00,370.255,369.38,-118.8,long: close 372.14 > upper 371.13,exit long: close 370.29 < upper 372.12
2022-10-21,1,10,2022-10-21 09:00:00-05:00,369.15500000000003,2022-10-21 09:28:00-05:00,367.275,367.32,-188.0,long: close 369.08 > upper 367.12,stop
2022-10-21,1,4,2022-10-21 11:00:00-05:00,370.075,2022-10-21 14:52:00-05:00,374.16499999999996,366.09000000000003,163.6,long: close 370.03 > upper 369.25,flatten
2022-10-25,1,10,2022-10-25 09:00:00-05:00,382.445,2022-10-25 12:00:00-05:00,383.03999999999996,380.53000000000003,59.5,long: close 382.37 > upper 380.72,exit long: close 383.08 < upper 383.09
2022-10-25,1,4,2022-10-25 13:30:00-05:00,384.06,2022-10-25 14:00:00-05:00,383.505,379.34000000000003,-22.2,long: close 384.03 > upper 383.54,exit long: close 383.55 < upper 383.98
2022-10-28,1,9,2022-10-28 09:00:00-05:00,382.615,2022-10-28 14:52:00-05:00,389.115,380.66,585.0,long: close 382.52 > upper 381.88,flatten
2022-11-03,-1,5,2022-11-03 09:00:00-05:00,369.175,2022-11-03 09:28:00-05:00,372.745,372.7,-178.5,short: close 369.17 < lower 369.65,stop
2022-11-08,1,6,2022-11-08 10:30:00-06:00,384.055,2022-11-08 12:30:00-06:00,381.685,381.1,-142.2,long: close 384.00 > upper 383.47,exit long: close 381.74 < upper 384.04
2022-11-09,-1,4,2022-11-09 13:00:00-06:00,376.09499999999997,2022-11-09 13:30:00-06:00,376.41,380.09000000000003,-12.6,short: close 376.14 < lower 376.92,exit short: close 376.34 > lower 376.21
2022-11-10,1,3,2022-11-10 10:00:00-06:00,390.485,2022-11-10 11:30:00-06:00,390.60499999999996,384.48,3.6,long: close 390.44 > upper 390.17,exit long: close 390.65 < upper 391.36
2022-11-10,1,3,2022-11-10 13:00:00-06:00,391.32,2022-11-10 13:30:00-06:00,391.585,385.32,7.95,long: close 391.28 > upper 391.15,exit long: close 391.63 < upper 391.75
2022-11-23,1,15,2022-11-23 09:00:00-06:00,401.45500000000004,2022-11-23 10:55:00-06:00,400.175,400.22,-192.0,long: close 401.38 > upper 400.95,stop
2022-11-28,-1,5,2022-11-28 13:00:00-06:00,396.525,2022-11-28 14:52:00-06:00,395.695,400.44,41.5,short: close 396.57 < lower 396.83,flatten
2022-11-29,-1,14,2022-11-29 10:30:00-06:00,393.685,2022-11-29 11:00:00-06:00,394.695,394.98,-141.4,short: close 393.74 < lower 394.68,exit short: close 394.64 > lower 394.53
2022-11-29,-1,11,2022-11-29 11:30:00-06:00,394.22499999999997,2022-11-29 12:00:00-06:00,394.985,395.86,-83.6,short: close 394.26 < lower 394.35,exit short: close 394.96 > lower 394.42
2022-11-30,-1,15,2022-11-30 09:30:00-06:00,394.14,2022-11-30 10:00:00-06:00,394.255,395.31,-17.25,short: close 394.18 < lower 394.19,exit short: close 394.20 > lower 393.97
2022-11-30,1,7,2022-11-30 13:00:00-06:00,399.76500000000004,2022-11-30 14:52:00-06:00,406.10999999999996,397.22,444.15,long: close 399.72 > upper 397.91,flatten
2022-12-01,-1,10,2022-12-01 09:30:00-06:00,405.23499999999996,2022-12-01 09:51:00-06:00,407.105,407.06,-187.0,short: close 405.27 < lower 406.30,stop
2022-12-05,-1,7,2022-12-05 10:30:00-06:00,402.465,2022-12-05 14:52:00-06:00,399.26500000000004,405.16,224.0,short: close 402.50 < lower 402.71,flatten
2022-12-06,-1,22,2022-12-06 09:00:00-06:00,397.135,2022-12-06 14:52:00-06:00,394.07,397.94,674.3,short: close 397.19 < lower 398.72,flatten
2022-12-08,1,10,2022-12-08 09:00:00-06:00,396.225,2022-12-08 10:30:00-06:00,395.83,394.44,-39.5,long: close 396.18 > upper 395.93,exit long: close 395.87 < upper 396.64
2022-12-12,1,9,2022-12-12 12:00:00-06:00,395.77500000000003,2022-12-12 12:30:00-06:00,395.41499999999996,393.82,-32.4,long: close 395.73 > upper 395.66,exit long: close 395.47 < upper 395.94
2022-12-14,1,18,2022-12-14 09:00:00-06:00,403.89000000000004,2022-12-14 11:30:00-06:00,403.73499999999996,402.92,-27.9,long: close 403.85 > upper 402.75,exit long: close 403.76 < upper 404.20
2022-12-14,1,6,2022-12-14 13:00:00-06:00,404.815,2022-12-14 13:00:00-06:00,401.875,401.92,-176.4,long: close 404.76 > upper 404.67,stop
2022-12-15,-1,5,2022-12-15 09:00:00-06:00,391.555,2022-12-15 14:52:00-06:00,389.505,394.92,102.5,short: close 391.57 < lower 393.50,flatten
2022-12-16,-1,4,2022-12-16 09:30:00-06:00,382.59499999999997,2022-12-16 14:00:00-06:00,382.975,386.72,-15.2,short: close 382.64 < lower 383.31,exit short: close 382.93 > lower 381.84
2022-12-19,-1,6,2022-12-19 13:00:00-06:00,379.85499999999996,2022-12-19 14:52:00-06:00,379.64500000000004,383.08,12.6,short: close 379.90 < lower 380.16,flatten
2022-12-21,1,5,2022-12-21 10:00:00-06:00,386.625,2022-12-21 11:00:00-06:00,385.90799999999996,383.08,-35.85,long: close 386.58 > upper 385.44,exit long: close 385.94 < upper 386.03
2022-12-21,1,4,2022-12-21 12:00:00-06:00,386.45320000000004,2022-12-21 12:30:00-06:00,385.695,382.12,-30.33,long: close 386.39 > upper 386.22,exit long: close 385.75 < upper 386.37
2022-12-22,-1,7,2022-12-22 09:00:00-06:00,381.525,2022-12-22 14:30:00-06:00,380.315,384.14,84.7,short: close 381.58 < lower 382.04,exit short: close 380.28 > lower 379.77
2022-12-23,-1,11,2022-12-23 09:00:00-06:00,378.44,2022-12-23 09:00:00-06:00,380.095,380.05,-182.05,short: close 378.49 < lower 378.60,stop
2022-12-27,-1,16,2022-12-27 09:00:00-06:00,380.47499999999997,2022-12-27 09:18:00-06:00,381.665,381.62,-190.4,short: close 380.51 < lower 381.69,stop
2022-12-28,-1,8,2022-12-28 10:30:00-06:00,379.10499999999996,2022-12-28 12:00:00-06:00,379.355,381.28000000000003,-20.0,short: close 379.15 < lower 379.18,exit short: close 379.33 > lower 378.37
2022-12-28,-1,6,2022-12-28 13:30:00-06:00,378.335,2022-12-28 14:52:00-06:00,377.035,381.3,78.0,short: close 378.38 < lower 378.40,flatten
2022-12-29,1,7,2022-12-29 09:00:00-06:00,381.64500000000004,2022-12-29 14:52:00-06:00,383.85499999999996,379.02,154.7,long: close 381.60 > upper 380.78,flatten
2023-01-03,-1,5,2023-01-03 11:00:00-06:00,379.065,2023-01-03 12:30:00-06:00,379.565,382.90000000000003,-25.0,short: close 379.07 < lower 379.57,exit short: close 379.52 > lower 379.12
2023-01-05,-1,8,2023-01-05 09:00:00-06:00,380.085,2023-01-05 09:30:00-06:00,380.28000000000003,382.38,-15.6,short: close 380.12 < lower 380.44,exit short: close 380.23 > lower 379.84
2023-01-05,-1,6,2023-01-05 10:00:00-06:00,379.35499999999996,2023-01-05 11:00:00-06:00,379.33500000000004,382.46000000000004,1.2,short: close 379.39 < lower 379.62,exit short: close 379.30 > lower 378.91
2023-01-06,1,5,2023-01-06 10:00:00-06:00,385.345,2023-01-06 12:00:00-06:00,385.405,381.66,3.0,long: close 385.27 > upper 384.70,exit long: close 385.46 < upper 385.58
2023-01-06,1,4,2023-01-06 12:30:00-06:00,386.1829,2023-01-06 14:52:00-06:00,388.055,381.55,74.88,long: close 386.13 > upper 385.64,flatten
2023-01-09,1,8,2023-01-09 09:00:00-06:00,391.665,2023-01-09 09:30:00-06:00,391.3751,389.28000000000003,-23.19,long: close 391.60 > upper 391.59,exit long: close 391.42 < upper 392.02
2023-01-09,1,6,2023-01-09 10:00:00-06:00,392.64500000000004,2023-01-09 11:30:00-06:00,392.865,389.42,13.2,long: close 392.60 > upper 392.44,exit long: close 392.91 < upper 393.21
2023-01-12,-1,10,2023-01-12 09:00:00-06:00,393.685,2023-01-12 09:11:00-06:00,395.545,395.5,-186.0,short: close 393.71 < lower 394.27,stop
2023-01-18,-1,7,2023-01-18 10:30:00-06:00,395.315,2023-01-18 14:52:00-06:00,391.935,397.78000000000003,236.6,short: close 395.37 < lower 395.92,flatten
2023-01-20,1,7,2023-01-20 10:30:00-06:00,392.39500000000004,2023-01-20 11:00:00-06:00,391.72499999999997,389.72,-46.9,long: close 392.35 > upper 392.07,exit long: close 391.76 < upper 392.31
2023-01-20,1,6,2023-01-20 13:00:00-06:00,393.46500000000003,2023-01-20 14:52:00-06:00,395.41999999999996,390.48,117.3,long: close 393.42 > upper 392.37,flatten
2023-01-23,1,12,2023-01-23 09:00:00-06:00,397.915,2023-01-23 14:52:00-06:00,400.59,396.44,321.0,long: close 397.86 > upper 397.74,flatten
2023-01-25,-1,6,2023-01-25 09:00:00-06:00,394.365,2023-01-25 09:30:00-06:00,394.885,397.40000000000003,-31.2,short: close 394.41 < lower 395.03,exit short: close 394.85 > lower 394.83
2023-01-31,1,13,2023-01-31 09:30:00-06:00,402.745,2023-01-31 14:30:00-06:00,403.70509999999996,401.36,124.81,long: close 402.68 > upper 402.25,exit long: close 403.74 < upper 403.83
2023-02-02,1,5,2023-02-02 10:00:00-06:00,416.695,2023-02-02 10:30:00-06:00,416.49,413.16,-10.25,long: close 416.64 > upper 416.36,exit long: close 416.53 < upper 416.62
2023-02-02,1,4,2023-02-02 13:00:00-06:00,418.105,2023-02-02 13:30:00-06:00,415.55,413.68,-102.2,long: close 418.06 > upper 417.27,exit long: close 415.59 < upper 417.33
2023-02-07,1,7,2023-02-07 12:00:00-06:00,414.375,2023-02-07 12:15:00-06:00,411.775,411.82,-182.0,long: close 414.33 > upper 411.94,stop
2023-02-08,-1,6,2023-02-08 10:30:00-06:00,410.755,2023-02-08 11:30:00-06:00,411.755,413.58,-60.0,short: close 410.80 < lower 411.34,exit short: close 411.69 > lower 411.42
2023-02-09,-1,4,2023-02-09 13:30:00-06:00,408.27,2023-02-09 14:00:00-06:00,408.495,412.24,-9.0,short: close 408.31 < lower 408.57,exit short: close 408.44 > lower 408.18
2023-02-13,1,13,2023-02-13 09:00:00-06:00,410.365,2023-02-13 14:52:00-06:00,412.04499999999996,409.0,218.4,long: close 410.30 > upper 409.74,flatten
2023-02-14,-1,8,2023-02-14 11:00:00-06:00,409.515,2023-02-14 11:30:00-06:00,410.535,411.88,-81.6,short: close 409.56 < lower 409.68,exit short: close 410.48 > lower 409.62
2023-02-17,-1,9,2023-02-17 09:00:00-06:00,404.705,2023-02-17 09:21:00-06:00,406.805,406.76,-189.0,short: close 404.74 < lower 405.15,stop
2023-02-21,-1,5,2023-02-21 09:30:00-06:00,401.675,2023-02-21 14:52:00-06:00,399.355,405.0,116.0,short: close 401.74 < lower 401.82,flatten
2023-02-23,-1,6,2023-02-23 11:00:00-06:00,396.425,2023-02-23 12:00:00-06:00,397.6349,399.58,-72.59,short: close 396.47 < lower 396.92,exit short: close 397.57 > lower 396.56
2023-02-24,-1,5,2023-02-24 09:00:00-06:00,394.435,2023-02-24 09:30:00-06:00,394.33500000000004,397.84000000000003,5.0,short: close 394.49 < lower 394.63,exit short: close 394.28 > lower 394.14
2023-03-02,1,6,2023-03-02 13:30:00-06:00,396.995,2023-03-02 14:00:00-06:00,396.76599999999996,394.06,-13.74,long: close 396.94 > upper 396.68,exit long: close 396.81 < upper 396.92
2023-03-03,1,11,2023-03-03 09:00:00-06:00,400.565,2023-03-03 10:00:00-06:00,400.705,398.94,15.4,long: close 400.55 > upper 400.37,exit long: close 400.71 < upper 400.90
2023-03-03,1,7,2023-03-03 11:00:00-06:00,401.975,2023-03-03 14:52:00-06:00,403.615,399.44,114.8,long: close 401.92 > upper 401.29,flatten
2023-03-06,1,16,2023-03-06 09:00:00-06:00,405.815,2023-03-06 10:30:00-06:00,406.45,404.68,101.6,long: close 405.76 > upper 405.73,exit long: close 406.50 < upper 406.64
2023-03-06,1,8,2023-03-06 11:00:00-06:00,406.83500000000004,2023-03-06 12:00:00-06:00,405.805,404.64,-82.4,long: close 406.79 > upper 406.78,exit long: close 405.85 < upper 406.85
2023-03-07,-1,17,2023-03-07 09:30:00-06:00,401.645,2023-03-07 09:33:00-06:00,402.76500000000004,402.72,-190.4,short: close 401.68 < lower 403.36,stop
2023-03-07,-1,16,2023-03-07 10:00:00-06:00,400.395,2023-03-07 11:20:00-06:00,401.605,401.56,-193.6,short: close 400.42 < lower 403.28,stop
2023-03-09,1,19,2023-03-09 09:00:00-06:00,400.815,2023-03-09 09:17:00-06:00,399.855,399.90000000000003,-182.4,long: close 400.78 > upper 400.26,stop
2023-03-09,-1,8,2023-03-09 12:30:00-06:00,396.405,2023-03-09 14:52:00-06:00,392.555,398.78000000000003,308.0,short: close 396.47 < lower 396.97,flatten
2023-03-10,-1,21,2023-03-10 09:00:00-06:00,389.135,2023-03-10 09:00:00-06:00,390.045,390.0,-191.1,short: close 389.15 < lower 390.43,stop
2023-03-10,-1,14,2023-03-10 09:30:00-06:00,388.825,2023-03-10 09:33:00-06:00,390.125,390.08,-182.0,short: close 388.86 < lower 390.03,stop
2023-03-13,1,6,2023-03-13 10:00:00-05:00,387.76500000000004,2023-03-13 12:00:00-05:00,386.565,384.64,-72.0,long: close 387.70 > upper 387.00,exit long: close 386.62 < upper 387.70
2023-03-13,1,4,2023-03-13 13:30:00-05:00,388.445,2023-03-13 14:00:00-05:00,388.445,383.94,0.0,long: close 388.43 > upper 388.38,exit long: close 388.48 < upper 388.56
2023-03-14,1,5,2023-03-14 09:30:00-05:00,392.27500000000003,2023-03-14 11:30:00-05:00,391.69,388.52,-29.25,long: close 392.23 > upper 391.66,exit long: close 391.73 < upper 392.36
2023-03-16,1,7,2023-03-16 10:00:00-05:00,391.635,2023-03-16 14:52:00-05:00,395.745,389.04,287.7,long: close 391.58 > upper 390.68,flatten
2023-03-17,-1,7,2023-03-17 09:30:00-05:00,391.1651,2023-03-17 12:30:00-05:00,390.95500000000004,393.77,14.71,short: close 391.22 < lower 392.03,exit short: close 390.93 > lower 390.55
2023-03-17,-1,4,2023-03-17 13:30:00-05:00,389.04499999999996,2023-03-17 14:30:00-05:00,390.795,393.86,-70.0,short: close 389.07 < lower 389.82,exit short: close 390.75 > lower 389.52
2023-03-20,1,11,2023-03-20 09:30:00-05:00,392.415,2023-03-20 11:00:00-05:00,392.405,390.82,-1.1,long: close 392.37 > upper 392.05,exit long: close 392.45 < upper 393.12
2023-03-23,1,6,2023-03-23 09:30:00-05:00,396.735,2023-03-23 12:00:00-05:00,396.72499999999997,393.90000000000003,-0.6,long: close 396.69 > upper 396.45,exit long: close 396.77 < upper 397.67
2023-03-31,1,15,2023-03-31 09:00:00-05:00,405.535,2023-03-31 09:30:00-05:00,405.615,404.3,12.0,long: close 405.46 > upper 405.40,exit long: close 405.66 < upper 405.72
2023-03-31,1,7,2023-03-31 11:00:00-05:00,407.165,2023-03-31 14:52:00-05:00,408.16499999999996,404.40000000000003,70.0,long: close 407.13 > upper 406.94,flatten
2023-04-03,1,22,2023-04-03 09:00:00-05:00,410.195,2023-04-03 09:51:00-05:00,409.375,409.42,-180.4,long: close 410.11 > upper 409.89,stop
2023-04-04,-1,9,2023-04-04 10:30:00-05:00,408.83,2023-04-04 14:52:00-05:00,408.3,410.88,47.7,short: close 408.87 < lower 409.22,flatten
2023-04-06,-1,19,2023-04-06 09:00:00-05:00,406.10499999999996,2023-04-06 09:11:00-05:00,407.07500000000005,407.03000000000003,-184.3,short: close 406.14 < lower 406.28,stop
2023-04-06,1,10,2023-04-06 12:30:00-05:00,409.035,2023-04-06 13:00:00-05:00,408.82,407.28000000000003,-21.5,long: close 409.00 > upper 408.96,exit long: close 408.86 < upper 409.06
2023-04-13,1,14,2023-04-13 09:30:00-05:00,410.785,2023-04-13 10:00:00-05:00,410.21,409.5,-80.5,long: close 410.72 > upper 409.95,exit long: close 410.26 < upper 410.47
2023-04-13,1,10,2023-04-13 10:30:00-05:00,410.83500000000004,2023-04-13 14:52:00-05:00,413.2,409.04,236.5,long: close 410.79 > upper 410.46,flatten
2023-04-14,1,22,2023-04-14 09:00:00-05:00,414.83500000000004,2023-04-14 09:06:00-05:00,413.995,414.04,-184.8,long: close 414.83 > upper 413.93,stop
2023-04-14,-1,13,2023-04-14 10:30:00-05:00,411.53499999999997,2023-04-14 11:00:00-05:00,411.83000000000004,412.97,-38.35,short: close 411.58 < lower 411.69,exit short: close 411.77 > lower 411.57
2023-04-21,-1,20,2023-04-21 09:00:00-05:00,410.9,2023-04-21 09:17:00-05:00,411.815,411.77,-183.0,short: close 410.95 < lower 411.17,stop
2023-04-25,-1,11,2023-04-25 09:30:00-05:00,409.625,2023-04-25 10:00:00-05:00,409.885,411.34000000000003,-28.6,short: close 409.67 < lower 409.89,exit short: close 409.83 > lower 409.47
2023-04-25,-1,8,2023-04-25 11:00:00-05:00,408.98499999999996,2023-04-25 14:52:00-05:00,406.605,411.26,190.4,short: close 409.04 < lower 409.33,flatten
2023-04-26,-1,18,2023-04-26 09:30:00-05:00,405.335,2023-04-26 09:58:00-05:00,406.365,406.32,-185.4,short: close 405.38 < lower 405.45,stop
2023-04-27,1,9,2023-04-27 09:30:00-05:00,408.24,2023-04-27 10:00:00-05:00,407.66499999999996,406.2,-51.75,long: close 408.19 > upper 407.72,exit long: close 407.70 < upper 407.94
2023-04-27,1,8,2023-04-27 10:30:00-05:00,408.83500000000004,2023-04-27 14:52:00-05:00,412.305,406.52,277.6,long: close 408.79 > upper 407.99,flatten
2023-04-28,1,14,2023-04-28 09:30:00-05:00,414.74,2023-04-28 09:38:00-05:00,413.425,413.47,-184.1,long: close 414.70 > upper 413.22,stop
2023-04-28,1,12,2023-04-28 10:30:00-05:00,413.79,2023-04-28 14:52:00-05:00,415.10499999999996,412.22,157.8,long: close 413.75 > upper 413.52,flatten
2023-05-02,-1,16,2023-05-02 09:00:00-05:00,413.84499999999997,2023-05-02 14:52:00-05:00,411.0,414.94,455.2,short: close 413.84 < lower 414.06,flatten
2023-05-03,1,19,2023-05-03 09:00:00-05:00,412.255,2023-05-03 09:30:00-05:00,411.385,411.32,-165.3,long: close 412.19 > upper 412.06,exit long: close 411.45 < upper 412.66
2023-05-04,-1,14,2023-05-04 09:00:00-05:00,405.565,2023-05-04 11:30:00-05:00,405.475,406.84000000000003,12.6,short: close 405.60 < lower 406.19,exit short: close 405.43 > lower 405.28
2023-05-05,1,7,2023-05-05 09:00:00-05:00,410.165,2023-05-05 14:52:00-05:00,412.515,407.6,164.5,long: close 410.12 > upper 409.61,flatten
2023-05-11,-1,14,2023-05-11 09:00:00-05:00,410.275,2023-05-11 09:30:00-05:00,410.935,411.56,-92.4,short: close 410.31 < lower 411.09,exit short: close 410.87 > lower 410.51
2023-05-12,-1,8,2023-05-12 11:30:00-05:00,410.04499999999996,2023-05-12 12:30:00-05:00,410.355,412.29,-24.8,short: close 410.08 < lower 410.54,exit short: close 410.31 > lower 410.25
2023-05-12,-1,7,2023-05-12 13:00:00-05:00,409.275,2023-05-12 14:30:00-05:00,410.445,411.90000000000003,-81.9,short: close 409.31 < lower 410.17,exit short: close 410.39 > lower 410.09
2023-05-17,1,6,2023-05-17 12:00:00-05:00,414.475,2023-05-17 14:52:00-05:00,415.22499999999997,411.54,45.0,long: close 414.43 > upper 414.24,flatten
2023-05-18,1,11,2023-05-18 09:30:00-05:00,416.935,2023-05-18 11:30:00-05:00,416.115,415.36,-90.2,long: close 416.89 > upper 416.64,exit long: close 416.16 < upper 416.76
2023-05-23,-1,7,2023-05-23 13:30:00-05:00,414.305,2023-05-23 14:52:00-05:00,414.8073,416.82,-35.16,short: close 414.35 < lower 415.42,flatten
2023-05-24,-1,11,2023-05-24 09:00:00-05:00,411.085,2023-05-24 13:00:00-05:00,411.245,412.8,-17.6,short: close 411.13 < lower 411.54,exit short: close 411.20 > lower 410.89
2023-05-24,-1,7,2023-05-24 13:30:00-05:00,410.25,2023-05-24 14:30:00-05:00,412.02500000000003,412.83,-124.25,short: close 410.30 < lower 410.67,exit short: close 411.98 > lower 410.93
2023-05-26,1,14,2023-05-26 09:00:00-05:00,417.045,2023-05-26 14:52:00-05:00,419.865,415.78000000000003,394.8,long: close 417.02 > upper 416.24,flatten
2023-05-31,-1,8,2023-05-31 09:30:00-05:00,416.835,2023-05-31 12:00:00-05:00,417.095,419.09000000000003,-20.8,short: close 416.87 < lower 416.97,exit short: close 417.05 > lower 416.64
2023-06-01,1,13,2023-06-01 10:00:00-05:00,419.425,2023-06-01 14:52:00-05:00,421.245,418.08,236.6,long: close 419.37 > upper 419.31,flatten
2023-06-02,1,7,2023-06-02 10:00:00-05:00,426.88,2023-06-02 14:52:00-05:00,427.93,424.25,73.5,long: close 426.83 > upper 425.79,flatten
2023-06-07,1,20,2023-06-07 09:00:00-05:00,429.34000000000003,2023-06-07 09:03:00-05:00,428.385,428.43,-191.0,long: close 429.29 > upper 429.15,stop
2023-06-08,1,11,2023-06-08 10:30:00-05:00,428.295,2023-06-08 11:00:00-05:00,427.955,426.7,-37.4,long: close 428.26 > upper 428.21,exit long: close 428.00 < upper 428.42
2023-06-08,1,10,2023-06-08 11:30:00-05:00,429.14000000000004,2023-06-08 13:00:00-05:00,428.16999999999996,427.34000000000003,-97.0,long: close 429.10 > upper 428.41,exit long: close 428.21 < upper 428.31
2023-06-09,1,17,2023-06-09 09:00:00-05:00,430.985,2023-06-09 10:00:00-05:00,431.065,429.92,13.6,long: close 430.94 > upper 430.61,exit long: close 431.10 < upper 431.27
2023-06-13,1,7,2023-06-13 12:30:00-05:00,437.08500000000004,2023-06-13 13:00:00-05:00,436.8,434.63,-19.95,long: close 437.03 > upper 437.02,exit long: close 436.85 < upper 437.02
2023-06-14,1,11,2023-06-14 10:30:00-05:00,438.6949,2023-06-14 11:00:00-05:00,438.205,437.06,-53.89,long: close 438.65 > upper 438.47,exit long: close 438.25 < upper 438.68
2023-06-14,-1,10,2023-06-14 13:30:00-05:00,434.45,2023-06-14 13:44:00-05:00,436.365,436.32,-191.5,short: close 434.49 < lower 434.97,stop
2023-06-15,1,17,2023-06-15 09:00:00-05:00,438.76500000000004,2023-06-15 14:52:00-05:00,443.26,437.74,764.15,long: close 438.71 > upper 437.78,flatten
2023-06-16,-1,20,2023-06-16 09:00:00-05:00,441.255,2023-06-16 09:11:00-05:00,442.165,442.12,-182.0,short: close 441.26 < lower 441.94,stop
2023-06-16,-1,9,2023-06-16 10:30:00-05:00,440.72499999999997,2023-06-16 11:00:00-05:00,441.295,442.67,-51.3,short: close 440.79 < lower 440.86,exit short: close 441.24 > lower 440.78
2023-06-20,-1,10,2023-06-20 09:30:00-05:00,435.255,2023-06-20 10:30:00-05:00,435.945,437.16,-69.0,short: close 435.28 < lower 436.54,exit short: close 435.88 > lower 435.83
2023-06-21,-1,16,2023-06-21 09:00:00-05:00,435.185,2023-06-21 09:30:00-05:00,435.39500000000004,436.32,-33.6,short: close 435.24 < lower 435.58,exit short: close 435.34 > lower 435.21
2023-06-26,1,18,2023-06-26 09:00:00-05:00,434.315,2023-06-26 09:30:00-05:00,433.945,433.34000000000003,-66.6,long: close 434.27 > upper 433.89,exit long: close 433.98 < upper 434.23
2023-06-27,1,11,2023-06-27 10:30:00-05:00,433.87,2023-06-27 14:52:00-05:00,436.29499999999996,432.21000000000004,266.75,long: close 433.83 > upper 433.55,flatten
2023-06-29,1,11,2023-06-29 11:30:00-05:00,438.1274,2023-06-29 12:30:00-05:00,437.675,436.53000000000003,-49.76,long: close 438.09 > upper 437.77,exit long: close 437.72 < upper 437.75
2023-06-30,1,7,2023-06-30 09:00:00-05:00,442.385,2023-06-30 10:30:00-05:00,442.635,439.91,17.5,long: close 442.32 > upper 442.27,exit long: close 442.69 < upper 442.73
2023-06-30,1,6,2023-06-30 11:30:00-05:00,443.105,2023-06-30 14:52:00-05:00,443.835,440.08,43.8,long: close 443.05 > upper 442.81,flatten
2023-07-06,-1,6,2023-07-06 09:00:00-05:00,438.465,2023-07-06 11:00:00-05:00,438.16,441.24,18.3,short: close 438.49 < lower 438.50,exit short: close 438.10 > lower 437.88
2023-07-07,1,10,2023-07-07 12:00:00-05:00,442.3,2023-07-07 14:00:00-05:00,441.15,440.42,-115.0,long: close 442.26 > upper 441.03,exit long: close 441.19 < upper 441.44
2023-07-17,1,18,2023-07-17 10:30:00-05:00,450.425,2023-07-17 11:30:00-05:00,450.195,449.44,-41.4,long: close 450.38 > upper 450.18,exit long: close 450.24 < upper 450.46
2023-07-17,1,14,2023-07-17 12:00:00-05:00,450.64300000000003,2023-07-17 12:30:00-05:00,450.41999999999996,449.38,-31.22,long: close 450.60 > upper 450.47,exit long: close 450.48 < upper 450.55
2023-07-18,1,19,2023-07-18 09:30:00-05:00,451.695,2023-07-18 14:52:00-05:00,454.435,450.74,520.6,long: close 451.64 > upper 451.64,flatten
2023-07-19,1,15,2023-07-19 09:00:00-05:00,456.055,2023-07-19 09:30:00-05:00,455.755,454.88,-45.0,long: close 456.02 > upper 455.78,exit long: close 455.82 < upper 455.87
2023-07-20,-1,10,2023-07-20 13:30:00-05:00,452.07,2023-07-20 14:52:00-05:00,452.28000000000003,453.92,-21.0,short: close 452.09 < lower 452.80,flatten
2023-07-24,1,12,2023-07-24 10:00:00-05:00,454.295,2023-07-24 12:00:00-05:00,454.255,452.84000000000003,-4.8,long: close 454.25 > upper 454.23,exit long: close 454.30 < upper 454.48
2023-07-24,1,11,2023-07-24 12:30:00-05:00,454.51,2023-07-24 13:30:00-05:00,454.565,452.88,6.05,long: close 454.46 > upper 454.42,exit long: close 454.60 < upper 454.63
2023-07-25,1,15,2023-07-25 11:00:00-05:00,455.43,2023-07-25 14:52:00-05:00,455.575,454.26,21.75,long: close 455.39 > upper 455.23,flatten
2023-07-27,-1,6,2023-07-27 13:30:00-05:00,453.89,2023-07-27 14:52:00-05:00,452.575,457.05,78.9,short: close 453.94 < lower 454.11,flatten
2023-07-28,1,8,2023-07-28 10:00:00-05:00,456.83500000000004,2023-07-28 12:30:00-05:00,456.10499999999996,454.45,-58.4,long: close 456.78 > upper 456.57,exit long: close 456.15 < upper 456.89
2023-08-02,-1,8,2023-08-02 09:30:00-05:00,451.925,2023-08-02 14:52:00-05:00,450.51500000000004,454.2,112.8,short: close 451.96 < lower 452.58,flatten
2023-08-04,1,9,2023-08-04 11:30:00-05:00,452.545,2023-08-04 12:30:00-05:00,451.615,450.5,-83.7,long: close 452.50 > upper 451.82,exit long: close 451.66 < upper 451.90
2023-08-07,1,11,2023-08-07 09:30:00-05:00,449.665,2023-08-07 10:00:00-05:00,449.04499999999996,447.96000000000004,-68.2,long: close 449.63 > upper 449.47,exit long: close 449.07 < upper 449.52
2023-08-07,1,9,2023-08-07 13:00:00-05:00,450.26500000000004,2023-08-07 13:30:00-05:00,449.59,448.2,-60.75,long: close 450.21 > upper 449.82,exit long: close 449.62 < upper 450.45
2023-08-08,-1,10,2023-08-08 09:00:00-05:00,446.53999999999996,2023-08-08 13:00:00-05:00,447.295,448.33,-75.5,short: close 446.58 < lower 447.60,exit short: close 447.24 > lower 447.08
2023-08-09,-1,18,2023-08-09 10:00:00-05:00,447.34999999999997,2023-08-09 13:16:00-05:00,448.415,448.37,-191.7,short: close 447.39 < lower 447.87,stop
2023-08-10,1,10,2023-08-10 09:00:00-05:00,451.26500000000004,2023-08-10 09:45:00-05:00,449.47499999999997,449.52,-179.0,long: close 451.21 > upper 448.71,stop
2023-08-10,1,8,2023-08-10 10:00:00-05:00,449.58500000000004,2023-08-10 10:30:00-05:00,448.805,447.40000000000003,-62.4,long: close 449.54 > upper 449.15,exit long: close 448.83 < upper 449.21
2023-08-14,1,12,2023-08-14 10:00:00-05:00,447.27500000000003,2023-08-14 11:30:00-05:00,446.645,445.82,-75.6,long: close 447.23 > upper 446.60,exit long: close 446.67 < upper 446.92
2023-08-14,1,10,2023-08-14 12:00:00-05:00,447.28000000000003,2023-08-14 13:30:00-05:00,446.775,445.46000000000004,-50.5,long: close 447.22 > upper 446.96,exit long: close 446.81 < upper 447.11
2023-08-15,-1,12,2023-08-15 09:00:00-05:00,445.195,2023-08-15 11:00:00-05:00,445.165,446.74,3.6,short: close 445.25 < lower 445.64,exit short: close 445.11 > lower 444.79
2023-08-15,-1,8,2023-08-15 11:30:00-05:00,444.625,2023-08-15 14:52:00-05:00,442.825,446.92,144.0,short: close 444.67 < lower 444.88,flatten
2023-08-21,1,13,2023-08-21 09:00:00-05:00,438.76500000000004,2023-08-21 09:22:00-05:00,437.375,437.42,-180.7,long: close 438.71 > upper 438.36,stop
2023-08-23,1,12,2023-08-23 09:00:00-05:00,440.415,2023-08-23 14:52:00-05:00,442.85999999999996,438.90000000000003,293.4,long: close 440.37 > upper 440.20,flatten
2023-08-24,-1,7,2023-08-24 10:00:00-05:00,441.08,2023-08-24 14:52:00-05:00,437.90500000000003,443.51,222.25,short: close 441.12 < lower 441.41,flatten
2023-08-29,1,19,2023-08-29 09:00:00-05:00,443.855,2023-08-29 14:52:00-05:00,448.82,442.90000000000003,943.35,long: close 443.86 > upper 443.64,flatten
2023-08-30,1,15,2023-08-30 09:00:00-05:00,451.285,2023-08-30 09:22:00-05:00,450.075,450.12,-181.5,long: close 451.23 > upper 450.51,stop
2023-09-05,-1,15,2023-09-05 09:00:00-05:00,449.54499999999996,2023-09-05 09:30:00-05:00,449.935,450.73,-58.5,short: close 449.59 < lower 449.79,exit short: close 449.87 > lower 449.40
2023-09-06,-1,11,2023-09-06 09:30:00-05:00,446.05,2023-09-06 14:30:00-05:00,445.88,447.71000000000004,18.7,short: close 446.08 < lower 447.17,exit short: close 445.82 > lower 445.64
2023-09-08,1,20,2023-09-08 09:00:00-05:00,445.885,2023-09-08 10:00:00-05:00,445.865,444.98,-4.0,long: close 445.82 > upper 445.77,exit long: close 445.90 < upper 446.70
2023-09-15,-1,7,2023-09-15 09:30:00-05:00,445.955,2023-09-15 14:52:00-05:00,443.325,448.56,184.1,short: close 445.98 < lower 446.17,flatten
2023-09-19,-1,13,2023-09-19 09:30:00-05:00,441.58,2023-09-19 12:30:00-05:00,441.15000000000003,442.99,55.9,short: close 441.62 < lower 441.75,exit short: close 441.11 > lower 440.82
2023-09-21,-1,9,2023-09-21 09:00:00-05:00,434.09999999999997,2023-09-21 12:30:00-05:00,434.64500000000004,436.14,-49.05,short: close 434.15 < lower 435.10,exit short: close 434.60 > lower 434.23
2023-09-21,-1,7,2023-09-21 13:00:00-05:00,434.385,2023-09-21 14:52:00-05:00,431.875,437.03000000000003,175.7,short: close 434.42 < lower 434.49,flatten
2023-09-22,1,10,2023-09-22 10:30:00-05:00,433.92,2023-09-22 11:00:00-05:00,432.875,432.11,-104.5,long: close 433.87 > upper 433.75,exit long: close 432.91 < upper 433.82
2023-09-25,1,9,2023-09-25 11:30:00-05:00,431.945,2023-09-25 12:00:00-05:00,431.055,430.02,-80.1,long: close 431.89 > upper 431.69,exit long: close 431.08 < upper 431.70
2023-09-26,-1,8,2023-09-26 09:30:00-05:00,427.885,2023-09-26 10:00:00-05:00,428.055,430.16,-13.6,short: close 427.93 < lower 428.39,exit short: close 428.02 > lower 427.95
2023-09-26,-1,6,2023-09-26 10:30:00-05:00,426.73499999999996,2023-09-26 11:30:00-05:00,427.665,429.62,-55.8,short: close 426.78 < lower 427.77,exit short: close 427.64 > lower 427.61
2023-09-27,-1,9,2023-09-27 11:30:00-05:00,424.155,2023-09-27 13:43:00-05:00,426.15500000000003,426.11,-180.0,short: close 424.20 < lower 424.50,stop
2023-09-28,1,20,2023-09-28 09:00:00-05:00,426.76500000000004,2023-09-28 09:30:00-05:00,426.335,425.90000000000003,-86.0,long: close 426.70 > upper 426.62,exit long: close 426.39 < upper 426.66
2023-09-28,1,13,2023-09-28 10:00:00-05:00,427.39500000000004,2023-09-28 14:52:00-05:00,428.29499999999996,426.02,117.0,long: close 427.36 > upper 427.12,flatten
2023-09-29,-1,6,2023-09-29 13:00:00-05:00,426.125,2023-09-29 14:00:00-05:00,428.255,429.2,-127.8,short: close 426.17 < lower 427.04,exit short: close 428.21 > lower 426.97
2023-10-02,-1,9,2023-10-02 12:00:00-05:00,424.775,2023-10-02 12:30:00-05:00,425.685,426.90000000000003,-81.9,short: close 424.82 < lower 424.88,exit short: close 425.63 > lower 424.70
2023-10-03,-1,10,2023-10-03 09:30:00-05:00,422.47499999999997,2023-10-03 14:52:00-05:00,421.615,424.24,86.0,short: close 422.52 < lower 424.44,flatten
2023-10-04,-1,18,2023-10-04 09:30:00-05:00,420.57,2023-10-04 09:34:00-05:00,421.605,421.56,-186.3,short: close 420.62 < lower 420.88,stop
2023-10-04,1,9,2023-10-04 11:00:00-05:00,423.975,2023-10-04 12:00:00-05:00,423.59999999999997,421.96000000000004,-33.75,long: close 423.95 > upper 423.90,exit long: close 423.60 < upper 424.03
2023-10-05,-1,17,2023-10-05 09:30:00-05:00,423.375,2023-10-05 11:30:00-05:00,423.21000000000004,424.42,28.05,short: close 423.43 < lower 423.50,exit short: close 423.17 > lower 422.36
2023-10-06,1,6,2023-10-06 11:00:00-05:00,428.925,2023-10-06 14:52:00-05:00,430.145,425.74,73.2,long: close 428.88 > upper 426.40,flatten
2023-10-09,1,5,2023-10-09 13:00:00-05:00,432.165,2023-10-09 14:30:00-05:00,432.205,428.82,2.0,long: close 432.11 > upper 431.91,exit long: close 432.26 < upper 432.29
2023-10-10,1,19,2023-10-10 09:00:00-05:00,433.685,2023-10-10 13:00:00-05:00,435.3949,432.74,324.88,long: close 433.64 > upper 433.55,exit long: close 435.43 < upper 435.64
2023-10-12,-1,20,2023-10-12 09:00:00-05:00,435.395,2023-10-12 09:12:00-05:00,436.32500000000005,436.28000000000003,-186.0,short: close 435.43 < lower 435.75,stop
2023-10-12,-1,6,2023-10-12 12:30:00-05:00,433.37,2023-10-12 14:52:00-05:00,434.20500000000004,436.33,-50.1,short: close 433.41 < lower 433.67,flatten
2023-10-13,1,13,2023-10-13 09:00:00-05:00,435.885,2023-10-13 09:14:00-05:00,434.415,434.46000000000004,-191.1,long: close 435.91 > upper 435.88,stop
2023-10-13,-1,5,2023-10-13 12:30:00-05:00,430.145,2023-10-13 13:00:00-05:00,431.445,433.76,-65.0,short: close 430.19 < lower 430.85,exit short: close 431.40 > lower 430.55
2023-10-16,1,8,2023-10-16 09:30:00-05:00,435.96500000000003,2023-10-16 11:00:00-05:00,435.91499999999996,433.74,-4.0,long: close 435.93 > upper 434.90,exit long: close 435.95 < upper 436.52
2023-10-19,-1,11,2023-10-19 09:30:00-05:00,428.965,2023-10-19 10:00:00-05:00,428.995,430.55,-3.3,short: close 429.00 < lower 429.01,exit short: close 428.94 > lower 428.61
2023-10-20,-1,23,2023-10-20 09:00:00-05:00,425.025,2023-10-20 12:00:00-05:00,424.315,425.78000000000003,163.3,short: close 425.09 < lower 425.46,exit short: close 424.27 > lower 423.61
2023-10-20,-1,6,2023-10-20 13:30:00-05:00,422.555,2023-10-20 14:52:00-05:00,421.33500000000004,425.58,73.2,short: close 422.61 < lower 423.18,flatten
2023-10-23,1,6,2023-10-23 12:00:00-05:00,424.46500000000003,2023-10-23 12:30:00-05:00,422.835,421.34000000000003,-97.8,long: close 424.41 > upper 423.54,exit long: close 422.88 < upper 423.77
2023-10-24,1,11,2023-10-24 09:00:00-05:00,423.875,2023-10-24 10:00:00-05:00,424.135,422.22,28.6,long: close 423.83 > upper 423.20,exit long: close 424.19 < upper 424.44
2023-10-25,-1,12,2023-10-25 09:00:00-05:00,420.135,2023-10-25 10:00:00-05:00,420.175,421.62,-4.8,short: close 420.19 < lower 421.28,exit short: close 420.15 > lower 420.06
2023-10-25,-1,5,2023-10-25 11:30:00-05:00,419.16499999999996,2023-10-25 14:52:00-05:00,417.755,422.52,70.5,short: close 419.21 < lower 419.41,flatten
2023-10-26,-1,14,2023-10-26 09:00:00-05:00,415.335,2023-10-26 09:30:00-05:00,415.445,416.62,-15.4,short: close 415.39 < lower 415.74,exit short: close 415.40 > lower 414.99
2023-10-26,-1,7,2023-10-26 10:30:00-05:00,414.335,2023-10-26 11:00:00-05:00,414.545,416.98,-14.7,short: close 414.38 < lower 414.38,exit short: close 414.52 > lower 413.96
2023-10-27,-1,5,2023-10-27 13:30:00-05:00,409.78499999999997,2023-10-27 14:30:00-05:00,410.45,413.16,-33.25,short: close 409.82 < lower 410.03,exit short: close 410.41 > lower 409.79
2023-10-30,1,8,2023-10-30 09:00:00-05:00,414.94,2023-10-30 09:28:00-05:00,412.745,412.79,-175.6,long: close 414.90 > upper 414.29,stop
2023-10-31,-1,16,2023-10-31 09:00:00-05:00,414.715,2023-10-31 09:11:00-05:00,415.865,415.82,-184.0,short: close 414.76 < lower 414.78,stop
2023-11-01,1,10,2023-11-01 09:30:00-05:00,421.20500000000004,2023-11-01 10:30:00-05:00,420.34499999999997,419.34000000000003,-86.0,long: close 421.17 > upper 420.59,exit long: close 420.39 < upper 420.86
2023-11-02,1,6,2023-11-02 09:00:00-05:00,427.535,2023-11-02 14:52:00-05:00,430.72499999999997,424.76,191.4,long: close 427.49 > upper 427.41,flatten
2023-11-03,1,9,2023-11-03 09:00:00-05:00,434.71500000000003,2023-11-03 09:30:00-05:00,433.825,432.68,-80.1,long: close 434.64 > upper 433.97,exit long: close 433.86 < upper 434.68
2023-11-03,1,6,2023-11-03 11:00:00-05:00,435.02500000000003,2023-11-03 12:30:00-05:00,435.055,432.02,1.8,long: close 434.98 > upper 434.94,exit long: close 435.10 < upper 435.30
2023-11-07,1,12,2023-11-07 10:00:00-06:00,437.21500000000003,2023-11-07 11:00:00-06:00,436.84,435.76,-45.0,long: close 437.17 > upper 437.13,exit long: close 436.87 < upper 437.19
2023-11-09,-1,6,2023-11-09 13:30:00-06:00,434.745,2023-11-09 14:52:00-06:00,433.735,437.62,60.6,short: close 434.81 < lower 434.94,flatten
2023-11-10,1,6,2023-11-10 12:00:00-06:00,438.83500000000004,2023-11-10 14:52:00-06:00,440.655,435.82,109.2,long: close 438.79 > upper 437.95,flatten
2023-11-14,1,5,2023-11-14 09:00:00-06:00,447.975,2023-11-14 13:00:00-06:00,448.205,444.12,11.5,long: close 447.94 > upper 447.12,exit long: close 448.23 < upper 448.82
2023-11-16,1,19,2023-11-16 09:00:00-06:00,450.415,2023-11-16 09:17:00-06:00,449.455,449.5,-182.4,long: close 450.36 > upper 450.35,stop
2023-11-20,1,23,2023-11-20 09:00:00-06:00,452.21000000000004,2023-11-20 09:24:00-06:00,451.405,451.45,-185.15,long: close 452.17 > upper 451.41,stop
2023-11-20,1,16,2023-11-20 09:30:00-06:00,451.995,2023-11-20 14:52:00-06:00,454.34999999999997,450.88,376.8,long: close 451.95 > upper 451.77,flatten
2023-11-28,1,15,2023-11-28 10:30:00-06:00,455.615,2023-11-28 12:00:00-06:00,454.865,454.42,-112.5,long: close 455.57 > upper 455.49,exit long: close 454.90 < upper 455.54
2023-11-29,1,11,2023-11-29 09:00:00-06:00,458.165,2023-11-29 09:19:00-06:00,456.47499999999997,456.52,-185.9,long: close 458.11 > upper 457.66,stop
2023-11-30,-1,14,2023-11-30 11:30:00-06:00,453.525,2023-11-30 12:00:00-06:00,454.15500000000003,454.82,-88.2,short: close 453.57 < lower 453.77,exit short: close 454.12 > lower 453.66
2023-12-01,1,13,2023-12-01 10:30:00-06:00,457.505,2023-12-01 14:52:00-06:00,458.74,456.15000000000003,160.55,long: close 457.45 > upper 457.39,flatten
2023-12-04,-1,8,2023-12-04 09:30:00-06:00,454.77,2023-12-04 10:30:00-06:00,455.1093,457.07,-27.14,short: close 454.82 < lower 455.02,exit short: close 455.07 > lower 454.45
2023-12-07,1,11,2023-12-07 09:30:00-06:00,458.02500000000003,2023-12-07 10:30:00-06:00,457.025,456.32,-110.0,long: close 457.96 > upper 457.51,exit long: close 457.07 < upper 457.93
2023-12-07,1,8,2023-12-07 11:00:00-06:00,458.14500000000004,2023-12-07 14:00:00-06:00,457.995,455.98,-12.0,long: close 458.08 > upper 457.97,exit long: close 458.03 < upper 458.08
2023-12-08,1,18,2023-12-08 09:30:00-06:00,459.90500000000003,2023-12-08 09:35:00-06:00,458.855,458.90000000000003,-189.0,long: close 459.86 > upper 458.84,stop
2023-12-08,1,15,2023-12-08 10:00:00-06:00,460.065,2023-12-08 10:13:00-06:00,458.795,458.84000000000003,-190.5,long: close 460.01 > upper 459.07,stop
2023-12-11,1,12,2023-12-11 12:30:00-06:00,461.51500000000004,2023-12-11 14:30:00-06:00,461.435,460.02,-9.6,long: close 461.46 > upper 461.40,exit long: close 461.48 < upper 461.80
2023-12-12,1,14,2023-12-12 13:00:00-06:00,463.255,2023-12-12 14:52:00-06:00,463.765,461.98,71.4,long: close 463.21 > upper 463.08,flatten
2023-12-13,1,12,2023-12-13 13:30:00-06:00,467.495,2023-12-13 14:52:00-06:00,469.22999999999996,465.98,208.2,long: close 467.45 > upper 465.85,flatten
2023-12-14,1,12,2023-12-14 09:00:00-06:00,473.185,2023-12-14 09:30:00-06:00,472.245,471.72,-112.8,long: close 473.14 > upper 472.94,exit long: close 472.28 < upper 473.24
2023-12-18,1,11,2023-12-18 09:30:00-06:00,471.845,2023-12-18 10:00:00-06:00,471.22499999999997,470.26,-68.2,long: close 471.79 > upper 471.76,exit long: close 471.27 < upper 472.07
2023-12-18,1,9,2023-12-18 11:30:00-06:00,472.545,2023-12-18 13:30:00-06:00,472.445,470.42,-9.0,long: close 472.49 > upper 472.31,exit long: close 472.48 < upper 472.68
2023-12-19,1,24,2023-12-19 09:00:00-06:00,473.545,2023-12-19 11:30:00-06:00,473.805,472.82,62.4,long: close 473.48 > upper 473.01,exit long: close 473.86 < upper 473.88
2023-12-19,1,11,2023-12-19 12:00:00-06:00,474.125,2023-12-19 13:30:00-06:00,474.28499999999997,472.54,17.6,long: close 474.07 > upper 473.87,exit long: close 474.33 < upper 474.33
2023-12-22,1,17,2023-12-22 09:00:00-06:00,474.96500000000003,2023-12-22 10:00:00-06:00,474.10999999999996,473.90000000000003,-145.35,long: close 474.91 > upper 474.33,exit long: close 474.15 < upper 474.99
2023-12-26,1,23,2023-12-26 09:00:00-06:00,474.725,2023-12-26 09:30:00-06:00,474.825,473.98,23.0,long: close 474.67 > upper 474.60,exit long: close 474.87 < upper 475.03
2023-12-26,1,16,2023-12-26 11:00:00-06:00,475.125,2023-12-26 11:30:00-06:00,475.025,474.02,-16.0,long: close 475.08 > upper 474.95,exit long: close 475.07 < upper 475.27
2023-12-29,-1,20,2023-12-29 10:00:00-06:00,475.405,2023-12-29 13:30:00-06:00,475.095,476.3,62.0,short: close 475.44 < lower 475.69,exit short: close 475.05 > lower 475.03
2024-01-03,-1,12,2024-01-03 09:00:00-06:00,469.905,2024-01-03 10:30:00-06:00,469.745,471.42,19.2,short: close 469.97 < lower 470.00,exit short: close 469.71 > lower 469.66
2024-01-03,-1,10,2024-01-03 11:00:00-06:00,469.215,2024-01-03 11:30:00-06:00,469.625,471.08,-41.0,short: close 469.26 < lower 469.65,exit short: close 469.58 > lower 469.41
2024-01-04,1,21,2024-01-04 09:30:00-06:00,469.805,2024-01-04 11:30:00-06:00,469.56379999999996,468.96000000000004,-50.65,long: close 469.76 > upper 469.36,exit long: close 469.61 < upper 469.72
2024-01-05,1,28,2024-01-05 09:00:00-06:00,468.195,2024-01-05 11:09:00-06:00,467.53499999999997,467.58,-184.8,long: close 468.17 > upper 467.99,stop
2024-01-08,1,24,2024-01-08 09:00:00-06:00,469.77500000000003,2024-01-08 14:52:00-06:00,474.335,469.04,1094.4,long: close 469.73 > upper 468.93,flatten
2024-01-10,1,16,2024-01-10 10:00:00-06:00,475.27500000000003,2024-01-10 10:30:00-06:00,474.745,474.14,-84.8,long: close 475.22 > upper 475.13,exit long: close 474.78 < upper 475.26
2024-01-10,1,13,2024-01-10 12:00:00-06:00,475.435,2024-01-10 12:30:00-06:00,475.265,474.1,-22.1,long: close 475.39 > upper 475.34,exit long: close 475.30 < upper 475.31
2024-01-11,-1,13,2024-01-11 09:30:00-06:00,474.945,2024-01-11 13:00:00-06:00,475.805,476.32,-111.8,short: close 475.00 < lower 475.67,exit short: close 475.76 > lower 475.43
2024-01-16,-1,13,2024-01-16 09:00:00-06:00,474.445,2024-01-16 09:20:00-06:00,475.82500000000005,475.78000000000003,-179.4,short: close 474.50 < lower 474.62,stop
2024-01-16,-1,9,2024-01-16 12:00:00-06:00,473.91499999999996,2024-01-16 12:30:00-06:00,475.055,475.90000000000003,-102.6,short: close 473.94 < lower 473.98,exit short: close 475.00 > lower 474.03
2024-01-18,1,9,2024-01-18 13:30:00-06:00,475.665,2024-01-18 14:52:00-06:00,476.91999999999996,473.54,112.95,long: close 475.62 > upper 475.26,flatten
2024-01-19,1,9,2024-01-19 11:30:00-06:00,479.425,2024-01-19 14:52:00-06:00,481.9862,477.40000000000003,230.51,long: close 479.35 > upper 479.07,flatten
2024-01-22,1,13,2024-01-22 09:00:00-06:00,485.0649,2024-01-22 09:30:00-06:00,484.335,483.69,-94.89,long: close 485.02 > upper 484.59,exit long: close 484.37 < upper 484.94
2024-01-31,-1,11,2024-01-31 09:00:00-06:00,487.685,2024-01-31 14:52:00-06:00,483.45,489.34000000000003,465.85,short: close 487.76 < lower 488.09,flatten
2024-02-01,1,12,2024-02-01 09:30:00-06:00,486.225,2024-02-01 09:53:00-06:00,484.715,484.76,-181.2,long: close 486.18 > upper 485.24,stop
2024-02-01,1,10,2024-02-01 11:00:00-06:00,485.76,2024-02-01 14:52:00-06:00,488.365,483.87,260.5,long: close 485.67 > upper 485.67,flatten
2024-02-02,1,25,2024-02-02 09:00:00-06:00,490.475,2024-02-02 14:52:00-06:00,495.305,489.76,1207.5,long: close 490.49 > upper 490.15,flatten
2024-02-05,-1,22,2024-02-05 09:30:00-06:00,491.35499999999996,2024-02-05 10:59:00-06:00,492.20500000000004,492.16,-187.0,short: close 491.39 < lower 493.18,stop
2024-02-05,-1,15,2024-02-05 11:00:00-06:00,492.09499999999997,2024-02-05 11:30:00-06:00,492.795,493.26,-105.0,short: close 492.14 < lower 492.82,exit short: close 492.74 > lower 492.64
2024-02-07,1,10,2024-02-07 09:30:00-06:00,498.005,2024-02-07 10:30:00-06:00,497.09499999999997,496.12,-91.0,long: close 497.95 > upper 497.02,exit long: close 497.13 < upper 497.19
2024-02-07,1,8,2024-02-07 11:00:00-06:00,497.635,2024-02-07 11:30:00-06:00,497.275,495.41,-28.8,long: close 497.59 > upper 497.35,exit long: close 497.31 < upper 497.40
2024-02-09,1,25,2024-02-09 09:00:00-06:00,499.545,2024-02-09 09:30:00-06:00,499.615,498.84000000000003,17.5,long: close 499.50 > upper 499.34,exit long: close 499.65 < upper 499.69
2024-02-09,1,15,2024-02-09 10:00:00-06:00,500.01500000000004,2024-02-09 11:00:00-06:00,499.53499999999997,498.82,-72.0,long: close 499.96 > upper 499.82,exit long: close 499.58 < upper 499.91
2024-02-12,1,19,2024-02-12 10:30:00-06:00,502.935,2024-02-12 12:39:00-06:00,501.935,501.98,-190.0,long: close 502.89 > upper 502.12,stop
2024-02-13,-1,5,2024-02-13 09:00:00-06:00,493.78,2024-02-13 09:30:00-06:00,494.94,497.46000000000004,-58.0,short: close 493.82 < lower 494.05,exit short: close 494.89 > lower 493.66
2024-02-13,-1,4,2024-02-13 13:30:00-06:00,492.055,2024-02-13 14:52:00-06:00,492.735,496.8,-27.2,short: close 492.11 < lower 492.99,flatten
2024-02-14,1,8,2024-02-14 09:30:00-06:00,497.76500000000004,2024-02-14 10:00:00-06:00,495.905,495.58,-148.8,long: close 497.71 > upper 497.65,exit long: close 495.95 < upper 497.79
2024-02-15,1,12,2024-02-15 11:30:00-06:00,500.495,2024-02-15 12:00:00-06:00,500.0,499.02000000000004,-59.4,long: close 500.44 > upper 500.43,exit long: close 500.05 < upper 500.53
2024-02-15,1,11,2024-02-15 12:30:00-06:00,501.51500000000004,2024-02-15 14:52:00-06:00,501.60499999999996,499.94,9.9,long: close 501.46 > upper 500.54,flatten
2024-02-16,-1,29,2024-02-16 09:00:00-06:00,499.60499999999996,2024-02-16 09:10:00-06:00,500.235,500.19,-182.7,short: close 499.66 < lower 501.24,stop
2024-02-16,-1,18,2024-02-16 09:30:00-06:00,500.205,2024-02-16 10:00:00-06:00,500.975,501.22,-138.6,short: close 500.24 < lower 500.82,exit short: close 500.92 > lower 500.73
2024-02-20,-1,12,2024-02-20 09:00:00-06:00,496.635,2024-02-20 10:00:00-06:00,497.065,498.1,-51.6,short: close 496.68 < lower 497.13,exit short: close 497.02 > lower 496.73
2024-02-20,-1,8,2024-02-20 11:00:00-06:00,495.705,2024-02-20 14:00:00-06:00,496.76500000000004,497.86,-84.8,short: close 495.74 < lower 496.45,exit short: close 496.71 > lower 495.87
2024-02-22,1,4,2024-02-22 09:00:00-06:00,505.065,2024-02-22 10:00:00-06:00,504.72499999999997,501.08,-13.6,long: close 504.99 > upper 504.57,exit long: close 504.75 < upper 504.92
2024-02-22,1,4,2024-02-22 10:30:00-06:00,505.435,2024-02-22 11:00:00-06:00,505.205,501.06,-9.2,long: close 505.39 > upper 504.97,exit long: close 505.25 < upper 505.29
2024-02-26,-1,13,2024-02-26 12:30:00-06:00,506.585,2024-02-26 13:00:00-06:00,506.9177,508.0,-43.25,short: close 506.62 < lower 506.65,exit short: close 506.88 > lower 506.74
2024-03-01,1,16,2024-03-01 09:30:00-06:00,510.41,2024-03-01 14:52:00-06:00,512.6800000000001,509.3,363.2,long: close 510.37 > upper 509.60,flatten
2024-03-05,-1,12,2024-03-05 09:00:00-06:00,509.655,2024-03-05 14:52:00-06:00,506.505,511.2,378.0,short: close 509.66 < lower 509.70,flatten
2024-03-07,1,7,2024-03-07 09:30:00-06:00,514.2249999999999,2024-03-07 14:30:00-06:00,514.565,511.76,23.8,long: close 514.18 > upper 513.92,exit long: close 514.60 < upper 514.91
2024-03-08,1,20,2024-03-08 09:00:00-06:00,517.805,2024-03-08 10:02:00-06:00,516.8850000000001,516.9300000000001,-184.0,long: close 517.76 > upper 516.03,stop
2024-03-08,-1,11,2024-03-08 12:00:00-06:00,512.505,2024-03-08 13:30:00-06:00,513.505,514.08,-110.0,short: close 512.55 < lower 513.59,exit short: close 513.46 > lower 513.25
2024-03-11,-1,15,2024-03-11 09:00:00-05:00,509.385,2024-03-11 09:55:00-05:00,510.64500000000004,510.6,-189.0,short: close 509.43 < lower 509.90,stop
2024-03-12,1,9,2024-03-12 09:30:00-05:00,515.1049999999999,2024-03-12 12:00:00-05:00,514.365,513.09,-66.6,long: close 515.03 > upper 514.37,exit long: close 514.40 < upper 514.80
2024-03-12,1,7,2024-03-12 13:00:00-05:00,515.655,2024-03-12 14:52:00-05:00,516.955,512.9,91.0,long: close 515.60 > upper 515.11,flatten
2024-03-13,-1,24,2024-03-13 09:00:00-05:00,516.0350000000001,2024-03-13 09:30:00-05:00,516.4649999999999,516.77,-103.2,short: close 516.08 < lower 516.23,exit short: close 516.42 > lower 515.77
2024-03-14,-1,17,2024-03-14 09:00:00-05:00,513.945,2024-03-14 09:12:00-05:00,515.0649999999999,515.02,-190.4,short: close 513.98 < lower 515.41,stop
2024-03-14,-1,11,2024-03-14 10:00:00-05:00,514.595,2024-03-14 11:00:00-05:00,515.035,516.1800000000001,-48.4,short: close 514.64 < lower 514.91,exit short: close 514.99 > lower 514.74
2024-03-15,-1,5,2024-03-15 12:00:00-05:00,508.425,2024-03-15 12:30:00-05:00,509.375,512.24,-47.5,short: close 508.46 < lower 508.78,exit short: close 509.32 > lower 508.56
2024-03-18,1,6,2024-03-18 09:30:00-05:00,515.2249999999999,2024-03-18 10:00:00-05:00,515.095,512.0,-7.8,long: close 515.18 > upper 515.09,exit long: close 515.14 < upper 515.19
2024-03-19,1,10,2024-03-19 12:00:00-05:00,514.7249999999999,2024-03-19 14:30:00-05:00,514.485,512.95,-24.0,long: close 514.68 > upper 514.29,exit long: close 514.53 < upper 514.90
2024-03-20,1,11,2024-03-20 13:30:00-05:00,517.7049999999999,2024-03-20 13:35:00-05:00,515.975,516.02,-190.3,long: close 517.63 > upper 517.45,stop
2024-03-22,-1,17,2024-03-22 10:00:00-05:00,521.015,2024-03-22 10:30:00-05:00,521.75,522.0600000000001,-124.95,short: close 521.06 < lower 521.06,exit short: close 521.70 > lower 521.04
2024-04-01,-1,14,2024-04-01 10:30:00-05:00,522.0250000000001,2024-04-01 14:00:00-05:00,521.905,523.34,16.8,short: close 522.08 < lower 522.17,exit short: close 521.86 > lower 521.74
2024-04-02,-1,7,2024-04-02 09:00:00-05:00,517.565,2024-04-02 10:30:00-05:00,517.67,520.08,-7.35,short: close 517.60 < lower 517.72,exit short: close 517.62 > lower 517.25
2024-04-02,-1,6,2024-04-02 11:00:00-05:00,517.08,2024-04-02 11:30:00-05:00,517.485,520.07,-24.3,short: close 517.13 < lower 517.25,exit short: close 517.43 > lower 517.27
2024-04-03,1,14,2024-04-03 09:30:00-05:00,520.4549999999999,2024-04-03 14:00:00-05:00,519.9050000000001,519.13,-77.0,long: close 520.40 > upper 519.60,exit long: close 519.96 < upper 520.07
2024-04-04,-1,6,2024-04-04 13:30:00-05:00,517.955,2024-04-04 14:52:00-05:00,513.785,521.2,250.2,short: close 518.01 < lower 518.21,flatten
2024-04-05,1,17,2024-04-05 09:00:00-05:00,515.9649999999999,2024-04-05 14:52:00-05:00,518.755,514.88,474.3,long: close 515.92 > upper 514.81,flatten
2024-04-09,-1,11,2024-04-09 09:30:00-05:00,517.5450000000001,2024-04-09 14:30:00-05:00,518.555,519.26,-111.1,short: close 517.59 < lower 517.87,exit short: close 518.55 > lower 516.66
2024-04-11,-1,10,2024-04-11 09:30:00-05:00,512.5250000000001,2024-04-11 10:00:00-05:00,513.275,514.28,-75.0,short: close 512.57 < lower 513.17,exit short: close 513.22 > lower 512.66
2024-04-11,1,9,2024-04-11 12:30:00-05:00,517.5649999999999,2024-04-11 14:52:00-05:00,518.6650000000001,515.57,99.0,long: close 517.51 > upper 516.91,flatten
2024-04-12,-1,5,2024-04-12 10:00:00-05:00,512.265,2024-04-12 10:30:00-05:00,513.5749999999999,515.78,-65.5,short: close 512.31 < lower 512.72,exit short: close 513.53 > lower 512.87
2024-04-12,-1,6,2024-04-12 11:30:00-05:00,511.755,2024-04-12 14:52:00-05:00,510.415,514.9300000000001,80.4,short: close 511.82 < lower 513.04,flatten
2024-04-15,-1,5,2024-04-15 12:30:00-05:00,506.53499999999997,2024-04-15 14:52:00-05:00,504.915,510.37,81.0,short: close 506.57 < lower 509.14,flatten
2024-04-16,-1,12,2024-04-16 09:30:00-05:00,503.125,2024-04-16 10:00:00-05:00,503.14500000000004,504.66,-2.4,short: close 503.18 < lower 503.18,exit short: close 503.10 > lower 502.57
2024-04-17,-1,6,2024-04-17 11:00:00-05:00,501.66499999999996,2024-04-17 12:30:00-05:00,501.845,504.55,-10.8,short: close 501.73 < lower 501.88,exit short: close 501.77 > lower 501.27
2024-04-19,-1,10,2024-04-19 11:00:00-05:00,497.04499999999996,2024-04-19 13:00:00-05:00,497.33500000000004,498.85,-29.0,short: close 497.11 < lower 497.65,exit short: close 497.30 > lower 496.90
2024-04-19,-1,6,2024-04-19 13:30:00-05:00,495.41499999999996,2024-04-19 14:52:00-05:00,494.52500000000003,498.44,53.4,short: close 495.47 < lower 496.43,flatten
2024-04-22,1,5,2024-04-22 13:00:00-05:00,501.475,2024-04-22 14:30:00-05:00,500.53499999999997,497.56,-47.0,long: close 501.43 > upper 500.39,exit long: close 500.59 < upper 501.23
2024-04-23,1,10,2024-04-23 09:00:00-05:00,503.125,2024-04-23 14:30:00-05:00,505.315,501.34000000000003,219.0,long: close 503.07 > upper 502.49,exit long: close 505.36 < upper 505.39
2024-04-24,-1,8,2024-04-24 11:00:00-05:00,503.695,2024-04-24 11:30:00-05:00,504.135,505.92,-35.2,short: close 503.75 < lower 503.88,exit short: close 504.08 > lower 503.40
2024-04-25,-1,5,2024-04-25 09:00:00-05:00,498.155,2024-04-25 09:30:00-05:00,499.65500000000003,502.02000000000004,-75.0,short: close 498.20 < lower 498.47,exit short: close 499.60 > lower 497.76
2024-04-26,1,8,2024-04-26 09:00:00-05:00,507.885,2024-04-26 10:30:00-05:00,508.16499999999996,505.74,22.4,long: close 507.84 > upper 507.05,exit long: close 508.22 < upper 508.26
2024-04-26,1,6,2024-04-26 11:00:00-05:00,508.665,2024-04-26 13:30:00-05:00,508.925,505.54,15.6,long: close 508.62 > upper 508.02,exit long: close 508.96 < upper 509.66
2024-04-30,-1,8,2024-04-30 11:00:00-05:00,506.565,2024-04-30 11:30:00-05:00,506.745,508.90000000000003,-14.4,short: close 506.61 < lower 506.98,exit short: close 506.70 > lower 506.42
2024-04-30,-1,6,2024-04-30 12:00:00-05:00,505.255,2024-04-30 13:00:00-05:00,506.15000000000003,508.3,-53.7,short: close 505.29 < lower 506.25,exit short: close 506.11 > lower 505.71
2024-05-09,1,13,2024-05-09 10:00:00-05:00,519.2049999999999,2024-05-09 11:00:00-05:00,518.445,517.8100000000001,-98.8,long: close 519.16 > upper 518.68,exit long: close 518.50 < upper 518.82
2024-05-09,1,10,2024-05-09 12:00:00-05:00,519.255,2024-05-09 13:30:00-05:00,519.445,517.42,19.0,long: close 519.22 > upper 519.11,exit long: close 519.48 < upper 519.59
2024-05-14,1,18,2024-05-14 09:30:00-05:00,522.275,2024-05-14 09:36:00-05:00,521.245,521.29,-185.4,long: close 522.23 > upper 521.98,stop
2024-05-15,1,8,2024-05-15 10:00:00-05:00,527.2049999999999,2024-05-15 14:52:00-05:00,529.335,524.79,170.4,long: close 527.15 > upper 526.97,flatten
2024-05-16,1,15,2024-05-16 10:00:00-05:00,531.425,2024-05-16 10:30:00-05:00,531.0951,530.1800000000001,-49.48,long: close 531.38 > upper 531.05,exit long: close 531.14 < upper 531.23
2024-05-20,1,25,2024-05-20 09:00:00-05:00,531.235,2024-05-20 12:27:00-05:00,530.5150000000001,530.5600000000001,-180.0,long: close 531.17 > upper 530.18,stop
2024-05-22,-1,11,2024-05-22 13:30:00-05:00,527.7750000000001,2024-05-22 14:32:00-05:00,529.4549999999999,529.41,-184.8,short: close 527.81 < lower 529.36,stop
2024-05-23,-1,7,2024-05-23 13:00:00-05:00,526.6750000000001,2024-05-23 14:52:00-05:00,525.675,529.32,70.0,short: close 526.70 < lower 528.75,flatten
2024-05-24,1,8,2024-05-24 10:30:00-05:00,529.755,2024-05-24 13:30:00-05:00,529.385,527.53,-29.6,long: close 529.70 > upper 529.12,exit long: close 529.43 < upper 529.79
2024-05-31,-1,13,2024-05-31 09:30:00-05:00,521.0450000000001,2024-05-31 14:00:00-05:00,521.51,522.46,-60.45,short: close 521.11 < lower 521.70,exit short: close 521.47 > lower 520.95
2024-06-03,-1,9,2024-06-03 11:00:00-05:00,526.0450000000001,2024-06-03 14:00:00-05:00,525.795,528.04,22.5,short: close 526.09 < lower 526.19,exit short: close 525.75 > lower 525.57
2024-06-05,1,6,2024-06-05 12:00:00-05:00,532.6949999999999,2024-06-05 14:52:00-05:00,533.97,529.88,76.5,long: close 532.64 > upper 532.37,flatten
2024-06-07,1,9,2024-06-07 12:00:00-05:00,536.3936,2024-06-07 13:00:00-05:00,535.835,534.3100000000001,-50.27,long: close 536.35 > upper 536.23,exit long: close 535.89 < upper 536.37
2024-06-11,-1,13,2024-06-11 09:00:00-05:00,532.715,2024-06-11 09:30:00-05:00,533.755,534.16,-135.2,short: close 532.76 < lower 533.44,exit short: close 533.72 > lower 533.19
2024-06-12,1,6,2024-06-12 09:00:00-05:00,542.7249999999999,2024-06-12 11:00:00-05:00,542.955,539.61,13.8,long: close 542.69 > upper 542.39,exit long: close 543.00 < upper 543.02
2024-06-17,1,9,2024-06-17 11:30:00-05:00,545.4649999999999,2024-06-17 14:52:00-05:00,547.455,543.41,179.1,long: close 545.41 > upper 544.46,flatten
2024-06-20,-1,8,2024-06-20 12:30:00-05:00,545.955,2024-06-20 13:00:00-05:00,547.0749999999999,548.1800000000001,-89.6,short: close 546.02 < lower 546.75,exit short: close 547.02 > lower 546.62
2024-06-21,-1,10,2024-06-21 09:00:00-05:00,543.8050000000001,2024-06-21 09:30:00-05:00,544.3549999999999,545.64,-55.0,short: close 543.85 < lower 543.88,exit short: close 544.32 > lower 543.64
2024-06-24,1,25,2024-06-24 09:00:00-05:00,545.6949999999999,2024-06-24 09:49:00-05:00,544.945,544.99,-187.5,long: close 545.65 > upper 544.93,stop
2024-06-24,1,17,2024-06-24 10:00:00-05:00,546.015,2024-06-24 11:30:00-05:00,545.9200000000001,544.98,-16.15,long: close 545.98 > upper 545.26,exit long: close 545.97 < upper 546.04
2024-06-27,1,25,2024-06-27 09:30:00-05:00,546.5749999999999,2024-06-27 09:50:00-05:00,545.855,545.9,-180.0,long: close 546.53 > upper 546.13,stop
2024-06-28,1,17,2024-06-28 09:00:00-05:00,548.0949999999999,2024-06-28 10:30:00-05:00,547.695,547.01,-68.0,long: close 548.05 > upper 547.85,exit long: close 547.73 < upper 548.03
2024-07-02,1,9,2024-07-02 12:30:00-05:00,546.7049999999999,2024-07-02 14:52:00-05:00,548.0649000000001,544.67,122.39,long: close 546.66 > upper 546.56,flatten
2024-07-03,1,16,2024-07-03 10:30:00-05:00,550.0749999999999,2024-07-03 14:53:00-05:00,551.0350000000001,548.98,153.6,long: close 550.03 > upper 549.92,flatten
2024-07-05,1,15,2024-07-05 09:00:00-05:00,552.5849999999999,2024-07-05 09:09:00-05:00,551.325,551.37,-189.0,long: close 552.53 > upper 552.52,stop
2024-07-05,1,13,2024-07-05 10:30:00-05:00,552.935,2024-07-05 14:52:00-05:00,554.9200000000001,551.54,258.05,long: close 552.91 > upper 552.70,flatten
2024-07-10,1,10,2024-07-10 11:30:00-05:00,558.9749999999999,2024-07-10 14:52:00-05:00,560.995,557.21,202.0,long: close 558.94 > upper 558.22,flatten
2024-07-11,-1,22,2024-07-11 09:30:00-05:00,559.715,2024-07-11 14:52:00-05:00,557.175,560.5,558.8,short: close 559.77 < lower 560.56,flatten
2024-07-12,1,13,2024-07-12 09:00:00-05:00,558.895,2024-07-12 14:52:00-05:00,559.515,557.52,80.6,long: close 558.88 > upper 558.40,flatten
2024-07-15,1,8,2024-07-15 10:00:00-05:00,563.685,2024-07-15 11:30:00-05:00,562.835,561.33,-68.0,long: close 563.64 > upper 563.33,exit long: close 562.89 < upper 563.61
2024-07-18,-1,9,2024-07-18 10:30:00-05:00,553.755,2024-07-18 14:52:00-05:00,552.8,555.86,85.95,short: close 553.81 < lower 555.62,flatten
2024-07-19,-1,19,2024-07-19 09:30:00-05:00,551.085,2024-07-19 10:00:00-05:00,551.2049999999999,552.0500000000001,-22.8,short: close 551.11 < lower 551.58,exit short: close 551.12 > lower 551.10
2024-07-19,-1,10,2024-07-19 10:30:00-05:00,549.6028,2024-07-19 11:00:00-05:00,551.0749999999999,551.36,-147.22,short: close 549.64 < lower 550.78,exit short: close 551.06 > lower 550.69
2024-07-23,1,25,2024-07-23 09:00:00-05:00,555.5851,2024-07-23 09:45:00-05:00,554.865,554.91,-180.03,long: close 555.52 > upper 555.27,stop
2024-07-24,-1,6,2024-07-24 09:00:00-05:00,546.695,2024-07-24 14:52:00-05:00,541.385,549.72,318.6,short: close 546.76 < lower 548.28,flatten
2024-07-25,-1,24,2024-07-25 09:00:00-05:00,539.825,2024-07-25 09:29:00-05:00,540.605,540.5600000000001,-187.2,short: close 539.86 < lower 540.55,stop
2024-07-25,1,14,2024-07-25 10:00:00-05:00,542.8449999999999,2024-07-25 10:30:00-05:00,543.1750000000001,541.57,46.2,long: close 542.79 > upper 542.55,exit long: close 543.23 < upper 543.26
2024-07-26,1,6,2024-07-26 09:30:00-05:00,543.675,2024-07-26 10:00:00-05:00,543.385,540.85,-17.4,long: close 543.63 > upper 543.13,exit long: close 543.42 < upper 543.55
2024-07-26,1,4,2024-07-26 11:00:00-05:00,544.905,2024-07-26 13:30:00-05:00,544.465,540.95,-17.6,long: close 544.85 > upper 544.27,exit long: close 544.49 < upper 544.65
2024-07-30,-1,6,2024-07-30 10:30:00-05:00,542.075,2024-07-30 14:52:00-05:00,543.405,544.98,-79.8,short: close 542.14 < lower 542.60,flatten
2024-07-31,1,4,2024-07-31 09:30:00-05:00,550.3349999999999,2024-07-31 10:00:00-05:00,550.515,545.74,7.2,long: close 550.30 > upper 550.04,exit long: close 550.56 < upper 550.61
2024-08-01,1,10,2024-08-01 09:00:00-05:00,554.035,2024-08-01 09:07:00-05:00,552.215,552.26,-182.0,long: close 554.04 > upper 553.28,stop
2024-08-01,-1,7,2024-08-01 10:00:00-05:00,547.4250000000001,2024-08-01 14:52:00-05:00,543.275,550.04,290.5,short: close 547.47 < lower 548.90,flatten
2024-08-02,-1,4,2024-08-02 09:00:00-05:00,534.085,2024-08-02 14:52:00-05:00,530.745,538.46,133.6,short: close 534.13 < lower 535.00,flatten
2024-08-06,1,9,2024-08-06 09:00:00-05:00,521.935,2024-08-06 14:52:00-05:00,524.0250000000001,519.99,188.1,long: close 521.89 > upper 520.25,flatten
2024-08-07,1,4,2024-08-07 09:00:00-05:00,531.0849999999999,2024-08-07 09:30:00-05:00,528.735,526.78,-94.0,long: close 531.01 > upper 529.65,exit long: close 528.75 < upper 530.32
2024-08-08,1,4,2024-08-08 09:30:00-05:00,527.865,2024-08-08 12:00:00-05:00,527.7850000000001,523.44,-3.2,long: close 527.87 > upper 525.72,exit long: close 527.85 < upper 528.01
2024-08-08,1,3,2024-08-08 12:30:00-05:00,530.005,2024-08-08 14:52:00-05:00,529.635,524.0,-11.1,long: close 529.95 > upper 528.26,flatten
2024-08-12,-1,9,2024-08-12 09:00:00-05:00,531.3950000000001,2024-08-12 09:10:00-05:00,533.505,533.46,-189.9,short: close 531.41 < lower 531.51,stop
2024-08-13,1,3,2024-08-13 12:00:00-05:00,541.0849999999999,2024-08-13 12:30:00-05:00,540.705,535.08,-11.4,long: close 541.03 > upper 541.00,exit long: close 540.75 < upper 541.45
2024-08-22,-1,5,2024-08-22 11:00:00-05:00,557.6850000000001,2024-08-22 11:30:00-05:00,559.7249999999999,561.29,-102.0,short: close 557.74 < lower 558.04,exit short: close 559.68 > lower 557.70
2024-08-22,-1,3,2024-08-22 13:00:00-05:00,555.485,2024-08-22 13:30:00-05:00,557.0849999999999,560.52,-48.0,short: close 555.52 < lower 556.61,exit short: close 557.05 > lower 556.56
2024-08-23,1,6,2024-08-23 09:30:00-05:00,562.755,2024-08-23 09:48:00-05:00,559.6550000000001,559.7,-186.0,long: close 562.69 > upper 560.94,stop
2024-08-26,-1,7,2024-08-26 11:00:00-05:00,559.9350000000001,2024-08-26 11:30:00-05:00,561.2249999999999,562.5600000000001,-90.3,short: close 560.00 < lower 560.00,exit short: close 561.15 > lower 559.97
2024-08-28,-1,9,2024-08-28 10:30:00-05:00,558.2750000000001,2024-08-28 14:30:00-05:00,558.5949999999999,560.23,-28.8,short: close 558.31 < lower 559.42,exit short: close 558.55 > lower 558.31
2024-08-29,1,9,2024-08-29 09:30:00-05:00,561.78,2024-08-29 12:30:00-05:00,562.4150000000001,559.79,57.15,long: close 561.71 > upper 561.31,exit long: close 562.47 < upper 562.68
2024-08-30,1,9,2024-08-30 09:00:00-05:00,561.775,2024-08-30 09:30:00-05:00,561.235,559.72,-48.6,long: close 561.72 > upper 561.60,exit long: close 561.28 < upper 561.82
2024-09-03,-1,8,2024-09-03 09:00:00-05:00,559.075,2024-09-03 14:52:00-05:00,551.0949999999999,561.3100000000001,638.4,short: close 559.08 < lower 559.79,flatten
2024-09-04,1,7,2024-09-04 10:00:00-05:00,554.015,2024-09-04 10:30:00-05:00,552.085,551.46,-135.1,long: close 553.98 > upper 553.73,exit long: close 552.14 < upper 554.02
2024-09-05,1,23,2024-09-05 09:00:00-05:00,552.015,2024-09-05 09:47:00-05:00,551.215,551.26,-184.0,long: close 551.96 > upper 551.63,stop
2024-09-05,-1,9,2024-09-05 10:30:00-05:00,547.875,2024-09-05 12:00:00-05:00,548.765,549.88,-80.1,short: close 547.92 < lower 548.87,exit short: close 548.71 > lower 548.52
2024-09-06,-1,19,2024-09-06 09:00:00-05:00,547.845,2024-09-06 14:52:00-05:00,540.305,548.8000000000001,1432.6,short: close 547.89 < lower 548.80,flatten
2024-09-09,1,4,2024-09-09 12:00:00-05:00,547.53,2024-09-09 12:30:00-05:00,547.2750000000001,542.7,-10.2,long: close 547.49 > upper 547.38,exit long: close 547.33 < upper 547.39
2024-09-11,-1,21,2024-09-11 09:00:00-05:00,544.6450000000001,2024-09-11 11:04:00-05:00,545.555,545.51,-191.1,short: close 544.69 < lower 547.90,stop
2024-09-12,1,5,2024-09-12 13:00:00-05:00,559.1899999999999,2024-09-12 14:52:00-05:00,558.515,555.71,-33.75,long: close 559.14 > upper 558.17,flatten
2024-09-13,1,12,2024-09-13 09:00:00-05:00,561.035,2024-09-13 09:30:00-05:00,561.065,559.5500000000001,3.6,long: close 560.93 > upper 560.83,exit long: close 561.12 < upper 561.89
2024-09-13,1,5,2024-09-13 11:00:00-05:00,562.6949999999999,2024-09-13 11:30:00-05:00,561.5200000000001,559.41,-58.75,long: close 562.66 > upper 562.64,exit long: close 561.57 < upper 562.67
2024-10-01,-1,13,2024-10-01 09:00:00-05:00,569.455,2024-10-01 13:32:00-05:00,570.855,570.8100000000001,-182.0,short: close 569.56 < lower 572.36,stop
2024-10-07,-1,8,2024-10-07 13:30:00-05:00,569.495,2024-10-07 14:52:00-05:00,568.235,571.66,100.8,short: close 569.55 < lower 569.94,flatten
2024-10-08,1,7,2024-10-08 10:00:00-05:00,571.8449999999999,2024-10-08 10:30:00-05:00,571.8050000000001,569.22,-2.8,long: close 571.81 > upper 571.75,exit long: close 571.84 < upper 571.87
2024-10-08,1,7,2024-10-08 11:00:00-05:00,572.3149999999999,2024-10-08 12:30:00-05:00,571.1750000000001,569.6800000000001,-79.8,long: close 572.27 > upper 571.76,exit long: close 571.22 < upper 571.84
2024-10-09,1,13,2024-10-09 10:00:00-05:00,574.9449999999999,2024-10-09 14:52:00-05:00,577.499,573.58,332.02,long: close 574.90 > upper 574.50,flatten
2024-10-11,1,19,2024-10-11 09:00:00-05:00,577.435,2024-10-11 14:52:00-05:00,579.885,576.52,465.5,long: close 577.39 > upper 576.99,flatten
2024-10-14,1,10,2024-10-14 09:00:00-05:00,583.3449999999999,2024-10-14 10:30:00-05:00,582.755,581.5500000000001,-59.0,long: close 583.30 > upper 582.18,exit long: close 582.78 < upper 582.98
2024-10-14,1,7,2024-10-14 11:00:00-05:00,583.495,2024-10-14 14:52:00-05:00,584.485,580.86,69.3,long: close 583.45 > upper 583.03,flatten
2024-10-15,-1,11,2024-10-15 10:00:00-05:00,581.9250000000001,2024-10-15 14:52:00-05:00,579.545,583.65,261.8,short: close 581.95 < lower 582.72,flatten
2024-10-16,1,9,2024-10-16 13:30:00-05:00,582.655,2024-10-16 14:52:00-05:00,582.2950000000001,580.64,-32.4,long: close 582.62 > upper 581.81,flatten
2024-10-21,-1,8,2024-10-21 10:30:00-05:00,580.7950000000001,2024-10-21 11:00:00-05:00,582.375,583.01,-126.4,short: close 580.83 < lower 582.01,exit short: close 582.35 > lower 581.87
2024-10-23,-1,7,2024-10-23 10:30:00-05:00,578.835,2024-10-23 11:00:00-05:00,579.875,581.48,-72.8,short: close 578.90 < lower 579.65,exit short: close 579.84 > lower 579.59
2024-10-23,-1,7,2024-10-23 11:30:00-05:00,578.135,2024-10-23 14:52:00-05:00,577.755,580.84,26.6,short: close 578.20 < lower 579.60,flatten
2024-10-25,1,10,2024-10-25 09:00:00-05:00,583.3449999999999,2024-10-25 10:30:00-05:00,582.4350000000001,581.48,-91.0,long: close 583.30 > upper 582.21,exit long: close 582.50 < upper 583.12
2024-10-31,-1,6,2024-10-31 09:00:00-05:00,573.695,2024-10-31 14:52:00-05:00,571.295,576.72,144.0,short: close 573.76 < lower 574.74,flatten
2024-11-01,1,8,2024-11-01 09:00:00-05:00,573.175,2024-11-01 12:00:00-05:00,572.985,570.94,-15.2,long: close 573.12 > upper 572.17,exit long: close 573.00 < upper 573.08
2024-11-01,1,6,2024-11-01 12:30:00-05:00,573.7249999999999,2024-11-01 13:00:00-05:00,571.595,570.48,-127.8,long: close 573.70 > upper 573.18,exit long: close 571.65 < upper 573.53
2024-11-04,-1,10,2024-11-04 11:00:00-06:00,568.8251,2024-11-04 11:30:00-06:00,570.025,570.5600000000001,-119.99,short: close 568.85 < lower 569.37,exit short: close 570.01 > lower 569.35
2024-11-05,1,14,2024-11-05 09:00:00-06:00,574.055,2024-11-05 14:52:00-06:00,575.585,572.74,214.2,long: close 573.98 > upper 571.56,flatten
2024-11-07,1,7,2024-11-07 10:00:00-06:00,594.875,2024-11-07 10:30:00-06:00,594.5450000000001,592.14,-23.1,long: close 594.82 > upper 594.80,exit long: close 594.61 < upper 594.99
2024-11-07,1,6,2024-11-07 11:00:00-06:00,595.185,2024-11-07 12:30:00-06:00,594.8050000000001,592.26,-22.8,long: close 595.13 > upper 594.99,exit long: close 594.85 < upper 594.99
2024-11-08,1,8,2024-11-08 12:00:00-06:00,598.135,2024-11-08 14:30:00-06:00,598.235,595.91,8.0,long: close 598.09 > upper 598.08,exit long: close 598.25 < upper 598.41
2024-11-12,-1,9,2024-11-12 11:00:00-06:00,596.39,2024-11-12 13:00:00-06:00,597.4549999999999,598.44,-95.85,short: close 596.45 < lower 596.66,exit short: close 597.42 > lower 596.46
2024-11-14,-1,9,2024-11-14 11:30:00-06:00,594.7750000000001,2024-11-14 14:52:00-06:00,593.0849999999999,596.73,152.1,short: close 594.83 < lower 595.29,flatten
2024-11-15,-1,5,2024-11-15 09:30:00-06:00,586.7750000000001,2024-11-15 14:52:00-06:00,585.155,590.08,81.0,short: close 586.82 < lower 588.25,flatten
2024-11-18,1,9,2024-11-18 10:00:00-06:00,588.275,2024-11-18 11:00:00-06:00,588.245,586.16,-2.7,long: close 588.21 > upper 588.07,exit long: close 588.28 < upper 588.42
2024-11-18,1,7,2024-11-18 12:00:00-06:00,588.6949999999999,2024-11-18 12:30:00-06:00,588.095,586.07,-42.0,long: close 588.65 > upper 588.58,exit long: close 588.14 < upper 588.51
2024-11-19,1,4,2024-11-19 13:00:00-06:00,590.9449999999999,2024-11-19 13:30:00-06:00,590.095,586.9300000000001,-34.0,long: close 590.90 > upper 590.44,exit long: close 590.13 < upper 590.25
2024-11-20,-1,15,2024-11-20 09:00:00-06:00,587.355,2024-11-20 10:54:00-06:00,588.625,588.58,-190.5,short: close 587.43 < lower 589.11,stop
2024-11-20,-1,7,2024-11-20 11:30:00-06:00,587.1550000000001,2024-11-20 14:30:00-06:00,588.525,589.65,-95.9,short: close 587.21 < lower 587.85,exit short: close 588.48 > lower 587.71
2024-11-21,-1,5,2024-11-21 09:30:00-06:00,587.6450000000001,2024-11-21 09:55:00-06:00,590.9549999999999,590.91,-165.5,short: close 587.74 < lower 588.70,stop
2024-11-22,1,13,2024-11-22 09:00:00-06:00,595.985,2024-11-22 09:09:00-06:00,594.5250000000001,594.57,-189.8,long: close 595.97 > upper 595.05,stop
2024-11-22,1,10,2024-11-22 10:00:00-06:00,595.8349999999999,2024-11-22 10:20:00-06:00,593.945,593.99,-189.0,long: close 595.76 > upper 595.48,stop
2024-11-27,-1,9,2024-11-27 10:30:00-06:00,598.385,2024-11-27 12:00:00-06:00,598.42,600.3000000000001,-3.15,short: close 598.46 < lower 598.68,exit short: close 598.38 > lower 597.93
2024-11-29,1,12,2024-11-29 09:00:00-06:00,600.755,2024-11-29 14:52:00-06:00,602.715,599.28,235.2,long: close 600.71 > upper 600.69,flatten
2024-12-06,1,13,2024-12-06 09:00:00-06:00,609.02,2024-12-06 09:30:00-06:00,608.835,607.64,-24.05,long: close 608.98 > upper 608.40,exit long: close 608.88 < upper 608.99
2024-12-09,-1,11,2024-12-09 10:00:00-06:00,605.335,2024-12-09 13:00:00-06:00,606.055,606.95,-79.2,short: close 605.38 < lower 606.18,exit short: close 606.01 > lower 605.86
2024-12-09,-1,10,2024-12-09 13:30:00-06:00,605.325,2024-12-09 14:52:00-06:00,604.4549999999999,607.12,87.0,short: close 605.37 < lower 605.99,flatten
2024-12-11,1,7,2024-12-11 10:30:00-06:00,607.525,2024-12-11 14:52:00-06:00,607.7850000000001,604.8100000000001,18.2,long: close 607.48 > upper 607.04,flatten
2024-12-12,-1,10,2024-12-12 13:30:00-06:00,604.8950000000001,2024-12-12 14:00:00-06:00,605.145,606.72,-25.0,short: close 604.93 < lower 605.22,exit short: close 605.12 > lower 605.04
2024-12-13,-1,7,2024-12-13 12:00:00-06:00,602.855,2024-12-13 12:30:00-06:00,604.015,605.3100000000001,-81.2,short: close 602.91 < lower 602.93,exit short: close 603.98 > lower 603.06
2024-12-16,1,8,2024-12-16 12:30:00-06:00,607.755,2024-12-16 13:30:00-06:00,607.2950000000001,605.5500000000001,-36.8,long: close 607.72 > upper 607.33,exit long: close 607.35 < upper 607.45
2024-12-17,-1,9,2024-12-17 09:30:00-06:00,603.1550000000001,2024-12-17 10:00:00-06:00,603.9799999999999,605.19,-74.25,short: close 603.22 < lower 603.46,exit short: close 603.93 > lower 603.13
2024-12-18,1,19,2024-12-18 09:30:00-06:00,605.425,2024-12-18 12:00:00-06:00,605.4686,604.5,8.28,long: close 605.40 > upper 605.04,exit long: close 605.57 < upper 605.58
2024-12-18,1,14,2024-12-18 13:00:00-06:00,605.5849999999999,2024-12-18 13:00:00-06:00,604.235,604.28,-189.0,long: close 605.47 > upper 605.42,stop
2024-12-20,1,6,2024-12-20 10:00:00-06:00,588.3349999999999,2024-12-20 14:52:00-06:00,590.3950000000001,585.14,123.6,long: close 588.26 > upper 587.14,flatten
2024-12-23,-1,15,2024-12-23 09:30:00-06:00,589.255,2024-12-23 10:19:00-06:00,590.545,590.5,-193.5,short: close 589.30 < lower 589.64,stop
2024-12-23,1,10,2024-12-23 12:30:00-06:00,593.3149999999999,2024-12-23 14:00:00-06:00,592.885,591.5600000000001,-43.0,long: close 593.30 > upper 592.63,exit long: close 592.98 < upper 593.47
2024-12-24,1,16,2024-12-24 09:00:00-06:00,597.245,2024-12-24 14:53:00-06:00,601.1450000000001,596.14,624.0,long: close 597.20 > upper 596.52,flatten
2024-12-27,-1,7,2024-12-27 09:00:00-06:00,596.7750000000001,2024-12-27 14:00:00-06:00,595.305,599.22,102.9,short: close 596.82 < lower 596.92,exit short: close 595.26 > lower 594.33
2024-12-30,-1,4,2024-12-30 09:00:00-06:00,585.1650000000001,2024-12-30 10:00:00-06:00,587.125,589.17,-78.4,short: close 585.22 < lower 587.48,exit short: close 587.11 > lower 586.00
2024-12-31,-1,5,2024-12-31 12:30:00-06:00,584.97,2024-12-31 14:00:00-06:00,586.3549999999999,588.52,-69.25,short: close 585.01 < lower 585.52,exit short: close 586.33 > lower 584.96
2025-01-02,1,8,2025-01-02 09:00:00-06:00,590.2249999999999,2025-01-02 09:22:00-06:00,587.835,587.88,-191.2,long: close 590.17 > upper 590.04,stop
2025-01-02,-1,4,2025-01-02 12:00:00-06:00,582.815,2025-01-02 13:30:00-06:00,583.31,587.64,-19.8,short: close 582.86 < lower 582.89,exit short: close 583.28 > lower 582.77
2025-01-03,1,5,2025-01-03 10:30:00-06:00,589.645,2025-01-03 11:30:00-06:00,590.105,586.1,23.0,long: close 589.63 > upper 589.61,exit long: close 590.14 < upper 590.95
2025-01-03,1,4,2025-01-03 12:30:00-06:00,591.545,2025-01-03 14:52:00-06:00,591.1750000000001,586.76,-14.8,long: close 591.50 > upper 590.84,flatten
2025-01-06,1,6,2025-01-06 09:00:00-06:00,597.9449999999999,2025-01-06 11:30:00-06:00,598.485,595.08,32.4,long: close 597.88 > upper 596.94,exit long: close 598.57 < upper 599.92
2025-01-07,-1,5,2025-01-07 10:30:00-06:00,592.975,2025-01-07 12:30:00-06:00,592.3249999999999,596.28,32.5,short: close 593.11 < lower 593.12,exit short: close 592.28 > lower 591.85
2025-01-07,-1,4,2025-01-07 13:00:00-06:00,590.955,2025-01-07 14:52:00-06:00,588.275,595.34,107.2,short: close 591.00 < lower 592.04,flatten
2025-01-08,-1,21,2025-01-08 09:00:00-06:00,587.255,2025-01-08 09:02:00-06:00,588.125,588.08,-182.7,short: close 587.38 < lower 587.89,stop
2025-01-08,-1,8,2025-01-08 09:30:00-06:00,586.4250000000001,2025-01-08 10:00:00-06:00,588.4649999999999,588.66,-163.2,short: close 586.48 < lower 586.48,exit short: close 588.42 > lower 586.41
2025-01-10,-1,7,2025-01-10 09:00:00-06:00,582.345,2025-01-10 12:30:00-06:00,583.285,585.0,-65.8,short: close 582.98 < lower 584.99,exit short: close 583.24 > lower 582.12
2025-01-15,1,3,2025-01-15 09:00:00-06:00,591.995,2025-01-15 09:30:00-06:00,592.2950000000001,586.64,9.0,long: close 591.93 > upper 591.63,exit long: close 592.33 < upper 592.39
2025-01-28,1,8,2025-01-28 09:30:00-06:00,602.535,2025-01-28 10:30:00-06:00,601.2950000000001,600.21,-99.2,long: close 602.46 > upper 602.34,exit long: close 601.42 < upper 602.58
2025-01-28,1,6,2025-01-28 11:30:00-06:00,603.775,2025-01-28 14:52:00-06:00,604.845,600.6,64.2,long: close 603.72 > upper 603.19,flatten
2025-01-29,-1,6,2025-01-29 13:30:00-06:00,599.345,2025-01-29 13:40:00-06:00,602.505,602.46,-189.6,short: close 599.40 < lower 600.99,stop
2025-01-31,1,7,2025-01-31 09:30:00-06:00,609.005,2025-01-31 10:30:00-06:00,609.0450000000001,606.36,2.8,long: close 608.96 > upper 608.89,exit long: close 609.09 < upper 609.11
2025-02-04,1,15,2025-02-04 09:00:00-06:00,599.0392999999999,2025-02-04 14:52:00-06:00,601.4540000000001,597.82,362.21,long: close 599.00 > upper 598.95,flatten
2025-02-07,-1,11,2025-02-07 09:30:00-06:00,604.455,2025-02-07 14:52:00-06:00,601.0649999999999,606.08,372.9,short: close 604.58 < lower 604.99,flatten
2025-02-13,1,7,2025-02-13 10:00:00-06:00,607.135,2025-02-13 11:00:00-06:00,606.0550000000001,604.38,-75.6,long: close 607.09 > upper 606.68,exit long: close 606.10 < upper 606.62
2025-02-13,1,5,2025-02-13 13:00:00-06:00,607.235,2025-02-13 14:52:00-06:00,609.235,603.98,100.0,long: close 607.19 > upper 607.18,flatten
2025-02-20,-1,12,2025-02-20 09:00:00-06:00,608.355,2025-02-20 13:30:00-06:00,609.2049999999999,609.82,-102.0,short: close 608.38 < lower 610.77,exit short: close 609.17 > lower 608.59
2025-02-21,-1,17,2025-02-21 09:00:00-06:00,608.455,2025-02-21 14:52:00-06:00,600.425,609.5,1365.1,short: close 608.47 < lower 609.24,flatten
2025-02-24,-1,9,2025-02-24 09:00:00-06:00,598.715,2025-02-24 10:30:00-06:00,600.175,600.72,-131.4,short: close 598.76 < lower 599.00,exit short: close 600.10 > lower 597.91
2025-02-25,-1,15,2025-02-25 09:00:00-06:00,595.205,2025-02-25 13:00:00-06:00,594.6949999999999,596.41,76.5,short: close 595.23 < lower 595.98,exit short: close 594.71 > lower 594.53
2025-02-25,-1,6,2025-02-25 13:30:00-06:00,592.995,2025-02-25 14:00:00-06:00,595.275,596.15,-136.8,short: close 593.07 < lower 594.02,exit short: close 595.24 > lower 593.96
2025-02-26,1,9,2025-02-26 09:00:00-06:00,597.755,2025-02-26 11:00:00-06:00,598.015,595.6800000000001,23.4,long: close 597.71 > upper 597.14,exit long: close 598.01 < upper 598.17
2025-02-26,1,6,2025-02-26 11:30:00-06:00,598.6949999999999,2025-02-26 11:57:00-06:00,595.6350000000001,595.6800000000001,-183.6,long: close 598.60 > upper 598.07,stop
2025-02-27,-1,7,2025-02-27 09:00:00-06:00,592.385,2025-02-27 09:22:00-06:00,594.9549999999999,594.91,-179.9,short: close 592.43 < lower 593.12,stop
2025-02-27,-1,4,2025-02-27 13:30:00-06:00,590.7370000000001,2025-02-27 14:52:00-06:00,586.8249999999999,595.08,156.48,short: close 590.77 < lower 591.31,flatten
2025-02-28,1,8,2025-02-28 09:30:00-06:00,588.405,2025-02-28 10:29:00-06:00,586.0350000000001,586.08,-189.6,long: close 588.36 > upper 587.62,stop
2025-03-03,-1,5,2025-03-03 12:30:00-06:00,588.07,2025-03-03 14:52:00-06:00,581.6949999999999,591.34,318.75,short: close 588.09 < lower 591.86,flatten
2025-03-04,-1,5,2025-03-04 09:00:00-06:00,575.6650000000001,2025-03-04 11:30:00-06:00,577.895,579.5,-111.5,short: close 575.70 < lower 578.02,exit short: close 577.86 > lower 577.51
2025-03-04,-1,4,2025-03-04 12:00:00-06:00,576.465,2025-03-04 12:30:00-06:00,577.525,580.91,-42.4,short: close 576.49 < lower 577.41,exit short: close 577.54 > lower 577.04
2025-03-05,1,7,2025-03-05 12:00:00-06:00,580.795,2025-03-05 12:09:00-06:00,578.235,578.28,-179.2,long: close 580.75 > upper 579.31,stop
2025-03-05,1,6,2025-03-05 13:00:00-06:00,581.505,2025-03-05 14:52:00-06:00,582.355,578.62,51.0,long: close 581.47 > upper 579.68,flatten
2025-03-06,-1,3,2025-03-06 11:30:00-06:00,572.515,2025-03-06 14:30:00-06:00,573.0749999999999,578.34,-16.8,short: close 572.55 < lower 573.46,exit short: close 573.01 > lower 570.83
2025-03-07,-1,5,2025-03-07 10:30:00-06:00,567.625,2025-03-07 11:44:00-06:00,571.2049999999999,571.16,-179.0,short: close 567.63 < lower 568.31,stop
2025-03-07,1,4,2025-03-07 13:30:00-06:00,576.7049999999999,2025-03-07 14:00:00-06:00,575.115,572.17,-63.6,long: close 576.58 > upper 576.39,exit long: close 575.17 < upper 576.77
2025-03-10,-1,3,2025-03-10 10:00:00-05:00,563.9050000000001,2025-03-10 10:30:00-05:00,565.185,569.91,-38.4,short: close 563.94 < lower 564.90,exit short: close 565.12 > lower 564.79
2025-03-10,-1,3,2025-03-10 11:00:00-05:00,563.755,2025-03-10 14:52:00-05:00,560.9449999999999,569.76,84.3,short: close 563.84 < lower 565.10,flatten
2025-03-11,-1,6,2025-03-11 09:30:00-05:00,555.9050000000001,2025-03-11 10:30:00-05:00,557.145,559.08,-74.4,short: close 555.99 < lower 556.89,exit short: close 557.17 > lower 556.49
2025-03-11,-1,6,2025-03-11 11:30:00-05:00,555.8050000000001,2025-03-11 13:22:00-05:00,558.935,558.89,-187.8,short: close 555.81 < lower 557.00,stop
2025-03-13,-1,8,2025-03-13 09:00:00-05:00,554.975,2025-03-13 09:12:00-05:00,557.1949999999999,557.15,-177.6,short: close 555.03 < lower 556.52,stop
2025-03-13,-1,5,2025-03-13 10:30:00-05:00,554.205,2025-03-13 14:00:00-05:00,553.8490999999999,557.57,17.8,short: close 554.28 < lower 555.34,exit short: close 553.94 > lower 553.77
2025-03-14,1,4,2025-03-14 09:00:00-05:00,557.7249999999999,2025-03-14 09:30:00-05:00,556.95,553.33,-31.0,long: close 558.44 > upper 558.21,exit long: close 557.00 < upper 558.78
2025-03-14,1,3,2025-03-14 10:00:00-05:00,560.3149999999999,2025-03-14 14:52:00-05:00,562.735,554.67,72.6,long: close 560.28 > upper 559.46,flatten
2025-03-17,1,9,2025-03-17 09:00:00-05:00,565.745,2025-03-17 09:30:00-05:00,564.585,563.65,-104.4,long: close 565.65 > upper 564.87,exit long: close 564.64 < upper 565.29
2025-03-17,1,4,2025-03-17 13:00:00-05:00,567.145,2025-03-17 14:52:00-05:00,568.225,562.91,43.2,long: close 567.12 > upper 567.01,flatten
2025-03-18,-1,5,2025-03-18 09:00:00-05:00,560.735,2025-03-18 13:00:00-05:00,560.865,564.0,-6.5,short: close 560.77 < lower 562.64,exit short: close 560.82 > lower 560.42
2025-03-18,-1,3,2025-03-18 13:30:00-05:00,560.445,2025-03-18 14:00:00-05:00,561.415,565.86,-29.1,short: close 560.48 < lower 560.50,exit short: close 561.40 > lower 559.78
2025-03-20,1,4,2025-03-20 09:30:00-05:00,569.525,2025-03-20 10:00:00-05:00,569.385,565.33,-5.6,long: close 569.48 > upper 569.37,exit long: close 569.40 < upper 570.11
2025-03-26,-1,5,2025-03-26 11:00:00-05:00,570.615,2025-03-26 14:52:00-05:00,569.505,573.88,55.5,short: close 570.66 < lower 572.01,flatten
2025-03-28,-1,6,2025-03-28 09:30:00-05:00,559.5200000000001,2025-03-28 14:52:00-05:00,555.865,562.53,219.3,short: close 559.57 < lower 563.26,flatten
2025-04-01,-1,6,2025-04-01 09:30:00-05:00,555.09,2025-04-01 09:43:00-05:00,558.275,558.23,-191.1,short: close 555.14 < lower 555.16,stop
2025-04-02,1,3,2025-04-02 12:00:00-05:00,565.735,2025-04-02 13:00:00-05:00,564.0350000000001,559.74,-51.0,long: close 565.68 > upper 564.69,exit long: close 564.10 < upper 564.75
2025-04-03,-1,3,2025-04-03 10:00:00-05:00,540.1550000000001,2025-04-03 10:30:00-05:00,541.8249999999999,546.16,-50.1,short: close 540.19 < lower 542.00,exit short: close 541.73 > lower 541.73
2025-04-03,-1,3,2025-04-03 13:30:00-05:00,540.725,2025-04-03 14:00:00-05:00,541.8149999999999,546.72,-32.7,short: close 540.79 < lower 541.45,exit short: close 541.79 > lower 540.97
2025-04-04,-1,3,2025-04-04 09:30:00-05:00,516.215,2025-04-04 10:16:00-05:00,522.265,522.22,-181.5,short: close 516.29 < lower 521.26,stop
2025-04-04,-1,3,2025-04-04 10:30:00-05:00,516.355,2025-04-04 14:52:00-05:00,507.935,522.36,252.6,short: close 516.35 < lower 520.58,flatten
2025-04-09,1,6,2025-04-09 09:00:00-05:00,499.90500000000003,2025-04-09 09:14:00-05:00,496.715,496.76,-191.4,long: close 499.85 > upper 498.23,stop
2025-04-09,1,3,2025-04-09 12:30:00-05:00,524.0649999999999,2025-04-09 14:52:00-05:00,544.845,518.0600000000001,623.4,long: close 523.96 > upper 502.89,flatten
2025-04-10,-1,3,2025-04-10 09:00:00-05:00,528.945,2025-04-10 13:00:00-05:00,524.235,534.95,141.3,short: close 529.00 < lower 530.37,exit short: close 524.28 > lower 522.95
2025-04-11,1,3,2025-04-11 12:00:00-05:00,531.8149999999999,2025-04-11 12:30:00-05:00,529.7950000000001,525.8100000000001,-60.6,long: close 531.72 > upper 531.02,exit long: close 529.83 < upper 534.14
2025-04-11,1,3,2025-04-11 13:00:00-05:00,534.765,2025-04-11 13:30:00-05:00,533.115,528.76,-49.5,long: close 534.70 > upper 534.18,exit long: close 533.17 < upper 534.53
2025-04-21,-1,3,2025-04-21 09:00:00-05:00,517.465,2025-04-21 14:30:00-05:00,510.40500000000003,522.48,211.8,short: close 517.56 < lower 518.77,exit short: close 510.37 > lower 509.92
2025-04-22,1,3,2025-04-22 10:00:00-05:00,524.7149999999999,2025-04-22 12:30:00-05:00,522.5250000000001,518.71,-65.7,long: close 524.67 > upper 524.53,exit long: close 522.65 < upper 529.80
2025-04-23,1,3,2025-04-23 09:00:00-05:00,543.64,2025-04-23 09:30:00-05:00,543.7750000000001,537.64,4.05,long: close 543.56 > upper 543.29,exit long: close 543.88 < upper 544.21
2025-04-24,1,4,2025-04-24 09:30:00-05:00,542.275,2025-04-24 12:30:00-05:00,544.9350000000001,538.02,106.4,long: close 542.23 > upper 540.34,exit long: close 544.98 < upper 546.18
2025-04-30,-1,3,2025-04-30 09:00:00-05:00,541.88,2025-04-30 09:30:00-05:00,546.3549999999999,547.88,-134.25,short: close 541.94 < lower 544.83,exit short: close 546.31 > lower 544.80
2025-05-01,1,3,2025-05-01 10:00:00-05:00,563.405,2025-05-01 10:30:00-05:00,563.215,557.66,-5.7,long: close 563.35 > upper 563.12,exit long: close 563.26 < upper 563.98
2025-05-08,1,3,2025-05-08 11:00:00-05:00,568.4412,2025-05-08 11:30:00-05:00,568.755,563.32,9.41,long: close 568.38 > upper 568.36,exit long: close 568.80 < upper 569.17
2025-05-08,1,3,2025-05-08 12:00:00-05:00,570.155,2025-05-08 13:00:00-05:00,567.635,564.34,-75.6,long: close 570.12 > upper 569.04,exit long: close 567.69 < upper 568.77
2025-05-13,1,7,2025-05-13 09:30:00-05:00,586.885,2025-05-13 14:52:00-05:00,587.865,584.42,68.6,long: close 586.82 > upper 585.61,flatten
2025-05-15,1,5,2025-05-15 12:00:00-05:00,590.2325,2025-05-15 13:30:00-05:00,589.455,586.72,-38.87,long: close 590.17 > upper 590.08,exit long: close 589.51 < upper 590.44
2025-05-21,-1,4,2025-05-21 12:30:00-05:00,584.6550000000001,2025-05-21 14:52:00-05:00,584.5849999999999,589.46,2.8,short: close 584.69 < lower 585.85,flatten
2025-05-22,1,14,2025-05-22 09:00:00-05:00,584.235,2025-05-22 09:23:00-05:00,582.9350000000001,582.98,-182.0,long: close 584.18 > upper 584.06,stop
2025-05-22,1,8,2025-05-22 13:00:00-05:00,585.425,2025-05-22 13:30:00-05:00,585.5350000000001,583.09,8.8,long: close 585.39 > upper 585.15,exit long: close 585.57 < upper 585.79
2025-05-27,1,3,2025-05-27 09:30:00-05:00,587.915,2025-05-27 12:13:00-05:00,582.815,582.86,-153.0,long: close 587.87 > upper 587.68,stop
2025-05-27,1,3,2025-05-27 12:30:00-05:00,590.2249999999999,2025-05-27 14:52:00-05:00,590.095,584.22,-3.9,long: close 590.17 > upper 589.04,flatten
2025-05-28,-1,9,2025-05-28 10:00:00-05:00,589.2900000000001,2025-05-28 10:30:00-05:00,589.435,591.22,-13.05,short: close 589.34 < lower 589.38,exit short: close 589.40 > lower 589.09
2025-05-30,-1,11,2025-05-30 09:00:00-05:00,586.965,2025-05-30 09:05:00-05:00,588.685,588.64,-189.2,short: close 587.09 < lower 587.78,stop
2025-05-30,-1,6,2025-05-30 11:30:00-05:00,585.0250000000001,2025-05-30 12:30:00-05:00,585.935,588.2,-54.6,short: close 585.09 < lower 586.28,exit short: close 585.89 > lower 585.79
2025-06-03,1,11,2025-06-03 10:00:00-05:00,594.415,2025-06-03 14:52:00-05:00,595.6550000000001,592.7,136.4,long: close 594.37 > upper 594.20,flatten
2025-06-05,-1,10,2025-06-05 09:00:00-05:00,594.245,2025-06-05 09:25:00-05:00,596.165,596.12,-192.0,short: close 594.29 < lower 594.90,stop
2025-06-06,1,4,2025-06-06 09:00:00-05:00,600.3549999999999,2025-06-06 09:30:00-05:00,599.115,596.33,-49.6,long: close 600.30 > upper 599.85,exit long: close 599.18 < upper 600.03
2025-06-12,1,10,2025-06-12 10:00:00-05:00,602.6949999999999,2025-06-12 10:30:00-05:00,602.4050000000001,600.9300000000001,-29.0,long: close 602.64 > upper 602.47,exit long: close 602.45 < upper 602.58
2025-06-13,-1,5,2025-06-13 09:30:00-05:00,596.725,2025-06-13 10:00:00-05:00,599.185,600.6,-123.0,short: close 596.77 < lower 597.23,exit short: close 599.14 > lower 597.27
2025-06-16,1,7,2025-06-16 09:00:00-05:00,603.115,2025-06-16 12:00:00-05:00,602.6850000000001,600.4,-30.1,long: close 603.05 > upper 601.40,exit long: close 602.73 < upper 602.74
2025-06-16,1,5,2025-06-16 12:30:00-05:00,603.435,2025-06-16 13:00:00-05:00,602.265,599.72,-58.5,long: close 603.38 > upper 602.39,exit long: close 602.31 < upper 602.67
2025-06-17,-1,5,2025-06-17 13:00:00-05:00,597.975,2025-06-17 14:00:00-05:00,598.165,601.28,-9.5,short: close 598.02 < lower 598.17,exit short: close 598.12 > lower 597.96
2025-06-18,1,10,2025-06-18 09:30:00-05:00,600.8249999999999,2025-06-18 11:00:00-05:00,599.6750000000001,599.02,-115.0,long: close 600.77 > upper 599.80,exit long: close 599.74 < upper 600.13
2025-06-20,-1,11,2025-06-20 10:00:00-05:00,594.325,2025-06-20 10:36:00-05:00,596.005,595.96,-184.8,short: close 594.38 < lower 596.29,stop
2025-06-20,-1,10,2025-06-20 11:00:00-05:00,594.6650000000001,2025-06-20 14:52:00-05:00,594.0649999999999,596.49,60.0,short: close 594.70 < lower 596.10,flatten
2025-06-23,1,13,2025-06-23 09:00:00-05:00,596.7049999999999,2025-06-23 10:00:00-05:00,596.4250000000001,595.28,-36.4,long: close 596.65 > upper 596.06,exit long: close 596.47 < upper 596.47
2025-06-23,1,10,2025-06-23 10:30:00-05:00,596.425,2025-06-23 11:00:00-05:00,595.815,594.6800000000001,-61.0,long: close 596.39 > upper 596.38,exit long: close 595.86 < upper 596.59
2025-06-24,1,5,2025-06-24 10:30:00-05:00,605.805,2025-06-24 11:00:00-05:00,605.725,602.3100000000001,-4.0,long: close 605.75 > upper 605.73,exit long: close 605.75 < upper 605.81
2025-06-24,1,5,2025-06-24 11:30:00-05:00,606.545,2025-06-24 14:52:00-05:00,607.205,602.86,33.0,long: close 606.49 > upper 605.91,flatten
2025-06-26,1,8,2025-06-26 10:00:00-05:00,610.415,2025-06-26 10:30:00-05:00,610.0250000000001,608.14,-31.2,long: close 610.37 > upper 610.33,exit long: close 610.09 < upper 610.38
2025-06-26,1,8,2025-06-26 11:00:00-05:00,610.5649999999999,2025-06-26 14:30:00-05:00,611.585,608.17,81.6,long: close 610.53 > upper 610.43,exit long: close 611.64 < upper 611.67
2025-06-27,1,13,2025-06-27 09:00:00-05:00,614.415,2025-06-27 13:00:00-05:00,614.115,613.0600000000001,-39.0,long: close 614.36 > upper 613.74,exit long: close 614.15 < upper 614.95
2025-07-02,1,10,2025-07-02 11:00:00-05:00,619.3149999999999,2025-07-02 11:30:00-05:00,619.115,617.45,-20.0,long: close 619.27 > upper 619.26,exit long: close 619.15 < upper 619.43
2025-07-02,1,10,2025-07-02 12:00:00-05:00,619.625,2025-07-02 12:30:00-05:00,619.4250000000001,617.72,-20.0,long: close 619.59 > upper 619.31,exit long: close 619.48 < upper 619.49
2025-07-03,1,10,2025-07-03 09:00:00-05:00,624.1049999999999,2025-07-03 14:52:00-05:00,624.855,622.21,75.0,long: close 624.07 > upper 623.31,flatten
2025-07-07,-1,6,2025-07-07 11:30:00-05:00,620.515,2025-07-07 14:52:00-05:00,620.255,623.38,15.6,short: close 620.58 < lower 621.38,flatten
2025-07-09,1,9,2025-07-09 09:00:00-05:00,624.275,2025-07-09 09:30:00-05:00,623.335,622.28,-84.6,long: close 624.25 > upper 623.54,exit long: close 623.37 < upper 624.12
2025-07-10,1,8,2025-07-10 13:00:00-05:00,626.625,2025-07-10 14:00:00-05:00,626.215,624.4,-32.8,long: close 626.59 > upper 626.33,exit long: close 626.26 < upper 626.37
2025-07-17,1,17,2025-07-17 09:00:00-05:00,625.8349999999999,2025-07-17 09:30:00-05:00,625.4150000000001,624.78,-71.4,long: close 625.78 > upper 625.36,exit long: close 625.46 < upper 625.58
2025-07-17,1,11,2025-07-17 10:30:00-05:00,626.7162,2025-07-17 14:52:00-05:00,627.865,625.07,126.37,long: close 626.67 > upper 625.96,flatten
2025-07-21,1,12,2025-07-21 09:00:00-05:00,630.625,2025-07-21 14:00:00-05:00,630.325,629.08,-36.0,long: close 630.57 > upper 629.72,exit long: close 630.36 < upper 630.74
2025-07-22,-1,15,2025-07-22 09:00:00-05:00,626.845,2025-07-22 09:37:00-05:00,628.0649999999999,628.02,-183.0,short: close 626.88 < lower 627.74,stop
2025-07-25,1,10,2025-07-25 11:30:00-05:00,636.805,2025-07-25 14:52:00-05:00,636.995,634.92,19.0,long: close 636.76 > upper 636.63,flatten
2025-07-29,-1,9,2025-07-29 10:30:00-05:00,635.245,2025-07-29 11:00:00-05:00,635.925,637.38,-61.2,short: close 635.29 < lower 635.52,exit short: close 635.88 > lower 635.55
2025-08-01,-1,5,2025-08-01 09:00:00-05:00,621.485,2025-08-01 14:52:00-05:00,622.135,625.26,-32.5,short: close 621.48 < lower 625.37,flatten
2025-08-04,1,6,2025-08-04 09:00:00-05:00,629.055,2025-08-04 14:52:00-05:00,630.4100000000001,625.84,81.3,long: close 629.01 > upper 626.91,flatten
2025-08-05,-1,9,2025-08-05 10:00:00-05:00,627.87,2025-08-05 12:30:00-05:00,629.7497999999999,629.9300000000001,-169.18,short: close 627.91 < lower 629.39,exit short: close 629.70 > lower 628.93
2025-08-06,1,7,2025-08-06 10:30:00-05:00,631.9549999999999,2025-08-06 14:52:00-05:00,632.6750000000001,629.3000000000001,50.4,long: close 631.93 > upper 631.17,flatten
2025-08-07,-1,4,2025-08-07 12:30:00-05:00,629.955,2025-08-07 13:00:00-05:00,630.785,634.07,-33.2,short: close 630.03 < lower 630.36,exit short: close 630.74 > lower 630.20
2025-08-07,-1,4,2025-08-07 13:30:00-05:00,629.875,2025-08-07 14:00:00-05:00,630.5663,634.32,-27.65,short: close 629.92 < lower 630.03,exit short: close 630.51 > lower 630.00
2025-08-08,1,9,2025-08-08 09:00:00-05:00,635.895,2025-08-08 10:00:00-05:00,635.765,633.88,-11.7,long: close 635.85 > upper 635.20,exit long: close 635.80 < upper 636.07
2025-08-08,1,6,2025-08-08 11:00:00-05:00,636.395,2025-08-08 12:30:00-05:00,636.3463,633.42,-2.92,long: close 636.36 > upper 636.16,exit long: close 636.39 < upper 636.66
2025-08-12,1,6,2025-08-12 11:00:00-05:00,641.275,2025-08-12 14:52:00-05:00,642.6750000000001,638.04,84.0,long: close 641.23 > upper 640.29,flatten
2025-08-19,-1,8,2025-08-19 11:00:00-05:00,640.6850000000001,2025-08-19 14:52:00-05:00,639.045,643.04,131.2,short: close 640.75 < lower 640.84,flatten
2025-08-20,-1,14,2025-08-20 09:00:00-05:00,635.335,2025-08-20 10:32:00-05:00,636.7149999999999,636.67,-193.2,short: close 635.39 < lower 638.25,stop
2025-08-20,-1,7,2025-08-20 11:00:00-05:00,635.095,2025-08-20 11:30:00-05:00,637.4699999999999,637.7,-166.25,short: close 635.15 < lower 636.98,exit short: close 637.42 > lower 637.08
2025-08-22,1,7,2025-08-22 09:30:00-05:00,644.1787999999999,2025-08-22 14:52:00-05:00,645.22,641.4300000000001,72.88,long: close 644.11 > upper 639.42,flatten
2025-08-29,-1,11,2025-08-29 09:00:00-05:00,645.455,2025-08-29 14:52:00-05:00,644.0649999999999,647.1800000000001,152.9,short: close 645.51 < lower 646.45,flatten
2025-09-02,-1,3,2025-09-02 11:00:00-05:00,635.1700000000001,2025-09-02 11:30:00-05:00,635.655,641.14,-14.55,short: close 635.21 < lower 635.32,exit short: close 635.61 > lower 635.48
2025-09-04,1,8,2025-09-04 10:30:00-05:00,646.265,2025-09-04 11:00:00-05:00,646.13,644.12,-10.8,long: close 646.21 > upper 646.18,exit long: close 646.17 < upper 646.50
2025-09-04,1,7,2025-09-04 12:30:00-05:00,646.885,2025-09-04 14:52:00-05:00,648.35,644.38,102.55,long: close 646.86 > upper 646.55,flatten
2025-09-05,-1,6,2025-09-05 09:30:00-05:00,646.475,2025-09-05 14:30:00-05:00,647.165,649.5,-41.4,short: close 646.56 < lower 647.20,exit short: close 647.11 > lower 646.73
2025-09-11,1,11,2025-09-11 09:00:00-05:00,655.615,2025-09-11 14:52:00-05:00,658.1650000000001,653.91,280.5,long: close 655.57 > upper 654.90,flatten
2025-09-15,1,10,2025-09-15 09:00:00-05:00,660.6899999999999,2025-09-15 09:30:00-05:00,660.615,658.86,-7.5,long: close 660.65 > upper 660.37,exit long: close 660.68 < upper 660.88
2025-09-17,-1,13,2025-09-17 12:00:00-05:00,658.265,2025-09-17 12:30:00-05:00,658.6949999999999,659.6800000000001,-55.9,short: close 658.32 < lower 658.55,exit short: close 658.64 > lower 658.36
2025-09-18,1,7,2025-09-18 09:30:00-05:00,664.425,2025-09-18 10:00:00-05:00,662.725,661.76,-119.0,long: close 664.40 > upper 663.19,exit long: close 662.77 < upper 663.52
2025-09-18,1,7,2025-09-18 12:00:00-05:00,664.0849999999999,2025-09-18 12:30:00-05:00,663.2750000000001,661.35,-56.7,long: close 664.04 > upper 663.27,exit long: close 663.32 < upper 663.42
2025-09-22,1,9,2025-09-22 11:30:00-05:00,665.89,2025-09-22 14:52:00-05:00,667.2,663.76,117.9,long: close 665.85 > upper 665.05,flatten
2025-09-23,-1,11,2025-09-23 12:30:00-05:00,663.6551000000001,2025-09-23 14:52:00-05:00,663.255,665.32,44.01,short: close 663.71 < lower 665.07,flatten
2025-09-24,-1,8,2025-09-24 11:00:00-05:00,660.345,2025-09-24 14:00:00-05:00,661.155,662.5,-64.8,short: close 660.39 < lower 661.72,exit short: close 661.11 > lower 661.02
2025-09-25,-1,9,2025-09-25 09:00:00-05:00,655.595,2025-09-25 09:09:00-05:00,657.745,657.7,-193.5,short: close 655.64 < lower 657.41,stop
2025-09-25,-1,5,2025-09-25 13:00:00-05:00,655.5450000000001,2025-09-25 13:30:00-05:00,657.025,659.16,-74.0,short: close 655.59 < lower 655.91,exit short: close 656.99 > lower 655.96
2025-09-26,1,12,2025-09-26 09:00:00-05:00,661.8449999999999,2025-09-26 09:06:00-05:00,660.3050000000001,660.35,-184.8,long: close 661.79 > upper 660.22,stop
2025-09-26,1,8,2025-09-26 12:00:00-05:00,661.375,2025-09-26 14:52:00-05:00,661.22,659.16,-12.4,long: close 661.33 > upper 660.95,flatten
2025-10-01,1,6,2025-10-01 12:30:00-05:00,668.025,2025-10-01 14:52:00-05:00,668.865,664.86,50.4,long: close 667.97 > upper 667.80,flatten
2025-10-03,1,14,2025-10-03 09:00:00-05:00,670.8549999999999,2025-10-03 12:30:00-05:00,670.2850000000001,669.57,-79.8,long: close 670.89 > upper 670.86,exit long: close 670.33 < upper 671.93
2025-10-07,-1,9,2025-10-07 10:30:00-05:00,669.235,2025-10-07 14:52:00-05:00,669.31,671.16,-6.75,short: close 669.29 < lower 670.15,flatten
2025-10-08,1,11,2025-10-08 09:30:00-05:00,671.93,2025-10-08 14:00:00-05:00,672.195,670.23,29.15,long: close 671.89 > upper 671.40,exit long: close 672.25 < upper 672.48
2025-10-09,-1,16,2025-10-09 09:00:00-05:00,671.865,2025-10-09 11:00:00-05:00,671.3549999999999,673.0,81.6,short: close 671.91 < lower 672.17,exit short: close 671.31 > lower 671.14
2025-10-09,-1,9,2025-10-09 11:30:00-05:00,670.9250000000001,2025-10-09 14:52:00-05:00,671.165,673.0600000000001,-21.6,short: close 670.97 < lower 671.16,flatten
2025-10-10,-1,9,2025-10-10 10:00:00-05:00,669.085,2025-10-10 14:52:00-05:00,655.0649999999999,671.08,1261.8,short: close 669.16 < lower 669.67,flatten
2025-10-13,1,4,2025-10-13 09:00:00-05:00,662.915,2025-10-13 09:30:00-05:00,660.835,658.19,-83.2,long: close 662.88 > upper 661.61,exit long: close 660.85 < upper 661.73
2025-10-13,1,3,2025-10-13 11:30:00-05:00,663.53,2025-10-13 12:30:00-05:00,663.085,657.53,-13.35,long: close 663.49 > upper 663.17,exit long: close 663.12 < upper 663.59
2025-10-15,1,5,2025-10-15 09:00:00-05:00,668.385,2025-10-15 10:30:00-05:00,667.6450000000001,665.04,-37.0,long: close 668.31 > upper 667.86,exit long: close 667.71 < upper 669.19
2025-10-16,-1,4,2025-10-16 13:30:00-05:00,658.345,2025-10-16 14:52:00-05:00,660.4549999999999,662.6800000000001,-84.4,short: close 658.38 < lower 661.61,flatten
2025-10-17,1,10,2025-10-17 09:30:00-05:00,662.3549999999999,2025-10-17 09:35:00-05:00,660.4350000000001,660.48,-192.0,long: close 662.31 > upper 661.96,stop
2025-10-17,1,4,2025-10-17 13:30:00-05:00,664.6949999999999,2025-10-17 14:52:00-05:00,664.315,660.25,-15.2,long: close 664.63 > upper 664.53,flatten
2025-10-20,1,8,2025-10-20 09:00:00-05:00,668.795,2025-10-20 14:52:00-05:00,671.8950000000001,666.42,248.0,long: close 668.74 > upper 668.20,flatten
2025-10-22,-1,9,2025-10-22 09:30:00-05:00,669.4050000000001,2025-10-22 10:00:00-05:00,670.115,671.36,-63.9,short: close 669.43 < lower 669.67,exit short: close 670.07 > lower 669.50
2025-10-22,-1,6,2025-10-22 10:30:00-05:00,667.815,2025-10-22 11:00:00-05:00,669.045,670.58,-73.8,short: close 667.85 < lower 668.86,exit short: close 669.01 > lower 668.27
2025-10-23,1,16,2025-10-23 09:00:00-05:00,670.045,2025-10-23 09:11:00-05:00,668.855,668.9,-190.4,long: close 669.96 > upper 669.08,stop
2025-10-23,1,10,2025-10-23 10:00:00-05:00,670.255,2025-10-23 10:30:00-05:00,669.985,668.42,-27.0,long: close 670.21 > upper 669.78,exit long: close 670.04 < upper 670.59
2025-11-03,-1,5,2025-11-03 09:30:00-06:00,680.4050000000001,2025-11-03 10:00:00-06:00,682.415,683.7,-100.5,short: close 680.46 < lower 680.53,exit short: close 682.38 > lower 680.75
2025-11-05,1,12,2025-11-05 09:00:00-06:00,677.145,2025-11-05 09:21:00-06:00,675.6350000000001,675.6800000000001,-181.2,long: close 677.28 > upper 676.64,stop
2025-11-05,1,10,2025-11-05 09:30:00-06:00,677.4799999999999,2025-11-05 14:52:00-06:00,678.955,675.65,147.5,long: close 677.44 > upper 677.00,flatten
2025-11-06,-1,9,2025-11-06 09:00:00-06:00,674.085,2025-11-06 14:52:00-06:00,670.745,676.04,300.6,short: close 674.14 < lower 675.03,flatten
2025-11-07,-1,7,2025-11-07 09:00:00-06:00,666.115,2025-11-07 13:00:00-06:00,665.655,668.8000000000001,32.2,short: close 666.25 < lower 666.40,exit short: close 665.62 > lower 665.22
2025-11-10,1,3,2025-11-10 13:00:00-06:00,679.925,2025-11-10 14:52:00-06:00,681.5250000000001,674.21,48.0,long: close 679.88 > upper 679.81,flatten
2025-11-13,-1,6,2025-11-13 09:00:00-06:00,678.735,2025-11-13 09:30:00-06:00,678.995,681.6800000000001,-15.6,short: close 678.80 < lower 678.99,exit short: close 678.94 > lower 678.90
2025-11-13,-1,5,2025-11-13 10:00:00-06:00,676.4350000000001,2025-11-13 14:52:00-06:00,672.405,679.6800000000001,201.5,short: close 676.48 < lower 678.68,flatten
2025-11-14,1,3,2025-11-14 11:00:00-06:00,674.76,2025-11-14 12:00:00-06:00,674.005,668.8000000000001,-22.65,long: close 674.74 > upper 674.70,exit long: close 674.04 < upper 674.53
2025-11-17,-1,4,2025-11-17 13:00:00-06:00,666.5250000000001,2025-11-17 14:52:00-06:00,665.0849999999999,670.74,57.6,short: close 666.56 < lower 666.62,flatten
2025-11-18,-1,5,2025-11-18 09:00:00-06:00,658.595,2025-11-18 10:30:00-06:00,661.6049999999999,662.26,-150.5,short: close 658.65 < lower 660.22,exit short: close 661.58 > lower 659.22
2025-11-18,-1,3,2025-11-18 11:30:00-06:00,658.565,2025-11-18 11:53:00-06:00,663.5849999999999,663.54,-150.6,short: close 658.62 < lower 658.93,stop
2025-11-19,1,8,2025-11-19 09:00:00-06:00,665.7149999999999,2025-11-19 09:56:00-06:00,663.2950000000001,663.34,-193.6,long: close 665.67 > upper 662.83,stop
2025-11-20,-1,3,2025-11-20 11:30:00-06:00,658.505,2025-11-20 12:30:00-06:00,659.5949999999999,664.5,-32.7,short: close 658.57 < lower 659.30,exit short: close 659.58 > lower 659.42
2025-11-20,-1,3,2025-11-20 13:00:00-06:00,654.995,2025-11-20 14:52:00-06:00,653.0849999999999,661.0,57.3,short: close 655.06 < lower 659.30,flatten
2025-11-21,1,3,2025-11-21 11:00:00-06:00,660.675,2025-11-21 12:30:00-06:00,658.3050000000001,655.33,-71.1,long: close 660.64 > upper 659.13,exit long: close 658.36 < upper 658.79
2025-11-21,1,3,2025-11-21 13:00:00-06:00,662.2801999999999,2025-11-21 14:52:00-06:00,659.625,656.77,-79.66,long: close 662.25 > upper 659.30,flatten
2025-11-24,1,4,2025-11-24 09:30:00-06:00,665.535,2025-11-24 14:52:00-06:00,668.7900000000001,661.32,130.2,long: close 665.51 > upper 665.09,flatten
2025-11-25,1,4,2025-11-25 12:30:00-06:00,674.0749999999999,2025-11-25 13:00:00-06:00,673.825,669.64,-10.0,long: close 674.02 > upper 673.15,exit long: close 673.87 < upper 674.01
2025-12-05,1,7,2025-12-05 09:30:00-06:00,687.925,2025-12-05 10:00:00-06:00,686.625,685.38,-91.0,long: close 687.88 > upper 687.47,exit long: close 686.67 < upper 687.94
2025-12-11,-1,8,2025-12-11 09:00:00-06:00,682.605,2025-12-11 09:11:00-06:00,684.905,684.86,-184.0,short: close 682.62 < lower 684.04,stop
2025-12-12,-1,10,2025-12-12 09:30:00-06:00,683.705,2025-12-12 09:45:00-06:00,685.505,685.46,-180.0,short: close 683.75 < lower 686.90,stop
2025-12-12,-1,8,2025-12-12 10:00:00-06:00,681.6750000000001,2025-12-12 12:12:00-06:00,684.0649999999999,684.02,-191.2,short: close 681.72 < lower 686.32,stop
2025-12-15,-1,5,2025-12-15 09:30:00-06:00,679.7750000000001,2025-12-15 10:00:00-06:00,681.185,683.2,-70.5,short: close 679.82 < lower 680.29,exit short: close 681.15 > lower 679.60
2025-12-16,-1,5,2025-12-16 12:00:00-06:00,675.565,2025-12-16 13:00:00-06:00,677.895,679.0600000000001,-116.5,short: close 675.60 < lower 676.47,exit short: close 677.86 > lower 676.43
2025-12-17,-1,7,2025-12-17 10:00:00-06:00,674.505,2025-12-17 14:52:00-06:00,671.9749999999999,677.1,177.1,short: close 674.56 < lower 676.78,flatten
2025-12-18,1,3,2025-12-18 10:00:00-06:00,680.0749999999999,2025-12-18 10:30:00-06:00,679.695,674.61,-11.4,long: close 680.03 > upper 679.92,exit long: close 679.75 < upper 679.92
2025-12-19,1,13,2025-12-19 09:00:00-06:00,679.8549999999999,2025-12-19 14:52:00-06:00,680.265,678.44,53.3,long: close 679.82 > upper 677.96,flatten
2025-12-23,1,6,2025-12-23 13:00:00-06:00,687.5749999999999,2025-12-23 13:30:00-06:00,687.825,684.44,15.0,long: close 687.53 > upper 687.49,exit long: close 687.88 < upper 687.94
2025-12-31,-1,9,2025-12-31 10:00:00-06:00,684.2750000000001,2025-12-31 10:30:00-06:00,685.17,686.32,-80.55,short: close 684.33 < lower 685.00,exit short: close 685.12 > lower 684.68
2026-01-05,1,5,2026-01-05 09:30:00-06:00,688.5649999999999,2026-01-05 10:00:00-06:00,688.2750000000001,685.0600000000001,-14.5,long: close 688.53 > upper 688.36,exit long: close 688.32 < upper 688.92
2026-01-06,1,16,2026-01-06 09:00:00-06:00,690.12,2026-01-06 09:55:00-06:00,688.945,688.99,-188.0,long: close 690.08 > upper 688.96,stop
2026-01-06,1,7,2026-01-06 11:30:00-06:00,690.435,2026-01-06 14:52:00-06:00,692.075,687.88,114.8,long: close 690.39 > upper 690.38,flatten
2026-01-09,1,12,2026-01-09 09:00:00-06:00,691.6049999999999,2026-01-09 09:06:00-06:00,690.095,690.14,-181.2,long: close 691.51 > upper 691.50,stop
2026-01-09,1,9,2026-01-09 09:30:00-06:00,693.175,2026-01-09 10:00:00-06:00,691.8950000000001,691.23,-115.2,long: close 693.13 > upper 691.99,exit long: close 691.93 < upper 692.16
2026-01-13,-1,17,2026-01-13 09:00:00-06:00,694.1850000000001,2026-01-13 10:00:00-06:00,693.805,695.22,64.6,short: close 694.25 < lower 694.30,exit short: close 693.76 > lower 693.67
2026-01-13,-1,10,2026-01-13 10:30:00-06:00,693.4350000000001,2026-01-13 10:57:00-06:00,695.245,695.2,-181.0,short: close 693.48 < lower 693.57,stop
2026-01-14,-1,8,2026-01-14 09:00:00-06:00,688.6750000000001,2026-01-14 14:30:00-06:00,689.1949999999999,691.0,-41.6,short: close 688.72 < lower 690.05,exit short: close 689.15 > lower 688.53
2026-01-20,-1,3,2026-01-20 13:00:00-06:00,678.6850000000001,2026-01-20 14:52:00-06:00,677.3249999999999,684.6800000000001,40.8,short: close 678.72 < lower 679.46,flatten
2026-01-21,1,8,2026-01-21 09:00:00-06:00,682.525,2026-01-21 10:56:00-06:00,680.2950000000001,680.34,-178.4,long: close 682.49 > upper 680.82,stop
2026-01-21,1,5,2026-01-21 13:30:00-06:00,684.4549999999999,2026-01-21 14:52:00-06:00,684.745,681.2,14.5,long: close 684.40 > upper 681.89,flatten
2026-01-26,1,9,2026-01-26 09:00:00-06:00,692.305,2026-01-26 14:52:00-06:00,693.225,690.26,82.8,long: close 692.26 > upper 691.88,flatten
2026-01-27,1,7,2026-01-27 10:30:00-06:00,696.235,2026-01-27 12:00:00-06:00,695.375,693.78,-60.2,long: close 696.19 > upper 695.90,exit long: close 695.42 < upper 696.13
2026-01-29,-1,10,2026-01-29 09:00:00-06:00,691.5250000000001,2026-01-29 14:50:00-06:00,693.4449999999999,693.4,-192.0,short: close 691.56 < lower 694.01,stop
2026-01-30,-1,5,2026-01-30 12:00:00-06:00,689.105,2026-01-30 13:00:00-06:00,691.425,692.5600000000001,-116.0,short: close 689.17 < lower 689.43,exit short: close 691.37 > lower 689.42
2026-02-02,1,5,2026-02-02 09:30:00-06:00,694.7299999999999,2026-02-02 14:52:00-06:00,695.2700000000001,691.46,27.0,long: close 694.68 > upper 693.99,flatten
2026-02-03,-1,9,2026-02-03 09:00:00-06:00,693.465,2026-02-03 10:00:00-06:00,693.185,695.5,25.2,short: close 693.48 < lower 693.79,exit short: close 693.14 > lower 692.58
2026-02-03,-1,6,2026-02-03 10:30:00-06:00,690.765,2026-02-03 14:52:00-06:00,689.1049999999999,693.64,99.6,short: close 690.80 < lower 692.96,flatten
2026-02-04,-1,6,2026-02-04 11:00:00-06:00,686.5350000000001,2026-02-04 14:00:00-06:00,688.3149999999999,689.65,-106.8,short: close 686.59 < lower 686.80,exit short: close 688.27 > lower 685.93
2026-02-05,-1,4,2026-02-05 09:30:00-06:00,676.605,2026-02-05 10:30:00-06:00,679.7049999999999,681.42,-124.0,short: close 676.64 < lower 678.72,exit short: close 679.66 > lower 678.25
2026-02-06,1,5,2026-02-06 09:00:00-06:00,684.8449999999999,2026-02-06 14:52:00-06:00,692.1650000000001,681.16,366.0,long: close 684.75 > upper 683.14,flatten
2026-02-09,1,5,2026-02-09 10:00:00-06:00,694.275,2026-02-09 14:52:00-06:00,694.815,690.42,27.0,long: close 694.24 > upper 693.91,flatten
2026-02-12,-1,4,2026-02-12 10:30:00-06:00,683.5550000000001,2026-02-12 14:52:00-06:00,680.515,688.1,121.6,short: close 683.60 < lower 688.55,flatten
2026-02-17,-1,7,2026-02-17 09:00:00-06:00,676.575,2026-02-17 09:18:00-06:00,679.125,679.08,-178.5,short: close 676.63 < lower 678.37,stop
2026-02-18,1,7,2026-02-18 09:00:00-06:00,686.2049999999999,2026-02-18 11:00:00-06:00,687.485,683.66,89.6,long: close 686.16 > upper 685.95,exit long: close 687.53 < upper 688.14
2026-02-20,1,4,2026-02-20 10:00:00-06:00,688.865,2026-02-20 10:30:00-06:00,686.085,684.82,-111.2,long: close 688.83 > upper 687.47,exit long: close 686.13 < upper 688.05
2026-02-20,1,4,2026-02-20 11:00:00-06:00,688.615,2026-02-20 11:30:00-06:00,685.19,683.8000000000001,-137.0,long: close 688.57 > upper 688.23,exit long: close 685.23 < upper 688.63
2026-02-23,-1,5,2026-02-23 09:30:00-06:00,684.455,2026-02-23 12:30:00-06:00,683.8549999999999,688.22,30.0,short: close 684.51 < lower 684.83,exit short: close 683.81 > lower 682.99
2026-02-23,-1,3,2026-02-23 13:00:00-06:00,681.975,2026-02-23 14:52:00-06:00,681.645,687.82,9.9,short: close 682.01 < lower 682.75,flatten
2026-02-24,1,6,2026-02-24 09:30:00-06:00,686.365,2026-02-24 10:00:00-06:00,685.325,683.28,-62.4,long: close 686.34 > upper 685.25,exit long: close 685.37 < upper 685.82
2026-02-24,1,4,2026-02-24 10:30:00-06:00,686.145,2026-02-24 13:30:00-06:00,686.845,682.22,28.0,long: close 686.09 > upper 686.08,exit long: close 686.89 < upper 687.10
2026-02-26,-1,10,2026-02-26 09:00:00-06:00,690.635,2026-02-26 14:52:00-06:00,688.995,692.46,164.0,short: close 690.67 < lower 691.35,flatten
2026-03-03,-1,3,2026-03-03 09:00:00-06:00,672.315,2026-03-03 10:00:00-06:00,672.005,678.32,9.3,short: close 672.38 < lower 673.19,exit short: close 671.98 > lower 671.69
2026-03-04,1,4,2026-03-04 09:30:00-06:00,686.185,2026-03-04 11:00:00-06:00,685.75,682.09,-17.4,long: close 686.15 > upper 685.04,exit long: close 685.78 < upper 685.94
2026-03-04,1,3,2026-03-04 12:00:00-06:00,686.245,2026-03-04 14:52:00-06:00,685.565,681.04,-20.4,long: close 686.19 > upper 686.17,flatten
2026-03-05,-1,3,2026-03-05 12:00:00-06:00,676.4050000000001,2026-03-05 14:30:00-06:00,679.515,682.4,-93.3,short: close 676.46 < lower 677.46,exit short: close 679.46 > lower 677.78
2026-03-06,-1,3,2026-03-06 09:00:00-06:00,670.865,2026-03-06 09:30:00-06:00,674.175,676.86,-99.3,short: close 670.87 < lower 671.43,exit short: close 674.17 > lower 670.16
2026-03-09,-1,3,2026-03-09 09:00:00-05:00,664.005,2026-03-09 09:30:00-05:00,664.0749999999999,669.04,-2.1,short: close 664.08 < lower 664.39,exit short: close 664.06 > lower 663.23
2026-03-10,1,4,2026-03-10 12:30:00-05:00,683.295,2026-03-10 13:00:00-05:00,682.005,679.04,-51.6,long: close 683.26 > upper 682.27,exit long: close 682.05 < upper 682.34
2026-03-12,-1,4,2026-03-12 09:00:00-05:00,668.825,2026-03-12 10:00:00-05:00,668.555,673.3000000000001,10.8,short: close 668.87 < lower 669.27,exit short: close 668.50 > lower 668.08
2026-03-16,1,4,2026-03-16 09:00:00-05:00,670.8449999999999,2026-03-16 09:30:00-05:00,670.225,665.99,-24.8,long: close 670.80 > upper 670.17,exit long: close 670.27 < upper 671.02
2026-03-20,-1,5,2026-03-20 09:00:00-05:00,653.125,2026-03-20 14:52:00-05:00,646.9449999999999,656.66,309.0,short: close 653.15 < lower 654.59,flatten
2026-03-23,1,3,2026-03-23 09:00:00-05:00,660.245,2026-03-23 11:00:00-05:00,655.945,654.24,-129.0,long: close 660.22 > upper 659.90,exit long: close 656.01 < upper 660.44
2026-03-26,-1,4,2026-03-26 11:30:00-05:00,649.4463000000001,2026-03-26 14:52:00-05:00,645.51,654.28,157.45,short: close 649.47 < lower 649.58,flatten
2026-03-27,-1,6,2026-03-27 09:00:00-05:00,638.985,2026-03-27 10:30:00-05:00,641.035,642.0,-123.0,short: close 639.05 < lower 640.80,exit short: close 640.96 > lower 640.09
2026-03-27,-1,5,2026-03-27 11:30:00-05:00,638.835,2026-03-27 14:52:00-05:00,633.3349999999999,642.72,275.0,short: close 638.89 < lower 639.93,flatten
2026-03-31,1,3,2026-03-31 09:00:00-05:00,642.685,2026-03-31 10:00:00-05:00,638.6450000000001,637.19,-121.2,long: close 642.63 > upper 640.98,exit long: close 638.68 < upper 640.77
2026-03-31,1,3,2026-03-31 11:30:00-05:00,642.155,2026-03-31 14:52:00-05:00,650.1550000000001,636.15,240.0,long: close 642.12 > upper 641.62,flatten
2026-04-01,1,5,2026-04-01 10:00:00-05:00,656.545,2026-04-01 13:00:00-05:00,656.745,652.88,10.0,long: close 656.50 > upper 655.74,exit long: close 656.79 < upper 657.27
2026-04-06,1,8,2026-04-06 09:00:00-05:00,657.9749999999999,2026-04-06 10:00:00-05:00,657.465,655.6,-40.8,long: close 658.53 > upper 658.24,exit long: close 657.49 < upper 658.12
2026-04-07,-1,5,2026-04-07 09:00:00-05:00,654.0250000000001,2026-04-07 09:30:00-05:00,654.495,657.53,-23.5,short: close 654.03 < lower 654.26,exit short: close 654.40 > lower 654.27
2026-04-07,-1,5,2026-04-07 10:00:00-05:00,652.5350000000001,2026-04-07 11:02:00-05:00,655.9449999999999,655.9,-170.5,short: close 652.60 < lower 654.38,stop
2026-04-09,1,6,2026-04-09 11:00:00-05:00,678.865,2026-04-09 13:30:00-05:00,678.815,675.6800000000001,-3.0,long: close 678.83 > upper 678.55,exit long: close 678.85 < upper 679.82
2026-04-14,1,6,2026-04-14 09:30:00-05:00,691.035,2026-04-14 14:52:00-05:00,693.6800000000001,687.98,158.7,long: close 690.98 > upper 689.92,flatten
2026-04-17,1,4,2026-04-17 09:30:00-05:00,709.285,2026-04-17 12:30:00-05:00,709.835,704.46,22.0,long: close 709.23 > upper 708.68,exit long: close 709.88 < upper 710.65
2026-04-17,1,3,2026-04-17 13:00:00-05:00,710.3549999999999,2026-04-17 13:30:00-05:00,709.765,704.35,-17.7,long: close 710.29 > upper 710.16,exit long: close 709.81 < upper 710.40
2026-04-21,-1,4,2026-04-21 12:30:00-05:00,704.635,2026-04-21 13:00:00-05:00,705.8399999999999,709.28,-48.2,short: close 704.69 < lower 704.84,exit short: close 705.79 > lower 705.31
2026-04-21,-1,4,2026-04-21 13:30:00-05:00,705.0500000000001,2026-04-21 14:00:00-05:00,706.375,709.26,-53.0,short: close 705.10 < lower 705.28,exit short: close 706.32 > lower 704.68
2026-04-23,-1,4,2026-04-23 12:30:00-05:00,705.9956000000001,2026-04-23 13:00:00-05:00,706.7149999999999,710.19,-28.78,short: close 706.05 < lower 706.17,exit short: close 706.63 > lower 706.56
2026-04-24,1,5,2026-04-24 11:00:00-05:00,713.8149999999999,2026-04-24 11:30:00-05:00,713.2760000000001,710.1800000000001,-26.95,long: close 713.77 > upper 713.24,exit long: close 713.30 < upper 713.37
2026-04-24,1,5,2026-04-24 12:00:00-05:00,713.645,2026-04-24 12:30:00-05:00,712.955,709.94,-34.5,long: close 713.61 > upper 713.31,exit long: close 713.02 < upper 713.69
2026-04-30,1,4,2026-04-30 13:30:00-05:00,717.9449999999999,2026-04-30 14:52:00-05:00,719.1750000000001,713.99,49.2,long: close 717.88 > upper 717.07,flatten
2026-05-01,1,7,2026-05-01 09:00:00-05:00,724.235,2026-05-01 10:00:00-05:00,722.6850000000001,721.64,-108.5,long: close 724.17 > upper 722.43,exit long: close 722.72 < upper 723.08
2026-05-01,1,6,2026-05-01 10:30:00-05:00,723.3399999999999,2026-05-01 11:30:00-05:00,722.0751,720.12,-75.89,long: close 723.29 > upper 723.06,exit long: close 722.14 < upper 723.54
2026-05-04,-1,8,2026-05-04 11:00:00-05:00,717.5450000000001,2026-05-04 12:30:00-05:00,718.6049999999999,719.87,-84.8,short: close 717.59 < lower 718.05,exit short: close 718.57 > lower 717.71
2026-05-04,-1,7,2026-05-04 13:30:00-05:00,717.715,2026-05-04 14:52:00-05:00,717.7049999999999,720.24,0.7,short: close 717.76 < lower 717.84,flatten
2026-05-05,1,6,2026-05-05 09:30:00-05:00,723.343,2026-05-05 10:00:00-05:00,723.105,720.15,-14.28,long: close 723.29 > upper 723.11,exit long: close 723.14 < upper 723.24
2026-05-05,1,5,2026-05-05 10:30:00-05:00,723.535,2026-05-05 11:00:00-05:00,722.995,720.12,-27.0,long: close 723.48 > upper 723.34,exit long: close 723.04 < upper 723.59
2026-05-06,1,5,2026-05-06 09:00:00-05:00,729.7149999999999,2026-05-06 14:52:00-05:00,734.2750000000001,726.33,228.0,long: close 729.65 > upper 729.33,flatten
2026-05-07,-1,6,2026-05-07 12:30:00-05:00,730.585,2026-05-07 13:00:00-05:00,731.8149999999999,733.48,-73.8,short: close 730.62 < lower 731.52,exit short: close 731.72 > lower 731.51
2026-05-07,-1,6,2026-05-07 13:30:00-05:00,731.245,2026-05-07 14:52:00-05:00,731.7149999999999,734.16,-28.2,short: close 731.29 < lower 731.51,flatten
2026-05-08,1,6,2026-05-08 09:00:00-05:00,736.665,2026-05-08 14:00:00-05:00,736.335,733.9,-19.8,long: close 736.64 > upper 736.02,exit long: close 736.38 < upper 737.15
2026-05-11,1,9,2026-05-11 10:00:00-05:00,739.6949999999999,2026-05-11 12:00:00-05:00,739.2950000000001,737.6800000000001,-36.0,long: close 739.65 > upper 739.01,exit long: close 739.33 < upper 739.51
2026-05-11,1,6,2026-05-11 13:00:00-05:00,740.245,2026-05-11 14:00:00-05:00,738.515,737.4,-103.8,long: close 740.20 > upper 739.83,exit long: close 738.52 < upper 739.81
2026-05-12,-1,7,2026-05-12 09:00:00-05:00,735.095,2026-05-12 13:00:00-05:00,735.1049999999999,737.54,-0.7,short: close 735.11 < lower 735.64,exit short: close 735.06 > lower 734.66
2026-05-13,1,8,2026-05-13 11:30:00-05:00,741.775,2026-05-13 14:52:00-05:00,742.5350000000001,739.52,60.8,long: close 741.73 > upper 740.59,flatten
2026-05-14,1,9,2026-05-14 09:30:00-05:00,745.995,2026-05-14 14:52:00-05:00,747.7850000000001,743.92,161.1,long: close 745.96 > upper 745.04,flatten
2026-05-15,-1,4,2026-05-15 09:00:00-05:00,739.105,2026-05-15 09:30:00-05:00,741.1949999999999,743.72,-83.6,short: close 739.17 < lower 740.36,exit short: close 741.13 > lower 740.32
2026-05-18,-1,8,2026-05-18 10:30:00-05:00,735.5450000000001,2026-05-18 12:30:00-05:00,737.395,737.94,-148.0,short: close 735.62 < lower 737.06,exit short: close 737.36 > lower 736.63
2026-05-18,-1,6,2026-05-18 13:30:00-05:00,734.69,2026-05-18 14:02:00-05:00,737.745,737.7,-183.3,short: close 734.71 < lower 736.45,stop
2026-05-19,-1,5,2026-05-19 09:30:00-05:00,732.375,2026-05-19 10:00:00-05:00,733.2049999999999,735.76,-41.5,short: close 732.42 < lower 733.28,exit short: close 733.16 > lower 732.99
2026-05-19,-1,4,2026-05-19 10:30:00-05:00,732.1800000000001,2026-05-19 11:00:00-05:00,733.045,736.26,-34.6,short: close 732.23 < lower 732.58,exit short: close 732.99 > lower 732.35
2026-05-20,1,7,2026-05-20 09:30:00-05:00,737.9449999999999,2026-05-20 14:52:00-05:00,740.825,735.37,201.6,long: close 737.89 > upper 737.30,flatten
2026-05-22,1,6,2026-05-22 09:00:00-05:00,747.5949999999999,2026-05-22 09:23:00-05:00,744.5350000000001,744.58,-183.6,long: close 747.54 > upper 747.51,stop
2026-05-26,1,5,2026-05-26 09:30:00-05:00,751.5899999999999,2026-05-26 10:00:00-05:00,751.345,748.04,-12.25,long: close 751.54 > upper 751.35,exit long: close 751.40 < upper 751.95
2026-05-28,1,13,2026-05-28 09:30:00-05:00,752.785,2026-05-28 14:52:00-05:00,754.6550000000001,751.42,243.1,long: close 752.72 > upper 751.73,flatten
2026-05-29,1,10,2026-05-29 09:00:00-05:00,757.865,2026-05-29 09:26:00-05:00,756.0150000000001,756.0600000000001,-185.0,long: close 757.82 > upper 757.07,stop
2026-06-01,1,6,2026-06-01 13:00:00-05:00,759.5949999999999,2026-06-01 14:52:00-05:00,758.36,756.38,-74.1,long: close 759.55 > upper 759.08,flatten
2026-06-03,-1,11,2026-06-03 09:00:00-05:00,755.9050000000001,2026-06-03 10:30:00-05:00,756.17,757.52,-29.15,short: close 755.92 < lower 757.19,exit short: close 756.12 > lower 756.09
2026-06-03,-1,6,2026-06-03 11:00:00-05:00,755.1550000000001,2026-06-03 13:00:00-05:00,755.615,758.11,-27.6,short: close 755.20 < lower 755.85,exit short: close 755.57 > lower 755.43
2026-06-04,1,6,2026-06-04 11:30:00-05:00,756.5649999999999,2026-06-04 14:52:00-05:00,757.515,753.45,57.0,long: close 756.50 > upper 756.26,flatten
2026-06-05,-1,5,2026-06-05 09:00:00-05:00,748.715,2026-06-05 14:52:00-05:00,739.5999999999999,752.1,455.75,short: close 748.73 < lower 751.30,flatten
2026-06-08,1,4,2026-06-08 10:00:00-05:00,745.025,2026-06-08 10:30:00-05:00,743.205,740.5,-72.8,long: close 745.00 > upper 744.92,exit long: close 743.23 < upper 745.62
2026-06-09,-1,4,2026-06-09 10:30:00-05:00,730.955,2026-06-09 13:24:00-05:00,735.125,735.08,-166.8,short: close 731.00 < lower 737.35,stop
2026-06-09,-1,3,2026-06-09 13:30:00-05:00,735.075,2026-06-09 14:00:00-05:00,736.785,740.34,-51.3,short: close 735.10 < lower 736.22,exit short: close 736.74 > lower 736.27
2026-06-10,-1,3,2026-06-10 13:30:00-05:00,729.5300000000001,2026-06-10 14:52:00-05:00,727.5024999999999,734.95,60.83,short: close 729.55 < lower 729.81,flatten
2026-06-11,1,3,2026-06-11 12:30:00-05:00,732.5849999999999,2026-06-11 14:52:00-05:00,737.5450000000001,727.1800000000001,148.8,long: close 732.52 > upper 732.51,flatten
2026-06-12,1,4,2026-06-12 10:30:00-05:00,744.2049999999999,2026-06-12 10:49:00-05:00,739.9250000000001,739.97,-171.2,long: close 744.15 > upper 743.44,stop
2026-06-15,1,3,2026-06-15 09:30:00-05:00,753.6949999999999,2026-06-15 13:00:00-05:00,755.1650000000001,747.69,44.1,long: close 753.65 > upper 753.40,exit long: close 755.21 < upper 755.58
2026-06-17,-1,4,2026-06-17 13:30:00-05:00,746.1650000000001,2026-06-17 14:52:00-05:00,739.9749999999999,750.63,247.6,short: close 746.23 < lower 746.38,flatten
2026-06-22,1,8,2026-06-22 09:00:00-05:00,749.9549999999999,2026-06-22 09:24:00-05:00,747.595,747.64,-188.8,long: close 749.91 > upper 749.41,stop
2026-06-24,1,6,2026-06-24 10:00:00-05:00,739.7249999999999,2026-06-24 11:30:00-05:00,738.0450000000001,736.6800000000001,-100.8,long: close 739.66 > upper 737.44,exit long: close 738.08 < upper 738.73
2026-06-25,-1,4,2026-06-25 09:00:00-05:00,729.7950000000001,2026-06-25 09:07:00-05:00,734.725,734.6800000000001,-197.2,short: close 729.85 < lower 731.13,stop
2026-06-29,1,3,2026-06-29 13:00:00-05:00,740.4449999999999,2026-06-29 14:30:00-05:00,740.825,734.44,11.4,long: close 740.41 > upper 739.99,exit long: close 740.87 < upper 741.22
2026-06-30,1,7,2026-06-30 09:00:00-05:00,743.9549999999999,2026-06-30 10:00:00-05:00,743.2750000000001,741.44,-47.6,long: close 743.92 > upper 743.61,exit long: close 743.32 < upper 743.98
2026-06-30,1,5,2026-06-30 10:30:00-05:00,745.3199999999999,2026-06-30 14:52:00-05:00,746.885,741.64,78.25,long: close 745.26 > upper 744.76,flatten
2026-07-01,1,5,2026-07-01 10:30:00-05:00,749.3249999999999,2026-07-01 11:00:00-05:00,748.7660000000001,745.78,-27.95,long: close 749.29 > upper 749.20,exit long: close 748.79 < upper 749.09
2026-07-01,1,5,2026-07-01 11:30:00-05:00,749.025,2026-07-01 12:00:00-05:00,747.465,745.7,-78.0,long: close 748.97 > upper 748.96,exit long: close 747.52 < upper 749.26
2026-07-02,1,6,2026-07-02 09:00:00-05:00,750.8249999999999,2026-07-02 09:28:00-05:00,747.595,747.64,-193.8,long: close 750.76 > upper 749.73,stop
2026-07-02,-1,5,2026-07-02 12:00:00-05:00,742.1550000000001,2026-07-02 14:00:00-05:00,743.035,745.92,-44.0,short: close 742.18 < lower 742.79,exit short: close 742.99 > lower 742.33
2026-07-07,-1,7,2026-07-07 09:30:00-05:00,746.635,2026-07-07 11:00:00-05:00,747.425,749.26,-55.3,short: close 746.70 < lower 748.17,exit short: close 747.36 > lower 747.15
2026-07-08,-1,3,2026-07-08 10:30:00-05:00,739.9150000000001,2026-07-08 11:00:00-05:00,740.7249999999999,745.22,-24.3,short: close 739.94 < lower 740.12,exit short: close 740.64 > lower 740.17
2026-07-09,1,5,2026-07-09 11:30:00-05:00,750.685,2026-07-09 14:30:00-05:00,751.0450000000001,746.92,18.0,long: close 750.64 > upper 750.10,exit long: close 751.10 < upper 751.36
2026-07-13,-1,4,2026-07-13 13:30:00-05:00,749.195,2026-07-13 14:00:00-05:00,749.625,753.3000000000001,-17.2,short: close 749.24 < lower 749.59,exit short: close 749.56 > lower 749.16
2026-07-21,1,4,2026-07-21 11:30:00-05:00,748.685,2026-07-21 12:00:00-05:00,748.6434,744.32,-1.66,long: close 748.66 > upper 748.56,exit long: close 748.69 < upper 748.82
2026-07-23,-1,3,2026-07-23 10:30:00-05:00,735.865,2026-07-23 11:00:00-05:00,737.89,741.86,-60.75,short: close 735.93 < lower 737.37,exit short: close 737.85 > lower 737.40
2026-07-24,1,11,2026-07-24 10:00:00-05:00,740.635,2026-07-24 13:29:00-05:00,738.955,739.0,-184.8,long: close 740.59 > upper 740.02,stop
2026-07-27,-1,3,2026-07-27 12:30:00-05:00,736.1750000000001,2026-07-27 13:00:00-05:00,737.885,741.46,-51.3,short: close 736.20 < lower 736.59,exit short: close 737.80 > lower 736.84
2026-07-28,-1,13,2026-07-28 09:00:00-05:00,736.445,2026-07-28 09:05:00-05:00,737.8249999999999,737.78,-179.4,short: close 736.50 < lower 737.79,stop
2026-07-28,-1,13,2026-07-28 09:30:00-05:00,737.6750000000001,2026-07-28 09:48:00-05:00,739.145,739.1,-191.1,short: close 737.70 < lower 737.71,stop
2026-07-29,-1,10,2026-07-29 09:00:00-05:00,737.385,2026-07-29 13:01:00-05:00,739.185,739.14,-180.0,short: close 737.36 < lower 738.60,stop
2026-07-29,-1,7,2026-07-29 13:30:00-05:00,737.315,2026-07-29 13:41:00-05:00,740.0749999999999,740.03,-193.2,short: close 737.31 < lower 737.66,stop
2026-07-30,1,4,2026-07-30 09:00:00-05:00,738.665,2026-07-30 10:00:00-05:00,736.1850000000001,733.95,-99.2,long: close 738.62 > upper 737.50,exit long: close 736.23 < upper 737.88
2026-07-30,1,3,2026-07-30 11:30:00-05:00,738.8149999999999,2026-07-30 14:52:00-05:00,741.3100000000001,732.96,74.85,long: close 738.76 > upper 738.64,flatten
2026-08-03,1,6,2026-08-03 09:00:00-05:00,753.645,2026-08-03 14:52:00-05:00,758.215,750.62,274.2,long: close 753.62 > upper 751.16,flatten
2026-08-04,1,5,2026-08-04 09:00:00-05:00,763.415,2026-08-04 14:52:00-05:00,772.255,759.92,442.0,long: close 763.39 > upper 762.64,flatten
2026-08-11,-1,4,2026-08-11 13:30:00-05:00,769.475,2026-08-11 14:00:00-05:00,770.135,773.62,-26.4,short: close 769.50 < lower 769.65,exit short: close 770.08 > lower 769.58
2026-08-13,1,6,2026-08-13 09:00:00-05:00,777.645,2026-08-13 10:30:00-05:00,776.135,774.45,-90.6,long: close 777.61 > upper 776.89,exit long: close 776.17 < upper 778.51
2026-08-24,-1,12,2026-08-24 09:00:00-05:00,763.365,2026-08-24 10:00:00-05:00,763.685,764.88,-38.4,short: close 763.39 < lower 763.71,exit short: close 763.64 > lower 763.02
2026-08-26,1,12,2026-08-26 09:00:00-05:00,766.925,2026-08-26 09:24:00-05:00,765.3750000000001,765.4200000000001,-186.0,long: close 766.89 > upper 766.76,stop
2026-08-27,1,7,2026-08-27 10:00:00-05:00,770.4549999999999,2026-08-27 13:30:00-05:00,769.4250000000001,767.82,-72.1,long: close 770.39 > upper 769.88,exit long: close 769.46 < upper 769.98
2026-08-28,1,10,2026-08-28 10:00:00-05:00,775.025,2026-08-28 10:40:00-05:00,773.235,773.28,-179.0,long: close 774.96 > upper 773.16,stop
2026-08-28,-1,13,2026-08-28 11:30:00-05:00,769.5550000000001,2026-08-28 13:00:00-05:00,769.6049999999999,770.94,-6.5,short: close 769.60 < lower 770.03,exit short: close 769.54 > lower 769.43
2026-08-31,-1,9,2026-08-31 09:00:00-05:00,766.1450000000001,2026-08-31 10:00:00-05:00,765.995,768.14,13.5,short: close 766.18 < lower 766.35,exit short: close 765.95 > lower 765.77
2026-08-31,-1,8,2026-08-31 10:30:00-05:00,765.9050000000001,2026-08-31 13:00:00-05:00,766.545,768.27,-51.2,short: close 765.94 < lower 765.98,exit short: close 766.52 > lower 765.55
2026-09-02,1,11,2026-09-02 09:30:00-05:00,765.3199999999999,2026-09-02 14:52:00-05:00,765.0350000000001,763.6800000000001,-31.35,long: close 765.27 > upper 763.68,flatten
2026-09-03,1,9,2026-09-03 09:00:00-05:00,769.5749999999999,2026-09-03 09:30:00-05:00,768.625,767.52,-85.5,long: close 769.56 > upper 768.56,exit long: close 768.67 < upper 769.02
2026-09-03,1,6,2026-09-03 10:30:00-05:00,772.985,2026-09-03 14:52:00-05:00,773.1750000000001,770.2,11.4,long: close 772.94 > upper 769.29,flatten
2026-09-04,-1,9,2026-09-04 10:00:00-05:00,769.4250000000001,2026-09-04 12:00:00-05:00,770.9449999999999,771.51,-136.8,short: close 769.45 < lower 770.50,exit short: close 770.89 > lower 770.65
2026-09-04,-1,8,2026-09-04 12:30:00-05:00,769.8050000000001,2026-09-04 14:00:00-05:00,770.305,772.14,-40.0,short: close 769.85 < lower 770.26,exit short: close 770.25 > lower 770.15
