day,side,qty,entry_ts,entry_px,exit_ts,exit_px,stop_px,pnl,reason_in,reason_out
2016-01-07,-1,10,2016-01-07 13:00:00-06:00,165.34799999999998,2016-01-07 14:52:00-06:00,165.43200000000002,167.22,-8.4,short: close 165.41 < lower 165.60,flatten
2016-01-08,-1,18,2016-01-08 13:30:00-06:00,164.34799999999998,2016-01-08 14:00:00-06:00,164.502,165.29,-27.72,short: close 164.44 < lower 164.53,exit short: close 164.45 > lower 164.28
2016-01-11,-1,17,2016-01-11 12:30:00-06:00,162.59799999999998,2016-01-11 13:30:00-06:00,163.232,163.64000000000001,-107.78,short: close 162.66 < lower 162.69,exit short: close 163.17 > lower 162.64
2016-01-13,-1,16,2016-01-13 11:00:00-06:00,163.91799999999998,2016-01-13 14:52:00-06:00,161.312,164.98,416.96,short: close 164.01 < lower 164.22,flatten
2016-01-14,-1,22,2016-01-14 09:00:00-06:00,160.708,2016-01-14 09:15:00-06:00,161.532,161.47,-181.28,short: close 160.78 < lower 160.94,stop
2016-01-14,1,17,2016-01-14 09:30:00-06:00,162.782,2016-01-14 10:30:00-06:00,162.838,161.78,9.52,long: close 162.72 > upper 162.70,exit long: close 162.89 < upper 163.10
2016-01-20,-1,8,2016-01-20 10:00:00-06:00,155.558,2016-01-20 13:00:00-06:00,156.312,157.77,-60.32,short: close 155.62 < lower 156.42,exit short: close 156.25 > lower 156.15
2016-01-21,1,23,2016-01-21 09:30:00-06:00,158.852,2016-01-21 10:00:00-06:00,158.558,158.11,-67.62,long: close 158.78 > upper 158.43,exit long: close 158.60 < upper 158.71
2016-01-21,1,16,2016-01-21 10:30:00-06:00,158.852,2016-01-21 13:30:00-06:00,158.378,157.76,-75.84,long: close 158.80 > upper 158.79,exit long: close 158.46 < upper 158.98
2016-01-26,1,20,2016-01-26 09:00:00-06:00,160.222,2016-01-26 14:52:00-06:00,161.268,159.38,209.2,long: close 160.14 > upper 159.97,flatten
2016-01-27,-1,16,2016-01-27 09:30:00-06:00,159.738,2016-01-27 10:00:00-06:00,160.382,160.86,-103.04,short: close 159.80 < lower 159.95,exit short: close 160.30 > lower 159.65
2016-01-29,1,18,2016-01-29 09:00:00-06:00,162.532,2016-01-29 10:00:00-06:00,162.38799999999998,161.58,-25.92,long: close 162.43 > upper 162.02,exit long: close 162.42 < upper 162.50
2016-01-29,1,11,2016-01-29 11:00:00-06:00,163.032,2016-01-29 14:52:00-06:00,164.1503,161.34,123.01,long: close 162.96 > upper 162.77,flatten
2016-02-02,-1,14,2016-02-02 09:00:00-06:00,161.82799999999997,2016-02-02 10:30:00-06:00,162.24200000000002,163.07,-57.96,short: close 161.90 < lower 162.26,exit short: close 162.22 > lower 161.80
2016-02-02,-1,9,2016-02-02 13:00:00-06:00,161.238,2016-02-02 14:52:00-06:00,161.542,163.29,-27.36,short: close 161.29 < lower 161.45,flatten
2016-02-03,-1,15,2016-02-03 09:30:00-06:00,160.06799999999998,2016-02-03 10:00:00-06:00,160.972,161.23,-135.6,short: close 160.13 < lower 160.76,exit short: close 160.90 > lower 160.56
2016-02-04,1,17,2016-02-04 09:30:00-06:00,164.24200000000002,2016-02-04 10:30:00-06:00,163.628,163.22,-104.38,long: close 164.18 > upper 164.05,exit long: close 163.70 < upper 164.11
2016-02-05,-1,27,2016-02-05 09:00:00-06:00,163.208,2016-02-05 14:52:00-06:00,161.592,163.81,436.32,short: close 163.25 < lower 163.39,flatten
2016-02-08,-1,13,2016-02-08 09:00:00-06:00,159.178,2016-02-08 11:30:00-06:00,159.092,160.58,11.18,short: close 159.25 < lower 159.63,exit short: close 159.02 > lower 158.88
2016-02-08,-1,9,2016-02-08 12:00:00-06:00,158.798,2016-02-08 14:30:00-06:00,159.532,160.83,-66.06,short: close 158.87 < lower 159.01,exit short: close 159.47 > lower 158.87
2016-02-11,-1,8,2016-02-11 10:30:00-06:00,155.648,2016-02-11 11:00:00-06:00,156.17200000000003,157.93,-41.92,short: close 155.73 < lower 155.84,exit short: close 156.14 > lower 155.78
2016-02-11,-1,8,2016-02-11 13:30:00-06:00,155.47799999999998,2016-02-11 14:00:00-06:00,157.05200000000002,157.72,-125.92,short: close 155.55 < lower 155.88,exit short: close 157.00 > lower 155.67
2016-02-12,1,11,2016-02-12 10:30:00-06:00,159.30200000000002,2016-02-12 11:00:00-06:00,159.09799999999998,157.67000000000002,-22.44,long: close 159.24 > upper 159.15,exit long: close 159.12 < upper 159.15
2016-02-12,1,11,2016-02-12 11:30:00-06:00,159.252,2016-02-12 12:30:00-06:00,158.88799999999998,157.65,-40.04,long: close 159.18 > upper 159.12,exit long: close 158.96 < upper 159.13
2016-02-17,1,11,2016-02-17 09:30:00-06:00,164.532,2016-02-17 14:52:00-06:00,164.838,162.95000000000002,33.66,long: close 164.46 > upper 164.43,flatten
2016-02-22,1,10,2016-02-22 13:00:00-06:00,166.412,2016-02-22 13:30:00-06:00,165.998,164.59,-41.4,long: close 166.37 > upper 166.35,exit long: close 166.06 < upper 166.35
2016-02-23,-1,17,2016-02-23 10:00:00-06:00,164.458,2016-02-23 14:52:00-06:00,164.412,165.47,7.82,short: close 164.54 < lower 164.78,flatten
2016-02-24,-1,13,2016-02-24 09:00:00-06:00,161.81789999999998,2016-02-24 10:00:00-06:00,162.282,163.13,-60.33,short: close 161.87 < lower 162.06,exit short: close 162.20 > lower 161.77
2016-02-25,1,15,2016-02-25 13:00:00-06:00,166.14200000000002,2016-02-25 13:30:00-06:00,165.998,164.99,-21.6,long: close 166.12 > upper 166.00,exit long: close 166.05 < upper 166.13
2016-02-29,1,23,2016-02-29 11:00:00-06:00,167.042,2016-02-29 11:30:00-06:00,166.774,166.31,-61.64,long: close 166.95 > upper 166.94,exit long: close 166.84 < upper 166.93
2016-03-01,1,17,2016-03-01 09:30:00-06:00,166.93200000000002,2016-03-01 14:52:00-06:00,168.148,165.93,206.72,long: close 166.87 > upper 166.53,flatten
2016-03-04,1,18,2016-03-04 13:00:00-06:00,170.58200000000002,2016-03-04 13:30:00-06:00,169.898,169.65,-123.12,long: close 170.52 > upper 170.39,exit long: close 169.98 < upper 170.44
2016-03-07,1,18,2016-03-07 11:30:00-06:00,170.67200000000003,2016-03-07 12:30:00-06:00,170.518,169.74,-27.72,long: close 170.60 > upper 170.60,exit long: close 170.59 < upper 170.75
2016-03-10,1,28,2016-03-10 09:00:00-06:00,171.232,2016-03-10 09:25:00-06:00,170.588,170.65,-180.32,long: close 171.17 > upper 170.94,stop
2016-03-10,-1,18,2016-03-10 10:30:00-06:00,169.00799999999998,2016-03-10 14:00:00-06:00,169.6055,169.94,-107.55,short: close 169.08 < lower 169.43,exit short: close 169.55 > lower 169.20
2016-03-11,1,17,2016-03-11 09:00:00-06:00,171.90200000000002,2016-03-11 09:30:00-06:00,171.718,170.9,-31.28,long: close 171.83 > upper 171.77,exit long: close 171.77 < upper 171.86
2016-03-11,1,13,2016-03-11 10:30:00-06:00,172.30200000000002,2016-03-11 12:00:00-06:00,171.988,170.9,-40.82,long: close 172.24 > upper 172.18,exit long: close 172.06 < upper 172.29
2016-03-17,1,32,2016-03-17 10:00:00-05:00,174.192,2016-03-17 14:52:00-05:00,175.10299999999998,173.70000000000002,291.52,long: close 174.12 > upper 173.95,flatten
2016-03-18,1,39,2016-03-18 09:00:00-05:00,175.602,2016-03-18 09:30:00-05:00,175.38299999999998,175.22,-85.41,long: close 175.53 > upper 175.48,exit long: close 175.44 < upper 175.59
2016-03-29,1,17,2016-03-29 13:30:00-05:00,176.15200000000002,2016-03-29 14:52:00-05:00,175.99849999999998,175.12,-26.1,long: close 176.07 > upper 175.83,flatten
2016-03-30,1,24,2016-03-30 09:00:00-05:00,177.472,2016-03-30 09:30:00-05:00,177.19799999999998,176.78,-65.76,long: close 177.41 > upper 177.30,exit long: close 177.25 < upper 177.36
2016-04-01,1,21,2016-04-01 10:00:00-05:00,177.162,2016-04-01 10:30:00-05:00,176.88799999999998,176.35,-57.54,long: close 177.07 > upper 176.99,exit long: close 176.94 < upper 177.02
2016-04-01,1,17,2016-04-01 12:30:00-05:00,177.282,2016-04-01 13:30:00-05:00,177.278,176.29,-0.68,long: close 177.22 > upper 177.16,exit long: close 177.31 < upper 177.33
2016-04-06,-1,50,2016-04-06 09:30:00-05:00,175.408,2016-04-06 09:30:00-05:00,175.74200000000002,175.68,-167.0,short: close 175.46 < lower 175.57,stop
2016-04-06,1,38,2016-04-06 10:00:00-05:00,176.36200000000002,2016-04-06 13:30:00-05:00,176.22799999999998,175.96,-50.92,long: close 176.30 > upper 176.24,exit long: close 176.27 < upper 176.58
2016-04-07,-1,20,2016-04-07 09:30:00-05:00,175.28799999999998,2016-04-07 10:00:00-05:00,175.602,176.15,-62.8,short: close 175.37 < lower 175.55,exit short: close 175.55 > lower 175.43
2016-04-07,-1,17,2016-04-07 10:30:00-05:00,175.298,2016-04-07 11:00:00-05:00,175.55200000000002,176.3,-43.18,short: close 175.36 < lower 175.41,exit short: close 175.47 > lower 175.40
2016-04-08,1,26,2016-04-08 09:00:00-05:00,176.65200000000002,2016-04-08 10:00:00-05:00,176.268,176.02,-99.84,long: close 176.57 > upper 176.43,exit long: close 176.31 < upper 176.63
2016-04-11,1,38,2016-04-11 09:00:00-05:00,176.93200000000002,2016-04-11 09:43:00-05:00,176.47799999999998,176.54,-172.52,long: close 176.83 > upper 176.27,stop
2016-04-11,1,25,2016-04-11 12:00:00-05:00,176.632,2016-04-11 12:30:00-05:00,176.368,175.96,-66.0,long: close 176.57 > upper 176.55,exit long: close 176.43 < upper 176.63
2016-04-12,1,45,2016-04-12 09:00:00-05:00,176.17200000000003,2016-04-12 09:08:00-05:00,175.78799999999998,175.85,-172.8,long: close 176.10 > upper 175.91,stop
2016-04-12,1,34,2016-04-12 10:00:00-05:00,176.55200000000002,2016-04-12 14:52:00-05:00,176.808,176.1,87.04,long: close 176.46 > upper 176.04,flatten
2016-04-13,1,25,2016-04-13 09:00:00-05:00,178.43200000000002,2016-04-13 10:00:00-05:00,177.958,177.76,-118.5,long: close 178.35 > upper 178.20,exit long: close 178.03 < upper 178.34
2016-04-13,1,20,2016-04-13 10:30:00-05:00,178.46200000000002,2016-04-13 11:30:00-05:00,178.408,177.6,-10.8,long: close 178.39 > upper 178.39,exit long: close 178.47 < upper 178.48
2016-04-18,1,27,2016-04-18 09:30:00-05:00,179.33200000000002,2016-04-18 14:52:00-05:00,179.688,178.72,96.12,long: close 179.25 > upper 179.02,flatten
2016-04-19,1,35,2016-04-19 09:00:00-05:00,180.64200000000002,2016-04-19 09:30:00-05:00,180.368,180.20000000000002,-95.9,long: close 180.58 > upper 180.40,exit long: close 180.42 < upper 180.53
2016-04-19,1,30,2016-04-19 10:00:00-05:00,180.58200000000002,2016-04-19 10:30:00-05:00,180.248,180.04,-100.2,long: close 180.52 > upper 180.50,exit long: close 180.32 < upper 180.59
2016-04-20,1,24,2016-04-20 12:00:00-05:00,181.032,2016-04-20 14:52:00-05:00,180.808,180.35,-53.76,long: close 180.95 > upper 180.82,flatten
2016-04-21,-1,25,2016-04-21 12:00:00-05:00,179.988,2016-04-21 14:52:00-05:00,179.7519,180.64000000000001,59.02,short: close 180.03 < lower 180.05,flatten
2016-04-22,-1,45,2016-04-22 10:00:00-05:00,178.88799999999998,2016-04-22 10:23:00-05:00,179.27200000000002,179.21,-172.8,short: close 178.91 < lower 179.32,stop
2016-04-25,-1,24,2016-04-25 09:30:00-05:00,178.428,2016-04-25 10:30:00-05:00,178.89200000000002,179.12,-111.36,short: close 178.50 < lower 178.85,exit short: close 178.82 > lower 178.79
2016-04-25,-1,22,2016-04-25 11:00:00-05:00,178.658,2016-04-25 11:30:00-05:00,178.852,179.44,-42.68,short: close 178.72 < lower 178.76,exit short: close 178.77 > lower 178.69
2016-04-27,1,20,2016-04-27 13:30:00-05:00,180.352,2016-04-27 14:00:00-05:00,180.06799999999998,179.48,-56.8,long: close 180.28 > upper 180.26,exit long: close 180.15 < upper 180.32
2016-04-29,-1,22,2016-04-29 09:00:00-05:00,176.908,2016-04-29 09:30:00-05:00,177.33200000000002,177.68,-93.28,short: close 177.00 < lower 177.03,exit short: close 177.28 > lower 177.02
2016-04-29,-1,21,2016-04-29 10:00:00-05:00,176.878,2016-04-29 11:30:00-05:00,176.86200000000002,177.69,3.36,short: close 176.94 < lower 176.99,exit short: close 176.85 > lower 176.84
2016-05-03,-1,18,2016-05-03 09:30:00-05:00,177.00799999999998,2016-05-03 11:30:00-05:00,177.012,177.98,-0.72,short: close 177.06 < lower 177.08,exit short: close 176.95 > lower 176.90
2016-05-06,1,19,2016-05-06 13:00:00-05:00,177.102,2016-05-06 14:52:00-05:00,177.018,176.22,-15.96,long: close 177.04 > upper 176.95,flatten
2016-05-09,-1,32,2016-05-09 10:30:00-05:00,176.66789999999997,2016-05-09 11:00:00-05:00,176.90200000000002,177.17000000000002,-74.91,short: close 176.73 < lower 176.80,exit short: close 176.87 > lower 176.83
2016-05-10,1,24,2016-05-10 09:00:00-05:00,178.602,2016-05-10 14:52:00-05:00,179.128,177.9,126.24,long: close 178.54 > upper 178.07,flatten
2016-05-11,-1,23,2016-05-11 11:00:00-05:00,178.148,2016-05-11 11:30:00-05:00,178.292,178.87,-33.12,short: close 178.21 < lower 178.23,exit short: close 178.24 > lower 178.23
2016-05-11,-1,23,2016-05-11 12:00:00-05:00,178.048,2016-05-11 14:52:00-05:00,177.40200000000002,178.78,148.58,short: close 178.11 < lower 178.22,flatten
2016-05-12,-1,22,2016-05-12 10:30:00-05:00,176.718,2016-05-12 12:00:00-05:00,177.18200000000002,177.48,-102.08,short: close 176.72 < lower 176.81,exit short: close 177.11 > lower 176.83
2016-05-13,-1,23,2016-05-13 12:30:00-05:00,176.278,2016-05-13 14:52:00-05:00,175.61200000000002,177.01,153.18,short: close 176.34 < lower 176.42,flatten
2016-05-16,1,35,2016-05-16 09:00:00-05:00,176.27200000000002,2016-05-16 14:52:00-05:00,177.2679,175.83,348.56,long: close 176.19 > upper 176.05,flatten
2016-05-17,-1,33,2016-05-17 09:30:00-05:00,176.458,2016-05-17 09:54:00-05:00,176.99200000000002,176.93,-176.22,short: close 176.57 < lower 176.63,stop
2016-05-17,-1,23,2016-05-17 12:00:00-05:00,176.268,2016-05-17 12:30:00-05:00,176.4821,177.01,-49.24,short: close 176.34 < lower 176.36,exit short: close 176.46 > lower 176.37
2016-05-18,1,28,2016-05-18 09:30:00-05:00,176.202,2016-05-18 09:56:00-05:00,175.558,175.62,-180.32,long: close 176.15 > upper 175.89,stop
2016-05-18,1,21,2016-05-18 12:00:00-05:00,176.33200000000002,2016-05-18 13:05:00-05:00,175.44799999999998,175.51,-185.64,long: close 176.25 > upper 176.13,stop
2016-05-19,-1,24,2016-05-19 09:00:00-05:00,173.94799999999998,2016-05-19 12:30:00-05:00,174.382,174.63,-104.16,short: close 174.01 < lower 174.60,exit short: close 174.31 > lower 174.30
2016-05-20,1,38,2016-05-20 09:00:00-05:00,175.412,2016-05-20 11:30:00-05:00,175.158,175.01,-96.52,long: close 175.30 > upper 175.11,exit long: close 175.23 < upper 175.25
2016-05-24,1,19,2016-05-24 09:00:00-05:00,176.442,2016-05-24 14:52:00-05:00,176.938,175.56,94.24,long: close 176.38 > upper 176.15,flatten
2016-05-25,1,22,2016-05-25 09:00:00-05:00,178.162,2016-05-25 14:00:00-05:00,178.278,177.38,25.52,long: close 178.12 > upper 177.97,exit long: close 178.32 < upper 178.40
2016-05-31,-1,19,2016-05-31 11:00:00-05:00,177.6975,2016-05-31 12:30:00-05:00,177.912,178.59,-40.76,short: close 177.78 < lower 177.86,exit short: close 177.84 > lower 177.78
2016-05-31,-1,17,2016-05-31 13:00:00-05:00,177.588,2016-05-31 14:52:00-05:00,177.86200000000002,178.6,-46.58,short: close 177.67 < lower 177.75,flatten
2016-06-03,-1,28,2016-06-03 09:00:00-05:00,177.238,2016-06-03 10:00:00-05:00,177.67200000000003,177.83,-121.52,short: close 177.34 < lower 177.49,exit short: close 177.61 > lower 177.35
2016-06-06,1,26,2016-06-06 09:00:00-05:00,179.032,2016-06-06 09:30:00-05:00,178.85799999999998,178.39000000000001,-45.24,long: close 178.96 > upper 178.90,exit long: close 178.91 < upper 179.02
2016-06-06,1,22,2016-06-06 10:00:00-05:00,179.202,2016-06-06 10:30:00-05:00,179.07799999999997,178.44,-27.28,long: close 179.14 > upper 179.03,exit long: close 179.13 < upper 179.15
2016-06-14,-1,25,2016-06-14 10:00:00-05:00,176.25799999999998,2016-06-14 11:30:00-05:00,176.89200000000002,176.93,-158.5,short: close 176.31 < lower 176.54,exit short: close 176.84 > lower 176.55
2016-06-14,-1,23,2016-06-14 12:30:00-05:00,176.31799999999998,2016-06-14 13:30:00-05:00,176.68200000000002,177.03,-83.72,short: close 176.36 < lower 176.50,exit short: close 176.63 > lower 176.41
2016-06-16,-1,23,2016-06-16 09:00:00-05:00,174.988,2016-06-16 10:00:00-05:00,175.442,175.71,-104.42,short: close 175.04 < lower 175.43,exit short: close 175.38 > lower 175.35
2016-06-17,-1,32,2016-06-17 09:30:00-05:00,176.408,2016-06-17 13:30:00-05:00,176.67200000000003,176.9,-84.48,short: close 176.52 < lower 176.79,exit short: close 176.60 > lower 176.57
2016-06-20,1,14,2016-06-20 09:00:00-05:00,178.92200000000003,2016-06-20 10:30:00-05:00,178.63799999999998,177.63,-39.76,long: close 178.85 > upper 178.74,exit long: close 178.74 < upper 178.87
2016-06-22,1,34,2016-06-22 09:30:00-05:00,178.722,2016-06-22 10:33:00-05:00,178.19799999999998,178.26,-178.16,long: close 178.67 > upper 178.59,stop
2016-06-22,-1,33,2016-06-22 12:30:00-05:00,177.548,2016-06-22 13:00:00-05:00,177.952,178.02,-133.32,short: close 177.63 < lower 177.66,exit short: close 177.92 > lower 177.68
2016-06-23,1,17,2016-06-23 11:00:00-05:00,179.43200000000002,2016-06-23 11:30:00-05:00,179.188,178.4,-41.48,long: close 179.36 > upper 179.32,exit long: close 179.24 < upper 179.26
2016-06-27,-1,18,2016-06-27 09:00:00-05:00,171.428,2016-06-27 14:52:00-05:00,171.262,172.39000000000001,29.88,short: close 171.50 < lower 172.13,flatten
2016-06-29,1,15,2016-06-29 10:30:00-05:00,176.062,2016-06-29 14:52:00-05:00,176.498,174.86,65.4,long: close 175.98 > upper 175.68,flatten
2016-06-30,1,21,2016-06-30 10:30:00-05:00,177.86200000000002,2016-06-30 14:52:00-05:00,178.458,177.06,125.16,long: close 177.77 > upper 177.66,flatten
2016-07-01,1,26,2016-07-01 09:30:00-05:00,179.762,2016-07-01 10:30:00-05:00,179.378,179.12,-99.84,long: close 179.69 > upper 179.55,exit long: close 179.43 < upper 179.66
2016-07-01,1,26,2016-07-01 11:00:00-05:00,179.622,2016-07-01 11:30:00-05:00,179.188,178.99,-112.84,long: close 179.55 > upper 179.54,exit long: close 179.27 < upper 179.53
2016-07-05,-1,19,2016-07-05 12:30:00-05:00,177.808,2016-07-05 14:00:00-05:00,177.96200000000002,178.71,-29.26,short: close 177.89 < lower 178.01,exit short: close 177.91 > lower 177.85
2016-07-06,1,20,2016-07-06 12:00:00-05:00,178.812,2016-07-06 12:30:00-05:00,178.60799999999998,177.97,-40.8,long: close 178.75 > upper 178.74,exit long: close 178.67 < upper 178.76
2016-07-07,1,33,2016-07-07 09:00:00-05:00,179.722,2016-07-07 09:30:00-05:00,179.53799999999998,179.25,-60.72,long: close 179.62 > upper 179.56,exit long: close 179.58 < upper 179.71
2016-07-07,-1,23,2016-07-07 13:30:00-05:00,178.208,2016-07-07 14:30:00-05:00,178.602,178.95000000000002,-90.62,short: close 178.24 < lower 178.36,exit short: close 178.51 > lower 178.15
2016-07-08,1,15,2016-07-08 10:30:00-05:00,180.842,2016-07-08 14:52:00-05:00,181.218,179.64000000000001,56.4,long: close 180.78 > upper 180.61,flatten
2016-07-11,1,20,2016-07-11 10:30:00-05:00,182.542,2016-07-11 13:00:00-05:00,182.408,181.69,-26.8,long: close 182.46 > upper 182.43,exit long: close 182.46 < upper 182.55
2016-07-21,-1,23,2016-07-21 12:00:00-05:00,184.84799999999998,2016-07-21 12:30:00-05:00,185.072,185.58,-51.52,short: close 184.92 < lower 184.94,exit short: close 185.00 > lower 184.95
2016-07-21,-1,23,2016-07-21 13:00:00-05:00,184.738,2016-07-21 14:52:00-05:00,185.032,185.46,-67.62,short: close 184.80 < lower 184.95,flatten
2016-07-25,-1,44,2016-07-25 09:00:00-05:00,184.84799999999998,2016-07-25 14:52:00-05:00,184.722,185.18,55.44,short: close 184.94 < lower 185.06,flatten
2016-07-26,-1,45,2016-07-26 10:00:00-05:00,183.688,2016-07-26 10:23:00-05:00,184.072,184.01,-172.8,short: close 183.76 < lower 184.37,stop
2016-07-26,-1,38,2016-07-26 10:30:00-05:00,183.968,2016-07-26 11:00:00-05:00,184.39200000000002,184.37,-161.12,short: close 184.01 < lower 184.30,exit short: close 184.33 > lower 184.19
2016-07-28,-1,39,2016-07-28 09:30:00-05:00,183.97799999999998,2016-07-28 11:00:00-05:00,183.92200000000003,184.36,21.84,short: close 184.00 < lower 184.05,exit short: close 183.86 > lower 183.85
2016-07-28,-1,28,2016-07-28 11:30:00-05:00,183.798,2016-07-28 12:00:00-05:00,183.982,184.39000000000001,-51.52,short: close 183.83 < lower 183.85,exit short: close 183.92 > lower 183.83
2016-07-29,-1,33,2016-07-29 09:30:00-05:00,183.56799999999998,2016-07-29 09:47:00-05:00,184.11200000000002,184.05,-179.52,short: close 183.63 < lower 183.64,stop
2016-08-01,-1,52,2016-08-01 09:00:00-05:00,183.84799999999998,2016-08-01 09:16:00-05:00,184.17200000000003,184.11,-168.48,short: close 183.94 < lower 183.99,stop
2016-08-01,-1,32,2016-08-01 11:30:00-05:00,183.458,2016-08-01 12:30:00-05:00,183.852,183.95000000000002,-126.08,short: close 183.52 < lower 183.75,exit short: close 183.78 > lower 183.76
2016-08-02,-1,52,2016-08-02 09:00:00-05:00,183.378,2016-08-02 14:31:00-05:00,183.70200000000003,183.64000000000001,-168.48,short: close 183.45 < lower 183.53,stop
2016-08-05,1,26,2016-08-05 09:00:00-05:00,184.9883,2016-08-05 11:56:00-05:00,184.28799999999998,184.35,-182.08,long: close 184.91 > upper 184.57,stop
2016-08-05,1,19,2016-08-05 12:00:00-05:00,185.08200000000002,2016-08-05 14:52:00-05:00,185.16799999999998,184.18,16.34,long: close 185.02 > upper 184.82,flatten
2016-08-09,1,53,2016-08-09 09:00:00-05:00,185.762,2016-08-09 09:01:00-05:00,185.44799999999998,185.51,-166.42,long: close 185.68 > upper 185.58,stop
2016-08-09,1,44,2016-08-09 09:30:00-05:00,185.782,2016-08-09 10:00:00-05:00,185.63799999999998,185.45000000000002,-63.36,long: close 185.71 > upper 185.66,exit long: close 185.70 < upper 185.78
2016-08-11,1,24,2016-08-11 10:00:00-05:00,186.282,2016-08-11 14:52:00-05:00,186.38799999999998,185.59,25.44,long: close 186.22 > upper 186.11,flatten
2016-08-12,-1,29,2016-08-12 13:01:00-05:00,185.56799999999998,2016-08-12 13:31:00-05:00,185.822,186.12,-73.66,short: close 185.64 < lower 185.68,exit short: close 185.77 > lower 185.65
2016-08-15,1,37,2016-08-15 09:00:00-05:00,186.71200000000002,2016-08-15 11:00:00-05:00,186.63799999999998,186.3,-27.38,long: close 186.64 > upper 186.57,exit long: close 186.71 < upper 186.85
2016-08-17,-1,60,2016-08-17 09:00:00-05:00,185.178,2016-08-17 09:12:00-05:00,185.442,185.38,-158.4,short: close 185.25 < lower 185.56,stop
2016-08-17,-1,49,2016-08-17 09:30:00-05:00,185.31799999999998,2016-08-17 10:00:00-05:00,185.4762,185.6,-77.52,short: close 185.38 < lower 185.46,exit short: close 185.44 > lower 185.39
2016-08-19,-1,23,2016-08-19 09:00:00-05:00,184.75799999999998,2016-08-19 09:30:00-05:00,185.42600000000002,185.5,-153.64,short: close 184.82 < lower 185.09,exit short: close 185.37 > lower 185.03
2016-08-23,1,31,2016-08-23 09:00:00-05:00,186.032,2016-08-23 09:30:00-05:00,185.748,185.52,-88.04,long: close 185.95 > upper 185.91,exit long: close 185.80 < upper 185.95
2016-08-26,1,42,2016-08-26 09:30:00-05:00,185.452,2016-08-26 09:51:00-05:00,185.03799999999998,185.1,-173.88,long: close 185.38 > upper 184.83,stop
2016-08-26,1,38,2016-08-26 10:00:00-05:00,185.252,2016-08-26 10:39:00-05:00,184.798,184.86,-172.52,long: close 185.20 > upper 184.87,stop
2016-08-29,1,59,2016-08-29 09:00:00-05:00,184.602,2016-08-29 14:52:00-05:00,184.748,184.39000000000001,86.14,long: close 184.53 > upper 184.03,flatten
2016-08-30,-1,45,2016-08-30 09:30:00-05:00,184.38799999999998,2016-08-30 14:52:00-05:00,184.46200000000002,184.71,-33.3,short: close 184.45 < lower 184.57,flatten
2016-08-31,-1,33,2016-08-31 10:00:00-05:00,183.72799999999998,2016-08-31 10:30:00-05:00,183.96200000000002,184.20000000000002,-77.22,short: close 183.80 < lower 183.90,exit short: close 183.90 > lower 183.87
2016-08-31,-1,32,2016-08-31 11:00:00-05:00,183.658,2016-08-31 14:30:00-05:00,183.972,184.15,-100.48,short: close 183.74 < lower 183.88,exit short: close 183.90 > lower 183.86
2016-09-01,-1,37,2016-09-01 09:30:00-05:00,183.31799999999998,2016-09-01 11:24:00-05:00,183.792,183.73,-175.38,short: close 183.38 < lower 183.44,stop
2016-09-02,1,25,2016-09-02 09:00:00-05:00,185.30200000000002,2016-09-02 09:30:00-05:00,185.10799999999998,184.65,-48.5,long: close 185.23 > upper 185.18,exit long: close 185.16 < upper 185.25
2016-09-07,-1,38,2016-09-07 10:30:00-05:00,184.82999999999998,2016-09-07 11:00:00-05:00,185.092,185.22,-99.56,short: close 184.91 < lower 184.97,exit short: close 185.03 > lower 184.98
2016-09-07,-1,38,2016-09-07 11:30:00-05:00,184.81799999999998,2016-09-07 12:30:00-05:00,185.092,185.22,-104.12,short: close 184.91 < lower 184.96,exit short: close 185.03 > lower 185.02
2016-09-09,-1,20,2016-09-09 09:00:00-05:00,183.28799999999998,2016-09-09 14:52:00-05:00,181.482,184.12,361.2,short: close 183.35 < lower 183.36,flatten
2016-09-12,1,23,2016-09-12 09:30:00-05:00,181.562,2016-09-12 10:00:00-05:00,181.188,180.83,-86.02,long: close 181.49 > upper 181.25,exit long: close 181.26 < upper 181.32
2016-09-12,1,21,2016-09-12 10:30:00-05:00,181.412,2016-09-12 14:52:00-05:00,183.19799999999998,180.61,375.06,long: close 181.36 > upper 181.31,flatten
2016-09-13,-1,20,2016-09-13 09:00:00-05:00,181.44799999999998,2016-09-13 14:52:00-05:00,181.15200000000002,182.32,59.2,short: close 181.52 < lower 181.76,flatten
2016-09-14,1,34,2016-09-14 09:30:00-05:00,181.532,2016-09-14 09:53:00-05:00,181.018,181.08,-174.76,long: close 181.47 > upper 181.26,stop
2016-09-15,1,32,2016-09-15 09:30:00-05:00,181.15200000000002,2016-09-15 14:52:00-05:00,182.218,180.65,341.12,long: close 181.07 > upper 180.90,flatten
2016-09-16,-1,26,2016-09-16 09:00:00-05:00,181.06799999999998,2016-09-16 10:00:00-05:00,181.11200000000002,181.70000000000002,-11.44,short: close 181.14 < lower 181.24,exit short: close 181.07 > lower 180.94
2016-09-16,-1,17,2016-09-16 10:30:00-05:00,180.81799999999998,2016-09-16 11:00:00-05:00,181.187,181.82,-62.73,short: close 180.87 < lower 180.87,exit short: close 181.12 > lower 180.83
2016-09-19,1,23,2016-09-19 09:00:00-05:00,182.312,2016-09-19 09:30:00-05:00,181.97799999999998,181.57,-76.82,long: close 182.24 > upper 182.16,exit long: close 182.05 < upper 182.38
2016-09-21,1,29,2016-09-21 09:00:00-05:00,182.012,2016-09-21 09:30:00-05:00,181.768,181.45000000000002,-70.76,long: close 181.95 > upper 181.91,exit long: close 181.80 < upper 182.08
2016-09-22,1,22,2016-09-22 09:00:00-05:00,184.192,2016-09-22 10:00:00-05:00,183.94799999999998,183.43,-53.68,long: close 184.11 > upper 183.93,exit long: close 184.01 < upper 184.11
2016-09-23,-1,19,2016-09-23 13:00:00-05:00,182.268,2016-09-23 14:00:00-05:00,182.752,183.17000000000002,-91.96,short: close 182.34 < lower 182.62,exit short: close 182.71 > lower 182.63
2016-09-26,-1,23,2016-09-26 09:00:00-05:00,180.88799999999998,2016-09-26 09:30:00-05:00,181.24200000000002,181.61,-81.42,short: close 180.96 < lower 181.24,exit short: close 181.15 > lower 181.08
2016-09-26,-1,18,2016-09-26 10:30:00-05:00,180.868,2016-09-26 11:30:00-05:00,181.122,181.84,-45.72,short: close 180.90 < lower 180.98,exit short: close 181.05 > lower 180.90
2016-09-27,1,38,2016-09-27 09:00:00-05:00,181.252,2016-09-27 09:59:00-05:00,180.78799999999998,180.85,-176.32,long: close 181.18 > upper 181.08,stop
2016-09-27,1,26,2016-09-27 10:30:00-05:00,181.52200000000002,2016-09-27 14:52:00-05:00,181.898,180.88,97.76,long: close 181.46 > upper 181.32,flatten
2016-09-29,-1,18,2016-09-29 12:00:00-05:00,181.458,2016-09-29 14:52:00-05:00,181.52200000000002,182.43,-11.52,short: close 181.55 < lower 181.99,flatten
2016-09-30,1,17,2016-09-30 10:30:00-05:00,183.11200000000002,2016-09-30 12:00:00-05:00,182.838,182.06,-46.58,long: close 183.05 > upper 182.71,exit long: close 182.93 < upper 182.97
2016-09-30,1,12,2016-09-30 13:30:00-05:00,183.18200000000002,2016-09-30 14:52:00-05:00,183.19799999999998,181.74,1.92,long: close 183.13 > upper 183.11,flatten
2016-10-03,-1,30,2016-10-03 09:00:00-05:00,181.908,2016-10-03 09:02:00-05:00,182.502,182.44,-178.2,short: close 181.95 < lower 182.02,stop
2016-10-04,-1,20,2016-10-04 12:30:00-05:00,181.16809999999998,2016-10-04 14:52:00-05:00,181.49200000000002,182.02,-64.78,short: close 181.23 < lower 181.61,flatten
2016-10-05,1,26,2016-10-05 09:00:00-05:00,182.542,2016-10-05 12:00:00-05:00,182.66799999999998,181.92000000000002,32.76,long: close 182.47 > upper 182.45,exit long: close 182.74 < upper 182.86
2016-10-06,-1,36,2016-10-06 09:00:00-05:00,181.678,2016-10-06 10:30:00-05:00,182.042,182.11,-131.04,short: close 181.76 < lower 182.05,exit short: close 181.95 > lower 181.93
2016-10-07,-1,36,2016-10-07 09:00:00-05:00,182.00799999999998,2016-10-07 09:30:00-05:00,182.30200000000002,182.44,-105.84,short: close 182.03 < lower 182.26,exit short: close 182.25 > lower 182.23
2016-10-07,-1,39,2016-10-07 10:00:00-05:00,182.028,2016-10-07 10:30:00-05:00,182.252,182.41,-87.36,short: close 182.11 < lower 182.30,exit short: close 182.19 > lower 182.16
2016-10-10,1,20,2016-10-10 09:00:00-05:00,183.782,2016-10-10 10:30:00-05:00,183.528,182.95000000000002,-50.8,long: close 183.69 > upper 183.54,exit long: close 183.57 < upper 183.63
2016-10-11,-1,32,2016-10-11 09:00:00-05:00,182.158,2016-10-11 14:52:00-05:00,181.23190000000002,182.66,296.35,short: close 182.23 < lower 182.50,flatten
2016-10-13,-1,18,2016-10-13 09:00:00-05:00,179.59799999999998,2016-10-13 10:30:00-05:00,180.002,180.55,-72.72,short: close 179.64 < lower 179.77,exit short: close 179.93 > lower 179.58
2016-10-19,1,28,2016-10-19 10:00:00-05:00,182.312,2016-10-19 10:30:00-05:00,182.048,181.74,-73.92,long: close 182.24 > upper 182.21,exit long: close 182.08 < upper 182.32
2016-10-25,-1,30,2016-10-25 11:30:00-05:00,181.268,2016-10-25 12:00:00-05:00,181.622,181.8,-106.2,short: close 181.34 < lower 181.35,exit short: close 181.56 > lower 181.33
2016-10-26,1,20,2016-10-26 10:00:00-05:00,182.002,2016-10-26 11:00:00-05:00,181.838,181.15,-32.8,long: close 181.94 > upper 181.89,exit long: close 181.90 < upper 181.91
2016-10-28,-1,23,2016-10-28 13:00:00-05:00,180.648,2016-10-28 13:17:00-05:00,181.442,181.38,-182.62,short: close 180.71 < lower 180.93,stop
2016-11-01,-1,34,2016-11-01 10:30:00-05:00,180.81799999999998,2016-11-01 14:52:00-05:00,180.14200000000002,181.28,229.84,short: close 180.88 < lower 180.89,flatten
2016-11-04,-1,56,2016-11-04 09:00:00-05:00,178.748,2016-11-04 09:02:00-05:00,179.042,178.98,-164.64,short: close 178.77 < lower 178.89,stop
2016-11-07,1,11,2016-11-07 10:00:00-06:00,181.692,2016-11-07 14:52:00-06:00,182.158,180.12,51.26,long: close 181.62 > upper 181.51,flatten
2016-11-08,1,35,2016-11-08 10:30:00-06:00,183.292,2016-11-08 14:52:00-06:00,183.468,182.85,61.6,long: close 183.23 > upper 182.72,flatten
2016-11-09,1,18,2016-11-09 09:00:00-06:00,184.002,2016-11-09 09:25:00-06:00,182.998,183.06,-180.72,long: close 183.94 > upper 183.59,stop
2016-11-09,1,15,2016-11-09 10:30:00-06:00,184.49200000000002,2016-11-09 14:52:00-06:00,185.94799999999998,183.32,218.4,long: close 184.42 > upper 183.82,flatten
2016-11-10,1,22,2016-11-10 09:00:00-06:00,187.502,2016-11-10 09:30:00-06:00,186.738,186.74,-168.08,long: close 187.42 > upper 187.13,exit long: close 186.80 < upper 187.17
2016-11-10,1,14,2016-11-10 12:00:00-06:00,187.982,2016-11-10 14:52:00-06:00,188.178,186.68,27.44,long: close 187.90 > upper 187.67,flatten
2016-11-15,-1,40,2016-11-15 09:00:00-06:00,188.2188,2016-11-15 10:00:00-06:00,188.41830000000002,188.59,-79.8,short: close 188.30 < lower 188.39,exit short: close 188.35 > lower 188.27
2016-11-18,-1,28,2016-11-18 10:00:00-06:00,188.42389999999997,2016-11-18 10:30:00-06:00,188.58200000000002,189.0,-44.27,short: close 188.47 < lower 188.52,exit short: close 188.53 > lower 188.34
2016-12-02,-1,60,2016-12-02 09:00:00-06:00,191.718,2016-12-02 10:00:00-06:00,191.872,191.92000000000002,-92.4,short: close 191.75 < lower 191.77,exit short: close 191.80 > lower 191.64
2016-12-02,-1,49,2016-12-02 12:30:00-06:00,191.458,2016-12-02 14:29:00-06:00,191.80200000000002,191.74,-168.56,short: close 191.52 < lower 191.65,stop
2016-12-06,-1,60,2016-12-06 09:00:00-06:00,191.85799999999998,2016-12-06 09:02:00-06:00,192.122,192.06,-158.4,short: close 191.94 < lower 192.04,stop
2016-12-06,-1,60,2016-12-06 09:30:00-06:00,191.838,2016-12-06 09:32:00-06:00,192.102,192.04,-158.4,short: close 191.89 < lower 192.05,stop
2016-12-07,1,60,2016-12-07 09:30:00-06:00,192.872,2016-12-07 09:38:00-06:00,192.608,192.67000000000002,-158.4,long: close 192.83 > upper 192.68,stop
2016-12-07,1,60,2016-12-07 10:30:00-06:00,192.90200000000002,2016-12-07 14:52:00-06:00,195.208,192.70000000000002,1383.6,long: close 192.84 > upper 192.71,flatten
2016-12-08,1,36,2016-12-08 11:30:00-06:00,196.512,2016-12-08 14:30:00-06:00,196.188,196.09,-116.64,long: close 196.45 > upper 196.08,exit long: close 196.23 < upper 196.24
2016-12-09,1,59,2016-12-09 09:00:00-06:00,196.632,2016-12-09 09:05:00-06:00,196.358,196.42000000000002,-161.66,long: close 196.57 > upper 196.56,stop
2016-12-09,1,47,2016-12-09 10:00:00-06:00,196.86200000000002,2016-12-09 14:52:00-06:00,197.5179,196.56,308.27,long: close 196.79 > upper 196.66,flatten
2016-12-12,1,60,2016-12-12 09:00:00-06:00,198.322,2016-12-12 09:11:00-06:00,198.058,198.12,-158.4,long: close 198.26 > upper 197.94,stop
2016-12-12,1,52,2016-12-12 10:00:00-06:00,198.11200000000002,2016-12-12 11:00:00-06:00,197.94799999999998,197.85,-85.28,long: close 198.07 > upper 198.03,exit long: close 198.01 < upper 198.08
2016-12-13,1,20,2016-12-13 12:30:00-06:00,199.747,2016-12-13 13:30:00-06:00,199.188,198.91,-111.8,long: close 199.69 > upper 199.37,exit long: close 199.26 < upper 199.46
2016-12-14,-1,25,2016-12-14 13:30:00-06:00,198.338,2016-12-14 13:40:00-06:00,199.05200000000002,198.99,-178.5,short: close 198.39 < lower 198.46,stop
2016-12-15,1,41,2016-12-15 09:00:00-06:00,199.15200000000002,2016-12-15 12:53:00-06:00,198.72799999999998,198.79,-173.84,long: close 199.10 > upper 198.68,stop
2016-12-16,-1,58,2016-12-16 10:30:00-06:00,198.188,2016-12-16 10:35:00-06:00,198.472,198.41,-164.72,short: close 198.24 < lower 198.47,stop
2016-12-16,-1,41,2016-12-16 12:00:00-06:00,198.13799999999998,2016-12-16 14:00:00-06:00,198.292,198.5,-63.14,short: close 198.19 < lower 198.33,exit short: close 198.24 > lower 198.14
2016-12-19,1,56,2016-12-19 09:00:00-06:00,198.58200000000002,2016-12-19 10:48:00-06:00,198.28799999999998,198.35,-164.64,long: close 198.52 > upper 198.47,stop
2016-12-20,1,35,2016-12-20 09:00:00-06:00,199.61200000000002,2016-12-20 10:36:00-06:00,199.108,199.17000000000002,-176.4,long: close 199.55 > upper 199.29,stop
2016-12-22,-1,52,2016-12-22 10:00:00-06:00,198.76299999999998,2016-12-22 12:00:00-06:00,198.912,199.02,-77.48,short: close 198.82 < lower 198.89,exit short: close 198.85 > lower 198.76
2016-12-27,1,52,2016-12-27 09:00:00-06:00,199.49200000000002,2016-12-27 10:00:00-06:00,199.34799999999998,199.23000000000002,-74.88,long: close 199.43 > upper 199.36,exit long: close 199.40 < upper 199.41
2016-12-28,-1,46,2016-12-28 09:00:00-06:00,198.91799999999998,2016-12-28 09:30:00-06:00,199.092,199.23000000000002,-80.04,short: close 198.98 < lower 199.01,exit short: close 199.03 > lower 199.01
2016-12-28,-1,36,2016-12-28 11:30:00-06:00,198.59799999999998,2016-12-28 14:52:00-06:00,198.14700000000002,199.03,162.36,short: close 198.67 < lower 198.89,flatten
2016-12-29,1,58,2016-12-29 09:30:00-06:00,198.43200000000002,2016-12-29 09:40:00-06:00,198.148,198.21,-164.72,long: close 198.38 > upper 198.30,stop
2016-12-30,-1,40,2016-12-30 09:00:00-06:00,197.57799999999997,2016-12-30 10:00:00-06:00,197.77200000000002,197.95000000000002,-77.6,short: close 197.66 < lower 197.73,exit short: close 197.72 > lower 197.69
2016-12-30,-1,34,2016-12-30 12:00:00-06:00,197.56799999999998,2016-12-30 12:30:00-06:00,197.727,198.03,-54.06,short: close 197.64 < lower 197.65,exit short: close 197.65 > lower 197.56
2017-01-05,-1,34,2017-01-05 10:30:00-06:00,198.378,2017-01-05 13:30:00-06:00,198.722,198.84,-116.96,short: close 198.44 < lower 198.62,exit short: close 198.66 > lower 198.48
2017-01-06,1,39,2017-01-06 10:30:00-06:00,199.382,2017-01-06 14:52:00-06:00,199.588,199.0,80.34,long: close 199.31 > upper 199.13,flatten
2017-01-10,1,41,2017-01-10 10:30:00-06:00,199.21200000000002,2017-01-10 12:00:00-06:00,199.09799999999998,198.85,-46.74,long: close 199.13 > upper 199.08,exit long: close 199.16 < upper 199.20
2017-01-11,1,44,2017-01-11 09:00:00-06:00,199.15200000000002,2017-01-11 10:29:00-06:00,198.75799999999998,198.82,-173.36,long: close 199.08 > upper 198.84,stop
2017-01-11,1,33,2017-01-11 11:00:00-06:00,199.18200000000002,2017-01-11 11:20:00-06:00,198.648,198.71,-176.22,long: close 199.11 > upper 198.98,stop
2017-01-12,-1,33,2017-01-12 09:00:00-06:00,198.22799999999998,2017-01-12 13:00:00-06:00,198.542,198.71,-103.62,short: close 198.29 < lower 198.63,exit short: close 198.47 > lower 198.45
2017-01-19,-1,31,2017-01-19 12:30:00-06:00,197.398,2017-01-19 14:52:00-06:00,197.292,197.91,32.86,short: close 197.46 < lower 197.49,flatten
2017-01-20,1,38,2017-01-20 09:00:00-06:00,198.042,2017-01-20 11:05:00-06:00,197.588,197.65,-172.52,long: close 197.97 > upper 197.78,stop
2017-01-23,-1,47,2017-01-23 09:30:00-06:00,197.34799999999998,2017-01-23 12:36:00-06:00,197.71200000000002,197.65,-171.08,short: close 197.43 < lower 197.62,stop
2017-01-24,1,38,2017-01-24 10:30:00-06:00,198.33200000000002,2017-01-24 14:52:00-06:00,198.838,197.93,192.28,long: close 198.27 > upper 198.18,flatten
2017-01-25,1,19,2017-01-25 10:00:00-06:00,200.429,2017-01-25 11:00:00-06:00,200.188,199.54,-45.79,long: close 200.35 > upper 200.33,exit long: close 200.26 < upper 200.50
2017-01-25,1,18,2017-01-25 13:00:00-06:00,200.542,2017-01-25 14:00:00-06:00,200.208,199.56,-60.12,long: close 200.48 > upper 200.42,exit long: close 200.26 < upper 200.46
2017-01-30,-1,27,2017-01-30 09:00:00-06:00,199.278,2017-01-30 14:52:00-06:00,199.40200000000002,199.89000000000001,-33.48,short: close 199.35 < lower 199.62,flatten
2017-01-31,-1,27,2017-01-31 09:30:00-06:00,198.06799999999998,2017-01-31 14:52:00-06:00,198.33200000000002,198.68,-71.28,short: close 198.10 < lower 198.45,flatten
2017-02-03,1,25,2017-02-03 09:00:00-06:00,199.812,2017-02-03 14:52:00-06:00,200.38799999999998,199.14000000000001,144.0,long: close 199.76 > upper 199.76,flatten
2017-02-09,1,33,2017-02-09 09:30:00-06:00,201.292,2017-02-09 14:52:00-06:00,201.78689999999997,200.81,163.32,long: close 201.24 > upper 201.15,flatten
2017-02-10,1,22,2017-02-10 13:30:00-06:00,202.89200000000002,2017-02-10 14:00:00-06:00,202.63799999999998,202.11,-55.88,long: close 202.84 > upper 202.79,exit long: close 202.70 < upper 202.77
2017-02-13,1,33,2017-02-13 09:00:00-06:00,203.7457,2017-02-13 14:52:00-06:00,204.183,203.27,144.31,long: close 203.68 > upper 203.51,flatten
2017-02-14,1,29,2017-02-14 12:00:00-06:00,204.80200000000002,2017-02-14 14:52:00-06:00,205.058,204.24,74.24,long: close 204.74 > upper 204.67,flatten
2017-02-15,1,45,2017-02-15 09:00:00-06:00,205.74200000000002,2017-02-15 09:11:00-06:00,205.358,205.42000000000002,-172.8,long: close 205.68 > upper 205.61,stop
2017-02-15,1,27,2017-02-15 10:00:00-06:00,206.072,2017-02-15 14:52:00-06:00,206.28799999999998,205.46,58.32,long: close 206.02 > upper 205.90,flatten
2017-02-21,1,29,2017-02-21 09:00:00-06:00,206.882,2017-02-21 10:30:00-06:00,206.63299999999998,206.33,-72.21,long: close 206.80 > upper 206.78,exit long: close 206.69 < upper 207.09
2017-03-01,1,15,2017-03-01 09:00:00-06:00,210.39200000000002,2017-03-01 14:52:00-06:00,211.248,209.23000000000002,128.4,long: close 210.32 > upper 210.08,flatten
2017-03-02,-1,27,2017-03-02 11:30:00-06:00,210.32799999999997,2017-03-02 12:00:00-06:00,210.58200000000002,210.93,-68.58,short: close 210.40 < lower 210.51,exit short: close 210.52 > lower 210.49
2017-03-09,-1,31,2017-03-09 13:30:00-06:00,208.06799999999998,2017-03-09 14:00:00-06:00,208.342,208.59,-84.94,short: close 208.14 < lower 208.16,exit short: close 208.28 > lower 208.20
2017-03-13,-1,45,2017-03-13 09:30:00-05:00,208.688,2017-03-13 10:00:00-05:00,208.872,209.01,-82.8,short: close 208.74 < lower 208.82,exit short: close 208.83 > lower 208.71
2017-03-13,-1,42,2017-03-13 10:30:00-05:00,208.57799999999997,2017-03-13 10:55:00-05:00,208.99200000000002,208.93,-173.88,short: close 208.63 < lower 208.78,stop
2017-03-14,-1,32,2017-03-14 09:30:00-05:00,208.09799999999998,2017-03-14 10:00:00-05:00,208.442,208.6,-110.08,short: close 208.18 < lower 208.27,exit short: close 208.38 > lower 208.17
2017-03-15,1,30,2017-03-15 12:00:00-05:00,209.292,2017-03-15 12:30:00-05:00,208.898,208.75,-118.2,long: close 209.25 > upper 209.21,exit long: close 208.97 < upper 209.22
2017-03-15,1,27,2017-03-15 13:30:00-05:00,209.40200000000002,2017-03-15 14:52:00-05:00,209.60799999999998,208.8,55.62,long: close 209.34 > upper 209.27,flatten
2017-03-16,-1,28,2017-03-16 10:30:00-05:00,209.09799999999998,2017-03-16 11:00:00-05:00,209.382,209.69,-79.52,short: close 209.16 < lower 209.29,exit short: close 209.32 > lower 209.30
2017-03-17,-1,54,2017-03-17 09:00:00-05:00,209.128,2017-03-17 09:30:00-05:00,209.18200000000002,209.37,-29.16,short: close 209.19 < lower 209.25,exit short: close 209.15 > lower 209.14
2017-03-17,-1,38,2017-03-17 10:00:00-05:00,208.938,2017-03-17 12:00:00-05:00,209.13770000000002,209.33,-75.89,short: close 209.00 < lower 209.10,exit short: close 209.07 > lower 209.03
2017-03-20,1,46,2017-03-20 09:30:00-05:00,209.24200000000002,2017-03-20 10:00:00-05:00,209.13799999999998,208.93,-47.84,long: close 209.17 > upper 209.15,exit long: close 209.21 < upper 209.22
2017-03-21,-1,27,2017-03-21 09:30:00-05:00,208.088,2017-03-21 14:52:00-05:00,206.36200000000002,208.70000000000002,466.02,short: close 208.15 < lower 208.47,flatten
2017-03-22,-1,38,2017-03-22 09:00:00-05:00,205.63799999999998,2017-03-22 09:30:00-05:00,205.782,206.04,-54.72,short: close 205.67 < lower 205.77,exit short: close 205.71 > lower 205.60
2017-03-23,1,26,2017-03-23 10:30:00-05:00,207.17200000000003,2017-03-23 12:12:00-05:00,206.47799999999998,206.54,-180.44,long: close 207.10 > upper 206.82,stop
2017-03-23,1,26,2017-03-23 13:00:00-05:00,206.90200000000002,2017-03-23 14:00:00-05:00,206.72799999999998,206.28,-45.24,long: close 206.86 > upper 206.81,exit long: close 206.80 < upper 206.88
2017-03-28,1,30,2017-03-28 10:00:00-05:00,205.762,2017-03-28 14:52:00-05:00,206.72799999999998,205.22,289.8,long: close 205.73 > upper 205.69,flatten
2017-03-30,1,40,2017-03-30 09:30:00-05:00,207.0359,2017-03-30 11:00:00-05:00,206.688,206.67000000000002,-139.16,long: close 206.99 > upper 206.68,exit long: close 206.75 < upper 206.93
2017-03-30,1,25,2017-03-30 13:30:00-05:00,207.092,2017-03-30 14:00:00-05:00,206.82799999999997,206.44,-66.0,long: close 207.03 > upper 206.96,exit long: close 206.89 < upper 207.06
2017-03-31,-1,47,2017-03-31 09:00:00-05:00,206.438,2017-03-31 09:07:00-05:00,206.80200000000002,206.74,-171.08,short: close 206.49 < lower 206.55,stop
2017-04-03,-1,28,2017-04-03 10:00:00-05:00,205.518,2017-04-03 13:00:00-05:00,205.76700000000002,206.1,-69.72,short: close 205.59 < lower 205.84,exit short: close 205.68 > lower 205.67
2017-04-05,1,25,2017-04-05 09:00:00-05:00,208.192,2017-04-05 10:30:00-05:00,207.7534,207.54,-109.65,long: close 208.16 > upper 207.77,exit long: close 207.83 < upper 208.29
2017-04-05,1,15,2017-04-05 12:30:00-05:00,208.40200000000002,2017-04-05 13:00:00-05:00,208.238,207.27,-24.6,long: close 208.34 > upper 208.25,exit long: close 208.30 < upper 208.32
2017-04-06,1,22,2017-04-06 12:30:00-05:00,207.192,2017-04-06 13:00:00-05:00,206.908,206.42000000000002,-62.48,long: close 207.14 > upper 207.11,exit long: close 206.97 < upper 207.18
2017-04-07,-1,45,2017-04-07 09:00:00-05:00,205.908,2017-04-07 09:08:00-05:00,206.29200000000003,206.23000000000002,-172.8,short: close 206.00 < lower 206.01,stop
2017-04-10,1,53,2017-04-10 09:00:00-05:00,206.99200000000002,2017-04-10 10:30:00-05:00,206.998,206.74,3.18,long: close 206.91 > upper 206.69,exit long: close 207.05 < upper 207.13
2017-04-11,-1,37,2017-04-11 09:30:00-05:00,205.738,2017-04-11 11:30:00-05:00,206.102,206.15,-134.68,short: close 205.82 < lower 205.90,exit short: close 206.05 > lower 205.70
2017-04-12,-1,56,2017-04-12 09:00:00-05:00,205.958,2017-04-12 09:18:00-05:00,206.252,206.19,-164.64,short: close 206.02 < lower 206.10,stop
2017-04-12,-1,41,2017-04-12 09:30:00-05:00,205.928,2017-04-12 10:30:00-05:00,205.86200000000002,206.29,27.06,short: close 205.92 < lower 205.97,exit short: close 205.81 > lower 205.74
2017-04-17,1,21,2017-04-17 10:30:00-05:00,205.55200000000002,2017-04-17 11:00:00-05:00,205.278,204.73000000000002,-57.54,long: close 205.48 > upper 205.48,exit long: close 205.31 < upper 205.48
2017-04-17,1,22,2017-04-17 11:30:00-05:00,205.58200000000002,2017-04-17 14:52:00-05:00,206.06799999999998,204.83,106.92,long: close 205.52 > upper 205.41,flatten
2017-04-18,-1,18,2017-04-18 11:00:00-05:00,204.528,2017-04-18 12:30:00-05:00,204.93200000000002,205.46,-72.72,short: close 204.61 < lower 204.84,exit short: close 204.88 > lower 204.80
2017-04-19,-1,30,2017-04-19 11:30:00-05:00,204.44799999999998,2017-04-19 14:52:00-05:00,203.747,204.99,210.3,short: close 204.53 < lower 204.61,flatten
2017-04-20,1,23,2017-04-20 10:00:00-05:00,204.882,2017-04-20 14:52:00-05:00,205.928,204.16,240.58,long: close 204.85 > upper 204.84,flatten
2017-04-25,1,17,2017-04-25 09:00:00-05:00,209.437,2017-04-25 14:52:00-05:00,209.688,208.44,42.67,long: close 209.37 > upper 209.17,flatten
2017-04-26,1,33,2017-04-26 10:30:00-05:00,210.43400000000003,2017-04-26 10:47:00-05:00,209.888,209.95000000000002,-180.18,long: close 210.40 > upper 210.23,stop
2017-04-26,1,28,2017-04-26 12:00:00-05:00,210.372,2017-04-26 12:30:00-05:00,210.148,209.8,-62.72,long: close 210.32 > upper 210.32,exit long: close 210.20 < upper 210.41
2017-05-04,-1,38,2017-05-04 09:00:00-05:00,208.968,2017-05-04 09:30:00-05:00,209.252,209.37,-107.92,short: close 209.04 < lower 209.05,exit short: close 209.20 > lower 208.99
2017-05-04,-1,26,2017-05-04 11:30:00-05:00,208.38799999999998,2017-05-04 11:55:00-05:00,209.08200000000002,209.02,-180.44,short: close 208.46 < lower 208.82,stop
2017-05-11,-1,43,2017-05-11 09:00:00-05:00,208.298,2017-05-11 10:01:00-05:00,208.70200000000003,208.64000000000001,-173.72,short: close 208.38 < lower 208.95,stop
2017-05-11,-1,33,2017-05-11 10:30:00-05:00,208.56799999999998,2017-05-11 11:17:00-05:00,209.102,209.04,-176.22,short: close 208.65 < lower 208.82,stop
2017-05-15,1,36,2017-05-15 09:00:00-05:00,209.822,2017-05-15 14:52:00-05:00,209.938,209.39000000000001,41.76,long: close 209.75 > upper 209.64,flatten
2017-05-17,-1,15,2017-05-17 09:30:00-05:00,207.738,2017-05-17 14:52:00-05:00,206.74200000000002,208.91,149.4,short: close 207.81 < lower 207.86,flatten
2017-05-18,1,33,2017-05-18 09:30:00-05:00,206.972,2017-05-18 11:00:00-05:00,206.498,206.5,-156.42,long: close 206.91 > upper 206.71,exit long: close 206.54 < upper 206.72
2017-05-18,1,33,2017-05-18 12:00:00-05:00,206.83200000000002,2017-05-18 12:30:00-05:00,206.47799999999998,206.35,-116.82,long: close 206.76 > upper 206.72,exit long: close 206.55 < upper 206.77
2017-05-19,1,36,2017-05-19 09:30:00-05:00,207.482,2017-05-19 14:52:00-05:00,207.688,207.06,74.16,long: close 207.42 > upper 207.29,flatten
2017-05-22,1,33,2017-05-22 09:00:00-05:00,208.74200000000002,2017-05-22 10:00:00-05:00,208.408,208.26,-110.22,long: close 208.75 > upper 208.54,exit long: close 208.49 < upper 208.73
2017-05-22,1,25,2017-05-22 11:30:00-05:00,208.787,2017-05-22 12:00:00-05:00,208.59799999999998,208.13,-47.25,long: close 208.72 > upper 208.71,exit long: close 208.64 < upper 208.69
2017-05-31,-1,45,2017-05-31 09:00:00-05:00,209.558,2017-05-31 09:43:00-05:00,209.942,209.88,-172.8,short: close 209.63 < lower 209.98,stop
2017-05-31,-1,37,2017-05-31 11:00:00-05:00,209.798,2017-05-31 11:30:00-05:00,209.92200000000003,210.21,-45.88,short: close 209.86 < lower 209.89,exit short: close 209.88 > lower 209.87
2017-06-01,1,32,2017-06-01 12:00:00-05:00,210.872,2017-06-01 14:52:00-05:00,211.208,210.37,107.52,long: close 210.78 > upper 210.63,flatten
2017-06-02,1,38,2017-06-02 10:00:00-05:00,211.872,2017-06-02 13:30:00-05:00,211.88799999999998,211.48000000000002,6.08,long: close 211.80 > upper 211.79,exit long: close 211.90 < upper 212.00
2017-06-08,1,38,2017-06-08 11:30:00-05:00,212.472,2017-06-08 12:27:00-05:00,212.00799999999998,212.07,-176.32,long: close 212.41 > upper 212.08,stop
2017-06-09,1,42,2017-06-09 09:00:00-05:00,212.58200000000002,2017-06-09 13:00:00-05:00,212.268,212.23000000000002,-131.88,long: close 212.50 > upper 212.36,exit long: close 212.34 < upper 212.52
2017-06-12,-1,47,2017-06-12 09:00:00-05:00,212.00799999999998,2017-06-12 09:18:00-05:00,212.372,212.31,-171.08,short: close 212.06 < lower 212.26,stop
2017-06-12,-1,39,2017-06-12 11:00:00-05:00,212.09799999999998,2017-06-12 14:52:00-05:00,212.21200000000002,212.48000000000002,-44.46,short: close 212.16 < lower 212.18,flatten
2017-06-13,1,32,2017-06-13 11:00:00-05:00,213.252,2017-06-13 14:52:00-05:00,213.178,212.76,-23.68,long: close 213.20 > upper 213.08,flatten
2017-06-16,-1,36,2017-06-16 09:30:00-05:00,212.868,2017-06-16 10:30:00-05:00,213.15200000000002,213.29,-102.24,short: close 212.92 < lower 213.10,exit short: close 213.09 > lower 213.03
2017-06-19,1,25,2017-06-19 09:30:00-05:00,214.692,2017-06-19 10:00:00-05:00,214.488,214.02,-51.0,long: close 214.62 > upper 214.62,exit long: close 214.54 < upper 214.62
2017-06-19,1,21,2017-06-19 11:30:00-05:00,214.85750000000002,2017-06-19 12:00:00-05:00,214.678,214.06,-37.7,long: close 214.79 > upper 214.74,exit long: close 214.71 < upper 214.81
2017-06-21,-1,37,2017-06-21 10:30:00-05:00,213.91299999999998,2017-06-21 10:45:00-05:00,214.382,214.32,-173.53,short: close 213.95 < lower 214.11,stop
2017-06-21,-1,29,2017-06-21 12:00:00-05:00,213.768,2017-06-21 14:52:00-05:00,213.882,214.32,-33.06,short: close 213.81 < lower 213.98,flatten
2017-06-26,1,31,2017-06-26 09:00:00-05:00,214.812,2017-06-26 09:38:00-05:00,214.238,214.3,-177.94,long: close 214.76 > upper 214.50,stop
2017-06-27,-1,38,2017-06-27 13:00:00-05:00,213.308,2017-06-27 13:30:00-05:00,213.592,213.71,-107.92,short: close 213.35 < lower 213.38,exit short: close 213.52 > lower 213.40
2017-06-28,1,28,2017-06-28 09:30:00-05:00,213.93200000000002,2017-06-28 14:52:00-05:00,214.268,213.35,94.08,long: close 213.86 > upper 213.82,flatten
2017-06-29,-1,38,2017-06-29 09:30:00-05:00,213.898,2017-06-29 14:52:00-05:00,212.80210000000002,214.3,416.44,short: close 213.97 < lower 213.98,flatten
2017-06-30,1,27,2017-06-30 09:00:00-05:00,213.681,2017-06-30 09:30:00-05:00,213.458,213.08,-60.21,long: close 213.61 > upper 213.56,exit long: close 213.48 < upper 213.56
2017-07-03,1,28,2017-07-03 09:00:00-05:00,214.662,2017-07-03 13:17:00-05:00,214.408,214.08,-71.12,long: close 214.59 > upper 214.18,exit long: close 214.37 < upper 214.44
2017-07-06,-1,30,2017-07-06 09:00:00-05:00,213.438,2017-07-06 10:05:00-05:00,214.04200000000003,213.98000000000002,-181.2,short: close 213.51 < lower 213.81,stop
2017-07-06,-1,24,2017-07-06 13:30:00-05:00,213.408,2017-07-06 14:52:00-05:00,213.222,214.11,44.64,short: close 213.49 < lower 213.65,flatten
2017-07-07,1,25,2017-07-07 11:30:00-05:00,214.132,2017-07-07 14:00:00-05:00,213.908,213.46,-56.0,long: close 214.08 > upper 213.99,exit long: close 213.98 < upper 213.98
2017-07-11,-1,32,2017-07-11 10:30:00-05:00,212.91799999999998,2017-07-11 10:50:00-05:00,213.48200000000003,213.42000000000002,-180.48,short: close 213.03 < lower 213.47,stop
2017-07-12,1,22,2017-07-12 09:00:00-05:00,215.502,2017-07-12 10:00:00-05:00,215.22799999999998,214.72,-60.28,long: close 215.43 > upper 215.27,exit long: close 215.35 < upper 215.38
2017-07-14,1,32,2017-07-14 12:00:00-05:00,216.062,2017-07-14 14:52:00-05:00,216.32799999999997,215.56,85.12,long: close 216.00 > upper 215.88,flatten
2017-07-18,-1,26,2017-07-18 10:00:00-05:00,215.158,2017-07-18 10:30:00-05:00,215.317,215.8,-41.34,short: close 215.20 < lower 215.29,exit short: close 215.26 > lower 215.21
2017-07-20,-1,30,2017-07-20 10:30:00-05:00,215.7976,2017-07-20 11:30:00-05:00,216.282,216.34,-145.32,short: close 215.88 < lower 215.90,exit short: close 216.20 > lower 215.91
2017-07-21,-1,23,2017-07-21 09:00:00-05:00,214.85799999999998,2017-07-21 09:30:00-05:00,215.49200000000002,215.6,-145.82,short: close 214.93 < lower 214.93,exit short: close 215.42 > lower 214.87
2017-07-24,-1,50,2017-07-24 09:00:00-05:00,215.07799999999997,2017-07-24 14:30:00-05:00,215.322,215.35,-122.0,short: close 215.13 < lower 215.25,exit short: close 215.27 > lower 215.15
2017-07-27,1,31,2017-07-27 09:30:00-05:00,217.632,2017-07-27 10:30:00-05:00,217.278,217.11,-109.74,long: close 217.57 > upper 217.56,exit long: close 217.33 < upper 217.60
2017-07-27,1,33,2017-07-27 11:30:00-05:00,217.602,2017-07-27 11:58:00-05:00,217.058,217.12,-179.52,long: close 217.53 > upper 217.52,stop
2017-07-31,1,32,2017-07-31 11:30:00-05:00,218.952,2017-07-31 14:00:00-05:00,218.748,218.46,-65.28,long: close 218.89 > upper 218.85,exit long: close 218.81 < upper 218.93
2017-08-03,1,49,2017-08-03 13:30:00-05:00,220.24200000000002,2017-08-03 14:00:00-05:00,220.00799999999998,219.96,-114.66,long: close 220.19 > upper 220.18,exit long: close 220.07 < upper 220.16
2017-08-08,1,46,2017-08-08 10:00:00-05:00,221.502,2017-08-08 12:03:00-05:00,221.128,221.19,-172.04,long: close 221.43 > upper 221.18,stop
2017-08-08,1,44,2017-08-08 13:00:00-05:00,221.282,2017-08-08 13:30:00-05:00,221.09799999999998,220.95000000000002,-80.96,long: close 221.21 > upper 221.20,exit long: close 221.15 < upper 221.19
2017-08-10,-1,28,2017-08-10 09:30:00-05:00,219.338,2017-08-10 14:52:00-05:00,218.762,219.92000000000002,161.28,short: close 219.38 < lower 219.56,flatten
2017-08-11,1,46,2017-08-11 10:00:00-05:00,219.092,2017-08-11 10:22:00-05:00,218.718,218.78,-172.04,long: close 219.05 > upper 218.95,stop
2017-08-11,1,49,2017-08-11 12:00:00-05:00,219.02200000000002,2017-08-11 13:35:00-05:00,218.678,218.74,-168.56,long: close 218.97 > upper 218.93,stop
2017-08-14,1,20,2017-08-14 10:00:00-05:00,220.29950000000002,2017-08-14 13:00:00-05:00,220.09799999999998,219.47,-40.3,long: close 220.23 > upper 220.13,exit long: close 220.14 < upper 220.14
2017-08-14,1,21,2017-08-14 13:30:00-05:00,220.192,2017-08-14 14:00:00-05:00,219.838,219.37,-74.34,long: close 220.12 > upper 220.12,exit long: close 219.90 < upper 220.07
2017-08-16,1,35,2017-08-16 09:00:00-05:00,220.96200000000002,2017-08-16 10:30:00-05:00,220.778,220.52,-64.4,long: close 220.90 > upper 220.88,exit long: close 220.84 < upper 220.91
2017-08-16,1,31,2017-08-16 11:00:00-05:00,221.05200000000002,2017-08-16 12:00:00-05:00,220.78799999999998,220.53,-81.84,long: close 220.99 > upper 220.96,exit long: close 220.86 < upper 220.96
2017-08-17,-1,35,2017-08-17 09:00:00-05:00,219.57799999999997,2017-08-17 14:52:00-05:00,217.952,220.02,569.1,short: close 219.64 < lower 219.82,flatten
2017-08-18,-1,28,2017-08-18 09:00:00-05:00,216.428,2017-08-18 10:29:00-05:00,217.08200000000002,217.02,-183.12,short: close 216.50 < lower 216.83,stop
2017-08-21,-1,54,2017-08-21 09:00:00-05:00,215.97719999999998,2017-08-21 09:42:00-05:00,216.282,216.22,-164.59,short: close 216.06 < lower 216.23,stop
2017-08-22,1,29,2017-08-22 09:00:00-05:00,217.90200000000002,2017-08-22 14:52:00-05:00,218.718,217.35,236.64,long: close 217.84 > upper 217.63,flatten
2017-08-25,1,27,2017-08-25 09:00:00-05:00,218.732,2017-08-25 10:00:00-05:00,218.25799999999998,218.12,-127.98,long: close 218.68 > upper 218.55,exit long: close 218.34 < upper 218.62
2017-08-28,-1,27,2017-08-28 09:30:00-05:00,217.53799999999998,2017-08-28 10:00:00-05:00,217.89200000000002,218.15,-95.58,short: close 217.62 < lower 217.66,exit short: close 217.84 > lower 217.69
2017-08-29,1,17,2017-08-29 12:30:00-05:00,218.382,2017-08-29 13:00:00-05:00,218.22799999999998,217.37,-26.18,long: close 218.33 > upper 218.32,exit long: close 218.29 < upper 218.32
2017-09-05,-1,27,2017-09-05 09:00:00-05:00,219.028,2017-09-05 14:52:00-05:00,217.65200000000002,219.63,371.52,short: close 219.07 < lower 219.13,flatten
2017-09-11,1,16,2017-09-11 09:00:00-05:00,220.11200000000002,2017-09-11 14:52:00-05:00,220.588,219.02,76.16,long: close 220.04 > upper 219.99,flatten
2017-09-21,-1,54,2017-09-21 09:00:00-05:00,223.618,2017-09-21 09:30:00-05:00,223.7716,223.86,-82.94,short: close 223.67 < lower 223.68,exit short: close 223.71 > lower 223.61
2017-09-25,-1,39,2017-09-25 10:00:00-05:00,222.57799999999997,2017-09-25 12:30:00-05:00,222.67200000000003,222.96,-36.66,short: close 222.68 < lower 222.80,exit short: close 222.62 > lower 222.60
2017-09-26,1,43,2017-09-26 09:00:00-05:00,223.542,2017-09-26 09:30:00-05:00,223.19799999999998,223.20000000000002,-147.92,long: close 223.47 > upper 223.27,exit long: close 223.26 < upper 223.32
2017-09-28,1,31,2017-09-28 11:30:00-05:00,223.74200000000002,2017-09-28 14:52:00-05:00,223.488,223.22,-78.74,long: close 223.68 > upper 223.61,flatten
2017-10-02,1,43,2017-10-02 09:00:00-05:00,224.592,2017-10-02 14:52:00-05:00,225.278,224.25,294.98,long: close 224.52 > upper 224.34,flatten
2017-10-03,1,42,2017-10-03 09:00:00-05:00,226.012,2017-10-03 11:30:00-05:00,225.97799999999998,225.66,-14.28,long: close 225.92 > upper 225.90,exit long: close 226.04 < upper 226.09
2017-10-03,1,29,2017-10-03 12:00:00-05:00,226.18200000000002,2017-10-03 14:52:00-05:00,226.13799999999998,225.63,-12.76,long: close 226.11 > upper 226.11,flatten
2017-10-05,1,44,2017-10-05 10:00:00-05:00,226.93200000000002,2017-10-05 14:52:00-05:00,227.458,226.6,231.44,long: close 226.86 > upper 226.85,flatten
2017-10-13,1,40,2017-10-13 09:30:00-05:00,228.99200000000002,2017-10-13 09:50:00-05:00,228.558,228.62,-173.6,long: close 228.93 > upper 228.90,stop
2017-10-16,1,45,2017-10-16 09:00:00-05:00,229.372,2017-10-16 09:17:00-05:00,228.988,229.05,-172.8,long: close 229.30 > upper 229.22,stop
2017-10-18,1,23,2017-10-18 10:00:00-05:00,231.322,2017-10-18 14:52:00-05:00,231.428,230.61,24.38,long: close 231.26 > upper 231.16,flatten
2017-10-19,-1,33,2017-10-19 09:00:00-05:00,230.63799999999998,2017-10-19 09:30:00-05:00,230.952,231.11,-103.62,short: close 230.70 < lower 230.70,exit short: close 230.88 > lower 230.70
2017-10-20,1,23,2017-10-20 12:30:00-05:00,232.90200000000002,2017-10-20 14:00:00-05:00,232.738,232.18,-37.72,long: close 232.84 > upper 232.79,exit long: close 232.78 < upper 232.85
2017-10-24,1,20,2017-10-24 09:30:00-05:00,234.44760000000002,2017-10-24 14:00:00-05:00,234.278,233.59,-33.92,long: close 234.39 > upper 234.24,exit long: close 234.33 < upper 234.43
2017-10-25,-1,58,2017-10-25 09:00:00-05:00,234.048,2017-10-25 14:52:00-05:00,233.02200000000002,234.27,595.08,short: close 234.11 < lower 234.16,flatten
2017-10-26,1,30,2017-10-26 09:00:00-05:00,234.39200000000002,2017-10-26 10:16:00-05:00,233.798,233.86,-178.2,long: close 234.33 > upper 234.07,stop
2017-11-01,1,24,2017-11-01 09:00:00-05:00,234.982,2017-11-01 09:30:00-05:00,234.678,234.28,-72.96,long: close 234.94 > upper 234.80,exit long: close 234.73 < upper 234.80
2017-11-02,-1,49,2017-11-02 09:30:00-05:00,233.69799999999998,2017-11-02 09:38:00-05:00,234.04200000000003,233.98000000000002,-168.56,short: close 233.75 < lower 233.97,stop
2017-11-07,-1,34,2017-11-07 11:00:00-06:00,234.678,2017-11-07 12:29:00-06:00,235.192,235.13,-174.76,short: close 234.73 < lower 235.08,stop
2017-11-08,-1,49,2017-11-08 09:00:00-06:00,234.958,2017-11-08 09:30:00-06:00,235.192,235.24,-114.66,short: close 235.02 < lower 235.11,exit short: close 235.14 > lower 235.08
2017-11-09,-1,21,2017-11-09 11:00:00-06:00,233.988,2017-11-09 13:00:00-06:00,234.262,234.79,-57.54,short: close 234.05 < lower 234.20,exit short: close 234.20 > lower 234.18
2017-11-10,-1,39,2017-11-10 10:30:00-06:00,234.148,2017-11-10 11:00:00-06:00,234.46200000000002,234.53,-122.46,short: close 234.17 < lower 234.20,exit short: close 234.38 > lower 234.10
2017-11-14,-1,26,2017-11-14 09:00:00-06:00,233.588,2017-11-14 10:00:00-06:00,234.15200000000002,234.21,-146.64,short: close 233.65 < lower 233.68,exit short: close 234.05 > lower 233.64
2017-11-15,-1,20,2017-11-15 09:00:00-06:00,232.708,2017-11-15 09:30:00-06:00,233.072,233.56,-72.8,short: close 232.78 < lower 232.87,exit short: close 233.00 > lower 232.81
2017-11-16,1,18,2017-11-16 09:30:00-06:00,234.722,2017-11-16 14:52:00-06:00,234.8536,233.75,23.69,long: close 234.65 > upper 234.57,flatten
2017-11-17,-1,19,2017-11-17 13:30:00-06:00,233.408,2017-11-17 14:00:00-06:00,233.55200000000002,234.31,-27.36,short: close 233.46 < lower 233.46,exit short: close 233.50 > lower 233.47
2017-11-20,1,37,2017-11-20 09:00:00-06:00,234.037,2017-11-20 14:52:00-06:00,233.968,233.63,-25.53,long: close 233.95 > upper 233.93,flatten
2017-11-21,1,22,2017-11-21 09:00:00-06:00,235.562,2017-11-21 14:52:00-06:00,235.59799999999998,234.78,7.92,long: close 235.49 > upper 235.43,flatten
2017-11-22,-1,31,2017-11-22 10:30:00-06:00,235.19799999999998,2017-11-22 14:52:00-06:00,235.292,235.71,-29.14,short: close 235.26 < lower 235.38,flatten
2017-11-27,1,42,2017-11-27 09:00:00-06:00,236.072,2017-11-27 10:30:00-06:00,235.708,235.72,-152.88,long: close 236.00 > upper 235.74,exit long: close 235.78 < upper 235.88
2017-11-28,1,22,2017-11-28 11:00:00-06:00,237.042,2017-11-28 13:00:00-06:00,236.66799999999998,236.26,-82.28,long: close 236.99 > upper 236.83,exit long: close 236.73 < upper 236.81
2017-11-28,1,23,2017-11-28 13:30:00-06:00,237.11200000000002,2017-11-28 14:52:00-06:00,238.218,236.37,254.38,long: close 237.05 > upper 236.79,flatten
2017-11-29,1,24,2017-11-29 09:00:00-06:00,239.61200000000002,2017-11-29 09:30:00-06:00,239.19799999999998,238.93,-99.36,long: close 239.54 > upper 239.41,exit long: close 239.21 < upper 239.51
2017-11-30,1,17,2017-11-30 10:00:00-06:00,241.282,2017-11-30 14:52:00-06:00,242.95299999999997,240.28,284.07,long: close 241.22 > upper 241.06,flatten
2017-12-01,-1,27,2017-12-01 10:30:00-06:00,240.16799999999998,2017-12-01 10:34:00-06:00,240.842,240.78,-181.98,short: close 240.23 < lower 242.35,stop
2017-12-01,-1,24,2017-12-01 11:00:00-06:00,241.548,2017-12-01 12:33:00-06:00,242.30200000000002,242.24,-180.96,short: close 241.61 < lower 242.27,stop
2017-12-04,1,11,2017-12-04 09:30:00-06:00,245.52200000000002,2017-12-04 10:00:00-06:00,244.85799999999998,243.89000000000001,-73.04,long: close 245.45 > upper 245.38,exit long: close 244.94 < upper 245.41
2017-12-05,-1,27,2017-12-05 09:00:00-06:00,242.66799999999998,2017-12-05 09:30:00-06:00,243.05200000000002,243.28,-103.68,short: close 242.74 < lower 242.83,exit short: close 243.01 > lower 242.76
2017-12-07,1,31,2017-12-07 09:00:00-06:00,242.342,2017-12-07 10:10:00-06:00,241.75799999999998,241.82,-181.04,long: close 242.28 > upper 241.94,stop
2017-12-07,1,20,2017-12-07 11:00:00-06:00,242.702,2017-12-07 13:30:00-06:00,242.25799999999998,241.87,-88.8,long: close 242.63 > upper 242.26,exit long: close 242.32 < upper 242.42
2017-12-12,1,18,2017-12-12 11:00:00-06:00,245.622,2017-12-12 11:30:00-06:00,245.338,244.64000000000001,-51.12,long: close 245.56 > upper 245.54,exit long: close 245.40 < upper 245.65
2017-12-12,1,15,2017-12-12 12:00:00-06:00,245.77200000000002,2017-12-12 14:00:00-06:00,245.628,244.64000000000001,-21.6,long: close 245.70 > upper 245.69,exit long: close 245.70 < upper 245.72
2017-12-13,1,33,2017-12-13 09:30:00-06:00,246.36200000000002,2017-12-13 12:30:00-06:00,246.378,245.89000000000001,5.28,long: close 246.29 > upper 246.03,exit long: close 246.42 < upper 246.44
2017-12-13,1,19,2017-12-13 13:30:00-06:00,246.812,2017-12-13 14:30:00-06:00,246.35799999999998,245.9,-86.26,long: close 246.76 > upper 246.47,exit long: close 246.43 < upper 246.54
2017-12-19,-1,28,2017-12-19 09:30:00-06:00,247.44799999999998,2017-12-19 10:30:00-06:00,247.40200000000002,248.02,12.88,short: close 247.48 < lower 247.48,exit short: close 247.33 > lower 247.19
2018-01-03,1,32,2018-01-03 09:30:00-06:00,248.842,2018-01-03 10:00:00-06:00,248.488,248.34,-113.28,long: close 248.78 > upper 248.67,exit long: close 248.54 < upper 248.81
2018-01-04,1,22,2018-01-04 09:00:00-06:00,250.622,2018-01-04 11:00:00-06:00,250.343,249.87,-61.38,long: close 250.54 > upper 250.20,exit long: close 250.41 < upper 250.41
2018-01-04,1,18,2018-01-04 11:30:00-06:00,250.562,2018-01-04 14:52:00-06:00,250.47799999999998,249.63,-15.12,long: close 250.50 > upper 250.39,flatten
2018-01-05,1,19,2018-01-05 13:30:00-06:00,252.042,2018-01-05 14:52:00-06:00,252.648,251.12,115.14,long: close 251.98 > upper 251.90,flatten
2018-01-09,1,22,2018-01-09 10:30:00-06:00,253.877,2018-01-09 14:52:00-06:00,253.908,253.13,6.82,long: close 253.81 > upper 253.66,flatten
2018-01-10,-1,27,2018-01-10 09:00:00-06:00,252.72799999999998,2018-01-10 09:30:00-06:00,253.17200000000003,253.33,-119.88,short: close 252.76 < lower 252.87,exit short: close 253.15 > lower 252.72
2018-01-11,1,33,2018-01-11 09:00:00-06:00,254.49200000000002,2018-01-11 14:52:00-06:00,255.298,254.02,265.98,long: close 254.43 > upper 254.26,flatten
2018-01-12,1,21,2018-01-12 09:00:00-06:00,257.322,2018-01-12 14:52:00-06:00,257.868,256.53000000000003,114.66,long: close 257.25 > upper 256.96,flatten
2018-01-16,1,13,2018-01-16 09:00:00-06:00,260.762,2018-01-16 09:30:00-06:00,260.348,259.35,-53.82,long: close 260.72 > upper 260.44,exit long: close 260.39 < upper 260.54
2018-01-17,1,14,2018-01-17 11:30:00-06:00,260.02590000000004,2018-01-17 14:52:00-06:00,260.988,258.8,134.69,long: close 259.97 > upper 259.77,flatten
2018-01-18,-1,32,2018-01-18 09:30:00-06:00,260.268,2018-01-18 13:00:00-06:00,260.462,260.76,-62.08,short: close 260.33 < lower 260.65,exit short: close 260.36 > lower 260.35
2018-01-19,-1,27,2018-01-19 11:00:00-06:00,259.298,2018-01-19 11:30:00-06:00,259.592,259.91,-79.38,short: close 259.38 < lower 259.50,exit short: close 259.52 > lower 259.45
2018-01-22,1,16,2018-01-22 11:30:00-06:00,261.322,2018-01-22 12:30:00-06:00,261.178,260.26,-23.04,long: close 261.27 > upper 261.19,exit long: close 261.24 < upper 261.26
2018-01-24,1,19,2018-01-24 09:00:00-06:00,263.5919,2018-01-24 09:30:00-06:00,263.368,262.68,-42.54,long: close 263.52 > upper 263.38,exit long: close 263.39 < upper 263.47
2018-01-29,-1,25,2018-01-29 10:00:00-06:00,264.798,2018-01-29 11:00:00-06:00,265.012,265.45,-53.5,short: close 264.86 < lower 265.09,exit short: close 264.96 > lower 264.94
2018-01-30,-1,8,2018-01-30 12:30:00-06:00,260.143,2018-01-30 13:00:00-06:00,260.777,262.31,-50.72,short: close 260.20 < lower 260.66,exit short: close 260.70 > lower 260.62
2018-02-01,1,13,2018-02-01 11:00:00-06:00,262.612,2018-02-01 13:00:00-06:00,261.64799999999997,261.21,-125.32,long: close 262.54 > upper 262.07,exit long: close 261.72 < upper 262.24
2018-02-02,-1,11,2018-02-02 10:00:00-06:00,258.83799999999997,2018-02-02 14:52:00-06:00,255.162,260.47,404.36,short: close 258.94 < lower 259.02,flatten
2018-02-05,-1,8,2018-02-05 12:30:00-06:00,250.44799999999998,2018-02-05 13:00:00-06:00,251.89200000000002,252.82,-115.52,short: close 250.50 < lower 251.20,exit short: close 251.81 > lower 251.24
2018-02-05,-1,7,2018-02-05 13:30:00-06:00,250.028,2018-02-05 14:52:00-06:00,244.592,252.42000000000002,380.52,short: close 250.10 < lower 251.19,flatten
2018-02-06,1,6,2018-02-06 09:00:00-06:00,245.1097,2018-02-06 09:17:00-06:00,242.178,242.24,-175.9,long: close 244.99 > upper 243.64,stop
2018-02-06,1,5,2018-02-06 11:30:00-06:00,245.15200000000002,2018-02-06 12:30:00-06:00,243.838,241.93,-65.7,long: close 245.10 > upper 243.99,exit long: close 243.91 < upper 244.23
2018-02-07,1,13,2018-02-07 09:00:00-06:00,250.282,2018-02-07 12:23:00-06:00,248.908,248.97,-178.62,long: close 250.25 > upper 249.95,stop
2018-02-07,1,12,2018-02-07 13:00:00-06:00,250.632,2018-02-07 13:50:00-06:00,249.03799999999998,249.1,-191.28,long: close 250.51 > upper 250.17,stop
2018-02-08,-1,15,2018-02-08 09:00:00-06:00,247.56799999999998,2018-02-08 14:52:00-06:00,240.532,248.70000000000002,1055.4,short: close 247.65 < lower 247.72,flatten
2018-02-09,-1,6,2018-02-09 11:30:00-06:00,235.53799999999998,2018-02-09 13:03:00-06:00,238.722,238.66,-191.04,short: close 235.54 < lower 236.91,stop
2018-02-12,1,6,2018-02-12 11:30:00-06:00,246.442,2018-02-12 14:52:00-06:00,246.28799999999998,243.43,-9.24,long: close 246.39 > upper 246.10,flatten
2018-02-22,1,7,2018-02-22 10:30:00-06:00,250.732,2018-02-22 11:30:00-06:00,250.798,248.31,4.62,long: close 250.69 > upper 250.60,exit long: close 250.87 < upper 251.15
2018-02-28,1,16,2018-02-28 09:00:00-06:00,255.792,2018-02-28 09:30:00-06:00,255.468,254.67000000000002,-51.84,long: close 255.72 > upper 255.68,exit long: close 255.50 < upper 256.14
2018-03-01,-1,33,2018-03-01 09:00:00-06:00,249.058,2018-03-01 09:00:00-06:00,249.602,249.54,-179.52,short: close 249.11 < lower 249.81,stop
2018-03-01,-1,9,2018-03-01 12:30:00-06:00,247.333,2018-03-01 14:52:00-06:00,246.482,249.32,76.59,short: close 247.45 < lower 248.22,flatten
2018-03-02,-1,11,2018-03-02 09:00:00-06:00,242.84799999999998,2018-03-02 10:00:00-06:00,243.032,244.43,-20.24,short: close 242.90 < lower 243.18,exit short: close 243.01 > lower 242.56
2018-03-05,1,10,2018-03-05 10:30:00-06:00,246.77200000000002,2018-03-05 14:52:00-06:00,248.988,245.07,221.6,long: close 246.69 > upper 246.29,flatten
2018-03-06,-1,11,2018-03-06 10:00:00-06:00,247.838,2018-03-06 11:00:00-06:00,247.822,249.46,1.76,short: close 247.87 < lower 247.88,exit short: close 247.77 > lower 247.58
2018-03-06,-1,9,2018-03-06 11:30:00-06:00,247.238,2018-03-06 12:00:00-06:00,249.0671,249.26000000000002,-164.62,short: close 247.31 < lower 247.48,exit short: close 249.00 > lower 247.44
2018-03-09,1,8,2018-03-09 11:30:00-06:00,252.442,2018-03-09 14:52:00-06:00,253.178,250.12,58.88,long: close 252.40 > upper 252.37,flatten
2018-03-12,-1,12,2018-03-12 10:30:00-05:00,251.968,2018-03-12 11:00:00-05:00,252.532,253.41,-67.68,short: close 252.02 < lower 252.34,exit short: close 252.43 > lower 252.29
2018-03-12,-1,11,2018-03-12 12:00:00-05:00,252.09799999999998,2018-03-12 12:30:00-05:00,252.292,253.71,-21.34,short: close 252.15 < lower 252.17,exit short: close 252.23 > lower 252.12
2018-03-14,-1,10,2018-03-14 11:00:00-05:00,247.44799999999998,2018-03-14 12:53:00-05:00,249.382,249.32,-193.4,short: close 247.49 < lower 248.97,stop
2018-03-15,1,10,2018-03-15 10:30:00-05:00,250.622,2018-03-15 11:00:00-05:00,249.998,248.92000000000002,-62.4,long: close 250.55 > upper 250.06,exit long: close 250.07 < upper 250.20
2018-03-19,-1,18,2018-03-19 09:00:00-05:00,247.458,2018-03-19 14:52:00-05:00,245.46200000000002,248.43,359.28,short: close 247.52 < lower 247.72,flatten
2018-03-20,1,18,2018-03-20 09:30:00-05:00,247.632,2018-03-20 10:00:00-05:00,247.488,246.69,-25.92,long: close 247.56 > upper 247.09,exit long: close 247.45 < upper 247.45
2018-03-22,-1,8,2018-03-22 10:00:00-05:00,242.798,2018-03-22 11:30:00-05:00,243.4687,245.13,-53.66,short: close 242.87 < lower 243.01,exit short: close 243.40 > lower 242.41
2018-03-26,1,7,2018-03-26 09:00:00-05:00,239.822,2018-03-26 09:30:00-05:00,238.588,237.37,-86.38,long: close 239.78 > upper 239.52,exit long: close 238.67 < upper 239.66
2018-03-29,1,12,2018-03-29 10:00:00-05:00,240.83200000000002,2018-03-29 12:00:00-05:00,240.678,239.37,-18.48,long: close 240.74 > upper 240.39,exit long: close 240.69 < upper 240.86
2018-03-29,1,10,2018-03-29 12:30:00-05:00,240.872,2018-03-29 14:52:00-05:00,242.188,239.15,131.6,long: close 240.82 > upper 240.66,flatten
2018-04-02,-1,17,2018-04-02 09:30:00-05:00,239.41799999999998,2018-04-02 14:52:00-05:00,235.852,240.43,606.22,short: close 239.48 < lower 239.82,flatten
2018-04-03,1,12,2018-04-03 10:00:00-05:00,238.39200000000002,2018-04-03 10:30:00-05:00,238.048,236.9,-41.28,long: close 238.28 > upper 238.25,exit long: close 238.16 < upper 238.52
2018-04-05,1,15,2018-04-05 09:00:00-05:00,244.57920000000001,2018-04-05 10:00:00-05:00,244.38799999999998,243.4,-28.68,long: close 244.50 > upper 244.31,exit long: close 244.40 < upper 244.88
2018-04-05,1,9,2018-04-05 10:30:00-05:00,245.93200000000002,2018-04-05 11:30:00-05:00,245.12199999999999,243.96,-72.9,long: close 245.87 > upper 245.11,exit long: close 245.21 < upper 245.23
2018-04-06,-1,7,2018-04-06 11:30:00-05:00,240.3707,2018-04-06 12:00:00-05:00,241.982,243.1,-112.79,short: close 240.43 < lower 240.87,exit short: close 242.00 > lower 240.76
2018-04-06,-1,6,2018-04-06 13:00:00-05:00,239.19799999999998,2018-04-06 14:52:00-05:00,239.702,242.02,-30.24,short: close 239.27 < lower 240.78,flatten
2018-04-09,1,7,2018-04-09 11:30:00-05:00,242.68200000000002,2018-04-09 13:30:00-05:00,242.56799999999998,240.23000000000002,-7.98,long: close 242.71 > upper 242.59,exit long: close 242.67 < upper 243.24
2018-04-10,1,8,2018-04-10 09:30:00-05:00,244.042,2018-04-10 10:00:00-05:00,244.16799999999998,241.69,10.08,long: close 244.01 > upper 243.91,exit long: close 244.18 < upper 244.41
2018-04-12,1,12,2018-04-12 09:00:00-05:00,244.982,2018-04-12 10:00:00-05:00,244.32799999999997,243.49,-78.48,long: close 244.89 > upper 244.22,exit long: close 244.42 < upper 244.68
2018-04-12,1,8,2018-04-12 12:00:00-05:00,245.482,2018-04-12 12:30:00-05:00,244.088,243.22,-111.52,long: close 245.40 > upper 244.99,exit long: close 244.19 < upper 244.90
2018-04-13,-1,10,2018-04-13 10:00:00-05:00,243.53799999999998,2018-04-13 10:30:00-05:00,244.14200000000002,245.37,-60.4,short: close 243.68 < lower 243.76,exit short: close 244.12 > lower 243.44
2018-04-20,-1,17,2018-04-20 10:00:00-05:00,245.07799999999997,2018-04-20 13:00:00-05:00,244.7621,246.09,53.7,short: close 245.17 < lower 245.53,exit short: close 244.73 > lower 244.68
2018-04-20,-1,9,2018-04-20 13:30:00-05:00,244.56799999999998,2018-04-20 14:52:00-05:00,244.032,246.46,48.24,short: close 244.61 < lower 244.65,flatten
2018-04-24,-1,10,2018-04-24 11:00:00-05:00,242.75799999999998,2018-04-24 14:52:00-05:00,240.092,244.5,266.6,short: close 242.84 < lower 243.13,flatten
2018-04-25,-1,25,2018-04-25 09:00:00-05:00,238.298,2018-04-25 09:08:00-05:00,239.032,238.97,-183.5,short: close 238.32 < lower 239.51,stop
2018-04-25,-1,20,2018-04-25 09:30:00-05:00,239.16279999999998,2018-04-25 09:47:00-05:00,240.092,240.03,-185.84,short: close 239.19 < lower 239.30,stop
2018-04-26,1,16,2018-04-26 10:00:00-05:00,243.042,2018-04-26 10:47:00-05:00,241.868,241.93,-187.84,long: close 243.04 > upper 242.18,stop
2018-04-26,1,11,2018-04-26 11:30:00-05:00,242.842,2018-04-26 12:00:00-05:00,242.718,241.25,-13.64,long: close 242.77 > upper 242.66,exit long: close 242.73 < upper 242.73
2018-04-27,-1,19,2018-04-27 10:00:00-05:00,242.028,2018-04-27 10:28:00-05:00,242.98200000000003,242.92000000000002,-181.26,short: close 242.14 < lower 242.15,stop
2018-05-01,-1,15,2018-05-01 09:30:00-05:00,239.208,2018-05-01 13:00:00-05:00,239.482,240.4,-41.1,short: close 239.27 < lower 239.94,exit short: close 239.44 > lower 239.43
2018-05-03,-1,13,2018-05-03 09:30:00-05:00,236.32799999999997,2018-05-03 11:41:00-05:00,237.74200000000002,237.68,-183.82,short: close 236.39 < lower 237.16,stop
2018-05-04,1,14,2018-05-04 09:30:00-05:00,240.562,2018-05-04 14:52:00-05:00,242.286,239.31,241.36,long: close 240.47 > upper 239.89,flatten
2018-05-07,1,17,2018-05-07 09:00:00-05:00,244.65200000000002,2018-05-07 10:00:00-05:00,244.3072,243.66,-58.62,long: close 244.60 > upper 243.99,exit long: close 244.35 < upper 244.56
2018-05-10,1,13,2018-05-10 10:30:00-05:00,247.412,2018-05-10 13:00:00-05:00,247.338,246.03,-9.62,long: close 247.35 > upper 247.09,exit long: close 247.37 < upper 247.55
2018-05-11,1,23,2018-05-11 09:00:00-05:00,248.71200000000002,2018-05-11 09:30:00-05:00,248.528,248.0,-42.32,long: close 248.68 > upper 248.31,exit long: close 248.59 < upper 248.66
2018-05-15,-1,14,2018-05-15 09:00:00-05:00,247.028,2018-05-15 10:00:00-05:00,247.49200000000002,248.29,-64.96,short: close 247.10 < lower 247.42,exit short: close 247.37 > lower 246.97
2018-05-15,-1,10,2018-05-15 11:00:00-05:00,246.88799999999998,2018-05-15 12:00:00-05:00,247.43200000000002,248.62,-54.4,short: close 246.93 < lower 246.94,exit short: close 247.41 > lower 246.99
2018-05-21,1,9,2018-05-21 09:30:00-05:00,250.17200000000003,2018-05-21 10:30:00-05:00,249.69799999999998,248.18,-42.66,long: close 250.11 > upper 250.09,exit long: close 249.71 < upper 250.23
2018-05-24,-1,20,2018-05-24 09:00:00-05:00,247.118,2018-05-24 11:30:00-05:00,247.482,247.98000000000002,-72.8,short: close 247.22 < lower 247.53,exit short: close 247.41 > lower 247.26
2018-05-29,-1,11,2018-05-29 11:00:00-05:00,243.408,2018-05-29 14:52:00-05:00,243.632,244.98000000000002,-24.64,short: close 243.50 < lower 244.77,flatten
2018-05-30,1,12,2018-05-30 11:00:00-05:00,246.252,2018-05-30 14:52:00-05:00,246.583,244.73000000000002,39.72,long: close 246.21 > upper 245.84,flatten
2018-05-31,-1,20,2018-05-31 09:00:00-05:00,245.09799999999998,2018-05-31 14:52:00-05:00,244.342,245.97,151.2,short: close 245.16 < lower 245.48,flatten
2018-06-04,1,15,2018-06-04 09:00:00-05:00,248.55200000000002,2018-06-04 09:30:00-05:00,248.09799999999998,247.38,-68.1,long: close 248.44 > upper 248.23,exit long: close 248.17 < upper 248.37
2018-06-04,1,15,2018-06-04 10:30:00-05:00,248.3692,2018-06-04 11:00:00-05:00,248.28799999999998,247.18,-12.18,long: close 248.32 > upper 248.24,exit long: close 248.36 < upper 248.37
2018-06-05,-1,25,2018-06-05 11:00:00-05:00,247.398,2018-06-05 11:30:00-05:00,247.57840000000002,248.07,-45.1,short: close 247.47 < lower 247.51,exit short: close 247.51 > lower 247.37
2018-06-06,1,17,2018-06-06 10:30:00-05:00,249.92200000000003,2018-06-06 14:52:00-05:00,251.1032,248.88,200.8,long: close 249.85 > upper 249.73,flatten
2018-06-07,1,19,2018-06-07 10:30:00-05:00,252.96200000000002,2018-06-07 11:00:00-05:00,252.798,252.08,-31.16,long: close 252.89 > upper 252.74,exit long: close 252.87 < upper 252.89
2018-06-07,1,15,2018-06-07 11:30:00-05:00,253.092,2018-06-07 12:00:00-05:00,252.658,251.93,-65.1,long: close 253.03 > upper 253.02,exit long: close 252.71 < upper 252.91
2018-06-15,-1,14,2018-06-15 09:30:00-05:00,249.50799999999998,2018-06-15 12:00:00-05:00,249.55700000000002,250.72,-6.86,short: close 249.58 < lower 249.91,exit short: close 249.51 > lower 249.48
2018-06-15,-1,11,2018-06-15 13:00:00-05:00,249.34799999999998,2018-06-15 13:29:00-05:00,251.102,251.04,-192.94,short: close 249.39 < lower 249.43,stop
2018-06-19,-1,9,2018-06-19 09:00:00-05:00,246.10799999999998,2018-06-19 10:00:00-05:00,246.39200000000002,248.04,-25.56,short: close 246.21 < lower 246.22,exit short: close 246.35 > lower 246.03
2018-06-21,-1,25,2018-06-21 09:00:00-05:00,245.238,2018-06-21 14:52:00-05:00,244.6173,245.89000000000001,155.17,short: close 245.31 < lower 245.51,flatten
2018-06-25,-1,16,2018-06-25 09:00:00-05:00,242.84799999999998,2018-06-25 14:52:00-05:00,242.662,243.91,29.76,short: close 242.94 < lower 243.87,flatten
2018-06-27,1,24,2018-06-27 09:00:00-05:00,244.3015,2018-06-27 11:45:00-05:00,243.548,243.61,-180.84,long: close 244.23 > upper 243.66,stop
2018-06-28,1,17,2018-06-28 13:00:00-05:00,241.95360000000002,2018-06-28 14:52:00-05:00,241.938,240.95000000000002,-2.65,long: close 241.87 > upper 241.78,flatten
2018-06-29,1,16,2018-06-29 09:00:00-05:00,244.30200000000002,2018-06-29 13:30:00-05:00,244.238,243.18,-10.24,long: close 244.21 > upper 243.89,exit long: close 244.32 < upper 244.36
2018-07-03,-1,14,2018-07-03 12:00:00-05:00,241.59799999999998,2018-07-03 14:59:00-05:00,241.592,242.9,0.84,short: close 241.84 < lower 242.17,flatten
2018-07-06,1,19,2018-07-06 10:30:00-05:00,244.762,2018-07-06 14:52:00-05:00,244.268,243.85,-93.86,long: close 244.70 > upper 244.33,flatten
2018-07-09,1,16,2018-07-09 09:00:00-05:00,246.562,2018-07-09 14:52:00-05:00,247.7627,245.5,192.11,long: close 246.48 > upper 246.24,flatten
2018-07-13,1,20,2018-07-13 10:30:00-05:00,250.17200000000003,2018-07-13 13:30:00-05:00,250.19799999999998,249.33,5.2,long: close 250.12 > upper 250.10,exit long: close 250.28 < upper 250.35
2018-07-17,-1,34,2018-07-17 09:00:00-05:00,250.128,2018-07-17 09:30:00-05:00,250.3501,250.58,-75.51,short: close 250.15 < lower 250.15,exit short: close 250.29 > lower 250.01
2018-07-19,-1,22,2018-07-19 09:00:00-05:00,250.708,2018-07-19 09:30:00-05:00,250.96200000000002,251.46,-55.88,short: close 250.74 < lower 250.88,exit short: close 250.90 > lower 250.78
2018-07-24,1,18,2018-07-24 09:30:00-05:00,252.36200000000002,2018-07-24 12:30:00-05:00,251.908,251.42000000000002,-81.72,long: close 252.29 > upper 251.70,exit long: close 251.97 < upper 252.01
2018-07-26,1,27,2018-07-26 09:00:00-05:00,255.562,2018-07-26 11:30:00-05:00,255.10799999999998,254.95000000000002,-122.58,long: close 255.49 > upper 254.85,exit long: close 255.16 < upper 255.26
2018-07-26,1,19,2018-07-26 12:30:00-05:00,255.352,2018-07-26 14:30:00-05:00,255.07799999999997,254.46,-52.06,long: close 255.29 > upper 255.13,exit long: close 255.13 < upper 255.22
2018-07-27,-1,27,2018-07-27 12:00:00-05:00,253.768,2018-07-27 13:01:00-05:00,254.442,254.38,-181.98,short: close 253.84 < lower 254.49,stop
2018-07-27,-1,29,2018-07-27 13:30:00-05:00,253.838,2018-07-27 14:13:00-05:00,254.46200000000002,254.4,-180.96,short: close 253.94 < lower 254.55,stop
2018-07-30,-1,30,2018-07-30 10:30:00-05:00,253.838,2018-07-30 14:52:00-05:00,253.012,254.38,247.8,short: close 253.89 < lower 253.90,flatten
2018-07-31,1,20,2018-07-31 11:00:00-05:00,254.442,2018-07-31 14:30:00-05:00,254.088,253.57,-70.8,long: close 254.36 > upper 254.16,exit long: close 254.15 < upper 254.29
2018-08-01,1,41,2018-08-01 09:30:00-05:00,254.46200000000002,2018-08-01 10:00:00-05:00,254.35799999999998,254.1,-42.64,long: close 254.43 > upper 254.29,exit long: close 254.39 < upper 254.43
2018-08-01,-1,25,2018-08-01 11:30:00-05:00,253.028,2018-08-01 12:01:00-05:00,253.352,253.69,-81.0,short: close 253.13 < lower 253.28,exit short: close 253.27 > lower 253.22
2018-08-03,1,47,2018-08-03 09:00:00-05:00,253.512,2018-08-03 11:00:00-05:00,253.50799999999998,253.21,-1.88,long: close 253.45 > upper 253.37,exit long: close 253.55 < upper 253.62
2018-08-03,1,23,2018-08-03 11:30:00-05:00,254.012,2018-08-03 14:52:00-05:00,254.19799999999998,253.3,42.78,long: close 253.93 > upper 253.78,flatten
2018-08-06,-1,38,2018-08-06 09:00:00-05:00,253.808,2018-08-06 09:48:00-05:00,254.26200000000003,254.20000000000002,-172.52,short: close 253.84 < lower 253.92,stop
2018-08-07,1,20,2018-08-07 09:00:00-05:00,256.402,2018-08-07 10:30:00-05:00,256.318,255.55,-16.8,long: close 256.31 > upper 256.26,exit long: close 256.38 < upper 256.41
2018-08-10,-1,17,2018-08-10 09:00:00-05:00,253.00799999999998,2018-08-10 10:00:00-05:00,253.452,254.02,-75.48,short: close 253.07 < lower 253.41,exit short: close 253.38 > lower 253.31
2018-08-10,-1,13,2018-08-10 13:00:00-05:00,252.648,2018-08-10 14:30:00-05:00,253.61200000000002,254.04,-125.32,short: close 252.69 < lower 253.03,exit short: close 253.49 > lower 252.98
2018-08-13,-1,31,2018-08-13 10:30:00-05:00,252.75799999999998,2018-08-13 13:30:00-05:00,252.93200000000002,253.27,-53.94,short: close 252.83 < lower 252.93,exit short: close 252.86 > lower 252.55
2018-08-14,1,25,2018-08-14 10:00:00-05:00,253.252,2018-08-14 11:00:00-05:00,252.9022,252.6,-87.45,long: close 253.20 > upper 253.06,exit long: close 252.88 < upper 253.29
2018-08-15,-1,17,2018-08-15 09:00:00-05:00,250.768,2018-08-15 12:00:00-05:00,251.27200000000002,251.76000000000002,-85.68,short: close 250.83 < lower 251.52,exit short: close 251.17 > lower 251.07
2018-08-15,-1,12,2018-08-15 12:30:00-05:00,250.968,2018-08-15 14:00:00-05:00,251.15200000000002,252.39000000000001,-22.08,short: close 251.01 < lower 251.09,exit short: close 251.07 > lower 251.06
2018-08-16,1,11,2018-08-16 09:00:00-05:00,255.18200000000002,2018-08-16 14:52:00-05:00,255.69799999999998,253.61,56.76,long: close 255.12 > upper 254.69,flatten
2018-08-17,1,14,2018-08-17 13:30:00-05:00,256.922,2018-08-17 14:30:00-05:00,256.6355,255.68,-40.11,long: close 256.86 > upper 256.80,exit long: close 256.69 < upper 256.72
2018-08-20,1,21,2018-08-20 09:30:00-05:00,257.682,2018-08-20 10:00:00-05:00,257.08799999999997,256.89,-124.74,long: close 257.62 > upper 257.61,exit long: close 257.13 < upper 257.55
2018-08-23,-1,27,2018-08-23 10:30:00-05:00,256.178,2018-08-23 11:00:00-05:00,256.262,256.79,-22.68,short: close 256.24 < lower 256.37,exit short: close 256.19 > lower 256.17
2018-08-24,1,23,2018-08-24 10:00:00-05:00,257.85200000000003,2018-08-24 13:00:00-05:00,257.768,257.11,-19.32,long: close 257.80 > upper 257.59,exit long: close 257.83 < upper 257.88
2018-08-27,1,15,2018-08-27 09:00:00-05:00,260.04200000000003,2018-08-27 14:52:00-05:00,260.27799999999996,258.9,35.4,long: close 259.94 > upper 259.72,flatten
2018-08-29,1,27,2018-08-29 10:30:00-05:00,261.642,2018-08-29 11:30:00-05:00,261.498,261.04,-38.88,long: close 261.58 > upper 261.36,exit long: close 261.56 < upper 261.59
2018-08-29,1,22,2018-08-29 12:00:00-05:00,261.66200000000003,2018-08-29 12:30:00-05:00,261.318,260.89,-75.68,long: close 261.58 > upper 261.53,exit long: close 261.43 < upper 261.53
2018-08-30,-1,15,2018-08-30 13:30:00-05:00,259.758,2018-08-30 14:52:00-05:00,259.982,260.96,-33.6,short: close 259.82 < lower 259.85,flatten
2018-09-04,-1,26,2018-09-04 09:00:00-05:00,258.438,2018-09-04 09:16:00-05:00,259.122,259.06,-177.84,short: close 258.46 < lower 258.88,stop
2018-09-06,1,35,2018-09-06 09:00:00-05:00,261.022,2018-09-06 09:08:00-05:00,260.518,260.58,-176.4,long: close 260.96 > upper 260.48,stop
2018-09-06,-1,32,2018-09-06 10:30:00-05:00,259.358,2018-09-06 10:51:00-05:00,259.922,259.86,-180.48,short: close 259.41 < lower 259.54,stop
2018-09-07,-1,17,2018-09-07 11:30:00-05:00,258.628,2018-09-07 12:00:00-05:00,259.072,259.65,-75.48,short: close 258.76 < lower 258.82,exit short: close 259.01 > lower 258.87
2018-09-07,-1,18,2018-09-07 13:00:00-05:00,258.788,2018-09-07 13:29:00-05:00,259.802,259.74,-182.52,short: close 258.88 < lower 258.90,stop
2018-09-10,-1,18,2018-09-10 12:01:00-05:00,258.978,2018-09-10 12:30:00-05:00,259.32390000000004,259.96,-62.26,short: close 259.02 < lower 259.05,exit short: close 259.28 > lower 259.08
2018-09-11,1,20,2018-09-11 10:30:00-05:00,259.572,2018-09-11 14:52:00-05:00,259.888,258.74,63.2,long: close 259.52 > upper 259.35,flatten
2018-09-12,1,28,2018-09-12 10:30:00-05:00,261.54200000000003,2018-09-12 10:50:00-05:00,260.908,260.97,-177.52,long: close 261.48 > upper 260.66,stop
2018-09-12,1,22,2018-09-12 12:00:00-05:00,260.971,2018-09-12 12:30:00-05:00,260.52799999999996,260.21,-97.46,long: close 260.90 > upper 260.84,exit long: close 260.60 < upper 260.80
2018-09-13,1,18,2018-09-13 09:00:00-05:00,261.992,2018-09-13 09:30:00-05:00,261.538,261.05,-81.72,long: close 261.93 > upper 261.78,exit long: close 261.61 < upper 261.81
2018-09-18,1,33,2018-09-18 09:00:00-05:00,261.812,2018-09-18 09:02:00-05:00,261.278,261.34000000000003,-176.22,long: close 261.66 > upper 261.59,stop
2018-09-18,1,34,2018-09-18 09:30:00-05:00,261.902,2018-09-18 14:52:00-05:00,262.8265,261.44,314.33,long: close 261.84 > upper 261.58,flatten
2018-09-19,1,34,2018-09-19 09:00:00-05:00,264.16200000000003,2018-09-19 14:52:00-05:00,264.488,263.7,110.84,long: close 264.10 > upper 263.45,flatten
2018-09-20,1,14,2018-09-20 10:00:00-05:00,266.682,2018-09-20 14:52:00-05:00,266.868,265.39,26.04,long: close 266.60 > upper 266.50,flatten
2018-09-24,-1,26,2018-09-24 09:30:00-05:00,265.788,2018-09-24 14:52:00-05:00,265.622,266.43,43.16,short: close 265.88 < lower 266.23,flatten
2018-09-27,1,17,2018-09-27 11:00:00-05:00,265.212,2018-09-27 12:30:00-05:00,264.888,264.19,-55.08,long: close 265.16 > upper 265.01,exit long: close 264.96 < upper 265.13
2018-10-01,1,14,2018-10-01 09:00:00-05:00,266.66200000000003,2018-10-01 11:30:00-05:00,266.30469999999997,265.39,-50.02,long: close 266.57 > upper 266.51,exit long: close 266.38 < upper 266.97
2018-10-02,1,22,2018-10-02 10:00:00-05:00,267.16200000000003,2018-10-02 14:52:00-05:00,267.52799999999996,266.39,80.52,long: close 267.08 > upper 267.05,flatten
2018-10-04,-1,28,2018-10-04 09:00:00-05:00,266.95799999999997,2018-10-04 14:52:00-05:00,266.242,267.55,200.48,short: close 267.04 < lower 267.30,flatten
2018-10-05,-1,19,2018-10-05 10:00:00-05:00,265.098,2018-10-05 14:52:00-05:00,264.622,265.98,90.44,short: close 265.17 < lower 265.37,flatten
2018-10-10,-1,31,2018-10-10 09:00:00-05:00,262.21799999999996,2018-10-10 14:52:00-05:00,257.502,262.73,1461.96,short: close 262.26 < lower 263.62,flatten
2018-10-11,-1,11,2018-10-11 10:30:00-05:00,253.588,2018-10-11 11:00:00-05:00,254.592,255.22,-110.44,short: close 253.65 < lower 253.79,exit short: close 254.54 > lower 253.60
2018-10-11,-1,9,2018-10-11 13:30:00-05:00,253.03799999999998,2018-10-11 14:52:00-05:00,251.762,255.0,114.84,short: close 253.06 < lower 253.47,flatten
2018-10-16,1,9,2018-10-16 10:00:00-05:00,255.80200000000002,2018-10-16 14:52:00-05:00,257.7151,253.76000000000002,172.18,long: close 255.71 > upper 255.54,flatten
2018-10-17,-1,17,2018-10-17 09:00:00-05:00,255.72799999999998,2018-10-17 10:30:00-05:00,256.432,256.76,-119.68,short: close 255.85 < lower 256.34,exit short: close 256.33 > lower 255.73
2018-10-18,-1,16,2018-10-18 09:00:00-05:00,255.22799999999998,2018-10-18 09:30:00-05:00,255.96200000000002,256.3,-117.44,short: close 255.39 < lower 255.48,exit short: close 255.94 > lower 255.21
2018-10-18,-1,11,2018-10-18 11:00:00-05:00,253.57799999999997,2018-10-18 14:52:00-05:00,253.52200000000002,255.27,6.16,short: close 253.67 < lower 254.86,flatten
2018-10-19,1,20,2018-10-19 09:00:00-05:00,255.412,2018-10-19 10:30:00-05:00,254.778,254.54,-126.8,long: close 255.33 > upper 254.87,exit long: close 254.87 < upper 255.41
2018-10-22,-1,16,2018-10-22 09:00:00-05:00,253.50799999999998,2018-10-22 10:00:00-05:00,254.202,254.61,-111.04,short: close 253.56 < lower 253.57,exit short: close 254.16 > lower 253.22
2018-10-22,-1,10,2018-10-22 11:00:00-05:00,252.708,2018-10-22 12:00:00-05:00,252.99200000000002,254.47,-28.4,short: close 252.72 < lower 252.91,exit short: close 252.94 > lower 252.89
2018-10-24,-1,13,2018-10-24 10:00:00-05:00,250.28799999999998,2018-10-24 11:00:00-05:00,251.292,251.63,-130.52,short: close 250.37 < lower 250.75,exit short: close 251.21 > lower 250.32
2018-10-24,-1,9,2018-10-24 12:30:00-05:00,249.528,2018-10-24 13:30:00-05:00,250.162,251.5,-57.06,short: close 249.57 < lower 250.13,exit short: close 250.07 > lower 249.96
2018-10-25,1,10,2018-10-25 09:30:00-05:00,248.43210000000002,2018-10-25 10:00:00-05:00,248.238,246.66,-19.41,long: close 248.39 > upper 248.29,exit long: close 248.31 < upper 248.36
2018-10-25,1,9,2018-10-25 10:30:00-05:00,249.71110000000002,2018-10-25 11:30:00-05:00,248.38799999999998,247.62,-119.08,long: close 249.63 > upper 248.61,exit long: close 248.52 < upper 248.63
2018-10-26,-1,8,2018-10-26 09:30:00-05:00,246.00799999999998,2018-10-26 10:30:00-05:00,246.36200000000002,248.22,-28.32,short: close 246.12 < lower 246.37,exit short: close 246.12 > lower 246.06
2018-10-29,1,9,2018-10-29 09:30:00-05:00,250.012,2018-10-29 10:00:00-05:00,249.558,247.95000000000002,-40.86,long: close 249.88 > upper 249.75,exit long: close 249.54 < upper 249.91
2018-10-30,1,22,2018-10-30 09:00:00-05:00,246.67200000000003,2018-10-30 09:36:00-05:00,245.81799999999998,245.91,-187.88,long: close 246.57 > upper 245.17,stop
2018-10-30,1,14,2018-10-30 10:00:00-05:00,245.792,2018-10-30 12:00:00-05:00,245.308,244.55,-67.76,long: close 245.67 > upper 245.66,exit long: close 245.41 < upper 245.87
2018-10-31,1,8,2018-10-31 09:30:00-05:00,252.1697,2018-10-31 10:00:00-05:00,251.50799999999998,249.92000000000002,-52.94,long: close 252.11 > upper 252.03,exit long: close 251.54 < upper 252.08
2018-10-31,1,6,2018-10-31 13:30:00-05:00,252.86200000000002,2018-10-31 14:00:00-05:00,252.778,249.97,-5.04,long: close 252.80 > upper 252.68,exit long: close 252.85 < upper 253.19
2018-11-02,-1,9,2018-11-02 11:30:00-05:00,252.438,2018-11-02 13:30:00-05:00,252.722,254.36,-25.56,short: close 252.47 < lower 252.60,exit short: close 252.61 > lower 252.02
2018-11-05,1,13,2018-11-05 10:00:00-06:00,254.122,2018-11-05 10:30:00-06:00,253.548,252.71,-74.62,long: close 254.13 > upper 254.07,exit long: close 253.64 < upper 254.27
2018-11-05,1,9,2018-11-05 13:30:00-06:00,254.752,2018-11-05 14:00:00-06:00,254.66799999999998,252.76000000000002,-7.56,long: close 254.68 > upper 254.65,exit long: close 254.68 < upper 254.98
2018-11-07,1,7,2018-11-07 12:00:00-06:00,259.982,2018-11-07 13:00:00-06:00,259.71799999999996,257.44,-18.48,long: close 259.93 > upper 259.83,exit long: close 259.77 < upper 260.18
2018-11-07,1,6,2018-11-07 13:30:00-06:00,260.682,2018-11-07 14:52:00-06:00,261.348,257.82,39.96,long: close 260.68 > upper 260.15,flatten
2018-11-09,-1,9,2018-11-09 11:00:00-06:00,259.638,2018-11-09 12:00:00-06:00,259.832,261.52,-17.46,short: close 259.67 < lower 259.76,exit short: close 259.82 > lower 259.68
2018-11-09,-1,8,2018-11-09 13:30:00-06:00,259.098,2018-11-09 14:00:00-06:00,260.052,261.37,-76.32,short: close 259.15 < lower 259.37,exit short: close 259.91 > lower 258.98
2018-11-12,-1,21,2018-11-12 09:00:00-06:00,258.08799999999997,2018-11-12 14:52:00-06:00,254.27200000000002,258.91,801.36,short: close 258.23 < lower 259.07,flatten
2018-11-13,-1,15,2018-11-13 09:30:00-06:00,252.378,2018-11-13 09:57:00-06:00,253.57200000000003,253.51000000000002,-179.1,short: close 252.45 < lower 252.90,stop
2018-11-14,-1,7,2018-11-14 12:00:00-06:00,251.298,2018-11-14 14:00:00-06:00,252.322,253.74,-71.68,short: close 251.38 < lower 251.65,exit short: close 252.28 > lower 251.16
2018-11-15,1,8,2018-11-15 13:30:00-06:00,253.632,2018-11-15 14:30:00-06:00,252.32799999999997,251.37,-104.32,long: close 253.59 > upper 252.94,exit long: close 252.40 < upper 253.24
2018-11-19,-1,15,2018-11-19 09:30:00-06:00,251.53799999999998,2018-11-19 14:52:00-06:00,249.542,252.68,299.4,short: close 251.68 < lower 252.70,flatten
2018-11-20,-1,7,2018-11-20 09:00:00-06:00,245.158,2018-11-20 10:00:00-06:00,246.77200000000002,247.56,-112.98,short: close 245.28 < lower 245.80,exit short: close 246.73 > lower 245.22
2018-11-26,1,11,2018-11-26 09:00:00-06:00,246.662,2018-11-26 10:30:00-06:00,245.97799999999998,245.05,-75.24,long: close 246.54 > upper 245.42,exit long: close 246.00 < upper 246.05
2018-11-28,1,9,2018-11-28 11:30:00-06:00,252.287,2018-11-28 14:52:00-06:00,253.56799999999998,250.25,115.29,long: close 252.10 > upper 250.34,flatten
2018-11-29,-1,16,2018-11-29 10:00:00-06:00,252.53799999999998,2018-11-29 10:30:00-06:00,252.972,253.6,-69.44,short: close 252.58 < lower 252.62,exit short: close 252.91 > lower 252.37
2018-12-04,-1,16,2018-12-04 09:00:00-06:00,256.71799999999996,2018-12-04 09:30:00-06:00,257.052,257.79,-53.44,short: close 256.83 < lower 257.06,exit short: close 257.01 > lower 256.74
2018-12-04,-1,11,2018-12-04 11:00:00-06:00,256.038,2018-12-04 14:52:00-06:00,250.651,257.63,592.57,short: close 256.16 < lower 256.54,flatten
2018-12-06,-1,5,2018-12-06 10:00:00-06:00,244.558,2018-12-06 11:30:00-06:00,245.89200000000002,247.79,-66.7,short: close 244.64 < lower 245.38,exit short: close 245.84 > lower 245.02
2018-12-07,1,23,2018-12-07 09:00:00-06:00,250.71200000000002,2018-12-07 09:10:00-06:00,249.928,249.99,-180.32,long: close 250.56 > upper 250.45,stop
2018-12-07,-1,21,2018-12-07 09:30:00-06:00,248.25799999999998,2018-12-07 14:52:00-06:00,244.782,249.08,729.96,short: close 248.38 < lower 248.91,flatten
2018-12-10,-1,20,2018-12-10 09:00:00-06:00,242.13799999999998,2018-12-10 09:06:00-06:00,243.072,243.01,-186.8,short: close 242.20 < lower 243.27,stop
2018-12-10,-1,18,2018-12-10 09:30:00-06:00,242.588,2018-12-10 12:00:00-06:00,242.632,243.56,-7.92,short: close 242.77 < lower 243.17,exit short: close 242.52 > lower 242.45
2018-12-13,1,18,2018-12-13 09:30:00-06:00,247.192,2018-12-13 09:51:00-06:00,246.178,246.24,-182.52,long: close 247.09 > upper 247.08,stop
2018-12-14,-1,7,2018-12-14 11:00:00-06:00,241.798,2018-12-14 11:30:00-06:00,242.502,244.39000000000001,-49.28,short: close 241.88 < lower 242.63,exit short: close 242.45 > lower 242.31
2018-12-14,-1,7,2018-12-14 12:00:00-06:00,242.28799999999998,2018-12-14 14:52:00-06:00,241.18200000000002,244.94,77.42,short: close 242.35 < lower 242.57,flatten
2018-12-17,-1,6,2018-12-17 13:00:00-06:00,237.688,2018-12-17 14:52:00-06:00,235.942,240.53,104.76,short: close 237.78 < lower 237.93,flatten
2018-12-18,1,11,2018-12-18 09:00:00-06:00,239.562,2018-12-18 10:00:00-06:00,238.38799999999998,237.96,-129.14,long: close 239.53 > upper 239.11,exit long: close 238.40 < upper 239.51
2018-12-19,1,20,2018-12-19 09:00:00-06:00,238.752,2018-12-19 12:30:00-06:00,239.22799999999998,237.92000000000002,95.2,long: close 238.61 > upper 238.26,exit long: close 239.20 < upper 239.40
2018-12-19,1,8,2018-12-19 13:00:00-06:00,241.062,2018-12-19 13:00:00-06:00,238.75799999999998,238.82,-184.32,long: close 241.00 > upper 239.67,stop
2018-12-20,-1,8,2018-12-20 11:00:00-06:00,229.998,2018-12-20 11:30:00-06:00,231.14200000000002,232.15,-91.52,short: close 230.03 < lower 231.00,exit short: close 231.11 > lower 230.79
2018-12-20,-1,8,2018-12-20 12:00:00-06:00,230.208,2018-12-20 14:52:00-06:00,228.14200000000002,232.37,165.28,short: close 230.26 < lower 231.00,flatten
2018-12-21,1,25,2018-12-21 09:30:00-06:00,231.442,2018-12-21 09:36:00-06:00,230.708,230.77,-183.5,long: close 231.36 > upper 229.68,stop
2018-12-21,1,16,2018-12-21 10:00:00-06:00,230.202,2018-12-21 10:07:00-06:00,229.078,229.14000000000001,-179.84,long: close 230.14 > upper 230.06,stop
2018-12-24,-1,11,2018-12-24 09:00:00-06:00,221.03799999999998,2018-12-24 09:40:00-06:00,222.692,222.63,-181.94,short: close 221.14 < lower 221.76,stop
2018-12-24,-1,7,2018-12-24 10:30:00-06:00,220.16799999999998,2018-12-24 14:27:00-06:00,217.062,222.55,217.42,short: close 220.29 < lower 220.96,session end
2018-12-26,1,6,2018-12-26 11:00:00-06:00,221.292,2018-12-26 14:52:00-06:00,227.118,218.54,349.56,long: close 221.23 > upper 220.86,flatten
2018-12-27,-1,7,2018-12-27 09:30:00-06:00,223.748,2018-12-27 10:00:00-06:00,224.64200000000002,226.22,-62.58,short: close 223.75 < lower 224.65,exit short: close 224.59 > lower 224.48
2018-12-27,-1,5,2018-12-27 13:30:00-06:00,223.058,2018-12-27 14:00:00-06:00,225.42200000000003,226.8,-118.2,short: close 223.16 < lower 223.39,exit short: close 225.33 > lower 223.03
2019-01-03,-1,10,2019-01-03 09:00:00-06:00,230.058,2019-01-03 12:00:00-06:00,229.502,231.77,55.6,short: close 230.18 < lower 230.60,exit short: close 229.44 > lower 229.33
2019-01-03,-1,6,2019-01-03 12:30:00-06:00,228.128,2019-01-03 14:52:00-06:00,227.502,231.24,37.56,short: close 228.20 < lower 229.20,flatten
2019-01-04,1,8,2019-01-04 09:00:00-06:00,231.58200000000002,2019-01-04 14:52:00-06:00,234.058,229.33,198.08,long: close 231.49 > upper 230.68,flatten
2019-01-15,1,12,2019-01-15 11:00:00-06:00,240.562,2019-01-15 12:00:00-06:00,240.338,239.06,-26.88,long: close 240.48 > upper 240.47,exit long: close 240.44 < upper 241.12
2019-01-18,1,8,2019-01-18 11:30:00-06:00,247.282,2019-01-18 12:00:00-06:00,247.09799999999998,244.92000000000002,-14.72,long: close 247.20 > upper 247.05,exit long: close 247.14 < upper 247.32
2019-01-22,-1,8,2019-01-22 11:00:00-06:00,243.798,2019-01-22 11:30:00-06:00,244.072,245.96,-21.92,short: close 243.86 < lower 244.00,exit short: close 243.98 > lower 243.91
2019-01-22,-1,7,2019-01-22 12:30:00-06:00,243.13799999999998,2019-01-22 14:52:00-06:00,243.24200000000002,245.67000000000002,-7.28,short: close 243.18 < lower 243.63,flatten
2019-01-28,-1,10,2019-01-28 09:00:00-06:00,243.75799999999998,2019-01-28 09:30:00-06:00,244.382,245.55,-62.4,short: close 243.84 < lower 244.21,exit short: close 244.33 > lower 244.08
2019-01-28,-1,9,2019-01-28 10:00:00-06:00,243.91799999999998,2019-01-28 10:30:00-06:00,244.222,245.86,-27.36,short: close 244.00 < lower 244.05,exit short: close 244.13 > lower 244.06
2019-01-29,1,28,2019-01-29 09:00:00-06:00,246.342,2019-01-29 09:15:00-06:00,245.688,245.75,-183.12,long: close 246.29 > upper 245.86,stop
2019-01-29,1,24,2019-01-29 09:30:00-06:00,246.64200000000002,2019-01-29 09:48:00-06:00,245.878,245.94,-183.36,long: close 246.56 > upper 245.97,stop
2019-01-30,1,8,2019-01-30 13:30:00-06:00,250.062,2019-01-30 14:52:00-06:00,249.798,247.82,-21.12,long: close 250.00 > upper 249.31,flatten
2019-02-01,1,19,2019-02-01 09:30:00-06:00,251.757,2019-02-01 10:00:00-06:00,250.75799999999998,250.84,-189.81,long: close 251.67 > upper 251.27,exit long: close 250.86 < upper 251.21
2019-02-01,1,18,2019-02-01 10:30:00-06:00,251.38490000000002,2019-02-01 11:00:00-06:00,251.628,250.45000000000002,43.76,long: close 251.33 > upper 251.28,exit long: close 251.69 < upper 251.75
2019-02-04,1,19,2019-02-04 13:00:00-06:00,251.502,2019-02-04 14:52:00-06:00,251.588,250.59,16.34,long: close 251.46 > upper 251.38,flatten
2019-02-05,1,17,2019-02-05 10:00:00-06:00,254.092,2019-02-05 10:30:00-06:00,253.468,253.08,-106.08,long: close 253.95 > upper 253.83,exit long: close 253.55 < upper 253.95
2019-02-07,-1,15,2019-02-07 10:00:00-06:00,251.708,2019-02-07 14:52:00-06:00,251.792,252.88,-12.6,short: close 251.81 < lower 251.96,flatten
2019-02-08,-1,14,2019-02-08 09:30:00-06:00,249.81799999999998,2019-02-08 11:00:00-06:00,249.942,251.06,-17.36,short: close 249.89 < lower 249.97,exit short: close 249.87 > lower 249.49
2019-02-12,1,13,2019-02-12 09:00:00-06:00,253.342,2019-02-12 09:30:00-06:00,253.03799999999998,251.97,-39.52,long: close 253.24 > upper 253.15,exit long: close 253.03 < upper 253.36
2019-02-12,1,12,2019-02-12 10:00:00-06:00,253.61200000000002,2019-02-12 14:52:00-06:00,254.368,252.1,90.72,long: close 253.53 > upper 253.29,flatten
2019-02-13,1,19,2019-02-13 09:00:00-06:00,256.112,2019-02-13 09:30:00-06:00,256.068,255.20000000000002,-8.36,long: close 256.05 > upper 255.94,exit long: close 256.13 < upper 256.13
2019-02-13,1,17,2019-02-13 10:00:00-06:00,256.35200000000003,2019-02-13 10:30:00-06:00,255.498,255.33,-145.18,long: close 256.26 > upper 256.05,exit long: close 255.56 < upper 256.11
2019-02-15,1,17,2019-02-15 09:00:00-06:00,257.172,2019-02-15 14:52:00-06:00,258.238,256.16,181.22,long: close 257.12 > upper 256.58,flatten
2019-02-21,-1,20,2019-02-21 10:00:00-06:00,258.238,2019-02-21 11:00:00-06:00,258.892,259.07,-130.8,short: close 258.31 < lower 258.38,exit short: close 258.82 > lower 258.05
2019-02-21,-1,16,2019-02-21 13:30:00-06:00,258.018,2019-02-21 14:52:00-06:00,258.092,259.12,-11.84,short: close 258.09 < lower 258.12,flatten
2019-02-22,1,17,2019-02-22 10:00:00-06:00,259.942,2019-02-22 12:30:00-06:00,259.828,258.95,-19.38,long: close 259.87 > upper 259.84,exit long: close 259.90 < upper 259.96
2019-02-27,-1,19,2019-02-27 09:30:00-06:00,258.998,2019-02-27 10:30:00-06:00,259.492,259.91,-93.86,short: close 259.09 < lower 259.29,exit short: close 259.43 > lower 259.15
2019-02-28,1,42,2019-02-28 09:00:00-06:00,260.262,2019-02-28 09:05:00-06:00,259.848,259.91,-173.88,long: close 260.22 > upper 260.21,stop
2019-03-04,-1,14,2019-03-04 10:30:00-06:00,259.078,2019-03-04 14:52:00-06:00,258.0324,260.3,146.38,short: close 259.17 < lower 259.73,flatten
2019-03-05,-1,38,2019-03-05 09:00:00-06:00,257.628,2019-03-05 09:00:00-06:00,258.082,258.02,-172.52,short: close 257.70 < lower 257.88,stop
2019-03-06,-1,27,2019-03-06 09:30:00-06:00,257.498,2019-03-06 14:52:00-06:00,257.232,258.11,71.82,short: close 257.59 < lower 257.61,flatten
2019-03-07,-1,29,2019-03-07 09:00:00-06:00,254.618,2019-03-07 11:45:00-06:00,255.24200000000002,255.18,-180.96,short: close 254.71 < lower 256.08,stop
2019-03-07,-1,15,2019-03-07 13:00:00-06:00,255.208,2019-03-07 14:52:00-06:00,254.46200000000002,256.35,111.9,short: close 255.27 < lower 255.50,flatten
2019-03-11,1,11,2019-03-11 10:00:00-05:00,255.52200000000002,2019-03-11 11:30:00-05:00,255.408,253.91,-12.54,long: close 255.47 > upper 255.40,exit long: close 255.49 < upper 255.63
2019-03-11,1,10,2019-03-11 12:30:00-05:00,256.29200000000003,2019-03-11 14:52:00-05:00,256.62809999999996,254.45000000000002,33.61,long: close 256.21 > upper 255.63,flatten
2019-03-15,1,17,2019-03-15 11:30:00-05:00,258.772,2019-03-15 13:30:00-05:00,258.238,257.74,-90.78,long: close 258.69 > upper 258.59,exit long: close 258.30 < upper 258.56
2019-03-20,-1,23,2019-03-20 09:00:00-05:00,257.368,2019-03-20 09:30:00-05:00,257.962,258.08,-136.62,short: close 257.46 < lower 257.97,exit short: close 257.88 > lower 257.79
2019-03-20,-1,13,2019-03-20 11:00:00-05:00,257.008,2019-03-20 13:02:00-05:00,258.40200000000004,258.34000000000003,-181.22,short: close 257.06 < lower 257.35,stop
2019-03-21,1,15,2019-03-21 09:30:00-05:00,258.142,2019-03-21 14:52:00-05:00,259.368,256.97,183.9,long: close 258.07 > upper 258.02,flatten
2019-03-22,-1,12,2019-03-22 09:00:00-05:00,256.728,2019-03-22 14:00:00-05:00,256.872,258.18,-17.28,short: close 256.80 < lower 257.29,exit short: close 256.80 > lower 256.60
2019-03-25,-1,21,2019-03-25 09:00:00-05:00,253.68189999999998,2019-03-25 09:30:00-05:00,254.27200000000002,254.48000000000002,-123.92,short: close 253.76 < lower 254.02,exit short: close 254.21 > lower 253.92
2019-03-27,-1,16,2019-03-27 10:30:00-05:00,254.868,2019-03-27 12:30:00-05:00,255.822,255.98000000000002,-152.64,short: close 254.89 < lower 255.42,exit short: close 255.75 > lower 255.31
2019-04-04,1,23,2019-04-04 09:00:00-05:00,263.47200000000004,2019-04-04 12:00:00-05:00,263.08799999999997,262.74,-88.32,long: close 263.40 > upper 262.83,exit long: close 263.13 < upper 263.15
2019-04-04,1,17,2019-04-04 12:30:00-05:00,263.202,2019-04-04 13:00:00-05:00,263.21799999999996,262.2,2.72,long: close 263.13 > upper 263.11,exit long: close 263.25 < upper 263.27
2019-04-09,-1,14,2019-04-09 09:00:00-05:00,261.288,2019-04-09 09:30:00-05:00,261.6719,262.52,-53.75,short: close 261.33 < lower 261.50,exit short: close 261.65 > lower 261.61
2019-04-11,-1,18,2019-04-11 13:30:00-05:00,260.538,2019-04-11 14:30:00-05:00,261.062,261.48,-94.32,short: close 260.58 < lower 260.87,exit short: close 260.98 > lower 260.90
2019-04-15,-1,38,2019-04-15 09:30:00-05:00,263.358,2019-04-15 10:30:00-05:00,263.592,263.76,-88.92,short: close 263.44 < lower 263.65,exit short: close 263.55 > lower 263.40
2019-04-15,-1,26,2019-04-15 11:00:00-05:00,263.328,2019-04-15 12:30:00-05:00,263.762,263.97,-112.84,short: close 263.39 < lower 263.41,exit short: close 263.72 > lower 263.49
2019-04-18,1,23,2019-04-18 11:30:00-05:00,265.632,2019-04-18 12:00:00-05:00,265.298,264.91,-76.82,long: close 265.58 > upper 265.47,exit long: close 265.37 < upper 265.51
2019-04-18,1,23,2019-04-18 12:30:00-05:00,265.6421,2019-04-18 14:52:00-05:00,265.478,264.9,-37.74,long: close 265.57 > upper 265.49,flatten
2019-04-23,1,22,2019-04-23 10:30:00-05:00,266.172,2019-04-23 14:52:00-05:00,266.33799999999997,265.41,36.52,long: close 266.12 > upper 266.03,flatten
2019-04-25,-1,13,2019-04-25 09:30:00-05:00,263.388,2019-04-25 10:00:00-05:00,263.78200000000004,264.78000000000003,-51.22,short: close 263.46 < lower 263.61,exit short: close 263.74 > lower 263.53
2019-04-30,-1,24,2019-04-30 10:00:00-05:00,264.728,2019-04-30 10:55:00-05:00,265.482,265.42,-180.96,short: close 264.82 < lower 265.02,stop
2019-05-02,-1,25,2019-05-02 10:30:00-05:00,262.4145,2019-05-02 13:23:00-05:00,263.132,263.07,-179.38,short: close 262.47 < lower 263.31,stop
2019-05-02,-1,21,2019-05-02 13:30:00-05:00,262.758,2019-05-02 14:52:00-05:00,262.902,263.57,-30.24,short: close 262.84 < lower 263.16,flatten
2019-05-03,1,13,2019-05-03 11:30:00-05:00,265.16200000000003,2019-05-03 12:00:00-05:00,264.89799999999997,263.83,-34.32,long: close 265.09 > upper 264.96,exit long: close 264.93 < upper 264.94
2019-05-03,1,14,2019-05-03 12:30:00-05:00,265.12190000000004,2019-05-03 14:52:00-05:00,265.018,263.85,-14.55,long: close 265.07 > upper 264.91,flatten
2019-05-07,-1,11,2019-05-07 10:00:00-05:00,260.568,2019-05-07 14:52:00-05:00,259.082,262.26,163.46,short: close 260.65 < lower 261.46,flatten
2019-05-08,1,26,2019-05-08 10:00:00-05:00,260.302,2019-05-08 10:33:00-05:00,259.618,259.68,-177.84,long: close 260.26 > upper 260.12,stop
2019-05-08,1,18,2019-05-08 12:00:00-05:00,260.60200000000003,2019-05-08 12:30:00-05:00,260.388,259.67,-38.52,long: close 260.50 > upper 260.43,exit long: close 260.41 < upper 260.50
2019-05-09,-1,14,2019-05-09 09:00:00-05:00,256.998,2019-05-09 11:30:00-05:00,257.242,258.29,-34.16,short: close 257.08 < lower 257.41,exit short: close 257.14 > lower 256.93
2019-05-10,-1,17,2019-05-10 09:30:00-05:00,256.45799999999997,2019-05-10 11:30:00-05:00,256.962,257.45,-85.68,short: close 256.54 < lower 257.03,exit short: close 256.93 > lower 256.76
2019-05-13,-1,5,2019-05-13 11:30:00-05:00,253.25799999999998,2019-05-13 13:30:00-05:00,254.002,256.66,-37.2,short: close 253.24 < lower 253.87,exit short: close 253.90 > lower 253.66
2019-05-14,1,18,2019-05-14 09:30:00-05:00,255.502,2019-05-14 14:52:00-05:00,255.908,254.52,73.08,long: close 255.43 > upper 254.98,flatten
2019-05-15,1,10,2019-05-15 11:00:00-05:00,257.142,2019-05-15 12:30:00-05:00,256.678,255.3,-46.4,long: close 257.04 > upper 256.79,exit long: close 256.71 < upper 256.86
2019-05-15,1,9,2019-05-15 13:00:00-05:00,257.202,2019-05-15 14:52:00-05:00,257.02799999999996,255.28,-15.66,long: close 257.16 > upper 256.87,flatten
2019-05-16,1,19,2019-05-16 09:00:00-05:00,259.16200000000003,2019-05-16 14:30:00-05:00,259.368,258.27,39.14,long: close 259.08 > upper 258.32,exit long: close 259.42 < upper 259.62
2019-05-23,-1,11,2019-05-23 09:00:00-05:00,253.78799999999998,2019-05-23 10:00:00-05:00,254.872,255.44,-119.24,short: close 253.85 < lower 254.84,exit short: close 254.82 > lower 254.07
2019-05-23,-1,7,2019-05-23 11:00:00-05:00,253.688,2019-05-23 14:30:00-05:00,254.64200000000002,256.24,-66.78,short: close 253.73 < lower 253.95,exit short: close 254.61 > lower 253.63
2019-05-28,1,29,2019-05-28 09:00:00-05:00,257.052,2019-05-28 09:18:00-05:00,256.438,256.5,-178.06,long: close 257.00 > upper 256.61,stop
2019-05-29,-1,14,2019-05-29 09:00:00-05:00,251.458,2019-05-29 09:30:00-05:00,252.21200000000002,252.70000000000002,-105.56,short: close 251.53 < lower 251.54,exit short: close 252.15 > lower 251.23
2019-05-29,-1,9,2019-05-29 10:30:00-05:00,250.6281,2019-05-29 13:30:00-05:00,250.96200000000002,252.57,-30.05,short: close 250.71 < lower 250.84,exit short: close 250.93 > lower 250.84
2019-06-03,1,24,2019-06-03 09:30:00-05:00,249.312,2019-06-03 10:30:00-05:00,248.94799999999998,248.62,-87.36,long: close 249.22 > upper 249.03,exit long: close 249.03 < upper 249.38
2019-06-04,1,9,2019-06-04 09:30:00-05:00,251.90200000000002,2019-06-04 14:52:00-05:00,253.19299999999998,250.01000000000002,116.19,long: close 251.83 > upper 251.47,flatten
2019-06-07,1,19,2019-06-07 09:00:00-05:00,259.672,2019-06-07 14:52:00-05:00,260.118,258.76,84.74,long: close 259.60 > upper 258.97,flatten
2019-06-14,-1,29,2019-06-14 09:00:00-05:00,260.538,2019-06-14 09:22:00-05:00,261.16200000000003,261.1,-180.96,short: close 260.62 < lower 260.84,stop
2019-06-18,1,15,2019-06-18 09:00:00-05:00,264.982,2019-06-18 14:52:00-05:00,264.96799999999996,263.81,-2.1,long: close 264.85 > upper 263.61,flatten
2019-06-25,-1,30,2019-06-25 09:00:00-05:00,266.618,2019-06-25 10:00:00-05:00,266.512,267.15,31.8,short: close 266.66 < lower 266.75,exit short: close 266.44 > lower 266.44
2019-06-25,-1,20,2019-06-25 12:00:00-05:00,265.998,2019-06-25 14:52:00-05:00,265.242,266.84000000000003,151.2,short: close 266.08 < lower 266.45,flatten
2019-07-02,-1,33,2019-07-02 09:00:00-05:00,266.358,2019-07-02 09:25:00-05:00,266.892,266.83,-176.22,short: close 266.42 < lower 266.48,stop
2019-07-03,1,21,2019-07-03 11:00:00-05:00,269.182,2019-07-03 13:10:00-05:00,269.3288,268.36,30.83,long: close 269.12 > upper 268.85,session end
2019-07-05,-1,22,2019-07-05 09:00:00-05:00,268.048,2019-07-05 10:30:00-05:00,268.362,268.81,-69.08,short: close 268.09 < lower 268.27,exit short: close 268.30 > lower 268.06
2019-07-10,1,22,2019-07-10 09:00:00-05:00,269.802,2019-07-10 09:30:00-05:00,269.188,269.03000000000003,-135.08,long: close 269.71 > upper 269.13,exit long: close 269.22 < upper 269.31
2019-07-11,1,17,2019-07-11 10:30:00-05:00,270.5419,2019-07-11 13:00:00-05:00,270.158,269.52,-65.26,long: close 270.53 > upper 270.17,exit long: close 270.15 < upper 270.28
2019-07-12,1,23,2019-07-12 09:00:00-05:00,272.29900000000004,2019-07-12 10:00:00-05:00,272.008,271.59000000000003,-66.93,long: close 272.22 > upper 272.01,exit long: close 272.10 < upper 272.11
2019-07-12,1,19,2019-07-12 10:30:00-05:00,272.422,2019-07-12 14:52:00-05:00,273.068,271.52,122.74,long: close 272.35 > upper 272.20,flatten
2019-07-17,-1,38,2019-07-17 10:00:00-05:00,272.70799999999997,2019-07-17 10:49:00-05:00,273.172,273.11,-176.32,short: close 272.75 < lower 272.96,stop
2019-07-17,-1,30,2019-07-17 11:30:00-05:00,272.70799999999997,2019-07-17 12:03:00-05:00,272.982,273.25,-82.2,short: close 272.77 < lower 272.82,exit short: close 272.93 > lower 272.83
2019-07-18,-1,24,2019-07-18 11:00:00-05:00,270.908,2019-07-18 11:30:00-05:00,271.402,271.6,-118.56,short: close 270.97 < lower 271.23,exit short: close 271.32 > lower 271.11
2019-07-22,-1,30,2019-07-22 10:00:00-05:00,270.988,2019-07-22 10:30:00-05:00,271.182,271.52,-58.2,short: close 271.05 < lower 271.11,exit short: close 271.13 > lower 271.03
2019-07-23,1,18,2019-07-23 13:00:00-05:00,273.382,2019-07-23 13:30:00-05:00,273.128,272.4,-45.72,long: close 273.32 > upper 273.21,exit long: close 273.18 < upper 273.29
2019-07-25,-1,38,2019-07-25 09:00:00-05:00,271.248,2019-07-25 09:11:00-05:00,271.712,271.65,-176.32,short: close 271.33 < lower 272.15,stop
2019-07-25,-1,36,2019-07-25 09:30:00-05:00,271.758,2019-07-25 14:52:00-05:00,271.422,272.18,120.96,short: close 271.80 < lower 272.13,flatten
2019-07-29,1,41,2019-07-29 10:00:00-05:00,272.372,2019-07-29 11:30:00-05:00,272.253,272.01,-48.79,long: close 272.23 > upper 272.20,exit long: close 272.33 < upper 272.36
2019-07-29,1,33,2019-07-29 12:00:00-05:00,272.562,2019-07-29 13:30:00-05:00,272.238,272.09000000000003,-106.92,long: close 272.48 > upper 272.31,exit long: close 272.32 < upper 272.35
2019-08-01,1,34,2019-08-01 09:00:00-05:00,269.422,2019-08-01 12:34:00-05:00,268.89799999999997,268.96,-178.16,long: close 269.38 > upper 269.12,stop
2019-08-01,-1,28,2019-08-01 13:00:00-05:00,267.298,2019-08-01 14:52:00-05:00,265.78200000000004,267.89,424.48,short: close 267.38 < lower 268.06,flatten
2019-08-02,-1,28,2019-08-02 09:00:00-05:00,264.108,2019-08-02 14:26:00-05:00,264.752,264.69,-180.32,short: close 264.14 < lower 264.94,stop
2019-08-05,-1,8,2019-08-05 09:00:00-05:00,259.95799999999997,2019-08-05 14:52:00-05:00,257.182,262.23,222.08,short: close 260.05 < lower 260.64,flatten
2019-08-06,1,10,2019-08-06 13:30:00-05:00,259.892,2019-08-06 14:00:00-05:00,259.448,258.16,-44.4,long: close 259.83 > upper 259.57,exit long: close 259.47 < upper 259.80
2019-08-07,-1,9,2019-08-07 09:00:00-05:00,255.44799999999998,2019-08-07 09:50:00-05:00,257.502,257.44,-184.86,short: close 255.51 < lower 256.73,stop
2019-08-08,1,12,2019-08-08 10:00:00-05:00,262.22200000000004,2019-08-08 14:52:00-05:00,263.6451,260.76,170.77,long: close 262.19 > upper 262.19,flatten
2019-08-09,-1,18,2019-08-09 09:30:00-05:00,262.048,2019-08-09 11:54:00-05:00,263.082,263.02,-186.12,short: close 262.11 < lower 262.79,stop
2019-08-12,-1,9,2019-08-12 13:00:00-05:00,259.988,2019-08-12 14:23:00-05:00,259.1468,261.95,75.71,short: close 260.06 < lower 260.34,session end
2019-08-13,1,33,2019-08-13 09:00:00-05:00,263.842,2019-08-13 09:01:00-05:00,263.298,263.36,-179.52,long: close 263.79 > upper 259.56,stop
2019-08-13,1,23,2019-08-13 09:30:00-05:00,264.392,2019-08-13 09:41:00-05:00,263.618,263.68,-178.02,long: close 264.32 > upper 259.78,stop
2019-08-14,-1,5,2019-08-14 10:30:00-05:00,257.348,2019-08-14 14:52:00-05:00,255.762,260.64,79.3,short: close 257.36 < lower 257.84,flatten
2019-08-16,1,11,2019-08-16 10:00:00-05:00,259.10200000000003,2019-08-16 10:30:00-05:00,258.348,257.43,-82.94,long: close 259.04 > upper 258.53,exit long: close 258.41 < upper 258.68
2019-08-16,1,10,2019-08-16 12:30:00-05:00,258.85200000000003,2019-08-16 13:00:00-05:00,258.618,257.1,-23.4,long: close 258.79 > upper 258.60,exit long: close 258.69 < upper 258.95
2019-08-23,-1,10,2019-08-23 10:30:00-05:00,258.89799999999997,2019-08-23 14:52:00-05:00,255.71200000000002,260.69,318.6,short: close 259.05 < lower 260.08,flatten
2019-08-27,-1,9,2019-08-27 12:00:00-05:00,257.288,2019-08-27 12:30:00-05:00,257.932,259.31,-57.96,short: close 257.40 < lower 257.78,exit short: close 257.93 > lower 257.84
2019-08-28,1,12,2019-08-28 10:00:00-05:00,259.062,2019-08-28 14:52:00-05:00,260.158,257.58,131.52,long: close 258.97 > upper 258.87,flatten
2019-09-03,-1,9,2019-09-03 09:30:00-05:00,260.678,2019-09-03 10:00:00-05:00,261.142,262.64,-41.76,short: close 260.77 < lower 261.14,exit short: close 261.08 > lower 260.88
2019-09-03,-1,7,2019-09-03 13:00:00-05:00,260.39799999999997,2019-09-03 13:30:00-05:00,260.772,263.06,-26.18,short: close 260.44 < lower 260.44,exit short: close 260.72 > lower 260.37
2019-09-05,1,10,2019-09-05 09:00:00-05:00,267.91200000000003,2019-09-05 13:00:00-05:00,267.798,266.04,-11.4,long: close 267.78 > upper 267.18,exit long: close 267.85 < upper 268.05
2019-09-18,-1,18,2019-09-18 13:30:00-05:00,269.848,2019-09-18 14:18:00-05:00,270.882,270.82,-186.12,short: close 269.93 < lower 270.42,stop
2019-09-20,-1,28,2019-09-20 12:30:00-05:00,269.89799999999997,2019-09-20 14:52:00-05:00,269.752,270.49,40.88,short: close 269.93 < lower 270.78,flatten
2019-09-24,-1,18,2019-09-24 11:30:00-05:00,268.198,2019-09-24 14:52:00-05:00,267.962,269.15,42.48,short: close 268.26 < lower 268.95,flatten
2019-09-25,1,26,2019-09-25 10:00:00-05:00,269.372,2019-09-25 14:52:00-05:00,269.768,268.73,102.96,long: close 269.29 > upper 268.84,flatten
2019-09-26,-1,34,2019-09-26 09:00:00-05:00,269.268,2019-09-26 13:00:00-05:00,269.112,269.72,53.04,short: close 269.31 < lower 269.35,exit short: close 269.02 > lower 268.81
2019-09-27,-1,17,2019-09-27 12:00:00-05:00,267.70799999999997,2019-09-27 12:30:00-05:00,268.132,268.73,-72.08,short: close 267.92 < lower 268.21,exit short: close 268.10 > lower 268.04
2019-09-27,-1,15,2019-09-27 13:00:00-05:00,267.848,2019-09-27 14:52:00-05:00,268.10200000000003,269.02,-38.1,short: close 267.95 < lower 268.06,flatten
2019-09-30,1,31,2019-09-30 09:00:00-05:00,269.022,2019-09-30 09:30:00-05:00,268.70799999999997,268.51,-97.34,long: close 268.95 > upper 268.81,exit long: close 268.73 < upper 268.84
2019-09-30,1,26,2019-09-30 10:00:00-05:00,269.10200000000003,2019-09-30 14:30:00-05:00,269.298,268.46,50.96,long: close 269.02 > upper 268.95,exit long: close 269.37 < upper 269.49
2019-10-01,1,25,2019-10-01 09:00:00-05:00,270.192,2019-10-01 09:00:00-05:00,269.45799999999997,269.52,-183.5,long: close 270.15 > upper 270.07,stop
2019-10-01,-1,24,2019-10-01 09:30:00-05:00,267.828,2019-10-01 14:52:00-05:00,265.862,268.51,471.84,short: close 267.89 < lower 268.73,flatten
2019-10-02,-1,16,2019-10-02 09:00:00-05:00,262.45799999999997,2019-10-02 14:52:00-05:00,260.672,263.53000000000003,285.76,short: close 262.58 < lower 263.74,flatten
2019-10-03,-1,23,2019-10-03 09:30:00-05:00,259.408,2019-10-03 10:00:00-05:00,259.78200000000004,260.14,-86.02,short: close 259.45 < lower 259.80,exit short: close 259.73 > lower 259.62
2019-10-04,1,21,2019-10-04 09:00:00-05:00,263.872,2019-10-04 09:47:00-05:00,262.988,263.05,-185.64,long: close 263.80 > upper 263.26,stop
2019-10-04,1,13,2019-10-04 10:30:00-05:00,264.002,2019-10-04 12:30:00-05:00,264.178,262.65,22.88,long: close 263.95 > upper 263.80,exit long: close 264.27 < upper 264.31
2019-10-08,-1,12,2019-10-08 09:00:00-05:00,261.978,2019-10-08 10:00:00-05:00,262.422,263.49,-53.28,short: close 262.03 < lower 262.16,exit short: close 262.41 > lower 261.83
2019-10-10,1,27,2019-10-10 09:00:00-05:00,265.28200000000004,2019-10-10 09:13:00-05:00,264.618,264.68,-179.28,long: close 265.22 > upper 263.94,stop
2019-10-10,1,22,2019-10-10 09:30:00-05:00,265.04200000000003,2019-10-10 12:30:00-05:00,264.658,264.28000000000003,-84.48,long: close 264.95 > upper 264.09,exit long: close 264.80 < upper 264.98
2019-10-11,1,9,2019-10-11 09:00:00-05:00,268.78200000000004,2019-10-11 11:30:00-05:00,268.828,266.78000000000003,4.14,long: close 268.63 > upper 268.42,exit long: close 268.85 < upper 269.16
2019-10-11,1,6,2019-10-11 13:30:00-05:00,269.652,2019-10-11 14:52:00-05:00,268.96799999999996,266.73,-41.04,long: close 269.59 > upper 269.33,flatten
2019-10-15,1,12,2019-10-15 09:30:00-05:00,270.2952,2019-10-15 11:30:00-05:00,270.258,268.84000000000003,-4.46,long: close 270.19 > upper 269.94,exit long: close 270.29 < upper 270.40
2019-10-15,1,9,2019-10-15 12:00:00-05:00,270.699,2019-10-15 12:30:00-05:00,270.418,268.63,-25.29,long: close 270.59 > upper 270.56,exit long: close 270.48 < upper 270.50
2019-10-18,-1,11,2019-10-18 11:30:00-05:00,268.02799999999996,2019-10-18 12:00:00-05:00,268.41200000000003,269.67,-42.24,short: close 268.11 < lower 268.31,exit short: close 268.32 > lower 268.21
2019-10-24,-1,19,2019-10-24 09:00:00-05:00,267.608,2019-10-24 10:30:00-05:00,268.10200000000003,268.52,-93.86,short: close 267.65 < lower 267.72,exit short: close 267.99 > lower 267.44
2019-10-24,-1,15,2019-10-24 11:30:00-05:00,267.438,2019-10-24 12:00:00-05:00,267.766,268.6,-49.2,short: close 267.45 < lower 267.47,exit short: close 267.69 > lower 267.47
2019-10-25,1,23,2019-10-25 09:30:00-05:00,269.007,2019-10-25 14:52:00-05:00,269.388,268.28000000000003,87.63,long: close 268.92 > upper 268.58,flatten
2019-10-31,-1,29,2019-10-31 09:00:00-05:00,270.738,2019-10-31 14:52:00-05:00,269.712,271.3,297.54,short: close 270.83 < lower 271.12,flatten
2019-11-01,1,13,2019-11-01 09:30:00-05:00,272.72200000000004,2019-11-01 12:00:00-05:00,272.618,271.38,-13.52,long: close 272.66 > upper 272.48,exit long: close 272.66 < upper 272.70
2019-11-01,1,12,2019-11-01 12:30:00-05:00,272.992,2019-11-01 14:52:00-05:00,272.9084,271.48,-10.03,long: close 272.92 > upper 272.64,flatten
2019-11-07,1,14,2019-11-07 09:00:00-06:00,277.332,2019-11-07 14:00:00-06:00,277.138,276.04,-27.16,long: close 277.26 > upper 276.97,exit long: close 277.19 < upper 277.27
2019-11-08,-1,33,2019-11-08 09:00:00-06:00,276.258,2019-11-08 09:30:00-06:00,276.612,276.74,-116.82,short: close 276.32 < lower 276.61,exit short: close 276.54 > lower 276.40
2019-11-08,-1,23,2019-11-08 10:30:00-06:00,276.118,2019-11-08 11:00:00-06:00,276.612,276.84000000000003,-113.62,short: close 276.16 < lower 276.37,exit short: close 276.53 > lower 276.33
2019-11-19,-1,22,2019-11-19 09:30:00-06:00,279.758,2019-11-19 14:52:00-06:00,279.332,280.51,93.72,short: close 279.77 < lower 279.80,flatten
2019-11-20,-1,16,2019-11-20 12:00:00-06:00,277.438,2019-11-20 14:00:00-06:00,277.892,278.55,-72.64,short: close 277.51 < lower 277.87,exit short: close 277.83 > lower 277.77
2019-11-21,-1,32,2019-11-21 09:30:00-06:00,277.348,2019-11-21 11:11:00-06:00,277.91200000000003,277.85,-180.48,short: close 277.44 < lower 277.77,stop
2019-11-25,1,21,2019-11-25 09:00:00-06:00,280.172,2019-11-25 10:00:00-06:00,280.123,279.38,-10.29,long: close 280.06 > upper 280.04,exit long: close 280.16 < upper 280.19
2019-12-02,-1,36,2019-12-02 09:00:00-06:00,280.308,2019-12-02 14:52:00-06:00,278.612,280.74,610.56,short: close 280.38 < lower 280.89,flatten
2019-12-03,-1,10,2019-12-03 09:00:00-06:00,274.578,2019-12-03 12:30:00-06:00,274.932,276.34000000000003,-35.4,short: close 274.67 < lower 275.10,exit short: close 274.87 > lower 274.77
2019-12-03,-1,9,2019-12-03 13:30:00-06:00,274.5524,2019-12-03 14:00:00-06:00,274.91200000000003,276.63,-32.36,short: close 274.63 < lower 274.79,exit short: close 274.85 > lower 274.70
2019-12-04,1,15,2019-12-04 09:00:00-06:00,277.512,2019-12-04 09:30:00-06:00,277.188,276.37,-48.6,long: close 277.45 > upper 277.39,exit long: close 277.22 < upper 277.57
2019-12-06,1,12,2019-12-06 09:00:00-06:00,280.262,2019-12-06 14:52:00-06:00,280.598,278.78000000000003,40.32,long: close 280.20 > upper 279.88,flatten
2019-12-12,1,30,2019-12-12 09:00:00-06:00,281.962,2019-12-12 10:35:00-06:00,281.358,281.42,-181.2,long: close 281.87 > upper 280.16,stop
2019-12-12,1,22,2019-12-12 11:00:00-06:00,281.022,2019-12-12 14:52:00-06:00,282.21799999999996,280.27,263.12,long: close 281.02 > upper 280.36,flatten
2019-12-13,-1,22,2019-12-13 10:30:00-06:00,280.95799999999997,2019-12-13 10:47:00-06:00,281.78200000000004,281.72,-181.28,short: close 281.11 < lower 281.18,stop
2019-12-16,1,17,2019-12-16 09:00:00-06:00,283.7726,2019-12-16 13:30:00-06:00,283.478,282.74,-50.08,long: close 283.68 > upper 283.56,exit long: close 283.49 < upper 283.65
2019-12-30,-1,34,2019-12-30 09:00:00-06:00,285.058,2019-12-30 11:51:00-06:00,285.572,285.51,-174.76,short: close 285.06 < lower 285.87,stop
2019-12-30,-1,36,2019-12-30 12:00:00-06:00,285.248,2019-12-30 14:52:00-06:00,284.492,285.68,272.16,short: close 285.33 < lower 285.89,flatten
2020-01-02,1,15,2020-01-02 09:00:00-06:00,287.242,2020-01-02 09:30:00-06:00,286.428,286.05,-122.1,long: close 287.19 > upper 286.98,exit long: close 286.46 < upper 287.10
2020-01-02,1,15,2020-01-02 11:00:00-06:00,287.142,2020-01-02 14:52:00-06:00,288.013,285.96,130.65,long: close 287.07 > upper 286.96,flatten
2020-01-08,1,22,2020-01-08 10:30:00-06:00,286.872,2020-01-08 14:52:00-06:00,287.678,286.12,177.32,long: close 286.82 > upper 286.27,flatten
2020-01-09,1,12,2020-01-09 11:00:00-06:00,289.832,2020-01-09 11:30:00-06:00,289.21799999999996,288.34000000000003,-73.68,long: close 289.77 > upper 289.68,exit long: close 289.29 < upper 289.64
2020-01-10,-1,18,2020-01-10 11:00:00-06:00,288.64799999999997,2020-01-10 12:00:00-06:00,288.91200000000003,289.6,-47.52,short: close 288.72 < lower 288.81,exit short: close 288.88 > lower 288.86
2020-01-14,1,22,2020-01-14 10:30:00-06:00,290.03200000000004,2020-01-14 13:00:00-06:00,289.538,289.26,-108.68,long: close 289.95 > upper 289.69,exit long: close 289.51 < upper 289.77
2020-01-15,1,24,2020-01-15 09:00:00-06:00,290.552,2020-01-15 14:30:00-06:00,290.008,289.87,-130.56,long: close 290.48 > upper 289.83,exit long: close 290.07 < upper 290.27
2020-01-22,1,23,2020-01-22 09:30:00-06:00,293.03200000000004,2020-01-22 10:00:00-06:00,292.448,292.29,-134.32,long: close 292.94 > upper 292.92,exit long: close 292.53 < upper 293.06
2020-01-23,-1,13,2020-01-23 10:30:00-06:00,289.753,2020-01-23 11:00:00-06:00,290.16200000000003,291.06,-53.17,short: close 289.78 < lower 289.97,exit short: close 290.10 > lower 289.79
2020-01-24,-1,12,2020-01-24 11:00:00-06:00,290.388,2020-01-24 14:52:00-06:00,289.577,291.85,97.32,short: close 290.54 < lower 290.58,flatten
2020-01-28,1,17,2020-01-28 09:30:00-06:00,287.052,2020-01-28 14:52:00-06:00,287.288,286.06,40.12,long: close 286.99 > upper 286.72,flatten
2020-01-30,-1,13,2020-01-30 10:00:00-06:00,284.948,2020-01-30 10:30:00-06:00,286.262,286.31,-170.82,short: close 285.02 < lower 285.14,exit short: close 286.13 > lower 284.95
2020-01-31,-1,14,2020-01-31 09:00:00-06:00,286.158,2020-01-31 14:52:00-06:00,282.442,287.41,520.24,short: close 286.21 < lower 286.50,flatten
2020-02-03,1,16,2020-02-03 09:00:00-06:00,285.462,2020-02-03 10:41:00-06:00,284.288,284.35,-187.84,long: close 285.37 > upper 284.14,stop
2020-02-04,1,7,2020-02-04 09:00:00-06:00,288.442,2020-02-04 10:00:00-06:00,288.27799999999996,285.96,-11.48,long: close 288.37 > upper 288.30,exit long: close 288.31 < upper 288.53
2020-02-04,1,6,2020-02-04 10:30:00-06:00,288.762,2020-02-04 11:00:00-06:00,288.608,285.92,-9.24,long: close 288.70 > upper 288.66,exit long: close 288.66 < upper 288.69
2020-02-05,1,7,2020-02-05 13:00:00-06:00,292.04200000000003,2020-02-05 14:52:00-06:00,292.358,289.56,22.12,long: close 291.99 > upper 291.89,flatten
2020-02-07,-1,15,2020-02-07 09:00:00-06:00,291.70799999999997,2020-02-07 09:30:00-06:00,292.462,292.84000000000003,-113.1,short: close 291.82 < lower 292.13,exit short: close 292.37 > lower 291.84
2020-02-07,-1,14,2020-02-07 10:00:00-06:00,291.868,2020-02-07 10:30:00-06:00,292.392,293.11,-73.36,short: close 291.94 < lower 292.02,exit short: close 292.35 > lower 291.86
2020-02-10,1,14,2020-02-10 10:00:00-06:00,292.052,2020-02-10 10:30:00-06:00,292.0179,290.78000000000003,-4.77,long: close 291.99 > upper 291.95,exit long: close 292.04 < upper 292.06
2020-02-14,-1,16,2020-02-14 12:30:00-06:00,293.70799999999997,2020-02-14 13:00:00-06:00,293.692,294.83,2.56,short: close 293.79 < lower 293.80,exit short: close 293.67 > lower 293.62
2020-02-18,-1,11,2020-02-18 10:30:00-06:00,291.938,2020-02-18 12:00:00-06:00,292.492,293.57,-60.94,short: close 291.99 < lower 292.22,exit short: close 292.42 > lower 292.16
2020-02-20,-1,15,2020-02-20 10:30:00-06:00,291.938,2020-02-20 14:00:00-06:00,292.632,293.14,-104.1,short: close 292.01 < lower 292.62,exit short: close 292.50 > lower 292.31
2020-02-21,-1,11,2020-02-21 09:00:00-06:00,289.538,2020-02-21 10:30:00-06:00,290.062,291.2,-57.64,short: close 289.63 < lower 290.12,exit short: close 289.94 > lower 289.80
2020-02-21,-1,9,2020-02-21 12:30:00-06:00,289.498,2020-02-21 14:00:00-06:00,289.622,291.5,-11.16,short: close 289.57 < lower 289.78,exit short: close 289.62 > lower 289.56
2020-02-25,-1,14,2020-02-25 09:30:00-06:00,277.948,2020-02-25 14:52:00-06:00,270.754,279.24,1007.16,short: close 278.01 < lower 278.89,flatten
2020-02-26,1,14,2020-02-26 09:00:00-06:00,273.142,2020-02-26 11:00:00-06:00,272.928,271.87,-29.96,long: close 273.15 > upper 272.65,exit long: close 272.91 < upper 273.07
2020-02-26,-1,9,2020-02-26 13:00:00-06:00,269.078,2020-02-26 13:30:00-06:00,270.012,271.11,-84.06,short: close 269.19 < lower 269.36,exit short: close 269.92 > lower 269.25
2020-02-27,-1,5,2020-02-27 09:30:00-06:00,261.568,2020-02-27 10:00:00-06:00,264.322,264.79,-137.7,short: close 261.62 < lower 264.01,exit short: close 264.28 > lower 263.90
2020-02-27,-1,5,2020-02-27 13:00:00-06:00,263.118,2020-02-27 13:30:00-06:00,263.592,266.99,-23.7,short: close 263.18 < lower 263.36,exit short: close 263.65 > lower 263.32
2020-02-28,-1,4,2020-02-28 09:00:00-06:00,248.748,2020-02-28 10:00:00-06:00,250.27200000000002,252.87,-60.96,short: close 248.81 < lower 249.86,exit short: close 250.18 > lower 249.62
2020-03-02,1,8,2020-03-02 10:30:00-06:00,260.03200000000004,2020-03-02 14:52:00-06:00,265.513,257.75,438.48,long: close 259.96 > upper 258.02,flatten
2020-03-03,-1,16,2020-03-03 09:00:00-06:00,264.288,2020-03-03 09:00:00-06:00,265.442,265.38,-184.64,short: close 264.39 < lower 266.40,stop
2020-03-03,-1,11,2020-03-03 10:30:00-06:00,261.58799999999997,2020-03-03 10:35:00-06:00,263.332,263.27,-191.84,short: close 261.67 < lower 265.82,stop
2020-03-04,1,4,2020-03-04 12:30:00-06:00,267.392,2020-03-04 13:00:00-06:00,267.558,262.56,6.64,long: close 267.33 > upper 267.23,exit long: close 267.60 < upper 267.83
2020-03-04,1,3,2020-03-04 13:30:00-06:00,268.252,2020-03-04 14:52:00-06:00,270.473,262.96,66.63,long: close 267.98 > upper 267.71,flatten
2020-03-05,-1,3,2020-03-05 12:00:00-06:00,261.428,2020-03-05 13:00:00-06:00,262.35200000000003,266.74,-27.72,short: close 261.50 < lower 262.36,exit short: close 262.29 > lower 261.79
2020-03-05,-1,3,2020-03-05 13:30:00-06:00,260.71799999999996,2020-03-05 14:52:00-06:00,261.392,266.52,-20.22,short: close 260.78 < lower 261.88,flatten
2020-03-09,-1,3,2020-03-09 13:30:00-05:00,238.548,2020-03-09 14:00:00-05:00,240.132,244.55,-47.52,short: close 238.62 < lower 239.08,exit short: close 240.11 > lower 239.25
2020-03-11,-1,3,2020-03-11 09:30:00-05:00,240.938,2020-03-11 14:52:00-05:00,235.39200000000002,246.05,166.38,short: close 241.10 < lower 241.88,flatten
2020-03-12,-1,3,2020-03-12 09:30:00-05:00,217.91799999999998,2020-03-12 10:00:00-05:00,218.74200000000002,223.92000000000002,-24.72,short: close 218.00 < lower 218.11,exit short: close 218.64 > lower 218.23
2020-03-12,-1,3,2020-03-12 10:30:00-05:00,216.378,2020-03-12 11:58:00-05:00,222.442,222.38,-181.92,short: close 216.33 < lower 217.31,stop
2020-03-17,-1,5,2020-03-17 09:00:00-05:00,200.16299999999998,2020-03-17 09:29:00-05:00,203.95200000000003,203.89000000000001,-189.45,short: close 200.25 < lower 201.00,stop
2020-03-17,1,3,2020-03-17 13:30:00-05:00,212.42200000000003,2020-03-17 14:30:00-05:00,207.938,207.04,-134.52,long: close 212.35 > upper 210.14,exit long: close 207.87 < upper 209.79
2020-03-18,-1,3,2020-03-18 12:30:00-05:00,193.528,2020-03-18 14:52:00-05:00,197.252,199.53,-111.72,short: close 193.52 < lower 196.57,flatten
2020-03-19,1,5,2020-03-19 13:00:00-05:00,203.252,2020-03-19 13:30:00-05:00,202.4803,199.49,-38.59,long: close 203.12 > upper 202.96,exit long: close 202.57 < upper 203.82
2020-03-20,-1,4,2020-03-20 11:30:00-05:00,197.748,2020-03-20 12:00:00-05:00,199.3939,201.72,-65.84,short: close 197.91 < lower 198.33,exit short: close 199.32 > lower 198.22
2020-03-20,-1,3,2020-03-20 13:30:00-05:00,196.44629999999998,2020-03-20 14:52:00-05:00,192.6619,201.58,113.53,short: close 196.45 < lower 197.18,flatten
2020-03-23,-1,6,2020-03-23 10:00:00-05:00,186.408,2020-03-23 11:49:00-05:00,189.562,189.5,-189.24,short: close 186.50 < lower 187.92,stop
2020-03-23,-1,4,2020-03-23 13:00:00-05:00,186.028,2020-03-23 13:30:00-05:00,186.502,190.01,-18.96,short: close 186.03 < lower 187.03,exit short: close 186.34 > lower 186.00
2020-03-24,1,3,2020-03-24 09:30:00-05:00,200.49200000000002,2020-03-24 14:52:00-05:00,204.88799999999998,194.49,131.88,long: close 200.46 > upper 198.32,flatten
2020-03-25,1,3,2020-03-25 11:30:00-05:00,215.40200000000002,2020-03-25 14:52:00-05:00,212.178,209.70000000000002,-96.72,long: close 215.40 > upper 214.50,flatten
2020-03-26,1,5,2020-03-26 09:00:00-05:00,218.08200000000002,2020-03-26 14:52:00-05:00,223.493,214.46,270.55,long: close 217.98 > upper 216.77,flatten
2020-03-30,1,4,2020-03-30 12:00:00-05:00,221.702,2020-03-30 12:30:00-05:00,220.99249999999998,216.98000000000002,-28.38,long: close 221.62 > upper 221.60,exit long: close 221.05 < upper 221.46
2020-04-02,1,5,2020-04-02 10:00:00-05:00,213.5558,2020-04-02 10:30:00-05:00,211.47299999999998,210.12,-104.14,long: close 213.41 > upper 212.28,exit long: close 211.60 < upper 213.39
2020-04-06,1,3,2020-04-06 12:00:00-05:00,222.74200000000002,2020-04-06 13:30:00-05:00,222.298,216.74,-13.32,long: close 222.65 > upper 222.40,exit long: close 222.31 < upper 223.33
2020-04-09,1,5,2020-04-09 09:00:00-05:00,239.96200000000002,2020-04-09 09:30:00-05:00,239.048,236.63,-45.7,long: close 239.87 > upper 239.40,exit long: close 239.01 < upper 240.19
2020-04-13,-1,9,2020-04-13 09:00:00-05:00,233.488,2020-04-13 11:30:00-05:00,233.11200000000002,235.4,33.84,short: close 233.50 < lower 234.94,exit short: close 233.13 > lower 232.78
2020-04-13,-1,4,2020-04-13 12:00:00-05:00,232.25799999999998,2020-04-13 13:00:00-05:00,233.012,236.17000000000002,-30.16,short: close 232.41 < lower 232.94,exit short: close 232.92 > lower 232.90
2020-04-16,-1,10,2020-04-16 09:00:00-05:00,232.738,2020-04-16 09:30:00-05:00,233.52200000000002,234.49,-78.4,short: close 232.81 < lower 233.66,exit short: close 233.51 > lower 232.96
2020-04-23,1,8,2020-04-23 09:30:00-05:00,237.702,2020-04-23 11:45:00-05:00,235.418,235.48000000000002,-182.72,long: close 237.58 > upper 237.31,stop
2020-04-27,1,7,2020-04-27 13:30:00-05:00,241.032,2020-04-27 14:00:00-05:00,241.398,238.58,25.62,long: close 240.96 > upper 240.92,exit long: close 241.42 < upper 241.58
2020-04-29,1,5,2020-04-29 12:30:00-05:00,247.24200000000002,2020-04-29 13:00:00-05:00,246.82799999999997,243.45000000000002,-20.7,long: close 247.13 > upper 247.06,exit long: close 246.66 < upper 246.86
2020-04-30,-1,7,2020-04-30 13:00:00-05:00,242.548,2020-04-30 13:30:00-05:00,243.072,244.95000000000002,-36.68,short: close 242.59 < lower 242.86,exit short: close 243.04 > lower 242.88
2020-05-01,-1,5,2020-05-01 11:00:00-05:00,237.678,2020-05-01 14:52:00-05:00,236.80700000000002,241.25,43.55,short: close 237.77 < lower 237.89,flatten
2020-05-05,1,9,2020-05-05 09:00:00-05:00,241.15200000000002,2020-05-05 09:30:00-05:00,240.527,239.12,-56.25,long: close 241.07 > upper 240.82,exit long: close 240.60 < upper 241.16
2020-05-05,1,7,2020-05-05 13:30:00-05:00,241.312,2020-05-05 14:00:00-05:00,241.34799999999998,238.93,2.52,long: close 241.28 > upper 241.16,exit long: close 241.41 < upper 241.64
2020-05-07,1,9,2020-05-07 09:00:00-05:00,240.21200000000002,2020-05-07 09:30:00-05:00,239.76299999999998,238.19,-40.41,long: close 240.17 > upper 240.02,exit long: close 239.87 < upper 240.26
2020-05-07,1,6,2020-05-07 11:00:00-05:00,240.982,2020-05-07 11:30:00-05:00,240.838,238.13,-8.64,long: close 240.93 > upper 240.85,exit long: close 240.89 < upper 240.90
2020-05-12,-1,9,2020-05-12 12:30:00-05:00,241.09799999999998,2020-05-12 13:00:00-05:00,241.842,242.98000000000002,-66.96,short: close 241.15 < lower 241.28,exit short: close 241.78 > lower 241.36
2020-05-12,-1,10,2020-05-12 13:30:00-05:00,241.09799999999998,2020-05-12 14:00:00-05:00,241.482,242.87,-38.4,short: close 241.17 < lower 241.39,exit short: close 241.50 > lower 241.05
2020-05-13,-1,14,2020-05-13 09:00:00-05:00,235.778,2020-05-13 09:30:00-05:00,236.787,237.01,-141.26,short: close 235.93 < lower 236.26,exit short: close 236.69 > lower 236.20
2020-05-13,-1,12,2020-05-13 10:00:00-05:00,235.518,2020-05-13 14:52:00-05:00,232.872,237.03,317.52,short: close 235.58 < lower 235.98,flatten
2020-05-14,-1,8,2020-05-14 09:00:00-05:00,228.553,2020-05-14 09:36:00-05:00,230.722,230.66,-173.52,short: close 228.71 < lower 229.36,stop
2020-05-14,1,6,2020-05-14 12:00:00-05:00,234.45180000000002,2020-05-14 13:00:00-05:00,234.018,231.65,-26.03,long: close 234.34 > upper 234.28,exit long: close 234.14 < upper 234.34
2020-05-18,1,4,2020-05-18 10:00:00-05:00,244.602,2020-05-18 11:30:00-05:00,245.088,240.37,19.44,long: close 244.55 > upper 244.44,exit long: close 245.22 < upper 245.25
2020-05-18,1,3,2020-05-18 12:30:00-05:00,245.942,2020-05-18 14:52:00-05:00,246.688,240.71,22.38,long: close 245.87 > upper 245.46,flatten
2020-05-20,1,8,2020-05-20 09:30:00-05:00,246.222,2020-05-20 10:00:00-05:00,245.868,244.0,-28.32,long: close 246.10 > upper 245.97,exit long: close 245.90 < upper 246.08
2020-05-20,1,7,2020-05-20 10:30:00-05:00,246.532,2020-05-20 11:00:00-05:00,246.19799999999998,243.9,-23.38,long: close 246.46 > upper 246.39,exit long: close 246.20 < upper 246.72
2020-05-21,1,19,2020-05-21 09:00:00-05:00,246.58200000000002,2020-05-21 09:39:00-05:00,245.608,245.67000000000002,-185.06,long: close 246.59 > upper 246.57,stop
2020-05-21,-1,15,2020-05-21 10:30:00-05:00,244.31799999999998,2020-05-21 11:00:00-05:00,245.042,245.46,-108.6,short: close 244.36 < lower 244.52,exit short: close 244.91 > lower 244.27
2020-05-22,-1,20,2020-05-22 09:00:00-05:00,243.91799999999998,2020-05-22 11:00:00-05:00,243.852,244.79,13.2,short: close 243.99 < lower 244.07,exit short: close 243.75 > lower 243.72
2020-05-29,-1,12,2020-05-29 10:00:00-05:00,252.188,2020-05-29 10:30:00-05:00,252.43200000000002,253.67000000000002,-29.28,short: close 252.24 < lower 252.35,exit short: close 252.39 > lower 252.21
2020-05-29,-1,10,2020-05-29 11:30:00-05:00,251.938,2020-05-29 12:00:00-05:00,252.562,253.74,-62.4,short: close 252.02 < lower 252.03,exit short: close 252.52 > lower 251.95
2020-06-02,1,12,2020-06-02 09:30:00-05:00,257.552,2020-06-02 10:00:00-05:00,256.7679,256.09000000000003,-94.09,long: close 257.47 > upper 257.35,exit long: close 256.89 < upper 257.61
2020-06-03,1,9,2020-06-03 09:30:00-05:00,261.22700000000003,2020-06-03 10:00:00-05:00,261.068,259.2,-14.31,long: close 261.18 > upper 261.16,exit long: close 261.15 < upper 261.38
2020-06-03,1,8,2020-06-03 10:30:00-05:00,262.10200000000003,2020-06-03 14:52:00-05:00,263.58799999999997,259.78000000000003,118.88,long: close 262.02 > upper 261.45,flatten
2020-06-04,1,13,2020-06-04 10:00:00-05:00,264.342,2020-06-04 10:17:00-05:00,262.868,262.93,-191.62,long: close 264.30 > upper 264.20,stop
2020-06-05,1,4,2020-06-05 10:00:00-05:00,271.702,2020-06-05 14:52:00-05:00,271.20799999999997,267.19,-19.76,long: close 271.66 > upper 271.40,flatten
2020-06-08,1,13,2020-06-08 09:00:00-05:00,274.632,2020-06-08 09:30:00-05:00,273.598,273.32,-134.42,long: close 274.53 > upper 273.50,exit long: close 273.70 < upper 273.73
2020-06-08,1,10,2020-06-08 10:00:00-05:00,274.252,2020-06-08 11:30:00-05:00,273.668,272.49,-58.4,long: close 274.15 > upper 273.95,exit long: close 273.75 < upper 273.88
2020-06-10,-1,22,2020-06-10 09:00:00-05:00,271.848,2020-06-10 13:00:00-05:00,272.692,272.63,-185.68,short: close 271.85 < lower 272.53,stop
2020-06-11,-1,3,2020-06-11 10:00:00-05:00,260.168,2020-06-11 14:52:00-05:00,252.157,265.61,240.33,short: close 260.28 < lower 260.91,flatten
2020-06-15,1,4,2020-06-15 13:30:00-05:00,259.322,2020-06-15 14:00:00-05:00,258.08799999999997,254.51000000000002,-49.36,long: close 259.24 > upper 258.32,exit long: close 258.18 < upper 258.50
2020-06-17,-1,12,2020-06-17 09:30:00-05:00,262.378,2020-06-17 09:55:00-05:00,263.90200000000004,263.84000000000003,-182.88,short: close 262.35 < lower 262.72,stop
2020-06-19,-1,5,2020-06-19 11:30:00-05:00,259.253,2020-06-19 12:00:00-05:00,260.54200000000003,262.67,-64.45,short: close 259.32 < lower 259.40,exit short: close 260.51 > lower 259.30
2020-06-19,-1,5,2020-06-19 12:30:00-05:00,258.888,2020-06-19 14:00:00-05:00,259.642,262.58,-37.7,short: close 259.00 < lower 259.13,exit short: close 259.56 > lower 258.81
2020-06-24,-1,9,2020-06-24 09:00:00-05:00,257.558,2020-06-24 14:52:00-05:00,254.562,259.61,269.64,short: close 257.62 < lower 258.32,flatten
2020-06-25,1,10,2020-06-25 09:30:00-05:00,255.83200000000002,2020-06-25 09:50:00-05:00,254.028,254.09,-180.4,long: close 255.76 > upper 255.74,stop
2020-06-26,-1,8,2020-06-26 09:30:00-05:00,252.72799999999998,2020-06-26 14:52:00-05:00,250.5321,254.85,175.67,short: close 252.86 < lower 254.39,flatten
2020-06-29,1,6,2020-06-29 10:30:00-05:00,254.692,2020-06-29 11:00:00-05:00,253.798,251.52,-53.64,long: close 254.61 > upper 254.41,exit long: close 253.86 < upper 254.23
2020-06-29,1,5,2020-06-29 12:30:00-05:00,255.102,2020-06-29 13:00:00-05:00,254.938,251.3,-8.2,long: close 255.06 > upper 255.03,exit long: close 254.93 < upper 255.35
2020-07-08,1,19,2020-07-08 09:00:00-05:00,261.16700000000003,2020-07-08 09:28:00-05:00,260.218,260.28000000000003,-180.31,long: close 261.04 > upper 260.29,stop
2020-07-09,-1,25,2020-07-09 09:00:00-05:00,259.86289999999997,2020-07-09 14:52:00-05:00,257.152,260.51,677.72,short: close 259.93 < lower 260.20,flatten
2020-07-10,1,10,2020-07-10 11:00:00-05:00,259.492,2020-07-10 11:30:00-05:00,258.70799999999997,257.79,-78.4,long: close 259.38 > upper 258.92,exit long: close 258.77 < upper 259.17
2020-07-10,1,10,2020-07-10 12:00:00-05:00,259.4121,2020-07-10 14:52:00-05:00,260.9208,257.69,150.87,long: close 259.40 > upper 258.94,flatten
2020-07-13,1,8,2020-07-13 09:30:00-05:00,264.33,2020-07-13 14:30:00-05:00,262.95799999999997,262.08,-109.76,long: close 264.25 > upper 264.22,exit long: close 263.02 < upper 265.31
2020-07-14,1,21,2020-07-14 09:00:00-05:00,262.022,2020-07-14 09:07:00-05:00,261.14799999999997,261.21,-183.54,long: close 261.99 > upper 261.68,stop
2020-07-14,1,13,2020-07-14 09:30:00-05:00,262.41200000000003,2020-07-14 14:52:00-05:00,266.918,261.01,585.78,long: close 262.34 > upper 262.27,flatten
2020-07-20,-1,24,2020-07-20 09:00:00-05:00,265.21799999999996,2020-07-20 09:26:00-05:00,265.982,265.92,-183.36,short: close 265.27 < lower 265.86,stop
2020-07-21,1,11,2020-07-21 09:00:00-05:00,270.027,2020-07-21 09:30:00-05:00,268.9161,268.4,-122.2,long: close 269.95 > upper 269.43,exit long: close 269.03 < upper 269.77
2020-07-23,-1,10,2020-07-23 13:00:00-05:00,267.288,2020-07-23 14:52:00-05:00,265.732,269.08,155.6,short: close 267.41 < lower 268.05,flatten
2020-07-27,1,24,2020-07-27 09:00:00-05:00,265.902,2020-07-27 10:00:00-05:00,265.868,265.2,-8.16,long: close 265.81 > upper 265.45,exit long: close 265.93 < upper 266.04
2020-07-30,-1,8,2020-07-30 09:00:00-05:00,260.198,2020-07-30 10:18:00-05:00,262.40200000000004,262.34000000000003,-176.32,short: close 260.28 < lower 261.83,stop
2020-07-31,-1,16,2020-07-31 09:30:00-05:00,261.33799999999997,2020-07-31 10:18:00-05:00,262.492,262.43,-184.64,short: close 261.41 < lower 262.41,stop
2020-07-31,-1,14,2020-07-31 11:00:00-05:00,261.4825,2020-07-31 14:00:00-05:00,262.442,262.72,-134.33,short: close 261.57 < lower 262.26,exit short: close 262.35 > lower 261.80
2020-08-03,1,12,2020-08-03 10:30:00-05:00,266.802,2020-08-03 11:30:00-05:00,266.498,265.28000000000003,-36.48,long: close 266.74 > upper 266.51,exit long: close 266.59 < upper 266.61
2020-08-03,1,11,2020-08-03 12:30:00-05:00,266.85200000000003,2020-08-03 13:00:00-05:00,266.7081,265.17,-15.83,long: close 266.82 > upper 266.67,exit long: close 266.75 < upper 266.79
2020-08-04,1,17,2020-08-04 10:30:00-05:00,267.962,2020-08-04 12:00:00-05:00,267.49739999999997,266.95,-78.98,long: close 267.89 > upper 267.49,exit long: close 267.53 < upper 267.63
2020-08-04,1,14,2020-08-04 13:00:00-05:00,267.762,2020-08-04 13:30:00-05:00,267.248,266.54,-71.96,long: close 267.71 > upper 267.70,exit long: close 267.33 < upper 267.71
2020-08-05,1,12,2020-08-05 09:00:00-05:00,271.16200000000003,2020-08-05 14:52:00-05:00,271.498,269.64,40.32,long: close 271.04 > upper 270.72,flatten
2020-08-06,1,13,2020-08-06 13:30:00-05:00,273.41200000000003,2020-08-06 14:52:00-05:00,273.738,272.1,42.38,long: close 273.33 > upper 273.15,flatten
2020-08-10,1,15,2020-08-10 09:00:00-05:00,276.987,2020-08-10 10:00:00-05:00,275.86789999999996,275.82,-167.87,long: close 276.94 > upper 276.23,exit long: close 275.90 < upper 276.47
2020-08-10,1,14,2020-08-10 10:30:00-05:00,276.812,2020-08-10 14:52:00-05:00,277.943,275.51,158.34,long: close 276.78 > upper 276.35,flatten
2020-08-18,-1,18,2020-08-18 09:30:00-05:00,277.1918,2020-08-18 09:59:00-05:00,278.21200000000005,278.15000000000003,-183.64,short: close 277.29 < lower 278.06,stop
2020-08-18,-1,20,2020-08-18 10:00:00-05:00,278.108,2020-08-18 10:30:00-05:00,278.562,278.95,-90.8,short: close 278.16 < lower 278.18,exit short: close 278.50 > lower 278.08
2020-08-19,1,18,2020-08-19 09:00:00-05:00,279.582,2020-08-19 09:30:00-05:00,279.288,278.62,-52.92,long: close 279.54 > upper 279.43,exit long: close 279.32 < upper 279.68
2020-08-21,1,13,2020-08-21 13:00:00-05:00,278.922,2020-08-21 14:52:00-05:00,279.33799999999997,277.57,54.08,long: close 278.84 > upper 278.83,flatten
2020-08-25,-1,13,2020-08-25 09:30:00-05:00,282.113,2020-08-25 14:00:00-05:00,282.122,283.42,-1.17,short: close 282.27 < lower 282.34,exit short: close 282.13 > lower 282.12
2020-08-27,1,14,2020-08-27 09:00:00-05:00,286.062,2020-08-27 09:09:00-05:00,284.768,284.83,-181.16,long: close 286.02 > upper 285.14,stop
2020-08-27,1,13,2020-08-27 09:30:00-05:00,285.91200000000003,2020-08-27 11:30:00-05:00,284.828,284.52,-140.92,long: close 285.85 > upper 285.30,exit long: close 284.91 < upper 285.31
2020-08-31,-1,18,2020-08-31 09:00:00-05:00,285.178,2020-08-31 14:52:00-05:00,285.642,286.14,-83.52,short: close 285.26 < lower 285.54,flatten
2020-09-01,1,15,2020-09-01 09:30:00-05:00,285.4919,2020-09-01 10:00:00-05:00,284.89799999999997,284.3,-89.09,long: close 285.42 > upper 285.19,exit long: close 284.90 < upper 285.16
2020-09-01,1,15,2020-09-01 10:30:00-05:00,285.372,2020-09-01 14:52:00-05:00,286.228,284.2,128.4,long: close 285.31 > upper 285.17,flatten
2020-09-02,1,11,2020-09-02 09:30:00-05:00,289.3233,2020-09-02 10:00:00-05:00,289.018,287.64,-33.58,long: close 289.26 > upper 289.14,exit long: close 289.06 < upper 289.08
2020-09-02,1,11,2020-09-02 11:30:00-05:00,289.432,2020-09-02 14:52:00-05:00,291.71799999999996,287.84000000000003,251.46,long: close 289.38 > upper 289.05,flatten
2020-09-03,-1,14,2020-09-03 09:30:00-05:00,289.14799999999997,2020-09-03 14:52:00-05:00,282.142,290.39,980.84,short: close 289.30 < lower 289.85,flatten
2020-09-04,-1,9,2020-09-04 09:30:00-05:00,280.46799999999996,2020-09-04 13:40:00-05:00,282.502,282.44,-183.06,short: close 280.46 < lower 282.14,stop
2020-09-08,-1,8,2020-09-08 09:00:00-05:00,277.078,2020-09-08 10:30:00-05:00,277.302,279.38,-17.92,short: close 277.10 < lower 277.98,exit short: close 277.31 > lower 277.04
2020-09-08,-1,6,2020-09-08 11:00:00-05:00,276.71799999999996,2020-09-08 11:30:00-05:00,277.3068,279.83,-35.33,short: close 276.75 < lower 277.18,exit short: close 277.25 > lower 277.25
2020-09-09,1,8,2020-09-09 09:00:00-05:00,279.242,2020-09-09 14:52:00-05:00,280.578,277.04,106.88,long: close 279.18 > upper 278.98,flatten
2020-09-10,-1,6,2020-09-10 13:30:00-05:00,276.02799999999996,2020-09-10 14:52:00-05:00,276.2221,278.87,-11.65,short: close 276.21 < lower 277.63,flatten
2020-09-14,1,10,2020-09-14 09:00:00-05:00,280.22200000000004,2020-09-14 10:00:00-05:00,280.478,278.43,25.6,long: close 280.13 > upper 279.80,exit long: close 280.55 < upper 280.64
2020-09-14,1,6,2020-09-14 11:00:00-05:00,280.922,2020-09-14 12:30:00-05:00,280.598,278.07,-19.44,long: close 280.90 > upper 280.86,exit long: close 280.66 < upper 280.93
2020-09-18,-1,16,2020-09-18 09:00:00-05:00,277.848,2020-09-18 09:16:00-05:00,279.012,278.95,-186.24,short: close 277.93 < lower 278.21,stop
2020-09-18,-1,8,2020-09-18 12:30:00-05:00,275.748,2020-09-18 14:30:00-05:00,277.202,278.08,-116.32,short: close 275.81 < lower 276.98,exit short: close 277.17 > lower 276.61
2020-09-21,-1,5,2020-09-21 09:30:00-05:00,268.64799999999997,2020-09-21 14:30:00-05:00,270.15700000000004,272.41,-75.45,short: close 268.77 < lower 270.29,exit short: close 270.10 > lower 269.17
2020-09-23,-1,5,2020-09-23 13:30:00-05:00,269.038,2020-09-23 14:52:00-05:00,267.252,272.25,89.3,short: close 269.20 < lower 270.28,flatten
2020-09-24,1,7,2020-09-24 12:30:00-05:00,270.622,2020-09-24 13:30:00-05:00,269.058,268.07,-109.48,long: close 270.54 > upper 269.77,exit long: close 269.10 < upper 270.28
2020-09-25,1,6,2020-09-25 13:30:00-05:00,270.752,2020-09-25 14:52:00-05:00,271.258,267.77,30.36,long: close 270.65 > upper 270.40,flatten
2020-09-28,1,6,2020-09-28 09:30:00-05:00,276.492,2020-09-28 10:00:00-05:00,275.96799999999996,273.66,-31.44,long: close 276.38 > upper 276.29,exit long: close 276.00 < upper 276.81
2020-09-29,-1,10,2020-09-29 11:00:00-05:00,273.608,2020-09-29 12:00:00-05:00,274.242,275.34000000000003,-63.4,short: close 273.66 < lower 274.01,exit short: close 274.17 > lower 273.75
2020-09-30,1,19,2020-09-30 09:00:00-05:00,277.332,2020-09-30 14:17:00-05:00,276.368,276.43,-183.16,long: close 277.26 > upper 275.60,stop
2020-10-05,1,7,2020-10-05 10:00:00-05:00,280.562,2020-10-05 10:30:00-05:00,280.448,278.07,-7.98,long: close 280.46 > upper 280.29,exit long: close 280.49 < upper 280.54
2020-10-05,1,7,2020-10-05 11:00:00-05:00,280.567,2020-10-05 11:30:00-05:00,280.248,277.92,-22.33,long: close 280.52 > upper 280.44,exit long: close 280.31 < upper 280.52
2020-10-07,1,8,2020-10-07 09:00:00-05:00,281.29200000000003,2020-10-07 10:30:00-05:00,282.02799999999996,279.16,58.88,long: close 281.26 > upper 281.11,exit long: close 282.08 < upper 282.10
2020-10-07,1,5,2020-10-07 13:00:00-05:00,282.5831,2020-10-07 14:52:00-05:00,283.21799999999996,279.08,31.74,long: close 282.52 > upper 282.48,flatten
2020-10-12,1,9,2020-10-12 10:30:00-05:00,288.642,2020-10-12 11:00:00-05:00,288.3262,286.61,-28.42,long: close 288.60 > upper 288.47,exit long: close 288.39 < upper 288.56
2020-10-12,1,8,2020-10-12 11:30:00-05:00,289.012,2020-10-12 14:00:00-05:00,288.928,286.78000000000003,-6.72,long: close 288.98 > upper 288.66,exit long: close 288.96 < upper 289.26
2020-10-14,-1,11,2020-10-14 11:00:00-05:00,285.108,2020-10-14 11:30:00-05:00,285.182,286.8,-8.14,short: close 285.18 < lower 285.31,exit short: close 285.19 > lower 285.13
2020-10-16,1,11,2020-10-16 09:30:00-05:00,288.312,2020-10-16 10:30:00-05:00,287.128,286.67,-130.24,long: close 288.25 > upper 287.27,exit long: close 287.28 < upper 287.60
2020-10-19,-1,9,2020-10-19 13:00:00-05:00,284.058,2020-10-19 13:30:00-05:00,284.2581,286.07,-18.01,short: close 284.15 < lower 284.31,exit short: close 284.26 > lower 284.25
2020-10-20,1,13,2020-10-20 09:00:00-05:00,284.2613,2020-10-20 09:30:00-05:00,283.83799999999997,282.95,-55.03,long: close 284.16 > upper 283.93,exit long: close 283.76 < upper 284.25
2020-10-20,1,8,2020-10-20 12:30:00-05:00,285.492,2020-10-20 13:00:00-05:00,284.658,283.29,-66.72,long: close 285.40 > upper 284.83,exit long: close 284.73 < upper 284.95
2020-10-21,1,19,2020-10-21 09:00:00-05:00,284.302,2020-10-21 09:52:00-05:00,283.348,283.41,-181.26,long: close 284.12 > upper 283.65,stop
2020-10-22,1,11,2020-10-22 13:30:00-05:00,283.9511,2020-10-22 14:00:00-05:00,283.64799999999997,282.27,-33.34,long: close 283.91 > upper 283.73,exit long: close 283.67 < upper 284.14
2020-10-23,-1,13,2020-10-23 11:30:00-05:00,281.938,2020-10-23 12:30:00-05:00,282.66200000000003,283.35,-94.12,short: close 282.02 < lower 282.67,exit short: close 282.53 > lower 282.49
2020-10-26,-1,8,2020-10-26 09:00:00-05:00,279.378,2020-10-26 14:52:00-05:00,275.802,281.63,286.08,short: close 279.47 < lower 279.51,flatten
2020-10-27,-1,18,2020-10-27 09:30:00-05:00,275.418,2020-10-27 09:48:00-05:00,276.422,276.36,-180.72,short: close 275.53 < lower 276.04,stop
2020-10-27,-1,19,2020-10-27 10:00:00-05:00,275.70799999999997,2020-10-27 11:00:00-05:00,276.462,276.6,-143.26,short: close 275.73 < lower 276.09,exit short: close 276.29 > lower 275.66
2020-10-28,-1,5,2020-10-28 09:30:00-05:00,267.098,2020-10-28 14:52:00-05:00,266.03200000000004,270.83,53.3,short: close 267.14 < lower 268.13,flatten
2020-10-29,1,10,2020-10-29 13:00:00-05:00,267.79200000000003,2020-10-29 14:52:00-05:00,267.598,266.03000000000003,-19.4,long: close 267.65 > upper 267.04,flatten
2020-10-30,-1,10,2020-10-30 09:30:00-05:00,263.078,2020-10-30 11:30:00-05:00,264.482,264.78000000000003,-140.4,short: close 263.18 < lower 264.08,exit short: close 264.49 > lower 263.71
2020-10-30,-1,8,2020-10-30 12:00:00-05:00,263.27799999999996,2020-10-30 12:30:00-05:00,263.35200000000003,265.56,-5.92,short: close 263.39 < lower 263.50,exit short: close 263.35 > lower 263.32
2020-11-02,1,6,2020-11-02 09:30:00-06:00,270.142,2020-11-02 10:00:00-06:00,268.77799999999996,267.2,-81.84,long: close 270.17 > upper 269.94,exit long: close 268.86 < upper 270.09
2020-11-03,1,8,2020-11-03 09:00:00-06:00,274.442,2020-11-03 13:00:00-06:00,273.52799999999996,272.18,-73.12,long: close 274.35 > upper 273.19,exit long: close 273.60 < upper 274.55
2020-11-04,1,14,2020-11-04 09:00:00-06:00,278.79200000000003,2020-11-04 14:52:00-06:00,279.003,277.56,29.54,long: close 278.74 > upper 276.51,flatten
2020-11-05,1,5,2020-11-05 09:30:00-06:00,284.212,2020-11-05 11:00:00-06:00,283.4872,280.72,-36.24,long: close 284.11 > upper 283.89,exit long: close 283.51 < upper 283.91
2020-11-06,-1,22,2020-11-06 09:00:00-06:00,282.368,2020-11-06 09:10:00-06:00,283.202,283.14,-183.48,short: close 282.42 < lower 283.13,stop
2020-11-17,-1,7,2020-11-17 09:00:00-06:00,295.558,2020-11-17 09:30:00-06:00,296.882,297.95,-92.68,short: close 295.63 < lower 296.27,exit short: close 296.79 > lower 295.70
2020-11-24,1,7,2020-11-24 11:00:00-06:00,300.802,2020-11-24 12:30:00-06:00,300.298,298.08,-35.28,long: close 300.73 > upper 300.13,exit long: close 300.35 < upper 300.36
2020-11-25,-1,14,2020-11-25 09:00:00-06:00,298.64799999999997,2020-11-25 13:00:00-06:00,299.1419,299.86,-69.15,short: close 298.72 < lower 298.97,exit short: close 299.08 > lower 298.87
2020-11-25,-1,11,2020-11-25 13:30:00-06:00,298.598,2020-11-25 14:00:00-06:00,298.54200000000003,300.16,6.16,short: close 298.61 < lower 298.62,exit short: close 298.48 > lower 298.32
2020-11-30,-1,11,2020-11-30 09:30:00-06:00,295.948,2020-11-30 14:00:00-06:00,296.392,297.57,-48.84,short: close 296.03 < lower 296.77,exit short: close 296.31 > lower 296.00
2020-12-01,1,8,2020-12-01 09:30:00-06:00,300.702,2020-12-01 10:00:00-06:00,300.038,298.49,-53.12,long: close 300.64 > upper 300.38,exit long: close 300.05 < upper 300.39
2020-12-03,1,23,2020-12-03 09:30:00-06:00,300.35200000000003,2020-12-03 13:00:00-06:00,299.95799999999997,299.63,-90.62,long: close 300.31 > upper 299.99,exit long: close 299.99 < upper 300.31
2020-12-03,1,14,2020-12-03 13:30:00-06:00,300.652,2020-12-03 14:42:00-06:00,299.328,299.39,-185.36,long: close 300.59 > upper 300.53,stop
2020-12-04,1,18,2020-12-04 10:00:00-06:00,301.862,2020-12-04 12:00:00-06:00,301.628,300.91,-42.12,long: close 301.80 > upper 301.32,exit long: close 301.66 < upper 301.71
2020-12-04,1,13,2020-12-04 12:30:00-06:00,301.942,2020-12-04 13:30:00-06:00,301.6781,300.59000000000003,-34.31,long: close 301.87 > upper 301.73,exit long: close 301.77 < upper 301.86
2020-12-07,-1,16,2020-12-07 09:30:00-06:00,300.978,2020-12-07 10:30:00-06:00,301.262,302.06,-45.44,short: close 301.04 < lower 301.07,exit short: close 301.19 > lower 301.01
2020-12-07,-1,13,2020-12-07 12:30:00-06:00,300.638,2020-12-07 14:00:00-06:00,300.60200000000003,301.98,4.68,short: close 300.73 < lower 300.81,exit short: close 300.53 > lower 300.51
2020-12-08,1,13,2020-12-08 10:30:00-06:00,302.00190000000003,2020-12-08 14:00:00-06:00,302.048,300.68,5.99,long: close 301.89 > upper 301.88,exit long: close 302.12 < upper 302.41
2020-12-09,-1,11,2020-12-09 12:30:00-06:00,300.788,2020-12-09 13:30:00-06:00,301.332,302.34000000000003,-59.84,short: close 300.95 < lower 301.16,exit short: close 301.30 > lower 301.01
2020-12-15,1,8,2020-12-15 12:30:00-06:00,302.312,2020-12-15 14:30:00-06:00,302.098,300.14,-17.12,long: close 302.24 > upper 302.21,exit long: close 302.18 < upper 302.45
2020-12-18,-1,23,2020-12-18 09:00:00-06:00,302.048,2020-12-18 14:52:00-06:00,301.502,302.76,125.58,short: close 302.16 < lower 302.57,flatten
2020-12-21,-1,8,2020-12-21 09:30:00-06:00,297.96799999999996,2020-12-21 10:00:00-06:00,299.04200000000003,300.26,-85.92,short: close 297.99 < lower 298.03,exit short: close 298.99 > lower 297.92
2020-12-22,-1,25,2020-12-22 09:00:00-06:00,300.64799999999997,2020-12-22 09:30:00-06:00,301.172,301.3,-131.0,short: close 300.70 < lower 301.30,exit short: close 301.14 > lower 301.08
2020-12-22,-1,18,2020-12-22 10:00:00-06:00,300.768,2020-12-22 10:30:00-06:00,301.312,301.75,-97.92,short: close 300.76 < lower 300.97,exit short: close 301.18 > lower 300.85
2020-12-23,1,15,2020-12-23 09:00:00-06:00,302.182,2020-12-23 09:30:00-06:00,301.568,301.05,-92.1,long: close 302.12 > upper 301.77,exit long: close 301.61 < upper 301.92
2020-12-23,1,12,2020-12-23 10:30:00-06:00,302.29200000000003,2020-12-23 11:30:00-06:00,302.08799999999997,300.8,-24.48,long: close 302.22 > upper 302.14,exit long: close 302.16 < upper 302.30
2020-12-28,1,12,2020-12-28 09:30:00-06:00,305.012,2020-12-28 10:30:00-06:00,304.198,303.48,-97.68,long: close 304.96 > upper 304.34,exit long: close 304.28 < upper 304.55
2020-12-30,1,16,2020-12-30 10:00:00-06:00,304.942,2020-12-30 10:30:00-06:00,304.728,303.82,-34.24,long: close 304.89 > upper 304.88,exit long: close 304.88 < upper 304.95
2021-01-04,-1,18,2021-01-04 09:00:00-06:00,304.978,2021-01-04 14:52:00-06:00,302.47200000000004,305.95,451.08,short: close 304.99 < lower 305.19,flatten
2021-01-05,1,21,2021-01-05 09:00:00-06:00,303.392,2021-01-05 09:19:00-06:00,302.508,302.57,-185.64,long: close 303.15 > upper 302.92,stop
2021-01-05,1,11,2021-01-05 13:00:00-06:00,303.952,2021-01-05 14:52:00-06:00,304.168,302.29,23.76,long: close 303.82 > upper 303.77,flatten
2021-01-06,1,22,2021-01-06 09:00:00-06:00,306.362,2021-01-06 14:52:00-06:00,307.918,305.58,342.32,long: close 306.20 > upper 304.58,flatten
2021-01-07,1,10,2021-01-07 09:30:00-06:00,311.302,2021-01-07 10:30:00-06:00,311.14799999999997,309.53000000000003,-15.4,long: close 311.22 > upper 310.78,exit long: close 311.15 < upper 311.17
2021-01-15,-1,8,2021-01-15 09:30:00-06:00,306.33799999999997,2021-01-15 10:00:00-06:00,307.72200000000004,308.55,-110.72,short: close 306.60 < lower 306.84,exit short: close 307.60 > lower 306.76
2021-01-25,-1,14,2021-01-25 09:00:00-06:00,307.998,2021-01-25 09:24:00-06:00,309.29200000000003,309.23,-181.16,short: close 308.07 < lower 308.20,stop
2021-01-25,-1,10,2021-01-25 10:00:00-06:00,306.978,2021-01-25 11:00:00-06:00,308.332,308.73,-135.4,short: close 307.16 < lower 307.69,exit short: close 308.17 > lower 307.47
2021-01-27,-1,9,2021-01-27 09:00:00-06:00,304.308,2021-01-27 09:30:00-06:00,305.942,306.34000000000003,-147.06,short: close 304.40 < lower 305.96,exit short: close 305.86 > lower 305.53
2021-01-27,-1,7,2021-01-27 11:00:00-06:00,304.80899999999997,2021-01-27 11:30:00-06:00,305.882,307.29,-75.11,short: close 304.88 < lower 305.51,exit short: close 305.85 > lower 305.47
2021-01-28,1,13,2021-01-28 09:00:00-06:00,306.502,2021-01-28 14:52:00-06:00,306.868,305.1,47.58,long: close 306.30 > upper 305.55,flatten
2021-01-29,-1,9,2021-01-29 10:30:00-06:00,301.89799999999997,2021-01-29 14:52:00-06:00,300.9631,303.93,84.14,short: close 301.99 < lower 302.99,flatten
2021-02-02,1,10,2021-02-02 09:00:00-06:00,306.2444,2021-02-02 14:52:00-06:00,307.478,304.37,123.36,long: close 306.19 > upper 305.16,flatten
2021-02-04,1,16,2021-02-04 09:00:00-06:00,309.47200000000004,2021-02-04 14:52:00-06:00,310.008,308.37,85.76,long: close 309.39 > upper 308.64,flatten
2021-02-22,1,9,2021-02-22 12:00:00-06:00,315.992,2021-02-22 14:30:00-06:00,315.658,314.08,-30.06,long: close 315.91 > upper 315.79,exit long: close 315.76 < upper 315.93
2021-02-23,-1,19,2021-02-23 09:00:00-06:00,312.433,2021-02-23 09:09:00-06:00,313.394,313.32,-182.59,short: close 312.55 < lower 314.13,stop
2021-02-23,-1,17,2021-02-23 09:30:00-06:00,313.878,2021-02-23 10:00:00-06:00,314.362,314.93,-82.28,short: close 313.90 < lower 313.97,exit short: close 314.30 > lower 313.92
2021-02-24,1,17,2021-02-24 10:00:00-06:00,316.892,2021-02-24 14:52:00-06:00,319.71799999999996,315.88,480.42,long: close 316.80 > upper 316.04,flatten
2021-02-25,-1,18,2021-02-25 10:00:00-06:00,318.1807,2021-02-25 14:52:00-06:00,314.492,319.12,663.97,short: close 318.27 < lower 318.66,flatten
2021-02-26,-1,22,2021-02-26 09:00:00-06:00,312.308,2021-02-26 11:14:00-06:00,313.15200000000004,313.09000000000003,-185.68,short: close 312.31 < lower 313.44,stop
2021-02-26,-1,11,2021-02-26 12:00:00-06:00,311.858,2021-02-26 14:52:00-06:00,311.91200000000003,313.51,-5.94,short: close 311.90 < lower 312.56,flatten
2021-03-01,1,7,2021-03-01 09:00:00-06:00,315.10200000000003,2021-03-01 14:52:00-06:00,315.228,312.42,8.82,long: close 315.05 > upper 314.14,flatten
2021-03-03,1,12,2021-03-03 10:30:00-06:00,315.592,2021-03-03 11:00:00-06:00,315.008,314.13,-70.08,long: close 315.56 > upper 315.52,exit long: close 315.10 < upper 315.70
2021-03-04,-1,10,2021-03-04 12:00:00-06:00,309.808,2021-03-04 14:52:00-06:00,309.742,311.56,6.6,short: close 309.86 < lower 311.33,flatten
2021-03-05,-1,6,2021-03-05 10:30:00-06:00,308.198,2021-03-05 11:00:00-06:00,309.942,310.96,-104.64,short: close 308.16 < lower 308.33,exit short: close 309.88 > lower 308.14
2021-03-08,1,9,2021-03-08 09:30:00-06:00,318.812,2021-03-08 14:52:00-06:00,319.298,316.77,43.74,long: close 318.77 > upper 318.00,flatten
2021-03-09,1,9,2021-03-09 10:00:00-06:00,321.062,2021-03-09 10:30:00-06:00,320.89799999999997,318.97,-14.76,long: close 321.01 > upper 320.93,exit long: close 320.90 < upper 321.28
2021-03-09,1,7,2021-03-09 11:00:00-06:00,321.362,2021-03-09 12:00:00-06:00,321.058,318.93,-21.28,long: close 321.28 > upper 321.27,exit long: close 321.06 < upper 321.53
2021-03-10,1,10,2021-03-10 09:00:00-06:00,322.072,2021-03-10 09:30:00-06:00,321.008,320.33,-106.4,long: close 321.92 > upper 321.32,exit long: close 321.10 < upper 321.97
2021-03-10,1,6,2021-03-10 10:30:00-06:00,322.632,2021-03-10 14:52:00-06:00,323.658,319.73,61.56,long: close 322.58 > upper 322.48,flatten
2021-03-12,1,16,2021-03-12 09:00:00-06:00,326.842,2021-03-12 09:30:00-06:00,326.438,325.72,-64.64,long: close 326.77 > upper 326.59,exit long: close 326.50 < upper 327.16
2021-03-18,1,9,2021-03-18 11:00:00-05:00,332.66200000000003,2021-03-18 12:00:00-05:00,331.608,330.66,-94.86,long: close 332.58 > upper 332.53,exit long: close 331.67 < upper 332.44
2021-03-19,-1,13,2021-03-19 09:00:00-05:00,325.558,2021-03-19 10:00:00-05:00,326.802,326.89,-161.72,short: close 325.68 < lower 327.39,exit short: close 326.68 > lower 326.62
2021-03-19,-1,7,2021-03-19 10:30:00-05:00,325.798,2021-03-19 11:00:00-05:00,327.41200000000003,328.21,-112.98,short: close 325.92 < lower 326.31,exit short: close 327.27 > lower 326.35
2021-03-24,1,12,2021-03-24 09:00:00-05:00,326.312,2021-03-24 11:00:00-05:00,326.748,324.89,52.32,long: close 326.32 > upper 326.11,exit long: close 326.80 < upper 326.82
2021-03-24,1,8,2021-03-24 11:30:00-05:00,327.562,2021-03-24 12:30:00-05:00,326.478,325.44,-86.72,long: close 327.49 > upper 326.81,exit long: close 326.53 < upper 326.98
2021-04-05,1,9,2021-04-05 09:30:00-05:00,334.842,2021-04-05 14:52:00-05:00,335.39799999999997,332.90000000000003,50.04,long: close 334.77 > upper 334.63,flatten
2021-04-13,-1,19,2021-04-13 09:00:00-05:00,335.878,2021-04-13 10:30:00-05:00,336.60200000000003,336.8,-137.56,short: close 335.96 < lower 336.16,exit short: close 336.53 > lower 336.22
2021-04-13,-1,14,2021-04-13 12:00:00-05:00,335.618,2021-04-13 13:00:00-05:00,336.182,336.87,-78.96,short: close 335.68 < lower 335.83,exit short: close 336.12 > lower 335.85
2021-04-14,1,34,2021-04-14 09:00:00-05:00,338.72200000000004,2021-04-14 12:59:00-05:00,338.20799999999997,338.27,-174.76,long: close 338.65 > upper 337.25,stop
2021-04-14,1,21,2021-04-14 13:00:00-05:00,338.16200000000003,2021-04-14 14:00:00-05:00,337.308,337.36,-179.34,long: close 338.12 > upper 337.60,exit long: close 337.48 < upper 337.49
2021-04-15,1,15,2021-04-15 09:00:00-05:00,339.812,2021-04-15 14:30:00-05:00,339.748,338.64,-9.6,long: close 339.68 > upper 339.34,exit long: close 339.80 < upper 339.81
2021-04-19,-1,19,2021-04-19 10:00:00-05:00,340.308,2021-04-19 10:30:00-05:00,340.632,341.23,-61.56,short: close 340.35 < lower 340.56,exit short: close 340.57 > lower 340.57
2021-04-19,-1,15,2021-04-19 11:30:00-05:00,340.20799999999997,2021-04-19 13:00:00-05:00,340.392,341.40000000000003,-27.6,short: close 340.26 < lower 340.30,exit short: close 340.39 > lower 340.31
2021-04-20,-1,15,2021-04-20 10:00:00-05:00,338.228,2021-04-20 14:52:00-05:00,338.212,339.43,2.4,short: close 338.30 < lower 338.89,flatten
2021-04-21,1,22,2021-04-21 09:00:00-05:00,339.53200000000004,2021-04-21 14:52:00-05:00,341.0781,338.77,340.14,long: close 339.40 > upper 338.64,flatten
2021-04-22,-1,23,2021-04-22 09:00:00-05:00,340.158,2021-04-22 10:30:00-05:00,340.59700000000004,340.88,-100.97,short: close 340.28 < lower 340.49,exit short: close 340.55 > lower 340.45
2021-04-22,-1,17,2021-04-22 12:30:00-05:00,339.418,2021-04-22 14:52:00-05:00,338.172,340.41,211.82,short: close 339.50 < lower 340.22,flatten
2021-04-23,1,19,2021-04-23 09:30:00-05:00,338.892,2021-04-23 14:52:00-05:00,340.368,338.01,280.44,long: close 338.82 > upper 338.81,flatten
2021-04-28,-1,19,2021-04-28 09:00:00-05:00,338.508,2021-04-28 10:00:00-05:00,338.77000000000004,339.43,-49.78,short: close 338.55 < lower 338.61,exit short: close 338.70 > lower 338.37
2021-05-03,1,11,2021-05-03 09:00:00-05:00,341.892,2021-05-03 09:30:00-05:00,341.428,340.26,-51.04,long: close 341.98 > upper 341.48,exit long: close 341.47 < upper 341.62
2021-05-03,1,9,2021-05-03 10:30:00-05:00,341.872,2021-05-03 11:30:00-05:00,341.45799999999997,339.96,-37.26,long: close 341.81 > upper 341.76,exit long: close 341.57 < upper 341.85
2021-05-04,-1,14,2021-05-04 09:00:00-05:00,338.688,2021-05-04 11:30:00-05:00,339.832,339.98,-160.16,short: close 338.77 < lower 339.26,exit short: close 339.79 > lower 338.92
2021-05-06,1,14,2021-05-06 11:00:00-05:00,344.1221,2021-05-06 12:30:00-05:00,343.77799999999996,342.82,-48.17,long: close 344.01 > upper 343.95,exit long: close 343.83 < upper 343.90
2021-05-07,1,20,2021-05-07 09:00:00-05:00,346.432,2021-05-07 14:52:00-05:00,347.9979,345.6,313.18,long: close 346.34 > upper 346.21,flatten
2021-05-10,1,12,2021-05-10 09:00:00-05:00,350.402,2021-05-10 09:30:00-05:00,349.948,348.94,-54.48,long: close 350.34 > upper 350.01,exit long: close 350.07 < upper 350.21
2021-05-10,1,10,2021-05-10 10:30:00-05:00,351.022,2021-05-10 12:30:00-05:00,350.1568,349.25,-86.52,long: close 350.96 > upper 350.33,exit long: close 350.24 < upper 350.36
2021-05-11,-1,8,2021-05-11 09:30:00-05:00,342.45799999999997,2021-05-11 14:52:00-05:00,342.962,344.81,-40.32,short: close 342.53 < lower 344.02,flatten
2021-05-12,-1,11,2021-05-12 09:30:00-05:00,340.298,2021-05-12 14:52:00-05:00,336.072,341.95,464.86,short: close 340.41 < lower 340.57,flatten
2021-05-13,1,21,2021-05-13 09:00:00-05:00,339.882,2021-05-13 12:32:00-05:00,339.028,339.09000000000003,-179.34,long: close 339.73 > upper 336.95,stop
2021-05-13,1,13,2021-05-13 13:00:00-05:00,339.372,2021-05-13 14:52:00-05:00,341.21799999999996,338.06,239.98,long: close 339.32 > upper 337.47,flatten
2021-05-14,1,10,2021-05-14 09:00:00-05:00,343.822,2021-05-14 09:30:00-05:00,342.748,342.0,-107.4,long: close 343.80 > upper 343.17,exit long: close 342.81 < upper 343.55
2021-05-14,1,8,2021-05-14 12:00:00-05:00,343.992,2021-05-14 14:52:00-05:00,344.668,341.69,54.08,long: close 343.91 > upper 343.66,flatten
2021-05-20,1,13,2021-05-20 10:30:00-05:00,341.742,2021-05-20 14:52:00-05:00,341.538,340.33,-26.52,long: close 341.70 > upper 341.02,flatten
2021-05-21,1,13,2021-05-21 09:00:00-05:00,343.942,2021-05-21 09:30:00-05:00,342.948,342.63,-129.22,long: close 343.89 > upper 343.15,exit long: close 343.02 < upper 343.57
2021-06-07,-1,17,2021-06-07 09:30:00-05:00,347.098,2021-06-07 10:00:00-05:00,347.192,348.1,-15.98,short: close 347.18 < lower 347.19,exit short: close 347.08 > lower 347.04
2021-06-07,-1,14,2021-06-07 10:30:00-05:00,346.798,2021-06-07 14:52:00-05:00,346.53200000000004,348.06,37.24,short: close 346.85 < lower 346.93,flatten
2021-06-08,-1,25,2021-06-08 09:00:00-05:00,345.698,2021-06-08 09:30:00-05:00,345.942,346.36,-61.0,short: close 345.77 < lower 345.97,exit short: close 345.93 > lower 345.86
2021-06-08,-1,17,2021-06-08 10:30:00-05:00,345.118,2021-06-08 10:43:00-05:00,346.232,346.17,-189.38,short: close 345.20 < lower 345.58,stop
2021-06-11,-1,14,2021-06-11 11:30:00-05:00,343.728,2021-06-11 12:30:00-05:00,344.22200000000004,344.94,-69.16,short: close 343.81 < lower 344.31,exit short: close 344.17 > lower 344.13
2021-06-14,-1,25,2021-06-14 09:00:00-05:00,343.858,2021-06-14 14:52:00-05:00,343.842,344.51,4.0,short: close 343.90 < lower 344.30,flatten
2021-06-15,-1,27,2021-06-15 09:00:00-05:00,343.118,2021-06-15 13:00:00-05:00,343.682,343.73,-152.28,short: close 343.18 < lower 343.78,exit short: close 343.58 > lower 343.20
2021-06-16,-1,15,2021-06-16 12:30:00-05:00,341.7665,2021-06-16 14:52:00-05:00,341.04200000000003,342.92,108.67,short: close 341.86 < lower 342.28,flatten
2021-06-17,-1,25,2021-06-17 09:00:00-05:00,339.498,2021-06-17 14:52:00-05:00,339.082,340.17,104.0,short: close 339.57 < lower 339.99,flatten
2021-06-18,-1,6,2021-06-18 10:00:00-05:00,332.948,2021-06-18 10:30:00-05:00,333.512,336.11,-33.84,short: close 333.06 < lower 333.34,exit short: close 333.44 > lower 333.26
2021-06-21,1,10,2021-06-21 09:00:00-05:00,336.252,2021-06-21 14:52:00-05:00,338.498,334.45,224.6,long: close 336.12 > upper 335.86,flatten
2021-06-22,-1,29,2021-06-22 09:00:00-05:00,337.70799999999997,2021-06-22 09:08:00-05:00,338.332,338.27,-180.96,short: close 337.74 < lower 338.19,stop
2021-06-24,1,11,2021-06-24 09:00:00-05:00,341.452,2021-06-24 10:00:00-05:00,341.048,339.86,-44.44,long: close 341.31 > upper 341.30,exit long: close 341.10 < upper 341.72
2021-06-24,1,8,2021-06-24 12:00:00-05:00,342.072,2021-06-24 14:52:00-05:00,342.078,339.95,0.48,long: close 342.02 > upper 341.83,flatten
2021-06-28,-1,25,2021-06-28 09:00:00-05:00,343.268,2021-06-28 14:52:00-05:00,342.997,343.93,67.75,short: close 343.33 < lower 343.71,flatten
2021-06-30,1,20,2021-06-30 09:00:00-05:00,343.682,2021-06-30 14:52:00-05:00,345.068,342.82,277.2,long: close 343.56 > upper 343.49,flatten
2021-07-06,-1,24,2021-07-06 09:00:00-05:00,346.5011,2021-07-06 14:52:00-05:00,346.03200000000004,347.2,112.58,short: close 346.60 < lower 347.14,flatten
2021-07-09,1,11,2021-07-09 09:00:00-05:00,347.762,2021-07-09 14:52:00-05:00,348.828,346.11,117.26,long: close 347.67 > upper 347.15,flatten
2021-07-12,1,17,2021-07-12 09:00:00-05:00,349.642,2021-07-12 10:30:00-05:00,349.738,348.62,16.32,long: close 349.56 > upper 349.39,exit long: close 349.78 < upper 349.88
2021-07-16,-1,14,2021-07-16 09:30:00-05:00,348.238,2021-07-16 11:00:00-05:00,348.982,349.5,-104.16,short: close 348.35 < lower 349.08,exit short: close 348.92 > lower 348.66
2021-07-16,-1,10,2021-07-16 12:30:00-05:00,348.388,2021-07-16 14:52:00-05:00,346.482,350.13,190.6,short: close 348.47 < lower 348.60,flatten
2021-07-19,-1,6,2021-07-19 09:00:00-05:00,340.018,2021-07-19 14:52:00-05:00,338.78200000000004,343.18,74.16,short: close 340.17 < lower 341.11,flatten
2021-07-20,1,18,2021-07-20 09:00:00-05:00,343.78200000000004,2021-07-20 14:52:00-05:00,345.193,342.83,253.98,long: close 343.71 > upper 341.01,flatten
2021-08-03,-1,15,2021-08-03 09:00:00-05:00,347.14799999999997,2021-08-03 09:19:00-05:00,348.40200000000004,348.34000000000003,-188.1,short: close 347.26 < lower 347.53,stop
2021-08-03,1,9,2021-08-03 13:30:00-05:00,350.642,2021-08-03 14:00:00-05:00,350.548,348.76,-8.46,long: close 350.61 > upper 350.60,exit long: close 350.58 < upper 350.58
2021-08-04,-1,10,2021-08-04 10:30:00-05:00,348.298,2021-08-04 12:30:00-05:00,348.372,350.11,-7.4,short: close 348.35 < lower 348.56,exit short: close 348.27 > lower 348.12
2021-08-05,1,12,2021-08-05 10:00:00-05:00,349.932,2021-08-05 11:00:00-05:00,349.878,348.49,-6.48,long: close 349.87 > upper 349.83,exit long: close 349.93 < upper 350.01
2021-08-09,-1,19,2021-08-09 09:30:00-05:00,350.668,2021-08-09 09:53:00-05:00,351.612,351.55,-179.36,short: close 350.75 < lower 350.96,stop
2021-08-10,1,30,2021-08-10 09:30:00-05:00,352.702,2021-08-10 14:52:00-05:00,352.478,352.16,-67.2,long: close 352.64 > upper 351.81,flatten
2021-08-11,1,15,2021-08-11 09:00:00-05:00,354.72200000000004,2021-08-11 10:30:00-05:00,354.378,353.57,-51.6,long: close 354.62 > upper 354.49,exit long: close 354.49 < upper 354.51
2021-08-11,1,13,2021-08-11 12:00:00-05:00,354.78200000000004,2021-08-11 13:30:00-05:00,354.688,353.46,-12.22,long: close 354.72 > upper 354.66,exit long: close 354.75 < upper 354.80
2021-08-12,-1,26,2021-08-12 09:30:00-05:00,354.0781,2021-08-12 11:30:00-05:00,354.66200000000003,354.71,-151.81,short: close 354.15 < lower 354.45,exit short: close 354.60 > lower 354.19
2021-08-16,-1,17,2021-08-16 09:00:00-05:00,352.818,2021-08-16 09:07:00-05:00,353.932,353.87,-189.38,short: close 352.93 < lower 353.86,stop
2021-08-16,-1,16,2021-08-16 09:30:00-05:00,353.758,2021-08-16 10:00:00-05:00,354.142,354.84000000000003,-61.44,short: close 353.80 < lower 353.83,exit short: close 354.08 > lower 353.83
2021-08-17,-1,9,2021-08-17 09:00:00-05:00,353.168,2021-08-17 09:30:00-05:00,354.342,355.14,-105.66,short: close 353.22 < lower 353.29,exit short: close 354.27 > lower 353.33
2021-08-17,-1,9,2021-08-17 11:00:00-05:00,353.248,2021-08-17 14:30:00-05:00,353.262,355.24,-1.26,short: close 353.27 < lower 353.27,exit short: close 353.19 > lower 352.99
2021-08-20,1,17,2021-08-20 09:30:00-05:00,350.78200000000004,2021-08-20 14:52:00-05:00,351.258,349.78000000000003,80.92,long: close 350.64 > upper 350.22,flatten
2021-08-23,1,11,2021-08-23 10:30:00-05:00,353.962,2021-08-23 11:00:00-05:00,353.798,352.32,-18.04,long: close 353.89 > upper 353.69,exit long: close 353.83 < upper 353.92
2021-08-23,1,10,2021-08-23 11:30:00-05:00,354.052,2021-08-23 12:30:00-05:00,353.858,352.18,-19.4,long: close 353.98 > upper 353.92,exit long: close 353.91 < upper 354.02
2021-08-25,1,23,2021-08-25 10:30:00-05:00,354.592,2021-08-25 12:00:00-05:00,354.64799999999997,353.86,12.88,long: close 354.52 > upper 354.48,exit long: close 354.70 < upper 354.85
2021-08-25,1,20,2021-08-25 13:30:00-05:00,354.647,2021-08-25 14:00:00-05:00,354.288,353.81,-71.8,long: close 354.61 > upper 354.60,exit long: close 354.34 < upper 354.64
2021-08-26,-1,18,2021-08-26 10:00:00-05:00,352.938,2021-08-26 10:22:00-05:00,353.942,353.88,-180.72,short: close 353.13 < lower 353.42,stop
2021-08-26,-1,15,2021-08-26 12:30:00-05:00,352.998,2021-08-26 14:52:00-05:00,352.312,354.15000000000003,102.9,short: close 353.05 < lower 353.22,flatten
2021-08-27,1,16,2021-08-27 09:30:00-05:00,354.582,2021-08-27 14:52:00-05:00,354.58799999999997,353.51,0.96,long: close 354.48 > upper 353.49,flatten
2021-09-07,-1,19,2021-09-07 09:00:00-05:00,352.068,2021-09-07 14:52:00-05:00,351.482,352.96,111.34,short: close 352.12 < lower 353.01,flatten
2021-09-09,1,22,2021-09-09 09:00:00-05:00,351.622,2021-09-09 10:26:00-05:00,350.798,350.86,-181.28,long: close 351.55 > upper 351.42,stop
2021-09-09,-1,18,2021-09-09 13:00:00-05:00,349.27799999999996,2021-09-09 14:00:00-05:00,349.842,350.25,-101.52,short: close 349.38 < lower 349.69,exit short: close 349.76 > lower 349.62
2021-09-10,-1,10,2021-09-10 10:00:00-05:00,348.138,2021-09-10 11:00:00-05:00,348.60200000000003,349.93,-46.4,short: close 348.22 < lower 348.51,exit short: close 348.54 > lower 348.42
2021-09-14,-1,13,2021-09-14 09:30:00-05:00,348.098,2021-09-14 14:52:00-05:00,346.22200000000004,349.48,243.88,short: close 348.15 < lower 348.47,flatten
2021-09-15,1,22,2021-09-15 09:00:00-05:00,347.622,2021-09-15 09:13:00-05:00,346.758,346.84000000000003,-190.08,long: close 347.51 > upper 347.22,stop
2021-09-15,1,18,2021-09-15 11:30:00-05:00,347.932,2021-09-15 14:52:00-05:00,348.948,346.99,182.88,long: close 347.84 > upper 347.38,flatten
2021-09-16,-1,21,2021-09-16 09:00:00-05:00,347.868,2021-09-16 13:00:00-05:00,348.012,348.69,-30.24,short: close 347.86 < lower 348.07,exit short: close 347.92 > lower 347.62
2021-09-17,-1,9,2021-09-17 10:00:00-05:00,345.4481,2021-09-17 11:30:00-05:00,346.03200000000004,347.39,-52.55,short: close 345.50 < lower 345.55,exit short: close 345.92 > lower 345.86
2021-09-17,-1,10,2021-09-17 12:30:00-05:00,345.578,2021-09-17 14:30:00-05:00,345.642,347.41,-6.4,short: close 345.63 < lower 345.66,exit short: close 345.59 > lower 345.52
2021-09-20,-1,5,2021-09-20 11:30:00-05:00,338.688,2021-09-20 14:52:00-05:00,339.132,342.29,-22.2,short: close 338.75 < lower 339.34,flatten
2021-09-22,1,9,2021-09-22 09:00:00-05:00,342.272,2021-09-22 14:52:00-05:00,342.568,340.36,26.64,long: close 342.21 > upper 342.05,flatten
2021-09-23,1,9,2021-09-23 09:00:00-05:00,346.682,2021-09-23 14:52:00-05:00,347.518,344.6,75.24,long: close 346.49 > upper 345.73,flatten
2021-09-27,1,13,2021-09-27 09:00:00-05:00,350.192,2021-09-27 10:00:00-05:00,349.33799999999997,348.84000000000003,-111.02,long: close 350.13 > upper 349.43,exit long: close 349.40 < upper 349.95
2021-09-28,-1,10,2021-09-28 09:00:00-05:00,345.978,2021-09-28 14:52:00-05:00,342.992,347.78000000000003,298.6,short: close 346.09 < lower 346.16,flatten
2021-09-30,-1,8,2021-09-30 10:00:00-05:00,341.928,2021-09-30 10:30:00-05:00,342.902,344.26,-77.92,short: close 342.01 < lower 342.13,exit short: close 342.83 > lower 342.18
2021-09-30,-1,8,2021-09-30 11:00:00-05:00,340.478,2021-09-30 14:52:00-05:00,339.132,342.72,107.68,short: close 340.62 < lower 342.21,flatten
2021-10-01,1,6,2021-10-01 13:00:00-05:00,342.79200000000003,2021-10-01 14:52:00-05:00,343.578,339.84000000000003,47.16,long: close 342.67 > upper 342.09,flatten
2021-10-04,-1,11,2021-10-04 09:30:00-05:00,340.908,2021-10-04 14:52:00-05:00,339.122,342.56,196.46,short: close 341.01 < lower 341.27,flatten
2021-10-05,1,9,2021-10-05 09:30:00-05:00,344.192,2021-10-05 14:52:00-05:00,343.818,342.29,-33.66,long: close 344.12 > upper 342.48,flatten
2021-10-06,-1,8,2021-10-06 09:00:00-05:00,339.228,2021-10-06 09:30:00-05:00,340.632,341.54,-112.32,short: close 339.35 < lower 339.50,exit short: close 340.59 > lower 338.98
2021-10-07,1,8,2021-10-07 09:00:00-05:00,348.982,2021-10-07 13:00:00-05:00,348.77799999999996,346.63,-16.32,long: close 348.93 > upper 347.87,exit long: close 348.85 < upper 349.25
2021-10-11,1,15,2021-10-11 09:00:00-05:00,349.052,2021-10-11 10:00:00-05:00,348.758,347.92,-44.1,long: close 348.89 > upper 348.71,exit long: close 348.86 < upper 349.46
2021-10-13,-1,15,2021-10-13 09:00:00-05:00,342.358,2021-10-13 10:00:00-05:00,342.172,343.54,27.9,short: close 342.45 < lower 342.68,exit short: close 342.13 > lower 342.11
2021-10-13,-1,11,2021-10-13 10:30:00-05:00,341.928,2021-10-13 11:00:00-05:00,342.69460000000004,343.6,-84.33,short: close 342.02 < lower 342.20,exit short: close 342.60 > lower 341.96
2021-10-20,1,20,2021-10-20 09:00:00-05:00,355.442,2021-10-20 10:00:00-05:00,355.818,354.61,75.2,long: close 355.37 > upper 355.34,exit long: close 355.88 < upper 355.96
2021-10-20,1,12,2021-10-20 11:00:00-05:00,356.112,2021-10-20 12:30:00-05:00,356.008,354.57,-12.48,long: close 356.06 > upper 356.05,exit long: close 356.08 < upper 356.26
2021-10-22,1,21,2021-10-22 09:00:00-05:00,357.327,2021-10-22 10:00:00-05:00,356.698,356.51,-132.09,long: close 357.24 > upper 356.80,exit long: close 356.81 < upper 357.30
2021-10-27,-1,15,2021-10-27 10:00:00-05:00,356.418,2021-10-27 11:30:00-05:00,356.732,357.58,-47.1,short: close 356.51 < lower 356.63,exit short: close 356.72 > lower 356.66
2021-10-27,-1,15,2021-10-27 12:00:00-05:00,356.40299999999996,2021-10-27 12:30:00-05:00,356.832,357.56,-64.35,short: close 356.48 < lower 356.64,exit short: close 356.76 > lower 356.57
2021-10-28,1,17,2021-10-28 09:00:00-05:00,357.002,2021-10-28 11:00:00-05:00,356.128,356.0,-148.58,long: close 356.90 > upper 356.36,exit long: close 356.21 < upper 356.56
2021-10-28,1,14,2021-10-28 13:00:00-05:00,356.742,2021-10-28 14:00:00-05:00,356.288,355.5,-63.56,long: close 356.64 > upper 356.60,exit long: close 356.37 < upper 356.58
2021-10-29,1,16,2021-10-29 11:30:00-05:00,358.4807,2021-10-29 12:00:00-05:00,357.918,357.41,-90.03,long: close 358.44 > upper 358.05,exit long: close 357.99 < upper 358.11
2021-11-02,1,17,2021-11-02 11:30:00-05:00,360.492,2021-11-02 14:52:00-05:00,360.258,359.47,-39.78,long: close 360.42 > upper 360.29,flatten
2021-11-04,-1,20,2021-11-04 10:30:00-05:00,360.308,2021-11-04 11:00:00-05:00,360.902,361.15000000000003,-118.8,short: close 360.38 < lower 360.61,exit short: close 360.82 > lower 360.64
2021-11-04,-1,18,2021-11-04 13:00:00-05:00,360.388,2021-11-04 14:52:00-05:00,360.822,361.37,-78.12,short: close 360.43 < lower 360.47,flatten
2021-11-05,1,14,2021-11-05 09:00:00-05:00,364.482,2021-11-05 11:00:00-05:00,363.39799999999997,363.2,-151.76,long: close 364.45 > upper 363.44,exit long: close 363.45 < upper 363.69
2021-11-09,-1,26,2021-11-09 09:00:00-06:00,362.878,2021-11-09 14:52:00-06:00,363.052,363.5,-45.24,short: close 362.91 < lower 363.62,flatten
2021-11-10,-1,14,2021-11-10 13:00:00-06:00,361.45799999999997,2021-11-10 14:52:00-06:00,361.362,362.76,13.44,short: close 361.61 < lower 361.62,flatten
2021-11-11,-1,22,2021-11-11 09:30:00-06:00,360.068,2021-11-11 14:52:00-06:00,359.78200000000004,360.83,62.92,short: close 360.14 < lower 360.37,flatten
2021-11-16,1,20,2021-11-16 09:00:00-06:00,362.992,2021-11-16 09:30:00-06:00,362.2095,362.12,-156.5,long: close 362.93 > upper 362.41,exit long: close 362.26 < upper 362.51
2021-11-16,1,15,2021-11-16 10:30:00-06:00,363.232,2021-11-16 13:30:00-06:00,362.758,362.07,-71.1,long: close 363.16 > upper 362.70,exit long: close 362.82 < upper 362.86
2021-11-17,-1,19,2021-11-17 09:00:00-06:00,360.248,2021-11-17 14:52:00-06:00,360.35200000000003,361.13,-19.76,short: close 360.32 < lower 360.79,flatten
2021-11-18,-1,23,2021-11-18 09:00:00-06:00,358.71799999999996,2021-11-18 11:10:00-06:00,359.502,359.44,-180.32,short: close 358.77 < lower 359.20,stop
2021-11-19,-1,12,2021-11-19 09:00:00-06:00,356.768,2021-11-19 10:30:00-06:00,357.002,358.21,-28.08,short: close 356.80 < lower 357.16,exit short: close 356.93 > lower 356.91
2021-11-19,-1,11,2021-11-19 11:00:00-06:00,356.618,2021-11-19 12:00:00-06:00,357.142,358.24,-57.64,short: close 356.69 < lower 356.98,exit short: close 357.05 > lower 357.00
2021-11-22,1,12,2021-11-22 09:00:00-06:00,358.772,2021-11-22 11:00:00-06:00,357.948,357.24,-98.88,long: close 358.70 > upper 358.22,exit long: close 358.01 < upper 358.36
2021-11-23,1,21,2021-11-23 09:00:00-06:00,357.112,2021-11-23 09:08:00-06:00,356.228,356.29,-185.64,long: close 357.04 > upper 357.03,stop
2021-11-26,-1,4,2021-11-26 09:00:00-06:00,349.118,2021-11-26 11:30:00-06:00,349.8707,353.84000000000003,-30.11,short: close 349.21 < lower 349.46,exit short: close 349.82 > lower 349.43
2021-11-26,-1,4,2021-11-26 12:00:00-06:00,349.02799999999996,2021-11-26 14:55:00-06:00,347.562,353.71,58.64,short: close 349.08 < lower 349.49,flatten
2021-11-30,-1,7,2021-11-30 10:00:00-06:00,346.058,2021-11-30 14:52:00-06:00,344.8232,348.46,86.44,short: close 346.10 < lower 347.60,flatten
2021-12-01,1,6,2021-12-01 10:00:00-06:00,349.582,2021-12-01 11:00:00-06:00,348.668,346.81,-54.84,long: close 349.51 > upper 349.17,exit long: close 348.75 < upper 349.09
2021-12-02,1,12,2021-12-02 09:00:00-06:00,345.592,2021-12-02 09:35:00-06:00,343.988,344.05,-192.48,long: close 345.53 > upper 342.67,stop
2021-12-02,1,9,2021-12-02 10:00:00-06:00,345.382,2021-12-02 14:52:00-06:00,346.628,343.45,112.14,long: close 345.37 > upper 343.06,flatten
2021-12-03,-1,9,2021-12-03 10:00:00-06:00,344.228,2021-12-03 10:30:00-06:00,345.652,346.15000000000003,-128.16,short: close 344.31 < lower 345.44,exit short: close 345.56 > lower 345.28
2021-12-03,-1,9,2021-12-03 11:00:00-06:00,344.20799999999997,2021-12-03 11:38:00-06:00,346.15200000000004,346.09000000000003,-174.96,short: close 344.24 < lower 345.48,stop
2021-12-06,1,7,2021-12-06 09:00:00-06:00,351.41200000000003,2021-12-06 14:52:00-06:00,352.71799999999996,348.74,91.42,long: close 351.34 > upper 350.41,flatten
2021-12-07,1,6,2021-12-07 09:00:00-06:00,357.512,2021-12-07 13:00:00-06:00,357.788,354.62,16.56,long: close 357.43 > upper 357.27,exit long: close 357.87 < upper 357.94
2021-12-13,-1,11,2021-12-13 09:00:00-06:00,357.748,2021-12-13 13:00:00-06:00,357.60200000000003,359.36,16.06,short: close 357.84 < lower 358.22,exit short: close 357.58 > lower 357.36
2021-12-17,-1,6,2021-12-17 09:00:00-06:00,353.938,2021-12-17 10:00:00-06:00,355.842,356.78000000000003,-114.24,short: close 354.05 < lower 355.05,exit short: close 355.77 > lower 354.31
2021-12-17,-1,5,2021-12-17 11:00:00-06:00,354.228,2021-12-17 12:00:00-06:00,354.72200000000004,357.58,-24.7,short: close 354.32 < lower 354.55,exit short: close 354.70 > lower 354.45
2021-12-20,-1,5,2021-12-20 09:00:00-06:00,347.938,2021-12-20 13:00:00-06:00,348.242,351.3,-15.2,short: close 347.97 < lower 348.13,exit short: close 348.19 > lower 347.53
2021-12-21,1,6,2021-12-21 11:30:00-06:00,354.512,2021-12-21 14:52:00-06:00,354.238,351.31,-16.44,long: close 354.44 > upper 353.92,flatten
2021-12-22,1,8,2021-12-22 12:00:00-06:00,357.122,2021-12-22 13:00:00-06:00,356.638,355.02,-38.72,long: close 357.08 > upper 356.98,exit long: close 356.72 < upper 356.79
2021-12-23,1,9,2021-12-23 13:30:00-06:00,360.272,2021-12-23 14:52:00-06:00,360.388,358.18,10.44,long: close 360.25 > upper 360.00,flatten
2021-12-27,1,10,2021-12-27 10:30:00-06:00,361.522,2021-12-27 12:00:00-06:00,361.578,359.8,5.6,long: close 361.52 > upper 361.43,exit long: close 361.65 < upper 361.84
2021-12-27,1,9,2021-12-27 12:30:00-06:00,361.882,2021-12-27 14:52:00-06:00,362.728,359.95,76.14,long: close 361.83 > upper 361.64,flatten
2021-12-28,1,17,2021-12-28 09:00:00-06:00,364.772,2021-12-28 11:29:00-06:00,363.698,363.76,-182.58,long: close 364.72 > upper 364.04,stop
2022-01-04,1,11,2022-01-04 09:00:00-06:00,368.402,2022-01-04 10:30:00-06:00,368.058,366.72,-37.84,long: close 368.35 > upper 368.19,exit long: close 368.13 < upper 368.17
2022-01-04,1,10,2022-01-04 11:30:00-06:00,368.422,2022-01-04 12:00:00-06:00,367.828,366.61,-59.4,long: close 368.40 > upper 368.32,exit long: close 367.92 < upper 368.53
2022-01-05,1,15,2022-01-05 11:30:00-06:00,369.53200000000004,2022-01-05 12:00:00-06:00,368.888,368.33,-96.6,long: close 369.45 > upper 369.01,exit long: close 368.96 < upper 369.13
2022-01-06,-1,22,2022-01-06 09:00:00-06:00,362.368,2022-01-06 09:25:00-06:00,363.192,363.13,-181.28,short: close 362.46 < lower 363.34,stop
2022-01-06,-1,17,2022-01-06 09:30:00-06:00,362.578,2022-01-06 09:43:00-06:00,363.692,363.63,-189.38,short: close 362.65 < lower 363.05,stop
2022-01-10,-1,13,2022-01-10 09:00:00-06:00,358.488,2022-01-10 13:08:00-06:00,359.872,359.81,-179.92,short: close 358.60 < lower 360.37,stop
2022-01-10,-1,10,2022-01-10 13:30:00-06:00,359.693,2022-01-10 14:52:00-06:00,360.04200000000003,361.52,-34.9,short: close 359.81 < lower 359.86,flatten
2022-01-11,-1,21,2022-01-11 09:00:00-06:00,358.108,2022-01-11 09:17:00-06:00,358.982,358.92,-183.54,short: close 358.15 < lower 359.92,stop
2022-01-11,-1,16,2022-01-11 09:30:00-06:00,358.858,2022-01-11 10:17:00-06:00,359.982,359.92,-179.84,short: close 358.90 < lower 359.67,stop
2022-01-14,-1,7,2022-01-14 12:00:00-06:00,356.71799999999996,2022-01-14 13:00:00-06:00,357.552,359.17,-58.38,short: close 356.85 < lower 357.26,exit short: close 357.51 > lower 357.19
2022-01-14,-1,7,2022-01-14 13:30:00-06:00,357.08799999999997,2022-01-14 14:00:00-06:00,357.682,359.61,-41.58,short: close 357.18 < lower 357.18,exit short: close 357.66 > lower 357.04
2022-01-18,-1,6,2022-01-18 09:00:00-06:00,353.688,2022-01-18 14:00:00-06:00,355.082,356.57,-83.64,short: close 353.74 < lower 354.36,exit short: close 354.98 > lower 354.27
2022-01-19,-1,12,2022-01-19 09:30:00-06:00,352.788,2022-01-19 10:00:00-06:00,353.54200000000003,354.22,-90.48,short: close 352.82 < lower 352.98,exit short: close 353.56 > lower 352.93
2022-01-19,-1,12,2022-01-19 13:30:00-06:00,351.818,2022-01-19 14:52:00-06:00,351.202,353.27,73.92,short: close 351.89 < lower 352.96,flatten
2022-01-20,1,12,2022-01-20 09:00:00-06:00,353.992,2022-01-20 13:13:00-06:00,352.438,352.5,-186.48,long: close 353.85 > upper 352.42,stop
2022-01-21,-1,14,2022-01-21 09:30:00-06:00,345.658,2022-01-21 09:33:00-06:00,346.952,346.89,-181.16,short: close 345.74 < lower 345.94,stop
2022-01-21,-1,15,2022-01-21 11:30:00-06:00,345.878,2022-01-21 14:52:00-06:00,343.22200000000004,347.04,398.4,short: close 345.94 < lower 346.01,flatten
2022-01-24,-1,6,2022-01-24 09:00:00-06:00,336.4681,2022-01-24 13:00:00-06:00,337.642,339.52,-70.43,short: close 336.53 < lower 337.33,exit short: close 337.55 > lower 337.38
2022-01-24,-1,6,2022-01-24 13:30:00-06:00,335.668,2022-01-24 14:15:00-06:00,338.862,338.8,-191.64,short: close 335.77 < lower 337.24,stop
2022-01-25,-1,6,2022-01-25 09:00:00-06:00,336.888,2022-01-25 09:30:00-06:00,339.772,339.81,-173.04,short: close 336.91 < lower 339.07,exit short: close 339.75 > lower 338.94
2022-01-25,-1,6,2022-01-25 11:00:00-06:00,338.668,2022-01-25 11:30:00-06:00,340.802,341.66,-128.04,short: close 338.77 < lower 339.00,exit short: close 340.74 > lower 338.77
2022-01-26,1,6,2022-01-26 09:00:00-06:00,347.522,2022-01-26 09:28:00-06:00,344.548,344.61,-178.44,long: close 347.42 > upper 347.42,stop
2022-01-27,1,6,2022-01-27 09:00:00-06:00,346.822,2022-01-27 09:30:00-06:00,344.7781,343.92,-122.63,long: close 346.78 > upper 345.85,exit long: close 344.84 < upper 345.65
2022-01-27,1,6,2022-01-27 10:00:00-06:00,346.66200000000003,2022-01-27 10:30:00-06:00,345.438,343.88,-73.44,long: close 346.59 > upper 345.73,exit long: close 345.49 < upper 345.58
2022-01-28,-1,11,2022-01-28 09:00:00-06:00,338.20799999999997,2022-01-28 09:11:00-06:00,339.952,339.89,-191.84,short: close 338.33 < lower 340.00,stop
2022-01-28,-1,13,2022-01-28 09:30:00-06:00,339.928,2022-01-28 10:00:00-06:00,341.29200000000003,341.29,-177.32,short: close 339.95 < lower 340.33,exit short: close 341.18 > lower 340.12
2022-01-31,1,8,2022-01-31 12:00:00-06:00,349.062,2022-01-31 14:52:00-06:00,350.928,346.94,149.28,long: close 348.98 > upper 348.57,flatten
2022-02-02,1,12,2022-02-02 12:00:00-06:00,355.482,2022-02-02 12:30:00-06:00,354.628,353.95,-102.48,long: close 355.43 > upper 355.20,exit long: close 354.71 < upper 355.47
2022-02-02,1,11,2022-02-02 13:00:00-06:00,355.402,2022-02-02 13:30:00-06:00,355.428,353.79,2.86,long: close 355.34 > upper 355.28,exit long: close 355.49 < upper 355.63
2022-02-03,-1,9,2022-02-03 09:00:00-06:00,352.77799999999996,2022-02-03 10:00:00-06:00,353.882,354.87,-99.36,short: close 352.78 < lower 353.33,exit short: close 353.81 > lower 353.65
2022-02-03,-1,11,2022-02-03 10:30:00-06:00,353.658,2022-02-03 13:00:00-06:00,353.432,355.27,24.86,short: close 353.74 < lower 353.81,exit short: close 353.38 > lower 353.25
2022-02-04,-1,12,2022-02-04 10:00:00-06:00,348.138,2022-02-04 10:34:00-06:00,349.732,349.67,-191.28,short: close 348.28 < lower 349.16,stop
2022-02-08,1,13,2022-02-08 10:30:00-06:00,353.052,2022-02-08 13:30:00-06:00,353.353,351.66,39.13,long: close 352.92 > upper 352.62,exit long: close 353.44 < upper 353.65
2022-02-11,1,17,2022-02-11 09:30:00-06:00,353.932,2022-02-11 10:00:00-06:00,353.448,352.90000000000003,-82.28,long: close 353.81 > upper 353.50,exit long: close 353.49 < upper 353.59
2022-02-11,-1,11,2022-02-11 13:00:00-06:00,347.788,2022-02-11 13:15:00-06:00,349.422,349.36,-179.74,short: close 347.90 < lower 350.90,stop
2022-02-14,-1,15,2022-02-14 09:30:00-06:00,344.768,2022-02-14 10:43:00-06:00,346.03200000000004,345.97,-189.6,short: close 344.80 < lower 345.81,stop
2022-02-14,-1,9,2022-02-14 13:00:00-06:00,343.758,2022-02-14 14:00:00-06:00,344.962,345.79,-108.36,short: close 343.88 < lower 344.97,exit short: close 344.92 > lower 344.32
2022-02-15,1,7,2022-02-15 09:30:00-06:00,350.16200000000003,2022-02-15 11:30:00-06:00,349.438,347.55,-50.68,long: close 350.07 > upper 349.97,exit long: close 349.54 < upper 349.87
2022-02-16,-1,9,2022-02-16 10:00:00-06:00,347.548,2022-02-16 10:30:00-06:00,348.302,349.43,-67.86,short: close 347.55 < lower 347.57,exit short: close 348.27 > lower 347.99
2022-02-16,-1,11,2022-02-16 11:30:00-06:00,347.58799999999997,2022-02-16 12:30:00-06:00,347.482,349.25,11.66,short: close 347.67 < lower 347.80,exit short: close 347.41 > lower 347.36
2022-02-17,-1,9,2022-02-17 09:00:00-06:00,345.228,2022-02-17 14:52:00-06:00,343.29200000000003,347.24,174.24,short: close 345.31 < lower 346.57,flatten
2022-02-18,-1,16,2022-02-18 10:30:00-06:00,341.888,2022-02-18 13:30:00-06:00,342.682,342.99,-127.04,short: close 341.92 < lower 342.08,exit short: close 342.60 > lower 341.09
2022-02-22,-1,10,2022-02-22 10:30:00-06:00,337.768,2022-02-22 11:00:00-06:00,337.892,339.64,-12.4,short: close 337.82 < lower 337.97,exit short: close 337.86 > lower 337.78
2022-02-22,-1,9,2022-02-22 11:30:00-06:00,337.203,2022-02-22 14:30:00-06:00,337.232,339.22,-2.61,short: close 337.27 < lower 337.82,exit short: close 337.20 > lower 336.79
2022-02-23,-1,9,2022-02-23 10:30:00-06:00,334.728,2022-02-23 11:00:00-06:00,335.9801,336.72,-112.69,short: close 334.73 < lower 335.05,exit short: close 335.89 > lower 334.84
2022-02-23,-1,7,2022-02-23 12:30:00-06:00,333.828,2022-02-23 14:52:00-06:00,330.94710000000003,336.33,201.66,short: close 333.76 < lower 334.54,flatten
2022-02-25,1,9,2022-02-25 09:30:00-06:00,336.062,2022-02-25 14:52:00-06:00,340.628,334.18,410.94,long: close 336.01 > upper 334.89,flatten
2022-03-01,-1,8,2022-03-01 09:30:00-06:00,335.938,2022-03-01 14:52:00-06:00,332.112,338.19,306.08,short: close 335.92 < lower 335.96,flatten
2022-03-02,1,6,2022-03-02 10:00:00-06:00,337.47200000000004,2022-03-02 14:52:00-06:00,339.95799999999997,334.63,149.16,long: close 337.41 > upper 337.10,flatten
2022-03-07,-1,12,2022-03-07 09:00:00-06:00,332.688,2022-03-07 14:52:00-06:00,328.822,334.16,463.92,short: close 332.82 < lower 334.28,flatten
2022-03-08,-1,12,2022-03-08 09:30:00-06:00,326.608,2022-03-08 09:54:00-06:00,328.122,328.06,-181.68,short: close 326.74 < lower 327.04,stop
2022-03-08,1,7,2022-03-08 11:30:00-06:00,332.482,2022-03-08 12:41:00-06:00,329.95799999999997,330.02,-176.68,long: close 332.40 > upper 330.95,stop
2022-03-14,1,8,2022-03-14 09:30:00-05:00,333.22200000000004,2022-03-14 10:30:00-05:00,333.418,331.01,15.68,long: close 333.20 > upper 333.10,exit long: close 333.55 < upper 333.89
2022-03-15,1,5,2022-03-15 11:30:00-05:00,334.832,2022-03-15 12:30:00-05:00,333.618,331.32,-60.7,long: close 334.79 > upper 334.57,exit long: close 333.65 < upper 334.60
2022-03-16,1,7,2022-03-16 09:30:00-05:00,340.562,2022-03-16 10:00:00-05:00,340.14799999999997,337.84000000000003,-28.98,long: close 340.46 > upper 340.40,exit long: close 340.18 < upper 341.03
2022-03-17,1,6,2022-03-17 13:00:00-05:00,344.182,2022-03-17 13:30:00-05:00,343.518,341.03000000000003,-39.84,long: close 344.11 > upper 343.76,exit long: close 343.55 < upper 343.86
2022-03-21,-1,7,2022-03-21 12:00:00-05:00,344.198,2022-03-21 13:30:00-05:00,344.922,346.74,-50.68,short: close 344.32 < lower 344.37,exit short: close 344.88 > lower 344.25
2022-03-23,-1,9,2022-03-23 09:00:00-05:00,345.08799999999997,2022-03-23 09:30:00-05:00,345.952,346.98,-77.76,short: close 345.17 < lower 345.21,exit short: close 345.84 > lower 344.94
2022-03-23,-1,6,2022-03-23 12:30:00-05:00,343.878,2022-03-23 13:00:00-05:00,344.482,346.75,-36.24,short: close 343.96 < lower 344.24,exit short: close 344.40 > lower 344.32
2022-03-24,1,12,2022-03-24 10:30:00-05:00,345.91200000000003,2022-03-24 11:30:00-05:00,345.138,344.38,-92.88,long: close 345.78 > upper 345.48,exit long: close 345.21 < upper 346.21
2022-03-25,1,12,2022-03-25 09:30:00-05:00,348.962,2022-03-25 10:12:00-05:00,347.408,347.47,-186.48,long: close 348.91 > upper 348.89,stop
2022-03-28,-1,14,2022-03-28 10:30:00-05:00,346.733,2022-03-28 12:00:00-05:00,346.612,348.01,16.94,short: close 346.75 < lower 346.85,exit short: close 346.55 > lower 346.18
2022-04-05,1,15,2022-04-05 09:00:00-05:00,350.29200000000003,2022-04-05 09:08:00-05:00,349.068,349.13,-183.6,long: close 350.18 > upper 349.67,stop
2022-04-07,-1,15,2022-04-07 09:30:00-05:00,342.348,2022-04-07 11:00:00-05:00,343.112,343.54,-114.6,short: close 342.43 < lower 343.12,exit short: close 343.07 > lower 342.90
2022-04-08,1,22,2022-04-08 10:00:00-05:00,348.432,2022-04-08 13:25:00-05:00,347.598,347.66,-183.48,long: close 348.40 > upper 346.60,stop
2022-04-08,1,19,2022-04-08 13:30:00-05:00,347.712,2022-04-08 14:52:00-05:00,347.068,346.8,-122.36,long: close 347.64 > upper 346.74,flatten
2022-04-12,1,15,2022-04-12 09:00:00-05:00,346.132,2022-04-12 09:28:00-05:00,344.883,344.95,-187.35,long: close 345.99 > upper 344.98,stop
2022-04-12,1,12,2022-04-12 10:30:00-05:00,345.832,2022-04-12 11:25:00-05:00,344.318,344.38,-181.68,long: close 345.64 > upper 345.25,stop
2022-04-13,1,17,2022-04-13 10:00:00-05:00,343.112,2022-04-13 14:52:00-05:00,345.638,342.1,429.42,long: close 343.06 > upper 342.96,flatten
2022-04-19,1,20,2022-04-19 09:00:00-05:00,347.202,2022-04-19 14:52:00-05:00,349.678,346.36,495.2,long: close 347.11 > upper 345.05,flatten
2022-04-20,1,9,2022-04-20 10:00:00-05:00,352.47200000000004,2022-04-20 10:30:00-05:00,351.538,350.53000000000003,-84.06,long: close 352.39 > upper 352.05,exit long: close 351.54 < upper 352.14
2022-04-20,1,9,2022-04-20 11:00:00-05:00,352.272,2022-04-20 11:30:00-05:00,351.46799999999996,350.2,-72.36,long: close 352.22 > upper 352.17,exit long: close 351.53 < upper 352.22
2022-04-21,-1,7,2022-04-21 13:30:00-05:00,349.918,2022-04-21 14:52:00-05:00,348.252,352.39,116.62,short: close 350.01 < lower 350.31,flatten
2022-04-22,-1,11,2022-04-22 09:00:00-05:00,344.158,2022-04-22 14:52:00-05:00,338.4672,345.8,625.99,short: close 344.21 < lower 345.42,flatten
2022-04-25,-1,9,2022-04-25 09:00:00-05:00,334.118,2022-04-25 09:34:00-05:00,336.10200000000003,336.04,-178.56,short: close 334.21 < lower 335.45,stop
2022-04-25,-1,8,2022-04-25 10:00:00-05:00,333.788,2022-04-25 11:23:00-05:00,335.952,335.89,-173.12,short: close 333.88 < lower 335.27,stop
2022-04-26,-1,7,2022-04-26 10:00:00-05:00,336.258,2022-04-26 14:52:00-05:00,333.362,338.92,202.72,short: close 336.34 < lower 336.67,flatten
2022-04-27,1,10,2022-04-27 09:00:00-05:00,335.252,2022-04-27 09:11:00-05:00,333.388,333.45,-186.4,long: close 335.16 > upper 334.87,stop
2022-04-27,1,8,2022-04-27 11:30:00-05:00,336.66200000000003,2022-04-27 13:30:00-05:00,335.4373,334.38,-97.98,long: close 336.46 > upper 335.36,exit long: close 335.49 < upper 335.90
2022-04-28,1,6,2022-04-28 12:00:00-05:00,338.092,2022-04-28 14:52:00-05:00,338.71799999999996,335.28000000000003,37.56,long: close 338.00 > upper 336.99,flatten
2022-04-29,-1,9,2022-04-29 09:30:00-05:00,335.288,2022-04-29 14:52:00-05:00,330.35200000000003,337.26,444.24,short: close 335.44 < lower 336.60,flatten
2022-05-02,-1,8,2022-05-02 12:00:00-05:00,327.46799999999996,2022-05-02 14:26:00-05:00,329.79200000000003,329.73,-185.92,short: close 327.53 < lower 327.79,stop
2022-05-05,-1,7,2022-05-05 09:00:00-05:00,335.998,2022-05-05 14:52:00-05:00,329.552,338.44,451.22,short: close 336.05 < lower 336.80,flatten
2022-05-06,-1,7,2022-05-06 09:00:00-05:00,325.268,2022-05-06 09:18:00-05:00,327.71200000000005,327.65000000000003,-171.08,short: close 325.39 < lower 326.63,stop
2022-05-10,-1,5,2022-05-10 11:30:00-05:00,320.058,2022-05-10 12:30:00-05:00,321.612,323.89,-77.7,short: close 320.15 < lower 320.75,exit short: close 321.49 > lower 320.28
2022-05-11,1,16,2022-05-11 09:00:00-05:00,324.572,2022-05-11 09:09:00-05:00,323.418,323.48,-184.64,long: close 324.54 > upper 322.85,stop
2022-05-11,1,13,2022-05-11 09:30:00-05:00,325.022,2022-05-11 10:03:00-05:00,323.628,323.69,-181.22,long: close 324.98 > upper 323.09,stop
2022-05-13,1,7,2022-05-13 09:30:00-05:00,322.482,2022-05-13 11:00:00-05:00,322.128,319.86,-24.78,long: close 322.38 > upper 321.51,exit long: close 322.18 < upper 322.35
2022-05-13,1,6,2022-05-13 11:30:00-05:00,322.342,2022-05-13 12:00:00-05:00,321.7804,319.22,-33.7,long: close 322.24 > upper 322.02,exit long: close 321.83 < upper 322.47
2022-05-16,-1,14,2022-05-16 09:00:00-05:00,320.298,2022-05-16 09:12:00-05:00,321.632,321.57,-186.76,short: close 320.48 < lower 320.69,stop
2022-05-16,1,6,2022-05-16 13:30:00-05:00,325.312,2022-05-16 14:00:00-05:00,324.698,322.21,-36.84,long: close 325.20 > upper 325.07,exit long: close 324.76 < upper 325.26
2022-05-18,-1,7,2022-05-18 09:00:00-05:00,322.418,2022-05-18 14:52:00-05:00,314.97200000000004,324.90000000000003,521.22,short: close 322.50 < lower 323.15,flatten
2022-05-20,-1,7,2022-05-20 10:00:00-05:00,310.4584,2022-05-20 14:52:00-05:00,312.272,312.99,-126.95,short: close 310.53 < lower 311.47,flatten
2022-05-23,1,6,2022-05-23 09:30:00-05:00,317.432,2022-05-23 14:30:00-05:00,318.428,314.5,59.76,long: close 317.36 > upper 316.82,exit long: close 318.48 < upper 318.72
2022-05-24,-1,5,2022-05-24 10:00:00-05:00,314.418,2022-05-24 10:30:00-05:00,314.582,317.68,-8.2,short: close 314.42 < lower 314.44,exit short: close 314.55 > lower 313.92
2022-05-26,1,9,2022-05-26 09:00:00-05:00,325.322,2022-05-26 14:52:00-05:00,326.978,323.43,149.04,long: close 325.21 > upper 324.04,flatten
2022-05-27,1,13,2022-05-27 09:00:00-05:00,328.942,2022-05-27 09:30:00-05:00,328.788,327.54,-20.02,long: close 328.84 > upper 328.15,exit long: close 328.83 < upper 328.95
2022-05-27,1,6,2022-05-27 11:00:00-05:00,329.952,2022-05-27 13:01:00-05:00,329.538,327.02,-24.84,long: close 329.86 > upper 329.67,exit long: close 329.64 < upper 329.86
2022-05-31,-1,8,2022-05-31 09:00:00-05:00,328.668,2022-05-31 09:30:00-05:00,329.47200000000004,330.81,-64.32,short: close 328.75 < lower 329.01,exit short: close 329.41 > lower 328.16
2022-06-01,-1,5,2022-06-01 10:30:00-05:00,327.198,2022-06-01 12:30:00-05:00,327.802,330.68,-30.2,short: close 327.26 < lower 327.87,exit short: close 327.71 > lower 327.68
2022-06-02,-1,14,2022-06-02 09:00:00-05:00,326.638,2022-06-02 09:13:00-05:00,327.942,327.88,-182.56,short: close 326.74 < lower 327.22,stop
2022-06-02,-1,9,2022-06-02 09:30:00-05:00,325.928,2022-06-02 10:00:00-05:00,327.232,328.0,-117.36,short: close 325.93 < lower 326.39,exit short: close 327.26 > lower 326.21
2022-06-10,-1,5,2022-06-10 09:00:00-05:00,316.908,2022-06-10 12:30:00-05:00,316.012,320.45,44.8,short: close 317.02 < lower 317.13,exit short: close 315.95 > lower 315.94
2022-06-14,-1,9,2022-06-14 11:30:00-05:00,303.71799999999996,2022-06-14 12:00:00-05:00,304.132,305.78000000000003,-37.26,short: close 303.66 < lower 304.11,exit short: close 304.06 > lower 303.85
2022-06-14,-1,8,2022-06-14 13:00:00-05:00,303.488,2022-06-14 13:30:00-05:00,303.91200000000003,305.76,-33.92,short: close 303.55 < lower 303.89,exit short: close 303.91 > lower 303.72
2022-06-15,1,8,2022-06-15 09:00:00-05:00,307.85200000000003,2022-06-15 09:30:00-05:00,307.52799999999996,305.62,-25.92,long: close 307.71 > upper 307.63,exit long: close 307.62 < upper 308.11
2022-06-16,-1,4,2022-06-16 10:00:00-05:00,298.878,2022-06-16 10:30:00-05:00,300.612,303.15000000000003,-69.36,short: close 298.97 < lower 300.08,exit short: close 300.49 > lower 299.79
2022-06-16,-1,3,2022-06-16 13:30:00-05:00,298.938,2022-06-16 14:30:00-05:00,300.002,303.96,-31.92,short: close 299.06 < lower 299.33,exit short: close 300.10 > lower 298.99
2022-06-21,1,5,2022-06-21 09:00:00-05:00,304.232,2022-06-21 09:30:00-05:00,304.14799999999997,300.94,-4.2,long: close 304.22 > upper 304.17,exit long: close 304.14 < upper 304.33
2022-06-21,1,5,2022-06-21 10:00:00-05:00,304.862,2022-06-21 10:30:00-05:00,304.188,301.44,-33.7,long: close 304.81 > upper 304.29,exit long: close 304.24 < upper 304.41
2022-06-24,1,7,2022-06-24 09:00:00-05:00,310.702,2022-06-24 14:52:00-05:00,314.368,308.32,256.62,long: close 310.51 > upper 310.33,flatten
2022-06-27,-1,13,2022-06-27 09:00:00-05:00,313.798,2022-06-27 09:30:00-05:00,314.29200000000003,315.13,-64.22,short: close 313.81 < lower 313.90,exit short: close 314.15 > lower 313.64
2022-06-28,1,9,2022-06-28 09:00:00-05:00,317.462,2022-06-28 09:30:00-05:00,315.508,315.38,-175.86,long: close 317.41 > upper 317.27,exit long: close 315.63 < upper 317.47
2022-06-28,-1,8,2022-06-28 11:00:00-05:00,312.21799999999996,2022-06-28 14:52:00-05:00,309.572,314.47,211.68,short: close 312.27 < lower 312.94,flatten
2022-06-30,-1,6,2022-06-30 09:00:00-05:00,304.45799999999997,2022-06-30 10:00:00-05:00,306.6587,307.36,-132.04,short: close 304.56 < lower 305.50,exit short: close 306.64 > lower 305.29
2022-07-01,-1,11,2022-07-01 09:30:00-05:00,305.328,2022-07-01 10:00:00-05:00,305.91200000000003,306.99,-64.24,short: close 305.56 < lower 305.96,exit short: close 305.93 > lower 305.89
2022-07-05,-1,5,2022-07-05 09:00:00-05:00,304.808,2022-07-05 11:30:00-05:00,306.092,308.26,-64.2,short: close 304.99 < lower 305.31,exit short: close 305.99 > lower 304.91
2022-07-15,1,6,2022-07-15 09:30:00-05:00,312.372,2022-07-15 11:00:00-05:00,311.77799999999996,309.18,-35.64,long: close 312.25 > upper 311.79,exit long: close 311.87 < upper 312.32
2022-07-15,1,5,2022-07-15 12:30:00-05:00,312.47200000000004,2022-07-15 13:00:00-05:00,311.888,308.66,-29.2,long: close 312.45 > upper 312.41,exit long: close 311.93 < upper 312.58
2022-07-19,1,9,2022-07-19 09:30:00-05:00,315.122,2022-07-19 14:52:00-05:00,317.938,313.06,253.44,long: close 315.04 > upper 313.92,flatten
2022-07-20,-1,16,2022-07-20 09:00:00-05:00,316.888,2022-07-20 09:30:00-05:00,317.822,317.96,-149.44,short: close 316.92 < lower 317.13,exit short: close 317.75 > lower 317.18
2022-07-21,-1,11,2022-07-21 09:30:00-05:00,315.508,2022-07-21 10:00:00-05:00,317.04200000000003,317.09000000000003,-168.74,short: close 315.57 < lower 316.62,exit short: close 317.03 > lower 316.44
2022-07-22,-1,9,2022-07-22 12:30:00-05:00,318.548,2022-07-22 14:30:00-05:00,318.91200000000003,320.61,-32.76,short: close 318.69 < lower 319.05,exit short: close 318.83 > lower 318.25
2022-07-28,-1,17,2022-07-28 09:00:00-05:00,320.678,2022-07-28 09:48:00-05:00,321.762,321.7,-184.28,short: close 320.68 < lower 321.21,stop
2022-07-28,1,12,2022-07-28 10:30:00-05:00,324.082,2022-07-28 14:52:00-05:00,325.538,322.65000000000003,174.72,long: close 324.04 > upper 323.66,flatten
2022-07-29,1,15,2022-07-29 09:30:00-05:00,327.022,2022-07-29 10:00:00-05:00,326.20799999999997,325.88,-122.1,long: close 326.92 > upper 326.50,exit long: close 326.30 < upper 326.43
2022-07-29,1,11,2022-07-29 12:00:00-05:00,327.41200000000003,2022-07-29 12:30:00-05:00,326.858,325.78000000000003,-60.94,long: close 327.38 > upper 327.00,exit long: close 326.90 < upper 327.24
2022-08-02,-1,13,2022-08-02 09:00:00-05:00,325.008,2022-08-02 09:43:00-05:00,326.392,326.33,-179.92,short: close 325.10 < lower 326.17,stop
2022-08-03,1,9,2022-08-03 10:30:00-05:00,327.072,2022-08-03 14:52:00-05:00,328.738,325.13,149.94,long: close 327.13 > upper 326.85,flatten
2022-08-08,1,10,2022-08-08 09:00:00-05:00,330.85200000000003,2022-08-08 09:30:00-05:00,330.478,329.12,-37.4,long: close 330.80 > upper 330.62,exit long: close 330.54 < upper 330.89
2022-08-12,1,14,2022-08-12 10:30:00-05:00,335.612,2022-08-12 14:52:00-05:00,337.4194,334.37,253.04,long: close 335.66 > upper 335.52,flatten
2022-08-15,1,10,2022-08-15 11:00:00-05:00,338.982,2022-08-15 14:00:00-05:00,339.498,337.24,51.6,long: close 338.91 > upper 338.70,exit long: close 339.54 < upper 339.65
2022-08-16,1,15,2022-08-16 10:30:00-05:00,341.172,2022-08-16 14:52:00-05:00,341.878,340.03000000000003,105.9,long: close 341.12 > upper 340.25,flatten
2022-08-19,-1,9,2022-08-19 09:00:00-05:00,337.328,2022-08-19 09:30:00-05:00,337.632,339.3,-27.36,short: close 337.41 < lower 337.53,exit short: close 337.69 > lower 337.64
2022-08-19,-1,9,2022-08-19 10:00:00-05:00,337.388,2022-08-19 11:30:00-05:00,337.552,339.32,-14.76,short: close 337.45 < lower 337.56,exit short: close 337.50 > lower 337.08
2022-08-22,-1,7,2022-08-22 09:30:00-05:00,332.068,2022-08-22 10:30:00-05:00,332.492,334.72,-29.68,short: close 332.20 < lower 332.41,exit short: close 332.45 > lower 332.33
2022-08-22,-1,5,2022-08-22 12:30:00-05:00,331.3896,2022-08-22 14:52:00-05:00,330.992,334.68,19.88,short: close 331.54 < lower 331.78,flatten
2022-08-23,-1,18,2022-08-23 10:00:00-05:00,329.488,2022-08-23 11:00:00-05:00,329.462,330.42,4.68,short: close 329.54 < lower 329.63,exit short: close 329.40 > lower 329.34
2022-08-23,-1,13,2022-08-23 11:30:00-05:00,328.608,2022-08-23 12:00:00-05:00,329.60200000000003,330.01,-129.22,short: close 328.68 < lower 329.15,exit short: close 329.57 > lower 328.99
2022-08-24,1,20,2022-08-24 10:30:00-05:00,330.592,2022-08-24 11:44:00-05:00,329.678,329.74,-182.8,long: close 330.49 > upper 329.88,stop
2022-08-25,1,22,2022-08-25 09:30:00-05:00,331.12690000000003,2022-08-25 10:15:00-05:00,330.308,330.37,-180.16,long: close 331.05 > upper 330.74,stop
2022-08-26,-1,22,2022-08-26 09:30:00-05:00,329.83799999999997,2022-08-26 14:52:00-05:00,323.442,330.61,1407.12,short: close 330.00 < lower 332.53,flatten
2022-08-30,-1,14,2022-08-30 09:30:00-05:00,319.448,2022-08-30 14:52:00-05:00,317.812,320.74,229.04,short: close 319.53 < lower 320.30,flatten
2022-09-02,-1,5,2022-09-02 12:30:00-05:00,314.828,2022-09-02 13:30:00-05:00,314.962,318.04,-6.7,short: close 314.96 < lower 315.22,exit short: close 315.04 > lower 314.81
2022-09-06,-1,19,2022-09-06 09:00:00-05:00,313.078,2022-09-06 09:51:00-05:00,314.052,313.99,-185.06,short: close 313.16 < lower 313.24,stop
2022-09-06,-1,8,2022-09-06 12:30:00-05:00,311.308,2022-09-06 13:00:00-05:00,312.062,313.65000000000003,-60.32,short: close 311.49 < lower 311.81,exit short: close 312.08 > lower 311.54
2022-09-07,1,14,2022-09-07 09:30:00-05:00,313.422,2022-09-07 14:52:00-05:00,316.478,312.19,427.84,long: close 313.26 > upper 313.16,flatten
2022-09-08,1,9,2022-09-08 10:00:00-05:00,317.85200000000003,2022-09-08 11:00:00-05:00,317.448,315.78000000000003,-36.36,long: close 317.74 > upper 317.60,exit long: close 317.42 < upper 317.71
2022-09-09,1,9,2022-09-09 09:30:00-05:00,321.582,2022-09-09 10:30:00-05:00,321.538,319.52,-3.96,long: close 321.47 > upper 321.23,exit long: close 321.64 < upper 321.67
2022-09-09,1,7,2022-09-09 11:00:00-05:00,321.742,2022-09-09 11:30:00-05:00,320.95799999999997,319.29,-54.88,long: close 321.73 > upper 321.62,exit long: close 321.02 < upper 321.71
2022-09-12,1,16,2022-09-12 09:00:00-05:00,325.16200000000003,2022-09-12 10:54:00-05:00,323.978,324.04,-189.44,long: close 325.11 > upper 323.89,stop
2022-09-13,-1,5,2022-09-13 09:00:00-05:00,317.803,2022-09-13 12:30:00-05:00,316.462,321.40000000000003,67.05,short: close 317.91 < lower 318.09,exit short: close 316.42 > lower 316.40
2022-09-13,-1,3,2022-09-13 13:00:00-05:00,315.538,2022-09-13 14:52:00-05:00,311.91200000000003,321.08,108.78,short: close 315.62 < lower 316.16,flatten
2022-09-15,1,17,2022-09-15 09:00:00-05:00,313.1021,2022-09-15 09:28:00-05:00,312.018,312.08,-184.3,long: close 312.98 > upper 312.80,stop
2022-09-20,-1,8,2022-09-20 09:00:00-05:00,306.27799999999996,2022-09-20 09:30:00-05:00,306.322,308.5,-3.52,short: close 306.40 < lower 306.68,exit short: close 306.39 > lower 306.21
2022-09-20,-1,5,2022-09-20 13:00:00-05:00,304.688,2022-09-20 13:30:00-05:00,305.4945,308.24,-40.33,short: close 304.72 < lower 305.36,exit short: close 305.68 > lower 305.19
2022-09-22,-1,16,2022-09-22 09:00:00-05:00,300.318,2022-09-22 09:14:00-05:00,301.442,301.38,-179.84,short: close 300.37 < lower 300.62,stop
2022-09-23,-1,8,2022-09-23 09:00:00-05:00,296.568,2022-09-23 09:30:00-05:00,296.79200000000003,298.92,-17.92,short: close 296.61 < lower 296.84,exit short: close 296.91 > lower 296.53
2022-09-23,-1,7,2022-09-23 10:00:00-05:00,295.878,2022-09-23 14:52:00-05:00,295.512,298.48,25.62,short: close 295.95 < lower 296.60,flatten
2022-09-26,-1,9,2022-09-26 11:30:00-05:00,292.96799999999996,2022-09-26 12:00:00-05:00,293.712,294.89,-66.96,short: close 293.06 < lower 293.34,exit short: close 293.68 > lower 293.14
2022-09-26,-1,7,2022-09-26 12:30:00-05:00,291.888,2022-09-26 14:00:00-05:00,293.362,294.33,-103.18,short: close 291.96 < lower 292.83,exit short: close 293.46 > lower 292.41
2022-09-27,-1,8,2022-09-27 11:30:00-05:00,290.618,2022-09-27 13:30:00-05:00,290.632,292.88,-1.12,short: close 290.70 < lower 291.49,exit short: close 290.55 > lower 290.46
2022-09-28,1,10,2022-09-28 10:00:00-05:00,293.932,2022-09-28 14:52:00-05:00,297.518,292.12,358.6,long: close 294.08 > upper 293.65,flatten
2022-09-29,-1,10,2022-09-29 09:00:00-05:00,291.95799999999997,2022-09-29 14:52:00-05:00,292.422,293.78000000000003,-46.4,short: close 291.99 < lower 293.93,flatten
2022-10-03,1,6,2022-10-03 09:30:00-05:00,293.272,2022-10-03 14:52:00-05:00,294.828,290.36,93.36,long: close 293.20 > upper 291.81,flatten
2022-10-04,1,6,2022-10-04 09:00:00-05:00,301.91200000000003,2022-10-04 14:52:00-05:00,302.738,299.08,49.56,long: close 301.72 > upper 299.55,flatten
2022-10-07,-1,8,2022-10-07 09:00:00-05:00,294.438,2022-10-07 14:52:00-05:00,293.35200000000003,296.81,86.88,short: close 294.58 < lower 295.62,flatten
2022-10-10,-1,7,2022-10-10 12:00:00-05:00,290.448,2022-10-10 12:30:00-05:00,291.03200000000004,293.08,-40.88,short: close 290.56 < lower 291.00,exit short: close 291.07 > lower 290.62
2022-10-11,1,9,2022-10-11 11:00:00-05:00,294.712,2022-10-11 13:55:00-05:00,292.658,292.72,-184.86,long: close 294.64 > upper 293.59,stop
2022-10-12,1,16,2022-10-12 09:00:00-05:00,293.772,2022-10-12 10:00:00-05:00,293.368,292.65000000000003,-64.64,long: close 293.68 > upper 293.54,exit long: close 293.47 < upper 294.05
2022-10-13,1,4,2022-10-13 10:30:00-05:00,296.022,2022-10-13 14:52:00-05:00,300.92789999999997,291.66,196.24,long: close 295.83 > upper 294.00,flatten
2022-10-14,-1,5,2022-10-14 11:00:00-05:00,297.738,2022-10-14 11:30:00-05:00,297.81780000000003,301.26,-3.99,short: close 297.89 < lower 298.03,exit short: close 297.75 > lower 297.55
2022-10-14,-1,4,2022-10-14 13:30:00-05:00,296.558,2022-10-14 14:00:00-05:00,296.97200000000004,301.37,-16.56,short: close 296.70 < lower 296.74,exit short: close 296.74 > lower 296.73
2022-10-20,1,9,2022-10-20 09:30:00-05:00,308.092,2022-10-20 10:30:00-05:00,306.428,306.19,-149.76,long: close 307.99 > upper 306.50,exit long: close 306.50 < upper 307.44
2022-10-21,1,14,2022-10-21 09:00:00-05:00,306.97200000000004,2022-10-21 09:26:00-05:00,305.678,305.76,-181.16,long: close 306.81 > upper 304.40,stop
2022-10-21,1,9,2022-10-21 09:30:00-05:00,305.60200000000003,2022-10-21 10:00:00-05:00,304.928,303.62,-60.66,long: close 305.48 > upper 305.18,exit long: close 304.97 < upper 305.31
2022-10-24,1,8,2022-10-24 09:00:00-05:00,314.982,2022-10-24 09:04:00-05:00,312.728,312.79,-180.32,long: close 314.88 > upper 313.90,stop
2022-10-25,1,10,2022-10-25 09:00:00-05:00,317.002,2022-10-25 10:00:00-05:00,316.688,315.29,-31.4,long: close 316.90 > upper 316.46,exit long: close 316.74 < upper 316.94
2022-10-26,1,6,2022-10-26 10:30:00-05:00,321.362,2022-10-26 11:00:00-05:00,321.238,318.48,-7.44,long: close 321.37 > upper 321.11,exit long: close 321.30 < upper 321.75
2022-10-28,1,9,2022-10-28 09:00:00-05:00,324.382,2022-10-28 14:52:00-05:00,328.518,322.46,372.24,long: close 324.25 > upper 323.01,flatten
2022-11-02,1,4,2022-11-02 13:30:00-05:00,330.182,2022-11-02 13:38:00-05:00,326.078,326.14,-164.16,long: close 330.12 > upper 329.98,stop
2022-11-03,-1,8,2022-11-03 09:00:00-05:00,317.46799999999996,2022-11-03 09:23:00-05:00,319.832,319.77,-189.12,short: close 317.49 < lower 318.08,stop
2022-11-07,1,6,2022-11-07 13:30:00-06:00,328.342,2022-11-07 14:52:00-06:00,328.20459999999997,325.16,-8.24,long: close 328.25 > upper 327.85,flatten
2022-11-08,1,8,2022-11-08 09:30:00-06:00,331.41200000000003,2022-11-08 12:30:00-06:00,331.078,329.09000000000003,-26.72,long: close 331.34 > upper 331.26,exit long: close 331.19 < upper 331.75
2022-11-09,-1,5,2022-11-09 13:00:00-06:00,326.798,2022-11-09 13:30:00-06:00,326.882,330.25,-4.2,short: close 326.86 < lower 327.27,exit short: close 326.89 > lower 326.88
2022-11-11,-1,8,2022-11-11 10:30:00-06:00,334.228,2022-11-11 11:30:00-06:00,335.512,336.53000000000003,-102.72,short: close 334.33 < lower 335.41,exit short: close 335.44 > lower 335.04
2022-11-23,1,19,2022-11-23 09:00:00-06:00,342.062,2022-11-23 10:00:00-06:00,341.70799999999997,341.17,-67.26,long: close 341.98 > upper 341.71,exit long: close 341.65 < upper 342.11
2022-11-25,1,22,2022-11-25 09:00:00-06:00,343.28200000000004,2022-11-25 11:00:00-06:00,343.578,342.53000000000003,65.12,long: close 343.21 > upper 342.82,exit long: close 343.65 < upper 343.72
2022-11-28,-1,7,2022-11-28 12:00:00-06:00,339.7879,2022-11-28 14:52:00-06:00,338.262,342.38,106.81,short: close 339.87 < lower 340.02,flatten
2022-11-30,-1,18,2022-11-30 09:30:00-06:00,336.598,2022-11-30 10:26:00-06:00,337.622,337.56,-184.32,short: close 336.62 < lower 337.59,stop
2022-11-30,-1,13,2022-11-30 11:30:00-06:00,336.418,2022-11-30 12:30:00-06:00,337.382,337.78000000000003,-125.32,short: close 336.50 < lower 337.19,exit short: close 337.39 > lower 336.95
2022-12-01,-1,18,2022-12-01 09:00:00-06:00,345.358,2022-12-01 14:00:00-06:00,344.812,346.34000000000003,98.28,short: close 345.42 < lower 345.46,exit short: close 344.80 > lower 344.43
2022-12-05,-1,7,2022-12-05 11:00:00-06:00,340.728,2022-12-05 11:30:00-06:00,341.402,343.27,-47.18,short: close 340.84 < lower 341.06,exit short: close 341.36 > lower 340.89
2022-12-05,-1,6,2022-12-05 12:00:00-06:00,340.418,2022-12-05 14:52:00-06:00,339.932,343.16,29.16,short: close 340.55 < lower 340.86,flatten
2022-12-06,-1,14,2022-12-06 09:30:00-06:00,338.138,2022-12-06 14:52:00-06:00,336.60200000000003,339.42,215.04,short: close 338.19 < lower 338.60,flatten
2022-12-07,1,12,2022-12-07 09:30:00-06:00,338.03200000000004,2022-12-07 10:21:00-06:00,336.548,336.61,-178.08,long: close 337.95 > upper 337.72,stop
2022-12-08,1,14,2022-12-08 09:00:00-06:00,339.202,2022-12-08 10:30:00-06:00,338.638,337.92,-78.96,long: close 339.09 > upper 338.35,exit long: close 338.66 < upper 339.02
2022-12-12,1,18,2022-12-12 09:00:00-06:00,336.932,2022-12-12 09:30:00-06:00,337.048,335.97,20.88,long: close 336.84 > upper 336.73,exit long: close 337.15 < upper 337.42
2022-12-12,1,11,2022-12-12 10:00:00-06:00,337.547,2022-12-12 14:52:00-06:00,339.888,335.87,257.51,long: close 337.47 > upper 337.44,flatten
2022-12-14,1,22,2022-12-14 09:00:00-06:00,343.492,2022-12-14 09:30:00-06:00,343.168,342.72,-71.28,long: close 343.23 > upper 342.57,exit long: close 343.27 < upper 343.41
2022-12-14,1,11,2022-12-14 10:00:00-06:00,343.762,2022-12-14 12:00:00-06:00,343.368,342.09000000000003,-43.34,long: close 343.69 > upper 343.47,exit long: close 343.52 < upper 343.78
2022-12-15,-1,7,2022-12-15 09:00:00-06:00,334.02799999999996,2022-12-15 14:52:00-06:00,332.562,336.6,102.62,short: close 334.13 < lower 335.83,flatten
2022-12-16,-1,5,2022-12-16 11:00:00-06:00,327.33799999999997,2022-12-16 11:30:00-06:00,327.462,331.16,-6.2,short: close 327.21 < lower 327.23,exit short: close 327.43 > lower 327.16
2022-12-16,-1,4,2022-12-16 12:00:00-06:00,326.46799999999996,2022-12-16 13:00:00-06:00,327.202,330.47,-29.36,short: close 326.53 < lower 327.05,exit short: close 327.16 > lower 326.90
2022-12-19,-1,7,2022-12-19 13:30:00-06:00,326.058,2022-12-19 14:30:00-06:00,326.512,328.5,-31.78,short: close 326.16 < lower 326.48,exit short: close 326.46 > lower 326.33
2022-12-21,1,5,2022-12-21 10:00:00-06:00,333.832,2022-12-21 11:00:00-06:00,333.368,330.51,-23.2,long: close 333.75 > upper 333.28,exit long: close 333.40 < upper 333.70
2022-12-22,-1,10,2022-12-22 09:00:00-06:00,330.45799999999997,2022-12-22 14:30:00-06:00,330.002,332.32,45.6,short: close 330.53 < lower 330.71,exit short: close 329.90 > lower 329.19
2022-12-23,-1,15,2022-12-23 09:00:00-06:00,328.418,2022-12-23 09:00:00-06:00,329.632,329.57,-182.1,short: close 328.47 < lower 328.80,stop
2022-12-28,-1,8,2022-12-28 11:00:00-06:00,329.918,2022-12-28 12:00:00-06:00,330.522,332.05,-48.32,short: close 330.06 < lower 330.39,exit short: close 330.52 > lower 330.06
2022-12-28,-1,8,2022-12-28 13:30:00-06:00,330.048,2022-12-28 14:52:00-06:00,328.97200000000004,332.35,86.08,short: close 330.10 < lower 330.22,flatten
2022-12-29,1,6,2022-12-29 11:00:00-06:00,332.672,2022-12-29 11:30:00-06:00,332.503,329.62,-10.14,long: close 332.63 > upper 332.63,exit long: close 332.53 < upper 332.79
2023-01-03,-1,12,2023-01-03 09:00:00-06:00,330.168,2023-01-03 09:30:00-06:00,330.672,331.61,-60.48,short: close 330.23 < lower 330.45,exit short: close 330.59 > lower 329.82
2023-01-05,-1,10,2023-01-05 09:00:00-06:00,329.118,2023-01-05 09:30:00-06:00,329.732,330.82,-61.4,short: close 329.27 < lower 330.06,exit short: close 329.66 > lower 329.61
2023-01-05,-1,9,2023-01-05 10:00:00-06:00,328.678,2023-01-05 12:30:00-06:00,329.992,330.76,-118.26,short: close 328.82 < lower 329.69,exit short: close 329.84 > lower 328.79
2023-01-06,1,6,2023-01-06 10:00:00-06:00,334.592,2023-01-06 14:52:00-06:00,336.198,331.82,96.36,long: close 334.43 > upper 333.49,flatten
2023-01-12,1,8,2023-01-12 11:30:00-06:00,342.842,2023-01-12 12:30:00-06:00,341.298,340.58,-123.52,long: close 342.82 > upper 342.50,exit long: close 341.33 < upper 342.44
2023-01-12,1,8,2023-01-12 13:00:00-06:00,342.872,2023-01-12 13:30:00-06:00,342.113,340.6,-60.72,long: close 342.77 > upper 342.51,exit long: close 342.17 < upper 342.72
2023-01-17,-1,13,2023-01-17 09:00:00-06:00,341.02799999999996,2023-01-17 14:52:00-06:00,338.942,342.37,271.18,short: close 341.08 < lower 341.36,flatten
2023-01-18,-1,11,2023-01-18 10:00:00-06:00,337.438,2023-01-18 14:52:00-06:00,333.152,339.0,471.46,short: close 337.50 < lower 337.82,flatten
2023-01-23,1,13,2023-01-23 09:30:00-06:00,335.632,2023-01-23 11:30:00-06:00,336.318,334.25,89.18,long: close 335.56 > upper 335.55,exit long: close 336.36 < upper 336.42
2023-01-23,1,8,2023-01-23 12:00:00-06:00,336.672,2023-01-23 13:30:00-06:00,336.158,334.51,-41.12,long: close 336.65 > upper 336.33,exit long: close 336.24 < upper 336.79
2023-02-01,-1,9,2023-02-01 10:00:00-06:00,337.128,2023-02-01 10:30:00-06:00,338.372,339.21,-111.96,short: close 337.23 < lower 337.90,exit short: close 338.29 > lower 337.77
2023-02-01,-1,8,2023-02-01 11:00:00-06:00,337.58799999999997,2023-02-01 13:00:00-06:00,337.79200000000003,339.75,-16.32,short: close 337.63 < lower 337.83,exit short: close 337.64 > lower 337.39
2023-02-02,-1,17,2023-02-02 09:00:00-06:00,338.888,2023-02-02 09:32:00-06:00,340.002,339.94,-189.38,short: close 338.85 < lower 340.11,stop
2023-02-02,-1,11,2023-02-02 11:00:00-06:00,339.308,2023-02-02 12:00:00-06:00,339.842,340.92,-58.74,short: close 339.35 < lower 339.55,exit short: close 339.76 > lower 339.31
2023-02-07,1,8,2023-02-07 12:00:00-06:00,341.092,2023-02-07 12:16:00-06:00,338.848,338.91,-179.52,long: close 340.97 > upper 340.02,stop
2023-02-09,-1,7,2023-02-09 13:30:00-06:00,337.71799999999996,2023-02-09 14:52:00-06:00,337.752,340.34000000000003,-2.38,short: close 337.77 < lower 338.03,flatten
2023-02-10,1,12,2023-02-10 12:30:00-06:00,338.56620000000004,2023-02-10 13:00:00-06:00,337.948,337.12,-74.18,long: close 338.60 > upper 338.38,exit long: close 337.96 < upper 338.29
2023-02-13,1,22,2023-02-13 09:00:00-06:00,340.452,2023-02-13 14:52:00-06:00,341.948,339.68,329.12,long: close 340.37 > upper 339.59,flatten
2023-02-14,-1,12,2023-02-14 10:00:00-06:00,339.893,2023-02-14 12:00:00-06:00,340.402,341.41,-61.08,short: close 339.91 < lower 340.52,exit short: close 340.41 > lower 340.03
2023-02-21,-1,7,2023-02-21 09:00:00-06:00,333.888,2023-02-21 14:52:00-06:00,331.562,336.33,162.82,short: close 334.00 < lower 334.05,flatten
2023-02-23,1,13,2023-02-23 09:00:00-06:00,332.632,2023-02-23 09:30:00-06:00,331.868,331.31,-99.32,long: close 332.53 > upper 332.50,exit long: close 331.86 < upper 332.76
2023-02-23,-1,9,2023-02-23 11:00:00-06:00,328.27799999999996,2023-02-23 13:00:00-06:00,329.47200000000004,330.2,-107.46,short: close 328.32 < lower 329.26,exit short: close 329.41 > lower 329.29
2023-02-24,-1,7,2023-02-24 09:00:00-06:00,326.928,2023-02-24 10:30:00-06:00,327.97200000000004,329.36,-73.08,short: close 327.02 < lower 327.32,exit short: close 327.85 > lower 326.54
2023-02-27,1,9,2023-02-27 09:30:00-06:00,331.582,2023-02-27 10:00:00-06:00,329.948,329.55,-147.06,long: close 331.51 > upper 331.47,exit long: close 330.00 < upper 331.53
2023-02-28,-1,24,2023-02-28 09:00:00-06:00,327.568,2023-02-28 10:17:00-06:00,328.332,328.27,-183.36,short: close 327.63 < lower 328.22,stop
2023-02-28,-1,12,2023-02-28 11:00:00-06:00,327.27799999999996,2023-02-28 11:30:00-06:00,327.922,328.75,-77.28,short: close 327.31 < lower 327.45,exit short: close 327.87 > lower 327.49
2023-03-02,1,11,2023-03-02 13:00:00-06:00,329.562,2023-03-02 14:52:00-06:00,330.308,327.90000000000003,82.06,long: close 329.44 > upper 328.96,flatten
2023-03-03,1,10,2023-03-03 12:00:00-06:00,333.272,2023-03-03 14:52:00-06:00,333.828,331.49,55.6,long: close 333.17 > upper 332.76,flatten
2023-03-07,-1,24,2023-03-07 09:30:00-06:00,333.018,2023-03-07 09:33:00-06:00,333.772,333.71,-180.96,short: close 333.10 < lower 333.98,stop
2023-03-07,-1,20,2023-03-07 10:00:00-06:00,331.678,2023-03-07 14:52:00-06:00,328.962,332.52,543.2,short: close 331.80 < lower 333.84,flatten
2023-03-08,-1,19,2023-03-08 10:00:00-06:00,327.96799999999996,2023-03-08 10:30:00-06:00,328.202,328.88,-44.46,short: close 327.98 < lower 328.01,exit short: close 328.08 > lower 327.94
2023-03-08,-1,13,2023-03-08 11:30:00-06:00,327.39799999999997,2023-03-08 13:30:00-06:00,327.682,328.76,-36.92,short: close 327.48 < lower 327.56,exit short: close 327.58 > lower 327.27
2023-03-09,-1,9,2023-03-09 12:30:00-06:00,326.70799999999997,2023-03-09 14:52:00-06:00,323.842,328.74,257.94,short: close 326.79 < lower 327.09,flatten
2023-03-10,1,14,2023-03-10 10:30:00-06:00,324.422,2023-03-10 10:46:00-06:00,323.108,323.17,-183.96,long: close 324.39 > upper 324.03,stop
2023-03-10,-1,11,2023-03-10 12:00:00-06:00,320.988,2023-03-10 14:00:00-06:00,320.97200000000004,322.64,1.76,short: close 321.05 < lower 321.14,exit short: close 320.89 > lower 320.45
2023-03-13,1,10,2023-03-13 09:00:00-05:00,320.632,2023-03-13 09:29:00-05:00,318.608,318.77,-202.4,long: close 320.63 > upper 320.15,stop
2023-03-13,1,7,2023-03-13 10:00:00-05:00,321.932,2023-03-13 12:00:00-05:00,319.878,319.5,-143.78,long: close 321.70 > upper 320.72,exit long: close 319.96 < upper 321.17
2023-03-16,1,8,2023-03-16 10:30:00-05:00,320.992,2023-03-16 14:52:00-05:00,322.948,318.74,156.48,long: close 320.91 > upper 320.87,flatten
2023-03-17,-1,10,2023-03-17 09:00:00-05:00,320.118,2023-03-17 12:30:00-05:00,319.10200000000003,321.95,101.6,short: close 320.07 < lower 320.19,exit short: close 319.10 > lower 318.76
2023-03-17,-1,5,2023-03-17 13:30:00-05:00,317.378,2023-03-17 14:30:00-05:00,318.742,321.09000000000003,-68.2,short: close 317.45 < lower 318.31,exit short: close 318.74 > lower 318.06
2023-03-20,1,18,2023-03-20 09:00:00-05:00,321.97200000000004,2023-03-20 09:19:00-05:00,320.938,321.0,-186.12,long: close 321.89 > upper 319.89,stop
2023-03-20,1,14,2023-03-20 09:30:00-05:00,321.862,2023-03-20 11:12:00-05:00,320.588,320.65000000000003,-178.36,long: close 321.80 > upper 320.12,stop
2023-03-23,1,14,2023-03-23 09:00:00-05:00,322.442,2023-03-23 12:00:00-05:00,323.078,321.18,89.04,long: close 322.31 > upper 322.02,exit long: close 323.14 < upper 323.40
2023-03-31,1,9,2023-03-31 11:30:00-05:00,331.562,2023-03-31 12:00:00-05:00,331.108,329.5,-40.86,long: close 331.50 > upper 331.11,exit long: close 331.17 < upper 331.31
2023-04-03,1,17,2023-04-03 09:00:00-05:00,335.60200000000003,2023-04-03 09:58:00-05:00,334.518,334.58,-184.28,long: close 335.47 > upper 334.11,stop
2023-04-03,1,10,2023-04-03 11:30:00-05:00,335.022,2023-04-03 12:00:00-05:00,334.78999999999996,333.19,-23.2,long: close 334.99 > upper 334.93,exit long: close 334.87 < upper 335.20
2023-04-04,-1,14,2023-04-04 10:00:00-05:00,334.33799999999997,2023-04-04 14:52:00-05:00,333.902,335.64,61.04,short: close 334.46 < lower 334.58,flatten
2023-04-05,1,25,2023-04-05 09:00:00-05:00,335.332,2023-04-05 09:04:00-05:00,334.598,334.66,-183.5,long: close 335.26 > upper 334.65,stop
2023-04-06,-1,18,2023-04-06 09:00:00-05:00,333.503,2023-04-06 09:30:00-05:00,334.072,334.48,-102.42,short: close 333.55 < lower 333.62,exit short: close 334.04 > lower 333.30
2023-04-11,1,14,2023-04-11 11:30:00-05:00,337.592,2023-04-11 12:00:00-05:00,337.388,336.31,-28.56,long: close 337.51 > upper 337.45,exit long: close 337.43 < upper 337.56
2023-04-11,1,14,2023-04-11 12:30:00-05:00,337.552,2023-04-11 14:52:00-05:00,336.70799999999997,336.28000000000003,-118.16,long: close 337.48 > upper 337.44,flatten
2023-04-13,1,14,2023-04-13 10:30:00-05:00,338.207,2023-04-13 14:52:00-05:00,340.078,336.94,261.94,long: close 338.15 > upper 338.10,flatten
2023-04-14,-1,19,2023-04-14 09:30:00-05:00,338.508,2023-04-14 14:52:00-05:00,338.862,339.41,-67.26,short: close 338.55 < lower 339.25,flatten
2023-04-18,-1,28,2023-04-18 09:00:00-05:00,338.768,2023-04-18 11:00:00-05:00,339.09700000000004,339.35,-92.12,short: close 338.88 < lower 339.35,exit short: close 339.02 > lower 338.89
2023-04-21,-1,17,2023-04-21 10:00:00-05:00,336.948,2023-04-21 10:30:00-05:00,337.432,337.95,-82.28,short: close 336.92 < lower 337.20,exit short: close 337.38 > lower 337.10
2023-04-25,-1,16,2023-04-25 11:00:00-05:00,337.128,2023-04-25 14:52:00-05:00,335.702,338.25,228.16,short: close 337.20 < lower 337.35,flatten
2023-04-26,-1,28,2023-04-26 09:30:00-05:00,333.77799999999996,2023-04-26 10:02:00-05:00,334.432,334.37,-183.12,short: close 333.80 < lower 334.85,stop
2023-04-26,-1,16,2023-04-26 13:00:00-05:00,333.578,2023-04-26 14:52:00-05:00,332.622,334.64,152.96,short: close 333.65 < lower 334.38,flatten
2023-04-27,1,17,2023-04-27 09:00:00-05:00,335.332,2023-04-27 10:00:00-05:00,334.858,334.29,-80.58,long: close 335.24 > upper 334.61,exit long: close 334.85 < upper 334.95
2023-04-27,1,13,2023-04-27 10:30:00-05:00,335.402,2023-04-27 14:52:00-05:00,338.108,334.09000000000003,351.78,long: close 335.26 > upper 334.88,flatten
2023-04-28,1,15,2023-04-28 09:30:00-05:00,339.872,2023-04-28 10:00:00-05:00,338.638,338.7,-185.1,long: close 339.81 > upper 338.86,stop
2023-04-28,1,14,2023-04-28 10:30:00-05:00,339.652,2023-04-28 14:52:00-05:00,340.238,338.38,82.04,long: close 339.55 > upper 338.96,flatten
2023-05-01,1,29,2023-05-01 09:00:00-05:00,341.812,2023-05-01 09:00:00-05:00,341.188,341.25,-180.96,long: close 341.75 > upper 341.58,stop
2023-05-01,1,19,2023-05-01 10:00:00-05:00,342.182,2023-05-01 10:30:00-05:00,341.39799999999997,341.27,-148.96,long: close 342.10 > upper 341.93,exit long: close 341.52 < upper 341.92
2023-05-02,-1,21,2023-05-02 09:00:00-05:00,338.95799999999997,2023-05-02 14:52:00-05:00,336.872,339.76,438.06,short: close 338.81 < lower 339.37,flatten
2023-05-04,-1,17,2023-05-04 09:00:00-05:00,331.738,2023-05-04 14:52:00-05:00,331.152,332.74,99.62,short: close 331.80 < lower 332.70,flatten
2023-05-05,1,8,2023-05-05 09:00:00-05:00,335.592,2023-05-05 11:00:00-05:00,335.268,333.48,-25.92,long: close 335.46 > upper 334.91,exit long: close 335.32 < upper 335.57
2023-05-05,1,6,2023-05-05 12:30:00-05:00,335.702,2023-05-05 14:52:00-05:00,336.603,332.93,54.06,long: close 335.64 > upper 335.58,flatten
2023-05-10,-1,8,2023-05-10 11:30:00-05:00,334.21799999999996,2023-05-10 14:00:00-05:00,334.512,336.39,-23.52,short: close 334.29 < lower 334.41,exit short: close 334.48 > lower 334.04
2023-05-11,-1,10,2023-05-11 09:00:00-05:00,331.658,2023-05-11 10:00:00-05:00,332.862,333.37,-120.4,short: close 331.71 < lower 332.89,exit short: close 332.75 > lower 332.26
2023-05-15,-1,16,2023-05-15 09:00:00-05:00,332.14799999999997,2023-05-15 09:30:00-05:00,332.522,333.26,-59.84,short: close 332.20 < lower 332.26,exit short: close 332.48 > lower 331.74
2023-05-17,1,7,2023-05-17 12:00:00-05:00,334.41200000000003,2023-05-17 14:52:00-05:00,334.498,331.79,6.02,long: close 334.30 > upper 333.88,flatten
2023-05-19,-1,12,2023-05-19 10:30:00-05:00,334.238,2023-05-19 12:00:00-05:00,334.53200000000004,335.71,-35.28,short: close 334.33 < lower 334.52,exit short: close 334.45 > lower 334.40
2023-05-19,-1,10,2023-05-19 13:00:00-05:00,333.70799999999997,2023-05-19 14:00:00-05:00,334.522,335.43,-81.4,short: close 333.80 < lower 334.27,exit short: close 334.50 > lower 334.49
2023-05-24,-1,14,2023-05-24 09:00:00-05:00,328.423,2023-05-24 14:30:00-05:00,328.802,329.71,-53.06,short: close 328.49 < lower 329.01,exit short: close 328.72 > lower 328.60
2023-05-25,-1,15,2023-05-25 10:30:00-05:00,326.568,2023-05-25 11:30:00-05:00,326.922,327.7,-53.1,short: close 326.64 < lower 326.89,exit short: close 326.80 > lower 326.73
2023-05-25,-1,13,2023-05-25 12:00:00-05:00,326.288,2023-05-25 12:30:00-05:00,327.452,327.65000000000003,-151.32,short: close 326.34 < lower 326.66,exit short: close 327.33 > lower 326.54
2023-05-26,1,15,2023-05-26 09:00:00-05:00,329.732,2023-05-26 14:52:00-05:00,330.77799999999996,328.56,156.9,long: close 329.66 > upper 329.07,flatten
2023-05-30,-1,14,2023-05-30 10:30:00-05:00,329.428,2023-05-30 11:00:00-05:00,329.81870000000004,330.69,-54.7,short: close 329.47 < lower 329.50,exit short: close 329.73 > lower 329.45
2023-05-31,-1,11,2023-05-31 09:30:00-05:00,327.988,2023-05-31 11:30:00-05:00,328.41200000000003,329.64,-46.64,short: close 328.10 < lower 328.30,exit short: close 328.35 > lower 328.01
2023-06-01,-1,15,2023-06-01 09:00:00-05:00,327.548,2023-06-01 09:12:00-05:00,328.812,328.73,-189.6,short: close 327.63 < lower 328.05,stop
2023-06-01,1,12,2023-06-01 11:00:00-05:00,331.29200000000003,2023-06-01 14:52:00-05:00,330.58799999999997,329.82,-84.48,long: close 331.24 > upper 330.69,flatten
2023-06-02,1,9,2023-06-02 09:00:00-05:00,334.702,2023-06-02 14:52:00-05:00,337.95799999999997,332.74,293.04,long: close 334.63 > upper 334.06,flatten
2023-06-08,1,12,2023-06-08 12:30:00-05:00,338.672,2023-06-08 13:00:00-05:00,338.508,337.25,-19.68,long: close 338.64 > upper 338.59,exit long: close 338.50 < upper 338.59
2023-06-08,1,12,2023-06-08 13:30:00-05:00,338.832,2023-06-08 14:52:00-05:00,338.89799999999997,337.40000000000003,7.92,long: close 338.77 > upper 338.61,flatten
2023-06-09,1,15,2023-06-09 09:30:00-05:00,339.952,2023-06-09 10:00:00-05:00,339.858,338.82,-14.1,long: close 339.86 > upper 339.81,exit long: close 339.92 < upper 340.00
2023-06-13,1,17,2023-06-13 09:00:00-05:00,342.822,2023-06-13 09:30:00-05:00,342.438,341.79,-65.28,long: close 342.71 > upper 342.49,exit long: close 342.50 < upper 342.81
2023-06-13,1,11,2023-06-13 12:30:00-05:00,343.3387,2023-06-13 13:00:00-05:00,342.868,341.69,-51.78,long: close 343.25 > upper 343.11,exit long: close 342.92 < upper 343.07
2023-06-14,-1,9,2023-06-14 13:30:00-05:00,338.738,2023-06-14 14:06:00-05:00,340.812,340.75,-186.66,short: close 338.83 < lower 339.99,stop
2023-06-15,1,24,2023-06-15 09:00:00-05:00,342.35200000000003,2023-06-15 14:52:00-05:00,345.168,341.66,675.84,long: close 342.22 > upper 341.07,flatten
2023-06-20,-1,10,2023-06-20 09:30:00-05:00,339.158,2023-06-20 11:30:00-05:00,340.562,340.86,-140.4,short: close 339.23 < lower 340.46,exit short: close 340.49 > lower 339.97
2023-06-27,1,30,2023-06-27 09:00:00-05:00,337.712,2023-06-27 14:52:00-05:00,339.168,337.17,436.8,long: close 337.70 > upper 337.66,flatten
2023-06-28,-1,22,2023-06-28 09:00:00-05:00,337.96799999999996,2023-06-28 10:30:00-05:00,338.112,338.72,-31.68,short: close 338.00 < lower 338.19,exit short: close 337.97 > lower 337.84
2023-06-29,1,24,2023-06-29 09:00:00-05:00,339.922,2023-06-29 14:52:00-05:00,340.988,339.22,255.84,long: close 339.84 > upper 339.22,flatten
2023-07-06,-1,9,2023-07-06 09:00:00-05:00,339.188,2023-07-06 13:00:00-05:00,339.342,341.11,-13.86,short: close 339.33 < lower 339.63,exit short: close 339.23 > lower 339.09
2023-07-10,1,26,2023-07-10 09:00:00-05:00,339.267,2023-07-10 09:35:00-05:00,338.578,338.64,-179.14,long: close 339.20 > upper 338.04,stop
2023-07-10,1,20,2023-07-10 10:00:00-05:00,338.827,2023-07-10 14:52:00-05:00,339.078,337.97,50.2,long: close 338.77 > upper 338.27,flatten
2023-07-18,1,22,2023-07-18 09:00:00-05:00,347.942,2023-07-18 14:52:00-05:00,349.488,347.16,340.12,long: close 347.87 > upper 346.52,flatten
2023-07-19,1,14,2023-07-19 09:00:00-05:00,351.66200000000003,2023-07-19 10:00:00-05:00,351.04789999999997,350.44,-85.97,long: close 351.60 > upper 351.21,exit long: close 351.07 < upper 351.48
2023-07-20,1,14,2023-07-20 09:00:00-05:00,353.04200000000003,2023-07-20 09:30:00-05:00,352.358,351.82,-95.76,long: close 352.98 > upper 352.29,exit long: close 352.37 < upper 352.47
2023-07-20,1,12,2023-07-20 10:00:00-05:00,353.47200000000004,2023-07-20 13:30:00-05:00,352.128,352.05,-161.28,long: close 353.38 > upper 352.49,exit long: close 352.17 < upper 352.74
2023-07-24,1,14,2023-07-24 09:30:00-05:00,353.872,2023-07-24 14:30:00-05:00,353.70799999999997,352.63,-22.96,long: close 353.78 > upper 353.65,exit long: close 353.75 < upper 353.89
2023-07-27,-1,11,2023-07-27 13:30:00-05:00,353.448,2023-07-27 14:52:00-05:00,352.842,355.02,66.66,short: close 353.51 < lower 353.96,flatten
2023-08-01,1,21,2023-08-01 09:00:00-05:00,356.452,2023-08-01 09:18:00-05:00,355.578,355.64,-183.54,long: close 356.45 > upper 356.23,stop
2023-08-02,-1,10,2023-08-02 10:00:00-05:00,353.308,2023-08-02 10:30:00-05:00,353.882,355.07,-57.4,short: close 353.38 < lower 353.56,exit short: close 353.82 > lower 353.45
2023-08-02,-1,10,2023-08-02 12:00:00-05:00,353.428,2023-08-02 12:30:00-05:00,353.702,355.22,-27.4,short: close 353.45 < lower 353.52,exit short: close 353.65 > lower 353.48
2023-08-04,1,11,2023-08-04 11:30:00-05:00,354.762,2023-08-04 13:00:00-05:00,353.52799999999996,353.2,-135.74,long: close 354.67 > upper 354.11,exit long: close 353.62 < upper 354.18
2023-08-07,1,13,2023-08-07 09:00:00-05:00,353.122,2023-08-07 14:52:00-05:00,354.393,351.78000000000003,165.23,long: close 353.05 > upper 352.70,flatten
2023-08-08,-1,11,2023-08-08 09:00:00-05:00,350.908,2023-08-08 12:00:00-05:00,351.7219,352.59000000000003,-89.53,short: close 350.99 < lower 351.86,exit short: close 351.66 > lower 351.41
2023-08-09,-1,18,2023-08-09 10:30:00-05:00,351.518,2023-08-09 12:15:00-05:00,352.512,352.45,-178.92,short: close 351.60 < lower 352.01,stop
2023-08-10,1,12,2023-08-10 09:00:00-05:00,355.692,2023-08-10 09:45:00-05:00,354.188,354.25,-180.48,long: close 355.61 > upper 353.64,stop
2023-08-10,1,11,2023-08-10 10:00:00-05:00,354.452,2023-08-10 10:51:00-05:00,352.668,352.76,-196.24,long: close 354.40 > upper 353.90,stop
2023-08-11,1,15,2023-08-11 09:30:00-05:00,353.302,2023-08-11 10:00:00-05:00,352.698,352.13,-90.6,long: close 353.18 > upper 352.72,exit long: close 352.72 < upper 352.76
2023-08-15,-1,11,2023-08-15 09:30:00-05:00,350.08799999999997,2023-08-15 14:52:00-05:00,349.552,351.7,58.96,short: close 350.16 < lower 350.84,flatten
2023-08-16,1,21,2023-08-16 09:00:00-05:00,350.922,2023-08-16 10:49:00-05:00,350.058,350.12,-181.44,long: close 350.86 > upper 350.27,stop
2023-08-17,-1,12,2023-08-17 13:30:00-05:00,346.758,2023-08-17 14:52:00-05:00,345.397,348.19,163.32,short: close 346.85 < lower 346.95,flatten
2023-08-21,-1,16,2023-08-21 09:30:00-05:00,343.438,2023-08-21 12:30:00-05:00,344.232,344.53000000000003,-127.04,short: close 343.48 < lower 344.19,exit short: close 344.14 > lower 344.07
2023-08-21,-1,15,2023-08-21 13:00:00-05:00,344.008,2023-08-21 13:30:00-05:00,344.342,345.17,-50.1,short: close 344.05 < lower 344.11,exit short: close 344.25 > lower 344.03
2023-08-22,-1,15,2023-08-22 11:30:00-05:00,343.168,2023-08-22 14:30:00-05:00,343.28200000000004,344.33,-17.1,short: close 343.23 < lower 343.57,exit short: close 343.26 > lower 343.23
2023-08-23,1,12,2023-08-23 12:30:00-05:00,345.202,2023-08-23 13:30:00-05:00,344.628,343.71,-68.88,long: close 345.12 > upper 344.73,exit long: close 344.68 < upper 344.69
2023-08-24,1,18,2023-08-24 09:00:00-05:00,346.902,2023-08-24 09:08:00-05:00,345.858,345.92,-187.92,long: close 346.80 > upper 345.54,stop
2023-08-24,-1,11,2023-08-24 11:00:00-05:00,342.668,2023-08-24 14:52:00-05:00,341.582,344.24,119.46,short: close 342.70 < lower 342.99,flatten
2023-08-25,1,9,2023-08-25 13:30:00-05:00,344.182,2023-08-25 14:52:00-05:00,343.408,342.25,-69.66,long: close 344.11 > upper 343.65,flatten
2023-08-28,1,11,2023-08-28 09:00:00-05:00,346.262,2023-08-28 09:30:00-05:00,346.168,344.61,-10.34,long: close 346.18 > upper 346.00,exit long: close 346.21 < upper 346.25
2023-08-29,1,16,2023-08-29 09:30:00-05:00,347.022,2023-08-29 10:00:00-05:00,346.418,345.94,-96.64,long: close 346.94 > upper 346.71,exit long: close 346.50 < upper 346.75
2023-08-29,1,17,2023-08-29 10:30:00-05:00,347.172,2023-08-29 14:52:00-05:00,348.368,346.13,203.32,long: close 347.11 > upper 346.67,flatten
2023-08-30,1,17,2023-08-30 09:00:00-05:00,350.742,2023-08-30 09:20:00-05:00,349.638,349.7,-187.68,long: close 350.66 > upper 349.93,stop
2023-09-05,-1,13,2023-09-05 12:30:00-05:00,347.418,2023-09-05 13:00:00-05:00,347.932,348.82,-66.82,short: close 347.49 < lower 347.64,exit short: close 347.89 > lower 347.62
2023-09-06,-1,16,2023-09-06 09:30:00-05:00,345.518,2023-09-06 14:00:00-05:00,345.202,346.59000000000003,50.56,short: close 345.59 < lower 345.66,exit short: close 345.14 > lower 345.02
2023-09-08,1,21,2023-09-08 09:30:00-05:00,346.862,2023-09-08 10:00:00-05:00,346.558,346.06,-63.84,long: close 346.79 > upper 346.52,exit long: close 346.66 < upper 346.75
2023-09-12,1,10,2023-09-12 12:30:00-05:00,349.232,2023-09-12 13:00:00-05:00,348.08799999999997,347.49,-114.4,long: close 349.16 > upper 348.76,exit long: close 348.17 < upper 348.71
2023-09-14,1,8,2023-09-14 12:00:00-05:00,350.092,2023-09-14 13:00:00-05:00,349.738,347.84000000000003,-28.32,long: close 350.01 > upper 349.87,exit long: close 349.82 < upper 349.85
2023-09-14,1,8,2023-09-14 13:30:00-05:00,349.902,2023-09-14 14:52:00-05:00,349.988,347.67,6.88,long: close 349.85 > upper 349.84,flatten
2023-09-15,-1,11,2023-09-15 10:00:00-05:00,346.96799999999996,2023-09-15 10:30:00-05:00,347.492,348.63,-57.64,short: close 347.03 < lower 347.47,exit short: close 347.46 > lower 347.45
2023-09-15,-1,10,2023-09-15 11:00:00-05:00,347.058,2023-09-15 12:00:00-05:00,347.182,348.93,-12.4,short: close 347.13 < lower 347.26,exit short: close 347.12 > lower 347.06
2023-09-19,-1,21,2023-09-19 09:30:00-05:00,344.378,2023-09-19 13:00:00-05:00,344.462,345.18,-17.64,short: close 344.44 < lower 345.00,exit short: close 344.40 > lower 344.27
2023-09-20,1,19,2023-09-20 09:30:00-05:00,346.78200000000004,2023-09-20 10:00:00-05:00,346.613,345.87,-32.11,long: close 346.71 > upper 346.49,exit long: close 346.65 < upper 346.79
2023-09-20,1,12,2023-09-20 11:00:00-05:00,347.202,2023-09-20 11:30:00-05:00,347.138,345.7,-7.68,long: close 347.14 > upper 347.08,exit long: close 347.19 < upper 347.21
2023-09-21,-1,18,2023-09-21 09:00:00-05:00,342.27799999999996,2023-09-21 09:16:00-05:00,343.28200000000004,343.22,-180.72,short: close 342.36 < lower 342.81,stop
2023-09-21,-1,11,2023-09-21 13:30:00-05:00,341.938,2023-09-21 14:52:00-05:00,340.862,343.55,118.36,short: close 342.01 < lower 342.14,flatten
2023-09-25,-1,19,2023-09-25 09:30:00-05:00,337.988,2023-09-25 10:17:00-05:00,338.952,338.89,-183.16,short: close 338.06 < lower 338.20,stop
2023-09-26,-1,10,2023-09-26 10:30:00-05:00,336.568,2023-09-26 11:30:00-05:00,337.182,338.42,-61.4,short: close 336.63 < lower 337.10,exit short: close 337.09 > lower 336.80
2023-09-26,-1,8,2023-09-26 12:30:00-05:00,336.558,2023-09-26 14:52:00-05:00,336.28200000000004,338.73,22.08,short: close 336.62 < lower 336.77,flatten
2023-09-27,-1,17,2023-09-27 10:00:00-05:00,334.928,2023-09-27 10:30:00-05:00,335.592,335.98,-112.88,short: close 334.98 < lower 335.44,exit short: close 335.51 > lower 335.35
2023-09-27,-1,14,2023-09-27 11:00:00-05:00,334.658,2023-09-27 14:00:00-05:00,335.512,335.90000000000003,-119.56,short: close 334.74 < lower 335.24,exit short: close 335.47 > lower 335.26
2023-09-28,1,36,2023-09-28 09:00:00-05:00,335.982,2023-09-28 09:18:00-05:00,335.488,335.55,-177.84,long: close 335.89 > upper 335.85,stop
2023-09-28,1,20,2023-09-28 10:30:00-05:00,336.812,2023-09-28 12:30:00-05:00,336.138,335.96,-134.8,long: close 336.73 > upper 336.27,exit long: close 336.21 < upper 336.66
2023-09-29,-1,8,2023-09-29 12:00:00-05:00,335.298,2023-09-29 14:52:00-05:00,335.812,337.5,-41.12,short: close 335.38 < lower 335.49,flatten
2023-10-02,-1,21,2023-10-02 09:00:00-05:00,333.71799999999996,2023-10-02 09:26:00-05:00,334.572,334.51,-179.34,short: close 333.82 < lower 333.86,stop
2023-10-02,-1,15,2023-10-02 10:00:00-05:00,333.408,2023-10-02 10:21:00-05:00,334.622,334.56,-182.1,short: close 333.44 < lower 333.50,stop
2023-10-03,-1,14,2023-10-03 09:30:00-05:00,331.078,2023-10-03 14:52:00-05:00,330.152,332.33,129.64,short: close 331.20 < lower 332.25,flatten
2023-10-04,-1,23,2023-10-04 09:30:00-05:00,328.693,2023-10-04 09:35:00-05:00,329.482,329.42,-181.47,short: close 328.70 < lower 329.33,stop
2023-10-04,-1,17,2023-10-04 10:00:00-05:00,328.788,2023-10-04 10:17:00-05:00,329.872,329.81,-184.28,short: close 328.89 < lower 329.04,stop
2023-10-05,-1,16,2023-10-05 10:30:00-05:00,329.768,2023-10-05 11:00:00-05:00,329.622,330.87,23.36,short: close 329.80 < lower 329.83,exit short: close 329.58 > lower 329.51
2023-10-06,-1,19,2023-10-06 09:00:00-05:00,329.618,2023-10-06 09:30:00-05:00,329.892,330.54,-52.06,short: close 329.66 < lower 329.86,exit short: close 329.83 > lower 329.63
2023-10-06,1,12,2023-10-06 10:30:00-05:00,332.692,2023-10-06 14:52:00-05:00,334.538,331.25,221.52,long: close 332.58 > upper 332.22,flatten
2023-10-09,1,8,2023-10-09 13:00:00-05:00,336.002,2023-10-09 14:52:00-05:00,335.698,333.72,-24.32,long: close 335.92 > upper 335.83,flatten
2023-10-10,1,9,2023-10-10 11:30:00-05:00,338.91200000000003,2023-10-10 12:00:00-05:00,338.608,336.88,-27.36,long: close 338.83 > upper 338.69,exit long: close 338.70 < upper 338.71
2023-10-12,-1,19,2023-10-12 09:00:00-05:00,336.953,2023-10-12 10:00:00-05:00,337.35200000000003,337.87,-75.81,short: close 337.05 < lower 337.47,exit short: close 337.27 > lower 337.17
2023-10-12,-1,9,2023-10-12 12:30:00-05:00,335.668,2023-10-12 14:52:00-05:00,336.882,337.67,-109.26,short: close 335.76 < lower 336.39,flatten
2023-10-13,1,14,2023-10-13 09:00:00-05:00,338.992,2023-10-13 09:14:00-05:00,337.698,337.76,-181.16,long: close 338.98 > upper 338.13,stop
2023-10-16,1,10,2023-10-16 09:30:00-05:00,339.692,2023-10-16 11:00:00-05:00,340.183,337.92,49.1,long: close 339.61 > upper 339.51,exit long: close 340.20 < upper 340.47
2023-10-17,1,8,2023-10-17 11:30:00-05:00,341.53200000000004,2023-10-17 12:00:00-05:00,340.27799999999996,339.19,-100.32,long: close 341.45 > upper 341.43,exit long: close 340.32 < upper 341.47
2023-10-18,-1,20,2023-10-18 09:00:00-05:00,338.738,2023-10-18 09:19:00-05:00,339.66200000000003,339.6,-184.8,short: close 338.86 < lower 339.00,stop
2023-10-18,-1,18,2023-10-18 09:30:00-05:00,338.358,2023-10-18 11:00:00-05:00,338.172,339.32,33.48,short: close 338.50 < lower 338.90,exit short: close 338.08 > lower 337.92
2023-10-19,-1,19,2023-10-19 09:30:00-05:00,335.358,2023-10-19 10:26:00-05:00,336.302,336.24,-179.36,short: close 335.50 < lower 335.81,stop
2023-10-20,-1,15,2023-10-20 09:30:00-05:00,332.228,2023-10-20 10:00:00-05:00,332.5299,333.41,-45.28,short: close 332.38 < lower 332.59,exit short: close 332.47 > lower 332.45
2023-10-24,1,12,2023-10-24 09:00:00-05:00,332.057,2023-10-24 10:30:00-05:00,331.368,330.56,-82.68,long: close 331.99 > upper 331.65,exit long: close 331.45 < upper 332.16
2023-10-25,-1,14,2023-10-25 09:30:00-05:00,329.888,2023-10-25 09:46:00-05:00,331.16200000000003,331.1,-178.36,short: close 330.02 < lower 330.61,stop
2023-10-26,-1,14,2023-10-26 10:30:00-05:00,328.938,2023-10-26 11:00:00-05:00,329.192,330.2,-35.56,short: close 328.99 < lower 329.03,exit short: close 329.16 > lower 328.82
2023-10-26,-1,12,2023-10-26 11:30:00-05:00,328.428,2023-10-26 13:30:00-05:00,329.152,329.88,-86.88,short: close 328.51 < lower 328.84,exit short: close 329.09 > lower 328.61
2023-10-27,-1,18,2023-10-27 09:30:00-05:00,326.508,2023-10-27 10:00:00-05:00,327.062,327.44,-99.72,short: close 326.66 < lower 326.91,exit short: close 326.98 > lower 326.91
2023-10-27,-1,16,2023-10-27 11:00:00-05:00,326.45799999999997,2023-10-27 14:52:00-05:00,323.842,327.57,418.56,short: close 326.53 < lower 326.73,flatten
2023-10-30,1,8,2023-10-30 11:00:00-05:00,327.772,2023-10-30 11:30:00-05:00,327.438,325.56,-26.72,long: close 327.71 > upper 327.51,exit long: close 327.53 < upper 327.63
2023-10-30,1,7,2023-10-30 12:30:00-05:00,329.16200000000003,2023-10-30 14:52:00-05:00,329.618,326.58,31.92,long: close 329.09 > upper 327.88,flatten
2023-10-31,-1,22,2023-10-31 09:00:00-05:00,328.27799999999996,2023-10-31 09:11:00-05:00,329.112,329.05,-183.48,short: close 328.38 < lower 328.47,stop
2023-11-01,1,15,2023-11-01 09:30:00-05:00,332.022,2023-11-01 10:30:00-05:00,331.788,330.82,-35.1,long: close 331.93 > upper 331.90,exit long: close 331.86 < upper 331.89
2023-11-02,1,9,2023-11-02 09:30:00-05:00,336.082,2023-11-02 14:52:00-05:00,338.268,334.11,196.74,long: close 336.00 > upper 335.72,flatten
2023-11-08,-1,15,2023-11-08 11:30:00-06:00,340.298,2023-11-08 12:00:00-06:00,340.552,341.45,-38.1,short: close 340.42 < lower 340.68,exit short: close 340.45 > lower 340.38
2023-11-09,-1,14,2023-11-09 09:30:00-06:00,340.248,2023-11-09 10:00:00-06:00,340.822,341.5,-80.36,short: close 340.29 < lower 340.31,exit short: close 340.76 > lower 340.26
2023-11-09,-1,9,2023-11-09 13:30:00-06:00,339.39799999999997,2023-11-09 14:52:00-06:00,339.132,341.32,23.94,short: close 339.48 < lower 339.64,flatten
2023-11-10,1,7,2023-11-10 13:30:00-06:00,342.512,2023-11-10 14:00:00-06:00,342.178,340.13,-23.38,long: close 342.43 > upper 342.36,exit long: close 342.26 < upper 342.52
2023-11-13,1,15,2023-11-13 11:00:00-06:00,344.272,2023-11-13 12:00:00-06:00,343.678,343.12,-89.1,long: close 344.19 > upper 343.84,exit long: close 343.71 < upper 344.17
2023-11-14,1,7,2023-11-14 09:00:00-06:00,348.252,2023-11-14 11:30:00-06:00,348.08799999999997,345.82,-11.48,long: close 348.19 > upper 347.92,exit long: close 348.12 < upper 348.42
2023-11-17,-1,19,2023-11-17 10:30:00-06:00,348.83799999999997,2023-11-17 11:00:00-06:00,349.212,349.76,-71.06,short: close 348.86 < lower 349.00,exit short: close 349.20 > lower 348.87
2023-11-20,1,26,2023-11-20 09:00:00-06:00,350.182,2023-11-20 14:52:00-06:00,351.658,349.55,383.76,long: close 350.11 > upper 349.88,flatten
2023-11-22,1,12,2023-11-22 11:00:00-06:00,352.922,2023-11-22 11:30:00-06:00,352.578,351.49,-41.28,long: close 352.82 > upper 352.79,exit long: close 352.63 < upper 352.75
2023-11-24,1,19,2023-11-24 09:30:00-06:00,353.90160000000003,2023-11-24 10:00:00-06:00,353.758,352.98,-27.28,long: close 353.84 > upper 353.82,exit long: close 353.85 < upper 353.85
2023-11-28,1,20,2023-11-28 10:00:00-06:00,354.562,2023-11-28 12:00:00-06:00,354.018,353.72,-108.8,long: close 354.47 > upper 354.25,exit long: close 354.07 < upper 354.33
2023-11-29,1,13,2023-11-29 12:30:00-06:00,355.992,2023-11-29 13:00:00-06:00,355.788,354.66,-26.52,long: close 355.94 > upper 355.87,exit long: close 355.83 < upper 355.89
2023-11-30,1,11,2023-11-30 09:00:00-06:00,357.60200000000003,2023-11-30 09:30:00-06:00,357.348,356.03000000000003,-27.94,long: close 357.54 > upper 357.26,exit long: close 357.36 < upper 357.38
2023-11-30,1,10,2023-11-30 10:00:00-06:00,358.03200000000004,2023-11-30 11:30:00-06:00,356.988,356.27,-104.4,long: close 357.99 > upper 357.44,exit long: close 357.06 < upper 357.47
2023-12-01,1,26,2023-12-01 09:00:00-06:00,360.752,2023-12-01 09:30:00-06:00,360.488,360.11,-68.64,long: close 360.65 > upper 360.57,exit long: close 360.56 < upper 360.61
2023-12-01,1,19,2023-12-01 10:30:00-06:00,361.29200000000003,2023-12-01 14:52:00-06:00,362.818,360.39,289.94,long: close 361.23 > upper 360.84,flatten
2023-12-05,-1,18,2023-12-05 09:00:00-06:00,360.95799999999997,2023-12-05 09:30:00-06:00,361.642,361.94,-123.12,short: close 361.00 < lower 361.28,exit short: close 361.57 > lower 361.28
2023-12-08,1,32,2023-12-08 09:30:00-06:00,362.932,2023-12-08 09:35:00-06:00,362.378,362.44,-177.28,long: close 362.85 > upper 362.29,stop
2023-12-08,1,27,2023-12-08 10:00:00-06:00,363.252,2023-12-08 10:07:00-06:00,362.588,362.65000000000003,-179.28,long: close 363.14 > upper 362.40,stop
2023-12-11,1,15,2023-12-11 12:30:00-06:00,364.562,2023-12-11 13:30:00-06:00,364.1879,363.42,-56.11,long: close 364.49 > upper 364.48,exit long: close 364.23 < upper 364.56
2023-12-12,1,17,2023-12-12 11:30:00-06:00,366.332,2023-12-12 12:00:00-06:00,365.71799999999996,365.31,-104.38,long: close 366.26 > upper 366.10,exit long: close 365.81 < upper 366.17
2023-12-13,1,18,2023-12-13 13:30:00-06:00,368.922,2023-12-13 14:52:00-06:00,370.808,367.99,339.48,long: close 368.81 > upper 367.46,flatten
2023-12-14,1,14,2023-12-14 11:30:00-06:00,373.582,2023-12-14 12:00:00-06:00,372.998,372.33,-81.76,long: close 373.44 > upper 373.40,exit long: close 373.05 < upper 373.46
2023-12-19,1,26,2023-12-19 09:00:00-06:00,374.452,2023-12-19 14:52:00-06:00,375.018,373.83,147.16,long: close 374.40 > upper 373.72,flatten
2023-12-20,1,15,2023-12-20 12:00:00-06:00,376.302,2023-12-20 12:30:00-06:00,375.878,375.12,-63.6,long: close 376.24 > upper 376.24,exit long: close 375.94 < upper 376.24
2023-12-22,1,28,2023-12-22 09:00:00-06:00,375.062,2023-12-22 09:56:00-06:00,374.408,374.47,-183.12,long: close 374.94 > upper 374.37,stop
2023-12-22,-1,18,2023-12-22 13:30:00-06:00,372.738,2023-12-22 13:43:00-06:00,373.742,373.68,-180.72,short: close 372.80 < lower 372.84,stop
2023-12-26,1,29,2023-12-26 09:30:00-06:00,374.742,2023-12-26 14:52:00-06:00,375.448,374.19,204.74,long: close 374.66 > upper 374.34,flatten
2023-12-27,1,26,2023-12-27 09:30:00-06:00,376.187,2023-12-27 10:00:00-06:00,375.7479,375.56,-114.17,long: close 376.12 > upper 375.87,exit long: close 375.83 < upper 375.98
2023-12-27,1,21,2023-12-27 11:00:00-06:00,376.122,2023-12-27 11:30:00-06:00,376.02799999999996,375.32,-19.74,long: close 376.08 > upper 376.04,exit long: close 376.10 < upper 376.18
2023-12-28,1,27,2023-12-28 09:30:00-06:00,377.242,2023-12-28 10:00:00-06:00,376.928,376.64,-84.78,long: close 377.13 > upper 377.13,exit long: close 376.98 < upper 377.19
2023-12-29,-1,23,2023-12-29 10:30:00-06:00,375.738,2023-12-29 12:13:00-06:00,376.54200000000003,376.48,-184.92,short: close 375.86 < lower 376.31,stop
2023-12-29,-1,18,2023-12-29 12:30:00-06:00,376.038,2023-12-29 13:00:00-06:00,376.392,376.98,-63.72,short: close 376.07 < lower 376.11,exit short: close 376.33 > lower 376.19
2024-01-03,-1,13,2024-01-03 09:30:00-06:00,374.768,2024-01-03 11:30:00-06:00,374.872,376.16,-13.52,short: close 374.84 < lower 374.96,exit short: close 374.78 > lower 374.51
2024-01-04,1,21,2024-01-04 09:00:00-06:00,375.66200000000003,2024-01-04 11:30:00-06:00,375.698,374.85,7.56,long: close 375.57 > upper 375.36,exit long: close 375.75 < upper 375.89
2024-01-05,1,22,2024-01-05 09:30:00-06:00,375.382,2024-01-05 10:30:00-06:00,374.95799999999997,374.6,-93.28,long: close 375.30 > upper 375.27,exit long: close 375.02 < upper 375.54
2024-01-08,1,12,2024-01-08 13:30:00-06:00,375.942,2024-01-08 14:52:00-06:00,376.70799999999997,374.46,91.92,long: close 375.83 > upper 375.52,flatten
2024-01-09,-1,11,2024-01-09 09:00:00-06:00,374.128,2024-01-09 09:30:00-06:00,374.35200000000003,375.72,-24.64,short: close 374.15 < lower 374.23,exit short: close 374.31 > lower 374.02
2024-01-10,1,15,2024-01-10 13:30:00-06:00,377.027,2024-01-10 14:52:00-06:00,376.428,375.89,-89.85,long: close 376.92 > upper 376.53,flatten
2024-01-11,-1,18,2024-01-11 09:00:00-06:00,376.168,2024-01-11 13:00:00-06:00,376.612,377.15000000000003,-79.92,short: close 376.24 < lower 376.36,exit short: close 376.52 > lower 376.05
2024-01-12,-1,21,2024-01-12 09:00:00-06:00,376.308,2024-01-12 14:52:00-06:00,375.9377,377.13,77.76,short: close 376.35 < lower 376.50,flatten
2024-01-16,-1,15,2024-01-16 09:00:00-06:00,373.83799999999997,2024-01-16 09:22:00-06:00,375.10200000000003,375.04,-189.6,short: close 373.91 < lower 374.26,stop
2024-01-16,-1,11,2024-01-16 11:30:00-06:00,373.298,2024-01-16 14:52:00-06:00,373.242,374.98,6.16,short: close 373.34 < lower 373.78,flatten
2024-01-18,1,14,2024-01-18 13:30:00-06:00,374.232,2024-01-18 14:52:00-06:00,375.198,372.95,135.24,long: close 374.17 > upper 373.78,flatten
2024-01-19,1,11,2024-01-19 12:00:00-06:00,377.172,2024-01-19 14:52:00-06:00,378.288,375.6,122.76,long: close 377.10 > upper 376.85,flatten
2024-01-22,1,14,2024-01-22 09:00:00-06:00,380.712,2024-01-22 10:00:00-06:00,380.308,379.44,-56.56,long: close 380.64 > upper 380.37,exit long: close 380.36 < upper 380.77
2024-01-23,-1,12,2024-01-23 10:30:00-06:00,378.09299999999996,2024-01-23 11:00:00-06:00,378.382,379.54,-34.68,short: close 378.16 < lower 378.27,exit short: close 378.29 > lower 378.27
2024-01-25,1,16,2024-01-25 09:00:00-06:00,379.902,2024-01-25 09:30:00-06:00,379.828,378.78000000000003,-11.84,long: close 379.81 > upper 379.72,exit long: close 379.84 < upper 379.85
2024-01-26,1,17,2024-01-26 09:30:00-06:00,381.312,2024-01-26 12:00:00-06:00,380.52799999999996,380.29,-133.28,long: close 381.27 > upper 381.27,exit long: close 380.62 < upper 381.46
2024-01-30,1,16,2024-01-30 12:30:00-06:00,384.422,2024-01-30 14:52:00-06:00,384.71799999999996,383.35,47.36,long: close 384.27 > upper 384.13,flatten
2024-02-01,1,22,2024-02-01 09:30:00-06:00,382.872,2024-02-01 09:50:00-06:00,382.058,382.12,-179.08,long: close 382.89 > upper 382.13,stop
2024-02-01,1,17,2024-02-01 11:00:00-06:00,382.66200000000003,2024-02-01 14:52:00-06:00,384.598,381.67,329.12,long: close 382.56 > upper 382.37,flatten
2024-02-02,1,11,2024-02-02 13:00:00-06:00,386.582,2024-02-02 14:52:00-06:00,387.048,385.01,51.26,long: close 386.45 > upper 386.11,flatten
2024-02-05,-1,21,2024-02-05 09:00:00-06:00,384.64799999999997,2024-02-05 14:00:00-06:00,384.672,385.46000000000004,-5.04,short: close 384.73 < lower 385.42,exit short: close 384.61 > lower 384.46
2024-02-06,1,23,2024-02-06 09:00:00-06:00,384.60200000000003,2024-02-06 09:30:00-06:00,384.328,383.87,-63.02,long: close 384.52 > upper 384.49,exit long: close 384.46 < upper 384.69
2024-02-06,1,16,2024-02-06 11:30:00-06:00,384.982,2024-02-06 12:00:00-06:00,384.628,383.91,-56.64,long: close 384.89 > upper 384.83,exit long: close 384.70 < upper 384.85
2024-02-08,-1,15,2024-02-08 10:30:00-06:00,385.508,2024-02-08 11:30:00-06:00,386.172,386.66,-99.6,short: close 385.58 < lower 385.96,exit short: close 386.12 > lower 385.81
2024-02-09,-1,16,2024-02-09 11:00:00-06:00,385.83799999999997,2024-02-09 11:30:00-06:00,386.492,386.90000000000003,-104.64,short: close 385.90 < lower 386.24,exit short: close 386.43 > lower 386.20
2024-02-12,1,17,2024-02-12 10:30:00-06:00,388.47200000000004,2024-02-12 14:00:00-06:00,387.698,387.43,-131.58,long: close 388.40 > upper 387.66,exit long: close 387.78 < upper 387.95
2024-02-13,-1,9,2024-02-13 09:00:00-06:00,382.748,2024-02-13 14:52:00-06:00,381.982,384.83,68.94,short: close 382.82 < lower 384.54,flatten
2024-02-15,1,16,2024-02-15 09:00:00-06:00,386.47200000000004,2024-02-15 10:30:00-06:00,386.068,385.38,-64.64,long: close 386.37 > upper 385.84,exit long: close 386.17 < upper 386.26
2024-02-15,1,10,2024-02-15 11:00:00-06:00,386.642,2024-02-15 14:52:00-06:00,388.02799999999996,384.92,138.6,long: close 386.58 > upper 386.47,flatten
2024-02-16,-1,14,2024-02-16 09:00:00-06:00,385.978,2024-02-16 09:30:00-06:00,386.7821,387.21000000000004,-112.57,short: close 386.13 < lower 386.49,exit short: close 386.84 > lower 386.38
2024-02-22,1,9,2024-02-22 09:00:00-06:00,389.702,2024-02-22 09:30:00-06:00,388.858,387.79,-75.96,long: close 389.62 > upper 389.11,exit long: close 388.94 < upper 389.21
2024-02-22,1,7,2024-02-22 12:30:00-06:00,390.062,2024-02-22 14:52:00-06:00,390.568,387.57,35.42,long: close 389.95 > upper 389.69,flatten
2024-02-23,1,13,2024-02-23 09:00:00-06:00,392.752,2024-02-23 10:00:00-06:00,392.578,391.34000000000003,-22.62,long: close 392.59 > upper 392.58,exit long: close 392.64 < upper 392.76
2024-02-27,-1,18,2024-02-27 09:00:00-06:00,389.518,2024-02-27 13:30:00-06:00,389.382,390.49,24.48,short: close 389.51 < lower 389.54,exit short: close 389.33 > lower 389.20
2024-03-01,-1,21,2024-03-01 09:00:00-06:00,389.108,2024-03-01 09:15:00-06:00,389.97200000000004,389.91,-181.44,short: close 389.05 < lower 389.05,stop
2024-03-01,1,21,2024-03-01 10:00:00-06:00,390.742,2024-03-01 10:30:00-06:00,390.39799999999997,389.93,-72.24,long: close 390.69 > upper 390.67,exit long: close 390.43 < upper 390.61
2024-03-05,-1,12,2024-03-05 10:00:00-06:00,387.928,2024-03-05 14:52:00-06:00,385.97200000000004,389.40000000000003,234.72,short: close 387.97 < lower 388.17,flatten
2024-03-08,1,22,2024-03-08 09:00:00-06:00,390.22200000000004,2024-03-08 09:23:00-06:00,389.388,389.45,-183.48,long: close 390.17 > upper 389.10,stop
2024-03-08,1,23,2024-03-08 09:30:00-06:00,389.362,2024-03-08 11:53:00-06:00,388.578,388.64,-180.32,long: close 389.25 > upper 389.05,stop
2024-03-11,-1,15,2024-03-11 09:30:00-05:00,385.64799999999997,2024-03-11 10:00:00-05:00,386.742,386.84000000000003,-164.1,short: close 385.64 < lower 386.24,exit short: close 386.69 > lower 386.19
2024-03-12,1,16,2024-03-12 09:30:00-05:00,390.382,2024-03-12 11:30:00-05:00,389.918,389.26,-74.24,long: close 390.35 > upper 389.96,exit long: close 390.01 < upper 390.11
2024-03-12,1,13,2024-03-12 13:00:00-05:00,390.772,2024-03-12 14:52:00-05:00,390.95799999999997,389.37,24.18,long: close 390.62 > upper 390.24,flatten
2024-03-14,-1,16,2024-03-14 09:00:00-05:00,389.818,2024-03-14 09:30:00-05:00,390.612,390.91,-127.04,short: close 389.87 < lower 390.61,exit short: close 390.54 > lower 390.43
2024-03-14,-1,14,2024-03-14 10:30:00-05:00,390.198,2024-03-14 11:00:00-05:00,390.692,391.44,-69.16,short: close 390.23 < lower 390.46,exit short: close 390.63 > lower 390.39
2024-03-15,-1,8,2024-03-15 12:00:00-05:00,386.038,2024-03-15 13:00:00-05:00,387.122,388.14,-86.72,short: close 386.13 < lower 386.82,exit short: close 387.05 > lower 386.62
2024-03-19,1,16,2024-03-19 10:00:00-05:00,389.232,2024-03-19 14:52:00-05:00,390.728,388.14,239.36,long: close 389.17 > upper 389.03,flatten
2024-03-20,1,11,2024-03-20 13:30:00-05:00,392.692,2024-03-20 14:52:00-05:00,394.658,391.0,216.26,long: close 392.60 > upper 392.27,flatten
2024-03-21,1,13,2024-03-21 09:00:00-05:00,397.772,2024-03-21 14:00:00-05:00,397.828,396.42,7.28,long: close 397.75 > upper 396.97,exit long: close 397.88 < upper 397.95
2024-03-22,-1,18,2024-03-22 09:30:00-05:00,396.498,2024-03-22 14:52:00-05:00,395.272,397.44,220.68,short: close 396.57 < lower 396.78,flatten
2024-03-27,1,10,2024-03-27 09:00:00-05:00,395.97200000000004,2024-03-27 09:30:00-05:00,394.928,394.27,-104.4,long: close 395.91 > upper 395.65,exit long: close 395.01 < upper 395.82
2024-04-01,-1,25,2024-04-01 09:00:00-05:00,396.46799999999996,2024-04-01 14:52:00-05:00,395.262,397.12,301.5,short: close 396.60 < lower 397.12,flatten
2024-04-02,-1,8,2024-04-02 09:00:00-05:00,390.908,2024-04-02 09:30:00-05:00,391.392,393.25,-38.72,short: close 390.96 < lower 391.30,exit short: close 391.32 > lower 391.13
2024-04-02,-1,6,2024-04-02 11:00:00-05:00,390.598,2024-04-02 12:00:00-05:00,391.082,393.35,-29.04,short: close 390.67 < lower 390.89,exit short: close 391.00 > lower 390.77
2024-04-04,-1,7,2024-04-04 13:30:00-05:00,388.89799999999997,2024-04-04 14:52:00-05:00,386.28200000000004,391.5,183.12,short: close 389.09 < lower 390.05,flatten
2024-04-05,1,21,2024-04-05 09:00:00-05:00,387.10200000000003,2024-04-05 09:30:00-05:00,386.908,386.31,-40.74,long: close 387.13 > upper 386.99,exit long: close 386.96 < upper 387.11
2024-04-05,1,16,2024-04-05 10:00:00-05:00,388.552,2024-04-05 14:52:00-05:00,389.358,387.46000000000004,128.96,long: close 388.54 > upper 387.29,flatten
2024-04-09,-1,18,2024-04-09 09:00:00-05:00,388.358,2024-04-09 14:30:00-05:00,388.652,389.32,-52.92,short: close 388.35 < lower 388.40,exit short: close 388.58 > lower 386.99
2024-04-10,-1,6,2024-04-10 09:00:00-05:00,384.058,2024-04-10 09:30:00-05:00,384.962,386.8,-54.24,short: close 384.08 < lower 384.16,exit short: close 384.90 > lower 384.00
2024-04-11,-1,14,2024-04-11 09:30:00-05:00,382.048,2024-04-11 10:52:00-05:00,383.392,383.33,-188.16,short: close 382.09 < lower 383.71,stop
2024-04-11,-1,11,2024-04-11 11:30:00-05:00,383.20799999999997,2024-04-11 12:00:00-05:00,383.582,384.86,-41.14,short: close 383.25 < lower 383.34,exit short: close 383.51 > lower 383.29
2024-04-12,-1,9,2024-04-12 09:30:00-05:00,381.308,2024-04-12 10:30:00-05:00,381.47200000000004,383.31,-14.76,short: close 381.37 < lower 381.43,exit short: close 381.38 > lower 381.14
2024-04-12,-1,8,2024-04-12 11:30:00-05:00,380.58799999999997,2024-04-12 14:52:00-05:00,379.54200000000003,382.90000000000003,83.68,short: close 380.62 < lower 381.13,flatten
2024-04-15,-1,6,2024-04-15 12:30:00-05:00,378.14799999999997,2024-04-15 14:52:00-05:00,377.582,381.12,33.96,short: close 378.21 < lower 378.66,flatten
2024-04-22,1,7,2024-04-22 13:00:00-05:00,384.112,2024-04-22 14:00:00-05:00,383.538,381.46,-40.18,long: close 384.05 > upper 383.41,exit long: close 383.64 < upper 383.66
2024-04-24,-1,13,2024-04-24 11:00:00-05:00,383.378,2024-04-24 11:30:00-05:00,383.862,384.75,-62.92,short: close 383.45 < lower 383.61,exit short: close 383.82 > lower 383.48
2024-04-25,-1,6,2024-04-25 09:00:00-05:00,377.848,2024-04-25 10:30:00-05:00,378.772,380.86,-55.44,short: close 377.88 < lower 379.14,exit short: close 378.69 > lower 378.24
2024-04-26,1,21,2024-04-26 09:00:00-05:00,382.132,2024-04-26 10:00:00-05:00,381.978,381.32,-32.34,long: close 382.06 > upper 381.62,exit long: close 381.98 < upper 382.49
2024-04-26,1,15,2024-04-26 11:00:00-05:00,382.432,2024-04-26 14:52:00-05:00,382.488,381.25,8.4,long: close 382.41 > upper 382.00,flatten
2024-04-30,-1,13,2024-04-30 09:00:00-05:00,381.478,2024-04-30 09:30:00-05:00,381.862,382.86,-49.92,short: close 381.56 < lower 381.73,exit short: close 381.83 > lower 381.34
2024-04-30,-1,9,2024-04-30 10:30:00-05:00,380.758,2024-04-30 14:52:00-05:00,379.206,382.72,139.68,short: close 380.81 < lower 381.16,flatten
2024-05-01,1,10,2024-05-01 13:30:00-05:00,380.6696,2024-05-01 14:52:00-05:00,379.608,378.90000000000003,-106.16,long: close 380.60 > upper 379.97,flatten
2024-05-08,1,17,2024-05-08 11:00:00-05:00,389.632,2024-05-08 12:00:00-05:00,389.488,388.64,-24.48,long: close 389.56 > upper 389.52,exit long: close 389.57 < upper 389.67
2024-05-08,1,12,2024-05-08 13:00:00-05:00,390.03200000000004,2024-05-08 14:52:00-05:00,390.77799999999996,388.61,89.52,long: close 389.96 > upper 389.95,flatten
2024-05-09,1,21,2024-05-09 09:00:00-05:00,391.41200000000003,2024-05-09 14:52:00-05:00,394.108,390.59000000000003,566.16,long: close 391.36 > upper 391.10,flatten
2024-05-15,1,10,2024-05-15 10:30:00-05:00,398.572,2024-05-15 11:00:00-05:00,398.098,396.8,-47.4,long: close 398.51 > upper 398.20,exit long: close 398.14 < upper 398.17
2024-05-15,1,9,2024-05-15 12:00:00-05:00,398.60200000000003,2024-05-15 13:30:00-05:00,398.433,396.71000000000004,-15.21,long: close 398.55 > upper 398.31,exit long: close 398.50 < upper 398.51
2024-05-16,1,17,2024-05-16 10:00:00-05:00,401.012,2024-05-16 10:30:00-05:00,400.678,400.0,-56.78,long: close 400.91 > upper 400.55,exit long: close 400.71 < upper 400.72
2024-05-20,-1,16,2024-05-20 13:00:00-05:00,398.658,2024-05-20 14:30:00-05:00,398.342,399.74,50.56,short: close 398.75 < lower 398.80,exit short: close 398.28 > lower 398.20
2024-05-22,-1,13,2024-05-22 13:30:00-05:00,395.638,2024-05-22 14:52:00-05:00,395.762,396.96000000000004,-16.12,short: close 395.70 < lower 397.05,flatten
2024-05-23,-1,31,2024-05-23 09:00:00-05:00,394.408,2024-05-23 09:01:00-05:00,394.982,394.92,-177.94,short: close 394.49 < lower 396.39,stop
2024-05-23,-1,22,2024-05-23 09:30:00-05:00,394.008,2024-05-23 14:52:00-05:00,390.402,394.76,793.32,short: close 394.05 < lower 396.15,flatten
2024-05-28,-1,13,2024-05-28 12:00:00-05:00,388.568,2024-05-28 14:52:00-05:00,388.152,389.91,54.08,short: close 388.62 < lower 388.89,flatten
2024-05-31,1,15,2024-05-31 12:30:00-05:00,383.392,2024-05-31 14:52:00-05:00,385.788,382.24,359.4,long: close 383.31 > upper 382.86,flatten
2024-06-03,-1,28,2024-06-03 09:00:00-05:00,386.508,2024-06-03 09:00:00-05:00,387.16200000000003,387.1,-183.12,short: close 386.48 < lower 387.07,stop
2024-06-03,-1,23,2024-06-03 09:30:00-05:00,386.598,2024-06-03 14:52:00-05:00,385.562,387.32,238.28,short: close 386.67 < lower 386.94,flatten
2024-06-04,1,14,2024-06-04 09:30:00-05:00,387.212,2024-06-04 09:58:00-05:00,385.928,385.99,-179.76,long: close 387.16 > upper 386.85,stop
2024-06-04,1,8,2024-06-04 13:30:00-05:00,388.362,2024-06-04 14:00:00-05:00,387.698,386.26,-53.12,long: close 388.29 > upper 387.73,exit long: close 387.78 < upper 387.82
2024-06-05,-1,14,2024-06-05 09:30:00-05:00,386.548,2024-06-05 10:00:00-05:00,387.022,387.8,-66.36,short: close 386.44 < lower 386.81,exit short: close 386.93 > lower 386.73
2024-06-06,1,21,2024-06-06 09:00:00-05:00,390.502,2024-06-06 09:06:00-05:00,389.638,389.7,-181.44,long: close 390.42 > upper 389.47,stop
2024-06-06,1,17,2024-06-06 09:30:00-05:00,389.812,2024-06-06 09:39:00-05:00,388.748,388.81,-180.88,long: close 389.75 > upper 389.67,stop
2024-06-07,1,15,2024-06-07 09:30:00-05:00,390.362,2024-06-07 10:30:00-05:00,390.078,389.23,-42.6,long: close 390.35 > upper 390.22,exit long: close 390.14 < upper 390.16
2024-06-07,1,19,2024-06-07 11:00:00-05:00,390.10200000000003,2024-06-07 11:30:00-05:00,390.02799999999996,389.2,-14.06,long: close 390.08 > upper 389.99,exit long: close 390.06 < upper 390.16
2024-06-11,-1,11,2024-06-11 09:00:00-05:00,385.818,2024-06-11 10:00:00-05:00,387.392,387.47,-173.14,short: close 385.91 < lower 386.83,exit short: close 387.31 > lower 386.77
2024-06-11,-1,10,2024-06-11 11:30:00-05:00,386.098,2024-06-11 12:30:00-05:00,386.592,387.81,-49.4,short: close 386.22 < lower 386.77,exit short: close 386.54 > lower 386.45
2024-06-13,-1,13,2024-06-13 09:00:00-05:00,385.21799999999996,2024-06-13 12:00:00-05:00,385.632,386.59000000000003,-53.82,short: close 385.27 < lower 385.84,exit short: close 385.63 > lower 385.43
2024-06-17,1,10,2024-06-17 11:30:00-05:00,387.832,2024-06-17 12:00:00-05:00,387.518,386.06,-31.4,long: close 387.75 > upper 387.62,exit long: close 387.55 < upper 387.75
2024-06-17,1,9,2024-06-17 13:00:00-05:00,388.252,2024-06-17 14:52:00-05:00,388.788,386.35,48.24,long: close 388.20 > upper 387.76,flatten
2024-06-20,1,14,2024-06-20 09:30:00-05:00,390.41200000000003,2024-06-20 10:00:00-05:00,389.738,389.12,-94.36,long: close 390.46 > upper 390.25,exit long: close 389.77 < upper 390.15
2024-06-20,1,11,2024-06-20 12:00:00-05:00,390.932,2024-06-20 14:52:00-05:00,391.998,389.32,117.26,long: close 390.87 > upper 390.58,flatten
2024-06-24,1,12,2024-06-24 09:00:00-05:00,394.22200000000004,2024-06-24 13:00:00-05:00,393.578,392.68,-77.28,long: close 394.16 > upper 393.40,exit long: close 393.74 < upper 393.87
2024-06-24,1,8,2024-06-24 13:30:00-05:00,394.112,2024-06-24 14:52:00-05:00,394.46799999999996,392.0,28.48,long: close 394.09 > upper 393.97,flatten
2024-06-25,-1,14,2024-06-25 09:00:00-05:00,392.328,2024-06-25 09:30:00-05:00,392.862,393.55,-74.76,short: close 392.39 < lower 392.55,exit short: close 392.74 > lower 392.27
2024-06-25,-1,14,2024-06-25 10:00:00-05:00,392.118,2024-06-25 14:52:00-05:00,391.002,393.39,156.24,short: close 392.19 < lower 392.51,flatten
2024-06-28,1,15,2024-06-28 09:30:00-05:00,393.54200000000003,2024-06-28 10:08:00-05:00,392.298,392.36,-186.6,long: close 393.46 > upper 392.66,stop
2024-07-01,1,13,2024-07-01 09:00:00-05:00,393.552,2024-07-01 09:12:00-05:00,392.168,392.23,-179.92,long: close 393.48 > upper 392.96,stop
2024-07-08,1,17,2024-07-08 09:00:00-05:00,396.04200000000003,2024-07-08 09:30:00-05:00,395.288,394.99,-128.18,long: close 395.98 > upper 395.10,exit long: close 395.34 < upper 395.37
2024-07-08,1,13,2024-07-08 10:00:00-05:00,395.572,2024-07-08 10:28:00-05:00,394.108,394.17,-190.32,long: close 395.51 > upper 395.46,stop
2024-07-09,-1,19,2024-07-09 09:00:00-05:00,391.978,2024-07-09 10:00:00-05:00,392.622,392.87,-122.36,short: close 392.03 < lower 392.45,exit short: close 392.61 > lower 392.12
2024-07-10,1,17,2024-07-10 11:00:00-05:00,394.10200000000003,2024-07-10 14:52:00-05:00,396.83299999999997,393.09000000000003,464.27,long: close 394.04 > upper 393.95,flatten
2024-07-12,1,11,2024-07-12 10:00:00-05:00,400.16200000000003,2024-07-12 14:52:00-05:00,400.21799999999996,398.51,6.16,long: close 400.06 > upper 399.88,flatten
2024-07-16,1,12,2024-07-16 09:00:00-05:00,406.642,2024-07-16 14:52:00-05:00,409.83299999999997,405.18,382.92,long: close 406.54 > upper 404.57,flatten
2024-07-17,1,13,2024-07-17 09:00:00-05:00,410.822,2024-07-17 10:00:00-05:00,410.238,409.47,-75.92,long: close 410.78 > upper 410.44,exit long: close 410.37 < upper 410.74
2024-07-17,1,11,2024-07-17 10:30:00-05:00,411.082,2024-07-17 14:52:00-05:00,411.953,409.45,95.81,long: close 411.05 > upper 410.72,flatten
2024-07-18,1,11,2024-07-18 09:00:00-05:00,413.272,2024-07-18 10:00:00-05:00,411.9943,411.68,-140.55,long: close 413.17 > upper 412.91,exit long: close 412.14 < upper 413.20
2024-07-18,-1,9,2024-07-18 11:30:00-05:00,408.488,2024-07-18 12:30:00-05:00,409.432,410.44,-84.96,short: close 408.57 < lower 409.37,exit short: close 409.36 > lower 409.29
2024-07-19,-1,9,2024-07-19 09:30:00-05:00,403.508,2024-07-19 14:52:00-05:00,402.702,405.49,72.54,short: close 403.56 < lower 404.06,flatten
2024-07-24,-1,9,2024-07-24 09:00:00-05:00,400.308,2024-07-24 11:30:00-05:00,400.642,402.22,-30.06,short: close 400.43 < lower 400.72,exit short: close 400.58 > lower 400.24
2024-07-24,-1,7,2024-07-24 12:00:00-05:00,400.078,2024-07-24 12:30:00-05:00,400.28200000000004,402.52,-14.28,short: close 400.16 < lower 400.20,exit short: close 400.25 > lower 400.23
2024-07-25,1,16,2024-07-25 09:00:00-05:00,400.392,2024-07-25 14:52:00-05:00,400.198,399.32,-31.04,long: close 400.32 > upper 399.70,flatten
2024-07-26,1,8,2024-07-26 09:00:00-05:00,404.862,2024-07-26 14:52:00-05:00,405.618,402.55,60.48,long: close 404.84 > upper 402.94,flatten
2024-07-30,1,12,2024-07-30 09:00:00-05:00,407.672,2024-07-30 09:18:00-05:00,406.138,406.2,-184.08,long: close 407.69 > upper 407.15,stop
2024-07-31,1,10,2024-07-31 10:30:00-05:00,409.607,2024-07-31 14:30:00-05:00,408.548,407.8,-105.9,long: close 409.56 > upper 409.23,exit long: close 408.56 < upper 409.80
2024-08-01,-1,7,2024-08-01 09:30:00-05:00,405.8881,2024-08-01 14:52:00-05:00,403.502,408.32,167.03,short: close 405.94 < lower 406.66,flatten
2024-08-02,-1,5,2024-08-02 09:30:00-05:00,396.078,2024-08-02 14:52:00-05:00,395.742,399.76,16.8,short: close 396.15 < lower 397.94,flatten
2024-08-06,1,12,2024-08-06 09:00:00-05:00,390.072,2024-08-06 10:30:00-05:00,389.298,388.61,-92.88,long: close 390.00 > upper 388.71,exit long: close 389.31 < upper 389.72
2024-08-06,1,7,2024-08-06 11:00:00-05:00,391.622,2024-08-06 14:52:00-05:00,390.728,388.98,-62.58,long: close 391.47 > upper 389.88,flatten
2024-08-07,1,7,2024-08-07 09:00:00-05:00,394.572,2024-08-07 09:30:00-05:00,393.02799999999996,391.91,-108.08,long: close 394.47 > upper 393.91,exit long: close 393.09 < upper 394.57
2024-08-08,1,8,2024-08-08 09:00:00-05:00,392.442,2024-08-08 14:52:00-05:00,393.878,390.3,114.88,long: close 392.39 > upper 390.78,flatten
2024-08-12,-1,10,2024-08-12 09:00:00-05:00,393.068,2024-08-12 09:30:00-05:00,394.342,394.91,-127.4,short: close 393.07 < lower 393.71,exit short: close 394.26 > lower 393.20
2024-08-22,-1,6,2024-08-22 13:00:00-05:00,406.078,2024-08-22 13:30:00-05:00,407.182,408.87,-66.24,short: close 406.14 < lower 406.57,exit short: close 407.28 > lower 406.57
2024-08-23,1,9,2024-08-23 09:30:00-05:00,411.522,2024-08-23 09:48:00-05:00,409.528,409.59000000000003,-179.46,long: close 411.43 > upper 410.37,stop
2024-08-23,1,8,2024-08-23 10:00:00-05:00,410.85200000000003,2024-08-23 11:00:00-05:00,410.538,408.74,-25.12,long: close 410.80 > upper 410.55,exit long: close 410.60 < upper 410.85
2024-08-26,1,12,2024-08-26 09:00:00-05:00,413.992,2024-08-26 10:00:00-05:00,413.178,412.55,-97.68,long: close 413.82 > upper 413.68,exit long: close 413.25 < upper 414.00
2024-08-28,-1,14,2024-08-28 11:30:00-05:00,410.608,2024-08-28 12:00:00-05:00,411.482,411.85,-122.36,short: close 410.65 < lower 411.57,exit short: close 411.40 > lower 411.20
2024-08-28,-1,10,2024-08-28 12:30:00-05:00,410.798,2024-08-28 14:30:00-05:00,411.007,412.54,-20.9,short: close 410.86 < lower 411.06,exit short: close 410.99 > lower 410.93
2024-08-29,1,7,2024-08-29 11:30:00-05:00,415.902,2024-08-29 12:30:00-05:00,415.64799999999997,413.43,-17.78,long: close 415.79 > upper 415.34,exit long: close 415.69 < upper 415.76
2024-08-29,1,6,2024-08-29 13:00:00-05:00,416.172,2024-08-29 13:30:00-05:00,415.138,413.03000000000003,-62.04,long: close 416.18 > upper 416.01,exit long: close 415.40 < upper 415.83
2024-08-30,-1,13,2024-08-30 11:30:00-05:00,412.618,2024-08-30 12:00:00-05:00,413.35200000000003,413.98,-95.42,short: close 412.67 < lower 412.85,exit short: close 413.25 > lower 412.53
2024-09-03,-1,10,2024-09-03 09:30:00-05:00,411.818,2024-09-03 14:52:00-05:00,409.612,413.53000000000003,220.6,short: close 411.88 < lower 413.48,flatten
2024-09-04,1,25,2024-09-04 09:00:00-05:00,411.332,2024-09-04 09:00:00-05:00,410.598,410.66,-183.5,long: close 411.31 > upper 410.78,stop
2024-09-04,1,17,2024-09-04 09:30:00-05:00,411.572,2024-09-04 10:30:00-05:00,410.888,410.56,-116.28,long: close 411.53 > upper 411.12,exit long: close 410.92 < upper 411.21
2024-09-05,-1,17,2024-09-05 09:00:00-05:00,409.558,2024-09-05 09:02:00-05:00,410.672,410.61,-189.38,short: close 409.59 < lower 409.83,stop
2024-09-05,-1,12,2024-09-05 10:00:00-05:00,408.77799999999996,2024-09-05 13:00:00-05:00,409.132,410.2,-42.48,short: close 408.80 < lower 409.46,exit short: close 409.05 > lower 408.94
2024-09-06,1,19,2024-09-06 09:00:00-05:00,409.84700000000004,2024-09-06 09:05:00-05:00,408.888,408.95,-182.21,long: close 409.81 > upper 409.62,stop
2024-09-06,-1,15,2024-09-06 09:30:00-05:00,406.96799999999996,2024-09-06 10:01:00-05:00,408.21200000000005,408.15000000000003,-186.6,short: close 407.05 < lower 407.53,stop
2024-09-09,1,6,2024-09-09 11:00:00-05:00,409.732,2024-09-09 13:00:00-05:00,408.863,406.77,-52.14,long: close 409.69 > upper 408.87,exit long: close 408.86 < upper 409.10
2024-09-10,-1,15,2024-09-10 09:00:00-05:00,408.14799999999997,2024-09-10 10:30:00-05:00,407.772,409.33,56.4,short: close 408.23 < lower 408.41,exit short: close 407.71 > lower 407.66
2024-09-10,-1,8,2024-09-10 11:00:00-05:00,405.568,2024-09-10 13:00:00-05:00,407.372,407.7,-144.32,short: close 405.64 < lower 407.45,exit short: close 407.32 > lower 407.30
2024-09-11,-1,13,2024-09-11 09:00:00-05:00,403.118,2024-09-11 11:05:00-05:00,404.502,404.44,-179.92,short: close 403.19 < lower 406.37,stop
2024-09-11,-1,7,2024-09-11 11:30:00-05:00,404.868,2024-09-11 12:00:00-05:00,405.682,407.36,-56.98,short: close 404.78 < lower 405.20,exit short: close 405.57 > lower 405.24
2024-09-12,-1,14,2024-09-12 09:00:00-05:00,407.758,2024-09-12 09:14:00-05:00,409.112,409.05,-189.56,short: close 407.87 < lower 408.18,stop
2024-09-13,1,12,2024-09-13 09:00:00-05:00,414.312,2024-09-13 14:52:00-05:00,414.95799999999997,412.85,77.52,long: close 414.25 > upper 413.75,flatten
2024-09-16,1,9,2024-09-16 09:00:00-05:00,418.382,2024-09-16 09:30:00-05:00,416.64799999999997,416.34000000000003,-156.06,long: close 418.32 > upper 417.74,exit long: close 416.68 < upper 418.06
2024-09-25,-1,12,2024-09-25 09:30:00-05:00,420.20799999999997,2024-09-25 14:52:00-05:00,419.142,421.75,127.92,short: close 420.35 < lower 420.74,flatten
2024-09-27,1,10,2024-09-27 09:30:00-05:00,425.117,2024-09-27 12:00:00-05:00,423.58799999999997,423.26,-152.9,long: close 425.08 > upper 423.94,exit long: close 423.65 < upper 424.04
2024-09-27,1,10,2024-09-27 13:00:00-05:00,423.842,2024-09-27 13:30:00-05:00,423.068,422.14,-77.4,long: close 423.79 > upper 423.78,exit long: close 423.12 < upper 423.67
2024-09-30,-1,14,2024-09-30 13:30:00-05:00,420.018,2024-09-30 13:45:00-05:00,421.34200000000004,421.28000000000003,-185.36,short: close 420.10 < lower 421.40,stop
2024-10-01,-1,11,2024-10-01 09:00:00-05:00,420.568,2024-10-01 10:30:00-05:00,421.132,422.15000000000003,-62.04,short: close 420.82 < lower 421.17,exit short: close 421.13 > lower 421.06
2024-10-01,-1,13,2024-10-01 12:30:00-05:00,419.918,2024-10-01 12:46:00-05:00,421.332,421.27,-183.82,short: close 419.99 < lower 421.40,stop
2024-10-03,-1,10,2024-10-03 09:00:00-05:00,419.14799999999997,2024-10-03 09:10:00-05:00,420.952,420.89,-180.4,short: close 419.17 < lower 419.37,stop
2024-10-03,-1,11,2024-10-03 10:00:00-05:00,419.058,2024-10-03 10:30:00-05:00,419.842,420.73,-86.24,short: close 419.25 < lower 419.44,exit short: close 419.75 > lower 419.26
2024-10-07,-1,13,2024-10-07 11:30:00-05:00,420.928,2024-10-07 14:52:00-05:00,419.842,422.34000000000003,141.18,short: close 421.00 < lower 421.33,flatten
2024-10-09,1,20,2024-10-09 09:00:00-05:00,422.402,2024-10-09 09:25:00-05:00,421.498,421.56,-180.8,long: close 422.33 > upper 421.68,stop
2024-10-09,1,18,2024-10-09 10:00:00-05:00,422.752,2024-10-09 14:52:00-05:00,425.498,421.78000000000003,494.28,long: close 422.51 > upper 421.80,flatten
2024-10-10,-1,20,2024-10-10 09:00:00-05:00,424.02799999999996,2024-10-10 09:08:00-05:00,424.942,424.88,-182.8,short: close 424.11 < lower 424.17,stop
2024-10-10,-1,18,2024-10-10 10:00:00-05:00,423.548,2024-10-10 10:15:00-05:00,424.582,424.48,-186.12,short: close 423.52 < lower 424.10,stop
2024-10-11,1,14,2024-10-11 09:00:00-05:00,426.512,2024-10-11 14:52:00-05:00,428.828,425.3,324.24,long: close 426.47 > upper 426.16,flatten
2024-10-14,1,12,2024-10-14 11:01:00-05:00,430.54200000000003,2024-10-14 14:52:00-05:00,430.868,429.11,39.12,long: close 430.43 > upper 429.96,flatten
2024-10-15,-1,11,2024-10-15 09:00:00-05:00,427.678,2024-10-15 09:30:00-05:00,428.862,429.35,-130.24,short: close 427.75 < lower 428.44,exit short: close 428.93 > lower 428.07
2024-10-16,1,16,2024-10-16 09:00:00-05:00,428.762,2024-10-16 14:52:00-05:00,430.628,427.69,298.56,long: close 428.70 > upper 428.43,flatten
2024-10-18,-1,17,2024-10-18 09:00:00-05:00,430.448,2024-10-18 09:44:00-05:00,431.512,431.45,-180.88,short: close 430.46 < lower 431.38,stop
2024-10-21,-1,14,2024-10-21 09:30:00-05:00,431.14799999999997,2024-10-21 14:52:00-05:00,429.012,432.44,299.04,short: close 431.19 < lower 431.25,flatten
2024-10-23,-1,7,2024-10-23 10:30:00-05:00,425.27549999999997,2024-10-23 11:00:00-05:00,426.372,427.73,-76.76,short: close 425.32 < lower 425.69,exit short: close 426.34 > lower 425.74
2024-10-23,-1,7,2024-10-23 11:30:00-05:00,425.228,2024-10-23 14:52:00-05:00,425.062,427.68,11.62,short: close 425.31 < lower 425.70,flatten
2024-10-24,-1,10,2024-10-24 11:00:00-05:00,422.688,2024-10-24 12:00:00-05:00,423.392,424.43,-70.4,short: close 422.82 < lower 422.99,exit short: close 423.34 > lower 422.94
2024-10-25,-1,8,2024-10-25 12:30:00-05:00,421.738,2024-10-25 14:00:00-05:00,422.022,424.08,-22.72,short: close 421.85 < lower 422.30,exit short: close 421.95 > lower 421.82
2024-10-28,1,9,2024-10-28 09:30:00-05:00,424.642,2024-10-28 10:00:00-05:00,424.27799999999996,422.57,-32.76,long: close 424.55 > upper 424.41,exit long: close 424.35 < upper 424.63
2024-10-30,1,18,2024-10-30 09:00:00-05:00,423.712,2024-10-30 10:30:00-05:00,423.658,422.76,-9.72,long: close 423.65 > upper 423.22,exit long: close 423.74 < upper 423.86
2024-10-30,1,12,2024-10-30 11:00:00-05:00,424.4219,2024-10-30 12:00:00-05:00,423.018,422.91,-168.47,long: close 424.40 > upper 423.78,exit long: close 423.11 < upper 423.88
2024-10-31,-1,7,2024-10-31 10:00:00-05:00,417.538,2024-10-31 11:00:00-05:00,418.35200000000003,419.92,-56.98,short: close 417.63 < lower 418.13,exit short: close 418.24 > lower 417.85
2024-11-01,1,10,2024-11-01 09:00:00-05:00,420.812,2024-11-01 13:00:00-05:00,420.418,419.1,-39.4,long: close 420.73 > upper 420.38,exit long: close 420.50 < upper 421.25
2024-11-04,-1,11,2024-11-04 11:00:00-06:00,416.748,2024-11-04 11:27:00-06:00,418.372,418.31,-178.64,short: close 416.81 < lower 418.56,stop
2024-11-04,-1,11,2024-11-04 11:30:00-06:00,418.268,2024-11-04 12:00:00-06:00,418.79200000000003,419.92,-57.64,short: close 418.31 < lower 418.47,exit short: close 418.76 > lower 418.65
2024-11-05,1,22,2024-11-05 09:00:00-06:00,420.232,2024-11-05 14:52:00-06:00,421.478,419.46000000000004,274.12,long: close 420.11 > upper 418.95,flatten
2024-11-06,1,3,2024-11-06 09:30:00-06:00,436.132,2024-11-06 10:00:00-06:00,435.013,430.13,-33.57,long: close 436.07 > upper 435.78,exit long: close 435.11 < upper 435.94
2024-11-06,1,3,2024-11-06 12:00:00-06:00,436.122,2024-11-06 14:52:00-06:00,437.138,430.12,30.48,long: close 436.09 > upper 436.07,flatten
2024-11-08,1,12,2024-11-08 09:30:00-06:00,439.712,2024-11-08 11:00:00-06:00,439.7179,438.17,0.71,long: close 439.63 > upper 439.38,exit long: close 439.75 < upper 439.94
2024-11-08,1,9,2024-11-08 12:00:00-06:00,440.082,2024-11-08 12:30:00-06:00,439.788,438.11,-26.46,long: close 440.02 > upper 439.81,exit long: close 439.81 < upper 439.99
2024-11-11,1,12,2024-11-11 09:00:00-06:00,444.91200000000003,2024-11-11 09:45:00-06:00,443.358,443.42,-186.48,long: close 444.87 > upper 442.50,stop
2024-11-11,1,9,2024-11-11 10:00:00-06:00,444.03200000000004,2024-11-11 10:30:00-06:00,443.243,441.95,-71.01,long: close 443.92 > upper 443.08,exit long: close 443.28 < upper 443.45
2024-11-12,-1,9,2024-11-12 10:30:00-06:00,441.017,2024-11-12 14:52:00-06:00,439.612,442.92,126.45,short: close 441.12 < lower 441.39,flatten
2024-11-14,-1,9,2024-11-14 12:30:00-06:00,438.058,2024-11-14 13:30:00-06:00,438.622,440.13,-50.76,short: close 438.11 < lower 438.12,exit short: close 438.50 > lower 438.19
2024-11-15,-1,7,2024-11-15 11:30:00-06:00,433.808,2024-11-15 12:30:00-06:00,434.482,436.31,-47.18,short: close 434.01 < lower 434.28,exit short: close 434.48 > lower 434.27
2024-11-15,-1,7,2024-11-15 13:00:00-06:00,433.96799999999996,2024-11-15 14:52:00-06:00,434.29200000000003,436.36,-22.68,short: close 434.06 < lower 434.38,flatten
2024-11-20,-1,12,2024-11-20 09:30:00-06:00,431.618,2024-11-20 10:00:00-06:00,432.642,433.1,-122.88,short: close 431.68 < lower 431.74,exit short: close 432.62 > lower 431.56
2024-11-21,1,9,2024-11-21 10:00:00-06:00,437.802,2024-11-21 14:52:00-06:00,439.328,435.77,137.34,long: close 437.66 > upper 437.09,flatten
2024-11-22,1,15,2024-11-22 09:00:00-06:00,442.182,2024-11-22 09:10:00-06:00,440.978,441.04,-180.6,long: close 442.20 > upper 440.39,stop
2024-11-22,1,11,2024-11-22 10:00:00-06:00,442.022,2024-11-22 14:52:00-06:00,443.138,440.43,122.76,long: close 441.91 > upper 440.83,flatten
2024-11-25,1,7,2024-11-25 09:00:00-06:00,448.03200000000004,2024-11-25 10:00:00-06:00,447.168,445.32,-60.48,long: close 447.91 > upper 447.59,exit long: close 447.25 < upper 447.98
2024-11-26,-1,11,2024-11-26 09:30:00-06:00,444.998,2024-11-26 10:00:00-06:00,445.502,446.59000000000003,-55.44,short: close 445.05 < lower 445.46,exit short: close 445.40 > lower 445.34
2024-11-29,1,11,2024-11-29 10:00:00-06:00,449.822,2024-11-29 12:00:00-06:00,450.058,448.26,25.96,long: close 449.78 > upper 449.59,exit long: close 450.05 < upper 450.18
2024-12-02,-1,17,2024-12-02 09:00:00-06:00,448.608,2024-12-02 12:30:00-06:00,448.952,449.63,-58.48,short: close 448.57 < lower 449.55,exit short: close 448.89 > lower 448.73
2024-12-03,-1,13,2024-12-03 09:30:00-06:00,447.288,2024-12-03 10:00:00-06:00,447.632,448.67,-44.72,short: close 447.42 < lower 447.56,exit short: close 447.57 > lower 447.45
2024-12-03,-1,11,2024-12-03 10:30:00-06:00,447.138,2024-12-03 11:30:00-06:00,447.97200000000004,448.74,-91.74,short: close 447.26 < lower 447.34,exit short: close 447.91 > lower 446.89
2024-12-06,-1,9,2024-12-06 13:30:00-06:00,446.808,2024-12-06 14:30:00-06:00,447.232,448.87,-38.16,short: close 446.96 < lower 447.01,exit short: close 447.17 > lower 447.03
2024-12-12,-1,12,2024-12-12 13:00:00-06:00,440.748,2024-12-12 14:52:00-06:00,440.47700000000003,442.18,32.52,short: close 440.81 < lower 441.07,flatten
2024-12-13,-1,13,2024-12-13 12:00:00-06:00,439.08799999999997,2024-12-13 12:30:00-06:00,439.732,440.44,-83.72,short: close 439.13 < lower 439.20,exit short: close 439.69 > lower 439.10
2024-12-17,-1,8,2024-12-17 12:30:00-06:00,434.978,2024-12-17 13:00:00-06:00,435.53200000000004,437.1,-44.32,short: close 435.05 < lower 435.15,exit short: close 435.49 > lower 435.08
2024-12-17,-1,8,2024-12-17 13:30:00-06:00,434.7581,2024-12-17 14:30:00-06:00,434.832,437.08,-5.91,short: close 434.82 < lower 434.94,exit short: close 434.75 > lower 434.75
2024-12-18,1,20,2024-12-18 09:00:00-06:00,437.1411,2024-12-18 12:30:00-06:00,436.598,436.3,-108.62,long: close 437.04 > upper 436.61,exit long: close 436.66 < upper 437.02
2024-12-18,1,14,2024-12-18 13:00:00-06:00,437.152,2024-12-18 13:05:00-06:00,435.828,435.89,-185.36,long: close 437.17 > upper 437.03,stop
2024-12-20,1,9,2024-12-20 09:30:00-06:00,425.832,2024-12-20 14:52:00-06:00,428.5014,423.85,240.25,long: close 425.76 > upper 425.29,flatten
2024-12-23,-1,15,2024-12-23 09:00:00-06:00,425.988,2024-12-23 10:30:00-06:00,426.29200000000003,427.18,-45.6,short: close 426.09 < lower 426.72,exit short: close 426.26 > lower 426.10
2024-12-24,1,20,2024-12-24 09:30:00-06:00,430.252,2024-12-24 14:10:00-06:00,432.238,429.42,397.2,long: close 430.21 > upper 429.71,session end
2024-12-27,-1,8,2024-12-27 09:30:00-06:00,429.118,2024-12-27 10:00:00-06:00,429.622,431.36,-40.32,short: close 429.24 < lower 429.65,exit short: close 429.64 > lower 429.30
2024-12-27,-1,6,2024-12-27 11:00:00-06:00,428.058,2024-12-27 13:00:00-06:00,429.452,430.87,-83.64,short: close 428.24 < lower 429.09,exit short: close 429.43 > lower 428.89
2024-12-30,-1,6,2024-12-30 09:00:00-06:00,423.188,2024-12-30 10:00:00-06:00,424.3865,426.14,-71.91,short: close 423.29 < lower 424.80,exit short: close 424.40 > lower 424.16
2025-01-02,-1,5,2025-01-02 12:00:00-06:00,423.018,2025-01-02 14:30:00-06:00,424.22200000000004,426.32,-60.2,short: close 423.17 < lower 423.63,exit short: close 424.16 > lower 423.27
2025-01-06,1,8,2025-01-06 10:30:00-06:00,430.54200000000003,2025-01-06 11:30:00-06:00,430.048,428.23,-39.52,long: close 430.51 > upper 430.32,exit long: close 430.18 < upper 431.18
2025-01-08,-1,20,2025-01-08 09:00:00-06:00,423.268,2025-01-08 09:02:00-06:00,424.16200000000003,424.1,-178.8,short: close 423.36 < lower 424.54,stop
2025-01-08,-1,13,2025-01-08 09:30:00-06:00,423.318,2025-01-08 09:51:00-06:00,424.742,424.68,-185.12,short: close 423.50 < lower 424.01,stop
2025-01-10,-1,10,2025-01-10 09:00:00-06:00,422.248,2025-01-10 14:52:00-06:00,419.202,424.1,304.6,short: close 422.47 < lower 423.36,flatten
2025-01-13,1,14,2025-01-13 09:00:00-06:00,421.442,2025-01-13 09:30:00-06:00,420.408,420.17,-144.76,long: close 421.41 > upper 420.33,exit long: close 420.41 < upper 420.93
2025-01-13,1,9,2025-01-13 10:00:00-06:00,421.462,2025-01-13 10:30:00-06:00,420.568,419.53000000000003,-80.46,long: close 421.39 > upper 420.98,exit long: close 420.73 < upper 421.18
2025-01-21,1,9,2025-01-21 09:00:00-06:00,437.802,2025-01-21 14:52:00-06:00,440.33799999999997,435.84000000000003,228.24,long: close 437.71 > upper 437.48,flatten
2025-01-23,1,17,2025-01-23 09:00:00-06:00,442.622,2025-01-23 09:30:00-06:00,442.078,441.57,-92.48,long: close 442.50 > upper 442.50,exit long: close 442.14 < upper 442.59
2025-01-23,1,14,2025-01-23 10:00:00-06:00,443.322,2025-01-23 14:52:00-06:00,444.768,442.03000000000003,202.44,long: close 443.22 > upper 442.74,flatten
2025-01-27,1,5,2025-01-27 13:30:00-06:00,447.22200000000004,2025-01-27 14:30:00-06:00,446.098,443.81,-56.2,long: close 447.15 > upper 445.79,exit long: close 446.06 < upper 446.22
2025-01-28,1,14,2025-01-28 09:30:00-06:00,448.652,2025-01-28 10:30:00-06:00,447.628,447.40000000000003,-143.36,long: close 448.59 > upper 448.40,exit long: close 447.68 < upper 448.81
2025-01-29,-1,8,2025-01-29 13:30:00-06:00,445.70799999999997,2025-01-29 13:40:00-06:00,447.90200000000004,447.84000000000003,-175.52,short: close 445.90 < lower 446.17,stop
2025-01-30,1,9,2025-01-30 11:00:00-06:00,448.812,2025-01-30 11:30:00-06:00,447.77799999999996,446.87,-93.06,long: close 448.88 > upper 448.75,exit long: close 447.80 < upper 449.05
2025-01-30,1,9,2025-01-30 12:30:00-06:00,449.3476,2025-01-30 14:40:00-06:00,447.328,447.39,-181.76,long: close 449.24 > upper 448.78,stop
2025-01-31,-1,7,2025-01-31 13:00:00-06:00,446.558,2025-01-31 14:52:00-06:00,445.867,449.1,48.37,short: close 446.68 < lower 446.87,flatten
2025-02-05,-1,18,2025-02-05 09:00:00-06:00,444.758,2025-02-05 09:30:00-06:00,445.622,445.73,-155.52,short: close 444.59 < lower 444.65,exit short: close 445.57 > lower 444.48
2025-02-05,1,7,2025-02-05 13:30:00-06:00,448.242,2025-02-05 14:00:00-06:00,447.84839999999997,445.79,-27.55,long: close 448.18 > upper 448.07,exit long: close 447.94 < upper 447.99
2025-02-07,-1,14,2025-02-07 09:30:00-06:00,446.178,2025-02-07 14:52:00-06:00,443.232,447.43,412.44,short: close 446.31 < lower 446.34,flatten
2025-02-20,-1,12,2025-02-20 09:00:00-06:00,443.348,2025-02-20 14:52:00-06:00,442.16200000000003,444.84000000000003,142.32,short: close 443.39 < lower 444.48,flatten
2025-02-21,-1,7,2025-02-21 09:00:00-06:00,437.848,2025-02-21 10:00:00-06:00,437.982,440.29,-9.38,short: close 437.89 < lower 438.29,exit short: close 437.82 > lower 437.61
2025-02-21,-1,5,2025-02-21 11:30:00-06:00,437.013,2025-02-21 14:52:00-06:00,434.402,440.3,130.55,short: close 437.05 < lower 437.45,flatten
2025-02-25,-1,13,2025-02-25 09:30:00-06:00,433.038,2025-02-25 09:43:00-06:00,434.452,434.39,-183.82,short: close 432.99 < lower 433.70,stop
2025-02-26,1,15,2025-02-26 09:30:00-06:00,438.082,2025-02-26 10:30:00-06:00,437.388,436.88,-104.1,long: close 437.94 > upper 437.48,exit long: close 437.48 < upper 437.72
2025-02-26,-1,10,2025-02-26 12:30:00-06:00,433.548,2025-02-26 13:30:00-06:00,434.082,435.37,-53.4,short: close 433.70 < lower 434.46,exit short: close 434.23 > lower 433.98
2025-02-27,1,20,2025-02-27 09:00:00-06:00,435.41200000000003,2025-02-27 09:01:00-06:00,434.498,434.56,-182.8,long: close 435.46 > upper 435.24,stop
2025-02-27,1,15,2025-02-27 09:30:00-06:00,438.03200000000004,2025-02-27 10:44:00-06:00,436.788,436.85,-186.6,long: close 438.00 > upper 435.57,stop
2025-02-28,1,15,2025-02-28 09:00:00-06:00,434.342,2025-02-28 10:30:00-06:00,433.558,433.17,-117.6,long: close 434.43 > upper 433.88,exit long: close 433.63 < upper 434.47
2025-02-28,1,11,2025-02-28 11:00:00-06:00,434.802,2025-02-28 11:30:00-06:00,434.178,433.11,-68.64,long: close 434.66 > upper 434.41,exit long: close 434.14 < upper 434.56
2025-03-03,-1,8,2025-03-03 12:30:00-06:00,434.578,2025-03-03 14:52:00-06:00,430.902,436.8,294.08,short: close 434.66 < lower 436.73,flatten
2025-03-04,-1,9,2025-03-04 09:00:00-06:00,426.14799999999997,2025-03-04 12:57:00-06:00,428.242,428.18,-188.46,short: close 426.28 < lower 428.89,stop
2025-03-05,1,11,2025-03-05 11:30:00-06:00,427.812,2025-03-05 14:52:00-06:00,429.52799999999996,426.25,188.76,long: close 427.62 > upper 426.97,flatten
2025-03-06,-1,6,2025-03-06 09:00:00-06:00,424.908,2025-03-06 09:29:00-06:00,428.072,428.01,-189.84,short: close 424.99 < lower 425.14,stop
2025-03-07,1,6,2025-03-07 13:00:00-06:00,428.062,2025-03-07 14:00:00-06:00,427.878,425.14,-11.04,long: close 428.05 > upper 427.97,exit long: close 427.82 < upper 428.09
2025-03-10,-1,4,2025-03-10 13:00:00-05:00,420.428,2025-03-10 14:52:00-05:00,420.302,425.08,5.04,short: close 420.30 < lower 421.17,flatten
2025-03-11,-1,10,2025-03-11 09:00:00-05:00,416.848,2025-03-11 14:00:00-05:00,417.85200000000003,418.67,-100.4,short: close 416.98 < lower 417.23,exit short: close 417.74 > lower 415.85
2025-03-12,-1,5,2025-03-12 10:00:00-05:00,411.318,2025-03-12 11:00:00-05:00,413.742,414.63,-121.2,short: close 411.35 < lower 412.53,exit short: close 413.80 > lower 413.13
2025-03-13,-1,8,2025-03-13 10:30:00-05:00,410.828,2025-03-13 14:52:00-05:00,408.492,413.11,186.88,short: close 410.86 < lower 411.36,flatten
2025-03-14,1,7,2025-03-14 09:00:00-05:00,412.562,2025-03-14 09:30:00-05:00,411.628,410.17,-65.38,long: close 412.61 > upper 412.22,exit long: close 411.48 < upper 412.79
2025-03-14,1,5,2025-03-14 10:00:00-05:00,414.062,2025-03-14 14:52:00-05:00,415.308,410.77,62.3,long: close 413.98 > upper 413.12,flatten
2025-03-17,1,11,2025-03-17 09:00:00-05:00,417.212,2025-03-17 09:30:00-05:00,417.0056,415.6,-22.7,long: close 417.30 > upper 416.80,exit long: close 417.28 < upper 417.31
2025-03-17,1,8,2025-03-17 11:00:00-05:00,417.422,2025-03-17 14:52:00-05:00,420.008,415.3,206.88,long: close 417.38 > upper 417.31,flatten
2025-03-18,-1,9,2025-03-18 09:00:00-05:00,416.64799999999997,2025-03-18 09:30:00-05:00,417.372,418.66,-65.16,short: close 416.75 < lower 416.81,exit short: close 417.33 > lower 416.47
2025-03-18,-1,6,2025-03-18 10:30:00-05:00,415.693,2025-03-18 12:30:00-05:00,415.902,418.51,-12.54,short: close 415.72 < lower 415.99,exit short: close 415.91 > lower 415.52
2025-03-20,1,6,2025-03-20 09:30:00-05:00,422.41200000000003,2025-03-20 10:00:00-05:00,422.58799999999997,419.36,10.56,long: close 422.40 > upper 422.25,exit long: close 422.64 < upper 422.91
2025-03-28,-1,9,2025-03-28 09:00:00-05:00,419.96799999999996,2025-03-28 14:52:00-05:00,415.902,421.91,365.94,short: close 420.06 < lower 420.51,flatten
2025-03-31,1,4,2025-03-31 13:30:00-05:00,418.622,2025-03-31 14:00:00-05:00,418.358,414.47,-10.56,long: close 418.57 > upper 418.09,exit long: close 418.30 < upper 418.33
2025-04-01,-1,7,2025-04-01 09:30:00-05:00,415.823,2025-04-01 09:51:00-05:00,418.28200000000004,418.22,-172.13,short: close 415.93 < lower 416.77,stop
2025-04-02,1,4,2025-04-02 12:00:00-05:00,422.642,2025-04-02 13:00:00-05:00,421.373,418.29,-50.76,long: close 422.62 > upper 422.35,exit long: close 421.45 < upper 422.34
2025-04-03,-1,3,2025-04-03 09:00:00-05:00,408.428,2025-04-03 11:00:00-05:00,408.952,414.43,-15.72,short: close 408.59 < lower 409.63,exit short: close 409.01 > lower 408.47
2025-04-03,-1,3,2025-04-03 13:30:00-05:00,407.71799999999996,2025-04-03 14:00:00-05:00,408.272,413.72,-16.62,short: close 407.77 < lower 408.41,exit short: close 408.25 > lower 407.99
2025-04-04,-1,3,2025-04-04 09:30:00-05:00,391.728,2025-04-04 14:52:00-05:00,384.772,397.73,208.68,short: close 391.83 < lower 393.00,flatten
2025-04-09,1,5,2025-04-09 09:00:00-05:00,378.012,2025-04-09 09:30:00-05:00,377.128,374.49,-44.2,long: close 377.93 > upper 377.86,exit long: close 377.17 < upper 378.72
2025-04-09,1,3,2025-04-09 12:30:00-05:00,395.322,2025-04-09 14:52:00-05:00,406.70799999999997,389.32,341.58,long: close 395.06 > upper 380.59,flatten
2025-04-10,-1,4,2025-04-10 09:00:00-05:00,397.428,2025-04-10 13:00:00-05:00,394.60200000000003,402.18,113.04,short: close 397.54 < lower 397.98,exit short: close 394.50 > lower 393.47
2025-04-11,1,4,2025-04-11 12:00:00-05:00,400.492,2025-04-11 12:30:00-05:00,399.118,395.69,-54.96,long: close 400.35 > upper 399.90,exit long: close 399.07 < upper 401.99
2025-04-11,1,3,2025-04-11 13:00:00-05:00,402.612,2025-04-11 13:30:00-05:00,401.618,396.61,-29.82,long: close 402.76 > upper 401.97,exit long: close 401.72 < upper 402.24
2025-04-21,-1,5,2025-04-21 09:00:00-05:00,385.0962,2025-04-21 14:52:00-05:00,381.362,388.39,186.71,short: close 385.31 < lower 386.59,flatten
2025-04-22,1,4,2025-04-22 09:30:00-05:00,388.672,2025-04-22 12:30:00-05:00,388.158,384.04,-20.56,long: close 388.62 > upper 388.47,exit long: close 388.37 < upper 392.43
2025-04-23,1,3,2025-04-23 09:00:00-05:00,402.742,2025-04-23 10:00:00-05:00,401.45799999999997,396.98,-38.52,long: close 402.58 > upper 401.34,exit long: close 401.56 < upper 402.45
2025-04-29,1,8,2025-04-29 10:00:00-05:00,405.152,2025-04-29 10:30:00-05:00,404.748,402.94,-32.32,long: close 405.07 > upper 404.52,exit long: close 404.77 < upper 405.22
2025-04-30,-1,5,2025-04-30 09:00:00-05:00,397.488,2025-04-30 09:30:00-05:00,400.672,400.86,-159.2,short: close 397.73 < lower 400.42,exit short: close 400.49 > lower 400.33
2025-05-08,1,6,2025-05-08 11:00:00-05:00,416.60200000000003,2025-05-08 14:52:00-05:00,414.638,413.56,-117.84,long: close 416.48 > upper 415.07,flatten
2025-05-15,1,8,2025-05-15 11:00:00-05:00,422.112,2025-05-15 11:30:00-05:00,421.788,419.87,-25.92,long: close 422.01 > upper 421.80,exit long: close 421.86 < upper 422.10
2025-05-15,1,7,2025-05-15 12:00:00-05:00,422.652,2025-05-15 14:52:00-05:00,423.388,420.06,51.52,long: close 422.54 > upper 422.15,flatten
2025-05-16,1,11,2025-05-16 13:00:00-05:00,425.53200000000004,2025-05-16 14:52:00-05:00,426.318,423.84000000000003,86.46,long: close 425.46 > upper 425.32,flatten
2025-05-21,-1,5,2025-05-21 12:30:00-05:00,418.89799999999997,2025-05-21 14:52:00-05:00,419.622,422.75,-36.2,short: close 419.01 < lower 421.19,flatten
2025-05-27,1,5,2025-05-27 10:30:00-05:00,422.10200000000003,2025-05-27 12:30:00-05:00,422.828,418.77,36.3,long: close 422.05 > upper 421.86,exit long: close 422.93 < upper 422.97
2025-05-27,1,4,2025-05-27 13:00:00-05:00,423.642,2025-05-27 14:52:00-05:00,423.388,419.65000000000003,-10.16,long: close 423.55 > upper 422.52,flatten
2025-05-28,-1,20,2025-05-28 10:00:00-05:00,422.688,2025-05-28 11:30:00-05:00,422.732,423.54,-8.8,short: close 422.72 < lower 422.94,exit short: close 422.64 > lower 421.99
2025-05-29,-1,9,2025-05-29 11:00:00-05:00,419.188,2025-05-29 11:30:00-05:00,420.732,421.22,-138.96,short: close 419.29 < lower 419.90,exit short: close 420.71 > lower 419.65
2025-05-30,-1,10,2025-05-30 11:30:00-05:00,420.526,2025-05-30 12:30:00-05:00,421.452,422.31,-92.6,short: close 420.51 < lower 420.53,exit short: close 421.33 > lower 420.06
2025-06-02,-1,15,2025-06-02 09:00:00-05:00,420.078,2025-06-02 09:26:00-05:00,421.34200000000004,421.28000000000003,-189.6,short: close 420.31 < lower 420.83,stop
2025-06-03,1,13,2025-06-03 10:30:00-05:00,424.902,2025-06-03 14:30:00-05:00,425.758,423.59000000000003,111.28,long: close 424.81 > upper 424.72,exit long: close 425.85 < upper 426.16
2025-06-05,-1,16,2025-06-05 09:00:00-05:00,423.27799999999996,2025-06-05 09:23:00-05:00,424.422,424.36,-183.04,short: close 423.46 < lower 424.33,stop
2025-06-06,1,7,2025-06-06 09:00:00-05:00,429.622,2025-06-06 10:00:00-05:00,428.33799999999997,427.02,-89.88,long: close 429.56 > upper 428.50,exit long: close 428.40 < upper 428.47
2025-06-09,-1,18,2025-06-09 09:00:00-05:00,427.178,2025-06-09 10:49:00-05:00,428.182,428.12,-180.72,short: close 427.25 < lower 427.48,stop
2025-06-10,1,15,2025-06-10 12:00:00-05:00,429.692,2025-06-10 12:30:00-05:00,429.478,428.51,-32.1,long: close 429.65 > upper 429.48,exit long: close 429.59 < upper 429.74
2025-06-11,1,22,2025-06-11 09:30:00-05:00,431.012,2025-06-11 11:00:00-05:00,430.938,430.24,-16.28,long: close 430.95 > upper 430.53,exit long: close 430.93 < upper 430.94
2025-06-11,1,11,2025-06-11 12:30:00-05:00,432.002,2025-06-11 13:00:00-05:00,430.678,430.40000000000003,-145.64,long: close 431.93 > upper 431.35,exit long: close 430.71 < upper 431.36
2025-06-13,-1,6,2025-06-13 09:00:00-05:00,424.558,2025-06-13 10:30:00-05:00,426.072,427.46000000000004,-90.84,short: close 424.34 < lower 425.42,exit short: close 425.86 > lower 425.17
2025-06-13,-1,5,2025-06-13 12:30:00-05:00,424.378,2025-06-13 14:52:00-05:00,422.382,427.90000000000003,99.8,short: close 424.53 < lower 424.80,flatten
2025-06-16,1,10,2025-06-16 09:00:00-05:00,427.332,2025-06-16 13:31:00-05:00,426.178,425.5,-115.4,long: close 427.17 > upper 425.78,exit long: close 426.33 < upper 426.40
2025-06-17,-1,8,2025-06-17 13:30:00-05:00,422.71799999999996,2025-06-17 14:30:00-05:00,423.397,424.87,-54.32,short: close 422.80 < lower 423.22,exit short: close 423.35 > lower 422.90
2025-06-18,1,13,2025-06-18 09:30:00-05:00,425.752,2025-06-18 11:26:00-05:00,424.318,424.38,-186.42,long: close 425.66 > upper 424.76,stop
2025-06-20,-1,13,2025-06-20 12:30:00-05:00,421.20799999999997,2025-06-20 13:30:00-05:00,422.002,422.56,-103.22,short: close 421.40 < lower 421.74,exit short: close 421.88 > lower 421.57
2025-06-23,1,17,2025-06-23 09:00:00-05:00,423.322,2025-06-23 09:59:00-05:00,422.258,422.32,-180.88,long: close 423.23 > upper 422.92,stop
2025-06-23,-1,17,2025-06-23 12:00:00-05:00,420.558,2025-06-23 12:04:00-05:00,421.622,421.56,-180.88,short: close 420.56 < lower 420.93,stop
2025-06-24,1,8,2025-06-24 10:30:00-05:00,429.802,2025-06-24 14:52:00-05:00,431.238,427.49,114.88,long: close 429.72 > upper 429.39,flatten
2025-06-25,-1,21,2025-06-25 11:00:00-05:00,429.738,2025-06-25 11:30:00-05:00,430.092,430.54,-74.34,short: close 429.83 < lower 429.94,exit short: close 430.02 > lower 429.82
2025-06-25,-1,17,2025-06-25 12:00:00-05:00,429.388,2025-06-25 14:30:00-05:00,429.712,430.40000000000003,-55.08,short: close 429.44 < lower 429.74,exit short: close 429.67 > lower 429.03
2025-06-26,1,12,2025-06-26 10:00:00-05:00,432.682,2025-06-26 14:52:00-05:00,433.828,431.15000000000003,137.52,long: close 432.61 > upper 431.89,flatten
2025-06-27,1,12,2025-06-27 09:00:00-05:00,436.402,2025-06-27 13:30:00-05:00,435.938,434.95,-55.68,long: close 436.33 > upper 435.98,exit long: close 436.08 < upper 436.79
2025-07-01,1,18,2025-07-01 09:00:00-05:00,441.592,2025-07-01 14:52:00-05:00,445.0672,440.64,625.54,long: close 441.68 > upper 441.34,flatten
2025-07-03,1,13,2025-07-03 09:00:00-05:00,447.312,2025-07-03 14:57:00-05:00,448.138,445.94,107.38,long: close 447.14 > upper 446.55,flatten
2025-07-07,-1,9,2025-07-07 10:30:00-05:00,445.033,2025-07-07 14:52:00-05:00,443.502,446.95,137.79,short: close 445.16 < lower 445.86,flatten
2025-07-10,1,11,2025-07-10 10:00:00-05:00,446.712,2025-07-10 14:52:00-05:00,446.438,445.13,-30.14,long: close 446.61 > upper 446.02,flatten
2025-07-15,-1,27,2025-07-15 09:00:00-05:00,443.138,2025-07-15 14:52:00-05:00,440.822,443.74,625.32,short: close 443.17 < lower 443.98,flatten
2025-07-17,1,18,2025-07-17 09:00:00-05:00,444.022,2025-07-17 09:26:00-05:00,443.018,443.09000000000003,-180.72,long: close 443.89 > upper 443.16,stop
2025-07-17,1,9,2025-07-17 11:00:00-05:00,444.582,2025-07-17 11:30:00-05:00,443.798,442.64,-70.56,long: close 444.54 > upper 444.17,exit long: close 443.84 < upper 444.46
2025-07-18,-1,15,2025-07-18 09:00:00-05:00,444.348,2025-07-18 11:00:00-05:00,443.41200000000003,445.51,140.4,short: close 444.15 < lower 444.27,exit short: close 443.34 > lower 443.29
2025-07-18,-1,8,2025-07-18 11:30:00-05:00,442.298,2025-07-18 14:52:00-05:00,443.272,444.63,-77.92,short: close 442.36 < lower 443.09,flatten
2025-07-23,1,6,2025-07-23 12:30:00-05:00,449.132,2025-07-23 14:52:00-05:00,449.878,446.17,44.76,long: close 449.08 > upper 449.07,flatten
2025-07-29,-1,12,2025-07-29 10:00:00-05:00,446.738,2025-07-29 12:00:00-05:00,447.03200000000004,448.16,-35.28,short: close 446.81 < lower 447.06,exit short: close 447.00 > lower 446.88
2025-07-29,-1,10,2025-07-29 13:00:00-05:00,446.188,2025-07-29 14:52:00-05:00,446.232,447.96000000000004,-4.4,short: close 446.33 < lower 446.71,flatten
2025-07-31,-1,10,2025-07-31 12:30:00-05:00,443.038,2025-07-31 13:30:00-05:00,443.322,444.75,-28.4,short: close 443.10 < lower 443.29,exit short: close 443.30 > lower 443.12
2025-08-01,-1,7,2025-08-01 09:00:00-05:00,434.678,2025-08-01 11:00:00-05:00,436.66200000000003,437.29,-138.88,short: close 434.73 < lower 436.92,exit short: close 436.60 > lower 436.46
2025-08-01,-1,6,2025-08-01 12:00:00-05:00,435.118,2025-08-01 14:30:00-05:00,435.91200000000003,438.19,-47.64,short: close 435.22 < lower 436.47,exit short: close 435.88 > lower 435.79
2025-08-04,1,9,2025-08-04 09:00:00-05:00,440.04200000000003,2025-08-04 14:52:00-05:00,441.428,437.95,124.74,long: close 439.96 > upper 438.90,flatten
2025-08-05,-1,17,2025-08-05 09:30:00-05:00,440.538,2025-08-05 10:30:00-05:00,440.482,441.54,9.52,short: close 440.62 < lower 440.79,exit short: close 440.44 > lower 440.29
2025-08-07,-1,8,2025-08-07 09:30:00-05:00,440.628,2025-08-07 14:52:00-05:00,439.152,442.82,118.08,short: close 440.68 < lower 440.92,flatten
2025-08-08,1,11,2025-08-08 09:30:00-05:00,442.152,2025-08-08 10:00:00-05:00,441.14799999999997,440.53000000000003,-110.44,long: close 442.13 > upper 441.90,exit long: close 441.20 < upper 442.16
2025-08-11,-1,12,2025-08-11 10:00:00-05:00,440.318,2025-08-11 11:00:00-05:00,441.03200000000004,441.85,-85.68,short: close 440.37 < lower 440.59,exit short: close 440.92 > lower 440.59
2025-08-11,-1,12,2025-08-11 12:00:00-05:00,440.46799999999996,2025-08-11 12:30:00-05:00,440.28200000000004,442.01,22.32,short: close 440.54 < lower 440.58,exit short: close 440.23 > lower 440.16
2025-08-12,1,9,2025-08-12 09:30:00-05:00,444.272,2025-08-12 14:52:00-05:00,444.828,442.28000000000003,50.04,long: close 444.21 > upper 442.87,flatten
2025-08-13,1,10,2025-08-13 09:00:00-05:00,448.642,2025-08-13 10:00:00-05:00,447.14799999999997,446.87,-149.4,long: close 448.56 > upper 447.31,exit long: close 447.22 < upper 448.03
2025-08-13,1,8,2025-08-13 11:30:00-05:00,447.992,2025-08-13 12:00:00-05:00,447.728,445.82,-21.12,long: close 447.92 > upper 447.71,exit long: close 447.76 < upper 447.93
2025-08-19,1,9,2025-08-19 09:30:00-05:00,451.842,2025-08-19 10:00:00-05:00,450.46799999999996,449.94,-123.66,long: close 451.79 > upper 451.36,exit long: close 450.52 < upper 451.48
2025-08-22,1,8,2025-08-22 09:00:00-05:00,451.562,2025-08-22 14:52:00-05:00,456.738,449.43,414.08,long: close 451.46 > upper 451.32,flatten
2025-08-27,1,19,2025-08-27 09:00:00-05:00,455.522,2025-08-27 09:30:00-05:00,455.298,454.63,-42.56,long: close 455.46 > upper 455.28,exit long: close 455.42 < upper 456.23
2025-09-03,-1,15,2025-09-03 09:00:00-05:00,451.868,2025-09-03 09:30:00-05:00,452.152,453.06,-42.6,short: close 451.87 < lower 452.05,exit short: close 452.08 > lower 451.47
2025-09-03,-1,12,2025-09-03 12:00:00-05:00,451.408,2025-09-03 12:30:00-05:00,451.832,452.92,-50.88,short: close 451.47 < lower 451.74,exit short: close 451.78 > lower 451.63
2025-09-04,1,13,2025-09-04 10:30:00-05:00,455.552,2025-09-04 14:52:00-05:00,456.908,454.19,176.28,long: close 455.47 > upper 454.78,flatten
2025-09-05,1,21,2025-09-05 09:00:00-05:00,458.017,2025-09-05 09:09:00-05:00,457.138,457.2,-184.59,long: close 457.93 > upper 457.88,stop
2025-09-05,-1,12,2025-09-05 09:30:00-05:00,454.64799999999997,2025-09-05 14:52:00-05:00,454.642,456.11,0.72,short: close 454.77 < lower 455.61,flatten
2025-09-08,-1,19,2025-09-08 09:00:00-05:00,454.068,2025-09-08 09:30:00-05:00,454.812,454.96000000000004,-141.36,short: close 454.15 < lower 454.31,exit short: close 454.73 > lower 453.63
2025-09-09,1,10,2025-09-09 13:00:00-05:00,458.142,2025-09-09 14:52:00-05:00,457.948,456.40000000000003,-19.4,long: close 458.08 > upper 457.80,flatten
2025-09-10,-1,11,2025-09-10 10:00:00-05:00,455.573,2025-09-10 14:52:00-05:00,455.942,457.16,-40.59,short: close 455.69 < lower 456.26,flatten
2025-09-11,1,15,2025-09-11 09:00:00-05:00,460.242,2025-09-11 14:52:00-05:00,462.228,459.08,297.9,long: close 460.17 > upper 457.53,flatten
2025-09-16,-1,20,2025-09-16 09:00:00-05:00,458.638,2025-09-16 11:00:00-05:00,458.862,459.51,-44.8,short: close 458.76 < lower 459.23,exit short: close 458.80 > lower 458.71
2025-09-17,1,13,2025-09-17 09:00:00-05:00,461.522,2025-09-17 12:00:00-05:00,460.608,460.11,-118.82,long: close 461.42 > upper 460.71,exit long: close 460.69 < upper 461.16
2025-09-17,1,9,2025-09-17 13:30:00-05:00,463.332,2025-09-17 13:35:00-05:00,461.178,461.24,-193.86,long: close 463.24 > upper 461.39,stop
2025-09-18,1,14,2025-09-18 09:30:00-05:00,464.052,2025-09-18 09:52:00-05:00,462.728,462.79,-185.36,long: close 463.96 > upper 462.53,stop
2025-09-18,1,12,2025-09-18 11:30:00-05:00,463.242,2025-09-18 13:00:00-05:00,462.678,461.75,-67.68,long: close 463.19 > upper 462.76,exit long: close 462.75 < upper 463.06
2025-09-23,1,14,2025-09-23 09:00:00-05:00,466.802,2025-09-23 09:34:00-05:00,465.478,465.54,-185.36,long: close 466.74 > upper 465.20,stop
2025-09-24,-1,10,2025-09-24 11:00:00-05:00,461.238,2025-09-24 11:30:00-05:00,461.652,463.05,-41.4,short: close 461.31 < lower 461.38,exit short: close 461.58 > lower 461.37
2025-09-26,1,9,2025-09-26 09:00:00-05:00,463.172,2025-09-26 09:15:00-05:00,461.138,461.2,-183.06,long: close 463.15 > upper 462.30,stop
2025-09-26,1,8,2025-09-26 12:00:00-05:00,462.752,2025-09-26 13:00:00-05:00,462.71799999999996,460.39,-2.72,long: close 462.81 > upper 462.69,exit long: close 462.79 < upper 463.02
2025-10-03,1,13,2025-10-03 09:00:00-05:00,467.53200000000004,2025-10-03 14:52:00-05:00,467.64799999999997,466.14,15.08,long: close 467.44 > upper 466.84,flatten
2025-10-06,-1,12,2025-10-06 09:00:00-05:00,465.168,2025-10-06 10:00:00-05:00,466.422,466.71000000000004,-150.48,short: close 465.27 < lower 466.37,exit short: close 466.34 > lower 466.09
2025-10-07,-1,10,2025-10-07 11:00:00-05:00,465.048,2025-10-07 12:30:00-05:00,465.482,466.89,-43.4,short: close 465.15 < lower 465.35,exit short: close 465.44 > lower 465.32
2025-10-07,-1,10,2025-10-07 13:00:00-05:00,465.113,2025-10-07 13:30:00-05:00,465.342,466.98,-22.9,short: close 465.11 < lower 465.32,exit short: close 465.23 > lower 465.20
2025-10-09,-1,13,2025-10-09 09:00:00-05:00,464.45799999999997,2025-10-09 14:52:00-05:00,463.692,465.8,99.58,short: close 464.57 < lower 464.78,flatten
2025-10-10,-1,8,2025-10-10 10:30:00-05:00,459.358,2025-10-10 14:52:00-05:00,455.922,461.48,274.88,short: close 459.45 < lower 462.22,flatten
2025-10-13,1,6,2025-10-13 09:00:00-05:00,460.012,2025-10-13 09:30:00-05:00,458.768,457.1,-74.64,long: close 460.01 > upper 459.50,exit long: close 458.81 < upper 459.36
2025-10-13,1,5,2025-10-13 10:30:00-05:00,460.85200000000003,2025-10-13 14:00:00-05:00,459.758,457.63,-54.7,long: close 460.79 > upper 459.81,exit long: close 459.80 < upper 460.29
2025-10-14,1,5,2025-10-14 11:30:00-05:00,463.03200000000004,2025-10-14 14:52:00-05:00,462.678,459.3,-17.7,long: close 462.97 > upper 462.57,flatten
2025-10-15,1,8,2025-10-15 09:00:00-05:00,466.082,2025-10-15 10:00:00-05:00,465.628,463.88,-36.32,long: close 466.02 > upper 465.91,exit long: close 465.67 < upper 466.23
2025-10-16,-1,6,2025-10-16 13:30:00-05:00,458.46799999999996,2025-10-16 14:52:00-05:00,459.492,461.37,-61.44,short: close 458.51 < lower 460.13,flatten
2025-10-20,1,8,2025-10-20 09:30:00-05:00,465.117,2025-10-20 11:00:00-05:00,465.288,463.01,13.68,long: close 465.05 > upper 464.71,exit long: close 465.34 < upper 465.71
2025-10-20,1,5,2025-10-20 11:30:00-05:00,466.052,2025-10-20 14:52:00-05:00,467.298,462.84000000000003,62.3,long: close 465.98 > upper 465.82,flatten
2025-10-21,1,12,2025-10-21 09:30:00-05:00,468.54200000000003,2025-10-21 12:00:00-05:00,469.638,467.11,131.52,long: close 468.52 > upper 468.46,exit long: close 469.74 < upper 469.77
2025-10-21,1,6,2025-10-21 13:00:00-05:00,470.142,2025-10-21 13:30:00-05:00,470.02799999999996,467.37,-6.84,long: close 470.09 > upper 469.80,exit long: close 470.09 < upper 470.29
2025-10-22,-1,6,2025-10-22 12:30:00-05:00,465.638,2025-10-22 14:30:00-05:00,466.012,468.48,-22.44,short: close 465.75 < lower 466.37,exit short: close 465.98 > lower 465.85
2025-10-24,1,7,2025-10-24 09:00:00-05:00,471.462,2025-10-24 09:30:00-05:00,470.948,469.01,-35.98,long: close 471.38 > upper 471.12,exit long: close 471.03 < upper 471.29
2025-10-24,1,5,2025-10-24 10:30:00-05:00,472.552,2025-10-24 12:00:00-05:00,472.248,469.27,-15.2,long: close 472.48 > upper 471.95,exit long: close 472.33 < upper 472.81
2025-10-29,1,11,2025-10-29 09:00:00-05:00,480.082,2025-10-29 10:00:00-05:00,479.46799999999996,478.46000000000004,-67.54,long: close 479.93 > upper 479.50,exit long: close 479.53 < upper 480.12
2025-10-30,1,9,2025-10-30 09:00:00-05:00,478.392,2025-10-30 11:00:00-05:00,478.388,476.37,-0.36,long: close 478.34 > upper 477.34,exit long: close 478.46 < upper 478.71
2025-11-03,-1,14,2025-11-03 09:00:00-06:00,473.868,2025-11-03 11:00:00-06:00,474.04200000000003,475.11,-24.36,short: close 473.82 < lower 474.67,exit short: close 474.03 > lower 473.73
2025-11-05,1,15,2025-11-05 09:00:00-06:00,472.182,2025-11-05 09:30:00-06:00,471.658,471.0,-78.6,long: close 472.28 > upper 472.05,exit long: close 471.72 < upper 472.39
2025-11-05,1,9,2025-11-05 11:30:00-06:00,474.012,2025-11-05 14:52:00-06:00,473.638,472.0,-33.66,long: close 473.95 > upper 472.87,flatten
2025-11-06,-1,10,2025-11-06 09:00:00-06:00,470.318,2025-11-06 09:30:00-06:00,471.142,472.04,-82.4,short: close 470.44 < lower 470.87,exit short: close 471.06 > lower 470.57
2025-11-06,-1,9,2025-11-06 10:00:00-06:00,469.46799999999996,2025-11-06 13:30:00-06:00,470.712,471.51,-111.96,short: close 469.53 < lower 470.56,exit short: close 470.65 > lower 470.09
2025-11-07,-1,8,2025-11-07 10:30:00-06:00,465.858,2025-11-07 12:00:00-06:00,466.612,468.19,-60.32,short: close 465.93 < lower 466.42,exit short: close 466.56 > lower 466.32
2025-11-10,1,7,2025-11-10 13:30:00-06:00,473.562,2025-11-10 14:30:00-06:00,473.498,470.91,-4.48,long: close 473.51 > upper 473.50,exit long: close 473.56 < upper 473.65
2025-11-11,1,8,2025-11-11 11:00:00-06:00,476.872,2025-11-11 14:52:00-06:00,479.538,474.76,213.28,long: close 476.82 > upper 476.11,flatten
2025-11-12,1,10,2025-11-12 09:00:00-06:00,484.35200000000003,2025-11-12 10:10:00-06:00,482.538,482.6,-181.4,long: close 484.29 > upper 481.71,stop
2025-11-12,1,8,2025-11-12 10:30:00-06:00,482.72200000000004,2025-11-12 14:52:00-06:00,483.438,480.43,57.28,long: close 482.69 > upper 482.25,flatten
2025-11-13,-1,8,2025-11-13 10:00:00-06:00,479.418,2025-11-13 14:52:00-06:00,475.10200000000003,481.79,345.28,short: close 479.54 < lower 479.72,flatten
2025-11-17,-1,7,2025-11-17 13:00:00-06:00,467.883,2025-11-17 14:52:00-06:00,466.122,470.45,123.27,short: close 467.95 < lower 468.79,flatten
2025-11-18,-1,5,2025-11-18 10:00:00-06:00,459.908,2025-11-18 10:30:00-06:00,462.392,463.58,-124.2,short: close 459.99 < lower 460.56,exit short: close 462.32 > lower 460.36
2025-11-20,1,5,2025-11-20 09:00:00-06:00,468.482,2025-11-20 10:00:00-06:00,467.408,464.97,-53.7,long: close 468.29 > upper 467.73,exit long: close 467.48 < upper 468.09
2025-11-20,-1,4,2025-11-20 11:30:00-06:00,459.548,2025-11-20 12:30:00-06:00,460.742,464.04,-47.76,short: close 459.62 < lower 459.74,exit short: close 460.70 > lower 459.73
2025-11-21,1,6,2025-11-21 11:00:00-06:00,464.10200000000003,2025-11-21 14:52:00-06:00,462.668,461.17,-86.04,long: close 464.03 > upper 461.74,flatten
2025-11-25,1,12,2025-11-25 09:30:00-06:00,466.512,2025-11-25 14:52:00-06:00,471.71799999999996,465.08,624.72,long: close 466.48 > upper 466.43,flatten
2025-11-26,1,13,2025-11-26 09:30:00-06:00,473.382,2025-11-26 13:00:00-06:00,474.858,472.0,191.88,long: close 473.32 > upper 473.06,exit long: close 474.94 < upper 475.21
2025-11-26,1,5,2025-11-26 13:30:00-06:00,475.47200000000004,2025-11-26 14:00:00-06:00,474.978,471.98,-24.7,long: close 475.41 > upper 475.17,exit long: close 475.04 < upper 475.45
2025-11-28,1,15,2025-11-28 09:00:00-06:00,475.842,2025-11-28 11:30:00-06:00,476.618,474.68,116.4,long: close 475.75 > upper 475.72,exit long: close 476.67 < upper 477.59
2025-12-02,1,10,2025-12-02 10:00:00-06:00,476.10200000000003,2025-12-02 10:24:00-06:00,474.278,474.34000000000003,-182.4,long: close 476.00 > upper 475.52,stop
2025-12-03,1,15,2025-12-03 09:30:00-06:00,476.932,2025-12-03 11:00:00-06:00,477.168,475.79,35.4,long: close 476.86 > upper 476.18,exit long: close 477.23 < upper 477.50
2025-12-03,1,6,2025-12-03 11:30:00-06:00,478.47200000000004,2025-12-03 14:52:00-06:00,479.598,475.63,67.56,long: close 478.42 > upper 477.88,flatten
2025-12-05,1,16,2025-12-05 09:00:00-06:00,481.022,2025-12-05 10:00:00-06:00,480.58799999999997,479.90000000000003,-69.44,long: close 480.89 > upper 480.41,exit long: close 480.65 < upper 480.76
2025-12-08,-1,11,2025-12-08 10:00:00-06:00,478.408,2025-12-08 10:30:00-06:00,479.072,479.99,-73.04,short: close 478.47 < lower 478.67,exit short: close 479.02 > lower 478.67
2025-12-08,-1,7,2025-12-08 12:30:00-06:00,477.228,2025-12-08 13:30:00-06:00,477.372,479.75,-10.08,short: close 477.29 < lower 477.73,exit short: close 477.32 > lower 477.16
2025-12-09,1,17,2025-12-09 09:00:00-06:00,479.732,2025-12-09 09:28:00-06:00,478.668,478.73,-180.88,long: close 479.72 > upper 479.10,stop
2025-12-10,1,15,2025-12-10 09:30:00-06:00,477.672,2025-12-10 10:00:00-06:00,477.598,476.54,-11.1,long: close 477.61 > upper 477.42,exit long: close 477.65 < upper 477.84
2025-12-10,1,11,2025-12-10 10:30:00-06:00,478.832,2025-12-10 11:30:00-06:00,478.258,477.17,-63.14,long: close 478.84 > upper 477.94,exit long: close 478.39 < upper 478.82
2025-12-11,1,12,2025-12-11 09:00:00-06:00,483.53200000000004,2025-12-11 14:52:00-06:00,488.08799999999997,482.06,546.72,long: close 483.45 > upper 483.26,flatten
2025-12-12,-1,8,2025-12-12 10:00:00-06:00,486.008,2025-12-12 11:30:00-06:00,485.607,488.11,32.08,short: close 486.17 < lower 486.20,exit short: close 485.52 > lower 485.48
2025-12-16,-1,10,2025-12-16 09:30:00-06:00,482.64799999999997,2025-12-16 10:00:00-06:00,483.732,484.42,-108.4,short: close 482.75 < lower 483.03,exit short: close 483.66 > lower 482.49
2025-12-16,-1,7,2025-12-16 12:00:00-06:00,480.788,2025-12-16 13:00:00-06:00,482.072,483.46000000000004,-89.88,short: close 480.89 < lower 482.13,exit short: close 482.09 > lower 481.93
2025-12-17,1,12,2025-12-17 09:00:00-06:00,484.462,2025-12-17 09:30:00-06:00,483.678,482.98,-94.08,long: close 484.43 > upper 483.86,exit long: close 483.76 < upper 484.28
2025-12-18,1,6,2025-12-18 10:00:00-06:00,484.022,2025-12-18 10:30:00-06:00,483.798,481.02,-13.44,long: close 483.99 > upper 483.99,exit long: close 483.88 < upper 483.93
2025-12-19,1,15,2025-12-19 09:00:00-06:00,482.062,2025-12-19 10:00:00-06:00,481.848,480.88,-32.1,long: close 482.02 > upper 481.73,exit long: close 482.02 < upper 482.39
2025-12-19,1,10,2025-12-19 10:30:00-06:00,482.552,2025-12-19 11:00:00-06:00,482.168,480.76,-38.4,long: close 482.48 > upper 482.34,exit long: close 482.17 < upper 482.45
2025-12-22,1,8,2025-12-22 11:00:00-06:00,483.97200000000004,2025-12-22 11:30:00-06:00,483.6893,481.74,-22.62,long: close 483.86 > upper 483.74,exit long: close 483.72 < upper 484.08
2025-12-22,1,7,2025-12-22 12:00:00-06:00,484.402,2025-12-22 12:30:00-06:00,483.6996,481.99,-49.17,long: close 484.31 > upper 483.93,exit long: close 483.77 < upper 484.10
2025-12-24,1,12,2025-12-24 09:30:00-06:00,486.10200000000003,2025-12-24 14:59:00-06:00,487.018,484.58,109.92,long: close 486.06 > upper 485.71,flatten
2025-12-31,-1,10,2025-12-31 10:00:00-06:00,481.658,2025-12-31 10:30:00-06:00,482.262,483.40000000000003,-60.4,short: close 481.73 < lower 481.89,exit short: close 482.20 > lower 481.70
2026-01-05,1,14,2026-01-05 09:00:00-06:00,489.112,2026-01-05 14:52:00-06:00,489.908,487.88,111.44,long: close 488.89 > upper 485.24,flatten
2026-01-06,1,9,2026-01-06 09:30:00-06:00,491.872,2026-01-06 10:00:00-06:00,491.02799999999996,489.83,-75.96,long: close 491.83 > upper 491.60,exit long: close 491.12 < upper 491.57
2026-01-06,1,9,2026-01-06 10:30:00-06:00,492.232,2026-01-06 14:52:00-06:00,494.848,490.22,235.44,long: close 492.15 > upper 491.57,flatten
2026-01-07,-1,8,2026-01-07 09:30:00-06:00,492.258,2026-01-07 10:30:00-06:00,493.10200000000003,494.56,-67.52,short: close 492.36 < lower 492.82,exit short: close 493.04 > lower 492.74
2026-01-07,-1,6,2026-01-07 12:30:00-06:00,491.858,2026-01-07 14:52:00-06:00,489.91200000000003,494.72,116.76,short: close 491.90 < lower 492.27,flatten
2026-01-08,1,6,2026-01-08 10:00:00-06:00,492.312,2026-01-08 14:00:00-06:00,492.248,489.38,-3.84,long: close 492.19 > upper 491.83,exit long: close 492.32 < upper 492.40
2026-01-09,1,7,2026-01-09 11:00:00-06:00,495.322,2026-01-09 12:00:00-06:00,494.688,492.89,-44.38,long: close 495.25 > upper 495.12,exit long: close 494.78 < upper 495.41
2026-01-13,-1,12,2026-01-13 09:00:00-06:00,493.008,2026-01-13 14:52:00-06:00,491.552,494.49,174.72,short: close 493.06 < lower 494.24,flatten
2026-01-15,1,7,2026-01-15 09:30:00-06:00,494.682,2026-01-15 12:00:00-06:00,494.748,492.2,4.62,long: close 494.61 > upper 494.44,exit long: close 494.84 < upper 495.02
2026-01-15,1,6,2026-01-15 12:30:00-06:00,495.522,2026-01-15 14:00:00-06:00,494.71799999999996,492.5,-48.24,long: close 495.47 > upper 494.99,exit long: close 494.78 < upper 495.13
2026-01-21,1,10,2026-01-21 09:00:00-06:00,488.002,2026-01-21 11:00:00-06:00,487.548,486.19,-45.4,long: close 488.00 > upper 487.12,exit long: close 487.64 < upper 488.12
2026-01-21,1,6,2026-01-21 13:30:00-06:00,490.582,2026-01-21 14:52:00-06:00,490.378,487.52,-12.24,long: close 490.47 > upper 488.37,flatten
2026-01-29,-1,11,2026-01-29 09:30:00-06:00,488.108,2026-01-29 11:00:00-06:00,489.087,489.72,-107.69,short: close 488.19 < lower 488.51,exit short: close 489.01 > lower 488.37
2026-01-29,-1,9,2026-01-29 12:00:00-06:00,487.89799999999997,2026-01-29 12:30:00-06:00,489.202,489.88,-117.36,short: close 487.97 < lower 488.15,exit short: close 489.15 > lower 488.18
2026-01-30,-1,9,2026-01-30 10:30:00-06:00,486.14799999999997,2026-01-30 12:59:00-06:00,488.21200000000005,488.15000000000003,-185.76,short: close 486.22 < lower 487.64,stop
2026-02-02,1,18,2026-02-02 09:00:00-06:00,490.752,2026-02-02 14:52:00-06:00,494.268,489.81,632.88,long: close 490.82 > upper 489.89,flatten
2026-02-03,-1,7,2026-02-03 12:00:00-06:00,490.08799999999997,2026-02-03 14:30:00-06:00,491.452,492.56,-95.48,short: close 490.14 < lower 491.10,exit short: close 491.41 > lower 491.26
2026-02-04,1,8,2026-02-04 09:30:00-06:00,496.142,2026-02-04 11:00:00-06:00,495.258,493.84000000000003,-70.72,long: close 496.07 > upper 495.42,exit long: close 495.36 < upper 495.36
2026-02-05,-1,6,2026-02-05 09:30:00-06:00,488.83799999999997,2026-02-05 11:00:00-06:00,491.462,491.62,-157.44,short: close 488.90 < lower 490.91,exit short: close 491.48 > lower 491.09
2026-02-05,-1,6,2026-02-05 12:30:00-06:00,489.95799999999997,2026-02-05 13:30:00-06:00,491.03200000000004,493.02000000000004,-64.44,short: close 490.03 < lower 490.62,exit short: close 490.97 > lower 490.56
2026-02-06,1,7,2026-02-06 09:00:00-06:00,496.462,2026-02-06 14:52:00-06:00,501.568,493.92,357.42,long: close 496.31 > upper 493.17,flatten
2026-02-10,1,11,2026-02-10 09:00:00-06:00,505.22200000000004,2026-02-10 09:14:00-06:00,503.548,503.63,-184.14,long: close 505.16 > upper 503.37,stop
2026-02-10,1,8,2026-02-10 11:00:00-06:00,504.272,2026-02-10 12:00:00-06:00,503.64799999999997,502.05,-49.92,long: close 504.22 > upper 504.00,exit long: close 503.73 < upper 504.75
2026-02-11,-1,6,2026-02-11 10:00:00-06:00,499.848,2026-02-11 10:30:00-06:00,500.982,502.86,-68.04,short: close 499.96 < lower 500.07,exit short: close 500.95 > lower 500.11
2026-02-12,-1,6,2026-02-12 10:30:00-06:00,496.188,2026-02-12 14:52:00-06:00,494.462,499.06,103.56,short: close 496.26 < lower 499.35,flatten
2026-02-17,-1,15,2026-02-17 09:00:00-06:00,493.618,2026-02-17 10:00:00-06:00,493.802,494.8,-27.6,short: close 493.70 < lower 494.12,exit short: close 493.74 > lower 493.10
2026-02-23,-1,8,2026-02-23 09:00:00-06:00,492.018,2026-02-23 14:52:00-06:00,487.642,494.12,350.08,short: close 492.19 < lower 493.22,flatten
2026-02-24,1,12,2026-02-24 09:00:00-06:00,490.41200000000003,2026-02-24 14:52:00-06:00,492.068,488.93,198.72,long: close 490.35 > upper 489.68,flatten
2026-02-27,-1,4,2026-02-27 09:00:00-06:00,486.8979,2026-02-27 09:30:00-06:00,488.372,490.96000000000004,-58.96,short: close 486.97 < lower 488.23,exit short: close 488.33 > lower 487.32
2026-03-03,-1,3,2026-03-03 09:00:00-06:00,478.39799999999997,2026-03-03 10:00:00-06:00,478.54200000000003,484.39,-4.32,short: close 478.47 < lower 478.71,exit short: close 478.52 > lower 478.10
2026-03-05,-1,4,2026-03-05 10:00:00-06:00,481.58799999999997,2026-03-05 14:52:00-06:00,479.562,485.48,81.04,short: close 481.62 < lower 481.89,flatten
2026-03-06,-1,4,2026-03-06 09:00:00-06:00,470.998,2026-03-06 09:30:00-06:00,473.97200000000004,475.51,-118.96,short: close 471.02 < lower 472.28,exit short: close 473.93 > lower 471.36
2026-03-09,-1,5,2026-03-09 09:00:00-05:00,468.418,2026-03-09 10:00:00-05:00,470.47200000000004,472.11,-102.7,short: close 468.53 < lower 469.37,exit short: close 470.41 > lower 468.93
2026-03-10,-1,11,2026-03-10 09:00:00-05:00,475.518,2026-03-10 09:21:00-05:00,477.262,477.2,-191.84,short: close 475.55 < lower 476.15,stop
2026-03-10,1,9,2026-03-10 10:00:00-05:00,480.582,2026-03-10 11:30:00-05:00,480.048,478.58,-48.06,long: close 480.58 > upper 479.83,exit long: close 480.12 < upper 480.49
2026-03-11,-1,10,2026-03-11 09:00:00-05:00,475.46799999999996,2026-03-11 09:01:00-05:00,477.40200000000004,477.34000000000003,-193.4,short: close 475.64 < lower 475.68,stop
2026-03-11,-1,7,2026-03-11 09:30:00-05:00,474.02799999999996,2026-03-11 09:58:00-05:00,476.59200000000004,476.53000000000003,-179.48,short: close 474.06 < lower 475.05,stop
2026-03-16,1,5,2026-03-16 09:00:00-05:00,472.312,2026-03-16 09:30:00-05:00,471.478,468.84000000000003,-41.7,long: close 472.23 > upper 471.74,exit long: close 471.66 < upper 472.24
2026-03-18,-1,6,2026-03-18 09:30:00-05:00,466.418,2026-03-18 11:30:00-05:00,466.932,469.51,-30.84,short: close 466.51 < lower 466.75,exit short: close 466.89 > lower 466.30
2026-03-20,-1,7,2026-03-20 10:00:00-05:00,457.02799999999996,2026-03-20 10:30:00-05:00,457.147,459.74,-8.33,short: close 457.09 < lower 457.20,exit short: close 457.07 > lower 456.84
2026-03-20,-1,5,2026-03-20 13:30:00-05:00,455.918,2026-03-20 14:52:00-05:00,455.012,459.72,45.3,short: close 456.00 < lower 456.11,flatten
2026-03-23,1,3,2026-03-23 09:00:00-05:00,464.982,2026-03-23 09:30:00-05:00,464.83799999999997,459.97,-4.32,long: close 464.92 > upper 464.66,exit long: close 464.94 < upper 465.04
2026-03-23,1,3,2026-03-23 10:00:00-05:00,465.772,2026-03-23 11:00:00-05:00,462.518,460.72,-97.62,long: close 465.69 > upper 464.69,exit long: close 462.56 < upper 465.11
2026-03-26,-1,6,2026-03-26 13:00:00-05:00,459.438,2026-03-26 13:30:00-05:00,459.982,462.45,-32.64,short: close 459.49 < lower 459.85,exit short: close 459.93 > lower 459.71
2026-03-27,-1,7,2026-03-27 09:00:00-05:00,454.658,2026-03-27 10:00:00-05:00,456.03200000000004,457.06,-96.18,short: close 454.78 < lower 455.95,exit short: close 455.94 > lower 455.87
2026-03-27,-1,7,2026-03-27 11:00:00-05:00,455.498,2026-03-27 14:52:00-05:00,450.72200000000004,458.16,334.32,short: close 455.53 < lower 455.69,flatten
2026-03-31,1,5,2026-03-31 09:00:00-05:00,458.452,2026-03-31 09:30:00-05:00,457.638,454.58,-40.7,long: close 458.45 > upper 458.31,exit long: close 457.70 < upper 458.67
2026-03-31,1,4,2026-03-31 12:00:00-05:00,460.737,2026-03-31 14:52:00-05:00,462.89799999999997,456.69,86.44,long: close 460.62 > upper 458.50,flatten
2026-04-01,1,6,2026-04-01 11:00:00-05:00,467.742,2026-04-01 11:30:00-05:00,466.848,464.98,-53.64,long: close 467.64 > upper 467.35,exit long: close 466.95 < upper 467.62
2026-04-07,-1,9,2026-04-07 09:00:00-05:00,463.568,2026-04-07 09:30:00-05:00,464.632,465.51,-95.76,short: close 463.65 < lower 464.34,exit short: close 464.63 > lower 464.04
2026-04-07,-1,8,2026-04-07 10:00:00-05:00,463.288,2026-04-07 11:30:00-05:00,464.402,465.59000000000003,-89.12,short: close 463.35 < lower 463.98,exit short: close 464.36 > lower 463.97
2026-04-09,1,7,2026-04-09 11:30:00-05:00,481.857,2026-04-09 14:00:00-05:00,481.768,479.3,-6.23,long: close 481.77 > upper 480.87,exit long: close 481.86 < upper 481.88
2026-04-10,-1,9,2026-04-10 11:00:00-05:00,479.438,2026-04-10 13:30:00-05:00,479.682,481.44,-21.96,short: close 479.47 < lower 480.03,exit short: close 479.56 > lower 479.20
2026-04-14,1,11,2026-04-14 09:30:00-05:00,484.122,2026-04-14 12:00:00-05:00,484.608,482.46000000000004,53.46,long: close 484.10 > upper 483.92,exit long: close 484.60 < upper 484.95
2026-04-14,1,6,2026-04-14 13:00:00-05:00,485.202,2026-04-14 13:30:00-05:00,484.633,482.38,-34.14,long: close 485.14 > upper 485.08,exit long: close 484.70 < upper 485.32
2026-04-15,-1,8,2026-04-15 10:00:00-05:00,483.358,2026-04-15 12:00:00-05:00,483.422,485.71000000000004,-5.12,short: close 483.42 < lower 483.68,exit short: close 483.37 > lower 483.16
2026-04-17,1,4,2026-04-17 09:00:00-05:00,493.122,2026-04-17 14:52:00-05:00,494.268,489.12,45.84,long: close 493.05 > upper 492.22,flatten
2026-04-24,-1,14,2026-04-24 09:00:00-05:00,491.368,2026-04-24 10:00:00-05:00,491.402,492.66,-4.76,short: close 491.46 < lower 491.71,exit short: close 491.35 > lower 490.96
2026-04-29,-1,12,2026-04-29 09:00:00-05:00,489.108,2026-04-29 14:52:00-05:00,488.672,490.59000000000003,52.32,short: close 489.20 < lower 489.66,flatten
2026-04-30,1,7,2026-04-30 09:00:00-05:00,492.702,2026-04-30 14:52:00-05:00,497.168,490.27,312.62,long: close 492.57 > upper 492.27,flatten
2026-05-04,-1,6,2026-05-04 10:30:00-05:00,491.158,2026-05-04 14:52:00-05:00,489.29200000000003,494.04,111.96,short: close 491.18 < lower 491.40,flatten
2026-05-06,1,6,2026-05-06 09:00:00-05:00,498.432,2026-05-06 10:30:00-05:00,498.693,495.39,15.66,long: close 498.34 > upper 498.02,exit long: close 498.75 < upper 498.91
2026-05-07,-1,9,2026-05-07 09:30:00-05:00,497.21799999999996,2026-05-07 10:00:00-05:00,498.91200000000003,499.31,-152.46,short: close 497.11 < lower 497.66,exit short: close 498.82 > lower 497.23
2026-05-07,-1,6,2026-05-07 12:00:00-05:00,496.188,2026-05-07 14:52:00-05:00,496.16700000000003,499.21000000000004,1.26,short: close 496.23 < lower 496.73,flatten
2026-05-11,1,15,2026-05-11 09:00:00-05:00,497.212,2026-05-11 09:03:00-05:00,496.008,496.07,-180.6,long: close 497.16 > upper 497.10,stop
2026-05-12,-1,12,2026-05-12 09:00:00-05:00,494.228,2026-05-12 10:45:00-05:00,495.71200000000005,495.65000000000003,-178.08,short: close 494.25 < lower 495.43,stop
2026-05-20,1,8,2026-05-20 10:00:00-05:00,497.512,2026-05-20 10:30:00-05:00,497.303,495.28000000000003,-16.72,long: close 497.49 > upper 497.16,exit long: close 497.33 < upper 497.41
2026-05-20,1,7,2026-05-20 11:00:00-05:00,498.78200000000004,2026-05-20 14:52:00-05:00,500.14799999999997,496.35,95.62,long: close 498.72 > upper 497.35,flatten
2026-05-21,1,8,2026-05-21 12:30:00-05:00,501.982,2026-05-21 14:00:00-05:00,502.058,499.63,6.08,long: close 501.96 > upper 501.86,exit long: close 502.11 < upper 502.33
2026-05-26,-1,10,2026-05-26 12:00:00-05:00,504.288,2026-05-26 13:30:00-05:00,504.4121,506.14,-12.41,short: close 504.38 < lower 504.96,exit short: close 504.33 > lower 504.19
2026-05-27,1,11,2026-05-27 09:30:00-05:00,508.422,2026-05-27 10:30:00-05:00,506.96799999999996,506.74,-159.94,long: close 508.37 > upper 507.27,exit long: close 507.00 < upper 507.22
2026-05-29,1,11,2026-05-29 09:30:00-05:00,509.382,2026-05-29 14:52:00-05:00,510.52799999999996,507.71000000000004,126.06,long: close 509.28 > upper 509.17,flatten
2026-06-02,1,8,2026-06-02 10:30:00-05:00,513.062,2026-06-02 11:30:00-05:00,512.388,510.69,-53.92,long: close 513.02 > upper 512.64,exit long: close 512.47 < upper 512.60
2026-06-02,1,7,2026-06-02 12:00:00-05:00,513.112,2026-06-02 12:30:00-05:00,512.7379999999999,510.73,-26.18,long: close 513.05 > upper 512.64,exit long: close 512.75 < upper 513.01
2026-06-03,-1,6,2026-06-03 11:00:00-05:00,509.573,2026-06-03 12:30:00-05:00,509.492,512.41,4.86,short: close 509.62 < lower 509.78,exit short: close 509.44 > lower 509.40
2026-06-04,1,5,2026-06-04 09:00:00-05:00,515.542,2026-06-04 14:52:00-05:00,516.9879999999999,512.0,72.3,long: close 515.52 > upper 514.47,flatten
2026-06-05,-1,13,2026-06-05 09:00:00-05:00,514.968,2026-06-05 10:00:00-05:00,515.442,516.35,-61.62,short: close 515.02 < lower 515.81,exit short: close 515.36 > lower 515.26
2026-06-05,-1,8,2026-06-05 10:30:00-05:00,514.718,2026-06-05 14:52:00-05:00,510.712,516.82,320.48,short: close 514.70 < lower 515.10,flatten
2026-06-09,1,8,2026-06-09 09:00:00-05:00,512.832,2026-06-09 09:17:00-05:00,510.548,510.61,-182.72,long: close 512.78 > upper 512.43,stop
2026-06-09,-1,6,2026-06-09 10:30:00-05:00,505.668,2026-06-09 12:30:00-05:00,506.857,508.59000000000003,-71.34,short: close 505.72 < lower 507.30,exit short: close 506.70 > lower 506.57
2026-06-10,-1,7,2026-06-10 10:00:00-05:00,504.808,2026-06-10 14:52:00-05:00,501.59700000000004,507.38,224.77,short: close 504.88 < lower 505.90,flatten
2026-06-11,1,4,2026-06-11 12:30:00-05:00,507.22200000000004,2026-06-11 14:52:00-05:00,509.508,503.14,91.44,long: close 506.96 > upper 505.79,flatten
2026-06-16,1,6,2026-06-16 11:00:00-05:00,522.612,2026-06-16 12:30:00-05:00,522.718,519.49,6.36,long: close 522.56 > upper 522.55,exit long: close 522.78 < upper 522.89
2026-06-17,1,17,2026-06-17 09:00:00-05:00,523.292,2026-06-17 09:47:00-05:00,522.178,522.24,-189.38,long: close 523.22 > upper 522.42,stop
2026-06-22,1,10,2026-06-22 09:00:00-05:00,518.367,2026-06-22 09:30:00-05:00,517.228,516.63,-113.9,long: close 518.37 > upper 517.92,exit long: close 517.26 < upper 517.79
2026-06-24,1,14,2026-06-24 09:30:00-05:00,518.7520000000001,2026-06-24 12:30:00-05:00,517.818,517.45,-130.76,long: close 518.66 > upper 517.70,exit long: close 517.88 < upper 519.10
2026-06-24,1,7,2026-06-24 13:30:00-05:00,519.452,2026-06-24 14:00:00-05:00,518.7379999999999,516.98,-49.98,long: close 519.35 > upper 518.88,exit long: close 518.73 < upper 519.12
2026-06-25,1,7,2026-06-25 09:30:00-05:00,525.942,2026-06-25 10:10:00-05:00,523.328,523.39,-182.98,long: close 525.89 > upper 522.40,stop
2026-07-01,1,8,2026-07-01 10:30:00-05:00,524.7620000000001,2026-07-01 13:00:00-05:00,523.348,522.48,-113.12,long: close 524.69 > upper 524.14,exit long: close 523.45 < upper 524.15
2026-07-07,-1,6,2026-07-07 10:00:00-05:00,528.108,2026-07-07 11:00:00-05:00,528.202,531.0600000000001,-5.64,short: close 528.19 < lower 528.30,exit short: close 528.09 > lower 528.03
2026-07-07,-1,7,2026-07-07 13:00:00-05:00,528.468,2026-07-07 13:30:00-05:00,528.912,531.17,-31.08,short: close 528.52 < lower 528.55,exit short: close 528.83 > lower 528.78
2026-07-08,-1,4,2026-07-08 10:00:00-05:00,521.198,2026-07-08 11:30:00-05:00,521.742,525.75,-21.76,short: close 521.15 < lower 521.37,exit short: close 521.65 > lower 521.25
2026-07-13,1,17,2026-07-13 09:00:00-05:00,527.702,2026-07-13 09:05:00-05:00,526.628,526.69,-182.58,long: close 527.62 > upper 526.79,stop
2026-07-13,-1,9,2026-07-13 11:30:00-05:00,523.318,2026-07-13 14:52:00-05:00,524.282,525.23,-86.76,short: close 523.33 < lower 523.87,flatten
2026-07-16,-1,11,2026-07-16 13:00:00-05:00,524.683,2026-07-16 14:52:00-05:00,524.052,526.33,69.41,short: close 524.73 < lower 524.76,flatten
2026-07-20,-1,8,2026-07-20 10:00:00-05:00,519.068,2026-07-20 10:30:00-05:00,519.962,521.32,-71.52,short: close 519.12 < lower 519.16,exit short: close 519.89 > lower 519.27
2026-07-20,-1,9,2026-07-20 12:00:00-05:00,519.038,2026-07-20 14:52:00-05:00,518.052,520.92,88.74,short: close 519.12 < lower 519.52,flatten
2026-07-21,1,8,2026-07-21 09:30:00-05:00,521.152,2026-07-21 10:00:00-05:00,520.338,518.9,-65.12,long: close 521.12 > upper 521.02,exit long: close 520.37 < upper 521.34
2026-07-21,1,7,2026-07-21 10:30:00-05:00,521.292,2026-07-21 14:52:00-05:00,521.348,518.83,3.92,long: close 521.28 > upper 521.24,flatten
2026-07-22,1,13,2026-07-22 09:00:00-05:00,523.652,2026-07-22 09:30:00-05:00,522.338,522.28,-170.82,long: close 523.64 > upper 522.93,exit long: close 522.39 < upper 523.08
2026-07-22,1,11,2026-07-22 12:00:00-05:00,523.347,2026-07-22 12:30:00-05:00,522.168,521.71,-129.69,long: close 523.29 > upper 523.21,exit long: close 522.22 < upper 523.17
2026-07-24,1,9,2026-07-24 10:30:00-05:00,520.182,2026-07-24 13:30:00-05:00,518.299,518.1,-169.47,long: close 520.17 > upper 518.83,exit long: close 518.38 < upper 518.57
2026-07-28,1,4,2026-07-28 11:00:00-05:00,528.1320000000001,2026-07-28 11:30:00-05:00,527.758,523.84,-14.96,long: close 528.07 > upper 528.06,exit long: close 527.78 < upper 528.32
2026-07-28,1,4,2026-07-28 12:00:00-05:00,528.242,2026-07-28 12:30:00-05:00,527.698,524.03,-21.76,long: close 528.20 > upper 527.99,exit long: close 527.79 < upper 527.94
2026-07-29,-1,5,2026-07-29 09:00:00-05:00,520.633,2026-07-29 14:00:00-05:00,521.5120000000001,524.24,-43.95,short: close 520.69 < lower 521.08,exit short: close 521.42 > lower 520.90
2026-07-30,1,5,2026-07-30 13:30:00-05:00,521.092,2026-07-30 14:52:00-05:00,521.258,517.75,8.3,long: close 521.02 > upper 520.45,flatten
2026-08-04,1,3,2026-08-04 11:30:00-05:00,540.482,2026-08-04 14:52:00-05:00,541.1179999999999,534.95,19.08,long: close 540.52 > upper 540.11,flatten
2026-08-05,1,6,2026-08-05 09:00:00-05:00,546.7520000000001,2026-08-05 10:30:00-05:00,544.638,543.8100000000001,-126.84,long: close 546.73 > upper 544.73,exit long: close 544.63 < upper 545.28
2026-08-06,-1,7,2026-08-06 10:30:00-05:00,539.7379999999999,2026-08-06 14:52:00-05:00,537.807,542.38,135.17,short: close 539.75 < lower 540.65,flatten
2026-08-20,-1,5,2026-08-20 13:00:00-05:00,528.678,2026-08-20 14:52:00-05:00,528.107,532.04,28.55,short: close 528.73 < lower 529.00,flatten
2026-08-21,1,8,2026-08-21 10:00:00-05:00,531.092,2026-08-21 10:30:00-05:00,531.048,528.83,-3.52,long: close 531.05 > upper 531.04,exit long: close 531.04 < upper 531.16
2026-08-21,1,7,2026-08-21 11:00:00-05:00,531.532,2026-08-21 11:30:00-05:00,531.158,529.11,-26.18,long: close 531.45 > upper 531.20,exit long: close 531.17 < upper 531.24
2026-08-24,1,17,2026-08-24 09:00:00-05:00,533.832,2026-08-24 10:20:00-05:00,532.758,532.82,-182.58,long: close 533.74 > upper 533.02,stop
2026-08-24,1,13,2026-08-24 10:30:00-05:00,533.802,2026-08-24 12:00:00-05:00,533.318,532.4300000000001,-62.92,long: close 533.78 > upper 533.39,exit long: close 533.37 < upper 533.46
2026-08-26,-1,19,2026-08-26 09:30:00-05:00,533.898,2026-08-26 10:00:00-05:00,534.222,534.8100000000001,-61.56,short: close 534.03 < lower 534.37,exit short: close 534.17 > lower 534.14
2026-08-26,-1,13,2026-08-26 11:30:00-05:00,533.688,2026-08-26 12:30:00-05:00,534.432,535.02,-96.72,short: close 533.79 < lower 533.95,exit short: close 534.23 > lower 533.91
2026-08-27,1,13,2026-08-27 10:00:00-05:00,535.602,2026-08-27 13:30:00-05:00,534.7479999999999,534.28,-111.02,long: close 535.53 > upper 535.22,exit long: close 534.78 < upper 535.41
2026-08-31,-1,12,2026-08-31 09:00:00-05:00,531.608,2026-08-31 14:52:00-05:00,532.052,533.13,-53.28,short: close 531.67 < lower 532.79,flatten
2026-09-02,1,11,2026-09-02 09:00:00-05:00,530.362,2026-09-02 10:30:00-05:00,530.7479999999999,528.74,42.46,long: close 530.31 > upper 530.24,exit long: close 530.74 < upper 530.78
2026-09-03,1,7,2026-09-03 09:00:00-05:00,535.092,2026-09-03 09:30:00-05:00,533.338,532.62,-122.78,long: close 535.01 > upper 534.82,exit long: close 533.49 < upper 535.23
2026-09-03,1,6,2026-09-03 10:30:00-05:00,537.352,2026-09-03 14:52:00-05:00,536.898,534.49,-27.24,long: close 537.29 > upper 535.22,flatten
2026-09-04,-1,8,2026-09-04 10:00:00-05:00,533.038,2026-09-04 11:30:00-05:00,534.312,535.1800000000001,-101.92,short: close 533.09 < lower 533.88,exit short: close 534.31 > lower 533.81
